gene,p_val,avg_log2FC,pct.1,pct.2,p_val_adj,our_annotation
SLC25A30,0.0023603721524353863,-0.1667395147013253,1,1,1,CD8 T cell
WDR11,0.0035314443274071473,0.1440520714567098,1,1,1,CD8 T cell
PLXNB2,0.005489915195820383,-0.1404660578209178,1,1,1,CD8 T cell
ZNF486,0.005752810902664444,0.21317912283139906,1,1,1,CD8 T cell
HNRNPA3,0.00724301472167338,-0.07681694660090566,1,1,1,CD8 T cell
COL7A1,0.008292663067059494,0.02964541198270032,0.667,0.417,1,CD8 T cell
ZRANB3,0.008322933885402343,0.16538870652225457,1,1,1,CD8 T cell
MTIF2,0.009876226224308643,0.1056441411728622,1,1,1,CD8 T cell
DEAF1,0.010681688429611702,-0.12851158493294956,1,1,1,CD8 T cell
RSPH9,0.010732596620585552,0.024247828449381004,0.583,0.5,1,CD8 T cell
CREBRF,0.011729225797534054,-0.1013071451495069,1,1,1,CD8 T cell
ZNF485,0.013321346214213615,0.2064378873240349,1,1,1,CD8 T cell
BBS10,0.014968823269908157,0.20454128459982845,1,1,1,CD8 T cell
MED23,0.015237403648215091,-0.06076217707995377,1,1,1,CD8 T cell
TET2,0.015298520088827816,-0.12708198468610588,1,1,1,CD8 T cell
FAM216A,0.016184744922783163,0.17256062954621765,1,1,1,CD8 T cell
PTS,0.01637124897345911,-0.1598756215521353,1,1,1,CD8 T cell
SRSF9,0.01767037371723613,-0.12111400796854824,1,1,1,CD8 T cell
SLC26A2,0.018129461140822093,0.14936393583040097,1,1,1,CD8 T cell
CSPP1,0.018187901381762902,-0.11043959681662574,1,1,1,CD8 T cell
NELFB,0.019655732311766778,0.13196677209359098,1,1,1,CD8 T cell
PTAR1,0.01991614285001522,-0.07912826549646945,1,1,1,CD8 T cell
TMEM234,0.021536636873733507,0.18430613526374606,1,1,1,CD8 T cell
EPHX1,0.021753355177111005,0.20791994551849635,1,1,1,CD8 T cell
UHRF1,0.021851145829689635,-0.23965788242750552,1,1,1,CD8 T cell
KRIT1,0.022264605483683163,0.11018227999770558,1,1,1,CD8 T cell
TNIP1,0.022626808840177294,-0.09853460804823722,1,1,1,CD8 T cell
SUPT7L,0.024353167337984132,-0.0891824216682065,1,1,1,CD8 T cell
SLC16A13,0.02459535120876374,0.11787361104548211,1,1,1,CD8 T cell
LRIF1,0.024618143329330232,0.17578553489162962,1,1,1,CD8 T cell
COG4,0.024812404957037012,0.15183645992670505,1,1,1,CD8 T cell
GNE,0.025096493341182996,-0.15851999359178004,1,1,1,CD8 T cell
YAF2,0.02549811950991499,-0.09729648958336741,1,1,1,CD8 T cell
TFIP11,0.025922138118946766,0.1635220085813045,1,1,1,CD8 T cell
NT5C2,0.02593544759478166,-0.09404148146763819,1,1,1,CD8 T cell
HERC5,0.02622864346019657,-0.17895334041453814,1,1,1,CD8 T cell
ATAD5,0.02712837731277094,0.16413854544607998,1,1,1,CD8 T cell
IGHG1,0.027561940149187204,-0.13841588431450935,1,1,1,CD8 T cell
CTSS,0.027763585853090415,-0.0823909704414596,1,1,1,CD8 T cell
SOD1,0.02838825001797704,-0.05355283274995515,1,1,1,CD8 T cell
TCL1A,0.029146825125224034,-0.062444813750309525,0.5,0.917,1,CD8 T cell
GALK2,0.029208315986758198,-0.09068164828136685,1,1,1,CD8 T cell
IGIP,0.029720610147421625,0.14424392480213333,1,1,1,CD8 T cell
ZBTB1,0.029720972275123176,-0.12637587924182325,1,1,1,CD8 T cell
SPI1,0.0300368288990591,-0.16793091396478932,1,1,1,CD8 T cell
MKKS,0.030175947297539973,0.18943728108293212,1,1,1,CD8 T cell
MT-ND1,0.03109069662478841,-0.18374374822516848,1,1,1,CD8 T cell
HYAL3,0.03349806423197211,-0.06480866507681116,0.75,1,1,CD8 T cell
ZNF569,0.03361874682566737,0.09904851033347595,1,1,1,CD8 T cell
SLC66A1,0.034063508366961,0.1989510716832288,1,1,1,CD8 T cell
DNM3,0.034558815273858616,0.12038573659335228,1,1,1,CD8 T cell
NBAS,0.03511890266024412,-0.08645698309680419,1,1,1,CD8 T cell
MYNN,0.03519839236297618,0.090682029534261,1,1,1,CD8 T cell
FCER1A,0.03608883270080187,-0.09717320805913499,0.75,0.917,1,CD8 T cell
TMA16,0.03619485342958683,0.14445379178686935,1,1,1,CD8 T cell
PNPLA8,0.03640702382989596,-0.12905540007307148,1,1,1,CD8 T cell
HNRNPR,0.03709448481880207,-0.09258344461231274,1,1,1,CD8 T cell
TAF6L,0.037548666395882106,0.14934841131454668,1,1,1,CD8 T cell
ZFP14,0.03759118506324301,0.14365532009950832,1,1,1,CD8 T cell
PLEKHM3,0.037633793435451014,-0.1106311479847818,1,1,1,CD8 T cell
HSPA5,0.037671731749930805,-0.12969499100337778,1,1,1,CD8 T cell
CORO1A,0.037720167500821744,0.10787099983780912,1,1,1,CD8 T cell
ZNF582,0.03809871382876332,0.12659649259774008,1,1,1,CD8 T cell
LMO2,0.03939642742320018,-0.05204796556053504,1,1,1,CD8 T cell
CSF3R,0.03983037333336245,-0.17634009455634603,1,1,1,CD8 T cell
DAAM1,0.0399312852026869,-0.1286806642293945,1,1,1,CD8 T cell
WDR48,0.040337924833235055,-0.09005479397003974,1,1,1,CD8 T cell
BRSK1,0.04078257425613272,0.19255755330341984,1,1,1,CD8 T cell
ARL11,0.041609925129240874,0.05256821610291462,0.917,0.917,1,CD8 T cell
SLC12A9,0.04180635573596237,-0.09650857115985889,1,1,1,CD8 T cell
KMT2C,0.041942025086441403,-0.06195465011760981,1,1,1,CD8 T cell
UBAP1L,0.041943661519312475,-0.17410437208748375,1,1,1,CD8 T cell
PRPF38A,0.042479068892776715,0.08851265554446464,1,1,1,CD8 T cell
UBTD2,0.042517157394239606,0.16621547799952352,1,1,1,CD8 T cell
ABCC3,0.042521441157483186,0.017915011446644424,0.667,0.417,1,CD8 T cell
ZNF224,0.04305052556803603,0.07369949517842117,1,1,1,CD8 T cell
DBF4,0.04337311955189982,-0.13805503197717028,1,1,1,CD8 T cell
CSF2RA,0.04390777995526689,-0.12565473236047886,0.917,1,1,CD8 T cell
IP6K1,0.04399440761117668,-0.10548717087252744,1,1,1,CD8 T cell
ITFG1,0.04439651442543284,-0.07788360344219797,1,1,1,CD8 T cell
HYAL1,0.04455949231903453,-0.05586161371893095,0.417,0.917,1,CD8 T cell
RAB5IF,0.044727723573690724,-0.06666791572428082,1,1,1,CD8 T cell
BLOC1S6,0.044964372306564505,-0.12176305362060913,1,1,1,CD8 T cell
NHLRC4,0.045687012248687695,0.07099295594474642,1,0.833,1,CD8 T cell
PDS5A,0.045777357228179744,-0.0810311682028915,1,1,1,CD8 T cell
ADGRE3,0.04622454927245272,-0.034902387553280345,0.417,0.583,1,CD8 T cell
SLC25A11,0.046303919841765406,0.08692436472444881,1,1,1,CD8 T cell
ZNF624,0.046734227518226965,0.13900107670002204,1,1,1,CD8 T cell
SLC29A4,0.046774527933085584,0.04359165343685811,0.917,0.667,1,CD8 T cell
RGS19,0.04697766739314086,0.11906914665978008,1,1,1,CD8 T cell
KCMF1,0.04730394802868345,-0.0679927287858571,1,1,1,CD8 T cell
POLR1H,0.047372001403030065,0.10953008267555575,1,1,1,CD8 T cell
PDHX,0.04794172309940225,0.115253562920548,1,1,1,CD8 T cell
PHEX,0.04862641817266728,0.04381937330823282,0.833,0.75,1,CD8 T cell
LIN54,0.04915084193723775,-0.10029347532611632,1,1,1,CD8 T cell
RSF1,0.04924776456556306,-0.060151732240935396,1,1,1,CD8 T cell
DHDDS,0.04924820675549176,0.1300656737722996,1,1,1,CD8 T cell
SERPINE1,0.049260416865057645,0.03693731873936823,0.583,0.417,1,CD8 T cell
THOC6,0.04931580177355618,0.0887918345609211,1,1,1,CD8 T cell
VDAC2,0.04949126014514107,-0.08619479348822781,1,1,1,CD8 T cell
ALDH1A1,0.04995837337476399,-0.10882504383191316,0.75,1,1,CD8 T cell
PTPRK,0.0501431216185561,-0.0823633704115414,0.667,0.833,1,CD8 T cell
MTRR,0.05023343486167492,-0.053869356612577524,1,1,1,CD8 T cell
ADGRE2,0.05115002695292447,-0.06680622076881715,0.75,0.917,1,CD8 T cell
APEX2,0.051173976999491895,0.130170150559056,1,1,1,CD8 T cell
TREML1,0.0514410730251852,0.028918609392936556,0.667,0.667,1,CD8 T cell
FPR1,0.051812756325947534,-0.10454894021168393,1,1,1,CD8 T cell
WASHC5,0.05208479788288525,0.13613787207345407,1,1,1,CD8 T cell
NASP,0.05241564753032068,-0.09062309121783363,1,1,1,CD8 T cell
HK3,0.0526809807584009,-0.1118570670384722,1,1,1,CD8 T cell
EPS8,0.052864348072075844,-0.04049853218183408,0.667,0.833,1,CD8 T cell
PAAF1,0.0529434338500546,0.16782298252314698,1,1,1,CD8 T cell
ZNF449,0.053343127873228875,0.08484898524670581,1,1,1,CD8 T cell
KDM6A,0.053349315471640665,-0.06672734503954991,1,1,1,CD8 T cell
FAM120AOS,0.05366395225624062,0.10101824475105009,1,1,1,CD8 T cell
ALG5,0.05395930060551832,-0.09479558532437693,1,1,1,CD8 T cell
C5AR1,0.05425764878695712,-0.13597727512818736,0.917,1,1,CD8 T cell
PTPN9,0.054695052818058906,0.11046826047708502,1,1,1,CD8 T cell
MTF1,0.05472813748237221,-0.06693505408873068,1,1,1,CD8 T cell
FBXW9,0.05489938120561451,0.11384917477485113,1,1,1,CD8 T cell
ZNF517,0.05494834074698357,0.08293788038636851,1,1,1,CD8 T cell
SYCE3,0.0550346964043914,0.03443096254734579,0.667,0.333,1,CD8 T cell
GLYCTK,0.05509065843082682,0.12149024369300865,1,1,1,CD8 T cell
OSR2,0.05509097587630414,0.025063090720744974,0.583,0.417,1,CD8 T cell
LRRC34,0.055127755340371544,0.1017897525427296,0.833,0.917,1,CD8 T cell
TGFB1I1,0.055760315729387826,0.03120177283060066,0.833,0.583,1,CD8 T cell
SDE2,0.05595091406899039,-0.1116404073543279,1,1,1,CD8 T cell
FAM53C,0.05599728044786928,-0.15715385031168116,1,1,1,CD8 T cell
CDC40,0.05603981098434745,-0.08377413906120101,1,1,1,CD8 T cell
C11orf24,0.05605855946345413,0.15470672262387297,1,1,1,CD8 T cell
CDS1,0.056086636493730205,-0.06704110837305022,0.417,0.833,1,CD8 T cell
MS4A4E,0.056986429983634984,-0.04225918275157836,0.667,0.75,1,CD8 T cell
CRIPT,0.05739439476874997,-0.08480611084643508,1,1,1,CD8 T cell
FBXL22,0.05782507421987926,-0.04884267907116824,0.833,1,1,CD8 T cell
PKD1L1,0.05795405787269007,0.030724711187913645,0.833,0.667,1,CD8 T cell
TNFRSF10B,0.058359021724197525,-0.09741487525077397,1,1,1,CD8 T cell
NICN1,0.05856758559399568,0.1608513392931381,1,1,1,CD8 T cell
SDR39U1,0.05873462294620989,0.09599716897344279,1,1,1,CD8 T cell
MTFMT,0.05893420844647537,-0.08132193093416706,1,1,1,CD8 T cell
RIT1,0.05900843498133399,-0.07096915573197571,1,1,1,CD8 T cell
UBAP1,0.0591028169332507,0.13558553924920613,1,1,1,CD8 T cell
ALKBH3,0.0592127393798091,0.0959079424284992,1,1,1,CD8 T cell
NOL12,0.059853074025725525,-0.0831495368816868,1,1,1,CD8 T cell
LILRB2,0.05989319738023636,-0.09257684874011263,1,1,1,CD8 T cell
GTF2H5,0.060019999343697526,0.16909492115564118,1,1,1,CD8 T cell
ADAM11,0.06067006266942371,0.019985238009801787,0.583,0.25,1,CD8 T cell
SMU1,0.06077208724781595,0.05195066542827598,1,1,1,CD8 T cell
SMC2,0.061291223429952295,0.13126996138346136,1,1,1,CD8 T cell
FBXL5,0.06163926152356037,-0.06058361989394445,1,1,1,CD8 T cell
DOHH,0.062167812191042664,0.1029055698288055,1,1,1,CD8 T cell
RNF185,0.062309400249675066,0.12727541664040465,1,1,1,CD8 T cell
GPAM,0.0625191985729878,0.18454653447564073,1,1,1,CD8 T cell
ADGRG3,0.0626577581601651,-0.05938712864742035,0.917,1,1,CD8 T cell
ENDOV,0.0631028240646587,0.11317132227964066,1,1,1,CD8 T cell
BCKDK,0.06328423761742147,0.12334392313849585,1,1,1,CD8 T cell
LRRK2,0.06336303319359267,-0.10701256846535223,0.917,1,1,CD8 T cell
LIF,0.0634036713704299,-0.08039223595554557,0.75,1,1,CD8 T cell
ADD2,0.06388967132459723,-0.04522090110573718,0.25,0.75,1,CD8 T cell
MUCL1,0.0639214463090859,0.03271906729882401,0.5,0.25,1,CD8 T cell
SUSD2,0.06403486007319298,0.058393187710413574,1,1,1,CD8 T cell
ZNF816,0.0641223713538557,0.06640809162018213,1,1,1,CD8 T cell
SUCLG1,0.06446026841888834,0.12565337746377103,1,1,1,CD8 T cell
STEEP1,0.0646585347741148,-0.10757957727821787,1,1,1,CD8 T cell
EME1,0.06507900431992132,0.0518843011446406,0.917,0.75,1,CD8 T cell
EIF4A2,0.06515256441840907,-0.08028489314515252,1,1,1,CD8 T cell
GPKOW,0.06536838361036855,0.13652888059860163,1,1,1,CD8 T cell
IQCC,0.0657754397268258,0.10962422327142551,1,1,1,CD8 T cell
NRARP,0.06638943390221981,-0.05366542197848956,0.583,0.917,1,CD8 T cell
BLTP2,0.06643363181861019,-0.06357493368534095,1,1,1,CD8 T cell
PRKAR2B,0.06649754944121629,0.12272448327979157,0.917,0.917,1,CD8 T cell
MTA2,0.06656303490300446,0.08358613013587202,1,1,1,CD8 T cell
HYLS1,0.06664830899622107,0.11949393806356423,1,1,1,CD8 T cell
MSS51,0.06678759907482543,0.13310857833925782,1,1,1,CD8 T cell
RASL10B,0.06697395674078459,0.0633380175248508,0.917,0.583,1,CD8 T cell
ZYX,0.06701814224156974,0.1339705920074028,1,1,1,CD8 T cell
FEM1C,0.06733354866319333,-0.09530632429966829,1,1,1,CD8 T cell
TWF1,0.06764920306501705,-0.1374304753071558,1,1,1,CD8 T cell
ZC3H15,0.06855502158168338,-0.061194568153266404,1,1,1,CD8 T cell
CNGA4,0.06876534824104324,0.07321668537167492,1,0.833,1,CD8 T cell
DNAAF4,0.06919093458115042,0.03290047921053274,0.75,0.5,1,CD8 T cell
ARHGAP39,0.06947287694152472,0.06258355043774388,0.917,0.583,1,CD8 T cell
SLC11A1,0.06997279043228073,-0.09670853571318361,1,1,1,CD8 T cell
C7orf25,0.07012211064986747,0.13246883887870764,1,1,1,CD8 T cell
ZNF613,0.07100823045853698,0.2201021620136756,1,1,1,CD8 T cell
VGLL4,0.07119676771943874,-0.07490342384016824,1,1,1,CD8 T cell
SNRPG,0.07158214116853348,0.06497366596003185,1,1,1,CD8 T cell
PRPF4,0.07191238856976293,0.09533415198936201,1,1,1,CD8 T cell
GNB1L,0.07265283459498069,0.11934046071230409,1,1,1,CD8 T cell
LDLRAD3,0.0727361282685197,-0.038352001056612295,0.5,0.833,1,CD8 T cell
TUBGCP5,0.07305083274255163,-0.07628258122517484,1,1,1,CD8 T cell
PNP,0.07367404991733865,0.1515607716952036,1,1,1,CD8 T cell
CNIH3,0.07411129949447288,-0.0316257766876471,0.583,0.75,1,CD8 T cell
PPP1R37,0.0741581304975474,0.10572368320392411,1,1,1,CD8 T cell
RHBDL1,0.07430105832195684,-0.165534020746418,0.917,1,1,CD8 T cell
LENG8,0.07528653278954177,-0.06495844874723344,1,1,1,CD8 T cell
FAM167B,0.07558427343947222,0.08232096874512385,1,0.833,1,CD8 T cell
ANKRD22,0.07594912866606904,0.04449921171736504,0.75,0.333,1,CD8 T cell
ADPRS,0.07709832544143273,0.13425630278714684,1,1,1,CD8 T cell
UBE2B,0.07755910985857889,-0.07528307661090039,1,1,1,CD8 T cell
BCAT1,0.07762792203674573,-0.04942010173196998,0.917,1,1,CD8 T cell
PLEKHM2,0.0783359841810678,-0.14841547516630083,1,1,1,CD8 T cell
SET,0.07852998018107438,-0.08438285470441459,1,1,1,CD8 T cell
SAP18,0.07868514789233677,-0.06055131423836846,1,1,1,CD8 T cell
PUSL1,0.07871664674952936,0.13645017137375115,1,1,1,CD8 T cell
DDX6,0.07911653398054157,-0.07314491733247586,1,1,1,CD8 T cell
WNT2B,0.08002677342319328,0.06794320416651134,1,0.75,1,CD8 T cell
MANSC1,0.08021743028474124,0.03299963185967725,0.75,0.583,1,CD8 T cell
HOXA5,0.08032202359686501,0.047026152494865414,0.833,0.5,1,CD8 T cell
ULK3,0.08113911866879686,0.09374576455925165,1,1,1,CD8 T cell
ZNF415,0.08147826309575626,0.0873203141087906,0.833,0.833,1,CD8 T cell
GLUD1,0.08170964046750985,-0.09156015558721775,1,1,1,CD8 T cell
ADAL,0.08197757200171048,0.096959996477864685,1,1,1,CD8 T cell
CDIPT,0.08235350282641828,-0.032141409347848815,1,1,1,CD8 T cell
WDFY4,0.0826081693631048,-0.050396086805265305,0.667,0.917,1,CD8 T cell
ETS2,0.0827694424577489,-0.1754416082182697,1,1,1,CD8 T cell
ATOX1,0.08288934484765294,-0.08127569066265747,1,1,1,CD8 T cell
ZNF660,0.08301109516072856,0.08438934717896895,1,1,1,CD8 T cell
WEE2,0.08314912272900911,0.019387666489695032,0.5,0.417,1,CD8 T cell
CD68,0.0838494090765136,-0.12099359250488861,1,1,1,CD8 T cell
ZNF90,0.0841768725159324,0.06942473756865564,1,1,1,CD8 T cell
FAM32A,0.08420836926824556,-0.06372722124093555,1,1,1,CD8 T cell
RNLS,0.08427951326965,0.18188285285076367,1,1,1,CD8 T cell
PRDX6,0.08445845239693898,-0.09243972756439053,1,1,1,CD8 T cell
ZNF765,0.08509889576478828,0.147110131914439,1,1,1,CD8 T cell
EZH1,0.08510990994471981,-0.046110511201891524,1,1,1,CD8 T cell
LCMT2,0.0851963977066646,0.15361935171992136,1,1,1,CD8 T cell
MARS2,0.08522158300529424,-0.1523977399525296,1,1,1,CD8 T cell
FBXO43,0.08586062472045333,0.0480177003643254,0.667,0.5,1,CD8 T cell
SUGT1,0.08586981525728117,-0.044137604916781065,1,1,1,CD8 T cell
C6orf89,0.0859861767216681,0.09551757556785065,1,1,1,CD8 T cell
GDPGP1,0.08617060037721837,0.1467503767270295,1,1,1,CD8 T cell
TSPAN5,0.08664144161613074,0.14345000120838503,1,1,1,CD8 T cell
DNLZ,0.08665086971350573,0.08916384495112029,1,1,1,CD8 T cell
ALG14,0.08680850053244513,0.09942622207149565,1,1,1,CD8 T cell
BTG3,0.08703482315776208,-0.13355436748514715,1,1,1,CD8 T cell
TPK1,0.08747795292147321,0.1585700803109985,1,1,1,CD8 T cell
FAM120A,0.08758780445346595,-0.06082655132636705,1,1,1,CD8 T cell
TLNRD1,0.08765918350501774,0.12605321870236952,1,1,1,CD8 T cell
TRIM27,0.08787213508218335,0.11995443762583023,1,1,1,CD8 T cell
GGACT,0.08799173752616492,0.17999278682855824,1,1,1,CD8 T cell
RPP25L,0.08808983917154509,-0.06753979626688356,1,1,1,CD8 T cell
CDK9,0.08820359724213839,0.08033569249466899,1,1,1,CD8 T cell
CD14,0.08821414898834917,-0.059342265647554626,1,1,1,CD8 T cell
ZNF461,0.08834156763105677,0.1056757924414522,1,1,1,CD8 T cell
VPS37C,0.08860878770644635,0.07324496040325146,1,0.75,1,CD8 T cell
MCM6,0.08879384131629015,-0.1609441433955211,1,1,1,CD8 T cell
LSMEM1,0.08891828543707302,0.04928204745969467,0.833,0.917,1,CD8 T cell
PHIP,0.08906374186545586,-0.04439472561368352,1,1,1,CD8 T cell
CMTM1,0.0896037525053476,0.12892004059992956,0.917,1,1,CD8 T cell
CEP95,0.09065243084540144,-0.06006196325005703,1,1,1,CD8 T cell
MFSD2A,0.0908735641970895,-0.0334240733733524,0.5,0.833,1,CD8 T cell
WBP2,0.09105278930761494,-0.09749412181028011,1,1,1,CD8 T cell
GRIPAP1,0.09106282894243937,-0.0419302294690691,1,1,1,CD8 T cell
C1S,0.09114824472598011,0.1253948814693624,1,0.917,1,CD8 T cell
CAMSAP3,0.0917881249374416,0.06734227554016847,0.917,0.833,1,CD8 T cell
LRRC27,0.0918625953451538,0.20291035388211798,1,1,1,CD8 T cell
HOMEZ,0.09193737763688552,0.12154458437871729,1,1,1,CD8 T cell
KLF4,0.09266860252668943,-0.11295181760717066,1,1,1,CD8 T cell
ZHX2,0.09271046926325435,-0.12947743945939577,1,1,1,CD8 T cell
SPC25,0.09323733802187213,-0.09463793642084184,0.75,1,1,CD8 T cell
PPP1R27,0.0933594220276185,-0.02622490755740614,0.417,0.583,1,CD8 T cell
RAB12,0.09357922911255402,-0.07785745724034443,1,1,1,CD8 T cell
PARP16,0.0938676674311075,-0.09799751057978534,1,1,1,CD8 T cell
ITGB5,0.09426018503930804,0.07034008497220468,0.917,0.75,1,CD8 T cell
RNF139,0.09482290681103382,-0.09496918658862519,1,1,1,CD8 T cell
COLGALT1,0.09528125736665502,-0.08530499401264663,1,1,1,CD8 T cell
ATAD2,0.09529573298732098,-0.05470431742413551,1,1,1,CD8 T cell
SMAD2,0.0953051002831705,-0.06337064740018872,1,1,1,CD8 T cell
DHFR,0.09570293477619904,0.12769770754951093,1,1,1,CD8 T cell
PPP4R2,0.09613198572005209,-0.04020537716792316,1,1,1,CD8 T cell
CIAO3,0.09617586024315855,0.085555495878465,1,1,1,CD8 T cell
SRSF10,0.09632556174686425,-0.09510026456879683,1,1,1,CD8 T cell
INTS8,0.0964883431000731,-0.06597826951218315,1,1,1,CD8 T cell
YME1L1,0.09679728735492342,-0.057378107047506344,1,1,1,CD8 T cell
SEC14L2,0.09706302058393873,-0.15157110438972055,1,1,1,CD8 T cell
FPGS,0.09716120744147944,0.1313718159328362,1,1,1,CD8 T cell
LAPTM4A,0.09723651009654263,-0.08681938115570687,1,1,1,CD8 T cell
HMBOX1,0.09730950431618665,-0.06742914469065493,1,1,1,CD8 T cell
LANCL2,0.09731024883720396,0.18627759088869067,1,1,1,CD8 T cell
MTRFR,0.09745994499109867,0.11730011496271153,1,1,1,CD8 T cell
RBM15,0.09766937155240248,-0.07547684037827329,1,1,1,CD8 T cell
MYPOP,0.098020090317848,0.13939662209411097,1,1,1,CD8 T cell
IGBP1,0.09807352092535807,-0.060280856600383736,1,1,1,CD8 T cell
SLC25A2,0.09813805473505112,0.01391722596666467,0.667,0.333,1,CD8 T cell
ZNF394,0.09821548231358596,-0.08549356932844454,1,1,1,CD8 T cell
CCNE2,0.09830880897198088,-0.18690053325539324,1,1,1,CD8 T cell
IRAK3,0.09840093039372645,-0.08796977981232201,1,1,1,CD8 T cell
FURIN,0.09840451798173444,-0.12081612115669538,1,1,1,CD8 T cell
FAAH,0.09873265441118806,-0.1435851144242135,0.917,1,1,CD8 T cell
RNF14,0.09881082804119577,0.09467719095287905,1,1,1,CD8 T cell
TGFBR3,0.0991243765026725,-0.1037086945043697,1,1,1,CD8 T cell
XKR6,0.09929874147510495,0.15170727767844072,1,1,1,CD8 T cell
SCART1,0.09930268075846524,0.1867550025436877,1,1,1,CD8 T cell
TRIM2,0.09941297946345821,0.022328338386960578,0.5,0.333,1,CD8 T cell
AUNIP,0.09981328478681727,0.02479692519698906,0.667,0.5,1,CD8 T cell
SUMO2,0.10036083869107622,-0.09479103234598218,1,1,1,CD8 T cell
SLC16A4,0.10080716526768566,-0.04323398118291388,0.75,1,1,CD8 T cell
RSRC2,0.10092105483081147,-0.04928900438825079,1,1,1,CD8 T cell
MBNL2,0.10120867971142718,-0.0812587126038749,1,1,1,CD8 T cell
ALDH2,0.10131548681726273,-0.03913969856162858,1,0.917,1,CD8 T cell
ASAP1,0.10136913756708354,-0.08528951473902169,1,1,1,CD8 T cell
NLRP2B,0.1017501769289682,0.034914373831639534,0.583,0.333,1,CD8 T cell
MITD1,0.10197514254637997,-0.11557796876531794,1,1,1,CD8 T cell
FBXO32,0.10211882572819815,-0.05491149519910879,1,1,1,CD8 T cell
HMCES,0.1023357713451508,0.04093607427286555,1,1,1,CD8 T cell
CHCHD4,0.10242672674281669,0.12960820933715178,1,1,1,CD8 T cell
ZNF518A,0.10254816345406191,0.08185114473746402,1,1,1,CD8 T cell
ZNF527,0.1027849195875079,0.07037065845150159,1,1,1,CD8 T cell
PCSK6,0.10280524306768371,0.015604702484635524,0.75,0.75,1,CD8 T cell
C6orf120,0.10318271804331301,0.10144901286281138,1,1,1,CD8 T cell
KIAA1328,0.1033092785432347,0.09963555973364141,1,1,1,CD8 T cell
VPS16,0.10346259856375224,0.15902792219413442,1,1,1,CD8 T cell
ZNRD2,0.10421619795763036,-0.08816765792676395,1,1,1,CD8 T cell
TMEM169,0.1045012262637671,0.13107505108825324,1,1,1,CD8 T cell
PELI1,0.10464981495584032,-0.1630486137218361,1,1,1,CD8 T cell
WRAP73,0.1046705032670622,0.15280743261128937,1,1,1,CD8 T cell
GRPEL1,0.10478787822814742,-0.107308678636172,1,1,1,CD8 T cell
ZC3H10,0.10480935474981568,0.10222147565753925,1,1,1,CD8 T cell
ALG11,0.10521051214516874,0.0750009452572411,1,1,1,CD8 T cell
LETM1,0.10525038995809048,-0.07595229721132846,1,1,1,CD8 T cell
SEPTIN1,0.10578978539923924,0.06190640832327521,1,1,1,CD8 T cell
PPP1R2C,0.10584130540906656,0.1140556934488548,0.75,0.667,1,CD8 T cell
DPY19L3,0.10586909628081317,-0.11252872820802584,1,1,1,CD8 T cell
BEND5,0.10608702435379688,0.021668702780143878,0.833,0.667,1,CD8 T cell
ETFDH,0.10629973621357611,0.15965979857197699,1,1,1,CD8 T cell
NGFR,0.10636021555762887,0.14633401492997722,1,0.833,1,CD8 T cell
MTFP1,0.10658024524992904,-0.17656862277715857,1,1,1,CD8 T cell
SELENOP,0.10661516171217818,0.12034265566546809,1,0.917,1,CD8 T cell
SLC35D3,0.10665808696925663,-0.017864403290959174,0,0.5,1,CD8 T cell
PPP1R10,0.10714517184193074,0.1003680908020894,1,1,1,CD8 T cell
COA3,0.10725247566747426,0.12395788454571632,1,1,1,CD8 T cell
GNG11,0.10738315720927882,0.08448182891500533,1,1,1,CD8 T cell
MAP7D2,0.10746337868743278,0.09305868386936744,1,1,1,CD8 T cell
NSG2,0.10777393016941735,0.018477719312583574,0.417,0.167,1,CD8 T cell
CCNI,0.10809522096690999,-0.05057328718982301,1,1,1,CD8 T cell
RPP30,0.10835192346440757,0.09402960080251,1,1,1,CD8 T cell
MNAT1,0.1088716376678617,0.1148437674984486,1,1,1,CD8 T cell
MYBPC2,0.10916757490466578,-0.024214942065801104,0.083,0.5,1,CD8 T cell
FTL,0.10919531188810956,-0.07972353659318543,1,1,1,CD8 T cell
SLC12A2,0.10933962690001618,-0.07850757609283043,1,1,1,CD8 T cell
SLC25A34,0.10968824614971354,0.030027706163134216,0.917,0.833,1,CD8 T cell
ATP11C,0.1097509943468495,-0.07248998485699343,1,1,1,CD8 T cell
FASTKD5,0.10991411942288769,-0.11742284244176465,1,1,1,CD8 T cell
HOXA7,0.11038653082067403,0.023814627730649907,0.583,0.333,1,CD8 T cell
OR52N4,0.1105350051776036,0.12774598969227036,1,1,1,CD8 T cell
UBE2L5,0.11059552893549636,-0.034593655356755626,0.5,0.833,1,CD8 T cell
SUMO4,0.11060846155752886,0.12498093678660283,1,1,1,CD8 T cell
SIMC1,0.11074387190776908,0.09833648802463646,1,1,1,CD8 T cell
SLC25A20,0.1107610545438405,0.24888930720513944,1,1,1,CD8 T cell
ZNF234,0.11119011639419024,0.18967611521618366,1,1,1,CD8 T cell
NCBP2,0.11124747861673293,0.07730934981777647,1,1,1,CD8 T cell
APOA1,0.11126686624763515,0.11229391094550989,1,1,1,CD8 T cell
H1-4,0.11135093045518502,-0.11863995667387953,1,1,1,CD8 T cell
MICOS13,0.11139725192928208,0.07743074712820519,1,1,1,CD8 T cell
PSMD5,0.11148408417329854,-0.04366505204613169,1,1,1,CD8 T cell
SERBP1,0.11163971898694666,-0.10323787565649123,1,1,1,CD8 T cell
VPS37B,0.11173813694190733,-0.094266639995316,1,1,1,CD8 T cell
GABARAPL2,0.11190512451473648,-0.0795342033581085,1,1,1,CD8 T cell
LMNTD2,0.11202171921458458,0.04838084772426621,0.833,1,1,CD8 T cell
C7orf31,0.11238107651618859,0.13669462761820217,1,1,1,CD8 T cell
POLR3A,0.11293551236336974,0.12255823708917446,1,1,1,CD8 T cell
ZNF197,0.1129815468506554,0.10862427207610925,1,1,1,CD8 T cell
LSM2,0.11311011083191982,0.09015152014079186,1,1,1,CD8 T cell
POLR3D,0.11317074656998759,-0.10491637523912023,1,1,1,CD8 T cell
DPAGT1,0.11336151390624263,-0.10773075616385541,1,1,1,CD8 T cell
NFKBIA,0.11336554013584438,-0.14295965305815433,1,1,1,CD8 T cell
CSAD,0.1135372861522516,-0.02894434897608189,1,1,1,CD8 T cell
KIF20A,0.11408941173175496,0.04192436354990736,0.833,0.667,1,CD8 T cell
WDR20,0.11418551707275135,0.07030223210960951,1,1,1,CD8 T cell
SOX7,0.11435694202036474,0.03296589954825491,0.833,0.667,1,CD8 T cell
EXOC1,0.11493297570233893,0.05594383814717288,1,1,1,CD8 T cell
UBE2E1,0.1151293359453291,-0.11236499874779493,1,1,1,CD8 T cell
RNF20,0.11516277957088794,-0.04630891130683934,1,1,1,CD8 T cell
ZC3H12A,0.11522018679228829,-0.15412841248117093,1,1,1,CD8 T cell
C20orf202,0.11534523471467593,0.051525881282302066,0.917,0.667,1,CD8 T cell
RBFOX3,0.11562378155696955,0.0884097333818965,0.917,0.833,1,CD8 T cell
AJUBA,0.11567802366037519,-0.07257705326713015,0.917,0.917,1,CD8 T cell
CACNA1H,0.11602551549197533,0.0894853943831877,0.917,0.833,1,CD8 T cell
ZNF639,0.11613726959670319,-0.09924294062763842,1,1,1,CD8 T cell
CEL,0.11628445618510631,-0.03192166400878316,0.833,1,1,CD8 T cell
BNIP3L,0.11670331269829208,-0.09920792234322304,1,1,1,CD8 T cell
MAP2K4,0.116837462052185,0.0925144235623061,1,1,1,CD8 T cell
GSKIP,0.11712323866197889,0.11232612173022383,1,1,1,CD8 T cell
MANSC4,0.11715540030498309,0.05704885516897207,0.833,0.5,1,CD8 T cell
ACSL1,0.1172097658729774,-0.14222945094323292,1,1,1,CD8 T cell
PFKFB1,0.11747668178978203,0.06033234784259012,1,1,1,CD8 T cell
CLSPN,0.11753203741516295,-0.17180535370463712,0.833,1,1,CD8 T cell
SLC38A7,0.11756453061731688,0.15712691016740377,1,1,1,CD8 T cell
PUS3,0.11761548468827297,0.12075814803912754,1,1,1,CD8 T cell
PSMD7,0.11817769350442657,-0.06564418512752729,1,1,1,CD8 T cell
ID3,0.11824396770387133,-0.10184420262620897,0.917,1,1,CD8 T cell
ITPRIPL1,0.11829618063707446,0.1530081162812943,1,1,1,CD8 T cell
TOB2,0.11830688822074052,0.14144758468687813,1,1,1,CD8 T cell
RABIF,0.11847647462282909,0.11600991134155392,1,1,1,CD8 T cell
DDIT3,0.1187631496488309,-0.11448928626646038,1,1,1,CD8 T cell
TMEM41B,0.11921321475564338,-0.08840995917576139,1,1,1,CD8 T cell
ECRG4,0.11923705328344496,-0.10337404596506117,0.917,0.917,1,CD8 T cell
SIAH2,0.11928432139324657,-0.0957444464806173,1,1,1,CD8 T cell
ADNP,0.11959190256343595,-0.05675028025387595,1,1,1,CD8 T cell
ZNF606,0.11968390069988573,0.17222025887079773,1,1,1,CD8 T cell
CBY3,0.12006600267699258,0.09304336145942704,1,0.75,1,CD8 T cell
MMS22L,0.12056984692427064,0.1280060558861862,1,1,1,CD8 T cell
ZBTB48,0.12085433239449704,-0.08270387531017653,1,1,1,CD8 T cell
MME,0.12087795002740825,-0.04178920496471639,0.167,0.583,1,CD8 T cell
SBDS,0.12109321280403908,-0.1537266357923211,1,1,1,CD8 T cell
EXO5,0.12110382661101994,0.13828544137557497,1,1,1,CD8 T cell
POLR3B,0.12122049531415612,-0.03829627331422425,1,1,1,CD8 T cell
PANO1,0.12122797541832916,0.04772030104154812,0.833,0.667,1,CD8 T cell
FBRS,0.12126109905462115,0.09192427842361539,1,1,1,CD8 T cell
FAM117A,0.1214150201843269,-0.04702270408285236,1,1,1,CD8 T cell
GALK1,0.12193078792987866,0.09186079450410589,1,1,1,CD8 T cell
EEF1AKMT4,0.12232910018869127,0.10585356529264978,1,1,1,CD8 T cell
LAMA3,0.12234146192264204,0.05345172606676396,0.417,0.333,1,CD8 T cell
UFC1,0.12239491746357663,-0.04407241480909141,1,1,1,CD8 T cell
NUDT7,0.12256188268129505,0.1335257381331465,1,1,1,CD8 T cell
YEATS2,0.12283948813011442,-0.09606499062008278,1,1,1,CD8 T cell
TXNL1,0.12291866446183784,-0.05641250201705321,1,1,1,CD8 T cell
NOXRED1,0.12311411578960078,0.059704517818855773,0.833,0.75,1,CD8 T cell
CCDC71,0.1233469554158267,0.1029000848339503,1,1,1,CD8 T cell
MGAT1,0.12345361745704793,0.08347600722480675,1,1,1,CD8 T cell
NECAB3,0.12388516746534031,0.12155779664412902,1,1,1,CD8 T cell
PLXNA1,0.12405165745037197,-0.14022039513435924,1,1,1,CD8 T cell
FAM13B,0.1243203007152392,-0.061266238156180375,1,1,1,CD8 T cell
RAD23B,0.12441869606862692,-0.030376920816406486,1,1,1,CD8 T cell
NUBPL,0.12452619743313331,0.12977786193403462,1,1,1,CD8 T cell
ANAPC11,0.12475537471986811,0.075633649027945,1,1,1,CD8 T cell
GAPVD1,0.12488948363378116,-0.07880609473861216,1,1,1,CD8 T cell
MAU2,0.12523656634054672,-0.13628989092193944,1,1,1,CD8 T cell
BBOF1,0.12524676177416155,0.239144088939776,1,1,1,CD8 T cell
JOSD1,0.12606588810034294,-0.13084467627894897,1,1,1,CD8 T cell
ACTG1,0.1261149627809796,0.12620975377272448,1,1,1,CD8 T cell
IGHA1,0.12619430495729736,-0.06501450859447377,0.833,1,1,CD8 T cell
FAM177A1,0.1264535300523081,-0.08861718688104947,1,1,1,CD8 T cell
CENPA,0.12666813260093024,-0.033538873137517466,0.667,0.917,1,CD8 T cell
VNN1,0.12679306481587393,-0.026784794381965238,0.75,0.75,1,CD8 T cell
DLAT,0.12682036449532927,-0.06908878449656553,1,1,1,CD8 T cell
SNRPD2,0.12701269253324435,-0.09361411919181106,1,1,1,CD8 T cell
TRIM68,0.12732420009863088,0.08597735936242623,1,1,1,CD8 T cell
FAM185A,0.12797929914315018,-0.08883898849818683,1,1,1,CD8 T cell
C7orf50,0.12827894109112528,0.1461975393974967,1,1,1,CD8 T cell
SLC25A15,0.1285554291510672,0.08986392607388449,1,1,1,CD8 T cell
MYCT1,0.12886417968659664,0.015119802648696723,0.417,0.083,1,CD8 T cell
SH2D3C,0.1292035014326833,0.13751179766332655,1,1,1,CD8 T cell
SPCS2,0.12947378444666016,-0.06796808102163049,1,1,1,CD8 T cell
FDXR,0.12967746793537627,0.16058346970874826,1,1,1,CD8 T cell
MXD1,0.12998991434573406,-0.13366154393080865,1,1,1,CD8 T cell
ATP6V0C,0.13011237589182206,-0.07464925863846328,1,1,1,CD8 T cell
FAM218A,0.13027430865533915,0.08445120914611248,1,0.917,1,CD8 T cell
TCIRG1,0.13028217183782814,-0.059415981654530214,1,1,1,CD8 T cell
NSMCE2,0.13058837418458918,0.0764494644387671,1,1,1,CD8 T cell
GINS2,0.13089863266778495,0.15231590803755957,0.917,0.833,1,CD8 T cell
C20orf204,0.1309192251988736,0.08174749140451087,1,0.917,1,CD8 T cell
PKP3,0.13146048274896824,0.042756165245623645,0.75,0.667,1,CD8 T cell
BOP1,0.13179319782834437,-0.12421005563347642,1,1,1,CD8 T cell
NXF1,0.132023890213478,-0.05914238359233794,1,1,1,CD8 T cell
ANKRD13D,0.1320308957989893,0.08030177487030521,1,1,1,CD8 T cell
IPO11,0.13231389970803867,0.0826301974234227,1,1,1,CD8 T cell
P2RX6,0.13243251268042613,0.032496750456052936,0.667,0.417,1,CD8 T cell
NUFIP2,0.13245892946734245,-0.05239495190208787,1,1,1,CD8 T cell
SLC10A4,0.13265798878920268,-0.09057020977870867,1,1,1,CD8 T cell
TRUB1,0.1327620755741688,0.1374593688126472,1,1,1,CD8 T cell
TANC1,0.13277335175147983,0.033333174759587525,0.667,0.5,1,CD8 T cell
GP1BB,0.132792209081366,0.04599646408824887,1,1,1,CD8 T cell
TOPORS,0.13295968686537216,-0.09735074624550771,1,1,1,CD8 T cell
FKBP5,0.13311781284831942,0.33641044099928563,1,1,1,CD8 T cell
KTI12,0.13319578366125176,-0.06836414977943805,1,1,1,CD8 T cell
TAF13,0.1333101353563197,-0.09851498293830885,1,1,1,CD8 T cell
OLIG1,0.13394170391307492,-0.04577398472786598,0.667,0.75,1,CD8 T cell
WDR24,0.13399155517258463,0.11265032947782627,1,1,1,CD8 T cell
NAPSA,0.13400441448581252,-0.04274665252984189,0.667,0.917,1,CD8 T cell
PDLIM7,0.13465970404234018,0.1780403627267959,1,1,1,CD8 T cell
HARS2,0.13475709677392966,0.09442510656013414,1,1,1,CD8 T cell
STMN4,0.13498860744564065,0.018294294686866053,0.667,0.417,1,CD8 T cell
CHD3,0.13505482809999242,-0.056131449794339705,1,1,1,CD8 T cell
SLITRK4,0.1350850949830236,-0.01717695274190012,0.333,0.583,1,CD8 T cell
HIC2,0.13525609385796547,0.11761364525858253,1,1,1,CD8 T cell
PPP1R16B,0.1356999095199127,-0.11618497900823757,1,1,1,CD8 T cell
MORF4L1,0.13598847648015447,-0.0857292474848445,1,1,1,CD8 T cell
CLEC17A,0.13618709339110818,-0.0162117804578914,0.417,0.667,1,CD8 T cell
C16orf54,0.13636408317261325,0.11204085130419711,1,1,1,CD8 T cell
DOK1,0.13664261178319673,0.12555608383807026,1,1,1,CD8 T cell
COPS5,0.13702995444705496,-0.04406576019785807,1,1,1,CD8 T cell
CTRC,0.13786169010029897,0.09685045271385206,1,1,1,CD8 T cell
ALG9,0.13796609857949502,0.11029917446710424,1,1,1,CD8 T cell
CCDC59,0.13829806836491793,-0.10384852376369497,1,1,1,CD8 T cell
KANK3,0.13854478741933607,0.15994033100738791,1,1,1,CD8 T cell
KIFBP,0.13858906682777447,0.1456787424908681,1,1,1,CD8 T cell
NUP155,0.13866161431691026,0.07912248387772042,1,1,1,CD8 T cell
HSPE1,0.13874570854606796,-0.09941179393201649,1,1,1,CD8 T cell
POU2AF1,0.13877192518075565,0.0677978453681356,0.917,0.75,1,CD8 T cell
MFSD1,0.13895462902595193,0.08736158221849163,1,1,1,CD8 T cell
SLC10A5,0.13910914850154457,0.0645770938970065,1,0.833,1,CD8 T cell
METTL23,0.1394388297626355,0.0883724170747282,1,1,1,CD8 T cell
TUBB2A,0.13955914198470254,-0.2052271158479333,1,1,1,CD8 T cell
TBC1D24,0.13956609716154642,0.0523554970991853,1,1,1,CD8 T cell
PAIP2,0.13965581048375328,-0.03329014387898338,1,1,1,CD8 T cell
FASTKD3,0.14015341967602724,0.09467868085205255,1,1,1,CD8 T cell
CTTNBP2NL,0.14016624462075253,0.050458445744661073,0.75,0.5,1,CD8 T cell
QRICH1,0.14019815544981706,-0.050612763293861995,1,1,1,CD8 T cell
KYAT3,0.14026977612769193,0.07310970814043549,1,1,1,CD8 T cell
ZFAND2A,0.14032078051985142,-0.07502446184542227,1,1,1,CD8 T cell
ZNF583,0.1403532779085652,0.0871547183872945,1,1,1,CD8 T cell
YPEL2,0.14047594208693737,-0.10863848463322245,1,1,1,CD8 T cell
PRSS38,0.14058342350578626,0.02797716936698036,0.667,0.333,1,CD8 T cell
RIOK3,0.14073331867219502,-0.07487512354984599,1,1,1,CD8 T cell
TREML2,0.14106916286257518,-0.06676003788307083,0.917,0.917,1,CD8 T cell
MYLK4,0.1411848437998533,0.12295840992076723,1,0.917,1,CD8 T cell
FGFRL1,0.14141624318728319,0.09051747264703991,1,1,1,CD8 T cell
HESX1,0.14150904427398814,0.03524406470248165,0.833,0.75,1,CD8 T cell
EGF,0.1417368986938271,0.017610367089587964,0.583,0.25,1,CD8 T cell
TIPARP,0.14186410941472946,-0.12951777984629748,1,1,1,CD8 T cell
SBNO2,0.1421753185185014,0.1257453208694258,1,1,1,CD8 T cell
HEXIM2,0.1423199527640642,0.13390586269480576,1,1,1,CD8 T cell
PHYHD1,0.1428605980112763,-0.10786731516288306,1,1,1,CD8 T cell
B3GNT9,0.14293881176456705,0.1418454784987695,1,1,1,CD8 T cell
SIAH1,0.14301973053936734,-0.14529904626964701,1,1,1,CD8 T cell
RALGPS1,0.1430843144662459,0.08943626944420824,1,1,1,CD8 T cell
LMF2,0.1431149338477344,0.09688092123886693,1,1,1,CD8 T cell
VPS72,0.1432296434499574,0.09103019713493932,1,1,1,CD8 T cell
CHTF18,0.1433196265160959,0.1177753958349319,1,1,1,CD8 T cell
SFPQ,0.14358519181840618,-0.07126930892091302,1,1,1,CD8 T cell
ERGIC3,0.14370637095753858,0.07277411851159377,1,1,1,CD8 T cell
RFC5,0.14380653348217262,0.08756926658228537,1,1,1,CD8 T cell
ANKRD29,0.14392435812094365,0.0543688205492745,0.917,1,1,CD8 T cell
PABIR2,0.14416126129128798,-0.08652995426242482,1,1,1,CD8 T cell
ZNF667,0.14433355909396173,0.022458369187199345,0.5,0.167,1,CD8 T cell
DYNLT1,0.14451945018693477,-0.10802555021911553,1,1,1,CD8 T cell
SERF2,0.1445668961850162,-0.05160943386646233,1,1,1,CD8 T cell
BUD13,0.14482050714078887,0.1016643628437649,1,1,1,CD8 T cell
CDCP2,0.144917680478268,-0.02423426011528962,0.583,0.833,1,CD8 T cell
PIANP,0.14494212007847782,0.04704683679080279,0.833,0.75,1,CD8 T cell
TNS2,0.1451664345072676,0.035496452545707324,1,0.833,1,CD8 T cell
S100P,0.14535909510919526,0.06363850082975286,1,1,1,CD8 T cell
NEK8,0.14585826045644817,-0.06585432434990635,1,1,1,CD8 T cell
HDDC3,0.145919364194374,0.10290141773992711,1,1,1,CD8 T cell
CSTF2T,0.14594300698894422,0.08840206573722048,1,1,1,CD8 T cell
TBC1D9,0.1461870979461581,-0.040258056796428576,0.75,0.75,1,CD8 T cell
PI4K2A,0.14625769692210228,-0.0924483558951249,1,1,1,CD8 T cell
CDC73,0.1467018073999266,-0.058686982210426786,1,1,1,CD8 T cell
MED22,0.14684551536665402,-0.0956595178128179,1,1,1,CD8 T cell
LACTB2,0.14693882917844756,0.14424802966202654,1,1,1,CD8 T cell
RNF122,0.14698573591434386,0.08252667213770248,1,1,1,CD8 T cell
RBSN,0.147392394993196,0.04427815661734247,0.917,0.833,1,CD8 T cell
MAP3K2,0.14796621630660228,-0.053333649917298,1,1,1,CD8 T cell
GNPDA2,0.14852848610346692,0.09952810670990464,1,1,1,CD8 T cell
PEAR1,0.14854089739256116,-0.013944309533679533,0.167,0.5,1,CD8 T cell
LYRM7,0.14865531909212748,-0.12279730744140616,1,1,1,CD8 T cell
SNTB2,0.14869412557641992,0.08558442578551782,1,1,1,CD8 T cell
EI24,0.14870209695118208,0.1094491984003354,1,1,1,CD8 T cell
CREBBP,0.14883348343229788,-0.0423370928440403,1,1,1,CD8 T cell
TIGD2,0.14884809316731887,0.12213150965936759,1,1,1,CD8 T cell
TEX12,0.14918177639698246,-0.051804355249942535,1,1,1,CD8 T cell
IFI30,0.14968467471433713,-0.1662944830509674,1,1,1,CD8 T cell
FAM98B,0.15019190458223913,0.09016683712080856,1,1,1,CD8 T cell
KCNJ15,0.1502100001103393,-0.018444342159500415,0.167,0.417,1,CD8 T cell
TACC1,0.15082588083359222,0.04119429450275636,1,1,1,CD8 T cell
CEP19,0.1511128463314497,0.13754576038056632,1,1,1,CD8 T cell
CCDC82,0.15115484481454383,0.10656506631314511,1,1,1,CD8 T cell
NDUFB1,0.1513306497111158,0.07947464974696769,1,1,1,CD8 T cell
ABHD13,0.15135415520191134,-0.061105230193571,1,1,1,CD8 T cell
RND1,0.15152105308656336,-0.0969481609556917,0.667,0.917,1,CD8 T cell
C9orf43,0.1515452361749524,0.0030543406103547,0.917,1,1,CD8 T cell
PCSK4,0.15173323290484206,0.014615954430803324,0.5,0.667,1,CD8 T cell
STAP2,0.1518403998788945,-0.0817947410296802,0.75,0.917,1,CD8 T cell
POLM,0.1519278070798069,-0.13702626399986317,1,1,1,CD8 T cell
EBF1,0.15204624401477826,-0.02712017014692325,0.833,0.75,1,CD8 T cell
CDC123,0.15224172790246585,0.08607549226080424,1,1,1,CD8 T cell
ITGAV,0.15244343051321194,-0.1416042327782434,1,1,1,CD8 T cell
IGKC,0.15246011796789558,-0.20901962301071797,1,1,1,CD8 T cell
RHEBL1,0.15271386886097954,-0.11128620961234814,1,1,1,CD8 T cell
SLC50A1,0.1527805478351265,-0.07475852073425782,1,1,1,CD8 T cell
ITSN2,0.15278440185966605,-0.059773219339048334,1,1,1,CD8 T cell
CLEC10A,0.1528393095694611,-0.01648166217377689,0.667,0.833,1,CD8 T cell
BUB1,0.15285036049582149,0.030216271999564892,0.917,1,1,CD8 T cell
MED10,0.152926606254695,-0.0546229563790836,1,1,1,CD8 T cell
NEXMIF,0.15293482498769964,0.0769444877508727,0.75,0.5,1,CD8 T cell
HSBP1,0.1531851181862622,0.05437404598110995,1,1,1,CD8 T cell
SHISA8,0.1532288546476432,0.02238347629932802,0.5,0,1,CD8 T cell
RBBP8,0.1532494470643795,-0.10299200167246703,1,1,1,CD8 T cell
PDE4D,0.15329999147728665,-0.34246795021218013,1,1,1,CD8 T cell
OSER1,0.153309901399799,-0.09762558898505258,1,1,1,CD8 T cell
DCAF11,0.1534659855063679,-0.042718556186139706,1,1,1,CD8 T cell
CGREF1,0.15356031071310305,-0.03249074956873743,0.167,0.667,1,CD8 T cell
ATXN7,0.15388147789083223,-0.05771657587455947,1,1,1,CD8 T cell
NYAP1,0.15388382741074436,0.020334448254813786,0.667,0.583,1,CD8 T cell
HOXA6,0.15390147358081083,0.013242444776012885,0.5,0,1,CD8 T cell
PPP5D1P,0.15470332719701424,0.06205901256686808,0.917,0.583,1,CD8 T cell
IGHM,0.15479000502447687,-0.16678419831394198,1,1,1,CD8 T cell
ZNF274,0.1547980430553812,0.12480367209337184,1,1,1,CD8 T cell
PPTC7,0.15542243706734815,-0.06619663058478314,1,1,1,CD8 T cell
PTGES3,0.15543507681666288,-0.18510243550817274,1,1,1,CD8 T cell
TGFB1,0.1554972392176615,-0.07718550703703508,1,1,1,CD8 T cell
SMPDL3A,0.1555428005040128,-0.009798400948061836,0.667,0.75,1,CD8 T cell
PMAIP1,0.1555870789662217,-0.26375328977830836,1,1,1,CD8 T cell
ATAD3A,0.15569656171000576,-0.1270284830847519,1,1,1,CD8 T cell
TRAPPC12,0.15576514894112978,-0.040981433993821315,1,1,1,CD8 T cell
TNFAIP3,0.15587701090478234,-0.1948228750973131,1,1,1,CD8 T cell
FCER2,0.1560495647384924,-0.022757239656631345,0.5,0.833,1,CD8 T cell
PUDP,0.15611578858301203,-0.06866604159225664,1,1,1,CD8 T cell
NTMT1,0.1561714716660626,0.08911298082541541,1,1,1,CD8 T cell
METRNL,0.1562190876733471,-0.23867641963678476,1,1,1,CD8 T cell
LILRA5,0.15627099756320179,-0.08346946144652323,0.667,1,1,CD8 T cell
PIK3CD,0.1562931264676212,-0.0699406468727013,1,1,1,CD8 T cell
FCGR1A,0.15637049717620938,-0.01640765430621105,0.417,0.5,1,CD8 T cell
CLEC4C,0.15637978183448392,0.020548574151797894,0.667,0.667,1,CD8 T cell
KHDC1,0.15642961690893997,-0.1023182798661475,1,1,1,CD8 T cell
AFG3L2,0.1564441219273148,0.04807423274766953,1,1,1,CD8 T cell
ZNF654,0.1568992592844243,0.0640785172028111,1,1,1,CD8 T cell
FAM186B,0.15725285286251364,0.029373489564330946,0.667,0.5,1,CD8 T cell
H4C11,0.1573138173411886,0.0602761009588324,1,0.917,1,CD8 T cell
STRN,0.15750905115307318,-0.09207458458333484,1,1,1,CD8 T cell
RNF215,0.157604039723493,0.08072557535005576,1,1,1,CD8 T cell
KLHL6,0.15769316424726973,0.16676754125987103,1,1,1,CD8 T cell
OTUD4,0.15778646287680592,-0.03973634606101789,1,1,1,CD8 T cell
CERT1,0.15790849184050038,-0.058956307807800035,1,1,1,CD8 T cell
RAD9B,0.15803953076469543,0.04868387716321809,1,1,1,CD8 T cell
TNFSF13B,0.15813501811837746,-0.09556655123680136,0.917,0.917,1,CD8 T cell
OIP5,0.15830967968131598,-0.051609356646039384,1,1,1,CD8 T cell
EIF1,0.15846013508892887,-0.054953119124407035,1,1,1,CD8 T cell
MS4A4A,0.15908198763965364,-0.009131099276915577,0.583,0.75,1,CD8 T cell
ADAM23,0.15925344823966084,-0.021717264672389103,0.333,0.667,1,CD8 T cell
LMBR1L,0.15926800176027772,-0.0797114870834387,1,1,1,CD8 T cell
BMAL1,0.1594207060291763,-0.07737219920109592,1,1,1,CD8 T cell
NKAPL,0.1594470847306565,0.024139838341191933,0.667,0.417,1,CD8 T cell
TNFSF11,0.1594586288965649,0.014808804971391698,0.583,0.333,1,CD8 T cell
CCDC51,0.1596322141149566,0.12558034991474942,1,1,1,CD8 T cell
POLR2F,0.15993113637300632,-0.08916964119159765,1,1,1,CD8 T cell
DDX49,0.16000668644084048,-0.09243850490069827,1,1,1,CD8 T cell
SLC19A1,0.16001789962649382,-0.09221403749746537,0.917,1,1,CD8 T cell
TXNDC16,0.16011504143776986,-0.08241115619497341,1,1,1,CD8 T cell
EPC1,0.16013718331657256,-0.04589505224965995,1,1,1,CD8 T cell
SNX21,0.16016372956151823,-0.06073652574124466,0.833,1,1,CD8 T cell
ZC2HC1C,0.16023019392643312,-0.01744671155890609,0.667,0.583,1,CD8 T cell
TP53INP2,0.16053240559666804,-0.16740396326165108,1,1,1,CD8 T cell
AIDA,0.16066307069031258,-0.06322368363135078,1,1,1,CD8 T cell
MBD4,0.1609839851459302,-0.0705867114421477,1,1,1,CD8 T cell
SCAF8,0.16104545077497792,-0.050422698241297303,1,1,1,CD8 T cell
HEMGN,0.16177669241423243,0.07133052564042375,1,0.833,1,CD8 T cell
TUSC2,0.16194346531288353,0.12293537815845079,1,1,1,CD8 T cell
IDH3A,0.1619641970872398,-0.05565828444813814,1,1,1,CD8 T cell
USP2,0.16204929031917592,-0.03436256805381932,0.583,0.667,1,CD8 T cell
HNRNPAB,0.16220723586055696,-0.05748331198438744,1,1,1,CD8 T cell
MPEG1,0.1622573593835284,-0.15343061933886037,1,1,1,CD8 T cell
POM121C,0.16247640042495415,-0.11778185812593378,1,1,1,CD8 T cell
ERBB3,0.1625116135153896,0.04030651420948361,0.917,0.917,1,CD8 T cell
TCF12,0.1625142461763278,-0.07077281501006522,1,1,1,CD8 T cell
SH2D3A,0.16286856318082849,0.17904122408473766,1,1,1,CD8 T cell
CCND1,0.16290600195666152,0.09669995837933731,0.917,0.917,1,CD8 T cell
MARCKS,0.1631086632800737,-0.05077401195600029,1,0.917,1,CD8 T cell
PPIP5K2,0.1631289942781798,0.13126603844610443,1,1,1,CD8 T cell
HSF2BP,0.16353017418708757,0.06487182739813857,1,1,1,CD8 T cell
IGF2R,0.1635445764308211,-0.08266233693538594,1,1,1,CD8 T cell
ZNF678,0.1639003095730991,0.10011352201269252,1,1,1,CD8 T cell
THAP1,0.1639105023237218,-0.08203617429189036,1,1,1,CD8 T cell
FAM135A,0.1639537344138523,0.10377993396086005,1,1,1,CD8 T cell
PEX11G,0.16407830872771617,0.07720589137775713,1,0.833,1,CD8 T cell
KPTN,0.16425865965205969,-0.15894219337778148,1,1,1,CD8 T cell
FOXK2,0.16426985821461534,-0.06195638363203937,1,1,1,CD8 T cell
AMZ2,0.16445699698135105,0.07978312386701363,1,1,1,CD8 T cell
ABTB2,0.1649349289122831,-0.05150993767002854,0.833,0.833,1,CD8 T cell
TRMT10A,0.16500397580906082,0.11020761487330599,1,1,1,CD8 T cell
UNC5CL,0.1650064955965665,0.1339114725817372,1,1,1,CD8 T cell
HHLA2,0.16527188685953947,0.03462572762223681,0.917,0.75,1,CD8 T cell
AFTPH,0.16529244084344813,-0.06642477506327943,1,1,1,CD8 T cell
GNL2,0.1653065391327485,0.0942985458109088,1,1,1,CD8 T cell
ZFYVE21,0.16557889553277383,0.11468605523043962,1,1,1,CD8 T cell
CD86,0.16602827482667024,-0.054110632300456096,1,1,1,CD8 T cell
HNRNPH3,0.16629861949403765,-0.050427837843242784,1,1,1,CD8 T cell
SLC9A5,0.16633615453843972,0.035663569444182475,0.75,0.667,1,CD8 T cell
C22orf39,0.16638627822631855,-0.04774819555398491,1,1,1,CD8 T cell
ZFP62,0.16639625224678187,0.11357776515698659,1,1,1,CD8 T cell
EIF2S1,0.16649002321497133,0.06805359989825344,1,1,1,CD8 T cell
RNF34,0.16670273759016713,0.12164015829904118,1,1,1,CD8 T cell
FKBP4,0.16743437195395544,-0.012741920468502643,1,1,1,CD8 T cell
HBA2,0.16745827302403116,0.45848127689171037,0.917,0.75,1,CD8 T cell
FAXDC2,0.16750052548973912,0.030371865822458766,0.75,0.667,1,CD8 T cell
CSNK2A2,0.16755167595340686,-0.06522424038529703,1,1,1,CD8 T cell
ENSG00000285976,0.16763753227996286,-0.06844481653653167,1,1,1,CD8 T cell
SLC25A52,0.16789666214271903,-0.05070026020423235,0.667,0.833,1,CD8 T cell
ENSG00000290796,0.168188555845298,-0.03325539314931669,0.75,0.833,1,CD8 T cell
BIRC3,0.16843664853374835,-0.12489234583771291,1,1,1,CD8 T cell
FGFBP3,0.16864872752074783,0.1674799847232502,1,1,1,CD8 T cell
PIK3C3,0.1687010417656431,-0.04375210708078703,1,1,1,CD8 T cell
SORBS1,0.16880152968999598,0.09206250031144325,0.917,1,1,CD8 T cell
DNAJB13,0.16884992649660327,0.022336781704362263,0.5,0.25,1,CD8 T cell
ACOT13,0.16890620928356379,0.05382686522847169,1,1,1,CD8 T cell
SELENOS,0.1689798002959994,-0.055812072123847645,1,1,1,CD8 T cell
BMS1,0.16933425063793636,0.08127360577054599,1,1,1,CD8 T cell
SPTLC3,0.16933754734637504,-0.04667995085827137,0.5,0.667,1,CD8 T cell
ALOX5,0.16942756566398237,-0.06741930209325986,1,1,1,CD8 T cell
ZNF705A,0.16943426592057226,-0.01335504958464595,0.167,0.583,1,CD8 T cell
TRIM16,0.16956051074847459,0.09528432900979045,1,1,1,CD8 T cell
PDLIM2,0.1697701159200559,0.09932399923061183,1,1,1,CD8 T cell
DHRS9,0.16977780404414455,-0.013251252388322143,0.167,0.417,1,CD8 T cell
TRA2B,0.16997752883348355,-0.05891427365722168,1,1,1,CD8 T cell
BBIP1,0.17016055262121837,0.0762396555269933,1,1,1,CD8 T cell
PIR,0.17020259906210405,-0.021403972695033247,0.333,0.75,1,CD8 T cell
COMMD4,0.1702468267773935,0.1268514123833071,1,1,1,CD8 T cell
PLEKHB2,0.17028891446249347,-0.04617436638679118,1,1,1,CD8 T cell
ZNF883,0.17029190517309653,0.14219027322600697,1,1,1,CD8 T cell
CNOT6L,0.17035051150179656,-0.08162136239681583,1,1,1,CD8 T cell
KIAA0586,0.1706197903049501,-0.01881006735929336,1,1,1,CD8 T cell
PPOX,0.17092799602754458,0.1401865342136861,1,1,1,CD8 T cell
ZSWIM3,0.17097093254286513,0.07907639719023729,1,1,1,CD8 T cell
BABAM2,0.1710380005271073,0.07102382666306556,1,1,1,CD8 T cell
CPO,0.17125102208092596,0.0614882110359396,0.667,0.5,1,CD8 T cell
SETD1B,0.171281840457232,-0.05083784758469867,1,1,1,CD8 T cell
ZSCAN23,0.17131501531726254,0.06219934473558686,0.917,1,1,CD8 T cell
TMEM68,0.17142295164461785,-0.11646926016093964,1,1,1,CD8 T cell
SCRN3,0.17163353777079177,0.11751701347667565,1,1,1,CD8 T cell
PVR,0.17169358072474325,-0.11639262767592262,0.917,1,1,CD8 T cell
ZC4H2,0.17170144936437537,-0.17433711137025298,1,1,1,CD8 T cell
MARCO,0.17185541576901406,0.024802795346012818,0.75,0.5,1,CD8 T cell
PTPN6,0.1718967158135942,0.13023183086401002,1,1,1,CD8 T cell
TMEM160,0.17207423239298975,0.10699807366528624,1,1,1,CD8 T cell
CLEC16A,0.17220032198566482,-0.05813355790439162,1,1,1,CD8 T cell
H1-3,0.17227393112859185,-0.09436437334655778,1,1,1,CD8 T cell
LRRIQ4,0.17228350054530955,-0.010361509795608903,0.167,0.5,1,CD8 T cell
NAGK,0.17257895429844988,-0.07585890838749879,1,1,1,CD8 T cell
UBE2G1,0.17277804440869113,-0.05577764111482619,1,1,1,CD8 T cell
PACRG,0.17307857165934862,0.027693256878194905,0.5,0.417,1,CD8 T cell
KCNJ1,0.1731754086710751,0.01530754975282722,0.75,0.5,1,CD8 T cell
SNX32,0.17318979288246106,0.027643287000050254,0.833,0.75,1,CD8 T cell
PSMB5,0.17327272700135166,0.09839627935171791,1,1,1,CD8 T cell
PRDX4,0.17348540749920238,0.1340979347507032,1,1,1,CD8 T cell
CENPQ,0.17359597197503798,0.12481964874609197,1,1,1,CD8 T cell
PEX12,0.1738737144136471,0.07786945665227218,1,1,1,CD8 T cell
CCNH,0.17396215658679143,-0.08113539884859167,1,1,1,CD8 T cell
ZNF785,0.17406456026568923,0.14080513485290647,1,1,1,CD8 T cell
MGRN1,0.17418563826427824,-0.06651628233896145,1,1,1,CD8 T cell
ZFAND2B,0.17437266018088327,0.0721959538835652,1,1,1,CD8 T cell
PORCN,0.17441000198201798,0.09790305478632755,1,1,1,CD8 T cell
CDNF,0.17458249493675698,0.06449298730822761,1,1,1,CD8 T cell
FBLN5,0.17475287784196727,0.06235804802631506,0.917,0.833,1,CD8 T cell
STK11,0.17506074137831204,0.09021345180848017,1,1,1,CD8 T cell
RNASEL,0.17520187313105987,0.0856305534135755,1,1,1,CD8 T cell
ARSB,0.1752067665420669,-0.13264605903859317,1,1,1,CD8 T cell
SMARCA5,0.17536485437962002,-0.043396610107644173,1,1,1,CD8 T cell
ATP13A1,0.17541386906425468,0.08891407237205567,1,1,1,CD8 T cell
EDRF1,0.1754474506556027,-0.06393131986524025,1,1,1,CD8 T cell
F2,0.17547667030726616,0.013662144584496438,0.5,0.167,1,CD8 T cell
ORAI1,0.17553079477206032,-0.09014052567009101,1,1,1,CD8 T cell
ZNF480,0.17559939475437145,0.11181859438768504,1,1,1,CD8 T cell
NT5DC3,0.17561329566583556,0.12416426406992231,1,1,1,CD8 T cell
BBS4,0.17582956488625034,0.1715259598429495,1,1,1,CD8 T cell
RAB5B,0.1761311196507625,0.037833836632530815,1,1,1,CD8 T cell
SLC12A8,0.17615527540419731,0.07414389679143607,0.917,0.667,1,CD8 T cell
PTGDR,0.1761915073731989,0.14177529223991214,1,1,1,CD8 T cell
ZBTB22,0.1762210692073482,0.1286466912319698,1,1,1,CD8 T cell
TUBB,0.17629059601127547,0.10547016650096663,1,1,1,CD8 T cell
NKX3-1,0.17656231183361148,-0.14567687088859405,1,1,1,CD8 T cell
CYB5D2,0.17666210871683466,0.0740548477653924,1,1,1,CD8 T cell
ABCA2,0.17667432873155536,0.07500437263893,1,1,1,CD8 T cell
GABPB2,0.17676690935377026,0.0636595626325317,1,1,1,CD8 T cell
HIRA,0.1768740389390253,-0.06692179941634016,1,1,1,CD8 T cell
FNIP1,0.1773204281697254,0.08995978017547304,1,1,1,CD8 T cell
RAB11FIP2,0.177442051808298,-0.08053835057318606,1,1,1,CD8 T cell
LSM5,0.17764377817504123,0.09193381988535698,1,1,1,CD8 T cell
THAP9,0.17823479550380325,0.15010754470201526,1,1,1,CD8 T cell
HSF2,0.1782912860242922,-0.11493608008023004,1,1,1,CD8 T cell
SCARF2,0.1783433491030416,-0.05768901605366583,1,1,1,CD8 T cell
PRSS16,0.17868773311180758,0.10479442993892407,0.917,0.917,1,CD8 T cell
NFKBID,0.17904085042762888,0.10726312121079706,1,1,1,CD8 T cell
ANO6,0.17958417392720485,-0.08912870169905307,1,1,1,CD8 T cell
HAUS8,0.1799590530547021,0.09271583982693077,1,1,1,CD8 T cell
GMEB1,0.18036402743443863,0.06519605744234636,1,1,1,CD8 T cell
ZNF665,0.18037195780679907,0.1334753960123134,1,1,1,CD8 T cell
TMEM50A,0.1805667120981246,-0.05168824061999855,1,1,1,CD8 T cell
GUCA2A,0.18057776119844907,-0.03085444490306566,0.167,0.583,1,CD8 T cell
ZMYND10,0.18066793744691784,0.12676534895579694,1,1,1,CD8 T cell
ZSCAN32,0.1809430027939215,0.08277713628682748,1,1,1,CD8 T cell
AIFM1,0.18108235709912904,0.09487350188539523,1,1,1,CD8 T cell
SMC1A,0.18136758942912806,0.04828325395902988,1,1,1,CD8 T cell
KCNMA1,0.1813766433407282,-0.017416107326218455,0.083,0.5,1,CD8 T cell
FAM166A,0.18147156212895307,-0.0396644637135215,0.417,0.833,1,CD8 T cell
RGS9BP,0.18149999598305194,-0.03242078169647655,0.833,0.833,1,CD8 T cell
ZNF585B,0.181589992102691,0.14644000002676605,1,1,1,CD8 T cell
DHX16,0.18187590056283537,0.09403617405152148,1,1,1,CD8 T cell
MOAP1,0.18193055558613877,-0.06674642622321802,1,1,1,CD8 T cell
PROSER1,0.18198927569568932,0.09173815625504755,1,1,1,CD8 T cell
EP400,0.18202873962379382,-0.14832353679934185,1,1,1,CD8 T cell
ELAC1,0.1822215497419627,0.12266349902716378,1,1,1,CD8 T cell
OR52B4,0.18229482312232426,-0.02902529493309336,0.333,0.5,1,CD8 T cell
FBXO4,0.18248271452610357,0.03773562066823333,1,1,1,CD8 T cell
THUMPD3,0.18253186988210282,0.078897355854454565,1,1,1,CD8 T cell
KCNK7,0.18286814211456753,-0.047097216260993946,0.833,0.917,1,CD8 T cell
ZNF425,0.18288783676842021,-0.08863735420896734,0.833,1,1,CD8 T cell
BLM,0.18293290508943597,0.14684569176247697,1,1,1,CD8 T cell
OSBP2,0.18315498181730308,0.11247806296536433,1,1,1,CD8 T cell
TROAP,0.18323188209139493,0.019787173747767284,0.833,0.833,1,CD8 T cell
ZRSR2,0.18331060309654507,-0.11549155305757886,1,1,1,CD8 T cell
RSKR,0.18352041240450007,-0.063054835341942,0.833,1,1,CD8 T cell
WRNIP1,0.18354993202316436,-0.04162840224187142,1,1,1,CD8 T cell
TBL3,0.18365283920792758,0.0485899667385179,1,1,1,CD8 T cell
ST3GAL1,0.18369043553656567,-0.07326287138307419,1,1,1,CD8 T cell
ZNF283,0.1838331104127235,0.13288029589183026,1,1,1,CD8 T cell
MTMR11,0.1838336725067575,-0.007707433095553995,0.583,0.583,1,CD8 T cell
KCNAB3,0.18387940794146426,0.15117926519474967,1,1,1,CD8 T cell
NUMB,0.18430216879477626,0.08952986160266803,1,1,1,CD8 T cell
ZNF225,0.1843386691900186,0.13941645476999875,1,1,1,CD8 T cell
PEX16,0.1843862640697972,0.11383478010321157,1,1,1,CD8 T cell
UTP15,0.18476785869707862,0.053244477659027734,1,1,1,CD8 T cell
CDK16,0.18479117765923553,-0.07221562064562204,1,1,1,CD8 T cell
KATNBL1,0.1850047154057911,0.048008582540765676,1,1,1,CD8 T cell
GORAB,0.1850882050413244,0.1739164416150567,1,1,1,CD8 T cell
DNAJC21,0.18508849290732865,-0.023158042417730174,1,1,1,CD8 T cell
CCDC65,0.18513908178767716,0.09079616752644415,1,1,1,CD8 T cell
CCDC15,0.18540818334145132,0.07117374772046459,1,1,1,CD8 T cell
ZNF625,0.18553793864422116,0.21434988403520805,1,1,1,CD8 T cell
ADAP2,0.18555608416006525,-0.0615416022510602,0.917,0.917,1,CD8 T cell
ARID5B,0.1856230801256798,-0.17191680047845892,1,1,1,CD8 T cell
SLC22A3,0.18564281446226621,-0.04096562736928311,0.25,0.5,1,CD8 T cell
MAPK1IP1L,0.1857075518186817,-0.05726721278904434,1,1,1,CD8 T cell
RBM4,0.1857449404254614,0.061689571004565597,1,1,1,CD8 T cell
FUBP3,0.18576433123495165,0.05587637268097659,1,1,1,CD8 T cell
GIPC2,0.18588352747566936,0.054079729927678954,0.75,0.583,1,CD8 T cell
C1orf167,0.18607234021895927,-0.016696037476643166,0.167,0.583,1,CD8 T cell
CLASP1,0.18622812655538226,-0.031056236961298667,1,1,1,CD8 T cell
CCDC137,0.1862338901890709,0.16305936820743527,1,1,1,CD8 T cell
MASP2,0.18641143568169843,-0.029019994691062312,0.417,0.667,1,CD8 T cell
ASAH1,0.186565485818699,-0.12576197916139153,1,1,1,CD8 T cell
RNF138,0.18664857522034434,-0.07750250790278612,1,1,1,CD8 T cell
POLR1C,0.18673950997228236,0.04724551366028251,1,1,1,CD8 T cell
EMC7,0.1868595285512797,-0.06711143602873182,1,1,1,CD8 T cell
MORF4L2,0.18688427629898485,-0.11081419202216214,1,1,1,CD8 T cell
SPEG,0.18701779499952417,0.06100545492104947,0.917,0.833,1,CD8 T cell
TET1,0.18705930227329498,-0.1388615486854743,1,1,1,CD8 T cell
GLE1,0.18709737566514378,0.06680220992339903,1,1,1,CD8 T cell
FSTL3,0.18733154383119158,0.06918279520297332,0.917,1,1,CD8 T cell
METTL22,0.18736393589641082,0.13011749802858796,1,1,1,CD8 T cell
CDC37L1,0.18739418783068967,0.10519296708181647,1,1,1,CD8 T cell
ENSG00000284691,0.18739475206768272,-0.06091200920296158,1,1,1,CD8 T cell
CCNL1,0.18764140078019897,-0.05016773278803921,1,1,1,CD8 T cell
ENHO,0.1876465656372896,-0.028161711688541757,0.417,0.75,1,CD8 T cell
DCAF15,0.18767287093459417,-0.06422024770915871,1,1,1,CD8 T cell
GPRC5C,0.1878182688330839,-0.0013311215301889945,0.667,0.667,1,CD8 T cell
LRRC37B,0.1878245189753319,-0.0721133145531676,1,1,1,CD8 T cell
CENPN,0.18863423602616453,-0.1064571475180176,1,1,1,CD8 T cell
PIH1D2,0.188826578343964,0.023036972488930996,0.667,0.333,1,CD8 T cell
PCDHGA7,0.18886272637515522,0.08463399765134971,1,0.833,1,CD8 T cell
CR1,0.18955556615278404,-0.06102558367884292,0.917,0.917,1,CD8 T cell
ORMDL1,0.189602518926581,0.039122022624720865,1,1,1,CD8 T cell
RREB1,0.18960554510359215,-0.073443137308691675,1,1,1,CD8 T cell
NAV1,0.18962216757014405,0.07584258392562937,1,1,1,CD8 T cell
PUS7L,0.1896671398606885,0.12391266217766778,1,1,1,CD8 T cell
HAPSTR1,0.19008923978018996,-0.05852324405935305,1,1,1,CD8 T cell
ZNF408,0.19056720285338108,0.05350308882501631,1,1,1,CD8 T cell
RFC1,0.19057078688339038,-0.030090476728398652,1,1,1,CD8 T cell
GORASP1,0.19095462314545802,0.12406546605291524,1,1,1,CD8 T cell
CDK5,0.19121154966445317,0.09362695689779699,1,1,1,CD8 T cell
H1-2,0.19123516950569264,-0.10162462207675516,1,1,1,CD8 T cell
DDX3X,0.19150424354647072,-0.08959791713773901,1,1,1,CD8 T cell
SNUPN,0.1915119044955901,0.06783007502469249,1,1,1,CD8 T cell
CPA3,0.19151191716964464,-0.016983478317057266,0.083,0.417,1,CD8 T cell
INCENP,0.19157164651467345,0.07447075305616158,1,1,1,CD8 T cell
AAGAB,0.1917958931103418,0.05913591234325877,1,1,1,CD8 T cell
PSKH1,0.19184631848870107,0.0533763921192304,1,1,1,CD8 T cell
ANAPC15,0.19185122703124455,0.08987375873686879,1,1,1,CD8 T cell
SNIP1,0.191943339216365,0.0765070393006343,1,1,1,CD8 T cell
C2orf49,0.19195640602190747,-0.011634110718149654,1,1,1,CD8 T cell
MS4A6A,0.19212538087695866,-0.18130515745196885,1,1,1,CD8 T cell
GIMAP6,0.19245952482643433,0.09842562363284935,1,1,1,CD8 T cell
LCMT1,0.19263290305083053,-0.0715502426742789,1,1,1,CD8 T cell
RAD51C,0.19266515882060967,0.11497731675487,1,1,1,CD8 T cell
DDX59,0.19292459248622104,0.1036882376014137,1,1,1,CD8 T cell
CYB5RL,0.1931083448161855,0.1222674727583759,1,1,1,CD8 T cell
PDGFC,0.19319081934919896,-0.02778741376033045,0.583,0.667,1,CD8 T cell
MARVELD1,0.19321466411936788,0.10422043303282358,1,0.917,1,CD8 T cell
TMEM161B,0.19327944140877765,-0.056794547510944315,1,1,1,CD8 T cell
LRRC69,0.19350589594583875,0.08907290180245786,1,1,1,CD8 T cell
ADAM29,0.1935569414951429,-0.031278424881700406,0.417,0.417,1,CD8 T cell
DARS1,0.19358623843474188,0.10074910482623298,1,1,1,CD8 T cell
EEA1,0.1937521387787233,-0.058819484171171665,1,1,1,CD8 T cell
FRS2,0.1938109739814988,-0.07136865399996495,1,1,1,CD8 T cell
EPAS1,0.19388311100514863,-0.07736449803962042,0.917,1,1,CD8 T cell
DAB1,0.19413125032048562,0.050167998036851014,0.833,0.833,1,CD8 T cell
DNAJA3,0.19414696890040736,0.1113230019733058,1,1,1,CD8 T cell
PADI2,0.19415589419676377,-0.028596505715839715,0.75,0.833,1,CD8 T cell
CFD,0.19422608870781294,-0.07906147845785139,1,1,1,CD8 T cell
ATG14,0.19452371024913956,-0.0800253093661335,1,1,1,CD8 T cell
FAM120B,0.19497551956950127,-0.0823350079016385,1,1,1,CD8 T cell
UBA2,0.19519327927423644,0.08838287192906552,1,1,1,CD8 T cell
ATP8B3,0.1952897680515228,0.13542434518760849,1,1,1,CD8 T cell
PTAFR,0.19571838216551507,-0.09213703950533425,1,1,1,CD8 T cell
C17orf113,0.1957445488196264,0.05676100872955203,0.917,0.833,1,CD8 T cell
PDZK1IP1,0.1958620924754446,-0.04092042540949725,0.333,0.667,1,CD8 T cell
PLCD4,0.19589726818782666,-0.01969429116007637,0.417,0.667,1,CD8 T cell
PAXBP1,0.19592569279037805,-0.016990269004004577,1,1,1,CD8 T cell
SHPRH,0.19605503671166022,-0.034146253496327994,1,1,1,CD8 T cell
TMEM198,0.19641862003189067,0.06089572989593606,0.833,0.583,1,CD8 T cell
GSK3B,0.19642296502419807,-0.022133258177929216,1,1,1,CD8 T cell
ERO1B,0.1966616341662361,-0.09709071278475179,1,1,1,CD8 T cell
TMEM268,0.19679756464168616,-0.09743075182405936,1,1,1,CD8 T cell
CASTOR2,0.19696150993285355,-0.1637669108852391,1,1,1,CD8 T cell
RALBP1,0.19743402432275722,-0.042458222368518206,1,1,1,CD8 T cell
ABHD12,0.19765120640464998,-0.057329073597418345,1,1,1,CD8 T cell
DCAF16,0.1978199788752149,-0.04120665687572489,1,1,1,CD8 T cell
SLC15A3,0.19789713618324195,-0.05316955141567936,0.917,0.917,1,CD8 T cell
SPNS2,0.19815339925561662,0.050547143691365815,0.917,0.833,1,CD8 T cell
FARSB,0.19854512837026103,0.09386937701468201,1,1,1,CD8 T cell
H2AC15,0.19855358720654287,-0.03895886988683417,1,0.917,1,CD8 T cell
NFYC,0.19855464362412958,-0.04798740066126317,1,1,1,CD8 T cell
RPN1,0.19870480190587628,-0.07386339652174279,1,1,1,CD8 T cell
NEK2,0.19879985887196336,-0.05776111797066008,0.75,1,1,CD8 T cell
CTNND1,0.1989560818676485,0.06324609110180379,1,1,1,CD8 T cell
PARD6B,0.198999924102354,0.1325182363532833,1,1,1,CD8 T cell
TEX2,0.19914702609633228,0.11821391463071285,1,1,1,CD8 T cell
PKN2,0.19943013286483507,-0.04668229587240638,1,1,1,CD8 T cell
ADH5,0.1994930071333147,0.08413432471679616,1,1,1,CD8 T cell
CWC22,0.1995183233581344,0.04976259946529271,1,1,1,CD8 T cell
ARMC1,0.19958787847394716,0.0666613148411952,1,1,1,CD8 T cell
DHPS,0.200040213244111,-0.05789519446723346,1,1,1,CD8 T cell
RBM23,0.2000881779594091,0.06641444989558155,1,1,1,CD8 T cell
NLRP12,0.20012345908843127,-0.02837360698071567,0.75,0.75,1,CD8 T cell
XPO7,0.20013349661604202,-0.037948974014829495,1,1,1,CD8 T cell
GOT1,0.20021784246938748,0.13586453601820847,1,1,1,CD8 T cell
EPOP,0.20027338326102578,0.06775602249696666,1,1,1,CD8 T cell
DENND2C,0.2002738161291144,0.04593848368274678,1,1,1,CD8 T cell
ARHGAP42,0.20030262292090006,-0.07656391135038909,0.833,1,1,CD8 T cell
CYB5D1,0.20038140747935718,0.12931146178456432,1,1,1,CD8 T cell
TMEM265,0.20063789436936863,0.049493273398168114,1,1,1,CD8 T cell
SNRNP27,0.2007110560538829,-0.09093691001940318,1,1,1,CD8 T cell
AGAP3,0.20090103374248686,-0.10964115515053896,1,1,1,CD8 T cell
ZNF708,0.2010069894749082,0.06247744760925933,1,1,1,CD8 T cell
RNF216,0.2010801149595119,-0.09290152740625746,1,1,1,CD8 T cell
SNTA1,0.2014073361985381,0.1229115644225447,1,1,1,CD8 T cell
RAB2A,0.20178457294924454,-0.05675340749451929,1,1,1,CD8 T cell
CD36,0.20180514512062633,-0.09203193622489625,1,1,1,CD8 T cell
AKR7A2,0.20187480134895522,-0.08603771724359444,1,1,1,CD8 T cell
UNK,0.20209710087475413,0.040605462362210354,1,1,1,CD8 T cell
ADCK5,0.20220159969341214,0.11395781745148081,1,1,1,CD8 T cell
GP6,0.20220794298398945,-0.054921028162733254,0.917,1,1,CD8 T cell
PPIL3,0.20264018903952175,0.11691413695933534,1,1,1,CD8 T cell
WNT11,0.20272551528881858,-0.02872464966613686,0.75,0.667,1,CD8 T cell
FSCN1,0.20286725870085887,-0.017821057599963996,0.583,0.667,1,CD8 T cell
MAP3K12,0.20310005627931874,0.09389756879365208,1,1,1,CD8 T cell
PLXDC2,0.2031963860852235,-0.10468679618072718,1,1,1,CD8 T cell
HK1,0.20319649824854077,0.06426258273571131,1,1,1,CD8 T cell
ZSCAN26,0.20320667338442358,0.12743513752994928,1,1,1,CD8 T cell
AGAP2,0.20336433017657093,0.06957195047113185,1,1,1,CD8 T cell
APMAP,0.20358061595555776,-0.05057386016588916,1,1,1,CD8 T cell
PRR7,0.20389815114674414,0.12268274773487531,1,1,1,CD8 T cell
C2orf76,0.20393890172586943,0.09947338726010391,1,1,1,CD8 T cell
HLTF,0.2039848037906061,0.09351733352463865,1,1,1,CD8 T cell
MDC1,0.20408127315860106,0.07503453848231045,1,1,1,CD8 T cell
CBX8,0.20444273141078947,0.1323718624597756,1,1,1,CD8 T cell
LENG9,0.20449875915859717,0.042891400917601796,1,1,1,CD8 T cell
SGMS2,0.2046466381083719,-0.034422640721976094,0.667,0.833,1,CD8 T cell
SLMAP,0.20465923733817493,-0.02250335664462172,1,1,1,CD8 T cell
RB1CC1,0.20472901722766218,-0.04414663430399968,1,1,1,CD8 T cell
ZNF414,0.20483482061705013,0.0318427282432282,1,1,1,CD8 T cell
PASK,0.20497542336065716,-0.12560743195831536,1,1,1,CD8 T cell
CHERP,0.2050943520771793,0.0801442687360976,1,1,1,CD8 T cell
AGK,0.2052091342086233,0.11104661071089661,1,1,1,CD8 T cell
PRAM1,0.20532716595613554,-0.03020772031732566,0.917,1,1,CD8 T cell
MIEF2,0.20547003788005522,0.05874954684906708,1,1,1,CD8 T cell
NFS1,0.2055354270554914,0.06549280349238373,1,1,1,CD8 T cell
DONSON,0.20557865547286286,-0.025459158627883838,1,1,1,CD8 T cell
FKBP15,0.20559294700614117,-0.016408572668952237,1,1,1,CD8 T cell
ZNF662,0.20573932269637182,0.043558810590057284,0.583,0.583,1,CD8 T cell
ULBP2,0.20606592746136937,-0.025793780413285727,0.833,0.75,1,CD8 T cell
C10orf95,0.20607393476103328,0.08925482794321571,1,0.917,1,CD8 T cell
CUL4A,0.2061187082205117,-0.08528981172134881,1,1,1,CD8 T cell
SNX14,0.20613748389205605,0.06253770037749029,1,1,1,CD8 T cell
ERI2,0.20614178903530228,0.07952071209760092,1,1,1,CD8 T cell
ATP11A,0.20623347672621356,-0.0844127601909519,1,1,1,CD8 T cell
ATG12,0.20626050956808675,-0.0429825122844657,1,1,1,CD8 T cell
PLEKHB1,0.20630762992468463,0.1354552774763862,1,1,1,CD8 T cell
FCRLA,0.20636907528009726,-0.04757301867849062,0.5,0.833,1,CD8 T cell
PHETA2,0.20668573221995162,0.1024537921500075,1,1,1,CD8 T cell
RAP1GAP,0.2067024844709397,0.0014907997670281503,0.5,0.5,1,CD8 T cell
ZNF789,0.20672110261423646,-0.06495124112173745,1,1,1,CD8 T cell
UQCC2,0.20680938182344796,0.1117275258247532,1,1,1,CD8 T cell
DCAF4L1,0.20681034065699852,-0.07567015021988643,1,1,1,CD8 T cell
TMEM132C,0.20683117304295578,0.10109559149902037,1,0.917,1,CD8 T cell
FOXP1,0.20685202593262011,-0.06526542926230694,1,1,1,CD8 T cell
THAP6,0.20693480083565613,0.09656718393799266,1,1,1,CD8 T cell
ARMH2,0.20727676676176238,0.06549068163890714,1,1,1,CD8 T cell
CCSER1,0.20748944541062284,0.03132509616799961,0.5,0.333,1,CD8 T cell
CYBB,0.20749062125809012,-0.12279232579460153,1,1,1,CD8 T cell
PDHB,0.20773455644465258,-0.0511494705078025,1,1,1,CD8 T cell
ANKRD45,0.20783953049732137,0.01399553271200027,0.5,0.333,1,CD8 T cell
RORA,0.20787500811372087,-0.040916951258454404,1,1,1,CD8 T cell
KLF3,0.2079682811893029,-0.06622980189710725,1,1,1,CD8 T cell
CCNO,0.20798648455967997,0.012854625849691104,0.417,0.25,1,CD8 T cell
LRRN3,0.20800721154865837,-0.06591034177446176,0.833,1,1,CD8 T cell
OTOR,0.2080904418949969,0.00965366037688975,0.417,0.25,1,CD8 T cell
TSC22D2,0.20814746020397934,-0.04558316738531665,1,1,1,CD8 T cell
TRIM41,0.2088288334685209,0.08773099192875078,1,1,1,CD8 T cell
SPOPL,0.20884624230685991,-0.06306535780778999,1,1,1,CD8 T cell
CMAS,0.20904492214544784,0.04712514423832903,1,1,1,CD8 T cell
HMSD,0.20919741736688993,-0.013569309671130458,0.5,0.583,1,CD8 T cell
PTPRB,0.2093219839307869,0.07072974057453196,0.75,0.5,1,CD8 T cell
CEBPZ,0.20933927801400293,-0.08545980692880034,1,1,1,CD8 T cell
CDK20,0.20940739679372633,0.12971208090536868,1,1,1,CD8 T cell
MIER1,0.20946178543384464,-0.04063693762053133,1,1,1,CD8 T cell
FBXO45,0.2095996703017256,0.08317331993305221,1,1,1,CD8 T cell
CIC,0.20972989768628192,0.09729244596059808,1,1,1,CD8 T cell
KBTBD6,0.20978935133380675,0.10712715171233,1,1,1,CD8 T cell
HGSNAT,0.21015108294523246,0.11229702274172931,1,1,1,CD8 T cell
TRAPPC11,0.2101527456835803,-0.043822653026624164,1,1,1,CD8 T cell
KMT5A,0.2101547526088362,-0.08486444078940736,1,1,1,CD8 T cell
CKAP5,0.21029075201966257,-0.07174530962967338,1,1,1,CD8 T cell
VSIG2,0.21039093275782136,-0.024815948784065345,0.167,0.667,1,CD8 T cell
ASCC3,0.21058834454292266,-0.06140521015069078,1,1,1,CD8 T cell
TMEM144,0.21074380698874692,0.03691852934772788,0.75,0.667,1,CD8 T cell
MVD,0.21085776829190586,-0.05322876297384049,1,1,1,CD8 T cell
ATAD3C,0.21119329059020897,0.06336523580698694,0.833,0.75,1,CD8 T cell
ARMCX6,0.21147981826189213,-0.079847611010337,1,1,1,CD8 T cell
OR52H1,0.2116130978628948,0.043338751635491946,0.833,0.75,1,CD8 T cell
ACAP2,0.21168895499903762,-0.06313280993565518,1,1,1,CD8 T cell
YARS1,0.2118839127461651,-0.0873714113340816,1,1,1,CD8 T cell
PSAP,0.2120202266100997,-0.08117616591560306,1,1,1,CD8 T cell
TAF3,0.21203799434287474,-0.07915218444073369,1,1,1,CD8 T cell
NCF2,0.21213669508953983,-0.05965847311619177,1,1,1,CD8 T cell
APBB1,0.21230900330936459,0.11445299401814468,1,1,1,CD8 T cell
RUNDC1,0.2127469003850937,0.12236207854694547,1,1,1,CD8 T cell
CSGALNACT2,0.21291280718058708,-0.053821571867771034,1,1,1,CD8 T cell
TENT5C,0.21306334162921547,-0.23195501396111423,1,1,1,CD8 T cell
ATP13A4,0.21306499683363453,0.15363184053575818,1,1,1,CD8 T cell
ARHGEF33,0.21309336131252737,-0.01861861271866605,0.583,0.667,1,CD8 T cell
UBE2F,0.21320935871391508,-0.08335381631749028,1,1,1,CD8 T cell
CRK,0.2132501058929036,0.10168952376074034,1,1,1,CD8 T cell
PPP1R12A,0.2132628930028505,-0.0775498625944877,1,1,1,CD8 T cell
C11orf65,0.2134030688537707,0.055777458965976745,1,1,1,CD8 T cell
PRPF4B,0.21360382807015718,-0.041610561354174846,1,1,1,CD8 T cell
STAG2,0.21376991565456585,-0.047079750438142165,1,1,1,CD8 T cell
STK35,0.2137739349470596,-0.10414416903416646,1,1,1,CD8 T cell
ACAD9,0.2139107849530581,0.07660331169257728,1,1,1,CD8 T cell
C11orf54,0.21411552864476655,0.09645500163747428,1,1,1,CD8 T cell
CYLD,0.2141282952247407,-0.051171031640321996,1,1,1,CD8 T cell
ALG12,0.21422314780333288,0.09860539486931119,1,1,1,CD8 T cell
MOCOS,0.2142817029177447,0.017471798969693086,0.333,0.167,1,CD8 T cell
KLF9,0.214522205874172,-0.0748281505969337,1,1,1,CD8 T cell
TEX9,0.21456898566709745,-0.050734248067310084,0.833,0.917,1,CD8 T cell
NFIL3,0.21483474143229972,-0.21148529097284507,1,1,1,CD8 T cell
CNOT7,0.21503207861607543,-0.07489948016181369,1,1,1,CD8 T cell
PIGL,0.21507336027152896,0.09186530915204447,1,1,1,CD8 T cell
NCAPD3,0.21528453641290954,-0.08831656200938107,1,1,1,CD8 T cell
UBR2,0.21570016401004524,-0.05023812407554207,1,1,1,CD8 T cell
RTL8A,0.21613622879300273,0.1003540232207909,1,1,1,CD8 T cell
AMBRA1,0.2161453587052224,0.04544596571425394,1,1,1,CD8 T cell
PBX2,0.21616348523935103,0.0706438942320815,1,1,1,CD8 T cell
TTLL4,0.21666741547306775,-0.06940568893004384,1,1,1,CD8 T cell
ISCA1,0.21680280932460536,-0.09420059778784506,1,1,1,CD8 T cell
VEGFB,0.21686694417632532,-0.12189052765317676,1,1,1,CD8 T cell
SRCAP,0.2169770066695787,0.06117257050337899,1,1,1,CD8 T cell
UBE2R2,0.21698181977481526,-0.04617131783177597,1,1,1,CD8 T cell
NAA20,0.21704981510208632,0.05600438545567524,1,1,1,CD8 T cell
MORN2,0.21708818108543884,-0.024557398309792866,1,1,1,CD8 T cell
RNMT,0.2171414168488697,-0.05563164552394012,1,1,1,CD8 T cell
ACTR8,0.21720676089841273,0.060222277101366184,1,1,1,CD8 T cell
ZSCAN16,0.21758556004291255,0.04849505529804565,1,1,1,CD8 T cell
BTBD19,0.21768793368528158,-0.02319777000774126,0.667,0.917,1,CD8 T cell
NXPE2,0.21778764214351012,-0.019431101697987785,0.083,0.5,1,CD8 T cell
JADE2,0.21790101606317136,-0.08223486893713719,1,1,1,CD8 T cell
PRDM11,0.21822291610553834,-0.12772629117278278,1,1,1,CD8 T cell
FMO4,0.2183167764036366,0.1078057754365207,1,1,1,CD8 T cell
FXR1,0.21885263326897858,-0.07995609458148228,1,1,1,CD8 T cell
DICER1,0.21921117329145548,-0.06754095711697633,1,1,1,CD8 T cell
MN1,0.21924414006981527,0.03913348480103718,0.75,0.75,1,CD8 T cell
ZNF492,0.2194225851122846,-0.058939010659889934,0.667,0.75,1,CD8 T cell
HDAC4,0.21984183430810453,0.11110330200170604,1,1,1,CD8 T cell
EDC3,0.21985002068269016,0.04434097898259248,1,1,1,CD8 T cell
PATL1,0.2198733964145092,0.08307032599062256,1,1,1,CD8 T cell
BRD3,0.21987830067402694,-0.064818199941449,1,1,1,CD8 T cell
LRRC46,0.22032586456095715,-0.06098867100262062,1,0.917,1,CD8 T cell
ZNRF3,0.22033384412176008,-0.050370001869050274,0.917,0.917,1,CD8 T cell
BMP1,0.22033913531079372,0.08778832051906527,1,1,1,CD8 T cell
COIL,0.22076279816382097,-0.09604166490816402,1,1,1,CD8 T cell
RPRD2,0.22088714490223066,-0.0406575013160243,1,1,1,CD8 T cell
FBXL20,0.2212322123587808,-0.07642386851877803,1,1,1,CD8 T cell
MOB2,0.22134716420685785,-0.06894091317605322,1,1,1,CD8 T cell
ZER1,0.221386072301418,-0.038721886024324415,1,1,1,CD8 T cell
UVSSA,0.22145738736491366,0.05476857908070776,1,1,1,CD8 T cell
GASK1A,0.22151136503899257,0.010378987676955997,0.5,0.25,1,CD8 T cell
PPIG,0.2216806063017867,0.06112863317171546,1,1,1,CD8 T cell
GIMAP7,0.22175291220126003,0.10272708386245721,1,1,1,CD8 T cell
CDK13,0.22175669398491582,-0.03688822664611957,1,1,1,CD8 T cell
ANAPC16,0.22176774479134984,0.08548084143716306,1,1,1,CD8 T cell
ZFP69,0.22186342539479786,0.07244446357564716,1,1,1,CD8 T cell
CEP89,0.22199680349588607,-0.15907384128906354,1,1,1,CD8 T cell
CFAP206,0.22204329743706663,0.03967057996179646,0.667,0.583,1,CD8 T cell
ZBTB47,0.22212318711902904,0.14817418819945827,1,0.917,1,CD8 T cell
MAPK9,0.22219618479998213,0.060956336957132706,1,1,1,CD8 T cell
FLI1,0.22230054702506047,0.07156848308905994,1,1,1,CD8 T cell
NLE1,0.22240273716448355,0.06772110251257502,1,1,1,CD8 T cell
FAM210B,0.22248634849878102,-0.1355343131850466,1,1,1,CD8 T cell
PDK1,0.22250407653530344,-0.0843929888777839,1,1,1,CD8 T cell
CCNP,0.22252123343822108,-0.002987211139366508,0.833,0.75,1,CD8 T cell
CSTA,0.2226399157341327,-0.19108506928314517,1,1,1,CD8 T cell
CCDC116,0.22271587256298392,-0.04114787505014306,0.583,0.833,1,CD8 T cell
MLLT11,0.2227233454131655,0.0952468531800732,1,1,1,CD8 T cell
RDH10,0.2229415151887497,-0.12731887389487828,1,1,1,CD8 T cell
RYBP,0.22317465817996313,-0.010206025099964156,1,1,1,CD8 T cell
CRLF3,0.2232665762060865,0.077933582780773,1,1,1,CD8 T cell
ICAM5,0.2233853457103254,0.026036422728275888,0.833,0.583,1,CD8 T cell
BID,0.2234975769763566,0.09495690341436425,1,1,1,CD8 T cell
CCND3,0.22360627172874112,0.1056000272055595,1,1,1,CD8 T cell
FEZ2,0.22366040593138856,0.10246830278479302,1,1,1,CD8 T cell
TIMM50,0.22372169923097154,0.04963831504309324,1,1,1,CD8 T cell
DHRS11,0.223777962697444,0.04288019618079053,1,1,1,CD8 T cell
ZNF317,0.22382572890448182,0.09838850059852089,1,1,1,CD8 T cell
NEMP1,0.2238870494573535,-0.06568471470914727,1,1,1,CD8 T cell
LAYN,0.22390803873510406,-0.039879523339079626,0.333,0.583,1,CD8 T cell
C19orf25,0.2240347071303249,0.09016865277721564,1,1,1,CD8 T cell
ALPK3,0.22406317003988388,-0.06623721309962871,0.833,0.917,1,CD8 T cell
TMED2,0.2243694181605396,-0.07721314062343071,1,1,1,CD8 T cell
IFNE,0.22445270575753798,0.026825249996991207,0.5,0.25,1,CD8 T cell
POLR2H,0.22487448131340984,0.0500188835786369,1,1,1,CD8 T cell
TTBK2,0.22496077458473807,-0.0821055481663433,1,1,1,CD8 T cell
C11orf80,0.22526059612599927,-0.10361085165871975,1,1,1,CD8 T cell
RPAIN,0.22527850080050726,0.05714506773227224,1,1,1,CD8 T cell
DCUN1D3,0.22528749527998415,0.05241989243608369,1,1,1,CD8 T cell
FOSL1,0.22537535122580765,0.010714757133564845,0.833,0.917,1,CD8 T cell
ZNF202,0.22551278882683606,0.051470010048307424,1,1,1,CD8 T cell
SHFL,0.22561983733184898,-0.05691236926845114,1,1,1,CD8 T cell
WASF2,0.22564092577978037,-0.04763824815256934,1,1,1,CD8 T cell
ZDHHC12,0.22581074061218906,0.08322833283873599,1,1,1,CD8 T cell
HHIPL2,0.22592359336823892,0.06140418968293959,1,0.833,1,CD8 T cell
URGCP,0.2259826382015348,0.0743643816051931,1,1,1,CD8 T cell
C2orf15,0.22612160897623004,0.07883643464747081,1,1,1,CD8 T cell
CRISPLD2,0.22636787311222942,-0.029764399132020003,0.75,0.75,1,CD8 T cell
TDP2,0.22652255948376462,0.06349498077855478,1,1,1,CD8 T cell
MAP1LC3B,0.22689293627264467,-0.0763972869178775,1,1,1,CD8 T cell
TRUB2,0.22701852586621737,0.06462915059125618,1,1,1,CD8 T cell
INTS10,0.2270620143637263,0.054822717552253195,1,1,1,CD8 T cell
ZNF37A,0.22717765939523493,-0.09232262705592076,1,0.917,1,CD8 T cell
LRRC57,0.2273982220656566,-0.0724028990061083,1,1,1,CD8 T cell
NSD3,0.2276275612461797,-0.07465892108493177,1,1,1,CD8 T cell
RWDD2A,0.2277447911906623,0.11013470887273735,1,1,1,CD8 T cell
ZC3HAV1,0.2277504092606348,-0.0376675302767957,1,1,1,CD8 T cell
CUTC,0.22809277429847966,-0.06624349597625878,1,1,1,CD8 T cell
TMEM186,0.22812952886493526,0.11018966121530349,1,1,1,CD8 T cell
SWI5,0.22813542540373444,0.1350964173957918,1,1,1,CD8 T cell
RIMOC1,0.22836749721992106,0.1177202919091378,1,1,1,CD8 T cell
KAT6A,0.22853376028240954,-0.031102531792609023,1,1,1,CD8 T cell
UAP1,0.22853560933233522,-0.11042510377202738,1,1,1,CD8 T cell
UBE2D1,0.2287533938955098,-0.060955177204553124,1,1,1,CD8 T cell
CNOT1,0.22907697479613875,-0.016893029998308107,1,1,1,CD8 T cell
RAB40A,0.2292216148946927,0.02800749641023792,0.417,0.167,1,CD8 T cell
RRP1,0.22922315312265568,0.05676103614047867,1,1,1,CD8 T cell
FOXO3,0.2292656164624989,-0.05048260694129947,1,1,1,CD8 T cell
ALG1,0.22950030846805153,0.06441930532484408,1,1,1,CD8 T cell
DNAJC9,0.2297427811915765,-0.10470007593590536,1,1,1,CD8 T cell
RAP1GDS1,0.22982477334156612,0.07701329670546106,1,1,1,CD8 T cell
EMILIN2,0.2300184187123457,-0.0679234865510212,1,1,1,CD8 T cell
DHX35,0.23006410609887484,0.10583191804115888,1,1,1,CD8 T cell
PXMP4,0.23008726256853976,0.04501341612464094,1,1,1,CD8 T cell
SNCA,0.2301119939820697,0.03032678426265356,0.75,0.917,1,CD8 T cell
CFAP69,0.23012153596915655,-0.03365163333567578,0.417,0.667,1,CD8 T cell
RARS2,0.2301595197598229,-0.04608334750261056,1,1,1,CD8 T cell
PLIN3,0.23025083708897848,0.07375440344424433,1,1,1,CD8 T cell
CEACAM1,0.23031294766368604,0.01620864157530466,0.417,0.25,1,CD8 T cell
GPAA1,0.2304675978562134,0.061541839398168374,1,1,1,CD8 T cell
CCT8L2,0.23056258251540224,0.015837050872267167,0.417,0.25,1,CD8 T cell
ANKRD16,0.2309514926607652,0.05811599035088921,1,1,1,CD8 T cell
C2orf50,0.23097718405849574,-0.06189910346770544,0.583,0.833,1,CD8 T cell
E2F7,0.23114369695702622,-0.04441342071190402,0.5,0.833,1,CD8 T cell
SIKE1,0.2312052346772893,-0.015235000508675347,1,1,1,CD8 T cell
SAFB,0.23177331273234747,-0.030288502237909576,1,1,1,CD8 T cell
VSIG10L,0.23182395711368262,0.08087477751023098,0.833,0.75,1,CD8 T cell
C19orf47,0.2324754442385937,-0.021319480664466095,1,1,1,CD8 T cell
ASXL2,0.23251159733005297,0.06055604347804733,1,1,1,CD8 T cell
TMEM213,0.23254292679376826,-0.03920714362164324,0.167,0.333,1,CD8 T cell
HSF1,0.23257253458802446,-0.03399022528750478,1,1,1,CD8 T cell
PLEKHF2,0.23261960514684674,-0.08643939429686867,1,1,1,CD8 T cell
PPM1G,0.23289545038036352,0.06048865925659483,1,1,1,CD8 T cell
TASOR2,0.23326548378744782,-0.07913805451573885,1,1,1,CD8 T cell
SLC25A10,0.23330630107157907,0.060363861329615354,1,1,1,CD8 T cell
RANBP6,0.23331330958346133,-0.10255146401176396,1,1,1,CD8 T cell
ARID4A,0.23334489003442083,-0.06164803063309196,1,1,1,CD8 T cell
TRIM46,0.2334151337363706,0.1351463844973173,1,1,1,CD8 T cell
KPNA1,0.2334777238609252,0.05598537217792576,1,1,1,CD8 T cell
GJB2,0.23351532698716504,-0.05092586680306255,0.583,0.833,1,CD8 T cell
USE1,0.23356211286981982,0.11868934840982681,1,1,1,CD8 T cell
CBR4,0.23373757803745712,0.12749005967986538,1,1,1,CD8 T cell
C11orf58,0.23378004156498822,-0.047305747184460456,1,1,1,CD8 T cell
KHSRP,0.23383812104097265,-0.04163476238612824,1,1,1,CD8 T cell
RASA4B,0.23388783777098493,0.012225535026138434,0.417,0.167,1,CD8 T cell
CSTPP1,0.23396371952378128,-0.07813467474640978,1,1,1,CD8 T cell
COQ2,0.23425435138139428,-0.09106775278966639,1,1,1,CD8 T cell
DHX9,0.23430849799452952,-0.03665223620645475,1,1,1,CD8 T cell
CIZ1,0.23457176890005285,-0.07733155823611204,1,1,1,CD8 T cell
LPCAT3,0.23461892692487626,0.06717794069512606,1,1,1,CD8 T cell
ADAM20,0.23489608668875803,0.10623477796799019,1,1,1,CD8 T cell
FES,0.23500681637723275,-0.09032375982467311,1,0.917,1,CD8 T cell
IFT20,0.23531108265562445,0.09237682882403903,1,1,1,CD8 T cell
EIF5,0.2354369632931472,-0.0400067751484805,1,1,1,CD8 T cell
CXCR5,0.23574926654570064,-0.08041930936859432,0.833,1,1,CD8 T cell
SLC41A3,0.23575231056327198,0.0972402389618352,1,1,1,CD8 T cell
RFC2,0.23595279516830212,-0.0982392974963675,1,1,1,CD8 T cell
FBXL6,0.2360194340631024,-0.09437612534219997,1,1,1,CD8 T cell
KLHL17,0.23610547079932026,-0.14901818726525207,1,1,1,CD8 T cell
CABIN1,0.23630115230810414,0.0779278532968079,1,1,1,CD8 T cell
AGBL4,0.23630980018442196,0.00902727070129794,0.5,0.333,1,CD8 T cell
PRG2,0.23631573097634256,0.05954008683062639,1,0.917,1,CD8 T cell
DNAH17,0.23635215896392894,0.02392463623393759,0.583,0.417,1,CD8 T cell
KCNK1,0.23649398585283135,0.008707337326827602,0.75,0.417,1,CD8 T cell
FMR1,0.23650974872945815,-0.05251762322018794,1,1,1,CD8 T cell
GUCA1B,0.23656684080805576,0.11711990177280152,1,1,1,CD8 T cell
LARP1B,0.23678007336903484,-0.07086273446547486,1,1,1,CD8 T cell
MYO5B,0.23680544139507897,0.032420446194509456,0.417,0.167,1,CD8 T cell
FAM110A,0.2369105842446574,-0.14982925885157128,1,1,1,CD8 T cell
CDC25A,0.23700336988968465,-0.026337231823611695,0.833,0.833,1,CD8 T cell
PDK3,0.2370883197475456,-0.0730024086361789,1,1,1,CD8 T cell
RPUSD2,0.23740216050048893,-0.09562981621909494,1,1,1,CD8 T cell
SPATA5,0.23763349033280345,-0.07336123006868334,1,1,1,CD8 T cell
HNRNPA0,0.23781197276554514,-0.039908244824772066,1,1,1,CD8 T cell
CPEB2,0.23802636285574227,-0.10231606337753729,1,1,1,CD8 T cell
TMPRSS13,0.2380751465097006,0.07229817034079034,1,1,1,CD8 T cell
SYMPK,0.23813345374905012,-0.042269189330737894,1,1,1,CD8 T cell
CCNA2,0.23833840480695503,-0.0509275861986076,1,1,1,CD8 T cell
KCTD16,0.23837403093257953,-0.018316311635852678,0,0.417,1,CD8 T cell
SETD9,0.23867468564176483,-0.1352052559757162,1,1,1,CD8 T cell
HSDL2,0.23897848339206748,-0.12999262280532786,1,1,1,CD8 T cell
PGRMC1,0.23917746638848028,-0.07751371952330355,1,1,1,CD8 T cell
NFKBIE,0.2392020593782967,0.07646391144554299,1,1,1,CD8 T cell
LCORL,0.2393925264438374,-0.08198261535450568,1,1,1,CD8 T cell
NANS,0.23949871813025192,-0.024424442025449355,1,1,1,CD8 T cell
SLC25A17,0.2399093799109679,-0.04993230728804554,1,1,1,CD8 T cell
DDX41,0.24016072646131745,0.06832903957959235,1,1,1,CD8 T cell
FASLG,0.2402011607876769,0.14014027661948825,1,1,1,CD8 T cell
TONSL,0.24048076563460966,0.02723116981088536,1,1,1,CD8 T cell
SLC45A3,0.24050576977970842,0.03551539910422141,0.75,0.5,1,CD8 T cell
UBE4B,0.2405792161463527,-0.05476293659547926,1,1,1,CD8 T cell
S1PR2,0.24057962019424564,0.12160972425925043,1,1,1,CD8 T cell
NGRN,0.24062834702880334,-0.015229652899650947,1,1,1,CD8 T cell
KAZN,0.24072574037559544,-0.06936007692796675,0.917,1,1,CD8 T cell
UBLCP1,0.24074429929273336,0.06944850629880561,1,1,1,CD8 T cell
ZNF343,0.24093187158028637,0.11220025261232269,1,1,1,CD8 T cell
LONRF2,0.24099077611078695,0.027173420209420485,0.5,0.25,1,CD8 T cell
COX6B1,0.24157094482990668,-0.03762118561851664,1,1,1,CD8 T cell
FAM98A,0.24200035239575923,-0.044085898472239426,1,1,1,CD8 T cell
NME6,0.24212820252054076,0.055078952089871125,1,1,1,CD8 T cell
KCNQ4,0.2424323732331489,0.03353805536285481,0.75,0.833,1,CD8 T cell
ZNF17,0.24251293778725555,0.09312266683634696,1,1,1,CD8 T cell
ACAA2,0.24253164037437222,0.14167391633594917,1,1,1,CD8 T cell
SEMA4D,0.24254012414359627,0.08325172693550642,1,1,1,CD8 T cell
PSIP1,0.24257493445408435,-0.04553985222707174,1,1,1,CD8 T cell
NABP1,0.2426916746934236,0.10420765183646914,1,1,1,CD8 T cell
ZNF598,0.24269917677264044,0.0936905867037876,1,1,1,CD8 T cell
ADRB1,0.24302615188838106,-0.156423081909991,0.917,0.917,1,CD8 T cell
IREB2,0.24320963841818866,0.05873313928071894,1,1,1,CD8 T cell
CHPF,0.2432841261527525,0.12025838152522361,1,1,1,CD8 T cell
RXYLT1,0.2433520052622671,0.13086552495395987,1,1,1,CD8 T cell
CYP2J2,0.24341774616692954,-0.02195018481451294,0.417,0.5,1,CD8 T cell
TDRD3,0.24352015220508974,0.09863508249804531,1,1,1,CD8 T cell
GPN2,0.2435641907643408,0.09584772591314406,1,1,1,CD8 T cell
GLCE,0.24361421752132956,-0.08907528214589489,1,1,1,CD8 T cell
BLNK,0.24365899246551792,-0.0216227482440563,0.75,0.833,1,CD8 T cell
GNRH2,0.24374570303905543,-0.033169640654985955,0.917,1,1,CD8 T cell
ATP6V1C1,0.24376962376306782,-0.060246411745877415,1,1,1,CD8 T cell
DNAL4,0.2439032180970166,0.08187714224140064,1,1,1,CD8 T cell
MAP3K3,0.24403446303901286,-0.056903716420525885,1,1,1,CD8 T cell
PHOSPHO2,0.24410250357941238,0.07541179217054506,1,1,1,CD8 T cell
ZSCAN10,0.2441515074782599,-0.02524131264045426,0.667,0.667,1,CD8 T cell
TMEM126A,0.24430635068702924,0.08789382487220732,1,1,1,CD8 T cell
AGBL2,0.24482506931646464,0.08360617292158468,1,1,1,CD8 T cell
OXLD1,0.24491010702426594,0.11364489382773635,1,1,1,CD8 T cell
C19orf33,0.24534442699073628,0.024294339351384142,0.583,0.167,1,CD8 T cell
NIPBL,0.24539795362028058,-0.04471352546443019,1,1,1,CD8 T cell
SPAG1,0.24550339401606658,-0.05987443623598443,0.833,0.917,1,CD8 T cell
SLC35E3,0.245586161853822,-0.06547776196328048,1,1,1,CD8 T cell
KMT2E,0.24560986008757393,-0.03724554728875784,1,1,1,CD8 T cell
KBTBD2,0.24567465553132894,-0.0644699623534542,1,1,1,CD8 T cell
MOCS3,0.24569398505155912,0.09202927190508103,1,1,1,CD8 T cell
POLG,0.24574448701245655,-0.07056064229313205,1,1,1,CD8 T cell
ENSG00000170846,0.24588675665811024,0.12013600623457987,1,1,1,CD8 T cell
ZNF628,0.24597797529435328,-0.08807838912771704,1,1,1,CD8 T cell
SSC5D,0.24601999460226237,0.04254854665107999,0.75,0.417,1,CD8 T cell
FTSJ1,0.24610838547496297,-0.0963891237272807,1,1,1,CD8 T cell
C5orf63,0.2463751063840106,-0.10858175049016827,1,1,1,CD8 T cell
RDH14,0.24656518579169562,0.07713283739175797,1,1,1,CD8 T cell
ZC3H4,0.2465853022336891,0.0601493896326899,1,1,1,CD8 T cell
ABCD3,0.24664321813534643,0.04574786578658724,1,1,1,CD8 T cell
F2R,0.24675556847696728,-0.0930250967959606,1,1,1,CD8 T cell
MAP4,0.24687478948257632,-0.10442177845819667,1,1,1,CD8 T cell
IFNLR1,0.24696837586191814,0.12875471693795548,1,1,1,CD8 T cell
SHQ1,0.24708998035523885,0.04083032754953675,1,1,1,CD8 T cell
HMGB2,0.24747880203335507,-0.04031873816535553,1,1,1,CD8 T cell
RP9,0.24755415013538165,-0.020526284109165793,1,1,1,CD8 T cell
JUNB,0.24768459912762286,-0.1718523157873535,1,1,1,CD8 T cell
ARHGAP19,0.2477384041933813,-0.02848829141024667,1,1,1,CD8 T cell
RBBP6,0.24781966131239117,-0.04421421517575952,1,1,1,CD8 T cell
AAAS,0.24791321760938795,0.07027408404800539,1,1,1,CD8 T cell
ARL15,0.2479881838827517,-0.05625915674128624,1,1,1,CD8 T cell
ZNF174,0.24800671024815574,0.06008336472328146,1,1,1,CD8 T cell
ZNF587,0.24802997114655564,0.049317863132001705,1,1,1,CD8 T cell
MBLAC2,0.24833058192594867,0.15036025482069215,1,1,1,CD8 T cell
DZANK1,0.24861806518012533,0.11949477627758931,1,1,1,CD8 T cell
DHX30,0.24865453028206363,0.05564020151086441,1,1,1,CD8 T cell
GNA12,0.24891343012027048,0.06711907198537848,1,1,1,CD8 T cell
ELF2,0.24903150615006933,-0.07045976220417564,1,1,1,CD8 T cell
CREB3L4,0.24918750479193916,-0.10874501805953196,1,1,1,CD8 T cell
R3HDM1,0.24920274863545155,-0.03394614570382143,1,1,1,CD8 T cell
N4BP2L1,0.24934158689153213,-0.03986803724753518,1,1,1,CD8 T cell
CRYGS,0.2494713078670936,0.11489819623020692,1,1,1,CD8 T cell
FGF22,0.24979612802033416,-0.05551283430806331,0.583,0.917,1,CD8 T cell
PJA2,0.24981707589624966,-0.04338019750929667,1,1,1,CD8 T cell
IL10RB,0.24986682466228666,0.081423299583388,1,1,1,CD8 T cell
LSM6,0.24989672655426354,0.06872301322908936,1,1,1,CD8 T cell
NUDT3,0.2501946277362387,0.058103068328990815,1,1,1,CD8 T cell
CHST7,0.25069288831735154,-0.09660849658035287,1,1,1,CD8 T cell
DCAF10,0.25074822031696997,0.02687341190745779,1,1,1,CD8 T cell
TMEM88,0.25078629110565753,-0.04752639314253537,0.75,0.833,1,CD8 T cell
GNAI3,0.2509044690839259,-0.06997949627923128,1,1,1,CD8 T cell
GYG1,0.25093074882517497,0.08763501550293779,1,1,1,CD8 T cell
MMP11,0.2510135942998094,0.03817085127415076,0.917,1,1,CD8 T cell
SCAMP5,0.251257998552458,0.014674849143680557,0.667,0.583,1,CD8 T cell
CEBPB,0.2513247547482026,-0.08652094021082402,1,1,1,CD8 T cell
FHIP1A,0.25145370691519753,-0.02949655773799309,0.167,0.417,1,CD8 T cell
MESP1,0.2515170514175044,0.042823657971558404,0.75,0.583,1,CD8 T cell
ZFC3H1,0.2515696227553693,-0.037723993082151575,1,1,1,CD8 T cell
ARID1B,0.25161140475468413,-0.029358060008396025,1,1,1,CD8 T cell
SIX5,0.25162206979961327,0.06356871844505152,1,1,1,CD8 T cell
EP300,0.25162252913918703,-0.03362979933389876,1,1,1,CD8 T cell
TNFSF14,0.2516548089845428,0.10297875307177207,1,1,1,CD8 T cell
SURF2,0.25178926216718767,-0.0778981603763047,1,1,1,CD8 T cell
SNX15,0.25192022493773664,-0.10762029585323718,1,1,1,CD8 T cell
SMAP1,0.2519261175241847,-0.06593615562111789,1,1,1,CD8 T cell
C1QTNF9,0.25201155412414483,0.0179678044077356,0.75,0.667,1,CD8 T cell
CLEC7A,0.2520182616105285,-0.06859631925026921,0.917,1,1,CD8 T cell
KCTD18,0.2521128130592449,0.05468991657434907,1,1,1,CD8 T cell
SERPINA1,0.2523451496595213,-0.08634932986332355,1,1,1,CD8 T cell
NMNAT1,0.25247549579911144,0.07983236570291163,1,1,1,CD8 T cell
IRF3,0.25248107090941957,-0.0784444022874532,1,1,1,CD8 T cell
UBQLNL,0.25250924000993263,0.09480440369026066,1,0.833,1,CD8 T cell
TP53I3,0.25254430899044955,-0.0613260071246966,0.667,1,1,CD8 T cell
CLTB,0.25256633886316543,0.07778208132523623,1,1,1,CD8 T cell
CNDP1,0.2526399108526057,-0.016426574873320554,0.583,0.667,1,CD8 T cell
HDAC5,0.2527963796348424,-0.041134809947734996,1,1,1,CD8 T cell
GDAP1,0.25298046499298327,0.12932786457819057,1,1,1,CD8 T cell
OSBPL7,0.2530389868561423,-0.09049734827278533,1,1,1,CD8 T cell
ORC4,0.25310773272155984,-0.03027340847236515,1,1,1,CD8 T cell
NFE2,0.25323612502555665,-0.015598355496769578,0.917,1,1,CD8 T cell
C9orf64,0.25340237730522847,0.09978927390373604,1,1,1,CD8 T cell
TIGD7,0.25341375482186007,0.15570829165015088,1,1,1,CD8 T cell
NUSAP1,0.2535172712753766,-0.21508026372198863,1,1,1,CD8 T cell
NCBP2AS2,0.25358112186476434,-0.05207934214728566,1,1,1,CD8 T cell
MAP10,0.25358407674740935,0.1434553804015346,1,1,1,CD8 T cell
CLIP2,0.25363378709516615,0.14571816340008548,1,1,1,CD8 T cell
SIT1,0.2536706914576338,0.12341961517159125,1,1,1,CD8 T cell
KIF22,0.2539249343385293,-0.05683206468864932,1,1,1,CD8 T cell
BICRAL,0.25397441204054605,-0.048797019978546574,1,1,1,CD8 T cell
UBXN7,0.25403753623293784,-0.04542404949980969,1,1,1,CD8 T cell
RORC,0.25422589373637083,0.13225047911675736,1,1,1,CD8 T cell
PELO,0.2542396107968462,0.1404332086227562,1,1,1,CD8 T cell
RAI1,0.25449580946034234,-0.06497183350605784,1,1,1,CD8 T cell
TEX22,0.2544991813040798,-0.02954829804950787,0.667,0.833,1,CD8 T cell
LIPN,0.2545551163058254,-0.029981771935823964,0.5,0.917,1,CD8 T cell
LINC02693,0.2547109064204158,0.049478937385308175,1,1,1,CD8 T cell
FANCD2,0.25474123814461835,0.07533212801812228,1,1,1,CD8 T cell
ZKSCAN3,0.2548269236692572,0.1337076988856143,1,1,1,CD8 T cell
PNPLA1,0.2549098632569784,-0.045032692736692415,0.833,0.833,1,CD8 T cell
IL26,0.2549171832925439,0.0073035813412665185,0.5,0.25,1,CD8 T cell
MACF1,0.25503418930338434,0.05480994042588527,1,1,1,CD8 T cell
NBPF11,0.2550510159516088,0.0556566272182617,1,1,1,CD8 T cell
LRIT3,0.2554176461198298,0.07195941996390154,1,1,1,CD8 T cell
PDE3A,0.25557403840055465,0.0022872459388181277,0.417,0.083,1,CD8 T cell
AKAP6,0.25567426657383185,0.027003303932089384,0.833,0.583,1,CD8 T cell
ARMCX3,0.2557813583566465,-0.07081853243041625,1,1,1,CD8 T cell
ZNF326,0.2558068987891625,-0.08589288123997374,1,1,1,CD8 T cell
CD40,0.25633786586739393,0.1563738383816511,1,1,1,CD8 T cell
MATN1,0.25668779258814084,-0.008432036838404766,0.583,0.667,1,CD8 T cell
BET1,0.25672550394359644,0.11846343559500605,1,1,1,CD8 T cell
FOXJ2,0.2567586661326317,0.0719753718389401,1,1,1,CD8 T cell
ST3GAL5,0.25688508453735753,0.08814594698175965,1,1,1,CD8 T cell
BFSP2,0.25695808047872587,-0.04409871978307356,0.667,0.583,1,CD8 T cell
DCUN1D4,0.25703727843595303,-0.08994058249763456,1,1,1,CD8 T cell
IFT52,0.2573013965830886,-0.041686245364912944,1,1,1,CD8 T cell
PAF1,0.2573360627348271,-0.07122876500759927,1,1,1,CD8 T cell
ZNF181,0.25753000305021967,0.06999133847585615,1,1,1,CD8 T cell
RHOF,0.257707234211579,0.06286944071062561,1,1,1,CD8 T cell
LETM2,0.2578038548979485,-0.10746295379741655,1,1,1,CD8 T cell
GOLGA7,0.2578444407488939,-0.039363001452795476,1,1,1,CD8 T cell
YTHDC1,0.25796092454119535,-0.04406965306320143,1,1,1,CD8 T cell
TMCC3,0.25796651215441996,-0.16430654480504803,1,1,1,CD8 T cell
CD99L2,0.25801925894253874,0.0943318880158559,1,1,1,CD8 T cell
ATP6V1E2,0.2580273007531177,0.13066962527891723,1,1,1,CD8 T cell
PER1,0.2581505365904117,-0.13733781886774765,1,1,1,CD8 T cell
IQCA1L,0.2581751492987605,0.02150103920323998,1,1,1,CD8 T cell
ISY1,0.2582570992263298,-0.05454972774568678,1,1,1,CD8 T cell
GNB1,0.2583399230408624,-0.05050125079051626,1,1,1,CD8 T cell
CRADD,0.25836274529897213,0.032828983297598535,1,1,1,CD8 T cell
SHB,0.2583846781459157,-0.11697123013037602,1,1,1,CD8 T cell
AFF4,0.2584028295594986,-0.020754867412438316,1,1,1,CD8 T cell
ZMYM3,0.25846396849941033,0.07331192300021205,1,1,1,CD8 T cell
PADI4,0.2584642508906664,-0.04117924312438781,0.75,0.833,1,CD8 T cell
KDM3B,0.25847419025376717,0.07113715825819283,1,1,1,CD8 T cell
SLC9A1,0.2587310350692815,0.07229146301132028,1,1,1,CD8 T cell
CETN2,0.2587947481117206,0.12343511595126677,1,1,1,CD8 T cell
DLC1,0.25917734306653084,0.045327869998572634,0.75,0.333,1,CD8 T cell
KLC1,0.2593705324202511,-0.02987234379349571,1,1,1,CD8 T cell
JSRP1,0.25983506534378426,-0.03533957486894712,1,1,1,CD8 T cell
HTRA2,0.2600349877455083,-0.06332153731055068,1,1,1,CD8 T cell
PDS5B,0.2600903624816844,-0.04096735662444706,1,1,1,CD8 T cell
WTIP,0.26009706611701894,0.031702517567481436,0.833,0.75,1,CD8 T cell
ZFPL1,0.26019500606507495,0.11886600325416086,1,1,1,CD8 T cell
ECD,0.2605960510508254,-0.04280709017538353,1,1,1,CD8 T cell
DEGS1,0.26108948301961865,0.0671444427042922,1,1,1,CD8 T cell
NKX2-3,0.26120793515992163,0.013123976994457998,0.333,0.167,1,CD8 T cell
CITED4,0.2612570793387551,-0.1811679090934497,1,1,1,CD8 T cell
USP20,0.26130026492670344,0.08710462130241027,1,1,1,CD8 T cell
CHAC2,0.26131444528897574,0.075094637063299,1,1,1,CD8 T cell
GAB1,0.26136490922322414,0.04513966078117493,0.833,0.667,1,CD8 T cell
PLK1,0.26139597177380436,0.0784140531975126,1,1,1,CD8 T cell
C19orf38,0.2615716975469283,-0.021744896760694132,1,1,1,CD8 T cell
TMED1,0.2616732977698111,-0.04583480104413873,1,1,1,CD8 T cell
PCBP2,0.26178247359110146,0.08673593107569921,1,1,1,CD8 T cell
RUNX1,0.26190140711615334,-0.04771530947417357,1,1,1,CD8 T cell
COMMD3,0.2622081495265287,0.11240124044180932,1,1,1,CD8 T cell
MARCHF3,0.26221028187060014,-0.07070826772614724,0.833,1,1,CD8 T cell
CCT4,0.26241739283218835,0.08380786919434649,1,1,1,CD8 T cell
CORT,0.262486235795592,0.014725165045174737,0.75,0.75,1,CD8 T cell
PRMT3,0.26265777743165275,0.1395074213583707,1,1,1,CD8 T cell
ARPC5L,0.26271260721254397,0.07849997507279527,1,1,1,CD8 T cell
NPAS1,0.2627471185177095,0.018531227697920816,0.583,0.333,1,CD8 T cell
OTUD3,0.26306100235613467,0.07949081072738462,1,1,1,CD8 T cell
FOSL2,0.2632368007712126,-0.16523963882310277,1,1,1,CD8 T cell
GSS,0.26357331239022486,0.05439058611843639,1,1,1,CD8 T cell
KNDC1,0.26370928557950296,-0.10645037789999989,0.833,0.833,1,CD8 T cell
SMKR1,0.2637104986323086,-0.10923824514096125,1,1,1,CD8 T cell
SRGN,0.2637771108596849,-0.04892151180427451,1,1,1,CD8 T cell
GTF2H3,0.2639337098573463,0.09547435209321964,1,1,1,CD8 T cell
ARHGAP31,0.2640256643411316,0.1265653306393979,1,1,1,CD8 T cell
RBM33,0.2640561837564265,-0.02721166347504056,1,1,1,CD8 T cell
KCNJ5-AS1,0.26417581876652735,0.07646694655207131,0.917,0.917,1,CD8 T cell
RTCB,0.26417839504783264,0.08060035730649012,1,1,1,CD8 T cell
ZNF507,0.26431310018448884,-0.06394355610394575,1,1,1,CD8 T cell
FAM8A1,0.2644073770682788,-0.019463461620527894,1,1,1,CD8 T cell
FZR1,0.26444307362565594,-0.03520983702193496,1,1,1,CD8 T cell
FUZ,0.26444540192424565,0.11584239217590042,1,1,1,CD8 T cell
GNL3L,0.26473442698285526,-0.04741005273579024,1,1,1,CD8 T cell
TNNC2,0.2647411983617613,0.045952183633358956,0.917,0.833,1,CD8 T cell
TULP4,0.2647994397756643,-0.09984978133658251,1,1,1,CD8 T cell
SUGCT,0.2648447737671427,-0.05880840350054806,1,1,1,CD8 T cell
CLIC5,0.26515236845091045,0.17514228839915402,1,1,1,CD8 T cell
PLA2G4A,0.2652287155103664,-0.033397694591164484,0.5,0.667,1,CD8 T cell
NTRK2,0.26529261530213627,0.013905011879440377,0.5,0.25,1,CD8 T cell
PAQR3,0.2653561290897974,-0.06680908575757272,1,1,1,CD8 T cell
CYP27A1,0.2653716514653571,-0.03898808729689485,0.833,1,1,CD8 T cell
GART,0.2656460409465357,0.06621326656183235,1,1,1,CD8 T cell
SH3BGR,0.2659421499037822,0.041924073118364547,0.833,0.75,1,CD8 T cell
CFAP45,0.2661728218399855,-0.03879480105059274,1,1,1,CD8 T cell
HNRNPM,0.2664364155360446,-0.054536103428519,1,1,1,CD8 T cell
ATP5MGL,0.26650456510827475,-0.10955277343826353,1,1,1,CD8 T cell
PYGL,0.2665144936112864,-0.06371228048192101,0.833,1,1,CD8 T cell
RFTN1,0.2666533513845719,-0.05727400543375502,1,1,1,CD8 T cell
SLFN5,0.2667585513119109,0.09474436930785002,1,1,1,CD8 T cell
ZNF287,0.2667683318482152,0.09321975437438956,1,1,1,CD8 T cell
SIRPB2,0.2667855284183033,-0.031651230229148286,0.833,1,1,CD8 T cell
WDTC1,0.26698758345247003,-0.03950654538974652,1,1,1,CD8 T cell
TRMT61A,0.26706334335460247,0.12885451608033893,1,1,1,CD8 T cell
BRK1,0.26710264526681193,0.07252580886654784,1,1,1,CD8 T cell
COA6,0.2673481587805621,0.12676324643276793,1,1,1,CD8 T cell
NXT2,0.2676628258753207,0.08577739741034329,1,1,1,CD8 T cell
MEFV,0.2678637231189968,-0.05866882493810133,0.917,0.917,1,CD8 T cell
TKFC,0.2680396535215036,0.049030035920508475,1,1,1,CD8 T cell
CFAP251,0.2682428647147991,-0.04324938462704919,0.833,0.833,1,CD8 T cell
OPA1,0.2684338431059802,0.035331968475570324,1,1,1,CD8 T cell
ZFX,0.26858163769530347,-0.07706127286199535,1,1,1,CD8 T cell
NME4,0.2686713332494047,0.127983985461799,1,1,1,CD8 T cell
FZD7,0.26870684979115084,-0.008066728465651707,0.417,0.583,1,CD8 T cell
SLC6A16,0.26880323471839734,0.1472669555169599,1,1,1,CD8 T cell
FAAP24,0.26881425179502105,0.08641449788320532,1,1,1,CD8 T cell
MROH1,0.26899753641618696,-0.06931893833700742,1,1,1,CD8 T cell
NUP160,0.26903992511585006,-0.05426538195647834,1,1,1,CD8 T cell
ARRDC5,0.2692163343399606,0.15273055684613657,1,1,1,CD8 T cell
POLR3C,0.26937665665266525,-0.039096050415669215,1,1,1,CD8 T cell
DCAF8,0.26941168168058915,0.04122429676075423,1,1,1,CD8 T cell
FZD2,0.2695109267272114,0.1084007515242087,1,0.833,1,CD8 T cell
C1RL,0.269778187344154,0.1026634293517723,1,1,1,CD8 T cell
GCLC,0.2698485047357436,-0.015124079963853676,1,1,1,CD8 T cell
LLPH,0.270184912828857,-0.0615866051444548,1,1,1,CD8 T cell
KIF5B,0.27033751457750266,-0.05519320030495489,1,1,1,CD8 T cell
NHERF4,0.2703753227748745,-0.013416301335124725,0.917,1,1,CD8 T cell
CDKN1A,0.2703989457670096,-0.04305118037683631,1,1,1,CD8 T cell
ACP7,0.27042704879598,-0.031334142125406306,0.75,0.833,1,CD8 T cell
FBXO33,0.2704308128201047,-0.09147234194476717,1,1,1,CD8 T cell
INO80C,0.2704685157429857,0.13643556296755865,1,1,1,CD8 T cell
CRIP3,0.2705040733461211,-0.056233879146920795,1,1,1,CD8 T cell
TSPAN6,0.2705858712163136,-0.09972033333835029,0.75,0.917,1,CD8 T cell
ETV1,0.2706451309780794,-0.06238683561691527,0.583,0.833,1,CD8 T cell
EHMT2,0.2706713315990642,-0.049853469645050025,1,1,1,CD8 T cell
STAMBP,0.27111534160900314,0.05171442969716805,1,1,1,CD8 T cell
PIGT,0.2711452304175272,-0.023212894443559756,1,1,1,CD8 T cell
PDXP,0.2712663644179449,-0.16637066795483557,1,1,1,CD8 T cell
TSACC,0.27149047252033304,0.001795802618254072,0.667,0.667,1,CD8 T cell
MGA,0.27151262832728956,0.06456035441628555,1,1,1,CD8 T cell
SEC23A,0.2716814724480985,-0.09216059464201387,1,1,1,CD8 T cell
DTD1,0.2718012672592377,0.04628225519055797,1,1,1,CD8 T cell
ASF1B,0.2718133642165407,-0.09941862860257977,1,1,1,CD8 T cell
SPA17,0.27189007617483096,0.05612974011904859,0.917,0.917,1,CD8 T cell
TAS2R9,0.27203826999578734,0.006990649654299297,0.917,1,1,CD8 T cell
ATP12A,0.27209765823229937,0.0014217363697386354,0.5,0.083,1,CD8 T cell
SRRT,0.27235021296062467,-0.06605954232968606,1,1,1,CD8 T cell
NCAPH2,0.27239854014973075,0.05131878271488316,1,1,1,CD8 T cell
CCNB1IP1,0.272608399670222,0.07646525629142703,1,1,1,CD8 T cell
TRPT1,0.2728348024020469,0.09692675981637922,1,1,1,CD8 T cell
CIAO2B,0.27287640994818224,0.07958951551252225,1,1,1,CD8 T cell
KMT5C,0.27295754880238754,0.09110132062573628,1,1,1,CD8 T cell
PLCB3,0.27310574322778564,0.07216726610105706,1,1,1,CD8 T cell
SARAF,0.27329063201230275,-0.07843791521272259,1,1,1,CD8 T cell
C18orf25,0.2733959643404496,-0.05213793382031218,1,1,1,CD8 T cell
DLL1,0.2734648376675159,0.03657998391835493,0.667,0.75,1,CD8 T cell
QKI,0.27350459871979727,-0.048378506002429655,1,1,1,CD8 T cell
CDCA8,0.273559194666566,0.1510485191260198,1,0.917,1,CD8 T cell
CCR3,0.2736464573365317,0.06304331028323062,0.917,0.833,1,CD8 T cell
KRR1,0.2737204661402831,-0.04470303626456196,1,1,1,CD8 T cell
NCLN,0.2738176671186673,-0.04340647324951907,1,1,1,CD8 T cell
COPS2,0.27389655362984044,-0.060665081859289316,1,1,1,CD8 T cell
SGO1,0.27426155778574773,0.04808280442108703,1,0.917,1,CD8 T cell
VAMP2,0.27430678702281425,-0.05168094204493112,1,1,1,CD8 T cell
GPR150,0.2744144943364544,0.05118718138940448,1,0.75,1,CD8 T cell
MTURN,0.2744191492433132,-0.07203740751648113,1,1,1,CD8 T cell
MRRF,0.27450192513287297,-0.05516100453266781,1,1,1,CD8 T cell
FOLR3,0.27462735566940133,0.026399609744055308,0.5,0.417,1,CD8 T cell
NFYB,0.2746771282758174,0.04082033320825107,1,1,1,CD8 T cell
RBP7,0.27477317669643525,-0.06134581406002226,0.917,1,1,CD8 T cell
DLX4,0.2748017851839785,-0.053395966881744084,0.75,0.917,1,CD8 T cell
PTGR1,0.2748035441725822,0.01667354162517576,0.417,0.333,1,CD8 T cell
PNO1,0.27486756167779114,-0.09499167150550503,1,1,1,CD8 T cell
NOC4L,0.2752301659416434,-0.08351665280710896,1,1,1,CD8 T cell
NUDCD2,0.2752409448881933,0.08133125131877139,1,1,1,CD8 T cell
RSRP1,0.27526660345632226,-0.058896348765486994,1,1,1,CD8 T cell
C10orf105,0.2753720537333422,0.011342720926972305,0.667,0.583,1,CD8 T cell
LGALS2,0.2755043741265534,-0.08791571436914092,0.917,0.917,1,CD8 T cell
PEAK3,0.2759374173712343,0.09489747191799092,1,1,1,CD8 T cell
ABHD2,0.27595223206954084,-0.09736563813924715,1,1,1,CD8 T cell
IPO4,0.2761664348304849,-0.02284934292076235,1,1,1,CD8 T cell
IL18,0.2761822898332666,-0.023809090371866848,0.75,0.75,1,CD8 T cell
MAIP1,0.2762760138977302,-0.07374837471777962,1,1,1,CD8 T cell
WBP2NL,0.27636211816631384,0.013688795100451845,0.833,1,1,CD8 T cell
MT-ND4L,0.27649272840618005,-0.07913164708834597,1,1,1,CD8 T cell
DYRK4,0.2765214580137345,-0.03535223710836122,1,1,1,CD8 T cell
ZNF567,0.2765714641262755,0.06181541666387158,1,1,1,CD8 T cell
CIP2A,0.2767113312734891,0.16568441619390573,1,1,1,CD8 T cell
ATRIP,0.27677811411871545,-0.12209139117162326,1,1,1,CD8 T cell
SPSB3,0.27690414853979967,-0.042570188747188875,1,1,1,CD8 T cell
DUSP3,0.2769166914491043,-0.11100055714817358,1,1,1,CD8 T cell
CCR5,0.27722438899866536,0.2056836452327111,1,1,1,CD8 T cell
AASDHPPT,0.2772427615718555,0.04677781413540458,1,1,1,CD8 T cell
GPAT4,0.27737464820024615,-0.03606282301041563,1,1,1,CD8 T cell
LAT2,0.27747791421108325,-0.13981386126195083,1,1,1,CD8 T cell
SMG6,0.27751024300143734,0.09126225483117378,1,1,1,CD8 T cell
SERGEF,0.27752448794112344,0.06992245732983116,1,1,1,CD8 T cell
TIMM17B,0.2776038597335232,-0.028788044568972326,1,1,1,CD8 T cell
HOXA9,0.27766024030396597,0.0770072602094749,0.917,0.917,1,CD8 T cell
PABIR1,0.27766727087748444,0.04652481562013322,1,1,1,CD8 T cell
DLEC1,0.27778396190924753,-0.13032115166592817,1,1,1,CD8 T cell
PRRC2B,0.2778064942620178,-0.04715639508067765,1,1,1,CD8 T cell
SLC30A5,0.27803923876523856,0.06626406291914855,1,1,1,CD8 T cell
CPLX4,0.27808783126857256,-0.021361553788718624,0.083,0.417,1,CD8 T cell
GYS2,0.27830977812502333,0.016085720639638534,0.833,0.833,1,CD8 T cell
NAA30,0.27833925473425464,-0.03738666975064854,1,1,1,CD8 T cell
RAB11B,0.27844357042887735,-0.048765987999107877,1,1,1,CD8 T cell
SEMA5A,0.2786513837696889,0.012550295413579438,0.333,0,1,CD8 T cell
RALY,0.2787068628896055,-0.06128331658953639,1,1,1,CD8 T cell
ENPP2,0.27890593245007084,0.022406763911444028,0.75,0.417,1,CD8 T cell
THG1L,0.2790602399631812,0.10971919812026831,1,1,1,CD8 T cell
SRSF4,0.2792232661467822,-0.038186351980582955,1,1,1,CD8 T cell
EMC9,0.2793966166062508,0.12822561246129394,1,1,1,CD8 T cell
BRD2,0.27954678345639017,0.05472143974453414,1,1,1,CD8 T cell
CCDC153,0.2797114821721676,0.0037655613651295106,0.583,0.75,1,CD8 T cell
NUCKS1,0.28001542592183104,0.04090442136754169,1,1,1,CD8 T cell
ESRRA,0.280258073927391,0.10552888680284722,1,1,1,CD8 T cell
PRR22,0.28029213333211683,0.12039748737407185,1,1,1,CD8 T cell
VPS33B,0.2803835478516281,0.07564985170915373,1,1,1,CD8 T cell
NAPG,0.2803997749192397,-0.06591581168892646,1,1,1,CD8 T cell
NPC1L1,0.28043086294370995,0.026870047890381166,0.583,0.333,1,CD8 T cell
ZNF277,0.2805122348084426,0.0791429401734943,1,1,1,CD8 T cell
MED12L,0.2805619849951692,0.07507861467065124,1,0.667,1,CD8 T cell
MARCHF1,0.28057473292026,-0.04470530595239319,0.917,1,1,CD8 T cell
DTX2,0.28064687077770945,0.055094897884348626,1,1,1,CD8 T cell
RAB30,0.28064735743852964,-0.035208063817065316,1,1,1,CD8 T cell
SMTN,0.28066803464546913,-2.1610999089638483e-4,1,0.917,1,CD8 T cell
NEU3,0.2811519031760781,-0.08318618962431379,1,1,1,CD8 T cell
ETV6,0.2812540813505786,0.07876896054909477,1,1,1,CD8 T cell
BLACAT1,0.28125904613251634,0.031271463301230984,0.75,0.667,1,CD8 T cell
LYSET,0.28144801446690343,0.09153590931312006,1,1,1,CD8 T cell
USP36,0.28162416867044926,-0.10085620455317382,1,1,1,CD8 T cell
PIFO,0.28190853126948945,-0.023592636962749935,0.583,0.833,1,CD8 T cell
NFKBIL1,0.2821682239405893,0.12511514901366438,1,1,1,CD8 T cell
BRI3BP,0.2822678410514002,-0.04337682759042072,1,1,1,CD8 T cell
SP3,0.28227337415809906,-0.03219368389876487,1,1,1,CD8 T cell
EIF4ENIF1,0.28268384700037286,0.070329933539513,1,1,1,CD8 T cell
BRD9,0.28295107837154104,-0.04514902671978098,1,1,1,CD8 T cell
LKAAEAR1,0.2830836915864152,0.04670907435022631,0.75,0.667,1,CD8 T cell
TNPO2,0.28327098440223747,0.08032723273982956,1,1,1,CD8 T cell
IGFBP3,0.28342465640392517,-0.1787349516341461,1,1,1,CD8 T cell
DYNLT4,0.2835291416615011,-0.01211832397976842,0.667,0.667,1,CD8 T cell
POU4F3,0.2835727534368298,-0.01772136692016435,0.25,0.5,1,CD8 T cell
IKZF4,0.28374408460370415,-0.10632528906208094,1,1,1,CD8 T cell
TEPSIN,0.28387511332986254,-0.08846689097436933,1,1,1,CD8 T cell
ZNF570,0.2838885224065069,0.10801219416434393,1,1,1,CD8 T cell
HPCAL1,0.28396772946590254,-0.10080297425946894,1,1,1,CD8 T cell
ZFYVE27,0.28398698018742113,-0.016938236679444607,1,1,1,CD8 T cell
GPT2,0.2840838175586191,-0.05598945312168535,0.75,0.833,1,CD8 T cell
KLHDC9,0.2841772195614724,0.020138824193038474,0.667,0.667,1,CD8 T cell
GSTK1,0.2841816409037299,-0.03565028784099278,1,1,1,CD8 T cell
TCEA2,0.28445000152698185,0.09159320261941284,1,1,1,CD8 T cell
ANKRD6,0.2847001698239935,0.14254583666630616,1,1,1,CD8 T cell
MEAF6,0.28485354277865194,-0.019336513293680024,1,1,1,CD8 T cell
C4orf46,0.28496615037503875,-0.10526789784831214,1,1,1,CD8 T cell
WDR75,0.2850569369423648,0.0717552996757374,1,1,1,CD8 T cell
IFNGR2,0.28513609273694784,-0.04268544925861395,1,1,1,CD8 T cell
PHB2,0.285186191756932,0.025374375001187666,1,1,1,CD8 T cell
ULK2,0.2854087461127411,0.08350591721251255,1,1,1,CD8 T cell
NCOA3,0.2856006198420867,-0.02131884604110701,1,1,1,CD8 T cell
OR13C9,0.2857075602084695,0.004949778027060425,0.417,0.167,1,CD8 T cell
PLD4,0.28586160834778274,-0.05264537616110321,0.75,0.833,1,CD8 T cell
ANGPT1,0.2863764948163267,-0.021840438251629735,0.25,0.583,1,CD8 T cell
FBXL15,0.28638777267876153,0.08775779957018326,1,1,1,CD8 T cell
FEM1B,0.28641748065227335,-0.07162466275761606,1,1,1,CD8 T cell
ANKRD39,0.28649526687976434,-0.08318516360701489,0.75,1,1,CD8 T cell
PLSCR2,0.2866287153865276,0.02540228834514835,0.667,0.5,1,CD8 T cell
PINX1,0.28688308783099603,-0.0897791520654001,1,1,1,CD8 T cell
SPATC1L,0.28690229420488284,0.11715187847057651,1,1,1,CD8 T cell
SLC2A3,0.28696907020936174,-0.10793554706672703,1,1,1,CD8 T cell
ELFN2,0.28699800847465906,-0.05105321408981478,0.5,0.917,1,CD8 T cell
B3GALT2,0.2870154573915622,-0.02223375328543664,0.667,0.833,1,CD8 T cell
RHPN2,0.2871792551418948,0.014486944024314052,0.333,0.083,1,CD8 T cell
GTF2E2,0.28739551769180516,0.0661127523412503,1,1,1,CD8 T cell
TMEM167B,0.28740202636452683,-0.06585030917140627,1,1,1,CD8 T cell
TESMIN,0.2874819713338746,0.13384400696041787,1,1,1,CD8 T cell
TPM4,0.2876523112100781,0.11198489465442873,1,1,1,CD8 T cell
PRRT1,0.28765642899260263,-0.06948571049699437,1,1,1,CD8 T cell
TFB2M,0.2876694655441642,-0.09104227496704209,1,1,1,CD8 T cell
ZNF2,0.28767545434198627,0.08560341599813182,1,1,1,CD8 T cell
ARHGEF9,0.28768505941205297,0.07962220549883414,1,1,1,CD8 T cell
UBTF,0.2876995970103172,-0.05173161429870898,1,1,1,CD8 T cell
SNX29,0.2879642379590674,0.10002431872042528,1,1,1,CD8 T cell
PRKAG1,0.28809344732502834,0.07359884770161829,1,1,1,CD8 T cell
C17orf114,0.288096838011554,0.050208006499612434,0.833,0.583,1,CD8 T cell
PPP1R12B,0.2881234076976841,-0.018705985982316514,1,1,1,CD8 T cell
KRBOX1,0.28812488374337847,0.01455630293674659,0.417,0.083,1,CD8 T cell
AKAP1,0.2881610773031003,-0.0972880279749242,1,1,1,CD8 T cell
UNG,0.28837624497288034,0.06050378297174208,1,1,1,CD8 T cell
PYGB,0.2884512959782503,0.07447446179642092,1,1,1,CD8 T cell
TMEM243,0.2885479500012699,-0.08192181502987314,1,1,1,CD8 T cell
CAPRIN2,0.28858438101453554,-0.07500179947920857,1,1,1,CD8 T cell
MYO19,0.2886824636447463,0.10983977353752994,1,1,1,CD8 T cell
KLF5,0.2887185138726331,-0.037324680347479156,0.917,0.917,1,CD8 T cell
ATAD2B,0.2887675054739215,-0.02838512293186185,1,1,1,CD8 T cell
TAF1B,0.2888418929939537,-0.0930161072412562,1,1,1,CD8 T cell
MED9,0.2888441910166162,-0.08619554212945113,1,1,1,CD8 T cell
ZNF541,0.2889332675416537,0.02110341109618119,0.833,0.75,1,CD8 T cell
DDX56,0.28904569411065123,-0.035632888945486885,1,1,1,CD8 T cell
MBTPS1,0.2890962250760873,-0.05289364902182714,1,1,1,CD8 T cell
INPP5A,0.28927412459627105,-0.0650047008946335,1,1,1,CD8 T cell
TEFM,0.2893041335508945,0.08658386732831147,1,1,1,CD8 T cell
TLK1,0.28939304414195854,-0.035146454842879926,1,1,1,CD8 T cell
RNF227,0.2894236853261666,0.13533709381268189,1,1,1,CD8 T cell
ZBTB21,0.28942602457224437,-0.08574688299303435,1,1,1,CD8 T cell
CEP72,0.2896643903091129,0.0746994636058933,1,1,1,CD8 T cell
GNAL,0.28980894308096145,-0.09348843618759828,1,1,1,CD8 T cell
CHMP2A,0.2903534670442511,0.07996232360045821,1,1,1,CD8 T cell
STRADA,0.290357716579509,0.010009293166670208,1,1,1,CD8 T cell
EFCAB7,0.29036326308865384,-0.057943742550860655,1,1,1,CD8 T cell
CDC5L,0.29048606017854117,-0.050678658434424095,1,1,1,CD8 T cell
IL13RA1,0.29061190674857895,-0.01705472077125547,1,1,1,CD8 T cell
NNMT,0.29071888837845994,0.013098886702881174,0.333,0.167,1,CD8 T cell
IGSF8,0.2909776721131507,-0.057989957936144254,1,1,1,CD8 T cell
MICALL1,0.2910811771321085,0.05553457909833126,1,1,1,CD8 T cell
PCNA,0.291107957144572,-0.083066467634759,1,1,1,CD8 T cell
HSD17B1,0.2912362990567078,-0.039335049015475576,0.667,0.833,1,CD8 T cell
RPUSD3,0.2917167586128701,0.06989209655740636,1,1,1,CD8 T cell
MAT2B,0.2921726108674293,-0.04246031345026058,1,1,1,CD8 T cell
AGO2,0.292404159326533,-0.06710821715465154,1,1,1,CD8 T cell
EIF4E,0.2925133947087502,0.05872971702418142,1,1,1,CD8 T cell
ARHGAP17,0.29253970480494434,-0.013022988993621878,1,1,1,CD8 T cell
RLF,0.2926832789564483,-0.035060338464777074,1,1,1,CD8 T cell
SMIM17,0.29269462659357276,-0.02886215651132007,0.583,0.75,1,CD8 T cell
ALDH1B1,0.2926989373572615,0.09392005534179537,1,1,1,CD8 T cell
CEMIP2,0.2927615264177902,-0.1126914339657768,1,1,1,CD8 T cell
KRT74,0.2927904685855661,0.020840290276125106,0.5,0.333,1,CD8 T cell
POMGNT2,0.2932712309505815,-0.09429220133339422,1,1,1,CD8 T cell
SETDB1,0.2938484067185154,0.05311400033645952,1,1,1,CD8 T cell
AIFM2,0.29386932280726397,0.09248054961194008,1,1,1,CD8 T cell
SCIMP,0.2938919089369615,-0.019164490880745788,1,0.917,1,CD8 T cell
BLCAP,0.2939437424894699,-0.024070270493392387,1,1,1,CD8 T cell
APOBEC3F,0.2939811773822844,0.1128681001165911,1,1,1,CD8 T cell
RFX3,0.2940227322964291,-0.0703356120401478,1,1,1,CD8 T cell
EIF2S3,0.29407632305491616,-0.06183045548498023,1,1,1,CD8 T cell
SLC6A8,0.2943132479534657,-0.050696665541895225,0.667,1,1,CD8 T cell
MBOAT7,0.29436748424734105,0.09529400040209368,1,1,1,CD8 T cell
DENND2D,0.294397048888283,0.0881666940466661,1,1,1,CD8 T cell
RBBP7,0.294681416771886,-0.03973606014501996,1,1,1,CD8 T cell
RAD51D,0.2947641979997879,0.10153063292269482,1,1,1,CD8 T cell
DOCK6,0.2949846521682815,0.03495904581109244,0.833,0.583,1,CD8 T cell
ADPRM,0.29514885335517266,-0.06337595737592205,1,1,1,CD8 T cell
PPP1R15B,0.2952367105628421,-0.03195339102292305,1,1,1,CD8 T cell
SDC3,0.2953562379428025,0.030599468698498278,0.833,0.833,1,CD8 T cell
WLS,0.29538680289834407,-0.032363773519027195,0.667,0.75,1,CD8 T cell
GEMIN5,0.29542850537737836,0.05396259549113869,1,1,1,CD8 T cell
SNAP29,0.29549591666590685,0.0695863287001661,1,1,1,CD8 T cell
ATPSCKMT,0.2955242221400132,0.10009830016522647,1,1,1,CD8 T cell
ZKSCAN8,0.2955452986714753,-0.02335820460802618,1,1,1,CD8 T cell
ELAPOR1,0.2955935525206629,0.16219603438717756,1,1,1,CD8 T cell
P2RY12,0.29566346984586644,-0.034528214738939855,0.333,0.75,1,CD8 T cell
CCDC3,0.2957012416540781,0.004772067756559029,0.5,0.5,1,CD8 T cell
ZNF165,0.29570485169299626,-0.05865880816622271,0.917,0.917,1,CD8 T cell
TMEM52,0.2959255445944159,0.02394979096276284,0.333,0.167,1,CD8 T cell
QRICH2,0.2959789354859599,-0.045449178694277226,1,1,1,CD8 T cell
UBE2V1,0.2960513457583337,0.06603171929212537,1,1,1,CD8 T cell
PMVK,0.2962213524977957,0.09786587722921514,1,1,1,CD8 T cell
BTBD1,0.29649876414178394,0.06822314959834525,1,1,1,CD8 T cell
TPH2,0.2967256324693201,-0.001098939904049967,0.25,0.583,1,CD8 T cell
SEC22A,0.2967263529066466,0.07083556882293585,1,1,1,CD8 T cell
TCTN1,0.2968452813769535,0.11728389628924152,1,1,1,CD8 T cell
LOXL1,0.296970465137615,0.07022663606473234,0.917,0.917,1,CD8 T cell
TMEM30A,0.2970729023053168,-0.08112434534795644,1,1,1,CD8 T cell
LITAF,0.2970855172120849,-0.060827112306613085,1,1,1,CD8 T cell
POLR3G,0.29761813405342336,0.09493871854803837,1,1,1,CD8 T cell
SMIM8,0.2976298856908572,0.07604619824042125,1,1,1,CD8 T cell
DNM1,0.297792784896286,-0.041445104245078745,0.417,0.75,1,CD8 T cell
MAP3K6,0.2978048740432597,0.064402663970196,1,0.75,1,CD8 T cell
ZC2HC1B,0.2978080026901189,-0.008593852571109117,0.667,0.667,1,CD8 T cell
ATP6V1G1,0.2980283484846943,-0.05612949538628503,1,1,1,CD8 T cell
B9D1,0.2980485916123527,0.13180940936064722,1,1,1,CD8 T cell
SNRNP40,0.29818688166548035,0.05502925198032449,1,1,1,CD8 T cell
ZNF41,0.2983337822654078,0.09564732105919616,1,1,1,CD8 T cell
IL2RA,0.29836335845777856,0.14305422474116947,1,1,1,CD8 T cell
ZBTB9,0.29837666444239824,0.0608457158016964,1,1,1,CD8 T cell
NDUFS2,0.2984865302455321,0.05999369889238497,1,1,1,CD8 T cell
HEATR5B,0.2985894220086079,-0.035600281832794956,1,1,1,CD8 T cell
ZNF703,0.29864631988048046,-0.022185267671776643,0.917,1,1,CD8 T cell
HPF1,0.2987431696549056,0.06933004679812083,1,1,1,CD8 T cell
ATP6V1B2,0.2988208739904004,-0.06656688049346401,1,1,1,CD8 T cell
USP39,0.2989526929102256,0.058828733677972374,1,1,1,CD8 T cell
NR4A3,0.2990602548930131,-0.05727244517182051,0.917,1,1,CD8 T cell
ZNF438,0.29924501696487227,0.1096717885640981,1,1,1,CD8 T cell
RINT1,0.2993499994747896,0.09315306088342656,1,1,1,CD8 T cell
HSPA14,0.29942945730982,0.05737299236641902,1,1,1,CD8 T cell
RFC4,0.29945312586739525,0.06188884641600123,1,1,1,CD8 T cell
ECHDC3,0.2996521422267868,-0.006184909539702854,0.5,0.583,1,CD8 T cell
TMEM238,0.2996768334836769,0.10686625926056581,1,1,1,CD8 T cell
SLC22A1,0.2996783720764749,0.04027619664747961,1,1,1,CD8 T cell
NOL9,0.2997550131692546,0.07224758034447032,1,1,1,CD8 T cell
ZXDC,0.2997550607194832,-0.026987283421443492,1,1,1,CD8 T cell
C17orf75,0.2998901137098954,0.02782989328918628,1,1,1,CD8 T cell
UTP23,0.2999878366329108,0.04818649042855641,1,1,1,CD8 T cell
CPM,0.3000073978279455,-0.028424868946304915,0.667,0.833,1,CD8 T cell
LINGO4,0.30010693428724855,0.01821143531155478,0.417,0.083,1,CD8 T cell
PROCA1,0.3001146050684712,0.10649952916802441,1,1,1,CD8 T cell
ZNHIT1,0.30016059529632866,-0.041091597214176656,1,1,1,CD8 T cell
TRIOBP,0.3002648735638567,0.10497366115537554,1,1,1,CD8 T cell
CORO7,0.30033253089998996,-0.0544614800089378,1,1,1,CD8 T cell
COQ9,0.3003560160184862,-3.2818642271026377e-4,1,1,1,CD8 T cell
ZNF862,0.3006412540508891,0.06279231592079992,1,1,1,CD8 T cell
ECHDC1,0.30087645585493034,0.07869375611480978,1,1,1,CD8 T cell
KIF3B,0.30105789424611124,0.056803262434122814,1,1,1,CD8 T cell
MED18,0.3011410851078764,0.1266165168917135,1,1,1,CD8 T cell
ZNF514,0.30121824660153496,0.10552664463349504,1,1,1,CD8 T cell
CBLL1,0.3014629965891487,-0.055988811597750154,1,1,1,CD8 T cell
ZNF607,0.30148738322912294,0.11564986678097977,1,1,1,CD8 T cell
ID2,0.30150097878399507,-0.09738065875201807,1,1,1,CD8 T cell
MT1E,0.3016085447632692,-0.057927953070043614,0.75,0.917,1,CD8 T cell
ATR,0.301635064799667,-0.049516971709761215,1,1,1,CD8 T cell
MSANTD7,0.30164275023908843,-0.07844268787199749,1,1,1,CD8 T cell
TRMT2B,0.3017384163107382,0.05814768354707722,1,1,1,CD8 T cell
SMC3,0.3018061585047929,-0.044566431241546356,1,1,1,CD8 T cell
ZNF30,0.30183845819188554,0.09565941728598482,1,1,1,CD8 T cell
APEH,0.3018782250406529,0.0379630040814897,1,1,1,CD8 T cell
MTHFSD,0.3019945731048305,0.08171667661548199,1,1,1,CD8 T cell
XPOT,0.30215199383314667,-0.036484565195379126,1,1,1,CD8 T cell
METTL27,0.30216094032383767,0.045739385901008234,0.667,0.5,1,CD8 T cell
GPR89B,0.30232602365123357,0.09089074366842387,1,1,1,CD8 T cell
POLH,0.3024661167140044,-0.08452389492130741,1,1,1,CD8 T cell
ZDHHC14,0.30246837486385453,-0.07694773064641414,1,1,1,CD8 T cell
SLC25A35,0.30247474851281353,-0.09472723393204774,1,1,1,CD8 T cell
IL12A,0.30252992061307094,-0.09005541259524863,1,1,1,CD8 T cell
STK38,0.3025758277439078,-0.05430288313059606,1,1,1,CD8 T cell
ING3,0.30260964756698605,-0.004256655755581762,1,1,1,CD8 T cell
ATRX,0.3029040550749473,-0.01955698011503615,1,1,1,CD8 T cell
HPSE,0.30293913219724133,0.1146216160145399,1,1,1,CD8 T cell
NAA16,0.3029787306068646,-0.015260307043669916,1,1,1,CD8 T cell
AHDC1,0.30345420692145547,0.06542533152933994,1,1,1,CD8 T cell
PCIF1,0.30356627877977316,-0.04815680028788105,1,1,1,CD8 T cell
CXCR3,0.3036268897412784,0.16598661986884256,1,1,1,CD8 T cell
NUP107,0.3036610093430304,0.04489593907605305,1,1,1,CD8 T cell
TNFAIP8L1,0.30370971840962324,0.08604771786706245,1,1,1,CD8 T cell
BANF1,0.3039285324623398,-0.038873668723757415,1,1,1,CD8 T cell
ZNF383,0.3039736041663783,0.06013180614979019,1,1,1,CD8 T cell
FNDC8,0.3042074210576223,0.014622697279920605,0.5,0.25,1,CD8 T cell
TLR2,0.3045293477653792,-0.01613266440469152,1,1,1,CD8 T cell
ASL,0.3045422408952858,0.10421924849362041,1,1,1,CD8 T cell
JAK3,0.30463552815855455,-0.061114179110042244,1,1,1,CD8 T cell
SRGAP3,0.3046896753427029,0.018377664675487182,0.667,0.667,1,CD8 T cell
HSP90AB1,0.3047993652055493,-0.09125310412930843,1,1,1,CD8 T cell
DEDD2,0.3048726789230624,0.06187243487506219,1,1,1,CD8 T cell
KCNK4,0.3049405462894879,0.011024137540919465,0.583,0.25,1,CD8 T cell
CHORDC1,0.3051384288963158,-0.029703226645548975,1,1,1,CD8 T cell
ZNF681,0.3052281587941842,0.12182987209059837,1,1,1,CD8 T cell
EFCAB2,0.30532809659616195,-0.05893979557337525,1,1,1,CD8 T cell
GALNT6,0.3053357290439099,0.08790491607958084,1,1,1,CD8 T cell
HERPUD1,0.3053467547253725,-0.09955635081764677,1,1,1,CD8 T cell
ATRNL1,0.30539197980131494,-0.021716451169635942,0.083,0.417,1,CD8 T cell
PTPRO,0.3056499373331039,0.012752650608902183,0.417,0.25,1,CD8 T cell
COL11A2,0.30569815298217573,0.022591597815123432,0.833,0.833,1,CD8 T cell
ZNF330,0.30581472280431543,0.06086531062674705,1,1,1,CD8 T cell
EVC2,0.3060375568466125,0.17333431243208564,1,0.917,1,CD8 T cell
VIPR2,0.30611085847956504,-0.16209057380270409,1,1,1,CD8 T cell
EPO,0.3062152903771811,-0.024802868941791623,0.75,0.833,1,CD8 T cell
AEN,0.3062308368041921,-0.09791239144174235,1,1,1,CD8 T cell
FFAR2,0.3063262243453148,-0.0028228817697204533,0.333,0.583,1,CD8 T cell
CCAR2,0.30635994180283777,0.076585694745629,1,1,1,CD8 T cell
TP53INP1,0.3063664936253301,-0.12393345021715951,1,1,1,CD8 T cell
TIMD4,0.30647332665511134,-0.12088001615733335,0.917,1,1,CD8 T cell
SCAF4,0.3066922915936737,0.04645684280323312,1,1,1,CD8 T cell
HP1BP3,0.3067193293199905,-0.04683097641367773,1,1,1,CD8 T cell
FBN3,0.3067377119935913,-0.03559505561507015,0.25,0.417,1,CD8 T cell
RSPH14,0.3068718236958553,0.04598915970566386,0.917,0.75,1,CD8 T cell
TJP2,0.30687569593686853,-0.09673768920740589,1,1,1,CD8 T cell
C14orf119,0.3069057219674063,0.08893797762861617,1,1,1,CD8 T cell
KCTD17,0.30693123183870274,-0.03791959286846014,1,1,1,CD8 T cell
PTOV1,0.30701768474755026,-0.04890243792352189,1,1,1,CD8 T cell
LRRC40,0.3070686510039495,-0.02573816826382927,1,1,1,CD8 T cell
PGAP2,0.3070838455880065,0.08509225830816924,1,1,1,CD8 T cell
RNASEH2A,0.30732481514613097,0.08233316318521444,1,1,1,CD8 T cell
DCLRE1C,0.307416372798672,0.11165787652389725,1,1,1,CD8 T cell
MAFB,0.3076097406536806,-0.06200840483413472,1,1,1,CD8 T cell
SLC25A22,0.3076178399142155,0.07238122245402012,1,1,1,CD8 T cell
CLN8,0.30787786735148587,-0.12007429499620437,1,1,1,CD8 T cell
BCAR3,0.30807266319024046,0.024535094499470222,0.833,0.75,1,CD8 T cell
CLDN4,0.30810604758828053,0.00870834412724264,0.5,0.333,1,CD8 T cell
MEAK7,0.30850061741171747,0.110715224861472,1,1,1,CD8 T cell
P3H4,0.30885892661575143,0.11843930748334186,1,1,1,CD8 T cell
ZNF155,0.30889100064955,0.07002584431637304,1,1,1,CD8 T cell
GON4L,0.30911479681410203,-0.042888051325334464,1,1,1,CD8 T cell
SUPT16H,0.3093077832152299,0.025973404824756186,1,1,1,CD8 T cell
COX7B,0.30936990429082983,-0.09489689552400593,1,1,1,CD8 T cell
TP53RK,0.3096216945089147,0.0717270110544258,1,1,1,CD8 T cell
SURF6,0.30966006504382587,0.07039774644498786,1,1,1,CD8 T cell
CAPN5,0.3096842240076448,-0.12770419770051822,1,1,1,CD8 T cell
HCN2,0.30969330019444696,0.15064293275542706,1,1,1,CD8 T cell
WDR81,0.30989309332171355,0.09069670556374076,1,1,1,CD8 T cell
NBN,0.3100038434754039,0.06553056821713144,1,1,1,CD8 T cell
KLHL18,0.31019394464261313,-0.09730171707391344,1,1,1,CD8 T cell
AIG1,0.31022490493387866,-0.13134701912665703,1,1,1,CD8 T cell
TUT1,0.3102253390600264,0.1042630164934033,1,1,1,CD8 T cell
B4GALT2,0.3103707278129072,-0.10854875404925046,1,1,1,CD8 T cell
CFAP298,0.3103802495126279,-0.03167133901448205,1,1,1,CD8 T cell
GLI4,0.3106405009030077,0.10049862212236249,1,1,1,CD8 T cell
MFSD14A,0.31081795378332866,-0.035076026305557506,1,1,1,CD8 T cell
KCNMB4,0.31088961369888835,0.07100190257695749,0.917,0.917,1,CD8 T cell
AMIGO1,0.31091633956296894,0.13758582810263564,1,1,1,CD8 T cell
CDC26,0.31140682792325247,-0.04626419392015446,1,1,1,CD8 T cell
RAPH1,0.31143056561347765,0.053021199720348466,0.667,0.583,1,CD8 T cell
SERTAD2,0.3116444910516978,-0.07822374095334272,1,1,1,CD8 T cell
DPY19L1,0.31177346801989597,0.11346556345356207,1,1,1,CD8 T cell
TINF2,0.31213835211431395,0.05015439891797879,1,1,1,CD8 T cell
WDR86,0.3123402682771079,0.12715987275381435,1,1,1,CD8 T cell
RECQL4,0.3125705406907082,0.07596076082883085,1,1,1,CD8 T cell
SPESP1,0.31258216604268085,-0.014396157525503384,0.5,0.583,1,CD8 T cell
SENP2,0.3125853971695165,-0.03848938506090924,1,1,1,CD8 T cell
CRELD1,0.3125887966275743,-0.03666960650245321,1,1,1,CD8 T cell
TMEM199,0.31267323699111865,0.054647134029475075,1,1,1,CD8 T cell
EXOSC2,0.312783185919399,-0.056166614799925574,1,1,1,CD8 T cell
CSTF2,0.3130291574184928,0.05611195844917871,1,1,1,CD8 T cell
THSD1,0.31321533379405914,0.07454648545454745,1,1,1,CD8 T cell
PAX5,0.3132817805248409,-0.03458102937426588,0.75,1,1,CD8 T cell
ANKRD53,0.31335053646535616,-0.0403403667083122,0.75,0.833,1,CD8 T cell
EPHX2,0.31337668850889405,-0.13113976303401298,1,1,1,CD8 T cell
FIZ1,0.3133824289334114,-0.02001584912488985,1,1,1,CD8 T cell
SNAP25,0.3134783313155007,0.02463980937678345,0.583,0.333,1,CD8 T cell
MFSD6L,0.31356407855824986,0.039459747943699774,0.833,0.75,1,CD8 T cell
FAM149A,0.31361703449384254,0.047069110420686844,0.75,0.5,1,CD8 T cell
ZBTB41,0.3136279171056642,-0.050834052945504915,1,1,1,CD8 T cell
PCTP,0.3137619513590588,0.14305786940009968,1,1,1,CD8 T cell
TTC19,0.3138049470379383,0.0960912773608491,1,1,1,CD8 T cell
FAM217B,0.3138382092931911,-0.05904325120933507,1,1,1,CD8 T cell
UROS,0.31413425885050833,0.06243047582991551,1,1,1,CD8 T cell
DDX20,0.3141629679085701,0.08223325217825317,1,1,1,CD8 T cell
IPO5,0.3142035348767077,-0.10260047645219228,1,1,1,CD8 T cell
FDFT1,0.31427114559628155,-0.04390728064443444,1,1,1,CD8 T cell
PTPN22,0.31438886139176864,-0.06381909932774987,1,1,1,CD8 T cell
SEC11C,0.3144328140167124,-0.06507097783984017,1,1,1,CD8 T cell
TNFRSF13B,0.3144764135503599,-0.055431316012337195,0.583,0.833,1,CD8 T cell
MPP2,0.3144879002995341,0.07307114375599699,0.75,0.667,1,CD8 T cell
ADAMTSL4,0.31463704774145845,0.03139935249432124,0.917,0.833,1,CD8 T cell
KCNC3,0.31465222128303943,-0.03450367871371984,0.833,0.917,1,CD8 T cell
LINC02929,0.3147540814336246,-0.07438730959627682,0.667,0.833,1,CD8 T cell
RNF167,0.31477007974797633,0.06614896918847468,1,1,1,CD8 T cell
C19orf18,0.31504800466338195,-0.058307673090042034,0.917,0.917,1,CD8 T cell
FICD,0.31509744586673144,0.030152905013405285,1,1,1,CD8 T cell
DCUN1D1,0.3152237769597157,0.0370090950496576,1,1,1,CD8 T cell
INPP4B,0.31531286437788336,-0.06301710465022925,0.833,1,1,CD8 T cell
PSMD3,0.3155284698478566,-0.0463561326387259,1,1,1,CD8 T cell
RXRB,0.3155758082025846,-0.04524640271369419,1,1,1,CD8 T cell
SLC2A9,0.31589060098401545,0.05882417436338905,1,0.917,1,CD8 T cell
MFN1,0.3160771913923377,0.08354084559869834,1,1,1,CD8 T cell
FIGNL2,0.31613505085591964,-0.025820067532919655,0.917,1,1,CD8 T cell
CELSR3,0.31649538273102346,-0.1010685011235215,0.917,1,1,CD8 T cell
MFSD4A,0.3165099592822568,-0.007597763435431393,0.667,0.667,1,CD8 T cell
POP1,0.31651556100002937,0.05711365598931284,1,1,1,CD8 T cell
HDGFL2,0.31656480960986605,0.07959436930898789,1,1,1,CD8 T cell
NEIL3,0.316577056398416,-0.08557022659480085,0.833,1,1,CD8 T cell
VAMP3,0.31660746159213177,-0.04127131911251736,1,1,1,CD8 T cell
SDHAF2,0.3166641065498997,0.034136908942654975,1,1,1,CD8 T cell
PPP2R5B,0.3167529807845959,-0.0518526086784763,1,1,1,CD8 T cell
C1QTNF12,0.31675835548093545,0.020997013106509144,0.917,0.917,1,CD8 T cell
DAGLB,0.3167867581422485,0.10802477189315884,1,1,1,CD8 T cell
CBX2,0.31694386945888586,0.01661974905939978,0.667,0.75,1,CD8 T cell
TFAP2E,0.3169568558488309,0.07907457773207094,1,1,1,CD8 T cell
COX16,0.31701492508134294,0.07159601390534831,1,1,1,CD8 T cell
SUCO,0.3172765620998066,-0.025859420310134218,1,1,1,CD8 T cell
FREY1,0.31730660787642634,-0.05828635730957821,0.75,0.917,1,CD8 T cell
KLC4,0.3173390829400875,0.09974387284422148,1,1,1,CD8 T cell
MGARP,0.3173984714837219,0.036004582766795856,1,0.833,1,CD8 T cell
LYPLA2,0.31740670624273054,-0.024211656528067227,1,1,1,CD8 T cell
CCDC184,0.3175779124608325,-0.025637828991688316,0.583,0.75,1,CD8 T cell
EFL1,0.3177544046025891,0.07182235956680905,1,1,1,CD8 T cell
DDX17,0.3177849743193007,-0.030353034814172286,1,1,1,CD8 T cell
JKAMP,0.3178838751773329,0.09806119401005287,1,1,1,CD8 T cell
EIF4A3,0.31801808622044786,-0.04807198206161707,1,1,1,CD8 T cell
TRRAP,0.31803329663332514,-0.027854107613892953,1,1,1,CD8 T cell
SLC4A5,0.3184234654905082,0.087196266300543,1,1,1,CD8 T cell
TRIAP1,0.3184475646459034,-0.06699124182943039,1,1,1,CD8 T cell
ZNF714,0.3184877035414308,0.10582674749629328,1,1,1,CD8 T cell
STRC,0.3185910803778041,0.015362685603556692,0.583,0.667,1,CD8 T cell
KAT2A,0.3186709693167563,-0.09644879473861057,1,1,1,CD8 T cell
B3GNT7,0.3186877542340109,0.052324500367862736,0.833,0.75,1,CD8 T cell
GXYLT1,0.3190567948053666,0.04522012283976684,1,1,1,CD8 T cell
SS18L1,0.3191314693730139,0.0678515367344017,1,1,1,CD8 T cell
SLC2A14,0.3191965009882867,-0.0010428959814694494,0.917,0.833,1,CD8 T cell
MAMSTR,0.31939658736216775,0.11349778288775969,1,1,1,CD8 T cell
RBM20,0.31948863522513105,-0.019470516082036315,0.417,0.417,1,CD8 T cell
CDK11B,0.3194887926062774,0.06504560326026998,1,1,1,CD8 T cell
TRPV3,0.3195743524773922,-0.09145137905772405,0.917,1,1,CD8 T cell
HNRNPL,0.31968904509540136,-0.02279165973953834,1,1,1,CD8 T cell
VEZT,0.319822369770004,-0.11350226852716094,1,1,1,CD8 T cell
TMEM272,0.31992937735439597,-0.01529296346661635,0.417,0.5,1,CD8 T cell
ZNF791,0.32024818393240423,0.059697693729057755,1,1,1,CD8 T cell
HSP90B1,0.32037589576204945,-0.06560768447969922,1,1,1,CD8 T cell
SMPD3,0.320556969977471,0.1392893953513683,1,1,1,CD8 T cell
CKS1B,0.32084372222752205,-0.04467954493788984,1,1,1,CD8 T cell
SLC39A4,0.3209107402436904,-0.06814501527452776,0.917,1,1,CD8 T cell
FUCA1,0.32096445378045574,0.0716456075261469,1,1,1,CD8 T cell
UBAP2,0.32098771406788656,0.09234151880040853,1,1,1,CD8 T cell
NPAT,0.32106031043792643,-0.06319732641989029,1,1,1,CD8 T cell
DCPS,0.321211522947959,-0.08749232243740002,1,1,1,CD8 T cell
BEND3,0.32131168660080894,-0.05556847843222146,1,1,1,CD8 T cell
GLIS2,0.321379292326563,-0.033520609204253926,0.5,0.917,1,CD8 T cell
AHCYL2,0.32147596688785945,0.11441727384272071,1,1,1,CD8 T cell
RELCH,0.3215233383297585,-0.04790156927034367,1,1,1,CD8 T cell
MED11,0.32169426339037827,0.09254226583078495,1,1,1,CD8 T cell
MT-ND6,0.32173561496570124,0.11440694775744564,1,1,1,CD8 T cell
RDM1,0.3219050116354236,-0.04809789020371813,1,0.917,1,CD8 T cell
PNPLA4,0.3219109341442832,0.12643708234039908,1,1,1,CD8 T cell
TCP11L2,0.3219342157056169,-0.045227129167672575,1,1,1,CD8 T cell
SOAT2,0.32197797583967125,0.07148678205627856,1,0.833,1,CD8 T cell
ITGA2B,0.3220194326872936,-0.0973589840960205,0.917,1,1,CD8 T cell
C6orf47,0.3221475875889277,0.10161170901339167,1,1,1,CD8 T cell
CPSF2,0.3221900904620154,0.05540603453367614,1,1,1,CD8 T cell
FAM180B,0.32224305033850087,-0.02015492634127547,0.25,0.583,1,CD8 T cell
DNAJB1,0.3224343803976157,-0.08576690382247232,1,1,1,CD8 T cell
AGBL3,0.3224601080552027,-0.07431733051760236,0.917,0.833,1,CD8 T cell
PYY,0.32263379694874544,0.011550741780528728,0.417,0.167,1,CD8 T cell
PLAUR,0.3226779604058074,0.11828744409707959,1,1,1,CD8 T cell
NHS,0.32288596337579356,-0.030545585626731597,0.833,0.917,1,CD8 T cell
CHN1,0.3230360466785705,-0.0997477500600894,1,1,1,CD8 T cell
NAA40,0.3230592902825604,-0.08267561888139674,1,1,1,CD8 T cell
BIRC5,0.323114524461019,-0.02577143206043253,1,1,1,CD8 T cell
FPGT,0.32320511882562125,0.08748231499644366,1,1,1,CD8 T cell
OGFRL1,0.32345190751749675,-0.07998830001815499,1,1,1,CD8 T cell
ZNF3,0.32351777388468045,0.05478406230838373,1,1,1,CD8 T cell
TRAF3IP2,0.32354199208177226,0.18798010155759748,1,1,1,CD8 T cell
SNX2,0.32362324722365654,0.05303600413475472,1,1,1,CD8 T cell
PET100,0.32380395284287616,-0.04132429613458054,1,1,1,CD8 T cell
MTMR8,0.32423697301725146,-0.06490034133955946,1,1,1,CD8 T cell
P2RY10,0.32437285330706866,-0.06697042464230069,1,1,1,CD8 T cell
NDUFA9,0.32440388538409076,0.10185996625140936,1,1,1,CD8 T cell
ZNF135,0.324448457084204,0.017246643498711745,0.333,0.167,1,CD8 T cell
MRM1,0.32455862351496106,0.07258536883915045,1,1,1,CD8 T cell
C1orf109,0.32471576359306403,0.05607575890181282,1,1,1,CD8 T cell
L1TD1,0.3247670306344424,0.008302461037563713,0.417,0.167,1,CD8 T cell
GPSM1,0.32482025591691777,0.08301738295611516,1,1,1,CD8 T cell
LEPROT,0.32513920697943977,-0.08436226228756527,1,1,1,CD8 T cell
UPK3A,0.32517343313990404,0.013584813111052085,0.417,0.167,1,CD8 T cell
HSP90AA1,0.3251736198460921,-0.046490346022074025,1,1,1,CD8 T cell
ZNF572,0.32530270320089794,0.08137412467550975,1,0.917,1,CD8 T cell
UNC13B,0.3253449383061717,-0.050145293775338384,0.5,0.667,1,CD8 T cell
MBTPS2,0.3255369349070756,-0.04359748250385165,1,1,1,CD8 T cell
TSHZ1,0.32567628335455606,-0.06174588296783867,1,1,1,CD8 T cell
MAP2K7,0.32587681619149333,-0.0037406259049445056,1,1,1,CD8 T cell
SLC5A6,0.3260062648365171,-0.06170356747487471,1,1,1,CD8 T cell
BCL2L13,0.3260805051359394,-0.06412119359370394,1,1,1,CD8 T cell
MYL11,0.32614991216439987,0.0026596151512610078,0.75,0.833,1,CD8 T cell
ENO1,0.32615406470547625,-0.04902490546977534,1,1,1,CD8 T cell
SAP130,0.3262208511867677,0.08128454419033038,1,1,1,CD8 T cell
C5orf34,0.32622980272253194,0.07332619615318503,1,1,1,CD8 T cell
SLC35F3,0.3262580232098487,-0.021095096282234937,0.333,0.5,1,CD8 T cell
CXCL10,0.3262879626952583,-0.016507944892912185,0.583,0.667,1,CD8 T cell
CSE1L,0.32642579646058056,-0.032055381692331686,1,1,1,CD8 T cell
FOCAD,0.32695190894893134,-0.0800205690914304,1,1,1,CD8 T cell
PGAM5,0.3269542402792261,-0.10306012822402733,1,1,1,CD8 T cell
PECR,0.32695586753236017,-0.046233445454977096,1,1,1,CD8 T cell
TAL2,0.3275472694907516,0.02898919164848701,0.833,0.583,1,CD8 T cell
NXN,0.3275739516766365,-0.009060784281896161,0.5,0.667,1,CD8 T cell
SPTY2D1,0.32758684945651795,-0.05861460653253922,1,1,1,CD8 T cell
LAMTOR3,0.32772822153062553,0.05725971350939302,1,1,1,CD8 T cell
SLC25A6,0.3277396203555515,-0.07006049482931109,1,1,1,CD8 T cell
FOXN2,0.327797772244897,0.053441334971454424,1,1,1,CD8 T cell
PPP2R5A,0.32783684883770214,-0.05593238041074011,1,1,1,CD8 T cell
CGN,0.32785166063251875,-0.06055946622138597,0.75,1,1,CD8 T cell
ANAPC13,0.3278725718900124,-0.05850265492733275,1,1,1,CD8 T cell
CERS3,0.3280175595099542,0.06979602175572586,0.917,0.833,1,CD8 T cell
TIGD3,0.32835173088673003,0.03985052096954744,0.917,0.917,1,CD8 T cell
VPS35L,0.3286394155886976,0.07404898549161898,1,1,1,CD8 T cell
MCF2,0.328686298312498,-0.10716081327606286,1,1,1,CD8 T cell
HEY1,0.32873550866497236,-0.012109570845450612,0.167,0.417,1,CD8 T cell
RANGRF,0.32882096787641757,-0.09584553299101772,1,1,1,CD8 T cell
ACSF2,0.32910242263071554,-0.09162724016344281,1,1,1,CD8 T cell
SRSF5,0.3295434179812288,-0.03771228609927868,1,1,1,CD8 T cell
NHERF2,0.32972091145992155,0.059296927560230195,1,1,1,CD8 T cell
EXOSC3,0.3297641962836338,0.08734068953630392,1,1,1,CD8 T cell
WDR3,0.3297965263307436,0.06135461068062875,1,1,1,CD8 T cell
SHLD2,0.32984200487307147,0.04099539839456849,1,1,1,CD8 T cell
GP5,0.329860086387434,0.06603064521998103,1,0.917,1,CD8 T cell
STXBP6,0.3299182517805376,0.09632028667550685,0.917,0.833,1,CD8 T cell
ZNF133,0.32996446850032907,0.04856067108253348,1,1,1,CD8 T cell
SDF4,0.330131015379371,-0.05129301956228427,1,1,1,CD8 T cell
YPEL5,0.3302449697597483,-0.04916475683741539,1,1,1,CD8 T cell
SKA1,0.33024899820318965,-0.07503384010380953,0.917,1,1,CD8 T cell
CTDNEP1,0.33035823301094247,0.05367931420945515,1,1,1,CD8 T cell
PBK,0.33040012505119065,0.033468491832234104,0.917,0.75,1,CD8 T cell
DIS3,0.3306529910169006,-0.041549430240641616,1,1,1,CD8 T cell
DHX33,0.3307051814147458,-0.08031825480229626,1,1,1,CD8 T cell
OR5B12,0.3309027123564959,-0.021582757208533643,0.333,0.667,1,CD8 T cell
TNNT3,0.33115392880671063,0.0770619920201292,1,1,1,CD8 T cell
ITGB4,0.33119677839143374,-0.013023693932615377,0.25,0.583,1,CD8 T cell
SHC4,0.3313869177010124,-0.023490673793586936,0.417,0.75,1,CD8 T cell
ZBTB17,0.3315945294534807,0.09578671841891717,1,1,1,CD8 T cell
POPDC2,0.33161649924742254,0.0710311593969295,1,1,1,CD8 T cell
CXCL3,0.33176363507981155,-0.028829901084236997,0.417,0.75,1,CD8 T cell
NFE2L2,0.3319426865978378,-0.08405586478448676,1,1,1,CD8 T cell
ATP8B4,0.331992802458542,-0.16310485082149917,1,1,1,CD8 T cell
CRYBG1,0.3320799624704322,0.08355356521664806,1,1,1,CD8 T cell
FAM199X,0.3322097678441627,-0.06276879746044793,1,1,1,CD8 T cell
TMEM11,0.33224115027714146,0.06026175108163456,1,1,1,CD8 T cell
SHCBP1,0.3324418503705317,-0.03766055524777778,0.917,0.917,1,CD8 T cell
PFN4,0.3324424904809673,-0.037514833974505724,0.917,1,1,CD8 T cell
JUND,0.33252735542278405,-0.04860593576180672,1,1,1,CD8 T cell
IFRD1,0.33261032265368734,-0.015854226732293558,1,1,1,CD8 T cell
BTK,0.3326820872336133,-0.03548886655680583,0.917,1,1,CD8 T cell
TPRG1,0.3328832891527763,0.1353638171458149,1,1,1,CD8 T cell
CATSPERE,0.3330171132788248,-0.04031144777216511,1,1,1,CD8 T cell
STAM2,0.33307473241364977,-0.03410175908078705,1,1,1,CD8 T cell
TEX46,0.3331767525546609,0.014621859546612548,0.833,0.5,1,CD8 T cell
OR2C1,0.3332484605571233,0.021410059726434838,0.833,0.833,1,CD8 T cell
CHAC1,0.33327669789193654,0.025295442298697512,0.667,0.5,1,CD8 T cell
MMD,0.33357468377487415,-0.1315813075486949,1,1,1,CD8 T cell
BCL7B,0.3336691225640749,-0.042019235527055554,1,1,1,CD8 T cell
SPICE1,0.3337366969724361,-0.05659606611142354,1,1,1,CD8 T cell
PRKCQ,0.3338256940254916,-0.04978938053889559,1,1,1,CD8 T cell
CUL9,0.33383273621941656,0.0627611801964938,1,1,1,CD8 T cell
GTF2B,0.3338530804481447,-0.02247446562544314,1,1,1,CD8 T cell
ZNF641,0.3339825253091354,0.07939722825445109,1,1,1,CD8 T cell
KCNE3,0.3339884817121827,-0.034152218937761436,0.917,0.917,1,CD8 T cell
TTC26,0.3339922581061946,0.07461502317140623,1,1,1,CD8 T cell
TEC,0.33414809094052694,-0.10271073552141718,1,1,1,CD8 T cell
BCL3,0.33424131385411876,-0.07337375650731237,1,1,1,CD8 T cell
PIP5KL1,0.3343465813843827,-0.03713915850993166,0.833,0.917,1,CD8 T cell
PHLDA1,0.3343973758426314,0.13158234407766356,1,1,1,CD8 T cell
LEKR1,0.3344499291404563,0.044387567988535714,0.917,1,1,CD8 T cell
ZNF558,0.3346564187258905,0.06041113964587086,1,1,1,CD8 T cell
CHCHD7,0.33471747372873933,-0.055680382114234594,1,1,1,CD8 T cell
YPEL3,0.33521663763473797,-0.047403456577864156,1,1,1,CD8 T cell
NEFL,0.33547376989999694,-0.022480071180110972,0.417,0.667,1,CD8 T cell
TRANK1,0.33548310573677437,-0.02781168439553494,1,1,1,CD8 T cell
MPP3,0.33559912323306884,-0.0238956276169211,0.417,0.667,1,CD8 T cell
PFKFB4,0.3357341630865531,-0.06172594147740229,0.917,1,1,CD8 T cell
NEU4,0.3358351162197745,0.049874571791353794,0.5,0.417,1,CD8 T cell
TUBA1C,0.3358501098749672,-0.09207397153258312,1,1,1,CD8 T cell
CLYBL,0.33594752610399503,0.11351456655645453,1,1,1,CD8 T cell
FCRLB,0.3365098063611928,-0.07328592032238301,0.833,1,1,CD8 T cell
MOB3A,0.3365839682444867,0.06219121131616934,1,1,1,CD8 T cell
CNP,0.3367211660131678,-0.05180813458912614,1,1,1,CD8 T cell
CCDC168,0.3368120602906234,-0.02507547974224833,0.667,0.833,1,CD8 T cell
ACYP1,0.33691578422373697,0.08006811541031844,1,1,1,CD8 T cell
CHEK1,0.3369317970442775,-0.034429654837730084,1,1,1,CD8 T cell
ST8SIA1,0.3370432886002405,-0.0940114569347652,1,1,1,CD8 T cell
ALG8,0.33710198204397995,0.05163461316073792,1,1,1,CD8 T cell
PYGO1,0.3371318899487037,-5.55454515287046e-4,0.333,0.583,1,CD8 T cell
TOX4,0.33719204443072454,0.04773208138870022,1,1,1,CD8 T cell
NEFM,0.3372495217164194,-0.030706895966883696,0.25,0.75,1,CD8 T cell
NEK4,0.33745392924925094,-0.09476925922831914,1,1,1,CD8 T cell
SIRT5,0.33756766585575904,-0.008129116085532129,1,1,1,CD8 T cell
RPA4,0.3376675222901364,-0.03506460117030974,1,1,1,CD8 T cell
IFIT5,0.3377536902259137,-0.06511675615036172,1,1,1,CD8 T cell
GSPT1,0.3377547706752689,-0.0547977842483649,1,1,1,CD8 T cell
PSMD14,0.33777630325973546,-0.06182959971512947,1,1,1,CD8 T cell
RNF11,0.33780555672848717,-0.060486823463462486,1,1,1,CD8 T cell
SMIM33,0.33784786057567656,0.03079469239471777,0.667,1,1,CD8 T cell
ARHGEF10L,0.33787922217726274,-0.04676189449977697,0.75,1,1,CD8 T cell
TMEM170A,0.33788607854755887,-0.028368348295008942,1,1,1,CD8 T cell
ZC3HAV1L,0.33789980241952816,-0.07385470191865284,1,1,1,CD8 T cell
ERMARD,0.338124664565493,0.07788039782569556,1,1,1,CD8 T cell
PHYKPL,0.338249854153272,0.0813322034623115,1,1,1,CD8 T cell
CAMK1,0.3384235488335907,-0.11409180091881455,0.917,1,1,CD8 T cell
TF,0.3384467622928377,-0.050023851811693554,0.667,0.833,1,CD8 T cell
TMEM59,0.3384532324153734,-0.04701787728184448,1,1,1,CD8 T cell
SMC6,0.33855510127348265,-0.07607870350104329,1,1,1,CD8 T cell
CCL2,0.33857042444809493,0.008330585715626171,0.417,0.167,1,CD8 T cell
C1GALT1C1L,0.3386329428483593,0.015344353127563881,0.333,0,1,CD8 T cell
ELP1,0.3387547785440087,0.05309380119248858,1,1,1,CD8 T cell
JRK,0.338957269305483,0.04532489863530653,1,1,1,CD8 T cell
ATF7,0.3389605305003237,0.06434328849804805,1,1,1,CD8 T cell
CDCA5,0.3390469286769622,-0.02419018332634204,0.75,0.917,1,CD8 T cell
CLEC4D,0.33913587699501807,-0.047738614173170824,0.667,0.833,1,CD8 T cell
NOL8,0.33916274810334296,-0.039159602273859034,1,1,1,CD8 T cell
MUL1,0.33924726050998033,0.06671439684946834,1,1,1,CD8 T cell
IQCD,0.33927447082859985,-0.02483258655193632,0.917,0.917,1,CD8 T cell
GOPC,0.33934357815693905,0.040876680727901515,1,1,1,CD8 T cell
CLN3,0.3394390986256969,-0.05466474353464745,1,1,1,CD8 T cell
NUTF2,0.3394522533734506,-0.08106677027551701,1,1,1,CD8 T cell
IQCK,0.33953972250089903,0.0711843638409424,1,1,1,CD8 T cell
LDAH,0.33971333499104145,0.05174155901915112,1,1,1,CD8 T cell
FGF9,0.33978163463739025,-0.050262961119618144,1,1,1,CD8 T cell
GBE1,0.3398125858406474,-0.07291892041983128,1,1,1,CD8 T cell
KCND1,0.33991980829012003,0.030632195178167176,0.917,1,1,CD8 T cell
SPEN,0.33995829543989836,-0.04393596170253866,1,1,1,CD8 T cell
NIPA1,0.340148623958842,0.08102945843181142,1,1,1,CD8 T cell
FBRSL1,0.34018404703614863,-0.06919991017212579,1,1,1,CD8 T cell
PTPMT1,0.34023162687003566,-0.11456904066616769,1,1,1,CD8 T cell
AKAP3,0.3402443306082527,-0.03209536834643645,0.667,0.833,1,CD8 T cell
PIK3R5,0.3404297490996013,-0.05030106179669991,1,1,1,CD8 T cell
NUP188,0.3405017463026979,-0.04191181937815258,1,1,1,CD8 T cell
ENSG00000284797,0.3405492071538857,-0.00683391524878374,0.667,0.75,1,CD8 T cell
TKT,0.3405922947230673,-0.019983989917943923,1,1,1,CD8 T cell
PAPOLA,0.34073022367246736,-0.03955908401205743,1,1,1,CD8 T cell
PPFIBP1,0.34075083922621996,0.10768112486272718,1,1,1,CD8 T cell
VMO1,0.34078216264035266,-0.006521502289765557,0.667,0.833,1,CD8 T cell
IMP3,0.34079929297781436,0.029360427111158827,1,1,1,CD8 T cell
ZNF689,0.3408393243396274,-0.02065387317500078,1,1,1,CD8 T cell
C9orf153,0.3408423765600638,0.03340364408537111,0.75,0.583,1,CD8 T cell
SKIC2,0.3411455549659912,-0.074516575048728,1,1,1,CD8 T cell
RNF13,0.3411763330751252,0.06327681524034742,1,1,1,CD8 T cell
C7orf57,0.34130471905180365,-0.010174324711650584,0.25,0.5,1,CD8 T cell
MOB3C,0.3413314641651943,-0.0035931607371768592,1,1,1,CD8 T cell
OSBPL9,0.34136119399063525,0.0530978569729475,1,1,1,CD8 T cell
PITRM1,0.34144134516182867,0.07683341669993289,1,1,1,CD8 T cell
ZNF561,0.34144299004262946,0.0751361947019844,1,1,1,CD8 T cell
COQ8B,0.34148761408334094,-0.03613552906196005,1,1,1,CD8 T cell
SLC38A9,0.3415813843104584,-0.02103233643963165,1,1,1,CD8 T cell
ELP2,0.3416057889994209,-0.051766814260998634,1,1,1,CD8 T cell
INTS14,0.3416362848996356,0.09238235636862335,1,1,1,CD8 T cell
ADSL,0.3417856761916402,0.0681828884897363,1,1,1,CD8 T cell
NCAPG2,0.3418047361161306,0.08497325184352311,1,1,1,CD8 T cell
EML1,0.3418826992783388,0.018840758102973254,0.5,0.333,1,CD8 T cell
ITGA2,0.341941052943908,-0.03864265439254666,0.5,0.833,1,CD8 T cell
STEAP4,0.34207114759426877,-0.06038571193136022,0.667,0.833,1,CD8 T cell
PPM1H,0.34224215755082893,0.006894263154784586,0.417,0.167,1,CD8 T cell
LUC7L2,0.342253994557525,0.03029389925528503,1,1,1,CD8 T cell
HDHD3,0.34228607881101164,-0.08900790679809778,1,1,1,CD8 T cell
PLXNA3,0.34254118298819586,-0.09132781568241577,1,1,1,CD8 T cell
PCDHGA3,0.34257191976763113,0.028860886458641488,0.917,0.917,1,CD8 T cell
DUSP12,0.34260172046697474,-0.08289637084087853,1,1,1,CD8 T cell
ARSJ,0.3427856184299733,0.03395312197990963,0.583,0.417,1,CD8 T cell
DGKG,0.3430209852949859,-0.012833901340088882,0.583,0.583,1,CD8 T cell
ARID3B,0.3431311759379521,-0.059903848061021225,1,1,1,CD8 T cell
P2RY13,0.34316797496781887,-0.020460796255449054,1,0.833,1,CD8 T cell
ZFP28,0.34318228303885556,0.10103202374821363,1,0.833,1,CD8 T cell
PRPF39,0.3431855711416174,-0.02539944927383675,1,1,1,CD8 T cell
NADK,0.3435096366175344,-0.0301895059608277,1,1,1,CD8 T cell
TRAF1,0.34355672570344237,0.07824146000604126,1,1,1,CD8 T cell
CDHR2,0.3436959241612887,-0.030815121730976003,0.75,0.75,1,CD8 T cell
XRCC4,0.3437950971355198,0.037876597931084444,1,1,1,CD8 T cell
ST6GAL1,0.3437965383662796,-0.04473182380839846,1,1,1,CD8 T cell
CHID1,0.34389451980561153,-0.02851886305077367,1,1,1,CD8 T cell
ZHX3,0.34393383115448356,-0.10554141036095199,1,1,1,CD8 T cell
NABP2,0.3442832961228272,0.08952539689366606,1,1,1,CD8 T cell
ZNF189,0.3442978715201549,0.06844827644887808,1,1,1,CD8 T cell
SRP54,0.3443095361069675,0.06727553197480851,1,1,1,CD8 T cell
ATG9A,0.3443875103766095,-0.039013054029164995,1,1,1,CD8 T cell
SYNGR2,0.3443938522551731,-0.058319018160126634,1,1,1,CD8 T cell
ZFP3,0.3444126370116993,0.0789258895962226,1,1,1,CD8 T cell
MIF,0.3446431822623401,-0.050618714080507665,1,1,1,CD8 T cell
TBCCD1,0.34466146951034166,-0.03685362548037818,1,1,1,CD8 T cell
FAF1,0.3447810418339667,0.0605488971426516,1,1,1,CD8 T cell
IDH1,0.3447991567362701,-0.05708871699374285,1,1,1,CD8 T cell
RABGGTA,0.3449477551787604,0.10688224392788837,1,1,1,CD8 T cell
MIA3,0.3449948709560203,0.05239464902885982,1,1,1,CD8 T cell
ABHD5,0.3451666765400392,-0.10061454893493882,1,1,1,CD8 T cell
CD22,0.3452696688075815,-0.04997448244995173,0.75,1,1,CD8 T cell
DPP3,0.34530642221196767,-0.0457348785011078,1,1,1,CD8 T cell
SLC16A5,0.34533608564641727,0.09418693552681878,1,0.917,1,CD8 T cell
RAB3D,0.34534456253169094,0.07251013509990711,1,1,1,CD8 T cell
FAM20B,0.34543177997471186,-0.028325203731750737,1,1,1,CD8 T cell
ZNF44,0.34544637509883314,0.1195842184170609,1,1,1,CD8 T cell
PHF10,0.3455438486336921,-0.05648763433065729,1,1,1,CD8 T cell
QARS1,0.3456021830521883,0.0709231959321921,1,1,1,CD8 T cell
KANTR,0.34561125643249035,-0.14087192284872163,1,1,1,CD8 T cell
BNIPL,0.34565713854783986,-0.0036159457158646546,1,1,1,CD8 T cell
KLHL11,0.34582854179002404,-0.08746623727670988,1,1,1,CD8 T cell
MAGED1,0.3459818629250753,0.08179789961214562,1,1,1,CD8 T cell
ZNF692,0.34602183378754803,-0.07759656788476965,1,1,1,CD8 T cell
NOTCH2,0.3460510915292664,-0.06866878385370956,1,1,1,CD8 T cell
LRR1,0.346086579954249,0.08542811737083911,1,1,1,CD8 T cell
RRM1,0.34615781382691063,0.04572510640431415,1,1,1,CD8 T cell
CEP85,0.3462463744314514,0.06817444828125796,1,1,1,CD8 T cell
ZFR,0.3462486290513019,-0.01260636938425197,1,1,1,CD8 T cell
TRIO,0.34663465130905463,-0.17240929164528174,1,1,1,CD8 T cell
GFRA2,0.3467748621203821,-0.06192421210804344,0.667,0.917,1,CD8 T cell
RLN2,0.34687966573427353,0.09370321567429007,1,1,1,CD8 T cell
FBXL19,0.3469819981682731,0.08090115352122762,1,1,1,CD8 T cell
MAP3K1,0.34726684436496413,0.049324857864988844,1,1,1,CD8 T cell
ARL4A,0.34735005344717657,-0.10613608154812093,1,1,1,CD8 T cell
MSH3,0.3474121459954148,0.0856934334703372,1,1,1,CD8 T cell
FGF18,0.3474818296129328,0.011400477677624643,0.583,0.667,1,CD8 T cell
ARID4B,0.3475207238546125,-0.03577114556818861,1,1,1,CD8 T cell
CWC27,0.3475389557607192,-0.0229852951801251,1,1,1,CD8 T cell
FERMT2,0.34763436089922684,0.023303804169620523,0.667,0.5,1,CD8 T cell
ZNFX1,0.347639540266736,-0.06163651895185185,1,1,1,CD8 T cell
PRRC2C,0.34767269085902414,-0.027252042061481352,1,1,1,CD8 T cell
YTHDF2,0.3476835635785469,-0.03535578489293134,1,1,1,CD8 T cell
H3-3B,0.3477248970190473,-0.0452610656109087,1,1,1,CD8 T cell
RPP25,0.34797696434256226,0.07160188751863528,1,1,1,CD8 T cell
MED13,0.3479952112144598,-0.034861298640952,1,1,1,CD8 T cell
CTSD,0.34803566214556925,-0.07288858155857325,1,1,1,CD8 T cell
KATNAL1,0.34804471267965714,0.10519072543971586,1,1,1,CD8 T cell
AGO4,0.3482997566598622,-0.06541262713293494,1,1,1,CD8 T cell
CEP164,0.3483901406184072,0.10481783806867184,1,1,1,CD8 T cell
MFSD10,0.3483909808068326,-0.06830763202248366,1,1,1,CD8 T cell
IBTK,0.34846231398893235,0.06579703992945746,1,1,1,CD8 T cell
CDV3,0.34869758085742136,-0.03384770657221686,1,1,1,CD8 T cell
SEMA6C,0.34878955387637994,0.0029498313339431093,1,1,1,CD8 T cell
STMP1,0.34898169683334085,-0.03746828303494909,1,1,1,CD8 T cell
WDR35,0.34910451091413175,0.08070095915424602,1,1,1,CD8 T cell
SOBP,0.3492487087384237,-0.014819256415245174,0.583,0.667,1,CD8 T cell
C1QTNF4,0.3493530926179278,0.004289392784312618,0.833,0.917,1,CD8 T cell
ANKRD61,0.34936916495003417,-0.010725157324862344,0.667,0.583,1,CD8 T cell
C4orf50,0.34941310114370455,0.16237215156545526,1,1,1,CD8 T cell
CHD9,0.3494676139673848,0.0696033687835124,1,1,1,CD8 T cell
FSCN3,0.34948165582393254,0.015919879411211202,0.75,0.75,1,CD8 T cell
ZNF879,0.34950263447442165,0.06439372438869162,1,1,1,CD8 T cell
MCCC2,0.34951514530185956,0.06874500287639052,1,1,1,CD8 T cell
BACH1,0.3495267862989226,-0.05795967558175252,1,1,1,CD8 T cell
KRTAP5-9,0.34956480538952767,-0.009019962439174911,0.917,0.833,1,CD8 T cell
BOD1,0.34963479265733,0.0875216801953953,1,1,1,CD8 T cell
PNRC1,0.3496693347658052,-0.06278449992046031,1,1,1,CD8 T cell
FKTN,0.34974443725665477,0.04681302877491955,1,1,1,CD8 T cell
C1orf74,0.34975965343581017,0.10666172127163609,1,0.917,1,CD8 T cell
AFG1L,0.34978545456765037,-0.06308072728622571,1,1,1,CD8 T cell
GSN,0.34990735930144207,0.1677868644772551,1,1,1,CD8 T cell
UTP4,0.349978556805552,-0.07097802785099105,1,1,1,CD8 T cell
POLD1,0.3501609538803891,0.02327639343557708,1,1,1,CD8 T cell
MINDY3,0.3506038351465037,-0.03621273697741373,1,1,1,CD8 T cell
ZNF844,0.350985111639447,0.1904494579263254,1,1,1,CD8 T cell
RNASE2,0.3510907365577231,-0.015350515398358855,0.917,0.917,1,CD8 T cell
NELFA,0.35109522681892646,-0.06620560452242402,1,1,1,CD8 T cell
AIP,0.3511689385437447,0.05089504618641194,1,1,1,CD8 T cell
ZNF420,0.35128615217623266,0.049895422906006015,1,1,1,CD8 T cell
GRB2,0.3515496114825229,-0.00859705427709545,1,1,1,CD8 T cell
ANKRD34A,0.35169028910544725,0.08399383634849045,1,1,1,CD8 T cell
LRP10,0.35194298028613935,-0.022705209409745894,1,1,1,CD8 T cell
LIMK1,0.35194305147804783,0.07756925093855627,1,1,1,CD8 T cell
FCHSD1,0.35207120147217896,-0.04362456435139339,1,1,1,CD8 T cell
TFE3,0.3521809796764279,0.051657903155397755,1,1,1,CD8 T cell
PRDX3,0.35223743957420034,0.07685679953795921,1,1,1,CD8 T cell
NRROS,0.352319555647886,0.08949864341200775,1,1,1,CD8 T cell
HUS1B,0.35235940656445486,-0.0645425656325509,0.917,1,1,CD8 T cell
ASGR2,0.35247238146880777,-0.019564210222670297,0.75,0.667,1,CD8 T cell
NXT1,0.3525431444320397,-0.08271986386160413,1,1,1,CD8 T cell
BTF3,0.35255631492387024,-0.13634428596813408,1,1,1,CD8 T cell
TOM1L2,0.35257131144939263,-0.06646762914468096,1,1,1,CD8 T cell
LAPTM4B,0.3526757010864599,-0.1996956372632539,1,1,1,CD8 T cell
PSME4,0.35268156641744597,-0.04679413867503901,1,1,1,CD8 T cell
CNOT8,0.35280325472467594,-0.03092826760931322,1,1,1,CD8 T cell
HACE1,0.35305798753205436,-0.070335427767243,1,1,1,CD8 T cell
AGGF1,0.3530693387701372,0.062234983314500336,1,1,1,CD8 T cell
NEURL2,0.35322498172320815,0.027125236145009612,0.917,0.917,1,CD8 T cell
PRMT7,0.35342511898310525,-0.04912112925433787,1,1,1,CD8 T cell
AHSA1,0.3535143857965804,-0.034662525703394564,1,1,1,CD8 T cell
PSMD1,0.3535239497062486,0.07740093019972916,1,1,1,CD8 T cell
TRAF4,0.35372114131091126,-0.06564195225404301,1,1,1,CD8 T cell
RGL2,0.35386369116140187,0.06018529367455572,1,1,1,CD8 T cell
UBR4,0.3540338508872656,-0.03628092872279748,1,1,1,CD8 T cell
PANK4,0.35412032987521647,-0.05223257948855797,1,1,1,CD8 T cell
GPD1,0.3542816186142542,-0.016402476647328523,0.667,0.667,1,CD8 T cell
RMDN1,0.3542898440778973,0.08188047646163499,1,1,1,CD8 T cell
PHLDB1,0.3543941039532825,-0.06744007230546645,1,1,1,CD8 T cell
TRPC4AP,0.35448422561337295,-0.04529830521881539,1,1,1,CD8 T cell
COX14,0.3546159501500804,-0.045915027901102246,1,1,1,CD8 T cell
PIK3R1,0.3548097494326516,-0.12657988910194473,1,1,1,CD8 T cell
MOB1B,0.3548674968530204,0.13013423625790388,1,1,1,CD8 T cell
ETHE1,0.3550768616419549,0.08924444006567524,1,1,1,CD8 T cell
ASCC1,0.3553105464107284,0.03275626554537581,1,1,1,CD8 T cell
FEN1,0.35558107823803475,-0.06163309324508748,1,1,1,CD8 T cell
CNOT6,0.35574884946633356,-0.03559428304574496,1,1,1,CD8 T cell
CNPY2,0.3559374017243187,-0.068234049539549535,1,1,1,CD8 T cell
MCEE,0.3560188531172568,-0.0727724012406048,1,1,1,CD8 T cell
FKBP10,0.3561527152996192,-0.062135967742034115,0.917,1,1,CD8 T cell
XPO1,0.35618230764812625,-0.03894436414281205,1,1,1,CD8 T cell
TENT2,0.3562370500690507,-0.05559124536744242,1,1,1,CD8 T cell
ZBTB12,0.3563118166964006,-0.0817213965466368,0.833,0.917,1,CD8 T cell
TMEM232,0.3564892169543343,0.041603194070773064,0.917,0.833,1,CD8 T cell
ZDHHC8,0.3564988474016907,-0.059880869699914185,1,1,1,CD8 T cell
SLC19A2,0.35650192245255835,0.09470535789186263,1,1,1,CD8 T cell
ZKSCAN2,0.35669636921768394,-0.013163009764960432,1,1,1,CD8 T cell
ZNF124,0.35671190646922213,0.04311265744959325,1,1,1,CD8 T cell
DYNC2H1,0.35747479819568667,0.12501702016040728,1,1,1,CD8 T cell
HSCB,0.35749936458283615,-0.12172879011976723,1,1,1,CD8 T cell
ITGAD,0.3575196739185915,0.13840920812400848,0.833,1,1,CD8 T cell
UTY,0.3577188550782433,0.055461589564269165,0.917,0.833,1,CD8 T cell
ILKAP,0.3577659113256138,-0.028266733313741688,1,1,1,CD8 T cell
ELAVL4,0.3579402808896001,-0.029281165928543906,0.25,0.5,1,CD8 T cell
GMEB2,0.3579504455571315,0.06022966392146545,1,1,1,CD8 T cell
TRAK2,0.35795096203875615,-0.05125940312443833,1,1,1,CD8 T cell
ZNF346,0.35811871732222755,0.0644769284324409,1,1,1,CD8 T cell
ZNF668,0.35814347664340274,0.09090532578342048,1,1,1,CD8 T cell
TMEM69,0.3586647632257041,0.06352220843554157,1,1,1,CD8 T cell
SEC61G,0.35870607331547005,-0.014754318600293748,1,1,1,CD8 T cell
IFIH1,0.3588392310828087,-0.0435413027513325,1,1,1,CD8 T cell
ATAD1,0.3589700905559033,0.027755926040214263,1,1,1,CD8 T cell
ODF3B,0.3590484326088205,-0.05648772467013963,1,1,1,CD8 T cell
KDM4A,0.3590502321782303,0.06601647656885795,1,1,1,CD8 T cell
MT-ND5,0.35905889282298215,-0.07850960948323793,1,1,1,CD8 T cell
SRXN1,0.3591189904781622,-0.09230634233289225,1,1,1,CD8 T cell
CAPN12,0.359267470762824,-0.1285986978232434,1,1,1,CD8 T cell
PEX13,0.3593573482958326,-0.01838410632722387,1,1,1,CD8 T cell
FAM91A1,0.3593773683265049,-0.045957478289764875,1,1,1,CD8 T cell
SGK2,0.3598389132496898,0.024078714047847782,0.75,0.667,1,CD8 T cell
TESPA1,0.3599595675725802,0.11711402048320646,1,1,1,CD8 T cell
ALDH18A1,0.3601315488997078,-0.06585503317702768,1,1,1,CD8 T cell
CATSPER2,0.36016683605969874,-0.10434174525120232,1,1,1,CD8 T cell
TNRC18,0.3602547431722574,-0.027518681134365952,1,1,1,CD8 T cell
ADGRD1,0.3603243634090866,0.005113429380309231,0.417,0.25,1,CD8 T cell
TAB1,0.3605209397146462,0.07926701060129382,1,1,1,CD8 T cell
ZNF518B,0.3606851779926312,0.07376420692122188,1,1,1,CD8 T cell
NUFIP1,0.3607069425230791,-0.05842854812142262,1,1,1,CD8 T cell
PTPA,0.3610076207522146,0.051630315928092946,1,1,1,CD8 T cell
MTHFD2,0.36102981268630707,-0.04673276473446242,1,1,1,CD8 T cell
DNM1L,0.36108836918632636,0.04503400662504031,1,1,1,CD8 T cell
PANK2,0.36137636956617336,-0.11566762486971349,1,1,1,CD8 T cell
CHCHD2,0.36143480294760405,-0.039906048693338914,1,1,1,CD8 T cell
SPARC,0.3614713035622093,0.07420377879255113,1,0.917,1,CD8 T cell
RIBC2,0.36147833060077905,0.025592115574792018,0.667,0.167,1,CD8 T cell
GALNT4,0.3616240244210398,0.11506661831971932,1,1,1,CD8 T cell
SPOCK1,0.3617004471652465,0.013953643060953258,0.417,0.083,1,CD8 T cell
ZNF705G,0.36170085053686435,0.022202659629543042,0.417,0.25,1,CD8 T cell
HCFC2,0.3618265114267833,-0.06839256721334674,1,1,1,CD8 T cell
KCTD12,0.3618610746628299,0.08490161032595189,1,1,1,CD8 T cell
ANP32A,0.3618730835410199,-0.07455811786709357,1,1,1,CD8 T cell
SLC35G2,0.36195567745851026,-0.14317843612361303,1,1,1,CD8 T cell
MAPK14,0.36221396124345695,0.05710033930304115,1,1,1,CD8 T cell
ZNF524,0.3623130949895472,0.09223953780843908,1,1,1,CD8 T cell
TM9SF3,0.3623215523505098,0.04440040162706915,1,1,1,CD8 T cell
DLL4,0.36234467600756903,0.010582717797892105,0.5,0.25,1,CD8 T cell
USP38,0.36244296455967717,-0.034088798070505355,1,1,1,CD8 T cell
ELOB,0.36245608605449636,-0.03892272293262436,1,1,1,CD8 T cell
RBM19,0.3624727596685264,-0.062430410905058936,1,1,1,CD8 T cell
NPC1,0.3625229900653196,-0.0581670948384011,1,1,1,CD8 T cell
PLA2G7,0.3627274696160126,-0.03711857275466279,0.583,0.667,1,CD8 T cell
ZNF623,0.36276225619371283,0.05449516528870818,1,1,1,CD8 T cell
CROT,0.3627776051968662,-0.07156757473512865,1,1,1,CD8 T cell
IDI1,0.36285806088342043,-0.0712706092815012,1,1,1,CD8 T cell
SUSD3,0.36326049947158934,0.19664587374084186,1,1,1,CD8 T cell
BCLAF3,0.36350262050143284,0.06555476784670844,1,1,1,CD8 T cell
PUS7,0.3636640581011773,0.12415503781119819,1,1,1,CD8 T cell
DACH1,0.36379887587599846,0.019839798890285643,0.5,0.333,1,CD8 T cell
SAMD1,0.3638195622389341,-0.04328457257249185,1,1,1,CD8 T cell
BRD3OS,0.3638336528866164,0.09649041124523361,1,1,1,CD8 T cell
ADGRB1,0.3638595345758198,-0.06759560602791881,1,1,1,CD8 T cell
ATG2A,0.36407993019693113,-0.0800106893153184,1,1,1,CD8 T cell
CCL23,0.36412308121982934,0.026141628979076792,0.667,0.583,1,CD8 T cell
DDX25,0.3642600177060748,-0.009995010340158927,0.167,0.5,1,CD8 T cell
PGRMC2,0.36430585523265013,-0.053772240703352514,1,1,1,CD8 T cell
NUAK1,0.3643247331112043,-0.2284300789748075,1,1,1,CD8 T cell
DHX57,0.3643372146617172,0.023560867134588825,1,1,1,CD8 T cell
DPH3,0.3644203885835683,-0.06820520053462575,1,1,1,CD8 T cell
LIMK2,0.3644646730218766,0.04192499593793353,1,1,1,CD8 T cell
SMG5,0.3646382126067645,-0.05150163542961404,1,1,1,CD8 T cell
PHC2,0.3646549913142302,-0.028183391595354806,1,1,1,CD8 T cell
CCR8,0.36477888827074334,0.06245914182198842,0.917,0.833,1,CD8 T cell
COL5A1,0.3648115915733391,-0.02297109574623013,0.25,0.5,1,CD8 T cell
ITFG2,0.3653794593577195,0.05255170880840878,1,1,1,CD8 T cell
PIGV,0.3655250566160415,0.09772809172748986,1,1,1,CD8 T cell
MYDGF,0.36555783543750303,-0.047551815779627804,1,1,1,CD8 T cell
UMPS,0.3655822429726594,0.07073522152439815,1,1,1,CD8 T cell
B2M,0.36573185859907553,-0.05622600354001239,1,1,1,CD8 T cell
TFG,0.36578681016578163,-0.004559488180521654,1,1,1,CD8 T cell
SDAD1,0.36580725168853984,0.06704160608295512,1,1,1,CD8 T cell
TUSC1,0.3658712930557131,0.013038106446435993,0.5,0.167,1,CD8 T cell
IER5,0.36590247859835967,-0.03573329725197294,1,1,1,CD8 T cell
DEPTOR,0.36593242543322246,-0.0659095278849735,1,1,1,CD8 T cell
IRF2,0.3659809935616095,0.05670284556990979,1,1,1,CD8 T cell
PGLS,0.36612887991808624,-0.033809578513834315,1,1,1,CD8 T cell
PHLPP2,0.3662903411341874,0.09428549591949298,1,1,1,CD8 T cell
SPRTN,0.36642353899916763,0.039855722565809604,1,1,1,CD8 T cell
EIF6,0.36645995872000287,-0.06660051833219197,1,1,1,CD8 T cell
SNRK,0.3669371135599158,-0.0350493322354577,1,1,1,CD8 T cell
TMEM35B,0.3669747282809362,0.05712162888327199,1,1,1,CD8 T cell
OFD1,0.36717351557167477,-0.06575603519760331,1,1,1,CD8 T cell
LIN52,0.36717951095330087,0.10045284500282836,1,1,1,CD8 T cell
HMGN4,0.36744150021263833,-0.023050011798840586,1,1,1,CD8 T cell
CFAP410,0.36744441552248536,-0.08095224334067352,1,1,1,CD8 T cell
PABPC1L,0.36749582394128777,-0.06336627177468246,1,1,1,CD8 T cell
AGL,0.3676173794611331,-0.0694186077410115,1,1,1,CD8 T cell
CMTM4,0.3676480999217451,0.05126925321177955,1,0.917,1,CD8 T cell
BBS9,0.3676554792600179,0.057552774203899273,1,1,1,CD8 T cell
NPHP3,0.3678027523039907,0.03280647727174313,1,1,1,CD8 T cell
RAB3IP,0.3678524461444567,0.10209302142371446,1,1,1,CD8 T cell
ATP5MJ,0.3678618747546231,-0.08801486023028415,1,1,1,CD8 T cell
ZFP36,0.3682703796388756,-0.08911176066326187,1,1,1,CD8 T cell
BPHL,0.3683106116392819,0.07954661499257742,1,1,1,CD8 T cell
TNNC1,0.36836057346697926,-0.004477568139710453,0.917,1,1,CD8 T cell
FOXRED2,0.36850945043703154,-0.07729693464903464,1,1,1,CD8 T cell
MEN1,0.3685697151057607,0.05895036847176072,1,1,1,CD8 T cell
RXRA,0.36869539303005483,-0.10406376584087895,1,1,1,CD8 T cell
OR56A4,0.3687694324586365,0.00813021550538151,0.583,0.25,1,CD8 T cell
COPS7B,0.3688613134747986,0.06161787792396567,1,1,1,CD8 T cell
RRM2B,0.36896153666794756,0.04843058480485096,1,1,1,CD8 T cell
SHOX2,0.3690969784756596,0.032213736098575474,0.417,0.417,1,CD8 T cell
WDR54,0.3691130473937015,0.09286654911214853,1,1,1,CD8 T cell
ETV7,0.36945528969338814,-0.024258016013608774,0.5,0.583,1,CD8 T cell
TEDC2,0.369585254560482,0.015074736777739961,0.75,0.75,1,CD8 T cell
PTER,0.3696767457420098,0.08526810057259848,1,1,1,CD8 T cell
FZD5,0.3696990141430986,0.054757308952671835,1,0.667,1,CD8 T cell
ACOT7,0.3697301656847159,0.14025354222109954,1,1,1,CD8 T cell
UEVLD,0.3697959172585223,0.056665873396416544,1,1,1,CD8 T cell
ZNF157,0.36992361854009403,0.04051431787234927,0.833,0.75,1,CD8 T cell
TENT4A,0.36998949501249073,-0.03228951424009652,1,1,1,CD8 T cell
FNDC7,0.3700066094647214,-0.03193838848407138,0.667,0.833,1,CD8 T cell
SMURF2,0.3700899270383563,0.06466853103550774,1,1,1,CD8 T cell
LIMA1,0.3702362982241356,0.06513366696831746,1,1,1,CD8 T cell
SSH1,0.3702593322759508,-0.06315014962728094,1,1,1,CD8 T cell
ZNF550,0.37036545237192675,0.10821890256959965,1,1,1,CD8 T cell
PARP2,0.37040023703241987,0.0925372363622814,1,1,1,CD8 T cell
ASPRV1,0.37044764933383384,0.05650882138411184,1,1,1,CD8 T cell
MAPK8IP2,0.37048628373941206,-0.03280753653514701,0.583,0.75,1,CD8 T cell
INAVA,0.3704920298921456,0.04408608430234873,0.5,0.417,1,CD8 T cell
PLK3,0.3706387916874751,-0.06910187621169972,1,1,1,CD8 T cell
TMEM131,0.37064579441865214,0.02584791424553794,1,1,1,CD8 T cell
UCP3,0.3707833727741331,0.03261556914345398,1,1,1,CD8 T cell
IL17RA,0.3707848958656741,-0.07007973588522826,1,1,1,CD8 T cell
B3GALT4,0.3708305374819229,0.04809859912598591,1,1,1,CD8 T cell
YTHDF1,0.3710156024987433,-0.03774248373120215,1,1,1,CD8 T cell
TNFRSF1B,0.3710679651395545,-0.06436318593347123,1,1,1,CD8 T cell
SELENOK,0.371165959631239,-0.039839758730575214,1,1,1,CD8 T cell
SYNGR3,0.37124057324649806,0.11515630133821197,1,1,1,CD8 T cell
THBS4,0.37125574730755273,0.005103455975233651,0.583,0.5,1,CD8 T cell
PRDX5,0.37132119141825076,0.07035088037835358,1,1,1,CD8 T cell
ROBO3,0.3716046978935351,0.11148798358044987,1,1,1,CD8 T cell
BRSK2,0.3716134285079026,0.011460364481935326,0.5,0.5,1,CD8 T cell
CCNK,0.3716210203571312,-0.03246371321654329,1,1,1,CD8 T cell
SEPTIN5,0.3716387789053299,0.023358810783627337,0.833,0.583,1,CD8 T cell
CTSZ,0.3717129169085425,0.09665358291283499,1,1,1,CD8 T cell
WIPI2,0.37184212122647325,-0.010675671601052365,1,1,1,CD8 T cell
FHIP2B,0.3721198193628215,0.06846007760442097,1,1,1,CD8 T cell
FLVCR2,0.372182428993725,0.05735477385631693,1,0.917,1,CD8 T cell
COX10,0.37224314634891154,-0.08706193273066554,1,1,1,CD8 T cell
MGST1,0.372245898933752,-0.029265362248663163,0.75,0.917,1,CD8 T cell
RSRC1,0.37230812632110905,0.062262471628495825,1,1,1,CD8 T cell
PHACTR4,0.3723632933992307,-0.04491822201471898,1,1,1,CD8 T cell
ZNF280D,0.3723900151913452,-0.05397469747442746,1,1,1,CD8 T cell
GTPBP2,0.37248155663414,0.06809925697046199,1,1,1,CD8 T cell
AGTPBP1,0.37254772908298334,-0.04221568328348324,1,1,1,CD8 T cell
AZIN1,0.3726170847946643,-0.061128960092395435,1,1,1,CD8 T cell
CTNS,0.37264826828764924,-0.04281662915888229,1,1,1,CD8 T cell
ERCC8,0.373064379856262,0.05329107974522773,1,1,1,CD8 T cell
SAMD14,0.3731397932764016,0.00938352586753144,0.5,0.417,1,CD8 T cell
XPNPEP3,0.3732785326202474,-0.08378490479914102,1,1,1,CD8 T cell
SLAMF8,0.3733835127525886,-0.09286520160414868,1,1,1,CD8 T cell
CHST15,0.37340723480134647,-0.020134089432259472,0.833,1,1,CD8 T cell
SH2B1,0.37347738443442285,-0.04983244052265136,1,1,1,CD8 T cell
ATP5MC1,0.37355205351083975,-0.030505394087754434,1,1,1,CD8 T cell
CCNB2,0.37375808051032094,-0.028563623498248703,1,1,1,CD8 T cell
ZNF773,0.37391391334850843,-0.05203134524717834,0.667,1,1,CD8 T cell
TLE4,0.37402496203860136,-0.047460222208876204,1,1,1,CD8 T cell
CDKN2C,0.37405875430612917,-0.10933179682873462,1,1,1,CD8 T cell
LARP4B,0.3742670680692047,-0.04009471280285534,1,1,1,CD8 T cell
CNN2,0.37451754190841635,0.11312392103439395,1,1,1,CD8 T cell
DPH2,0.37455828370438327,-0.07519962510387357,1,1,1,CD8 T cell
GTPBP1,0.37459517608458764,-0.036428856332203496,1,1,1,CD8 T cell
GINS3,0.37468207413232907,0.11286289889661649,1,1,1,CD8 T cell
FLOT2,0.37470500811962804,-0.03430580267503336,1,1,1,CD8 T cell
TUBE1,0.3747605395283327,0.10601915646041893,1,1,1,CD8 T cell
RAB4B,0.374787621724321,0.06690373425531221,1,1,1,CD8 T cell
SOCS7,0.37485096926888495,0.06356397081656406,1,1,1,CD8 T cell
TMEM38B,0.3748835615111962,-0.08380086512193285,1,1,1,CD8 T cell
ZFYVE16,0.37495713435627037,-0.04967074975219132,1,1,1,CD8 T cell
ANKS3,0.37499705567400166,-0.04597101383211877,1,1,1,CD8 T cell
BRIP1,0.3750852915433319,-0.09127618519147385,1,1,1,CD8 T cell
ZNF131,0.37510491255516054,-0.05490326988452482,1,1,1,CD8 T cell
NUP205,0.37515347803429594,0.020004054016987266,1,1,1,CD8 T cell
ATG16L2,0.3751884696050928,0.062179217360260386,1,1,1,CD8 T cell
VCPIP1,0.3752040407590502,-0.032015084883713296,1,1,1,CD8 T cell
C9orf24,0.3752431625823046,-0.01132579813997081,0.667,0.667,1,CD8 T cell
BCOR,0.3752798107542056,0.08159738319124094,1,1,1,CD8 T cell
DUSP6,0.37555631337658524,0.09174983826437577,1,1,1,CD8 T cell
CDCP1,0.37562065948360446,0.02468034433795463,0.75,0.5,1,CD8 T cell
EFTUD2,0.3757979128457752,0.03520213564224206,1,1,1,CD8 T cell
FTH1,0.3758015550392162,-0.055023905206798895,1,1,1,CD8 T cell
PCYT1A,0.3758351919851437,0.07344127218954022,1,1,1,CD8 T cell
TENT4B,0.37611580487714,-0.08047501465364827,1,1,1,CD8 T cell
GLT8D1,0.37634824982859666,0.07108008548523104,1,1,1,CD8 T cell
BCAT2,0.3763805866989949,0.047276603080169455,1,1,1,CD8 T cell
SLC52A1,0.3766509483943002,-0.007602846974672062,0.583,0.417,1,CD8 T cell
CNOT10,0.3768219955835489,0.05263913741499371,1,1,1,CD8 T cell
SIVA1,0.37706021788309874,-0.016290073715372277,1,1,1,CD8 T cell
USP33,0.3773950109090917,-0.04278373939918101,1,1,1,CD8 T cell
SLC44A1,0.37742107025016086,0.14119696071623866,1,1,1,CD8 T cell
KATNAL2,0.37765114076310624,-0.05470817842013487,0.833,0.833,1,CD8 T cell
MYLIP,0.37766507604425426,-0.15178022284882225,1,1,1,CD8 T cell
ATP2A1,0.37767028070462727,-0.01963509364641869,0.667,0.667,1,CD8 T cell
WWC2,0.3777324952985083,-0.14342451569056625,1,1,1,CD8 T cell
SNX17,0.3777691499636581,0.037348170515156154,1,1,1,CD8 T cell
PES1,0.3779720057909379,0.03689406916987381,1,1,1,CD8 T cell
RBM38,0.378190522782723,-0.06813914992067388,1,1,1,CD8 T cell
KTN1,0.37819365847113445,-0.05015093315930069,1,1,1,CD8 T cell
C1orf56,0.378301374735546,0.05163768325145757,1,1,1,CD8 T cell
CCR10,0.37835357488467486,-0.05150412208217725,0.667,0.917,1,CD8 T cell
CITED1,0.3785822837583847,-0.02971756595658226,0.583,0.75,1,CD8 T cell
KLHL2,0.37869378695905076,-0.043947079661802224,1,1,1,CD8 T cell
VPS26A,0.37873745036883794,0.05629980110013577,1,1,1,CD8 T cell
ZNF254,0.3788349042612023,0.043664463506635665,1,1,1,CD8 T cell
LGALS3,0.37890764671113114,0.11752634323011124,1,1,1,CD8 T cell
ATPAF1,0.3789701756888655,0.04186801233611359,1,1,1,CD8 T cell
MYO18A,0.379049890491773,0.0701897277066924,1,1,1,CD8 T cell
TCOF1,0.37906148402907597,0.06014784066256362,1,1,1,CD8 T cell
SPON1,0.37910623278047834,0.02222265542473645,0.833,0.667,1,CD8 T cell
NFKBIZ,0.3791599212914055,-0.08535297540800729,1,1,1,CD8 T cell
PRXL2C,0.3792588469740501,-0.05456171433930801,1,1,1,CD8 T cell
PTPRJ,0.3793252257010559,-0.08456318795875084,1,1,1,CD8 T cell
WDR6,0.3793885946742868,-0.03060671636359298,1,1,1,CD8 T cell
NRL,0.3793952274741586,-0.04321314056960501,1,1,1,CD8 T cell
HTRA4,0.379515674036344,0.005365906279265253,1,1,1,CD8 T cell
CHST11,0.37954387745873797,-0.05020444291232984,1,1,1,CD8 T cell
IPO13,0.3796197651363221,0.0935816230643085,1,1,1,CD8 T cell
CDCA4,0.37970944944766327,-0.06997758011180144,1,1,1,CD8 T cell
ZNF143,0.3797235091185227,-0.05335197292802851,1,1,1,CD8 T cell
PRKACA,0.3797240764025012,0.05759744621823848,1,1,1,CD8 T cell
PDZK1,0.37976461203559053,0.0707221373801663,1,1,1,CD8 T cell
TIMM29,0.3798398276749139,-0.019599266485669453,1,1,1,CD8 T cell
ZNF333,0.3799813045196518,0.08798180467908945,1,1,1,CD8 T cell
RNF121,0.3800343847489428,-0.10841275384672944,1,1,1,CD8 T cell
MTRF1L,0.380062611931456,0.0733966820868508,1,1,1,CD8 T cell
NT5DC1,0.38012464541896873,0.08141606142294405,1,1,1,CD8 T cell
EMC1,0.380243269365813,0.06766199990265653,1,1,1,CD8 T cell
LRCH3,0.3803430226240323,-0.05025582983450416,1,1,1,CD8 T cell
AP3B1,0.38054071059794775,-0.03809384265367388,1,1,1,CD8 T cell
GLRX,0.38059941978523776,0.09887154281203814,1,1,1,CD8 T cell
MBTD1,0.38061035220913597,-0.03039146599221043,1,1,1,CD8 T cell
NOL10,0.3806891235685871,-0.049853621936612136,1,1,1,CD8 T cell
OGFOD2,0.3808816956504504,0.0701981526335742,1,1,1,CD8 T cell
NUP62,0.3809357336372307,-0.023157577144129013,1,1,1,CD8 T cell
COLEC11,0.38094997968013256,0.03902938725545457,0.667,0.583,1,CD8 T cell
ALPK1,0.38099962344563765,0.07023104683171866,1,0.917,1,CD8 T cell
CARF,0.38115588029531255,0.07158418102359942,1,1,1,CD8 T cell
MXI1,0.3813238150061972,-0.12941971710636807,1,1,1,CD8 T cell
IL17D,0.38167508124478866,-0.028174606728457174,0.333,0.583,1,CD8 T cell
TTC31,0.38173129570565884,-0.07162216926146447,1,1,1,CD8 T cell
SAP30BP,0.3817547314146438,0.055900637028985414,1,1,1,CD8 T cell
SRP72,0.3818279772824142,-0.04248617095634122,1,1,1,CD8 T cell
RIOK2,0.38190042555699244,0.0681121373608653,1,1,1,CD8 T cell
INAFM2,0.3819803275846915,0.04937576133373556,1,1,1,CD8 T cell
SEC16B,0.3819944515869669,0.007052045469341017,0.417,0.083,1,CD8 T cell
LRPAP1,0.3820378299754656,-0.026103693026079067,1,1,1,CD8 T cell
ABCB9,0.3820906211523211,0.05229998976415606,1,1,1,CD8 T cell
MCTS1,0.38217075572014486,0.07184183479163936,1,1,1,CD8 T cell
KHDC4,0.382183361823853,-0.06292029026806606,1,1,1,CD8 T cell
ZSCAN20,0.38229618636495943,-0.07439055744431755,1,1,1,CD8 T cell
LPIN1,0.3824711243660074,0.07929649266425948,1,1,1,CD8 T cell
PRICKLE1,0.3824986404273379,-0.02564110414577314,0.417,0.583,1,CD8 T cell
HSDL1,0.3825966995900444,-0.10583880197178841,1,1,1,CD8 T cell
MMACHC,0.3826698809119769,0.049858750066213986,1,1,1,CD8 T cell
STK40,0.382770116561993,-0.04170774345960798,1,1,1,CD8 T cell
ZFAT,0.3832838032897636,-0.04503093928133173,1,1,1,CD8 T cell
PLCH1,0.3833671912442027,0.010355452749079674,0.333,0.25,1,CD8 T cell
C16orf95,0.383392804564689,0.08263890410072738,1,1,1,CD8 T cell
UBE2V2,0.3835302675461919,-0.08033027471678422,1,1,1,CD8 T cell
AP2M1,0.383668864499957,-0.011454728394668046,1,1,1,CD8 T cell
CMBL,0.3837098941620246,-0.054390531844709766,0.583,1,1,CD8 T cell
POC1B,0.3837668324563534,0.0804865125567894,1,1,1,CD8 T cell
REL,0.38379404983715926,-0.05758686309004046,1,1,1,CD8 T cell
TRIB3,0.38386435668000896,0.09999813102227595,1,1,1,CD8 T cell
REPS2,0.38398670070873964,-0.07954903497030896,0.75,1,1,CD8 T cell
DCST2,0.3839920102752382,-0.011466467200496044,0.583,0.667,1,CD8 T cell
SF3A3,0.3839959445421788,0.04726932669815792,1,1,1,CD8 T cell
DAXX,0.3840800920393314,0.058047037181845784,1,1,1,CD8 T cell
CCDC120,0.384175763129952,-0.05133875240529617,1,1,1,CD8 T cell
L1CAM,0.38424764733382866,-0.06657186555152927,1,1,1,CD8 T cell
MICU1,0.38425917178752605,0.06325784587898187,1,1,1,CD8 T cell
C8orf82,0.38427406526693736,-0.007250393416157408,1,0.917,1,CD8 T cell
VEGFA,0.38429101498098267,0.03361703989840814,0.917,0.917,1,CD8 T cell
NSMCE3,0.38437624994246145,-0.04742237330312976,1,1,1,CD8 T cell
BLTP3B,0.38439151624106316,-0.0422243940115099,1,1,1,CD8 T cell
LZTS1,0.38439778454645485,-0.16154595633617275,0.667,0.5,1,CD8 T cell
ETFBKMT,0.384454372407588,0.084123679914756,1,1,1,CD8 T cell
USP4,0.384653289901347,0.0700004923465537,1,1,1,CD8 T cell
HDHD5,0.3847807845961557,-0.07727891947873222,1,1,1,CD8 T cell
EARS2,0.3849472958332175,4.4922748679376845e-4,1,1,1,CD8 T cell
RANBP3,0.3849535594651922,-0.03502037949190047,1,1,1,CD8 T cell
NUDT15,0.38502842955256433,-0.03836366964561089,1,1,1,CD8 T cell
NUS1,0.3851374566386147,-0.05258391224635495,1,1,1,CD8 T cell
DMPK,0.3851431825959379,-0.08879408808477418,1,1,1,CD8 T cell
ACBD3,0.3852381865441839,-0.04014788635652506,1,1,1,CD8 T cell
MAP1A,0.3852667680600567,-0.047192215697608564,0.583,0.833,1,CD8 T cell
PIGC,0.38534330988345394,0.046306880164105446,1,1,1,CD8 T cell
ATP5F1E,0.3854916264655393,-0.05152578629532473,1,1,1,CD8 T cell
TMX2,0.3855765910749389,-0.05033157798235782,1,1,1,CD8 T cell
POMGNT1,0.38572123246202683,-0.027854859790927056,1,1,1,CD8 T cell
IGHD,0.3858020077232244,0.01833557398622432,0.917,0.917,1,CD8 T cell
RFPL2,0.3858807941768223,-0.022540333319352346,0.25,0.333,1,CD8 T cell
KSR1,0.38588344281978143,-0.06282694573416747,1,1,1,CD8 T cell
LRRC56,0.38590880457123905,0.07068155247414909,1,1,1,CD8 T cell
ARHGEF4,0.3860434214634323,0.0696688185593004,1,0.917,1,CD8 T cell
EED,0.3863858702682737,0.1006641147297922,1,1,1,CD8 T cell
HIP1R,0.3866340363890787,-0.07396698962304549,1,1,1,CD8 T cell
KNL1,0.38690055766503795,-0.040538874347941345,1,1,1,CD8 T cell
CCR6,0.3870418259385486,0.16604675684367143,1,1,1,CD8 T cell
TSC22D4,0.38706393738996625,-0.029716830512898307,1,1,1,CD8 T cell
ENC1,0.3871050724207216,-0.21166862104285106,1,1,1,CD8 T cell
TRPS1,0.3871687968268341,-0.04456119650076462,1,1,1,CD8 T cell
ANKAR,0.3873832189076601,0.02627187930099173,1,1,1,CD8 T cell
FDX2,0.3874449122962503,-0.05208804384156096,1,1,1,CD8 T cell
FUT1,0.3874648602541279,0.018739894084626396,0.75,0.667,1,CD8 T cell
GSG1L,0.38781016758659265,0.006786103109271746,0.417,0.333,1,CD8 T cell
LYN,0.38781675510226427,-0.09271779325710927,1,1,1,CD8 T cell
HIF1A,0.3879473614355054,-0.06431303022885182,1,1,1,CD8 T cell
UNC93B1,0.38807763433288167,0.08891049072711943,1,1,1,CD8 T cell
RER1,0.3881273986500366,-0.035744388473901934,1,1,1,CD8 T cell
AP3M2,0.3881424624461382,-0.042155934792643235,1,1,1,CD8 T cell
ZNF32,0.38819282762169965,0.046059682861849555,1,1,1,CD8 T cell
SLC18B1,0.38824925986389863,0.1251396328238117,1,1,1,CD8 T cell
ALDH9A1,0.3883079925394668,0.0398889195052923,1,1,1,CD8 T cell
LRP5,0.3883481893295911,-0.025393571016017802,0.75,1,1,CD8 T cell
MROH7,0.38840430384988306,0.004829545551469305,0.333,0.25,1,CD8 T cell
CD72,0.38847447549182307,0.062177064162968865,1,1,1,CD8 T cell
ALKBH6,0.3885810065168987,0.06303342035288206,1,1,1,CD8 T cell
TARS1,0.3886394196721765,-0.06234388589588313,0.917,1,1,CD8 T cell
RIN2,0.38865947697058617,0.003105521637364106,0.833,0.75,1,CD8 T cell
CRB3,0.3888278173453584,0.02740970518005037,0.75,0.333,1,CD8 T cell
CFAP144,0.38884850906315116,-0.02272949503907773,0.167,0.333,1,CD8 T cell
HOMER3,0.38907405264941936,-0.02105939222061659,0.667,0.833,1,CD8 T cell
ARID2,0.38936720006594744,-0.05068520272725169,1,1,1,CD8 T cell
CLU,0.3895043584925463,0.12068831638189925,1,1,1,CD8 T cell
GYS1,0.38957834056022833,-0.05201973267580329,1,1,1,CD8 T cell
FKBP14,0.38967882338214693,-0.09875224480016742,1,1,1,CD8 T cell
WASF3,0.38982498876127464,0.007445209453974311,0.5,0.167,1,CD8 T cell
CD83,0.3898348486632783,-0.05105928317151642,1,1,1,CD8 T cell
SMG9,0.38985813070745995,0.1084910697483723,1,1,1,CD8 T cell
PEX3,0.38986979356316087,-0.04822294515139236,1,1,1,CD8 T cell
RNF31,0.38999883930693907,0.050680721121627734,1,1,1,CD8 T cell
TIMM8A,0.39016229015717974,0.06200673614674446,1,1,1,CD8 T cell
STK4,0.39029871109892617,-0.025675141074619212,1,1,1,CD8 T cell
GSTCD,0.3904204768096036,0.05193896033677947,1,1,1,CD8 T cell
GTF3C2,0.39044331572389185,0.029746977470127,1,1,1,CD8 T cell
SMCR8,0.3905694019127508,-0.06337530056657187,1,1,1,CD8 T cell
CTSO,0.3906660741432548,0.14687829702621436,1,1,1,CD8 T cell
FBXL17,0.3908223433535983,-0.041747979527068435,1,1,1,CD8 T cell
ASAP2,0.39121033623179724,-0.007963275394643698,0.667,0.583,1,CD8 T cell
LSM14A,0.3912608851188742,-0.010932098788452915,1,1,1,CD8 T cell
PPP1R13L,0.39126580354605756,0.05346976090592781,1,1,1,CD8 T cell
SLC39A3,0.3914465196122837,0.07827065181034376,1,1,1,CD8 T cell
GCM1,0.39149014560240397,0.009598772635539543,0.417,0.25,1,CD8 T cell
SCAPER,0.39158058539596624,-0.07218787607089205,1,1,1,CD8 T cell
ZNF684,0.3915963539147306,-0.08367469186441623,1,1,1,CD8 T cell
ATP2B1,0.39174591323545027,-0.06289352386453384,1,1,1,CD8 T cell
WDR7,0.3919787457425145,-0.054095270038113874,1,1,1,CD8 T cell
PMPCA,0.39200000424172426,0.03607894932692213,1,1,1,CD8 T cell
SPRYD3,0.39205753470938093,0.057206640923595065,1,1,1,CD8 T cell
CD2BP2,0.3922488369927855,0.09135669464994733,1,1,1,CD8 T cell
TIMP2,0.39235661648153186,0.08421196284846122,1,1,1,CD8 T cell
GLRX3,0.3924327768358221,0.049479018628362015,1,1,1,CD8 T cell
AMPD2,0.3925323417201727,-0.01412264014988951,1,1,1,CD8 T cell
ZNF57,0.3925910097148998,-0.05537900108988136,1,1,1,CD8 T cell
SFT2D2,0.3927944850406681,-0.04459238685380962,1,1,1,CD8 T cell
RSPH10B2,0.3928675737564711,0.00975678039256156,0.583,0.5,1,CD8 T cell
CAPN8,0.39291799311468945,0.06477570767588636,0.75,0.75,1,CD8 T cell
CYP2E1,0.3929485127467999,0.04785133049692769,0.917,1,1,CD8 T cell
CCDC192,0.393055324985864,0.005869315804433395,0.583,0.5,1,CD8 T cell
RIMBP2,0.39307111874615497,-0.012113869763537455,0.083,0.417,1,CD8 T cell
CDIN1,0.39327322212723603,0.07920011240615432,1,1,1,CD8 T cell
EDEM3,0.3933716138802558,-0.015524810401845723,1,1,1,CD8 T cell
PRDM5,0.39342571495248724,-0.06263936102177725,0.917,0.917,1,CD8 T cell
MRNIP,0.393738567614952,0.10593867299532606,1,1,1,CD8 T cell
USF3,0.3938464689891571,-0.02206151445190896,1,1,1,CD8 T cell
DUT,0.39392724037590743,-0.06683189316557936,1,1,1,CD8 T cell
CA5B,0.39398019033414183,0.074984455747932,1,1,1,CD8 T cell
ABCA1,0.3942798584589837,0.09453929238777148,0.917,1,1,CD8 T cell
GATM,0.394339423159634,0.04655215849510297,1,0.917,1,CD8 T cell
ZNF385C,0.39438016079056293,0.01464085179439456,0.417,0.25,1,CD8 T cell
RFK,0.39452486315063545,-0.10096850923363454,1,1,1,CD8 T cell
DLST,0.3948165058401977,-0.04592457888150536,1,1,1,CD8 T cell
SLC30A6,0.39496765091935804,0.016926472667672776,1,1,1,CD8 T cell
BCDIN3D,0.3951010020749979,0.04497674482511638,1,1,1,CD8 T cell
INO80B,0.3951077496953675,0.05334564638491188,1,1,1,CD8 T cell
STKLD1,0.39517401980351335,-0.004139598515869203,0.917,1,1,CD8 T cell
SAXO1,0.39521312491996696,0.0142132511695503,0.583,0.417,1,CD8 T cell
PTGER1,0.39525460970049586,-0.009990544295280124,0.333,0.5,1,CD8 T cell
LATS1,0.39528569932094876,-0.03639149845415368,1,1,1,CD8 T cell
NBPF1,0.39529816168160337,0.023871744158702413,1,1,1,CD8 T cell
TMTC2,0.3953573710857005,-0.12256095851628634,1,1,1,CD8 T cell
IFT22,0.39561162616204126,-0.033388740813047324,1,1,1,CD8 T cell
ASPSCR1,0.39563456949860987,-0.04881787167315643,1,1,1,CD8 T cell
HCAR3,0.3956955404047174,0.005642279953353313,0.25,0.5,1,CD8 T cell
PFDN4,0.3957372868753879,-0.11082960254935692,1,1,1,CD8 T cell
POLR2K,0.39574348984341223,-0.05811279523677426,1,1,1,CD8 T cell
ZNF717,0.3959094181438151,0.12799148601249843,1,1,1,CD8 T cell
BCL11A,0.39596321437354937,-0.029832173916131133,0.833,0.917,1,CD8 T cell
GNPDA1,0.39606959320955304,0.1174794591689372,1,1,1,CD8 T cell
FXR2,0.39607943272692353,0.037384215483763916,1,1,1,CD8 T cell
MAP7D3,0.3960874623214606,0.08327781051008643,1,1,1,CD8 T cell
EBI3,0.39623889686894437,0.007267857878632267,0.5,0.417,1,CD8 T cell
PLEKHA3,0.39627063450708155,-0.0646350672510588,1,1,1,CD8 T cell
ZNF670,0.3965778009868747,0.0761894174245481,1,1,1,CD8 T cell
RNF26,0.39670050819475094,-0.08542357738943962,1,1,1,CD8 T cell
METTL24,0.396832471342606,0.014706086898723658,0.5,0.5,1,CD8 T cell
SLC35G1,0.39687641383772754,-0.0625825153636348,1,1,1,CD8 T cell
FBLN7,0.3969955718012452,0.009816704981015167,0.583,0.583,1,CD8 T cell
NT5M,0.3970636446873799,0.06389010240431325,1,1,1,CD8 T cell
MAP2K6,0.39708689991406865,-0.052079280743327905,1,1,1,CD8 T cell
CPVL,0.39713251291307994,-0.08381549573632485,1,1,1,CD8 T cell
BTG2,0.3971861188263718,-0.1039962619427437,1,1,1,CD8 T cell
HTATIP2,0.3973008770027499,-0.05834071099325917,1,1,1,CD8 T cell
E2F4,0.39732534495586974,0.04471662641863172,1,1,1,CD8 T cell
ATP8A2,0.39742879999832925,-0.02736239957163189,1,0.917,1,CD8 T cell
ENOSF1,0.39758576524804207,0.11146223107912401,1,1,1,CD8 T cell
CARS2,0.3979696969804095,-0.047402885289973946,1,1,1,CD8 T cell
NPM2,0.39798833784294385,-0.06046787413346699,0.833,0.917,1,CD8 T cell
DUS1L,0.39801843628532574,0.026651871463810206,1,1,1,CD8 T cell
HMGCS1,0.39802504565525176,-0.07820774478123171,1,1,1,CD8 T cell
PARP3,0.3980727632051432,0.097288723367428,1,1,1,CD8 T cell
UPF3B,0.39823370087935217,0.051923624412269165,1,1,1,CD8 T cell
TRPC3,0.398250849523391,-0.09773975792108125,0.917,0.917,1,CD8 T cell
NDUFA1,0.39842262538173634,-0.026226286521927045,1,1,1,CD8 T cell
PTPN7,0.3985212666269831,0.04547773983471681,1,1,1,CD8 T cell
NUP35,0.3986883154693288,0.08779947516041231,1,1,1,CD8 T cell
CLPTM1,0.39899508763776986,-0.03369216257650659,1,1,1,CD8 T cell
HSPBP1,0.39909823490564017,0.010663683430593762,1,1,1,CD8 T cell
SZRD1,0.39922825119778393,-0.04119097614132161,1,1,1,CD8 T cell
TIAM2,0.39924207729025263,-0.03261559681884085,0.583,0.667,1,CD8 T cell
PPWD1,0.3994271423676498,0.02654042633606618,1,1,1,CD8 T cell
ZNF12,0.3995548702678604,0.05764145650736224,1,1,1,CD8 T cell
GEMIN7,0.39983696623714154,0.08900615819432728,1,1,1,CD8 T cell
ARMH3,0.3999191584637736,-0.04115487036942872,1,1,1,CD8 T cell
ALDH5A1,0.399924440355848,0.12005581386384456,1,1,1,CD8 T cell
SMAGP,0.39998309247223396,0.10876957019528888,1,1,1,CD8 T cell
HSBP1L1,0.4001373523140327,0.16824736085383796,1,1,1,CD8 T cell
CENPV,0.400189949762188,0.14444954169756796,1,1,1,CD8 T cell
NOL7,0.4004414437263087,0.06576725989240989,1,1,1,CD8 T cell
PLEKHA6,0.4005156967340676,0.008880085070155808,0.75,0.583,1,CD8 T cell
EXTL2,0.40067189230401334,0.10786403897430752,1,1,1,CD8 T cell
SPAG4,0.4007000714317207,-0.05060347494958384,1,1,1,CD8 T cell
NDUFA3,0.40081201860423676,-0.05315561318575146,1,1,1,CD8 T cell
DNAI7,0.40089530158158493,-0.014469561079963,0.417,0.75,1,CD8 T cell
ENTHD1,0.40096557930442683,0.02564279367783273,0.833,0.75,1,CD8 T cell
KCTD13,0.4010273999240959,0.017591628712799512,1,1,1,CD8 T cell
SCNN1A,0.40106962119148326,-0.03648932180198017,0.833,0.917,1,CD8 T cell
NCKAP5L,0.4010779130406299,0.06061738846686904,1,1,1,CD8 T cell
PRSS57,0.40119633700054586,0.03288475741409291,1,0.833,1,CD8 T cell
SEC31B,0.4012202178205314,-0.035678115206458805,1,1,1,CD8 T cell
CLCN2,0.40135074851623453,0.04415171602609602,1,1,1,CD8 T cell
CFAP36,0.40144543668723826,0.08676995488381445,1,1,1,CD8 T cell
SEM1,0.4014748886067674,-0.046938795051576165,1,1,1,CD8 T cell
GATAD2A,0.4016217518240678,0.05452515603113883,1,1,1,CD8 T cell
SPG21,0.401672654754805,-0.04562321121841928,1,1,1,CD8 T cell
FBXO38,0.40167654709590156,-0.023565886631585042,1,1,1,CD8 T cell
ANO5,0.4017605609985152,-0.026256124415586335,0.5,0.667,1,CD8 T cell
OTULINL,0.40176394629418855,-0.07520243585299102,1,1,1,CD8 T cell
PPP3CB,0.40179559763874606,0.053406750526647895,1,1,1,CD8 T cell
CA9,0.401804317901236,0.0018627502532542195,0.417,0.167,1,CD8 T cell
HPDL,0.4019260198344001,-0.060911418613580626,0.75,1,1,CD8 T cell
KIF19,0.402047273275052,-0.12182746434321179,1,1,1,CD8 T cell
LSM3,0.4020816100846728,0.10657737968264991,0.917,1,1,CD8 T cell
HNRNPH2,0.4022227108650433,-0.01673978059638276,1,1,1,CD8 T cell
STPG1,0.4022654619196256,0.06878461611297348,1,1,1,CD8 T cell
B3GLCT,0.40232815096510466,0.07599282572406474,1,1,1,CD8 T cell
MFAP1,0.4023643706996574,0.008491056266529684,1,1,1,CD8 T cell
PHGDH,0.40250601777380274,0.11325382191332167,1,1,1,CD8 T cell
KIF1B,0.4025363018302975,-0.0578000293093725,1,1,1,CD8 T cell
ZNF614,0.402870003031908,0.027772584325738592,1,1,1,CD8 T cell
VPS53,0.4030520488642513,-0.05035764437929737,1,1,1,CD8 T cell
CAMK2D,0.4031000711913065,-0.05426257646190036,1,1,1,CD8 T cell
ZFP90,0.4031266661631114,0.0918860899448139,1,1,1,CD8 T cell
RNF19A,0.4032772916415162,-0.043667386183092405,1,1,1,CD8 T cell
GLCCI1,0.4033437535394167,-0.0388308307033125,1,1,1,CD8 T cell
SEH1L,0.40336705175702187,0.08924291228452153,1,1,1,CD8 T cell
PRPS1,0.40360494406013786,-0.027020912158268365,1,1,1,CD8 T cell
SMPDL3B,0.40372792167183585,0.022140859945242397,0.417,0.167,1,CD8 T cell
NDEL1,0.4037719313399841,-0.03253767288980958,1,1,1,CD8 T cell
CTDSPL2,0.4038023866153721,0.026418359771143624,1,1,1,CD8 T cell
C16orf87,0.4039588622958397,-0.05876473981182828,1,1,1,CD8 T cell
TMEM178B,0.4039886542330013,0.010521209786778396,0.583,0.5,1,CD8 T cell
PSMF1,0.40412776577576703,-0.018151858111812746,1,1,1,CD8 T cell
NBEA,0.40429025779337135,-0.03522785140642393,0.667,0.833,1,CD8 T cell
CSNK1G3,0.4044261137907946,-0.05200720651963053,1,1,1,CD8 T cell
MCEMP1,0.4045047068993609,-0.016590390443614655,0.583,0.583,1,CD8 T cell
EIF2D,0.4045348406566563,0.03716850268561761,1,1,1,CD8 T cell
PRKAR2A,0.40462316198659554,-0.051627071657045526,1,1,1,CD8 T cell
E2F3,0.4047161254781643,-0.0642032316477607,1,1,1,CD8 T cell
SKIC8,0.4049695553391371,0.04950682151079694,1,1,1,CD8 T cell
TTC27,0.4050085047238124,-0.0574808592096262,1,1,1,CD8 T cell
WDR17,0.40507270047295185,0.018812550493573443,0.583,0.333,1,CD8 T cell
IMPG2,0.40507910245333334,-0.05877433411188093,1,1,1,CD8 T cell
MFSD8,0.4051726930166736,0.05824289331666305,1,1,1,CD8 T cell
CLOCK,0.4052423418185821,-0.05235613267543138,1,1,1,CD8 T cell
MAL,0.4052645078227964,-0.12478512045406154,1,1,1,CD8 T cell
NIM1K,0.40546619657969146,-0.01689884308725187,0.667,0.75,1,CD8 T cell
LAMTOR2,0.40559877410685724,0.0760201301245142,1,1,1,CD8 T cell
MAP4K4,0.40561367695458383,-0.039972426794693705,1,1,1,CD8 T cell
PTPN23,0.4056893508897927,-0.03589566240694872,1,1,1,CD8 T cell
HMGN1,0.4057915203816063,-0.0405217327335875,1,1,1,CD8 T cell
KANSL2,0.4058605942741355,-0.037921257379168516,1,1,1,CD8 T cell
SMG7,0.40592076046509273,0.0026846841039611657,1,1,1,CD8 T cell
PPP2R3C,0.4060961432487233,-0.04265078623123825,1,1,1,CD8 T cell
CCDC34,0.4061780433637356,-0.08295477549917507,1,1,1,CD8 T cell
FBXW8,0.4061810511687331,0.05289084206402472,1,1,1,CD8 T cell
FGF11,0.40618156041561115,-0.018720111687374974,1,1,1,CD8 T cell
NBR1,0.40621897318667227,-0.02366732501948665,1,1,1,CD8 T cell
TASOR,0.40623064097638034,0.03202234825243977,1,1,1,CD8 T cell
ZBTB6,0.4064381768426142,0.02820383220951217,1,1,1,CD8 T cell
TM6SF1,0.40647056933358244,-0.05878197158227749,1,1,1,CD8 T cell
EPB41L1,0.40668232977366237,-0.0028478164115148807,0.333,0.167,1,CD8 T cell
SYNCRIP,0.4067347421000567,-0.08215506982056886,1,1,1,CD8 T cell
HPCA,0.40699201384464884,-4.5908499271440917e-4,0.917,0.75,1,CD8 T cell
DPM3,0.4070869724691085,-0.07350279946528016,1,1,1,CD8 T cell
METAP2,0.40710267253475635,0.03248745618959392,1,1,1,CD8 T cell
NUP62CL,0.40713686364401713,0.07818987326734916,1,0.917,1,CD8 T cell
FAM222A,0.4072345418446909,-0.03207379421758594,1,1,1,CD8 T cell
KIF14,0.4072394237543446,-0.039003705099355024,0.833,1,1,CD8 T cell
ZNF16,0.4072744756007934,0.10271876371283994,1,1,1,CD8 T cell
SPDL1,0.40732190256372586,0.10083378449754221,1,1,1,CD8 T cell
PON3,0.4073759244866855,-0.018943206083452235,0.167,0.417,1,CD8 T cell
ZSWIM1,0.4076449912531155,0.05237880336697964,1,1,1,CD8 T cell
JAK2,0.40769102830123416,-0.040557255465290445,1,1,1,CD8 T cell
GJB6,0.40772694621931543,-0.010383913859060456,0.75,0.75,1,CD8 T cell
ZNF687,0.40785882173632637,-0.060428180997745606,1,1,1,CD8 T cell
AP5S1,0.4078688113801796,0.06748210061209603,1,1,1,CD8 T cell
C18orf54,0.40803768690010683,0.12520034372532618,1,1,1,CD8 T cell
SYT7,0.40810444377031363,0.013359843921157744,0.417,0.167,1,CD8 T cell
C1QL1,0.4081877959187898,0.01897127738482185,0.333,0.083,1,CD8 T cell
PLA2G2D,0.40821966400398674,0.010039865143550042,0.333,0.333,1,CD8 T cell
MTMR3,0.408246079453925,-0.04913668342227383,1,1,1,CD8 T cell
NR1D2,0.40841479349137333,-0.07150056454169329,1,1,1,CD8 T cell
DENND4A,0.4084235461655156,-0.03911641557265488,1,1,1,CD8 T cell
ZNF587B,0.40842930809579253,0.06478367332312218,1,1,1,CD8 T cell
ENDOU,0.4085800665539119,0.018923585335445026,0.333,0.083,1,CD8 T cell
CTPS2,0.40860168877709935,0.1026859520426524,1,1,1,CD8 T cell
PPM1N,0.4086934168753675,-0.048312685049456405,0.833,0.917,1,CD8 T cell
HSPBAP1,0.4086948082139411,-0.04125324303626621,1,1,1,CD8 T cell
APIP,0.4086959326866864,0.06919550177243639,1,1,1,CD8 T cell
TMEM203,0.40871597250323577,0.05360380444226398,1,1,1,CD8 T cell
PLCG1,0.40876752857644627,0.06781326322006809,1,1,1,CD8 T cell
NUDT2,0.40889979311816244,0.07505168808912355,1,1,1,CD8 T cell
RHBDD1,0.40895944595881534,-0.030480571814351043,1,1,1,CD8 T cell
ZNF557,0.4090201862380464,0.014487912951457904,1,1,1,CD8 T cell
SREK1IP1,0.40902991071615546,-0.035283671484764745,1,1,1,CD8 T cell
TMEM128,0.40904156251826773,0.0487794193905326,1,1,1,CD8 T cell
BTD,0.40922648449753124,-0.06801128136118517,1,1,1,CD8 T cell
VTI1A,0.40929007124929245,-0.03488724296772763,1,1,1,CD8 T cell
CHMP1A,0.40932603345958984,-0.04982360392744217,1,1,1,CD8 T cell
CCAR1,0.40945768067390814,0.01225883089552715,1,1,1,CD8 T cell
ITGB2,0.40966579437403505,-0.04681764863402105,1,1,1,CD8 T cell
ALMS1,0.40970042316796695,-0.06392626561134174,1,1,1,CD8 T cell
ZBTB8A,0.40981015288678313,-0.05344782430365669,0.583,0.833,1,CD8 T cell
ZNF565,0.4098170920279753,0.08662987741651174,1,1,1,CD8 T cell
CLDN5,0.4098571124189039,-0.012299618561967485,0.167,0.5,1,CD8 T cell
GOLGB1,0.40987709602423905,-0.009890860820940435,1,1,1,CD8 T cell
FAM162A,0.40998481456597397,0.051413252654117225,1,1,1,CD8 T cell
CFDP1,0.4100360704872445,-0.03790717989565041,1,1,1,CD8 T cell
STAG3,0.4101535846371484,0.016633801757255373,0.667,0.583,1,CD8 T cell
ZNF674,0.410231809377175,0.07921675086643454,1,1,1,CD8 T cell
DNAH12,0.4102730238646651,-0.023169114645627875,0.583,0.75,1,CD8 T cell
RABEP2,0.4102779826430913,0.06716842155902047,1,1,1,CD8 T cell
MLF1,0.4103282077487232,-0.12910757350284774,1,1,1,CD8 T cell
SEC62,0.4103308868518191,-0.0353629101836459,1,1,1,CD8 T cell
APOO,0.4103433840357675,0.045884321820825136,1,1,1,CD8 T cell
KLHDC2,0.4103623965955873,-0.011978080239260502,1,1,1,CD8 T cell
LYZ,0.4105201815431602,-0.2276732097574501,1,1,1,CD8 T cell
SMIM10,0.41060388510489443,0.024287962602025814,0.5,0.25,1,CD8 T cell
GARIN1A,0.4106515547998234,0.06591839657654752,1,1,1,CD8 T cell
WDR1,0.4111204907950395,0.09049135013977938,1,1,1,CD8 T cell
NPM3,0.4111260695526839,0.02391491502480525,1,1,1,CD8 T cell
RAE1,0.41114407672980097,-0.016759624855887556,1,1,1,CD8 T cell
PPP1R35,0.41116331342508017,0.046216305597950966,1,1,1,CD8 T cell
NCAPH,0.4112026689151802,0.038872051383138206,1,1,1,CD8 T cell
RALGAPA2,0.4114922415441472,0.09818521511674683,1,1,1,CD8 T cell
DCAF7,0.41168378476320944,0.0484493114250073,1,1,1,CD8 T cell
DTWD1,0.4116901535565635,0.11471555234947783,1,1,1,CD8 T cell
ZFYVE19,0.41204749227789483,-0.07146283913448848,1,1,1,CD8 T cell
ALDH3B1,0.41223919576004764,-0.034615104652576,0.75,0.75,1,CD8 T cell
ADAM32,0.4122632689069382,-0.008115844774370107,0.333,0.417,1,CD8 T cell
JHY,0.4122897079163589,0.09911136984381708,1,1,1,CD8 T cell
DPH5,0.41231844034451925,0.08452562729082412,1,1,1,CD8 T cell
CEP290,0.4123481580721471,-0.02257684116524028,1,1,1,CD8 T cell
FAM229B,0.41251929485310135,0.06664516791496666,1,1,1,CD8 T cell
TOR3A,0.4125433198942647,0.04944669311602223,1,1,1,CD8 T cell
MLST8,0.4126558849540187,0.0823892527343808,1,1,1,CD8 T cell
ATF4,0.4126587756303003,-0.03991648321238428,1,1,1,CD8 T cell
ZNF581,0.4127052586922642,-0.0410631646755768,1,1,1,CD8 T cell
ZNF433,0.41276454150394287,-0.07156482603652803,1,1,1,CD8 T cell
ZNF529,0.41290224554925525,0.042868739058704586,1,1,1,CD8 T cell
ZNF26,0.4129616918268759,-0.06666159134584326,1,1,1,CD8 T cell
LRRC23,0.41297912639404794,-0.06467455216720319,0.917,1,1,CD8 T cell
MMS19,0.41302150083035855,-0.06638064913181063,1,1,1,CD8 T cell
SPRY1,0.4131092144937934,0.052363885069412586,0.917,0.833,1,CD8 T cell
SMARCD2,0.4131333031207261,0.04522271421312819,1,1,1,CD8 T cell
CDK2AP1,0.4132340585260917,0.08563259154021607,1,1,1,CD8 T cell
ANKRD63,0.4132521103658167,-0.022302525782501803,0.5,0.667,1,CD8 T cell
ZNF140,0.4132924236897234,0.06532365272087048,1,1,1,CD8 T cell
SPATA2L,0.41329561136573306,0.012354474914535896,1,1,1,CD8 T cell
PPP2R5C,0.41339141098599314,-0.028886125519766992,1,1,1,CD8 T cell
ELOF1,0.41363410502214487,-0.03165669057698001,1,1,1,CD8 T cell
ROCK2,0.41395112096741876,0.05515430244757441,1,1,1,CD8 T cell
MAST1,0.4140206154333882,0.026638018291070598,0.583,0.583,1,CD8 T cell
CD33,0.41403308789443494,-0.025857640306678142,0.833,0.917,1,CD8 T cell
CPT1B,0.41404293393413866,-0.07336266075883868,1,1,1,CD8 T cell
EPS8L1,0.4141255700860875,-0.09674128623171097,1,1,1,CD8 T cell
APC,0.41414581637806147,-0.04339881538332316,1,1,1,CD8 T cell
SUPT20H,0.4141926237363256,0.06740472128787593,1,1,1,CD8 T cell
SNX11,0.41434473404137506,0.06876879934654556,1,1,1,CD8 T cell
OR2AE1,0.41436027188440105,0.05120865040146194,1,0.833,1,CD8 T cell
S1PR1,0.41468014294339856,0.0764440941600597,1,1,1,CD8 T cell
ITGB8,0.41508776463846386,-0.011413248438565393,0.25,0.417,1,CD8 T cell
ABHD17B,0.4151049825749634,-0.05765312763119329,1,1,1,CD8 T cell
DDB2,0.4151833276421447,0.06684378065713226,1,1,1,CD8 T cell
SPACDR,0.41519521066693493,0.037862694336652236,1,1,1,CD8 T cell
GPR107,0.4152536578306605,-0.04598153074053607,1,1,1,CD8 T cell
GAREM1,0.415314626590035,-0.0018783034459111114,0.333,0.417,1,CD8 T cell
TTC7B,0.4153222576039774,-0.03942962323755772,1,0.917,1,CD8 T cell
RYR2,0.41535680581658335,0.006685743184700943,0.417,0.083,1,CD8 T cell
SMAP2,0.4154296381656105,0.08146054221964061,1,1,1,CD8 T cell
SMC4,0.4155894069719106,-0.11726426263083178,1,1,1,CD8 T cell
RPF2,0.4156860925122583,0.08479428124239408,1,1,1,CD8 T cell
RFX2,0.4157271660246062,-0.03338237199614236,0.917,1,1,CD8 T cell
ATP6V1G2,0.4157542594956812,0.07372762158769275,1,1,1,CD8 T cell
DXO,0.4157711031653491,0.04578373064244712,1,1,1,CD8 T cell
LRRK1,0.41589556444913367,-0.006462233679122242,0.833,0.75,1,CD8 T cell
PLAGL2,0.4161399296635442,-0.04869906857210338,1,1,1,CD8 T cell
SLC5A5,0.4162051456388895,0.08968601311923807,0.917,0.833,1,CD8 T cell
LRRC45,0.41626705132962416,-0.0943967089695843,1,1,1,CD8 T cell
UTP20,0.41635186840736405,0.05489776518153655,1,1,1,CD8 T cell
DCAF17,0.4164900766122481,0.056022778700347386,1,1,1,CD8 T cell
INTS6,0.41662763661664,0.04638452558741191,1,1,1,CD8 T cell
CELF5,0.41669078034904705,-0.004452605998704673,0.833,0.833,1,CD8 T cell
GALE,0.4167146459904249,0.048402038006849946,1,1,1,CD8 T cell
HCK,0.41694804814001607,-0.07490918843909533,1,1,1,CD8 T cell
FAM200B,0.41695816402780667,0.03703895631483123,1,1,1,CD8 T cell
CHEK2,0.4170091469045691,-0.06487700930839724,1,1,1,CD8 T cell
INSIG1,0.41757420056762384,-0.054707533048956036,1,1,1,CD8 T cell
ST6GALNAC4,0.417714933622548,-0.09991202212628503,1,1,1,CD8 T cell
PAN3,0.41772216192537465,-0.01894139160249364,1,1,1,CD8 T cell
LPCAT4,0.41792431231514326,-0.07855201021650704,1,1,1,CD8 T cell
EIF2B3,0.41814400877717056,0.06837239677609419,1,1,1,CD8 T cell
TIMM23,0.4182517219838902,0.03835109573667031,1,1,1,CD8 T cell
ATP2A2,0.4183023954868267,-0.0558039956232374,1,1,1,CD8 T cell
CCDC42,0.41831385808111665,0.025440913273877097,1,0.917,1,CD8 T cell
HSF4,0.4183301944379399,-0.036536052722390355,1,1,1,CD8 T cell
BRI3,0.41835149396201227,-0.023517815491378102,1,1,1,CD8 T cell
RSAD1,0.41844320010454333,-0.04538739764244018,1,1,1,CD8 T cell
MBNL1,0.41861100065239853,-0.015520919813361012,1,1,1,CD8 T cell
VAV2,0.41864920245721643,0.11231544650069747,1,1,1,CD8 T cell
CDC42EP3,0.41866134223650214,0.057489551551526574,1,1,1,CD8 T cell
TYMS,0.4188050297170648,-0.08174896744241833,1,1,1,CD8 T cell
BCKDHA,0.418805549362879,0.049864626140730395,1,1,1,CD8 T cell
REPIN1,0.41880728404024137,0.09471376963775358,1,1,1,CD8 T cell
PRR19,0.4188321795616573,-0.003284308218220122,0.5,0.333,1,CD8 T cell
PSPC1,0.4188333039847815,-0.026152164258341215,1,1,1,CD8 T cell
CASP4,0.41896606915655765,0.06410893944698648,1,1,1,CD8 T cell
ALAS1,0.41899327997451324,0.0010352429207807212,1,1,1,CD8 T cell
GPALPP1,0.41914802070646723,-0.03454349927828107,1,1,1,CD8 T cell
MSTO1,0.419154107815872,0.033764275299837665,1,1,1,CD8 T cell
AKTIP,0.4192000597152755,0.10372679496352491,1,1,1,CD8 T cell
SIRT4,0.41921855597633517,0.09247371140282512,1,1,1,CD8 T cell
PAOX,0.41924859920742796,0.09062336572535346,1,1,1,CD8 T cell
C6orf163,0.41933245487634385,0.06640856647744853,1,1,1,CD8 T cell
MELK,0.4195880667711231,-0.06042153270770623,0.917,0.917,1,CD8 T cell
ELOVL7,0.4196274183020345,0.013079903164219253,0.75,0.667,1,CD8 T cell
P2RY8,0.41975717074752883,-0.05469145909096529,1,1,1,CD8 T cell
MAP6,0.419775501693374,-0.012948757791304555,0.167,0.417,1,CD8 T cell
SRRM2,0.4198518106787402,-0.051490331726657845,1,1,1,CD8 T cell
TCTN2,0.4198784496777241,0.11000678198635105,1,1,1,CD8 T cell
PDE7B,0.4199871662501514,-0.011659276324633261,0.083,0.333,1,CD8 T cell
DVL3,0.42013732597251213,0.037867321262562315,1,1,1,CD8 T cell
STAT2,0.4201620559810204,-0.05021913457494422,1,1,1,CD8 T cell
TP53I11,0.4201637936098639,-0.10340207284182945,1,1,1,CD8 T cell
MCRIP2,0.42018879002346876,-0.08982085899906433,1,1,1,CD8 T cell
TRAF3,0.42024571941782835,-0.05705320438571304,1,1,1,CD8 T cell
EMP1,0.4202687093026732,-0.014013445517512046,0.75,0.833,1,CD8 T cell
MKS1,0.4204649834237698,0.06494102237018406,1,1,1,CD8 T cell
PLEKHD1,0.42050878477000614,-0.02526352478120808,0.917,0.917,1,CD8 T cell
NSMAF,0.4205378273778872,0.0471350407376282,1,1,1,CD8 T cell
CEP350,0.4205408030911449,-0.0245454470019979,1,1,1,CD8 T cell
CES2,0.42060263274393694,0.03732161561229863,1,1,1,CD8 T cell
DDI2,0.4206930563785316,-0.03520880388745229,1,1,1,CD8 T cell
TMEM236,0.4207763777111528,-0.061667865335576444,1,1,1,CD8 T cell
CCT8,0.42116956671744527,0.06407753298530844,1,1,1,CD8 T cell
MGAM2,0.4212607950213719,0.028757675555969975,0.333,0.167,1,CD8 T cell
FZD3,0.42129499476364474,-0.11267156666044453,1,1,1,CD8 T cell
CFAP161,0.4214853332854533,0.02221101538411263,0.583,0.25,1,CD8 T cell
ALYREF,0.421514912330636,-0.013316110378397472,1,1,1,CD8 T cell
TLN2,0.42162617437929256,0.02405652851211615,0.917,1,1,CD8 T cell
CFAP418,0.4216772432944871,-0.0866060280674037,1,1,1,CD8 T cell
ACAT1,0.4217083319105334,0.07510167814686755,1,1,1,CD8 T cell
PHF19,0.4217453709763728,-0.050499561353779074,1,1,1,CD8 T cell
S100A5,0.42180283355444986,0.020574884423364637,0.917,1,1,CD8 T cell
AQP1,0.42181957058164044,0.0368438752852005,0.833,0.667,1,CD8 T cell
ABCD1,0.42199290530570865,-0.07413038417266771,1,1,1,CD8 T cell
TLR10,0.422138882164221,-0.010758127800937878,0.75,0.75,1,CD8 T cell
SLC25A36,0.4221572433633835,-0.05034765133269338,1,1,1,CD8 T cell
SLC39A8,0.42218866875324856,-0.10099976620386142,1,1,1,CD8 T cell
VAMP7,0.42225093184100576,-0.07475331231960694,1,1,1,CD8 T cell
ARPP19,0.42233687372667666,-0.044111712275032355,1,1,1,CD8 T cell
AMD1,0.4224786519119442,-0.03747885177200058,1,1,1,CD8 T cell
PSMB4,0.422632053806621,0.08532653013802571,1,1,1,CD8 T cell
ACTR1B,0.4226897459908271,0.031206640087216186,1,1,1,CD8 T cell
DUSP5,0.42273267877584864,-0.08580390522567316,1,1,1,CD8 T cell
SLC45A4,0.42277239296556607,0.020673996927559113,1,1,1,CD8 T cell
GAL3ST4,0.42278809166323106,0.01667784061042088,0.75,0.667,1,CD8 T cell
ABCA6,0.4229338540210065,0.03478639042767062,0.833,0.75,1,CD8 T cell
HOXB7,0.42300412605656246,-0.023385745606574027,1,0.917,1,CD8 T cell
LINS1,0.42302375150527416,0.05357367313364911,1,1,1,CD8 T cell
FOXJ3,0.4230763085916301,0.04051603453949576,1,1,1,CD8 T cell
HOXB9,0.42313957002618185,0.06827088679277793,0.833,0.833,1,CD8 T cell
TCTE1,0.42321901890690905,-0.027045685580664447,0.75,0.667,1,CD8 T cell
AKAP17A,0.42327975158111836,-0.04600843251837372,1,1,1,CD8 T cell
OTUD1,0.42348681263299714,-0.06078421648711352,1,1,1,CD8 T cell
PCGF6,0.42351379423599517,-0.07719517876606652,1,1,1,CD8 T cell
SPCS1,0.4235270016539049,0.02107745259298266,1,1,1,CD8 T cell
ERP27,0.42356742659908536,0.05040295867425293,1,1,1,CD8 T cell
HOOK3,0.4236544678223805,-0.021375443553657683,1,1,1,CD8 T cell
DNAI4,0.4236596915146975,-0.051421261958590314,0.917,1,1,CD8 T cell
RBMX,0.42369536365046007,0.03878309365365972,1,1,1,CD8 T cell
SCAMP1,0.4237745938882283,-0.02487473009888519,1,1,1,CD8 T cell
TIMMDC1,0.42394501317009015,0.04394113103198927,1,1,1,CD8 T cell
SPDYE4,0.42396259712206447,-0.011680483235259054,0.167,0.417,1,CD8 T cell
SARDH,0.4240758899337046,-0.06111899525681386,0.917,1,1,CD8 T cell
PLXNB1,0.4240799893064573,-0.046754789059463064,0.917,1,1,CD8 T cell
TNFAIP8L2,0.4241736509141124,0.09889779534505405,1,1,1,CD8 T cell
GPR146,0.42424015570970947,-0.020572765785730862,0.5,0.667,1,CD8 T cell
TSTD2,0.4242937682376255,-0.03013589135113781,1,1,1,CD8 T cell
DDX31,0.42437086203310187,-0.07355085465253919,1,1,1,CD8 T cell
UBE2N,0.42440514921631023,-0.05045264170813046,1,1,1,CD8 T cell
UBAP2L,0.4247300505946373,-0.01645307943499863,1,1,1,CD8 T cell
CAPN1,0.42474207894233373,0.05035657374065927,1,1,1,CD8 T cell
NCK2,0.4247668090107231,-0.0752814558770597,1,1,1,CD8 T cell
TMEM258,0.4248554903691805,0.06753777571441011,1,1,1,CD8 T cell
CCNYL1,0.4249075707099092,-0.011169445793836719,1,1,1,CD8 T cell
FBXO11,0.42493559667452113,-0.0032677505594953526,1,1,1,CD8 T cell
CLNK,0.42510762731062945,-0.005217500455975799,0.25,0.417,1,CD8 T cell
ZNF235,0.4251366868839381,0.030974057984721082,1,1,1,CD8 T cell
PKD1,0.42532108994116186,-0.038148976167534876,1,1,1,CD8 T cell
SDCBP,0.42532942543838675,-0.019733599787140788,1,1,1,CD8 T cell
CD93,0.42533831602886363,0.13616371634471847,1,1,1,CD8 T cell
RRP12,0.42541951382411647,0.09214400543112244,1,1,1,CD8 T cell
TEN1,0.42542730562210684,0.08813442120285075,1,1,1,CD8 T cell
ADRM1,0.42545371888611755,-0.04957632035049976,1,1,1,CD8 T cell
CLEC12A,0.4255972394866584,-0.02759489664931447,1,0.917,1,CD8 T cell
CNNM3,0.42562518522618364,-0.05333332823216941,1,1,1,CD8 T cell
ESD,0.4257484379053436,0.08098668358670709,1,1,1,CD8 T cell
KRTCAP2,0.4258188944253491,-0.05290665160861996,1,1,1,CD8 T cell
TMEM25,0.4259406718163677,0.1186574954335855,1,1,1,CD8 T cell
DDX27,0.42597354999044895,-0.013020662177357811,1,1,1,CD8 T cell
SLBP,0.4261252805857075,-0.0231159739391516,1,1,1,CD8 T cell
EPC2,0.42612676714401,-0.03171331750079426,1,1,1,CD8 T cell
S100A2,0.42620883891012035,0.02599881075759347,0.917,0.833,1,CD8 T cell
LRWD1,0.42631698438356036,-0.10792577198288367,1,1,1,CD8 T cell
HGH1,0.42638275215832133,0.042664974882501205,1,1,1,CD8 T cell
UBL4A,0.42638310416789565,-0.08731464679805456,1,1,1,CD8 T cell
TTPAL,0.42646132939455994,-0.0406660775265304,1,1,1,CD8 T cell
SYCP3,0.4264791240361029,-0.09533975461787358,1,1,1,CD8 T cell
CCDC107,0.4266212935273858,0.03760049149126665,1,1,1,CD8 T cell
KICS2,0.4267181087535033,0.053803519767666286,1,1,1,CD8 T cell
ODAD1,0.42675836762651304,0.027711591569155036,0.917,0.833,1,CD8 T cell
TMEM80,0.4267683391978553,0.08042334750422042,1,1,1,CD8 T cell
NUDT19,0.42682306313413887,0.04817413431347095,1,1,1,CD8 T cell
PTGS1,0.42687219417409994,0.011946930677091405,0.833,0.833,1,CD8 T cell
UNC50,0.4269433120002746,0.060102349147866024,1,1,1,CD8 T cell
PUM1,0.42708941255177957,-0.025363400218788357,1,1,1,CD8 T cell
SCLT1,0.42711162135958425,-0.08153590765249097,1,1,1,CD8 T cell
PGAM2,0.42722808008458724,-0.07949055200037103,0.917,1,1,CD8 T cell
CMTM5,0.4273604913574983,4.5822686587548844e-4,0.5,0.333,1,CD8 T cell
GID8,0.4273664714135968,-0.022662392530425124,1,1,1,CD8 T cell
B3GALNT2,0.42737708289192367,0.10125148433660214,1,1,1,CD8 T cell
BTBD3,0.42740127373803205,-0.028612206421284814,0.25,0.5,1,CD8 T cell
KIAA1614,0.427655769446095,-0.002280073079033773,0.667,0.833,1,CD8 T cell
ACP3,0.4276721896466021,-0.020458816528609258,0.667,0.75,1,CD8 T cell
GPANK1,0.4276819340658982,-0.03448602636140885,1,1,1,CD8 T cell
MICAL2,0.42786146180174695,0.12987566675539602,1,1,1,CD8 T cell
PRPF19,0.4279005103316557,0.025407792871554535,1,1,1,CD8 T cell
TMEM45A,0.4279943458203465,0.007473366321809394,0.417,0.417,1,CD8 T cell
MED29,0.4281321851927232,0.04843317836982297,1,1,1,CD8 T cell
ANKRD12,0.4282591237212537,-0.042278357351679174,1,1,1,CD8 T cell
ZNF770,0.4283374493442506,-0.06726530252879148,1,1,1,CD8 T cell
CIRBP,0.4285066388434838,0.03866415147523661,1,1,1,CD8 T cell
OAS3,0.4286140806651524,-0.07413922796874339,1,1,1,CD8 T cell
OR2AG2,0.42868988003120456,-0.0064879110235942505,0.083,0.333,1,CD8 T cell
SFN,0.4287937926120513,-0.0024267960940842492,0.917,0.917,1,CD8 T cell
PHETA1,0.42888658569157295,-0.06485567019710992,0.833,0.917,1,CD8 T cell
SMIM24,0.4289197166069541,-0.0035521828654618837,0.583,0.417,1,CD8 T cell
FNDC11,0.42899437854693606,0.042381631080754545,0.833,0.917,1,CD8 T cell
FXYD7,0.42913665581328314,0.15799439596998344,1,1,1,CD8 T cell
RSPO4,0.42929738223093317,0.01828758028996491,0.333,0.167,1,CD8 T cell
SIGMAR1,0.4294025284678128,-0.030085733504742196,1,1,1,CD8 T cell
FAM228B,0.4294964278770371,0.02378936084436034,1,1,1,CD8 T cell
UQCRH,0.42964042916413747,0.01397494529602783,1,1,1,CD8 T cell
WARS1,0.42966928170408114,-0.05301274698461156,1,1,1,CD8 T cell
SERINC1,0.4297406203223638,-0.032491697207440495,1,1,1,CD8 T cell
DOCK2,0.42987440006230815,-0.030690160853477977,1,1,1,CD8 T cell
PDCL3,0.42988710370791383,-0.04910358231986589,1,1,1,CD8 T cell
IZUMO4,0.4299206524569111,-0.029745553986944007,1,1,1,CD8 T cell
LMO7,0.43000591842704977,0.05694395601365798,1,1,1,CD8 T cell
CD5L,0.4300191715815704,0.020398654714221198,0.417,0.25,1,CD8 T cell
IL4R,0.4300339426901302,0.06038637091610832,1,1,1,CD8 T cell
ENSA,0.4300846517099221,-0.021922287634413062,1,1,1,CD8 T cell
REEP6,0.43008782519754846,0.04035271917851668,1,1,1,CD8 T cell
SLC25A33,0.43009979173284596,0.08409917358619379,1,1,1,CD8 T cell
PLK2,0.43010445316695795,-0.027193744000304054,0.833,0.917,1,CD8 T cell
ATL2,0.43012183903400186,-0.04490957216979341,1,1,1,CD8 T cell
RNF7,0.4301953877942374,0.052819448212783504,1,1,1,CD8 T cell
XRCC3,0.430270168411226,0.11155202263424924,1,1,1,CD8 T cell
ZBTB45,0.4303185355871522,0.09150303676027982,1,1,1,CD8 T cell
KAT7,0.43034644699789665,-0.031070304221940903,1,1,1,CD8 T cell
UBE3C,0.430486613851922,-0.04357801289738239,1,1,1,CD8 T cell
DNAJA1,0.43049092733958905,-0.026213651607310928,1,1,1,CD8 T cell
FNBP1,0.4306003172781754,-0.02443271915394707,1,1,1,CD8 T cell
RALGDS,0.4307861950901716,-0.06265271236508518,1,1,1,CD8 T cell
CWC25,0.43089313934092094,0.08019116219943134,1,1,1,CD8 T cell
OGA,0.4309657961769757,-0.00868046588578375,1,1,1,CD8 T cell
PTDSS2,0.43109177770206925,-0.0470308516907898,1,1,1,CD8 T cell
LZTFL1,0.43115589214183975,-0.07241978778748726,1,1,1,CD8 T cell
WDR91,0.43115847061954676,-0.045384493507311774,1,1,1,CD8 T cell
USP3,0.43125865779896,0.05264239769658585,1,1,1,CD8 T cell
LYNX1,0.43140515858908024,-0.005004137402311315,0.667,0.583,1,CD8 T cell
CUZD1,0.43156560055878607,0.09419197155581127,1,1,1,CD8 T cell
TMEM60,0.43157249688671784,0.10046453842650749,1,1,1,CD8 T cell
DCAF4,0.4317187452414693,0.09410092874380216,1,1,1,CD8 T cell
LBHD1,0.43179530810305605,0.07658403862041507,1,1,1,CD8 T cell
SEPHS1,0.431800263648562,0.050848443042298186,1,1,1,CD8 T cell
LPL,0.4319785146749729,0.0014866216226785411,0.5,0.167,1,CD8 T cell
TPRKB,0.4320284948786309,0.062498081003466543,1,1,1,CD8 T cell
RNASET2,0.43208154434216495,-0.06299628183660921,1,1,1,CD8 T cell
DUSP11,0.4320950602120241,-0.022792836621747248,1,1,1,CD8 T cell
HNRNPD,0.4323272859778443,-0.015928766898051894,1,1,1,CD8 T cell
PMP22,0.4323489600758036,0.018060019811525052,0.417,0.417,1,CD8 T cell
KCTD5,0.4324201758803635,0.06700654959633567,1,1,1,CD8 T cell
CD164,0.432657711550291,0.03969455119262355,1,1,1,CD8 T cell
ACHE,0.4328480987580636,0.04134558614422135,0.583,0.417,1,CD8 T cell
TXNDC17,0.4328532303858158,0.08179600939587905,1,1,1,CD8 T cell
TMEM134,0.4329548382544871,-0.04989676416769362,1,1,1,CD8 T cell
ZNF428,0.4330355922047951,0.0661111339121625,1,1,1,CD8 T cell
NARS1,0.4330523215312454,0.04888289442978133,1,1,1,CD8 T cell
PUS1,0.4334088462729954,0.044349428031504434,1,1,1,CD8 T cell
FSD1,0.4335381497999449,0.055337944118639903,0.833,0.667,1,CD8 T cell
SENP1,0.4335594041263937,-0.014909101917109924,1,1,1,CD8 T cell
ZNF839,0.43359717090820277,-0.05463635790932564,1,1,1,CD8 T cell
FAM219A,0.43386566405212634,-0.018766702949591263,1,1,1,CD8 T cell
SENP5,0.433950079365276,0.04248233884848995,1,1,1,CD8 T cell
ZCCHC7,0.4339996364243446,0.035889490381426636,1,1,1,CD8 T cell
FTCD,0.4340724106672456,0.006823093375558642,0.333,0.25,1,CD8 T cell
PUM2,0.43422177514143306,-0.005878141606885823,1,1,1,CD8 T cell
BRPF1,0.43423029372933436,-0.01244627079731847,1,1,1,CD8 T cell
ABI1,0.4342360558081515,-0.033255152323424686,1,1,1,CD8 T cell
TMEM30B,0.4342426375285596,0.054122939506732415,1,1,1,CD8 T cell
ICAM3,0.43427821066738465,0.03935225154902877,1,1,1,CD8 T cell
MAK16,0.4344206262015574,-0.05694386502377735,1,1,1,CD8 T cell
VLDLR,0.43456800318548217,-0.07746427270618028,1,1,1,CD8 T cell
ZNF267,0.434577137683547,0.030387212590515134,1,1,1,CD8 T cell
RNASEH1,0.434606050575861,0.04976768895877848,1,1,1,CD8 T cell
FAM131A,0.4346584011712041,0.07234948719039647,1,1,1,CD8 T cell
TMEM39A,0.43473502963330685,0.027180408590735894,1,1,1,CD8 T cell
MRFAP1,0.43476903049011945,0.024986301984519343,0.917,0.833,1,CD8 T cell
XK,0.4347772648715686,0.0038741623310305506,0.667,0.75,1,CD8 T cell
PTCH2,0.4348831234807602,0.03508640999435242,0.833,0.75,1,CD8 T cell
ISM1,0.4349485413803085,-0.015869269987971002,0.167,0.5,1,CD8 T cell
LY6G6D,0.4349924736173108,0.013080861511924002,0.333,0.083,1,CD8 T cell
TTBK1,0.43509119752743775,-0.022129668493208854,0.333,0.667,1,CD8 T cell
PPHLN1,0.43509597423086616,0.03330990686266988,1,1,1,CD8 T cell
USP35,0.4351016878085451,0.023021444247559142,1,1,1,CD8 T cell
ARMCX4,0.4354384516487231,0.05078343762389537,1,1,1,CD8 T cell
ETFA,0.4354444503697907,0.07486099773652666,1,1,1,CD8 T cell
MYBL2,0.43578526625152764,-0.04416811361011996,0.917,1,1,CD8 T cell
SPAST,0.43589767348773417,-0.03322191250597345,1,1,1,CD8 T cell
TTC1,0.43589895530310235,-0.025859550715862187,1,1,1,CD8 T cell
LRIG2,0.4360934334043105,0.060225188703641186,1,1,1,CD8 T cell
AGFG2,0.43615596846231386,0.06698255591544633,1,1,1,CD8 T cell
SAFB2,0.436237042321955,-0.03660794483462837,1,1,1,CD8 T cell
EDA,0.43629193228128976,-0.06853923010934748,0.75,0.917,1,CD8 T cell
MAK,0.43632715689248297,0.022442768638916366,0.333,0.083,1,CD8 T cell
JAK1,0.43636331057899364,-0.031620017963545966,1,1,1,CD8 T cell
KIT,0.436498447493423,-0.047455170534372204,0.75,0.75,1,CD8 T cell
REPS1,0.43670352519432076,-0.006932014845459744,1,1,1,CD8 T cell
UBE2D3,0.4367397433307997,-0.02900109418289687,1,1,1,CD8 T cell
DNMBP,0.4367926974388211,0.07568825073778962,1,1,1,CD8 T cell
SPATA9,0.4368952252143765,0.019143063052044607,0.583,0.417,1,CD8 T cell
SCNM1,0.43697016494651825,-0.036688403210772685,1,1,1,CD8 T cell
MED21,0.4370091905388692,-0.026475166637439058,1,1,1,CD8 T cell
MSI2,0.4373289409888583,0.059433634322442974,1,1,1,CD8 T cell
SCML4,0.4374261985087007,0.0910545673751013,1,1,1,CD8 T cell
FBXL16,0.437460473165307,0.1096515215752425,1,1,1,CD8 T cell
GBA1,0.4376461403012644,-0.02640716623302397,1,1,1,CD8 T cell
MMP14,0.4378360289068647,-0.036228007770414905,0.75,0.917,1,CD8 T cell
ACSL5,0.4379767239166481,-0.06356191340310657,1,1,1,CD8 T cell
ERICH2,0.43802915462739267,-0.032030245038067395,0.417,0.667,1,CD8 T cell
ACVR1,0.4380536504450458,0.04730603702792169,1,1,1,CD8 T cell
ACOT4,0.4381079837126386,0.10695513075403973,1,1,1,CD8 T cell
LACC1,0.4383002945539033,0.08645609030856294,1,0.917,1,CD8 T cell
ZWINT,0.4383651914560016,-0.03697731732513754,0.917,1,1,CD8 T cell
PCDHB9,0.4383957202092528,-0.013284662533114222,0.5,0.583,1,CD8 T cell
TTC21B,0.43853566403112243,-0.047976098483830165,1,1,1,CD8 T cell
STN1,0.43854854851040215,0.10129021529434787,1,1,1,CD8 T cell
GRAP,0.43868359435169973,-0.05488222126869369,1,1,1,CD8 T cell
CYP2U1,0.4388508965239375,0.09147412670895538,1,1,1,CD8 T cell
THYN1,0.4388662971030094,0.06132230233991062,1,1,1,CD8 T cell
ZNF396,0.43891889183988775,0.025457562793370414,0.917,1,1,CD8 T cell
IFT88,0.43900848757820404,0.05691372820994767,1,1,1,CD8 T cell
ZNF318,0.43906794797171506,0.09361261599452164,1,1,1,CD8 T cell
MAFG,0.43908626742098383,0.06713952920019972,1,1,1,CD8 T cell
LST1,0.4391089089145079,-0.0439596479101203,1,1,1,CD8 T cell
TTC38,0.4392403845586769,-0.09620005082993943,1,1,1,CD8 T cell
LYPLAL1,0.4393114626074234,-0.04257828216626636,1,1,1,CD8 T cell
AVPI1,0.43939586150942317,-0.08915653577834703,1,1,1,CD8 T cell
CREG1,0.43944522212490195,-0.11040465763007545,1,1,1,CD8 T cell
ARL6IP1,0.4394661127035614,-0.04166885208812965,1,1,1,CD8 T cell
CHAMP1,0.4394888880142322,0.0018539714722608513,1,1,1,CD8 T cell
ARL3,0.43954925345079804,-0.06350279947173787,1,1,1,CD8 T cell
RAD21L1,0.43964625495251874,-0.010822787117770627,0.083,0.333,1,CD8 T cell
CACNA1F,0.4396858796422793,0.0030538477798196517,0.833,1,1,CD8 T cell
CFAP276,0.4397032819959246,0.006333197942485658,0.333,0.167,1,CD8 T cell
SLX9,0.43975310284893315,0.0552514806045894,1,1,1,CD8 T cell
DRAM2,0.43977096190490494,0.06269297279178201,1,1,1,CD8 T cell
TAF9,0.43982408670159684,-0.06608474938369269,1,1,1,CD8 T cell
BAG5,0.4398965938978903,-0.05091113824127541,1,1,1,CD8 T cell
SLC35B3,0.4399157645482078,-0.025201889772884956,1,1,1,CD8 T cell
KRTAP5-7,0.4399760369496804,0.007111667281375134,0.75,0.667,1,CD8 T cell
NDN,0.44002868630796677,0.009827629657999104,0.333,0,1,CD8 T cell
ENY2,0.44004513429987885,0.058792150759287065,1,1,1,CD8 T cell
SMIM19,0.44021676927700487,0.059780846941111646,1,1,1,CD8 T cell
KCNH2,0.44025812015411175,-0.029676152115530652,0.583,0.75,1,CD8 T cell
MPZL1,0.4404975019538543,0.028606142823160763,1,1,1,CD8 T cell
XRN1,0.4405399418516657,-0.03338190870885116,1,1,1,CD8 T cell
CALY,0.44059300745626817,0.026381273663943716,0.583,0.333,1,CD8 T cell
DAG1,0.4409394073074176,0.09582406845619085,1,1,1,CD8 T cell
COA4,0.4411155050227709,0.04496700660708114,1,1,1,CD8 T cell
SLC5A3,0.4413062796801226,-0.05156318524805811,1,1,1,CD8 T cell
DNMT1,0.4413142020457912,0.05700019378397059,1,1,1,CD8 T cell
DCLK3,0.4413491734445702,0.020328066480187257,0.333,0.25,1,CD8 T cell
SPINT1,0.44163224432804,0.07874492639682984,0.917,1,1,CD8 T cell
HDC,0.44164862847208647,-0.03730042448492332,0.5,0.583,1,CD8 T cell
BAZ2A,0.4416709240436737,-0.037138633532951326,1,1,1,CD8 T cell
GPRIN1,0.4418393800680394,0.08839082170435963,1,1,1,CD8 T cell
PIWIL2,0.4418887037432001,-0.03915907624590842,1,1,1,CD8 T cell
STRADB,0.4421016841184663,0.056993699795013564,1,1,1,CD8 T cell
POMT2,0.4421389034195951,0.048836870083635464,1,1,1,CD8 T cell
IGFL2,0.44245397770102407,-0.030501846148468292,0.083,0.167,1,CD8 T cell
MPG,0.44254378630110125,-0.07238726396433204,1,1,1,CD8 T cell
SRSF2,0.4425517708412874,-0.03053132184892937,1,1,1,CD8 T cell
ZBTB46,0.4425876973958475,-0.016597706254767086,0.333,0.583,1,CD8 T cell
OSBPL6,0.4425994752474103,-0.017811873838836423,0.5,0.5,1,CD8 T cell
TJAP1,0.44270153929292433,0.040027835008883184,1,1,1,CD8 T cell
SNTB1,0.4428570698815705,-0.06541208696153095,1,1,1,CD8 T cell
NIF3L1,0.4428579384157998,0.05730844378281463,1,1,1,CD8 T cell
SPOP,0.44292333224074,0.0014187716232852976,1,1,1,CD8 T cell
FAAH2,0.4429988267799773,0.09689457780435262,1,1,1,CD8 T cell
GLYR1,0.4430442079427688,0.049487377528820486,1,1,1,CD8 T cell
PHF12,0.44320779786323705,-0.03528850771155878,1,1,1,CD8 T cell
RFC3,0.4432619939648117,0.09378069720761806,1,1,1,CD8 T cell
WNK1,0.4432770928847854,-0.030622068295570903,1,1,1,CD8 T cell
TRIB2,0.4434531813312906,0.09238307447909089,1,1,1,CD8 T cell
ADCY1,0.4434950177285509,0.0062320178256505265,0.333,0.083,1,CD8 T cell
SEC13,0.4435415188324821,-0.017389414975080786,1,1,1,CD8 T cell
PLXNA2,0.44369788144125605,0.06062842044953021,1,1,1,CD8 T cell
AKR1E2,0.4437259025317046,0.04548479814466777,0.75,0.75,1,CD8 T cell
ARHGDIA,0.44373460921947644,-0.03449408637512685,1,1,1,CD8 T cell
TECTA,0.4437565804780149,0.010064315710271554,0.667,0.75,1,CD8 T cell
JTB,0.44378354012868737,-0.02821885127892132,1,1,1,CD8 T cell
CCDC150,0.4439377299823818,0.008178256888041524,0.917,0.833,1,CD8 T cell
CPEB4,0.443944363853931,-0.03736893508275474,1,1,1,CD8 T cell
RABGGTB,0.44403573622768977,-0.04001890835775823,1,1,1,CD8 T cell
PPP1R9A,0.4442400308018971,0.03418422225847051,0.667,0.5,1,CD8 T cell
DHX37,0.44428183426992285,0.03612090978258653,1,1,1,CD8 T cell
SURF1,0.4443028302402023,0.043903367084781195,1,1,1,CD8 T cell
PHF14,0.44449379380370546,0.057337704820536156,1,1,1,CD8 T cell
DAPK3,0.4445603038456358,0.05097878337867767,1,1,1,CD8 T cell
RHOB,0.4445785741986632,-0.18046737437062765,1,1,1,CD8 T cell
PROZ,0.44459898314203217,0.029728919863928116,0.5,0.417,1,CD8 T cell
CNKSR2,0.44469564793407307,0.11317628309682215,1,1,1,CD8 T cell
PTPRE,0.4447207368637063,0.06736308076237141,1,1,1,CD8 T cell
ZC3H18,0.4451302827600616,-0.02104550827360968,1,1,1,CD8 T cell
MDP1,0.44528041734208235,0.09981437965846318,1,1,1,CD8 T cell
PSENEN,0.4453528730775055,0.07765090731104995,1,1,1,CD8 T cell
MLLT3,0.44544813908314207,-0.03643451017739907,1,1,1,CD8 T cell
ATPAF2,0.4454649577096015,0.044233039124365714,1,1,1,CD8 T cell
TSGA10,0.44550970411989155,0.0940518940552244,1,1,1,CD8 T cell
HMGCL,0.4455169372105599,0.07007362797350158,1,1,1,CD8 T cell
WDFY1,0.44563050809068033,-0.011544960653274844,1,1,1,CD8 T cell
EZR,0.445670351456945,-0.050091760091437454,1,1,1,CD8 T cell
DPY30,0.44567349657570743,-0.03426270639517626,1,1,1,CD8 T cell
ASIC4,0.4458031945987491,0.011617655821016815,0.583,0.333,1,CD8 T cell
KIF23,0.44590175604411436,-0.03581539232302333,0.833,0.833,1,CD8 T cell
PRPF6,0.445974290110081,0.04122795759529896,1,1,1,CD8 T cell
AHCTF1,0.44605508182785725,-0.05169641203154063,1,1,1,CD8 T cell
CMTM2,0.44613246492469233,0.06603893193973187,1,1,1,CD8 T cell
DGUOK,0.4462811629233413,0.006412940331069428,1,1,1,CD8 T cell
RB1,0.44636865813345056,-0.03895874247067313,1,1,1,CD8 T cell
ZNF627,0.44642448929596734,0.0842151185389759,1,1,1,CD8 T cell
SLC35E4,0.446436500868512,0.08778629774713975,1,1,1,CD8 T cell
H1-0,0.44652603847529526,-0.06757669590826954,0.917,0.917,1,CD8 T cell
CEACAM4,0.4465461601486986,-0.005889221852299897,0.75,0.667,1,CD8 T cell
ELMOD3,0.44660498922452163,0.09024418539399459,1,1,1,CD8 T cell
ZKSCAN1,0.4466784236341392,0.05145769246392873,1,1,1,CD8 T cell
LYPLA1,0.44674410385978797,-0.062422838799700564,1,1,1,CD8 T cell
C17orf100,0.4468039824421697,0.014514108165177397,1,0.917,1,CD8 T cell
CSNK1G2,0.4468479084188314,-0.024718546946603637,1,1,1,CD8 T cell
PRKAR1A,0.44688518372130936,-0.045645779519148943,1,1,1,CD8 T cell
ZNF251,0.44688801253604227,0.06823855393126155,1,1,1,CD8 T cell
SULF2,0.446958274758374,-0.04066141650778299,0.833,0.917,1,CD8 T cell
FKBP8,0.4470445063044189,-0.054069155638107436,1,1,1,CD8 T cell
ZNF334,0.4470829946455408,-7.472461125161978e-4,0.5,0.333,1,CD8 T cell
FAM50B,0.44711718424218466,0.1242804861376623,1,1,1,CD8 T cell
WNT7A,0.4472107776948343,-0.024227294789297638,1,0.917,1,CD8 T cell
ZNF138,0.44739487699956526,0.01674910512638983,1,1,1,CD8 T cell
ZDHHC17,0.4475071855483379,-0.04262706646204917,1,1,1,CD8 T cell
GON7,0.44754305436702135,0.054005155838918295,1,1,1,CD8 T cell
COQ4,0.4475484384213557,-0.05172312805884205,1,1,1,CD8 T cell
MOCS2,0.44759014859900853,0.03628162657541675,1,1,1,CD8 T cell
EFCAB10,0.44765075712990493,9.503687571923436e-4,1,1,1,CD8 T cell
DNAJB2,0.44771410887592616,0.048568167983797594,1,1,1,CD8 T cell
S1PR5,0.44785224110364247,-0.04665261974189594,1,1,1,CD8 T cell
TOP2A,0.4480275805283328,-0.04116486993139734,1,1,1,CD8 T cell
TRIM33,0.4480328855178116,-0.021435723537633372,1,1,1,CD8 T cell
UHRF2,0.44807146440388357,-0.04950846631892371,1,1,1,CD8 T cell
SIRT3,0.44832745354264586,0.06601858179546172,1,1,1,CD8 T cell
TRAF5,0.448545994051899,0.09614698014134915,1,1,1,CD8 T cell
DMAC2,0.4486275451283857,0.017885071369835526,1,1,1,CD8 T cell
LRRC58,0.4486922870243326,-0.021094223410033974,1,1,1,CD8 T cell
IGLL1,0.4488135598164067,0.004340507094718671,0.333,0.167,1,CD8 T cell
ACTRT3,0.44887008315596505,-0.004035007560483805,0.917,0.833,1,CD8 T cell
KLHL25,0.4489763346439684,0.05955056345643994,1,1,1,CD8 T cell
EFR3A,0.4490026928044545,0.050661864497635656,1,1,1,CD8 T cell
TRIM61,0.44902436343882024,0.05647356198214126,0.917,0.75,1,CD8 T cell
KRI1,0.4490678490240577,0.05054263506107559,1,1,1,CD8 T cell
SALL4,0.44943008335958495,-0.03534354799299688,0.583,0.75,1,CD8 T cell
ORC1,0.4494302703551165,-0.07907441240767143,1,1,1,CD8 T cell
TTC28,0.4494788862537166,-0.03201606496615916,0.833,0.917,1,CD8 T cell
CSTF3,0.4494857018935666,0.04649128783530165,1,1,1,CD8 T cell
TMEM183A,0.4495123313554646,-0.01638353658406011,1,1,1,CD8 T cell
TGFB3,0.44988894927120215,0.08682541163266588,1,1,1,CD8 T cell
ELF3,0.44989873633323313,0.009202307853585445,1,0.917,1,CD8 T cell
DNAJC16,0.449901706104812,0.062014890367142916,1,1,1,CD8 T cell
RIMS3,0.4499520691684474,0.09930711349268417,1,0.917,1,CD8 T cell
CC2D1A,0.4499555158085823,0.0672773204870829,1,1,1,CD8 T cell
CASP8AP2,0.4500433479958655,-0.0055588199471793,1,1,1,CD8 T cell
CCDC157,0.4501052127991896,0.06997881974020359,1,1,1,CD8 T cell
MBIP,0.4501240021362897,-0.05274212388927835,1,1,1,CD8 T cell
PIM3,0.4502056693398128,-0.050176921638326544,1,1,1,CD8 T cell
CRYBB3,0.45027856119656806,-0.018134044401394878,1,1,1,CD8 T cell
CCDC38,0.45043853558885305,-0.04017671369923592,0.833,0.917,1,CD8 T cell
LAS1L,0.45044433453659183,-0.05306766475730096,1,1,1,CD8 T cell
STPG2,0.4505032618252895,-0.01107424787497635,0.583,0.75,1,CD8 T cell
MZF1,0.4505241715461811,-0.05031022967117238,1,1,1,CD8 T cell
PRDM2,0.45074263948038706,-0.008882260867951963,1,1,1,CD8 T cell
ADTRP,0.4508563256741224,-0.044481175946252005,0.75,0.917,1,CD8 T cell
DPH7,0.4511533430888623,0.05898269253323196,1,1,1,CD8 T cell
GFER,0.4511714588064042,0.02637121223385397,1,1,1,CD8 T cell
SRFBP1,0.4511908750724234,0.04487899479476537,1,1,1,CD8 T cell
CDC20B,0.45122660759274497,0.010134624643957757,0.417,0.167,1,CD8 T cell
WASHC3,0.4512616253716203,0.051751202191524126,1,1,1,CD8 T cell
LRRC47,0.45135916416743793,-0.02482026391873926,1,1,1,CD8 T cell
LXN,0.4515825354587533,0.10698852020693117,1,1,1,CD8 T cell
RHOA,0.45160499924582337,-0.042873085591247584,1,1,1,CD8 T cell
ARF3,0.4519550513744376,-0.06753179041926649,1,1,1,CD8 T cell
ITM2B,0.4519642913076533,-0.024410912188214118,1,1,1,CD8 T cell
SCAND1,0.4520162987317236,-0.04090792259910603,1,1,1,CD8 T cell
RIOK1,0.4520241564719764,-0.014363431966356921,1,1,1,CD8 T cell
C1orf131,0.45216650654850843,0.05303044972644999,1,1,1,CD8 T cell
PTK7,0.4521998953494381,0.028751326205344263,0.917,0.833,1,CD8 T cell
CCDC22,0.45222513660699537,0.07177754599124686,1,1,1,CD8 T cell
CDC42BPG,0.45228041066928587,-0.04045970226291962,1,1,1,CD8 T cell
PTK2,0.4524120216732662,0.02988508029013337,0.833,0.75,1,CD8 T cell
ELAC2,0.45248038309782035,0.050336232462354386,1,1,1,CD8 T cell
PRICKLE3,0.45248583363539496,0.08203609392196798,1,1,1,CD8 T cell
GANAB,0.45255183706241797,-0.0377181316720856,1,1,1,CD8 T cell
UGGT1,0.4526869776560595,-0.017833046694007204,1,1,1,CD8 T cell
RAPSN,0.4528540094789423,0.06725773246252986,1,1,1,CD8 T cell
SLC22A18,0.45299077625287265,0.09003262884434537,1,1,1,CD8 T cell
PRKAB2,0.4531605815520845,0.048622607907414794,1,1,1,CD8 T cell
LMNB2,0.4531828712116623,-0.03820220158385512,1,1,1,CD8 T cell
HEXIM1,0.4532143737001337,-0.05150146170295922,1,1,1,CD8 T cell
GINM1,0.45322535523605495,-0.038358206801626854,1,1,1,CD8 T cell
PABIR3,0.4532321132319651,-0.05426779284056149,1,1,1,CD8 T cell
IL6ST,0.45323839105924385,-0.029140308073050347,1,1,1,CD8 T cell
RAD18,0.4533312093132917,-0.08925523863136964,1,1,1,CD8 T cell
IKZF5,0.4533352772006477,-0.03191731664998049,1,1,1,CD8 T cell
JUN,0.4534279110209824,-0.15754755388689778,1,1,1,CD8 T cell
YJU2B,0.45351163842093434,0.03581927929660812,1,1,1,CD8 T cell
EPHA1,0.45367591076972813,0.07571067110471175,1,0.667,1,CD8 T cell
NUDT11,0.4538843467553147,-0.08495062604333237,1,1,1,CD8 T cell
PPME1,0.45393416664349,-0.053340541788546414,1,1,1,CD8 T cell
SCX,0.4539623274194649,-0.06434292793878926,1,1,1,CD8 T cell
VDR,0.45408020068799165,-0.009931945709915624,0.833,0.917,1,CD8 T cell
GAS2L3,0.45420506831835045,-0.017033271543432704,0.333,0.583,1,CD8 T cell
RUBCNL,0.4542141263090637,-0.006176816545036434,0.75,0.75,1,CD8 T cell
LEFTY1,0.45425430505185355,0.011037368271104686,0.583,0.417,1,CD8 T cell
POFUT1,0.45426750629428475,0.035895778722306204,1,1,1,CD8 T cell
PYCR3,0.45433630545908316,-0.0932489201670692,1,1,1,CD8 T cell
ELAVL1,0.45443300747857246,-0.011188977214097173,1,1,1,CD8 T cell
BRD4,0.45452583002194114,-0.02199296417521901,1,1,1,CD8 T cell
DYNC2I2,0.4545480480234986,0.06178796527730279,1,1,1,CD8 T cell
C19orf53,0.4545832194427199,-0.04203328849195219,1,1,1,CD8 T cell
LPGAT1,0.4546439339484064,-0.06296074531535817,1,1,1,CD8 T cell
PAXIP1,0.4546568495787632,-0.04879468644954721,1,1,1,CD8 T cell
AANAT,0.4546998813647351,0.005984001040839182,0.25,0.167,1,CD8 T cell
ARNT,0.45486392193099284,0.059532012523342503,1,1,1,CD8 T cell
GNPAT,0.4549808769298247,0.05939655419557449,1,1,1,CD8 T cell
BRICD5,0.4549902962714129,-0.026197913978839527,1,1,1,CD8 T cell
UBTD1,0.4550401420778096,-0.057421355100357285,0.917,0.917,1,CD8 T cell
HSPD1,0.45504574202949377,-0.05296450772320996,1,1,1,CD8 T cell
EFNB2,0.4551828870347899,-0.026739490796455545,0.75,0.917,1,CD8 T cell
MIOS,0.45520601147901835,0.01921447382556707,1,1,1,CD8 T cell
INPP5K,0.4552143974603241,0.057123941207748496,1,1,1,CD8 T cell
CREB5,0.45530546686010787,-0.004833048840767962,0.833,0.833,1,CD8 T cell
TMCO6,0.45532822232731385,0.0680677208293039,1,1,1,CD8 T cell
ZNF577,0.4555207269590916,0.08790667458340762,1,1,1,CD8 T cell
ARPIN,0.4555525355722078,-0.038238913721081236,0.583,0.75,1,CD8 T cell
TCEAL8,0.45565408784762285,0.061842734849215486,1,1,1,CD8 T cell
ZNF195,0.4556670280523673,0.06831566624021179,1,1,1,CD8 T cell
SLC39A2,0.4557048136997394,-0.012021376658222227,0.833,0.75,1,CD8 T cell
CDCA3,0.4557426157366724,-0.030609949911198253,0.833,0.917,1,CD8 T cell
OGT,0.4557710005546247,-0.03129681516453786,1,1,1,CD8 T cell
STX19,0.455806522174599,0.02451142906427073,0.5,0.583,1,CD8 T cell
FAM30A,0.45591240201194083,-0.01480211975375978,0.583,0.75,1,CD8 T cell
C10orf143,0.4559918158277283,0.09275483423069142,1,1,1,CD8 T cell
EDN1,0.4560749698769308,0.053030120502919775,1,0.833,1,CD8 T cell
RBM7,0.4561259639782402,-0.05614267945690965,1,1,1,CD8 T cell
RAB39A,0.4561475647510351,-0.019477686209794065,0.667,0.75,1,CD8 T cell
EPHA10,0.4561830221341007,0.0095536457707035,0.417,0.25,1,CD8 T cell
ACTR3B,0.4562024371118792,0.09544879184514787,1,1,1,CD8 T cell
DDR1,0.4562129064823895,-0.061416376648641524,1,1,1,CD8 T cell
SOS1,0.45623960410144915,-0.0445956960570274,1,1,1,CD8 T cell
TOP3A,0.4562922604926154,-0.04946131350662841,1,1,1,CD8 T cell
LPCAT2,0.4564146731334257,-0.032296169483476245,0.833,1,1,CD8 T cell
UQCRC2,0.4564158457746315,-0.009312795093019632,1,1,1,CD8 T cell
FN3K,0.45643768661007306,-0.07876357762328245,1,1,1,CD8 T cell
BCS1L,0.45643998243604866,-0.05400584865755231,1,1,1,CD8 T cell
FAM241B,0.4566844100021383,-0.07769511544424779,1,1,1,CD8 T cell
PPFIA4,0.4566895994513177,-0.012494435627792289,0.667,0.917,1,CD8 T cell
LRGUK,0.45671295095728237,0.046618725219186086,1,1,1,CD8 T cell
H2AC8,0.4567376638234502,-0.0509607002171486,1,1,1,CD8 T cell
SIGLEC15,0.45677237127382087,-5.098420192419795e-4,0.417,0.167,1,CD8 T cell
SCFD2,0.4567839076008485,-0.03747503702151622,1,1,1,CD8 T cell
GSTA4,0.4572687898694007,0.0830539972774118,1,1,1,CD8 T cell
TSPAN10,0.4573191990821404,-0.02263524044070042,0.417,0.583,1,CD8 T cell
SCUBE1,0.45733287530813865,-0.004717450169921644,0.333,0.417,1,CD8 T cell
CACHD1,0.45736263784646936,0.018539573882260463,0.417,0.167,1,CD8 T cell
TSLP,0.4574211657400095,-0.023317268687804038,0.75,0.833,1,CD8 T cell
COPB2,0.45760818213647797,0.04583144238901421,1,1,1,CD8 T cell
SOX12,0.45771986459215624,-0.038656825659134864,1,1,1,CD8 T cell
ZFYVE26,0.45772684402261127,0.0439859340949722,1,1,1,CD8 T cell
BUD23,0.4578307507779515,-0.026154536419936092,1,1,1,CD8 T cell
MCM8,0.4578748389842471,0.08848840411515635,1,1,1,CD8 T cell
SAE1,0.4578930139246652,-0.07071772312586122,1,1,1,CD8 T cell
CST7,0.457996653855272,-0.04030607477600778,1,1,1,CD8 T cell
PNPLA2,0.4580328897128031,-0.026947253486319322,1,1,1,CD8 T cell
FANCL,0.4582536644380237,-0.06267344789839191,1,1,1,CD8 T cell
PRRG4,0.4582760108109673,-0.012333731949469406,0.667,0.75,1,CD8 T cell
KLHDC3,0.4583650166389991,-0.017784918910561387,1,1,1,CD8 T cell
SAMD4A,0.4584954392270646,0.04906779166744446,0.75,0.667,1,CD8 T cell
AIMP1,0.4584993216146739,-0.03794548518935048,1,1,1,CD8 T cell
STX10,0.4585229413911865,0.07918750169474309,1,1,1,CD8 T cell
NUDT1,0.4589685437015824,0.050050564930475994,1,1,1,CD8 T cell
PCED1B,0.4589850284598382,0.07071139849819669,1,1,1,CD8 T cell
NPIPB2,0.45914363548816367,0.01998709666828713,0.667,0.583,1,CD8 T cell
UMAD1,0.4591530013232046,-0.019268749603302576,1,1,1,CD8 T cell
COMMD8,0.4591556914513764,0.04097834493142072,1,1,1,CD8 T cell
ZNF592,0.4591945891992737,-0.013789104579922194,1,1,1,CD8 T cell
YIPF4,0.45921043868836064,0.04764107357857217,1,1,1,CD8 T cell
ZDHHC3,0.45926163834996614,-0.03603713907946193,1,1,1,CD8 T cell
SLC38A2,0.45926839674434233,0.06247083443149881,1,1,1,CD8 T cell
TUB,0.45938271029882427,0.028899913644715003,0.583,0.75,1,CD8 T cell
WDR43,0.45939948783634477,-0.04979426320451452,1,1,1,CD8 T cell
AP4B1,0.4594634828857951,-0.04200315468124133,1,1,1,CD8 T cell
UGT8,0.45947987025568465,0.039139652501657185,0.917,0.917,1,CD8 T cell
ROMO1,0.45950545909381807,0.05547601018712306,1,1,1,CD8 T cell
ARHGAP25,0.45958925593087424,-0.02447786997450807,1,1,1,CD8 T cell
PSMG4,0.45960145850894785,-0.053209516494508335,1,1,1,CD8 T cell
FBH1,0.45965181305251396,0.060061749068347194,1,1,1,CD8 T cell
GNMT,0.4596635668449554,-0.057783564676752164,1,1,1,CD8 T cell
ZNF571,0.45966973607066763,-0.07688058958845545,1,1,1,CD8 T cell
SHROOM4,0.45972708129327083,-0.011868715850055445,0.167,0.417,1,CD8 T cell
SARM1,0.45986406283048675,-0.06596572235897802,1,1,1,CD8 T cell
GARIN2,0.4599176448787719,-0.01542587334861567,0.333,0.667,1,CD8 T cell
KLHL33,0.46004388343019054,0.028674682506014015,0.667,0.417,1,CD8 T cell
TMED6,0.46009752338580395,0.013736655070931025,1,1,1,CD8 T cell
PICK1,0.46013705850316056,0.025061265503486085,1,1,1,CD8 T cell
PHAF1,0.46015579488306807,-0.05315076593828838,1,1,1,CD8 T cell
AP4E1,0.46026338045812126,0.037163044224005626,1,1,1,CD8 T cell
FYN,0.46027459840833107,-0.0371865812755825,1,1,1,CD8 T cell
GID4,0.46032234435784747,-0.03350006146411244,1,1,1,CD8 T cell
SLC26A1,0.4603381692704069,-0.025745140022051416,0.75,0.75,1,CD8 T cell
STARD10,0.4604314802589614,-0.06419979820097677,1,1,1,CD8 T cell
POLD3,0.460558527544749,-0.06400626170242907,1,1,1,CD8 T cell
AKAP12,0.4605800598154191,0.04173341485193349,0.75,0.667,1,CD8 T cell
CD2AP,0.4607034601791574,0.05566912308295388,1,1,1,CD8 T cell
LINGO3,0.46077057321528586,0.03712046169600569,0.917,0.833,1,CD8 T cell
ZNF576,0.4608787523276074,-0.04746183515648594,1,1,1,CD8 T cell
CXCL5,0.46102742712079575,-0.0037588492572000476,0.75,0.667,1,CD8 T cell
FRMD4A,0.4611536238325698,0.03210529493176528,0.917,0.75,1,CD8 T cell
IK,0.4612682303498712,-0.015534368059052173,1,1,1,CD8 T cell
PPP2R3B,0.46129110889078484,0.010838906649084157,1,1,1,CD8 T cell
FIBP,0.461307149230383,0.06437033363839129,1,1,1,CD8 T cell
VRK2,0.46132366812122727,0.061321050819316325,1,1,1,CD8 T cell
YDJC,0.46132373041307617,0.06649677758872419,1,1,1,CD8 T cell
GREB1,0.4613875003019914,0.060805886043708846,1,0.917,1,CD8 T cell
STX5,0.4613912446296106,-0.002122413786988228,1,1,1,CD8 T cell
MAN1A1,0.46143346309483535,-0.07915547541789181,1,1,1,CD8 T cell
ELMO3,0.461504842695033,0.07349638264488334,1,1,1,CD8 T cell
LTN1,0.4616534345878915,0.03650963586789355,1,1,1,CD8 T cell
ZNF367,0.4616852391640454,-0.007654318150062345,1,1,1,CD8 T cell
ACOT12,0.46168701825710934,-0.0071499222462096945,0.5,0.583,1,CD8 T cell
PSMA5,0.46172358523471213,0.07769330970210753,1,1,1,CD8 T cell
EFCAB12,0.4617940554361056,0.00508604316034722,0.75,0.833,1,CD8 T cell
GUK1,0.461854791781423,-0.033281318969512363,1,1,1,CD8 T cell
TUBGCP4,0.4619405366303172,0.041545982239486134,1,1,1,CD8 T cell
VHL,0.4620088524581433,-0.01873595449980736,1,1,1,CD8 T cell
ME3,0.4620111164173619,-0.0995652461483516,1,1,1,CD8 T cell
TCFL5,0.4620215773001627,0.049790210206625884,1,1,1,CD8 T cell
ARHGAP30,0.4621652190777842,0.0426193282725289,1,1,1,CD8 T cell
MAOA,0.4621884836901919,0.0038901485516373846,0.583,0.583,1,CD8 T cell
GOLT1B,0.4623271921901289,-0.021734022481372323,1,1,1,CD8 T cell
HERC3,0.4623718409281641,-0.04278440477599188,1,1,1,CD8 T cell
DESI2,0.46280891476010294,0.08088454809580548,1,1,1,CD8 T cell
SHISA2,0.4630613733421952,-0.014708319120777968,0.25,0.333,1,CD8 T cell
ITGB3,0.4630836393995871,0.026368384704933856,1,1,1,CD8 T cell
SRSF7,0.46314804769741436,-0.02340771366250749,1,1,1,CD8 T cell
RAD23A,0.46316541542616557,-0.02461944755356643,1,1,1,CD8 T cell
CAPG,0.4633712181180432,0.10433130553717884,1,1,1,CD8 T cell
HOOK2,0.46341001735134946,-0.05190282013929348,1,1,1,CD8 T cell
ZSCAN31,0.4634943141270301,0.05881523816082934,1,0.917,1,CD8 T cell
PIWIL4,0.46355156843111656,0.02483696503938626,1,1,1,CD8 T cell
MOB1A,0.4635995130528301,-0.04784016766070143,1,1,1,CD8 T cell
C16orf74,0.4636255428414342,0.03404889942353817,0.917,1,1,CD8 T cell
EHD3,0.4636697298961009,-0.08465670032054473,1,1,1,CD8 T cell
MATK,0.4639716842760236,0.052698301789806834,1,1,1,CD8 T cell
SIK2,0.46416489186209337,-0.05779135868640839,1,1,1,CD8 T cell
POU5F2,0.4642390037281254,0.06355971407623229,1,1,1,CD8 T cell
CPNE5,0.46427546460716956,0.01308861041247722,0.833,1,1,CD8 T cell
CORO1C,0.46428898747514397,-0.08976622818987745,1,1,1,CD8 T cell
PHACTR1,0.4643090384133876,-3.0217114024555514e-4,1,0.833,1,CD8 T cell
PLK5,0.4643097184318632,0.014354695515049976,0.417,0.333,1,CD8 T cell
HMGN3,0.4643787196192026,0.047781449098540096,1,1,1,CD8 T cell
WDSUB1,0.4644875393942296,0.05740756309839323,1,1,1,CD8 T cell
TRIM16L,0.4645689733102427,0.009128680270123812,0.917,0.833,1,CD8 T cell
ZNF804A,0.4646407479137044,-0.0030275275152575887,0.167,0.417,1,CD8 T cell
P2RY11,0.464694116287771,0.11547513978441659,1,1,1,CD8 T cell
RHCE,0.4647985477053435,-0.014000424581775306,0.417,0.5,1,CD8 T cell
PSME3IP1,0.4648666179322807,0.06597072815700389,1,1,1,CD8 T cell
RC3H2,0.4651077451084416,-0.022678646226873544,1,1,1,CD8 T cell
POGLUT2,0.4651881638351303,0.05109493648273311,1,1,1,CD8 T cell
TBC1D25,0.465242545530976,-0.04077943411149043,1,1,1,CD8 T cell
UBE2H,0.465271228380638,-0.013777183870453041,1,1,1,CD8 T cell
BTN3A1,0.46569329925367153,0.06627507212155903,1,1,1,CD8 T cell
DET1,0.465786305319742,0.05379892662429242,1,1,1,CD8 T cell
SNAPC3,0.4658210135917563,0.06405870472292777,1,1,1,CD8 T cell
MYO15A,0.4658237514222403,0.03321121979222319,0.583,0.583,1,CD8 T cell
IL1RAP,0.4659353563672504,-0.07093407868794399,1,1,1,CD8 T cell
HDHD2,0.46599239660481323,0.03374578692802954,1,1,1,CD8 T cell
PC,0.4660659078475798,-0.047310762733038025,0.917,1,1,CD8 T cell
REELD1,0.4660699037814477,0.03509770335899187,0.917,0.833,1,CD8 T cell
TBRG4,0.46609460659779867,0.04997552771102828,1,1,1,CD8 T cell
ANO9,0.4661630947143392,0.1739052808941166,1,1,1,CD8 T cell
AMZ1,0.46624783823974375,-0.009511581304174843,0,0.333,1,CD8 T cell
FDXACB1,0.4662680704377494,-0.012248914002717992,1,1,1,CD8 T cell
DDX54,0.4663425211157705,-0.009800954550711519,1,1,1,CD8 T cell
ZNF23,0.4666186364391177,0.045876206753582505,1,1,1,CD8 T cell
SPAG8,0.4666341250769883,0.0774347987899131,1,1,1,CD8 T cell
SMURF1,0.46677620471798065,0.047440548881418465,1,1,1,CD8 T cell
NSUN2,0.4667996630159416,0.06339090467180619,1,1,1,CD8 T cell
DNAJC28,0.46680611596969596,0.009072730672498253,1,1,1,CD8 T cell
COPB1,0.466850751250433,-0.01411320317698117,1,1,1,CD8 T cell
URM1,0.4668741154907389,0.04188129357565307,1,1,1,CD8 T cell
KCNAB1,0.46697366302742105,-0.008207160003241842,0.25,0.417,1,CD8 T cell
PHPT1,0.46697494399929035,-0.0732168996652385,1,1,1,CD8 T cell
ATXN2,0.46698686785013427,0.00920531719763179,1,1,1,CD8 T cell
CDH3,0.46709939620356034,-0.018636676322862478,0.5,0.75,1,CD8 T cell
ORMDL2,0.4671132698189099,0.03338127109726141,1,1,1,CD8 T cell
SGMS1,0.4671277732984641,0.09391187550559343,1,1,1,CD8 T cell
ZNF7,0.46717084170083023,-0.020144892962972616,1,1,1,CD8 T cell
NACC1,0.467327704818223,0.03516263954313503,1,1,1,CD8 T cell
TRIM21,0.46749689791586857,0.06419577969892604,1,1,1,CD8 T cell
FASTKD2,0.4675256268272038,0.039719472957621293,1,1,1,CD8 T cell
ZCCHC8,0.46754441063399765,-0.04131363769790497,1,1,1,CD8 T cell
IKBKB,0.4675689624724536,0.03932444072584884,1,1,1,CD8 T cell
YIPF7,0.46770304091752896,-0.012384780955419394,0.25,0.417,1,CD8 T cell
UPK1A,0.46793424658808025,0.01403367130360822,0.833,0.75,1,CD8 T cell
KXD1,0.4681108763597616,-0.036659369509958406,1,1,1,CD8 T cell
NUAK2,0.46811875898903477,0.08856515721302505,1,1,1,CD8 T cell
SPATA32,0.468245653735193,0.01012933386877135,0.667,0.583,1,CD8 T cell
ADAMTS13,0.46841839218174974,-0.05505726091267871,1,1,1,CD8 T cell
RAB27B,0.4684385687478481,0.10203422205959933,1,1,1,CD8 T cell
DNAJC10,0.4684410171177686,-0.03498534787685187,1,1,1,CD8 T cell
GFPT2,0.46848038189561053,0.10157955611112923,1,0.917,1,CD8 T cell
PEAK1,0.4685765120767686,-0.06630149942246555,1,1,1,CD8 T cell
HSPA1A,0.4686097193587033,-0.06052578274796572,1,1,1,CD8 T cell
PLS1,0.46864820461892837,0.010354358722973522,1,1,1,CD8 T cell
FGD2,0.4687154095886949,-0.046303234058262976,1,1,1,CD8 T cell
MAD1L1,0.4687229085072455,0.0801145738377344,1,1,1,CD8 T cell
RASGRP3,0.4687426170013369,-0.09250633758136706,1,1,1,CD8 T cell
PFDN5,0.4687721867339218,0.032914706415916095,1,1,1,CD8 T cell
ACAP1,0.46887192009807327,0.044366068850090645,1,1,1,CD8 T cell
THAP5,0.4690120676697586,0.06233624939784499,1,1,1,CD8 T cell
WARS2,0.4690371563447672,0.044259001799928255,1,1,1,CD8 T cell
TSPYL1,0.4690640240608834,-0.027662338028100142,1,1,1,CD8 T cell
DNAJB6,0.4690715098878885,-0.022674342066954845,1,1,1,CD8 T cell
TBC1D10A,0.46918507568369966,-0.05801241714925018,1,1,1,CD8 T cell
HIF1AN,0.46920864503254184,-0.040295232006263254,1,1,1,CD8 T cell
KRBA2,0.46937544553402016,0.07731473447542214,1,1,1,CD8 T cell
HROB,0.4694900067755503,0.029117181421370653,0.917,1,1,CD8 T cell
MYCL,0.46949871102954716,-0.024931251794816145,0.667,0.833,1,CD8 T cell
KDM7A,0.4696426661697677,-0.04408521197633247,1,1,1,CD8 T cell
ZNF134,0.4696586517835737,0.052565304003123536,1,1,1,CD8 T cell
SLC25A12,0.46968423581957663,-0.05205676118960645,1,1,1,CD8 T cell
CDADC1,0.46976788350005355,0.0013368591225930704,1,1,1,CD8 T cell
OXCT1,0.4697706504116486,-0.026048054078863375,1,1,1,CD8 T cell
INTS1,0.46983762962645237,-0.055196393238910346,1,1,1,CD8 T cell
PLCH2,0.4698592730025563,0.11886884861045388,1,1,1,CD8 T cell
CDRT4,0.47003536635753185,0.049962828687280636,1,1,1,CD8 T cell
OOEP,0.47006248822789404,-0.020822658651072246,0.333,0.5,1,CD8 T cell
ARFIP1,0.4700637773025465,0.06654414930119257,1,1,1,CD8 T cell
NFAM1,0.47011350210996056,-0.01743149159753221,0.833,0.833,1,CD8 T cell
RNF103,0.47019289380482476,-0.053798677358713465,1,1,1,CD8 T cell
HMOX1,0.4705234689255283,0.05985865545226021,1,1,1,CD8 T cell
DFFA,0.4705587772465704,0.07422451564137122,1,1,1,CD8 T cell
PPP1R13B,0.4706392124338765,0.08758126771004826,1,1,1,CD8 T cell
PRDM15,0.4706880189918955,0.07945095622370668,1,1,1,CD8 T cell
CYB5A,0.4707199131858042,-0.03973446869556163,1,1,1,CD8 T cell
TIAL1,0.47082533768472956,-0.02216746282343962,1,1,1,CD8 T cell
DOK4,0.47085775189530266,0.04043419702415196,1,0.917,1,CD8 T cell
ODR4,0.4709450771609678,-0.03951345871435308,1,1,1,CD8 T cell
PLIN2,0.4711643575387319,-0.017213899410229327,1,1,1,CD8 T cell
BTN3A3,0.4712199308692474,0.0690763902596987,1,1,1,CD8 T cell
SCFD1,0.47132880823165896,-0.034133648641335224,1,1,1,CD8 T cell
NAMPT,0.4713457843121272,0.008645025056115418,1,1,1,CD8 T cell
ERCC2,0.4713696506244078,0.05880840190861014,1,1,1,CD8 T cell
SLA2,0.47149002014932223,-0.06366229160597514,1,1,1,CD8 T cell
CCDC183,0.4715961775796295,0.05971481179194971,1,1,1,CD8 T cell
ZBTB37,0.47184944787696054,-0.04892758670222777,1,1,1,CD8 T cell
RBM26,0.47196309696663935,-0.012371859869901913,1,1,1,CD8 T cell
ARHGAP8,0.4719973638946214,0.07302411532927078,1,1,1,CD8 T cell
TMEM94,0.47203104099367177,0.013293172925396557,1,1,1,CD8 T cell
CACNA2D2,0.4721407264523725,0.09510414418417495,1,1,1,CD8 T cell
ZNF697,0.47222575235980935,-0.011228105083791906,0.417,0.667,1,CD8 T cell
CENPB,0.4723446570781051,0.0440061288129504,1,1,1,CD8 T cell
MINDY1,0.47239659546516327,0.07393480328437585,1,1,1,CD8 T cell
NIPAL3,0.4725637126207351,-0.047693734097447926,1,1,1,CD8 T cell
CBX4,0.4726622935623017,-0.033300961500579485,1,1,1,CD8 T cell
TRAPPC8,0.47291380758667767,0.052906302607893085,1,1,1,CD8 T cell
EMC6,0.47293434232398573,0.03648877320123578,1,1,1,CD8 T cell
MORC4,0.47296429925553723,0.0965480099734366,1,1,1,CD8 T cell
CLTRN,0.47324324455091316,0.027564115713475612,0.833,0.75,1,CD8 T cell
MACO1,0.4733033334289309,-0.03434262381634745,1,1,1,CD8 T cell
ANKRA2,0.47333162232947074,-0.003935729461410187,1,1,1,CD8 T cell
GNGT2,0.47334129618389925,0.06679283397475266,1,1,1,CD8 T cell
SLAIN1,0.47338799241399765,0.05418930900247976,1,1,1,CD8 T cell
TFR2,0.4734349942134085,-0.06713722328768856,1,1,1,CD8 T cell
ATF6B,0.47344458354647495,-0.004830633916918847,1,1,1,CD8 T cell
DHRS2,0.47348300887990225,-0.009753898396688054,0.167,0.417,1,CD8 T cell
VBP1,0.47353921820018646,0.0616262563844234,1,1,1,CD8 T cell
SYTL1,0.4736220352240791,-0.020452665136936332,1,1,1,CD8 T cell
ACTR5,0.47367213417544746,-0.024006734120156636,1,1,1,CD8 T cell
DNPH1,0.47390366457351935,0.0732931139314772,1,1,1,CD8 T cell
CNIH2,0.4739321628061999,-0.06064405081386148,1,1,1,CD8 T cell
RPP38,0.4739416238637309,0.05491082767574251,1,1,1,CD8 T cell
COL5A2,0.47395949265489995,-0.010531759580783895,0.583,0.75,1,CD8 T cell
ABTB3,0.47407444302678414,0.17427855035276973,1,1,1,CD8 T cell
ABCC2,0.47424869792471896,-0.0679613562727357,1,1,1,CD8 T cell
VAMP1,0.47439865559423544,-0.03011918678475134,1,1,1,CD8 T cell
NUMA1,0.47446472592495315,-0.042644083548330824,1,1,1,CD8 T cell
HADHB,0.4746157837135736,0.04359187339137516,1,1,1,CD8 T cell
FBXL13,0.474659557321948,0.02744696281255976,1,0.917,1,CD8 T cell
TTC16,0.47468115854106663,0.08526936489435276,1,1,1,CD8 T cell
PCED1A,0.47479609117772575,0.03962825089953803,1,1,1,CD8 T cell
CNEP1R1,0.4748459530140283,0.04614133736126046,1,1,1,CD8 T cell
CLIC6,0.4748668613748921,0.04963903015381188,0.833,0.75,1,CD8 T cell
YBX1,0.4749094141729194,-0.038843835766754875,1,1,1,CD8 T cell
RTN1,0.4751124274809668,0.016017634535191227,0.75,0.75,1,CD8 T cell
ZNF547,0.4751347711254772,0.06586206832905894,0.917,1,1,CD8 T cell
LIAS,0.47516883216769124,0.06701936329048541,1,1,1,CD8 T cell
DERL1,0.47523302803943657,-0.0260151841311409,1,1,1,CD8 T cell
TCTN3,0.4752670625864765,-0.042253754367453045,1,1,1,CD8 T cell
NSD1,0.4752996670463868,-0.017925362810565337,1,1,1,CD8 T cell
TNFAIP2,0.4753872585271033,0.012233484537919281,1,1,1,CD8 T cell
RTN4R,0.47550548809192017,0.0698465769131773,1,1,1,CD8 T cell
VWA7,0.47551249734793394,0.028906446179419287,0.917,0.917,1,CD8 T cell
COPS7A,0.47551512173019334,0.0522119445877976,1,1,1,CD8 T cell
SCLY,0.47551927552224027,0.04226595945255229,1,1,1,CD8 T cell
TASL,0.47560419902756085,-0.06523989575051026,1,1,1,CD8 T cell
RAB2B,0.47561403074223213,-0.039757661876387074,1,1,1,CD8 T cell
CLEC2B,0.4757390914419663,-0.03898832036987887,1,1,1,CD8 T cell
SLC9A7,0.47574361113937436,-0.0324967614550018,1,1,1,CD8 T cell
CD69,0.47580259373680445,-0.13586692816269097,1,1,1,CD8 T cell
LRRN4CL,0.4758752807051387,-0.006740398856100338,0.167,0.417,1,CD8 T cell
INPP5J,0.4760634979637065,0.013728739453332306,0.333,0.083,1,CD8 T cell
FAM83G,0.476073963730306,0.04728360352259431,1,0.917,1,CD8 T cell
SLC7A11,0.4760771354736904,-0.04779209570873366,0.667,0.833,1,CD8 T cell
DOCK10,0.4760997610322882,-0.030498254794276036,1,1,1,CD8 T cell
ABCE1,0.47611614403421165,-0.04866794102446098,1,1,1,CD8 T cell
CLDN11,0.47616269116621807,0.01739565540064003,0.417,0.333,1,CD8 T cell
AARS2,0.47626882690419964,-0.010662392068914062,1,1,1,CD8 T cell
LRRC8D,0.4763538345899549,-0.03342970034771264,1,1,1,CD8 T cell
ETF1,0.4764534350398866,-0.012336108291210124,1,1,1,CD8 T cell
TRPV2,0.4766241063472518,0.04046661613042035,1,1,1,CD8 T cell
NEURL1,0.47666719404190067,-0.03219530578424035,0.917,1,1,CD8 T cell
BACE2,0.47667682883334056,-0.02312875039682938,0.583,0.75,1,CD8 T cell
SNED1,0.4767478346926816,0.006374848623727392,0.333,0.333,1,CD8 T cell
C1orf54,0.47677134532396204,0.03839576994614413,1,1,1,CD8 T cell
PHLDB2,0.47677635498552223,0.07930731600676344,1,1,1,CD8 T cell
C17orf67,0.47684977956180036,-0.0156339083593795,1,1,1,CD8 T cell
CFAP141,0.4771550547598432,0.0030426525894315937,0.917,0.833,1,CD8 T cell
BBS2,0.4771904850181081,0.09004816835622775,1,1,1,CD8 T cell
WDR25,0.47721494970582673,-0.03334558227792184,1,1,1,CD8 T cell
ATXN10,0.4772550830895916,-0.01841493799637023,1,1,1,CD8 T cell
EPHB1,0.47733277790981005,-0.008763776072271412,0.083,0.417,1,CD8 T cell
TOR1AIP2,0.4773358827988465,-0.031905913795690743,1,1,1,CD8 T cell
BAP1,0.47739425389083,0.04406059907070725,1,1,1,CD8 T cell
MCL1,0.47742082661247864,-0.012301253338709905,1,1,1,CD8 T cell
REXO2,0.4774562578908562,-0.027010992706224812,1,1,1,CD8 T cell
AZU1,0.4775281740823929,0.008014116241882974,0.667,0.583,1,CD8 T cell
TIMELESS,0.4775330948075032,-0.032728097329717265,1,1,1,CD8 T cell
GNB3,0.4775872611898134,-0.029637927255066643,0.667,0.917,1,CD8 T cell
USP12,0.4776597266018778,-0.043094567223770364,1,1,1,CD8 T cell
SNF8,0.4776652880173483,-0.044618010847104594,1,1,1,CD8 T cell
PSAT1,0.4778155809652371,-0.09389998401972699,1,1,1,CD8 T cell
ASTN2,0.4779300075733513,-0.08289326587551171,1,1,1,CD8 T cell
PPCDC,0.47793144649869823,0.02989234602832469,1,1,1,CD8 T cell
H2AX,0.4779357156134396,-0.04298207076500038,1,1,1,CD8 T cell
AIFM3,0.4779930403679307,-0.00956632656933376,0.75,0.75,1,CD8 T cell
CHCHD6,0.47816963572087545,0.08606588001350968,1,1,1,CD8 T cell
AK1,0.4782954003035401,-0.06812474893761167,1,1,1,CD8 T cell
NAA25,0.4785816187786185,0.0659095133488723,1,1,1,CD8 T cell
GRAMD1A,0.47867819962105823,0.07921741192153164,1,1,1,CD8 T cell
CDR2,0.4787676385960935,0.092927730570639,1,1,1,CD8 T cell
LENG1,0.4787790517502989,-0.016151193644774908,1,1,1,CD8 T cell
REST,0.4789410214486425,-0.020181176977604798,1,1,1,CD8 T cell
TAS2R30,0.4789966274215913,-0.062410683228136365,1,1,1,CD8 T cell
ZNF727,0.47905229879930356,-0.06075922816683477,0.917,0.917,1,CD8 T cell
PCDHGA9,0.4791031358711564,-0.017006822592620097,0.333,0.667,1,CD8 T cell
HSD17B12,0.479201442047703,0.0678781659908354,1,1,1,CD8 T cell
PHF21A,0.4793092350964058,-0.041483285786102386,1,1,1,CD8 T cell
MAX,0.4794416067580093,-0.014201459717614107,1,1,1,CD8 T cell
TNK1,0.4794873417782455,0.070613683659841,1,1,1,CD8 T cell
TPP2,0.4794968742084696,-0.017664960132892316,1,1,1,CD8 T cell
GALNT18,0.4795508910652299,-0.04299766325951859,0.5,0.667,1,CD8 T cell
ZNF566,0.4796896407458627,0.03325299325314446,1,1,1,CD8 T cell
MFSD12,0.4797830106218829,0.03486945371184502,1,1,1,CD8 T cell
ZBED3,0.47979751418997013,-0.059809444284654845,1,1,1,CD8 T cell
PCDHGA11,0.47980657610915917,-0.014227198232125371,0.417,0.5,1,CD8 T cell
CDC42EP1,0.4799571157245082,-0.008695269665454752,0.333,0.5,1,CD8 T cell
MTRF1,0.48002288824882133,0.07772902567811174,1,1,1,CD8 T cell
APC2,0.4800271625979628,0.022360968946015358,0.5,0.25,1,CD8 T cell
IPPK,0.480117167619444,0.09977877477625441,1,1,1,CD8 T cell
TADA1,0.48039765458304,0.031056602679506495,1,1,1,CD8 T cell
BCAP31,0.48042068301299007,-0.05568634049377219,1,1,1,CD8 T cell
HCLS1,0.4804325736000434,0.03792350694587521,1,1,1,CD8 T cell
GK3,0.48047570663297673,-0.013233029473826985,0.25,0.5,1,CD8 T cell
MYBL1,0.48052761343353806,-0.09735835274176186,1,1,1,CD8 T cell
ADAM22,0.4806571156561832,0.06144199431069297,1,1,1,CD8 T cell
PARP6,0.48066857853376965,0.04390456981062274,1,1,1,CD8 T cell
BAMBI,0.48067448969426785,0.02754694535471991,0.75,0.667,1,CD8 T cell
TBC1D17,0.48069064880836987,-0.007511042352048941,1,1,1,CD8 T cell
MUS81,0.48069335100884564,0.045362760908602695,1,1,1,CD8 T cell
INKA2,0.48069988864699936,-0.03270646019974022,1,1,1,CD8 T cell
PTGS2,0.48071923690717094,3.839668316851785e-5,0.917,0.917,1,CD8 T cell
ADAM17,0.48072544043182946,0.056649036400515884,1,1,1,CD8 T cell
RIPK3,0.48072904583295323,0.07125704735489269,1,1,1,CD8 T cell
NATD1,0.4808908810131713,-0.05592492525124326,1,1,1,CD8 T cell
MPHOSPH8,0.4809969941194736,-0.03195174968959191,1,1,1,CD8 T cell
DCTN1,0.4810428409243723,-0.03001433397659281,1,1,1,CD8 T cell
ASTE1,0.48116050944872385,0.07674982432146993,1,1,1,CD8 T cell
NRF1,0.4812470245582622,-0.04801859329380875,1,1,1,CD8 T cell
TLE3,0.4814227887787899,0.06629042491908743,1,1,1,CD8 T cell
DPP9,0.48143730228755327,-0.03459313354965313,1,1,1,CD8 T cell
SLC39A10,0.48147165523849483,-0.02116575285125559,1,1,1,CD8 T cell
SH2D1B,0.48148480296369234,-0.1339611187789842,1,1,1,CD8 T cell
RBAK,0.4815181450725865,0.056382855881041916,1,1,1,CD8 T cell
DYNLT2,0.4815383874335218,0.08013195329440981,1,1,1,CD8 T cell
SNORC,0.4816219727153086,-0.049197925047307134,0.917,0.917,1,CD8 T cell
LDB1,0.4817421398161854,0.029774890324010928,1,1,1,CD8 T cell
MTBP,0.48178594476377123,-0.05640030667560847,1,1,1,CD8 T cell
BABAM1,0.48180202817056245,0.037877306479734446,1,1,1,CD8 T cell
ENTPD5,0.48192731021687313,0.06607929503553045,1,1,1,CD8 T cell
MAD2L2,0.48205816670209223,0.05765155018261875,1,1,1,CD8 T cell
ZZEF1,0.48214921811915484,0.05260054262023539,1,1,1,CD8 T cell
ITGA4,0.4822000599221048,-0.04941070831024108,1,1,1,CD8 T cell
ASPHD2,0.48221136753164123,-0.0772199910664284,1,1,1,CD8 T cell
LMNB1,0.48227880637431947,0.08906692369296398,1,1,1,CD8 T cell
DTL,0.4823277680256188,-0.04978168916236303,0.917,0.917,1,CD8 T cell
PRIM2,0.4823482427535953,-0.026711609942137227,1,1,1,CD8 T cell
PXK,0.48235585717499074,-0.05313896064211121,1,1,1,CD8 T cell
FZD4,0.4824231281419216,0.008897609336045331,0.667,0.583,1,CD8 T cell
OTUB1,0.4825036030842731,-0.041360252228700656,1,1,1,CD8 T cell
LMO1,0.4828482180424991,0.007118306314467748,0.333,0.25,1,CD8 T cell
CENPX,0.48288096861924495,-0.04558030740916852,1,1,1,CD8 T cell
HEATR3,0.48289185765128945,-0.06903199721574993,1,1,1,CD8 T cell
SON,0.4829011935246839,-0.027635622423561768,1,1,1,CD8 T cell
TACR2,0.48299298246895045,-0.008947025636583117,0.5,0.583,1,CD8 T cell
ZNF316,0.48319877363193775,0.07175657428206428,1,1,1,CD8 T cell
XKR7,0.48322494927213266,-0.013349820021430148,0.167,0.333,1,CD8 T cell
PRDM16,0.48323631642927284,-0.009834398784705378,0.333,0.5,1,CD8 T cell
MS4A14,0.4832945491172551,0.028840441747614687,0.667,0.75,1,CD8 T cell
FBXO8,0.48329747472034346,0.059564605433821693,1,1,1,CD8 T cell
TM7SF2,0.4834430683859424,-0.02353894180567906,1,1,1,CD8 T cell
TRMU,0.4835130933817609,0.01888360579683246,1,1,1,CD8 T cell
C19orf73,0.4835684782740593,-0.04058545378558032,0.917,1,1,CD8 T cell
NOL6,0.48366196373921316,-0.04666229869778027,1,1,1,CD8 T cell
STX6,0.483698279349614,0.041798592373542706,1,1,1,CD8 T cell
ARMCX5,0.4837101423055558,-0.061383882163083436,1,1,1,CD8 T cell
LIN7C,0.4837314319305304,-0.027175889119119778,1,1,1,CD8 T cell
COL24A1,0.4837570502718305,0.004069189393772543,0.333,0.083,1,CD8 T cell
TDRKH,0.4837651442204102,0.09707167893649093,1,1,1,CD8 T cell
TNFRSF8,0.48377893609512146,-0.003923634095301054,0.5,0.667,1,CD8 T cell
DHX58,0.48387498994245065,0.06529396770173301,1,1,1,CD8 T cell
HID1,0.483960757155726,-0.06762021922352934,1,1,1,CD8 T cell
BPNT2,0.4839665474181784,0.04543088120769615,1,1,1,CD8 T cell
CPSF4,0.4840427195881523,0.012797982567329336,1,1,1,CD8 T cell
MFSD9,0.48410051548430905,-0.08770819291375154,1,1,1,CD8 T cell
MEGF8,0.48411864759519846,-0.02952977384816924,1,1,1,CD8 T cell
TAGLN2,0.48422937274666683,-0.04394126491409245,1,1,1,CD8 T cell
TFAP2A,0.4842781717710791,-0.027001476460993157,0.417,0.417,1,CD8 T cell
MED14,0.4843271728889862,0.022473719182139584,1,1,1,CD8 T cell
PER2,0.48441496403534723,0.0399185772776911,1,1,1,CD8 T cell
ALKAL2,0.4844324965376194,0.03595690634713877,0.5,0.333,1,CD8 T cell
SSNA1,0.4844367467469647,0.009315518222471786,1,1,1,CD8 T cell
LRRC37A2,0.48446053052206306,-0.06588045808628928,0.583,0.583,1,CD8 T cell
MAN1B1,0.4844813870160072,0.05473657677934329,1,1,1,CD8 T cell
USP31,0.4844910346843639,-0.0416328320890158,1,1,1,CD8 T cell
NCEH1,0.48453578455052565,0.09334785780029442,1,1,1,CD8 T cell
GTF2A1,0.4845445935575478,0.04937571301539612,1,1,1,CD8 T cell
DNAJC27,0.48465194544883006,0.07205626333624293,1,1,1,CD8 T cell
SLAIN2,0.484675755735122,0.023184582224495043,1,1,1,CD8 T cell
SELENOH,0.48476649702607444,0.031916422399133726,1,1,1,CD8 T cell
SPHK2,0.4847888879515055,0.07600014651759768,1,1,1,CD8 T cell
CASP5,0.4848234034908397,-0.010644112355143953,0.5,0.583,1,CD8 T cell
GBP1,0.4848287899519261,0.12099844015391281,1,1,1,CD8 T cell
DLX2,0.48493147270716125,-0.019518326585245216,0.417,0.583,1,CD8 T cell
FAM76A,0.48513639365517186,-0.03703805751671008,1,1,1,CD8 T cell
EPRS1,0.48533988611465906,-0.009010774057735427,1,1,1,CD8 T cell
OTUD6B,0.4853403673633194,-0.04956599515315546,1,1,1,CD8 T cell
BPI,0.4854112337478957,0.013015448107091654,0.75,0.583,1,CD8 T cell
RBM3,0.4854706921696797,0.040366286568912724,1,1,1,CD8 T cell
UBA5,0.4855968157925772,-0.044661931252487436,1,1,1,CD8 T cell
KDM4B,0.485624270329788,0.041091748248366256,1,1,1,CD8 T cell
CCDC186,0.48565429584046416,-0.03922033438263861,1,1,1,CD8 T cell
ANAPC2,0.48586976358904777,0.04365817231507882,1,1,1,CD8 T cell
LPAR2,0.48590160563071416,0.06276176064873495,1,1,1,CD8 T cell
CAP1,0.4861637766466014,0.06356577236987881,1,1,1,CD8 T cell
BLTP1,0.4864610773191282,-0.027838099271059735,1,1,1,CD8 T cell
CLTC,0.486649624298163,-0.030245137753516005,1,1,1,CD8 T cell
GSC,0.4867298841803253,-0.08372370627598968,0.917,1,1,CD8 T cell
NOXO1,0.486730011220098,0.008076510560210082,0.5,0.417,1,CD8 T cell
HEXA,0.4867612967492552,0.040437193139255534,1,1,1,CD8 T cell
FCF1,0.48676981759187254,0.012582523770926612,1,1,1,CD8 T cell
ARPC1A,0.48681013350952634,-0.03113556997009609,1,1,1,CD8 T cell
NMRAL1,0.4868763948498929,0.04328723666587969,1,1,1,CD8 T cell
MSL1,0.4870898470780887,-0.03881727427384729,1,1,1,CD8 T cell
RABEPK,0.4872610499086556,0.04877283596919413,1,1,1,CD8 T cell
RASA1,0.4872877086119235,0.05432082049452225,1,1,1,CD8 T cell
PCMT1,0.487375613105982,-0.04046260385898304,1,1,1,CD8 T cell
SPTSSB,0.48740559257082666,0.28645725724104043,1,1,1,CD8 T cell
ARHGEF39,0.4874794213939466,0.003065324000482317,0.917,1,1,CD8 T cell
ZNF347,0.4875236377773569,0.08185722101671233,1,1,1,CD8 T cell
FIGNL1,0.4875272447512021,0.05004871043045345,1,1,1,CD8 T cell
RRP7A,0.4876148436630647,-0.08821783419651497,1,1,1,CD8 T cell
SPTBN1,0.4876353579697466,-0.07456981363807,1,1,1,CD8 T cell
MCOLN1,0.4877522824801503,-0.021014131548780846,1,1,1,CD8 T cell
SLFN11,0.48777868026944354,0.04599690191764283,1,1,1,CD8 T cell
RNF41,0.4879019946054362,0.05653035161926512,1,1,1,CD8 T cell
APBB3,0.48793099196429074,0.07415506577263464,1,1,1,CD8 T cell
FLYWCH2,0.48795056116764496,0.041628062246929165,1,1,1,CD8 T cell
MKNK2,0.48802423303554,-0.029839616617291842,1,1,1,CD8 T cell
POLR2C,0.488097587079483,-0.039766469109101185,1,1,1,CD8 T cell
PHF20,0.4881001561970807,0.050566886050619986,1,1,1,CD8 T cell
SLC4A7,0.4881488318942465,-0.045417462867980984,1,1,1,CD8 T cell
SF3B5,0.48815263467647574,-0.019777114170387744,1,1,1,CD8 T cell
POLR1G,0.48821962399469726,0.06344050438525128,1,1,1,CD8 T cell
STK31,0.48822880650951095,0.04187343202454219,0.917,0.917,1,CD8 T cell
FRAT1,0.48833847585457735,-0.11002015234731166,1,1,1,CD8 T cell
CAPSL,0.4884468447407605,0.013329006015780909,0.25,0.083,1,CD8 T cell
TACC3,0.48849289200474283,-0.06862344698308687,1,1,1,CD8 T cell
STRIP2,0.48853685341377207,-0.03833554861976296,0.917,1,1,CD8 T cell
USP46,0.48855411878459926,0.07540212848842143,1,1,1,CD8 T cell
RAVER1,0.48858838857920966,0.03514903306478878,1,1,1,CD8 T cell
HCCS,0.48874261057143403,0.030359421845775225,1,1,1,CD8 T cell
RAB6A,0.4890268285672979,0.033095534553897465,1,1,1,CD8 T cell
NIPA2,0.4891057984819265,0.0442192689183003,1,1,1,CD8 T cell
UBASH3A,0.48922462075443995,0.09547124281253305,1,1,1,CD8 T cell
ZC3H8,0.4892711941919662,0.08631960590789456,1,1,1,CD8 T cell
TAS2R4,0.4894412727565819,0.10599708135380181,1,1,1,CD8 T cell
FGF17,0.48948302760020523,0.02405694565407801,0.5,0.25,1,CD8 T cell
MMP24OS,0.48949590047477165,0.04783430730859417,1,1,1,CD8 T cell
FADD,0.48950427665396606,0.05008434372621329,1,1,1,CD8 T cell
UXT,0.489644320505585,0.043265469745306984,1,1,1,CD8 T cell
LY6G6F,0.48970677235470117,-0.01927645456555993,0.417,0.583,1,CD8 T cell
ZKSCAN7,0.4897540699993106,0.09188338765410231,1,1,1,CD8 T cell
IFI27L1,0.4898029122766472,0.07089216852882929,1,1,1,CD8 T cell
LZTS3,0.4898131844341807,0.05449798653695037,1,1,1,CD8 T cell
PAX2,0.4898761764738285,0.007489455261328715,0.5,0.5,1,CD8 T cell
SLC24A3,0.4899095287431636,-0.010535413094335588,0.25,0.417,1,CD8 T cell
CTNNB1,0.4900366415274445,-0.024592138323989043,1,1,1,CD8 T cell
IFNAR2,0.49006016758722404,0.049696032557187575,1,1,1,CD8 T cell
TES,0.49019529231664993,0.029118902706466665,1,1,1,CD8 T cell
FXYD2,0.4902004281690038,0.16294591489067578,1,0.917,1,CD8 T cell
ARCN1,0.4903142940832977,-0.03462567409002304,1,1,1,CD8 T cell
TRIM24,0.4903607515863465,0.03431203891222567,1,1,1,CD8 T cell
TRIM56,0.490368957708323,0.07328976800638048,1,1,1,CD8 T cell
RAB33A,0.49042826894842223,0.07527244598486238,1,1,1,CD8 T cell
NUDT9,0.49043823454315816,0.08582765447360097,1,1,1,CD8 T cell
CENPH,0.4904624543869379,0.01528577802235187,1,1,1,CD8 T cell
EIF3L,0.49047429730598774,0.04727108451739781,1,1,1,CD8 T cell
ST3GAL2,0.4905307519860744,-0.07001182202374534,1,1,1,CD8 T cell
MARF1,0.4905467995736813,-0.04129975117502371,1,1,1,CD8 T cell
ALCAM,0.4906085793664379,0.10443771352175846,1,1,1,CD8 T cell
SNX10,0.4907204854142503,0.05871220592915538,1,1,1,CD8 T cell
KCNE2,0.4907396081138599,0.016319795660406644,0.583,0.583,1,CD8 T cell
TGOLN2,0.49081739957247533,-0.01427183169719326,1,1,1,CD8 T cell
MRAS,0.49081741574079285,0.009910007136979093,0.417,0.25,1,CD8 T cell
SLFNL1,0.49087362381994115,0.012201800884194647,0.583,0.583,1,CD8 T cell
ZBTB14,0.49091995851888603,0.041429979338847164,1,1,1,CD8 T cell
ZNF451,0.4910002209098373,-0.013430155435850688,1,1,1,CD8 T cell
ARHGEF17,0.49103598413363436,-0.012489573969550083,0.167,0.417,1,CD8 T cell
BCCIP,0.4910848741174982,-0.03102401871576549,1,1,1,CD8 T cell
KCTD11,0.4910871734511088,0.03779689076757853,1,1,1,CD8 T cell
UBE2S,0.49109843471518644,-0.034665988243629986,1,1,1,CD8 T cell
SLC10A6,0.49128646014716165,-0.01341205576054083,0.333,0.667,1,CD8 T cell
DGAT2,0.491337179363559,-0.015071203946609657,0.583,0.583,1,CD8 T cell
C1orf198,0.49135243828518194,-0.06351326109394373,1,1,1,CD8 T cell
COL6A3,0.4913958438836982,-0.08264287469500697,0.833,1,1,CD8 T cell
ATF7IP,0.49149988801618427,-0.010032382521798944,1,1,1,CD8 T cell
SEMA4A,0.49150626645558076,0.1235049895324618,1,1,1,CD8 T cell
IFT140,0.4916017345412135,0.04182206751844708,1,1,1,CD8 T cell
DHDH,0.49164653957721793,-0.06947133364956581,1,1,1,CD8 T cell
COX11,0.49165598652376946,0.05251839655241519,1,1,1,CD8 T cell
CYFIP2,0.4917741283942311,-0.029775840511271134,1,1,1,CD8 T cell
INO80E,0.49179075578333026,-0.03321367902339889,1,1,1,CD8 T cell
TPCN2,0.49180248796559956,-0.011437852701268625,1,1,1,CD8 T cell
IFT57,0.49187197064545557,0.046749674031005384,1,1,1,CD8 T cell
SF3A1,0.4919564543428533,0.03474531104073192,1,1,1,CD8 T cell
PPP2R5E,0.4922089893183458,-0.02344010044332112,1,1,1,CD8 T cell
RANGAP1,0.49250510292762784,-0.009647698444120278,1,1,1,CD8 T cell
ZNF182,0.49250567227515024,0.05058696652346284,1,1,1,CD8 T cell
CHD2,0.49253402047702743,-0.029848897582364753,1,1,1,CD8 T cell
SH3BP2,0.49274123523524255,0.04942011267539681,1,1,1,CD8 T cell
LEMD3,0.49287606851451327,-0.041419441615195174,1,1,1,CD8 T cell
CEACAM21,0.49287824028491756,0.09982019424921962,1,1,1,CD8 T cell
SYNRG,0.49288931933805896,0.043329302753715604,1,1,1,CD8 T cell
SERPINF2,0.492896176381215,-0.034370097827794766,0.833,1,1,CD8 T cell
ARF1,0.49295360381102266,-0.019454536976162617,1,1,1,CD8 T cell
RTL8B,0.4930194601995749,-0.006510923880376662,0.5,0.583,1,CD8 T cell
BRMS1,0.49333362915524415,-0.04474687609971065,1,1,1,CD8 T cell
PI16,0.49336245014187247,0.06095052336112117,1,1,1,CD8 T cell
BHLHE40,0.4935757474784193,-0.07727572091811763,1,1,1,CD8 T cell
GIN1,0.49357681363314243,0.06565909535354097,1,1,1,CD8 T cell
AKAP8,0.49379324106922384,0.0069762427421352635,1,1,1,CD8 T cell
DGCR2,0.4938258722916969,0.07244210904131387,1,1,1,CD8 T cell
MORC3,0.49392680313173704,-0.03452134964178377,1,1,1,CD8 T cell
TFAM,0.49395138033020897,-0.03783372682702102,1,1,1,CD8 T cell
TSPAN13,0.4939527835984692,0.008199719912718173,0.833,0.75,1,CD8 T cell
SGK1,0.4939603380320725,0.10040630883738899,1,1,1,CD8 T cell
SRSF6,0.49400321552355264,-0.004084713066084156,1,1,1,CD8 T cell
KLKB1,0.49401282866698965,0.09274922921207596,1,0.917,1,CD8 T cell
KLHL22,0.4940140045523895,0.04132801284843368,1,1,1,CD8 T cell
CENPE,0.49404622667266673,-0.06853306123884817,1,1,1,CD8 T cell
APOL6,0.494116549710014,-0.04682981156991106,1,1,1,CD8 T cell
C5orf22,0.49416152392798945,0.03744202194685742,1,1,1,CD8 T cell
MEGF9,0.49417220371096177,-0.0852956422041467,1,1,1,CD8 T cell
MRM3,0.49427130052213997,-0.05067063605535793,1,1,1,CD8 T cell
ODF2L,0.49434599938219204,-0.0942324168933677,1,1,1,CD8 T cell
KCNK13,0.4944784079278424,-0.006715353298692772,0.083,0.5,1,CD8 T cell
BRAF,0.49467540008232214,-0.01251121563258275,1,1,1,CD8 T cell
SLC25A5,0.49471571828304917,0.07220915579478548,1,1,1,CD8 T cell
KDM4D,0.4948255035119028,0.005900288895083872,0.583,0.75,1,CD8 T cell
ZNF786,0.49483579192397564,-0.07565247750518822,1,1,1,CD8 T cell
TSEN2,0.49491803927033107,-0.07334558393169566,1,1,1,CD8 T cell
NAP1L3,0.4951179032137234,-0.08485289135069829,1,1,1,CD8 T cell
PNN,0.49512629588013213,-0.03453811600667167,1,1,1,CD8 T cell
ZNF790,0.49518778523466567,0.026602460913528247,1,1,1,CD8 T cell
HOXB8,0.49525037933381927,-0.010881249408796645,0.667,0.833,1,CD8 T cell
PAM16,0.49542911524030586,-0.04375029068775371,1,1,1,CD8 T cell
TAL1,0.49543164168914916,-0.006341592551120989,0.25,0.417,1,CD8 T cell
KIFC2,0.49546068425062034,0.03748725331830727,1,1,1,CD8 T cell
RAB3GAP2,0.4956214093475029,-0.033807147548716,1,1,1,CD8 T cell
INPP5B,0.4956242784663763,0.06236454287093566,1,1,1,CD8 T cell
IFI44,0.4959732980066053,0.1500664139161979,1,1,1,CD8 T cell
FCSK,0.4960998819183402,0.10061520269849256,1,1,1,CD8 T cell
VPS33A,0.4962625964440783,-0.03317558404210952,1,1,1,CD8 T cell
CDIP1,0.49629203185127785,0.06940390874096991,1,1,1,CD8 T cell
ZNF350,0.4966154011916673,0.034361153464543825,1,1,1,CD8 T cell
AUP1,0.4966615456570562,0.011530927030342641,1,1,1,CD8 T cell
PIP4K2C,0.4969674281535068,0.04329628210346681,1,1,1,CD8 T cell
FBXO7,0.49698929986818324,-0.02425603329525816,1,1,1,CD8 T cell
SSBP1,0.4970144787384167,-0.025710508696215495,1,1,1,CD8 T cell
SF3A2,0.49706607281436505,-0.00609149790732022,1,1,1,CD8 T cell
MYH7B,0.49708982927586165,-0.0060167470763405895,0.75,0.667,1,CD8 T cell
ADAM28,0.4971084997358126,-0.0240266560939153,0.833,1,1,CD8 T cell
RSL1D1,0.4971088592682,-0.01363032922290186,1,1,1,CD8 T cell
SLC25A46,0.49714528869755065,0.04437175809864515,1,1,1,CD8 T cell
RUNX2,0.49720077614730784,0.1160431266451884,1,1,1,CD8 T cell
PDIA4,0.49722494258288114,-0.05726671654854676,1,1,1,CD8 T cell
ABRACL,0.4972516998054616,0.07148838718547723,1,1,1,CD8 T cell
NR2C2AP,0.49726450502406566,-0.08150533570681429,1,1,1,CD8 T cell
CFAP68,0.49737866461073454,0.060473784284234666,1,1,1,CD8 T cell
SYCE1L,0.4974414731467597,0.008455931631258018,0.25,0.167,1,CD8 T cell
HMOX2,0.4974741664990508,0.031489659177601104,1,1,1,CD8 T cell
UBXN4,0.49748686484864046,-0.03490728127887355,1,1,1,CD8 T cell
RHOH,0.4975279180776007,0.08308586006923668,1,1,1,CD8 T cell
CYSTM1,0.4975530518835847,0.021709792830644226,1,1,1,CD8 T cell
SGPP1,0.49756274651685983,0.04658253592515832,1,1,1,CD8 T cell
SLC25A44,0.497644340876108,0.06173089171002,1,1,1,CD8 T cell
TMEM138,0.4976945742649936,-0.0028728818693220456,1,1,1,CD8 T cell
XRCC1,0.4978253758364274,0.06775519197978763,1,1,1,CD8 T cell
PEG10,0.4978942254289642,0.05095580885558526,1,0.917,1,CD8 T cell
SIRPB1,0.4979555563614537,0.04902968814009512,0.917,1,1,CD8 T cell
SLC26A7,0.49801752596703774,-0.020474231052118874,0.5,0.667,1,CD8 T cell
DHRS1,0.49802234893106084,0.08331918622777712,1,1,1,CD8 T cell
ZNF169,0.498058138481206,-0.02030158929488657,1,1,1,CD8 T cell
EIF2B4,0.49806894191295553,-0.059350205155480174,1,1,1,CD8 T cell
RHOBTB1,0.49807431111498063,-0.006087885730379661,0.25,0.417,1,CD8 T cell
CLDN15,0.4982514784152286,0.06199307626911321,1,1,1,CD8 T cell
LILRA2,0.49840370295370096,0.07220188724833898,1,0.917,1,CD8 T cell
RNASEH2B,0.49848720038615424,-0.027399806224778223,1,1,1,CD8 T cell
IFNB1,0.49849536924009613,0.003855821661520764,0.667,0.667,1,CD8 T cell
KLF10,0.49853947871208587,-0.07403504730466648,1,1,1,CD8 T cell
ARL8A,0.4985483657482423,-0.04040737093991842,1,1,1,CD8 T cell
PSPN,0.4985760912599395,0.014982966166189993,0.917,0.833,1,CD8 T cell
PTBP1,0.49862194387723496,0.0013560386346721381,1,1,1,CD8 T cell
ETAA1,0.4988014246032652,-0.05980398243570795,1,1,1,CD8 T cell
PLCD1,0.49880377562963196,-0.0437931698248335,1,1,1,CD8 T cell
C15orf40,0.4988071591889824,0.044124197323085035,1,1,1,CD8 T cell
CAPN3,0.4988845618173448,0.06924953147852886,1,1,1,CD8 T cell
VWDE,0.4988926883069056,0.024599786100298893,0.667,0.667,1,CD8 T cell
TBX6,0.49890399054641854,0.05114090869672294,0.917,0.833,1,CD8 T cell
TPBGL,0.4989544459683525,0.04839200061192184,1,1,1,CD8 T cell
FBXO15,0.4991047955888641,0.026635340377949124,0.917,1,1,CD8 T cell
ZNF549,0.499153882429521,0.06397585857981625,1,1,1,CD8 T cell
PTPRU,0.4991634604246503,0.01141475237068068,0.583,0.333,1,CD8 T cell
ALS2,0.4992374156842524,0.04069841046793532,1,1,1,CD8 T cell
NEMP2,0.4992591634153335,0.07846206904532294,1,1,1,CD8 T cell
ZNF763,0.4993044452167583,0.06027085368788132,1,1,1,CD8 T cell
ZSCAN30,0.4993859946190609,0.04000234351024634,1,1,1,CD8 T cell
LACTB,0.49953791824928434,0.09942141057965426,1,1,1,CD8 T cell
BDH2,0.49956005738185894,0.07020975926283768,1,1,1,CD8 T cell
CRNKL1,0.4995925109207366,-0.016128445827940652,1,1,1,CD8 T cell
PKDCC,0.499829399028029,0.042959479048905624,0.25,0.167,1,CD8 T cell
TMEM89,0.49993345363483593,0.019193559025675988,0.75,0.667,1,CD8 T cell
KCNJ5,0.4999661216946912,0.00568107344611235,0.417,0.167,1,CD8 T cell
ASB1,0.500026901848095,0.04081788855755275,1,1,1,CD8 T cell
P2RY2,0.5001215807334569,0.005381665879292452,0.5,0.5,1,CD8 T cell
REC114,0.5002245623405769,-0.05146062027311871,0.75,0.917,1,CD8 T cell
ADCY4,0.5002292197684893,-0.08869790430185276,1,1,1,CD8 T cell
FUT10,0.5003678948707075,-0.07506602093403614,1,1,1,CD8 T cell
GBA2,0.5004162204255579,0.03701808063775995,1,1,1,CD8 T cell
TAOK1,0.5004331646783757,-0.023107940180185582,1,1,1,CD8 T cell
AURKA,0.5004565779378006,0.11139572192570757,1,1,1,CD8 T cell
TFB1M,0.5004704666510494,-0.024414377358626504,1,1,1,CD8 T cell
FASTKD1,0.5004720829576952,0.045834411925668284,1,1,1,CD8 T cell
SHF,0.5005028441047111,0.09315601360363246,1,1,1,CD8 T cell
SFMBT1,0.5005603398319877,0.04818657553721306,1,1,1,CD8 T cell
SLC14A2,0.5005955950430538,-0.031558815601553825,0.5,0.917,1,CD8 T cell
SLC10A7,0.500599197369539,0.08023955596298937,1,1,1,CD8 T cell
C8orf76,0.500687335936715,-0.0543941994906747,1,1,1,CD8 T cell
HFM1,0.5007241043265181,-0.015520269455403302,0.25,0.5,1,CD8 T cell
GADD45GIP1,0.5007363944079304,-0.038048050750724094,1,1,1,CD8 T cell
ZFAND1,0.500737892488353,-0.023959513270149474,1,1,1,CD8 T cell
APBA1,0.5007693869498728,0.01841670909526627,0.5,0.417,1,CD8 T cell
DNAJC24,0.5008194952230703,-0.048757477558549756,1,1,1,CD8 T cell
TBC1D23,0.5008606863339482,-0.0651926144246,1,1,1,CD8 T cell
CYCS,0.5009267413660738,-0.04648997700904467,1,1,1,CD8 T cell
MAN2A1,0.5009351128155499,-0.03772629682329853,1,1,1,CD8 T cell
IGFALS,0.5011356323506712,-0.0034308068951154347,0.333,0.5,1,CD8 T cell
TAS2R14,0.5011877659524081,0.07311495575561544,1,1,1,CD8 T cell
THADA,0.5013073321183644,-0.03820031345759106,1,1,1,CD8 T cell
SAA4,0.5013358034977088,0.00954329754837513,0.333,0.167,1,CD8 T cell
ZNF469,0.5013492223489269,-0.09622490550094476,0.917,1,1,CD8 T cell
TAB3,0.5014785581242658,-0.04346963784370361,1,1,1,CD8 T cell
CPTP,0.5014791404296163,0.07836548813941646,1,1,1,CD8 T cell
SIGIRR,0.5015241919195619,-0.034823609759964125,1,1,1,CD8 T cell
C15orf48,0.5016018763297418,0.05063435289304463,1,0.917,1,CD8 T cell
RIPK1,0.5018145146193947,0.05083397521638949,1,1,1,CD8 T cell
VDAC1,0.5018597133234751,-0.02846949460317627,1,1,1,CD8 T cell
SMO,0.5019085103025558,-0.009589984459795087,0.167,0.333,1,CD8 T cell
HENMT1,0.5019279765403692,0.02651096760582279,1,1,1,CD8 T cell
PTRH1,0.5020112492365632,0.058434975032737535,1,1,1,CD8 T cell
SMARCD1,0.5020737076019546,0.02755002120846961,1,1,1,CD8 T cell
CTNNA3,0.5020878615239353,-0.02994400260208474,0.083,0.333,1,CD8 T cell
COBLL1,0.5021506138251719,-0.004885844423839991,0.333,0.5,1,CD8 T cell
CSNK2A1,0.5021884602497427,-0.023737258671627792,1,1,1,CD8 T cell
CACFD1,0.5021964931479168,0.04328051379610942,1,1,1,CD8 T cell
RHBDD3,0.5023260359245707,-0.08477592486775398,1,1,1,CD8 T cell
DNAAF10,0.5023579929987763,0.05075463104471334,1,1,1,CD8 T cell
ATG16L1,0.5025178172669658,-0.027566533598923137,1,1,1,CD8 T cell
ARPC3,0.5025422883873845,-0.036425056915730725,1,1,1,CD8 T cell
OPLAH,0.5027253389412247,0.024538058810216423,0.75,0.583,1,CD8 T cell
IARS1,0.5027994997993681,0.0684583504930405,1,1,1,CD8 T cell
SNX27,0.5028205225210851,-0.0050902896987953805,1,1,1,CD8 T cell
TSSK6,0.5029880156413207,0.07117988958339083,1,1,1,CD8 T cell
KIF2A,0.5030007022659142,-0.02533187617380217,1,1,1,CD8 T cell
CTNNBIP1,0.5031098846015907,0.08034105373823519,1,1,1,CD8 T cell
DECR1,0.5031310135930038,0.052681432606511425,1,1,1,CD8 T cell
SPDYA,0.5032787486710244,0.0053568331645994505,0.333,0.083,1,CD8 T cell
STOM,0.5033139368174339,-0.03996942854650998,1,1,1,CD8 T cell
SREBF2,0.5033650085733778,-0.06948572706181358,1,1,1,CD8 T cell
STK25,0.5037139294550201,0.05717273479276053,1,1,1,CD8 T cell
DLGAP1,0.5037167224106278,-0.018998163283295177,0,0.333,1,CD8 T cell
KLHL9,0.503826012630343,0.044807359909381006,1,1,1,CD8 T cell
NIFK,0.5038778901753456,0.02252201753087918,1,1,1,CD8 T cell
SF3B1,0.5039854499096809,-0.025357999887142935,1,1,1,CD8 T cell
ELK1,0.5040099438805388,-0.039883351150512336,1,1,1,CD8 T cell
NRDC,0.504015673269052,0.04555240066570376,1,1,1,CD8 T cell
GAPT,0.504049041322151,-0.04667250992590022,0.75,0.75,1,CD8 T cell
PAIP2B,0.5040682638182554,0.12131126203012865,1,1,1,CD8 T cell
ATP6V0E1,0.5040906357101691,-0.03058376944071095,1,1,1,CD8 T cell
ZNF784,0.5041192806387678,0.12232577019697644,1,1,1,CD8 T cell
KCNJ14,0.5041246059560077,0.053931582058656335,1,1,1,CD8 T cell
SMIM41,0.504143948787177,-0.009810085649399447,0.5,0.5,1,CD8 T cell
KIF3C,0.5041969993154265,-0.0667836579478096,1,1,1,CD8 T cell
ALS2CL,0.5042521634140829,0.020908265144877092,1,0.917,1,CD8 T cell
CD300E,0.5043226221975012,-0.029406582002785342,1,1,1,CD8 T cell
MPL,0.5043401528133878,0.003208707273875344,0.417,0.333,1,CD8 T cell
PIPOX,0.5043602843730917,0.0034383234501920157,0.75,0.917,1,CD8 T cell
RNF10,0.5044037082078477,0.0021458481302285004,1,1,1,CD8 T cell
RAD17,0.5044222299111567,0.04997362473157807,1,1,1,CD8 T cell
SLC36A4,0.5045398829754346,-0.03797311724834418,1,1,1,CD8 T cell
GOLGA1,0.5046126177730675,0.05681697881972164,1,1,1,CD8 T cell
CDK4,0.5047016177928427,0.017764464163686933,1,1,1,CD8 T cell
PREB,0.5048353293019696,0.03279409029825392,1,1,1,CD8 T cell
SNRPD3,0.5048498455599664,0.009121422812010227,1,1,1,CD8 T cell
SPINT2,0.5049144408045383,0.10593427866159599,1,1,1,CD8 T cell
SORCS3,0.5049250116857142,0.008846254231996475,0.333,0.167,1,CD8 T cell
BRCC3,0.5050798109454575,0.043409372711225136,1,1,1,CD8 T cell
PSD4,0.5051616953692584,0.046114009177790516,1,1,1,CD8 T cell
MDK,0.5051867554045808,0.09992555392522862,1,1,1,CD8 T cell
RPUSD4,0.5052186924365949,0.05668884514942307,1,1,1,CD8 T cell
TBC1D30,0.5052579997313061,0.08477304339092484,1,0.917,1,CD8 T cell
FIP1L1,0.5052794965558022,-0.014925355349751979,1,1,1,CD8 T cell
EIF4G1,0.5053076925128674,-0.035266741594856876,1,1,1,CD8 T cell
SEPTIN6,0.5053326611996951,-0.029253205584498065,1,1,1,CD8 T cell
TUT4,0.5053588089857257,-0.02954260053768132,1,1,1,CD8 T cell
NIPSNAP1,0.5054313097352394,0.06940520451975063,1,1,1,CD8 T cell
TMEM127,0.5056315963404381,-0.056945909953857315,1,1,1,CD8 T cell
SRSF1,0.5056327269451354,0.04730686001282372,1,1,1,CD8 T cell
OCM2,0.5056420483435944,-0.008738506124992274,0.25,0.417,1,CD8 T cell
CS,0.5056711642063072,-0.005205963580854345,0.917,0.917,1,CD8 T cell
KATNB1,0.5057747641422236,0.062042635366045706,1,1,1,CD8 T cell
LY6G5B,0.50583723430074,-0.056700581685389606,1,1,1,CD8 T cell
NDUFS3,0.5058920573625957,-0.02481086730027594,1,1,1,CD8 T cell
PAPLN,0.5059326460045128,-0.028220179180905802,0.833,0.917,1,CD8 T cell
ZNF76,0.5060374314368546,0.044281845515746654,1,1,1,CD8 T cell
UBALD2,0.506061704511185,-0.04283505368570628,1,1,1,CD8 T cell
NIPSNAP3B,0.5060928611300128,-0.047288580990378914,1,1,1,CD8 T cell
TOMM40,0.5061340197968687,-0.0858530434357967,1,1,1,CD8 T cell
ARL6IP4,0.5062385504137388,0.032896594005580315,1,1,1,CD8 T cell
MAN2B1,0.5063084142483856,0.05362800054825945,1,1,1,CD8 T cell
THAP7,0.5064140828437663,-0.04687741061241235,1,1,1,CD8 T cell
ZNF117,0.5064430161655313,0.0648057499258794,1,1,1,CD8 T cell
CSNK2B,0.5064745484084995,-0.009831439512095586,1,1,1,CD8 T cell
IL2RG,0.5065126817618901,-0.028543481679450533,1,1,1,CD8 T cell
CA8,0.5065127197137189,-0.0062431576185910664,0,0.333,1,CD8 T cell
TMEM163,0.5065238845499622,0.06018645102816622,1,1,1,CD8 T cell
CLK1,0.5065757774437529,-0.0293959504387995,1,1,1,CD8 T cell
PPIF,0.5065836996179537,-0.03809129079821538,1,1,1,CD8 T cell
ZMYM1,0.5066008255477021,-0.05973254144892293,1,1,1,CD8 T cell
SMAD7,0.5066495549427432,-0.06408443788355281,1,1,1,CD8 T cell
CASP2,0.5066642874381885,-0.041489988255940635,1,1,1,CD8 T cell
OR1B1,0.5066990611839427,0.015559300345892257,0.75,0.583,1,CD8 T cell
PLEKHA8,0.5068274072160013,-0.06728369790817501,1,1,1,CD8 T cell
TMCO4,0.5068804767176499,0.06695958517812617,1,1,1,CD8 T cell
DBI,0.5068836578073866,-0.04625966981955093,1,1,1,CD8 T cell
BRME1,0.5069496615081537,0.023730164584107705,0.75,0.75,1,CD8 T cell
CRBN,0.5069687378000496,0.03616896601153852,1,1,1,CD8 T cell
SULT1A1,0.5069820135999883,0.02153433323987164,0.917,0.917,1,CD8 T cell
H2BC3,0.5070197274036408,0.025245626157039514,1,0.917,1,CD8 T cell
BLZF1,0.507033741854845,0.047402089571198736,1,1,1,CD8 T cell
ASB7,0.50704310166702,-0.0375689837425921,1,1,1,CD8 T cell
SEL1L3,0.5070902267488744,-0.023143895386986135,1,1,1,CD8 T cell
CFP,0.5071009268268682,0.018508969403860043,1,1,1,CD8 T cell
CLEC4A,0.507179953017858,0.041777029089201445,1,1,1,CD8 T cell
SECISBP2,0.507185808952402,0.02530621866595581,1,1,1,CD8 T cell
NDE1,0.5072555284438669,0.04686177564839966,1,1,1,CD8 T cell
PDK4,0.5073048300299993,-0.009193593656887877,0.917,1,1,CD8 T cell
FAM104B,0.5073747957894582,0.06676079306248583,1,1,1,CD8 T cell
RGS1,0.5075069615367178,-0.14421208773245486,1,1,1,CD8 T cell
AKR1A1,0.50754550183848135,-0.033441911033492255,1,1,1,CD8 T cell
KIF2C,0.5080636345500074,0.04301857866206982,1,1,1,CD8 T cell
MRC2,0.5080705161005514,-0.01941153705668075,0.75,0.833,1,CD8 T cell
ENPP3,0.5080747763924938,0.057571866732776034,1,0.917,1,CD8 T cell
LGALSL,0.5081184506640931,0.008291368551657019,0.833,0.667,1,CD8 T cell
NUB1,0.5081248811859114,-0.007743059766381233,1,1,1,CD8 T cell
PAN2,0.508157657790925,0.04667473064867478,1,1,1,CD8 T cell
NAA15,0.5084395791989216,-0.029361324698779168,1,1,1,CD8 T cell
RBM15B,0.5086221555290666,-0.0272319816425714,1,1,1,CD8 T cell
CD163L1,0.5086372089701531,0.005665680299226317,0.333,0.25,1,CD8 T cell
C4orf48,0.5086898956629802,-0.055044535527958516,1,1,1,CD8 T cell
C2,0.5088204724704678,-0.01937293892193548,0.417,0.667,1,CD8 T cell
UBE2E3,0.5088260556376338,-0.050598887916003976,1,1,1,CD8 T cell
MSH5,0.5088611757263737,0.06475829999894445,1,1,1,CD8 T cell
TOP2B,0.5088693496863707,-0.015479391233837195,1,1,1,CD8 T cell
ATP6V1FNB,0.5090602467981201,-0.06413352872684497,1,1,1,CD8 T cell
IL20RB,0.5090881004543367,0.08475115706434888,1,1,1,CD8 T cell
ZNF92,0.5090891256476294,-0.05373332350900234,1,1,1,CD8 T cell
SRRM1,0.5092062442545695,-0.023574744270711046,1,1,1,CD8 T cell
FABP5,0.5092168866001497,-0.10281119909048542,1,1,1,CD8 T cell
PRKD2,0.5092369510370748,0.06313317028915422,1,1,1,CD8 T cell
NFIB,0.5092467544606918,0.03547367178931493,0.667,0.5,1,CD8 T cell
TMEM54,0.5092510574039767,0.00859510312636047,0.333,0.75,1,CD8 T cell
COPA,0.5093112488965159,-0.020546131622242392,1,1,1,CD8 T cell
DOCK3,0.509384906033659,-0.09007617567729342,1,1,1,CD8 T cell
LARP7,0.5095125661241117,0.0339595421038037,1,1,1,CD8 T cell
HMG20A,0.509592573543714,0.02765801532133269,1,1,1,CD8 T cell
QSER1,0.5097049315579348,-0.046650567793451336,1,1,1,CD8 T cell
CEP85L,0.5097180960243972,-0.019117124416293763,1,1,1,CD8 T cell
PRADC1,0.5097199103449048,0.04031750388291844,1,1,1,CD8 T cell
TBCB,0.50985848931743,0.03841822351655577,1,1,1,CD8 T cell
SLC23A2,0.509937644718587,0.044737017765836495,1,1,1,CD8 T cell
PROCR,0.510073971018985,0.08699216090707296,1,1,1,CD8 T cell
YIPF6,0.5101510212235789,0.06602277241080556,1,1,1,CD8 T cell
CREBL2,0.510324878489347,-0.05380659812301461,1,1,1,CD8 T cell
CIART,0.5104647378588805,-0.01853826869364994,0.5,0.667,1,CD8 T cell
MGP,0.5105102109136892,-9.526962067374356e-5,0.833,0.917,1,CD8 T cell
HIP1,0.5105249130587561,0.06753084212365534,1,1,1,CD8 T cell
MOSPD1,0.510530455941494,0.0910556653716239,1,1,1,CD8 T cell
POU4F1,0.5105958479279592,0.0075532877934723075,0.583,0.583,1,CD8 T cell
MCC,0.510663595067155,0.1394161154130127,1,1,1,CD8 T cell
RMI1,0.5106695769237979,0.050112830698548994,1,1,1,CD8 T cell
AVEN,0.510716248272461,-0.013361859206752369,1,1,1,CD8 T cell
CETN3,0.5107253363260122,0.05524173069314808,1,1,1,CD8 T cell
RAB11FIP4,0.5109967498577981,0.07299417142466308,1,1,1,CD8 T cell
SKAP1,0.5110861306599881,-0.025134561128911104,1,1,1,CD8 T cell
ACAP3,0.5110977629584303,0.0611582529606679,1,1,1,CD8 T cell
FOS,0.5111530953820432,0.21278074078017073,1,1,1,CD8 T cell
EIF4EBP3,0.5114657467944941,-0.029942287446084848,1,1,1,CD8 T cell
NPTX2,0.511473209899773,0.06736356177288405,0.583,0.583,1,CD8 T cell
ANXA2R,0.5115189102101311,0.0604921466498175,1,1,1,CD8 T cell
SPATA20,0.5115438196378705,-0.0597382705890841,1,1,1,CD8 T cell
TOMM22,0.5115876763802919,-0.019553227391288605,1,1,1,CD8 T cell
SAP25,0.5116122396314199,-0.04545767253639754,1,1,1,CD8 T cell
TXLNB,0.5116206113887292,-0.022315273566341443,1,1,1,CD8 T cell
POLK,0.5116268394480661,0.04704969198207121,1,1,1,CD8 T cell
PYHIN1,0.5117086017756889,-0.03834385276607577,1,1,1,CD8 T cell
DERA,0.5117315456823033,0.03435183179110801,1,1,1,CD8 T cell
PDCD10,0.511879904670963,0.05601462532386303,1,1,1,CD8 T cell
ERVK3-1,0.5119156832809018,-0.030601791698059433,0.917,0.833,1,CD8 T cell
DMAC2L,0.5119722816590919,-0.04677764347919561,1,1,1,CD8 T cell
GIT2,0.5119740780792768,-0.018302922439932034,1,1,1,CD8 T cell
THUMPD1,0.5120096400935861,-0.022788120088285124,1,1,1,CD8 T cell
MYL9,0.5120758078060785,0.01862535894767614,0.75,0.917,1,CD8 T cell
RAB11FIP3,0.5121009620033917,0.026329710233756742,1,1,1,CD8 T cell
STK17B,0.5121055378822353,-0.023488814193106222,1,1,1,CD8 T cell
FAM118B,0.5121215687780781,0.08827462499281569,1,1,1,CD8 T cell
GPRC5D,0.5121251642820634,-0.004888054069396297,0,0.417,1,CD8 T cell
ERLIN1,0.5121348116741825,0.08356549112121958,1,1,1,CD8 T cell
SPAG9,0.5123268898097424,0.006409903648496626,1,1,1,CD8 T cell
PXYLP1,0.5123758509823115,0.06825537412724425,1,1,1,CD8 T cell
RDX,0.5124246854397327,-0.03051533413626717,1,1,1,CD8 T cell
ILRUN,0.5124770782234231,-0.005950966314068662,1,1,1,CD8 T cell
SUSD4,0.5125947753378826,-0.01974373907560034,0.917,0.917,1,CD8 T cell
CYP1B1,0.5126451656120072,0.04027958921239749,0.917,1,1,CD8 T cell
SMS,0.5127678554544135,-0.05652399752513748,1,1,1,CD8 T cell
CXCL8,0.5128619555287919,-0.019482330278204785,1,1,1,CD8 T cell
TSPAN17,0.5129409831577878,-0.06897564758679375,1,1,1,CD8 T cell
JCHAIN,0.5130579970827072,-0.08305944365082096,0.917,1,1,CD8 T cell
CD55,0.5130817678271236,-0.11850656978625185,1,1,1,CD8 T cell
CCNB3,0.5131245900137336,0.043642413329305185,1,0.833,1,CD8 T cell
CHRNA10,0.5132915584598863,-0.024259186196970983,0.917,0.917,1,CD8 T cell
ZNF580,0.5134456413128918,0.05141048702805062,1,1,1,CD8 T cell
ANKRD55,0.5135784536683796,0.028398968840031458,0.833,0.667,1,CD8 T cell
SYP,0.5135904974977634,0.020735332069027557,0.833,0.75,1,CD8 T cell
BLOC1S4,0.5136008423816876,0.02988068168215746,1,1,1,CD8 T cell
CXorf38,0.51367090160755,-0.04634842812386261,1,1,1,CD8 T cell
WDR36,0.5137473840290563,0.03451333880663232,1,1,1,CD8 T cell
MKRN1,0.5139577925050254,-0.05386894069391518,1,1,1,CD8 T cell
ERCC6L2,0.5141807755339901,0.05269107559908526,1,1,1,CD8 T cell
MGMT,0.5142041481631929,0.061555066495623256,1,1,1,CD8 T cell
TMEM121B,0.5145275042492368,-0.005493744836912118,0.667,0.583,1,CD8 T cell
MCM5,0.5145798710050252,0.05316634450473401,1,1,1,CD8 T cell
TMEM14C,0.5145919936363605,0.11421386403072464,1,1,1,CD8 T cell
TYW1,0.5147728507507714,-0.015792110466061438,1,1,1,CD8 T cell
DMGDH,0.5148635830177937,-9.09899686418747e-5,0.583,0.583,1,CD8 T cell
QPRT,0.5148859252602473,0.007623076153609354,1,1,1,CD8 T cell
TMEM263,0.5149184677112529,0.06731013180912826,1,1,1,CD8 T cell
ACSL3,0.5149780960431142,-0.03150483791493752,1,1,1,CD8 T cell
ZNF892,0.5150073384643803,-0.0623508112738258,1,1,1,CD8 T cell
NHLRC1,0.5150653760741398,-0.027735071755896623,0.917,1,1,CD8 T cell
IFT27,0.5150969529653731,0.06329189473097219,1,1,1,CD8 T cell
ATG5,0.5151034187260072,0.04342585868293561,1,1,1,CD8 T cell
ARHGEF5,0.5151372597053612,-0.015832749453165817,1,1,1,CD8 T cell
DAZAP1,0.5151942068724713,-0.017286238635117024,1,1,1,CD8 T cell
BNIP1,0.5152221796169048,0.05786683400666015,1,1,1,CD8 T cell
PCDHGB6,0.5153118016942457,0.078867863468564,0.917,0.917,1,CD8 T cell
TMC6,0.5153366220319333,0.05483374881079772,1,1,1,CD8 T cell
TRAF3IP3,0.5153385411885372,0.04778325484328949,1,1,1,CD8 T cell
HNRNPK,0.5153869634806422,-0.058390001411904535,1,1,1,CD8 T cell
HSPH1,0.5154191178731036,-0.021122164564116808,1,1,1,CD8 T cell
GPR35,0.5154813725905931,0.06333313898798365,1,1,1,CD8 T cell
DNTTIP1,0.5156170037692756,0.046982418844585094,1,1,1,CD8 T cell
MRFAP1L1,0.5158229065976088,0.019592719013791005,1,1,1,CD8 T cell
ZNF655,0.5158266144798254,-0.025489970686620733,1,1,1,CD8 T cell
ZCCHC24,0.5159111389023707,-0.09982251577784407,1,1,1,CD8 T cell
ITGB1BP1,0.5160127011721749,0.061701239900064375,1,1,1,CD8 T cell
LMF1,0.5160138020876031,0.05749473310858089,1,1,1,CD8 T cell
TMEM79,0.516045395848247,0.07177592146995115,1,1,1,CD8 T cell
SIK3,0.5161903815278122,-0.018405488621314095,1,1,1,CD8 T cell
EDA2R,0.516320989841224,-0.010876897548814046,0.333,0.417,1,CD8 T cell
PTPDC1,0.5163378269595877,0.08776590884911428,1,1,1,CD8 T cell
UBQLN3,0.5164376301257081,0.02174022418129118,0.833,0.667,1,CD8 T cell
COPS9,0.5165002763042168,0.036115692054360826,1,1,1,CD8 T cell
ZNF354B,0.5165024216099796,0.02522275750306724,1,1,1,CD8 T cell
OAT,0.5166104508061341,-0.05098654532364311,1,1,1,CD8 T cell
PIGG,0.5166791332873215,0.07238596633223349,1,1,1,CD8 T cell
UQCR11,0.5168870562493345,0.026030298504200827,1,1,1,CD8 T cell
PBX4,0.5169729292184178,0.09205716807825026,1,1,1,CD8 T cell
PGBD1,0.5172054510679307,-0.10687404279899937,1,1,1,CD8 T cell
COP1,0.5173193136543649,-0.029749803710546585,1,1,1,CD8 T cell
TRPV4,0.5173599974576522,0.012004001058979696,0.333,0.083,1,CD8 T cell
UQCRFS1,0.517508837633636,-0.08961936357079425,1,1,1,CD8 T cell
PFKM,0.5175731112827557,0.06008927458838276,1,1,1,CD8 T cell
RBMX2,0.5175811778863724,0.05237154691770263,1,1,1,CD8 T cell
GALC,0.5175906678708085,-0.04947842968106013,1,1,1,CD8 T cell
IFI27,0.5176852206061054,0.03195156507331065,0.917,1,1,CD8 T cell
CENPF,0.517739898026796,-0.03228529887393128,1,1,1,CD8 T cell
ZC3H12C,0.5177604962799895,0.037061471859576756,0.75,0.75,1,CD8 T cell
CRABP2,0.5178941348318744,0.07811877481334362,1,0.917,1,CD8 T cell
RNF125,0.517998946195607,-0.025276620288329,1,1,1,CD8 T cell
GLIS3,0.5180398270135296,-0.01264646284499582,0.333,0.583,1,CD8 T cell
ADPRHL1,0.5180669914816365,-0.01286696570155721,0.917,0.917,1,CD8 T cell
EGFL8,0.5181137951925134,-0.07116048078781656,1,1,1,CD8 T cell
LZTS2,0.5181344598851034,-0.03988882324329612,1,1,1,CD8 T cell
KRT10-AS1,0.518146749977288,0.0485196350602477,1,1,1,CD8 T cell
TLR4,0.5184208195286921,-0.036247141995163545,1,1,1,CD8 T cell
MINDY2,0.5184328674415133,-0.047703891649862995,1,1,1,CD8 T cell
NR4A2,0.5184923106577766,-0.1413634235852308,1,1,1,CD8 T cell
UBQLN4,0.5185786231981628,-0.07216545791337903,1,1,1,CD8 T cell
MIB1,0.51861371944732,0.05763636153472812,1,1,1,CD8 T cell
PEDS1,0.5186775213792942,-0.032773136362599736,1,1,1,CD8 T cell
MAML2,0.5187771259736327,0.09156673042089358,1,1,1,CD8 T cell
TRIM69,0.5188101782043477,-0.07195605417138173,1,1,1,CD8 T cell
TMEM158,0.5188490581379153,-0.01209326599372229,0.167,0.417,1,CD8 T cell
GRIK5,0.5189129524297277,-0.011838938271187427,0.167,0.333,1,CD8 T cell
HSD17B3,0.5189279165821834,0.02062063916865542,0.417,0.333,1,CD8 T cell
PTPRF,0.518996051324229,-0.003678950686218929,0.417,0.167,1,CD8 T cell
SBF2,0.5190438592233505,0.10068084698119906,1,1,1,CD8 T cell
ZBTB39,0.5190763454178016,-0.05599487962213834,1,1,1,CD8 T cell
RBX1,0.5191184471823981,0.055518588182079165,1,1,1,CD8 T cell
SLC22A13,0.5191896899466983,0.03862180575813534,0.917,0.833,1,CD8 T cell
ING4,0.5192595203560257,0.08073171406886148,1,1,1,CD8 T cell
CEPT1,0.5192939691709051,0.03288944369541111,1,1,1,CD8 T cell
CBX5,0.5194537866651885,-0.043282590447545566,1,1,1,CD8 T cell
ENO3,0.5194877842377321,0.12311037749893838,1,1,1,CD8 T cell
AGPAT3,0.5196227095044825,-0.04647907853688105,1,1,1,CD8 T cell
DPY19L4,0.5196379451626223,0.059452365628717585,1,1,1,CD8 T cell
SNX4,0.519645730775878,-0.020981418909116145,1,1,1,CD8 T cell
RNF168,0.5197350505797389,-0.034343140245213205,1,1,1,CD8 T cell
MSMP,0.5197750075614894,0.004688207315746595,0.5,0.333,1,CD8 T cell
EEF1AKMT2,0.5198085894666468,-0.04286548600656759,1,1,1,CD8 T cell
ZNF594,0.5198221089027522,0.09369917961432517,1,1,1,CD8 T cell
CLUAP1,0.5198458396829233,0.08343195842595819,1,1,1,CD8 T cell
TRIP13,0.5200261811417992,-0.05019206325303882,0.833,1,1,CD8 T cell
CHMP1B,0.5200696569171966,-0.021939001285570692,1,1,1,CD8 T cell
TNFRSF11A,0.5201615764829965,0.056289439247723116,0.917,0.833,1,CD8 T cell
ADAT2,0.5201616118937841,-0.0522878531474642,1,1,1,CD8 T cell
AIF1,0.5201742957474339,-0.07248204064298003,1,1,1,CD8 T cell
FANCG,0.5201771857674227,-0.01917689966261138,1,1,1,CD8 T cell
FOXO6,0.5201989013928592,0.03368217188541767,0.667,0.583,1,CD8 T cell
TMEM218,0.5202242318324395,0.0553952371580364,1,1,1,CD8 T cell
METTL8,0.5203470812914632,0.05305574033884297,1,1,1,CD8 T cell
PSMD13,0.5203800079317298,-0.038315497424725065,1,1,1,CD8 T cell
KDM2B,0.5204046996332035,-0.01990842709878765,1,1,1,CD8 T cell
PSMC6,0.5206619193901317,0.06664680977671672,1,1,1,CD8 T cell
SGF29,0.5206849394948461,-0.03827576959385398,1,1,1,CD8 T cell
SASH3,0.5208097482225562,0.05631577522329767,1,1,1,CD8 T cell
CEP70,0.5208576151559318,0.056129765907899865,1,1,1,CD8 T cell
ZFP1,0.5209146274521783,-0.06918638569538338,1,1,1,CD8 T cell
LMAN2L,0.5210487770432118,-0.037296655048873806,1,1,1,CD8 T cell
NUDT16L1,0.5210811289551631,-0.039059703466681306,1,1,1,CD8 T cell
NECAP1,0.5211113368825097,-0.03876031483886211,1,1,1,CD8 T cell
LY6G5C,0.5211409494391521,-0.02910187577500034,1,1,1,CD8 T cell
FAM204A,0.5214230356159824,-0.0510649435672986,1,1,1,CD8 T cell
DAZAP2,0.5214791488941654,-0.02118991976067708,1,1,1,CD8 T cell
EIF3A,0.5215634721961476,-0.026138843755662222,1,1,1,CD8 T cell
PSMA1,0.5216078991393761,-0.003349078970393604,1,1,1,CD8 T cell
DNAJA4,0.5216391901883533,-0.03866140060746892,1,1,1,CD8 T cell
CYBC1,0.5216545592023434,0.055300384101029554,1,1,1,CD8 T cell
MEGF6,0.5216753678817887,0.12205698381583874,1,1,1,CD8 T cell
PIGX,0.5217549411995539,0.04458527699194925,1,1,1,CD8 T cell
GABRR2,0.5217958720741585,8.173761506156119e-4,1,0.917,1,CD8 T cell
POU2F2,0.5218229745013812,-0.06613177495744704,1,1,1,CD8 T cell
ACVR1C,0.521883416921513,-0.05253748051742235,0.833,0.833,1,CD8 T cell
LNP1,0.5218895221841149,-0.0377148078860583,1,0.833,1,CD8 T cell
ATP2B4,0.5219175489216639,-0.02454891737896281,1,1,1,CD8 T cell
ZBTB43,0.5219623319944691,-0.06290852075627074,1,1,1,CD8 T cell
TMOD3,0.5220482996317328,-0.024108951856619987,1,1,1,CD8 T cell
RFXANK,0.5220683481114903,-0.02689310272563969,1,1,1,CD8 T cell
PREX1,0.5221666779784637,-0.04189774654090783,1,1,1,CD8 T cell
DUSP8,0.5221734499766548,-0.07744058522669306,1,1,1,CD8 T cell
DLD,0.5221777297687378,-0.007803836497350974,1,1,1,CD8 T cell
CCDC97,0.5222402628385794,0.041535026200688996,1,1,1,CD8 T cell
SARNP,0.5223217725345963,-0.016482927983410667,1,1,1,CD8 T cell
TRIM32,0.5223444162049982,0.05197731060055588,1,1,1,CD8 T cell
GCFC2,0.5223587201924731,0.028648700574924524,1,1,1,CD8 T cell
ANKRD46,0.5224925877985389,0.03619176653060241,1,1,1,CD8 T cell
AP5M1,0.5225169550525923,0.015813288798598613,1,1,1,CD8 T cell
CIBAR2,0.522577127580248,0.007955879339424765,0.333,0.083,1,CD8 T cell
PSMD9,0.5225980630925444,-0.01905113279924639,1,1,1,CD8 T cell
SLC37A2,0.522720081216451,-0.00431507321225677,0.667,0.75,1,CD8 T cell
SH3GLB2,0.5227534169541043,-0.025055871451246325,1,1,1,CD8 T cell
MNS1,0.522775586878871,-0.004193666839397814,0.167,0.333,1,CD8 T cell
KBTBD3,0.5228072682912179,0.036321292899154756,1,1,1,CD8 T cell
SLC44A3,0.5228812669465628,-4.5504876353907875e-4,0.333,0.5,1,CD8 T cell
METTL13,0.5229689765568366,0.03535604517950286,1,1,1,CD8 T cell
PAM,0.5229924064920275,-0.042706453860990104,1,1,1,CD8 T cell
MYH3,0.5231844173062825,0.01012589852889656,1,1,1,CD8 T cell
ZNF66,0.5232377233384352,0.1341558195768222,1,1,1,CD8 T cell
LDB2,0.5233572312200674,0.05170611782664425,0.583,0.583,1,CD8 T cell
SFSWAP,0.5233864729574988,0.05899632640331931,1,1,1,CD8 T cell
COX7C,0.523421661370596,0.060123575730829576,1,1,1,CD8 T cell
TAF2,0.523514056969934,0.06465724866066114,1,1,1,CD8 T cell
VSIR,0.5235291482875074,0.05161333425317971,1,1,1,CD8 T cell
SLC30A7,0.5235486821127391,-0.017959357473126353,1,1,1,CD8 T cell
H3C8,0.5236587216686319,0.008334073542044962,0.75,0.917,1,CD8 T cell
TPCN1,0.5236614651239635,0.04970171998552697,1,1,1,CD8 T cell
EMSY,0.5238295874067928,-0.04208781949768858,1,1,1,CD8 T cell
SDCCAG8,0.5238820629874745,0.03404419576579354,1,1,1,CD8 T cell
BAIAP2L2,0.5239869520076494,0.05251714121581896,0.917,0.917,1,CD8 T cell
GPN3,0.5243257991701101,-0.030479773025574586,1,1,1,CD8 T cell
MAGOH,0.5244215776214921,-0.034834397841592965,1,1,1,CD8 T cell
MFSD2B,0.5248237939334763,0.0026073538052124867,0.75,0.75,1,CD8 T cell
RLN1,0.5248897573876056,0.11163120219462996,1,1,1,CD8 T cell
NAT9,0.5249420285152873,-0.06625783816533293,1,1,1,CD8 T cell
SYS1,0.5250030406779682,-0.028868348895112556,1,1,1,CD8 T cell
PIBF1,0.5250060165663879,-0.026304814225129314,1,1,1,CD8 T cell
ARID5A,0.5251265956300974,0.0538956210183234,1,1,1,CD8 T cell
C10orf88,0.5251553324612543,0.03386448948540921,1,1,1,CD8 T cell
FAM193B,0.52516037334126775,0.031592667417706055,1,1,1,CD8 T cell
SLC29A3,0.5252051463502858,0.015260367825984389,1,1,1,CD8 T cell
TUBG1,0.5252982658194467,-0.04234239284769359,1,1,1,CD8 T cell
ZSWIM4,0.5253847868808261,-0.008070521563801059,1,1,1,CD8 T cell
GIGYF2,0.5254147822557057,-0.029730671017531296,1,1,1,CD8 T cell
FOXD4L5,0.5254547443382975,-0.010769895261978135,0.5,0.5,1,CD8 T cell
DYNLRB2,0.5255768479057887,0.02814437908117151,0.833,0.75,1,CD8 T cell
STOML2,0.5256759336380163,-0.0398661940945218,1,1,1,CD8 T cell
VIPAS39,0.5257618683735888,0.014934670240009496,1,1,1,CD8 T cell
GEMIN2,0.525765945065706,-0.0543715697424183,1,1,1,CD8 T cell
LPAR6,0.525766679003371,0.11207517250385779,1,1,1,CD8 T cell
IFNA5,0.5258374609896355,0.0046379924013901785,0.417,0.5,1,CD8 T cell
UIMC1,0.5258665308836743,0.04276463866380198,1,1,1,CD8 T cell
WHAMM,0.5258716508040022,-0.019966173948238408,1,1,1,CD8 T cell
INSIG2,0.5259736001674653,-0.046729948331413196,1,1,1,CD8 T cell
SGTA,0.5259878078205118,-0.021815120314465586,1,1,1,CD8 T cell
COPS4,0.5261559481621726,-0.04050972150233212,1,1,1,CD8 T cell
KRBOX4,0.5261922378335653,0.00794566174778999,1,1,1,CD8 T cell
LARS2,0.5262320590731971,0.03845176341411349,1,1,1,CD8 T cell
NFATC3,0.5263492793154715,-0.005300798110602578,1,1,1,CD8 T cell
NUP88,0.5263632901938927,-0.012137154752857714,1,1,1,CD8 T cell
CYP46A1,0.52642263186265,0.025950874461655005,0.917,0.75,1,CD8 T cell
TRIM23,0.5264976379203579,-0.013022653517423599,1,1,1,CD8 T cell
CDK12,0.5265317001630498,0.04257603917092295,1,1,1,CD8 T cell
FRA10AC1,0.5265378161246529,0.018955968070325124,1,1,1,CD8 T cell
COX18,0.5267119677528171,0.0331313251487777,1,1,1,CD8 T cell
DNAJC25,0.5267737048469241,0.012799783006810506,1,1,1,CD8 T cell
SYCE1,0.5268114318850354,0.036034297730984655,0.75,0.5,1,CD8 T cell
JAZF1,0.5269254652192162,-0.05719953171104308,1,1,1,CD8 T cell
BCL2L15,0.5269995046255449,0.017975308314777116,0.583,0.5,1,CD8 T cell
CLCN6,0.5270283142597073,0.00651204421958429,1,1,1,CD8 T cell
PMEPA1,0.5271582386170381,-0.01006782611210566,0.083,0.417,1,CD8 T cell
SLC39A6,0.5272352694205888,0.03202590099905683,1,1,1,CD8 T cell
SYNGAP1,0.5273817841480569,-0.050504345862666944,1,1,1,CD8 T cell
C14orf93,0.527438973178542,-0.026939148526475165,1,1,1,CD8 T cell
POLR3E,0.5279059310303427,-0.04466896564484668,1,1,1,CD8 T cell
DNAJC3,0.5279908505822852,-0.02775885112410173,1,1,1,CD8 T cell
RGS14,0.5281416263253225,0.03735669016824561,1,1,1,CD8 T cell
FBXO25,0.5281596221907476,0.035570654834992776,1,1,1,CD8 T cell
PIK3CG,0.5281608265162409,0.05858724430558926,1,1,1,CD8 T cell
SYT5,0.5281794561643007,-0.011032813523832896,0.167,0.333,1,CD8 T cell
DNAL1,0.5282100036567031,0.06497788138273641,1,1,1,CD8 T cell
PDHA1,0.5282664880298222,0.04083194585147504,1,1,1,CD8 T cell
TMEM164,0.5283005725434782,-0.02429305210595767,1,1,1,CD8 T cell
DCAF13,0.528336136328589,0.03674104995057004,1,1,1,CD8 T cell
GIGYF1,0.5284911963804104,-0.019445828402263,1,1,1,CD8 T cell
EZH2,0.528629189232545,-0.12423950973501308,1,1,1,CD8 T cell
RWDD3,0.5286915969092671,0.04547196883942495,1,1,1,CD8 T cell
BAG6,0.5286982324343009,0.030631857368031756,1,1,1,CD8 T cell
NDUFA8,0.5287031539393012,-0.04330343022695571,1,1,1,CD8 T cell
ZNF880,0.5287160816071026,0.09329079587499267,1,1,1,CD8 T cell
MATCAP2,0.5287460932520546,0.030242517915485045,0.75,0.75,1,CD8 T cell
RET,0.5289339752674462,-0.023646586811819414,0.167,0.417,1,CD8 T cell
CCDC121,0.5289347900084689,-0.026621439247207945,0.917,0.917,1,CD8 T cell
MGME1,0.5289413689989129,0.08319801438257479,1,1,1,CD8 T cell
NUBP2,0.5289964378756307,0.05312888594084986,1,1,1,CD8 T cell
PF4V1,0.5290381593582525,0.012526119228702282,0.667,0.917,1,CD8 T cell
MIDEAS,0.5291774087915306,0.04108696162032727,1,1,1,CD8 T cell
NCAPG,0.5292956179866337,-0.05609398044905367,1,1,1,CD8 T cell
PHF8,0.5293592339587578,-0.018384788267848607,1,1,1,CD8 T cell
TRAF2,0.5294914918005265,0.06370606853478544,1,1,1,CD8 T cell
FAIM,0.5295487298983629,-0.06703981109353707,1,1,1,CD8 T cell
ANKRD9,0.5296249316565784,-0.04356712486269165,1,1,1,CD8 T cell
UTP18,0.5297147288335737,-0.04969105290995657,1,1,1,CD8 T cell
TERF2IP,0.529977070361557,-0.026936367894338176,1,1,1,CD8 T cell
ARVCF,0.530089222898544,0.06456208617766945,1,1,1,CD8 T cell
RRH,0.5301440379534702,-0.02426507027028313,0.833,0.833,1,CD8 T cell
ZFP64,0.5302708387989528,-0.03657144451552319,1,1,1,CD8 T cell
SEC31A,0.530279344876745,0.03309934334978848,1,1,1,CD8 T cell
POLR2E,0.5305443596303087,0.03544530381769784,1,1,1,CD8 T cell
POLG2,0.5306174586453566,-0.03670038707610227,1,1,1,CD8 T cell
ZRANB2,0.5306827947093571,-0.015855919681943886,1,1,1,CD8 T cell
SKIL,0.5306909509462625,0.05628644995816967,1,1,1,CD8 T cell
CABYR,0.530778012294496,0.012808009211283888,0.667,0.667,1,CD8 T cell
PCNX3,0.5308397102400153,0.05004434976794547,1,1,1,CD8 T cell
PDIK1L,0.5308575277137415,-0.03365707842591803,1,1,1,CD8 T cell
LRRC75B,0.5309572018589844,-0.027873796994375866,0.583,0.75,1,CD8 T cell
ADAM9,0.5309798791906355,-0.05203732981732356,1,1,1,CD8 T cell
MMP21,0.5310929071664396,0.007379230306959528,0.833,0.833,1,CD8 T cell
STAT5B,0.5311065129924182,-0.01926967688795478,1,1,1,CD8 T cell
GARRE1,0.5312315586666727,-0.058251020103146756,1,1,1,CD8 T cell
LCA5,0.5313572795254594,0.00202585295364921,0.417,0.417,1,CD8 T cell
GAREM2,0.5315046007621622,-0.04733710946674119,1,1,1,CD8 T cell
ARFIP2,0.5316100588586357,0.010331539834474546,1,1,1,CD8 T cell
ZNF322,0.5316449139917834,0.07093850168830018,1,1,1,CD8 T cell
ARL16,0.5317138771641976,-0.04227625133207846,1,1,1,CD8 T cell
NMT1,0.5318260978545637,-0.025842545179200926,1,1,1,CD8 T cell
BIRC6,0.5319665531222226,-0.01859836773072021,1,1,1,CD8 T cell
ZNF264,0.5319792448764187,0.03821629705603363,1,1,1,CD8 T cell
CLPB,0.5320859239883705,-0.052232754769849565,1,1,1,CD8 T cell
RHOD,0.5321250189335531,-0.011438382973333994,0.25,0.417,1,CD8 T cell
MCM9,0.5321394951482517,0.055594055289142075,1,1,1,CD8 T cell
EFR3B,0.5322468776339776,-0.012913849295219215,0.083,0.25,1,CD8 T cell
CSNK1E,0.5323398475202572,-0.051686240942977024,1,1,1,CD8 T cell
AEBP2,0.5323735045805296,-0.013354943361458815,1,1,1,CD8 T cell
MID1IP1,0.5325552305359308,0.07642485400174137,1,1,1,CD8 T cell
HECA,0.5325742600264539,-0.019878641787274276,1,1,1,CD8 T cell
TRPM7,0.5326191514953338,-0.025839249466028114,1,1,1,CD8 T cell
FECH,0.5327647332714427,-0.04957934790691987,1,1,1,CD8 T cell
PAK4,0.532868680659034,0.08048403107217972,1,1,1,CD8 T cell
KNTC1,0.5329713023331986,0.07554560693564882,1,1,1,CD8 T cell
DNAAF2,0.5330728803648296,-0.013161814986538012,1,1,1,CD8 T cell
XKRX,0.5330926301404717,-0.011372371948028981,0.083,0.333,1,CD8 T cell
APOE,0.5331300762811491,-0.011603567177328244,0.833,0.833,1,CD8 T cell
TINCR,0.5332030838246862,-0.044503568023581686,0.833,1,1,CD8 T cell
NDUFV3,0.5332222114736912,-0.034712593298661276,1,1,1,CD8 T cell
BCL2L11,0.533458080904055,-0.04357433973033853,1,1,1,CD8 T cell
GPR63,0.5334954984474232,0.024985395985788195,0.75,0.917,1,CD8 T cell
NCF4,0.5335165105392377,0.04194153881350804,1,1,1,CD8 T cell
GRIP1,0.5335265770377158,-0.016604122994507975,0,0.333,1,CD8 T cell
ARTN,0.5335824885774941,0.011437630464893545,0.333,0.167,1,CD8 T cell
MAGOHB,0.5336370160752915,0.07006947866932789,1,1,1,CD8 T cell
TPR,0.5336768491256217,-0.03206332787474808,1,1,1,CD8 T cell
GJC1,0.5337593642455067,0.0031576109197923863,0.167,0.333,1,CD8 T cell
BCL2L10,0.5338601629761903,0.03304705248380868,0.833,0.583,1,CD8 T cell
ZFP2,0.5338871701343748,0.05593913799385852,1,0.917,1,CD8 T cell
ARMS2,0.5338910058785886,-9.94041795075784e-4,0.5,0.5,1,CD8 T cell
ZNF391,0.5338990314562999,0.07371092455004025,1,1,1,CD8 T cell
SFTPD,0.5339270850622846,-0.006111672516412092,0.417,0.167,1,CD8 T cell
STOML1,0.5340634608118078,0.07415300848412398,1,1,1,CD8 T cell
NQO2,0.5341285025998119,0.08193033452014609,1,1,1,CD8 T cell
RBM18,0.5343840868364556,-0.01108855406992626,1,1,1,CD8 T cell
MAPK6,0.5344248891156351,-0.012259270765503039,1,1,1,CD8 T cell
CHD1,0.534481936456373,-0.01640143958672291,1,1,1,CD8 T cell
PPP1CA,0.53448944196773,0.05135512328222003,1,1,1,CD8 T cell
MFNG,0.5344988415035135,0.041778695904985175,1,1,1,CD8 T cell
MYO5A,0.5345212884272682,-0.05498104654633873,1,1,1,CD8 T cell
NUDT22,0.534544874710547,-0.0428799985174364,1,1,1,CD8 T cell
LTV1,0.5347440060908044,-0.025588527901070746,1,1,1,CD8 T cell
SHLD3,0.534805277772705,-0.03753279980901758,1,1,1,CD8 T cell
GZMM,0.5348856919220986,-0.02643537465890744,1,1,1,CD8 T cell
NRAS,0.5349230415499344,-0.037071347690413536,1,1,1,CD8 T cell
ITGBL1,0.5349553622641765,0.018679114018675058,0.583,0.417,1,CD8 T cell
SH3D21,0.5349848141047402,-0.00252815316563737,0.833,0.833,1,CD8 T cell
PAX8,0.5350023117349507,-0.008555161614277829,0.5,0.583,1,CD8 T cell
ZMYND19,0.5350572067852061,0.07100651092567056,1,1,1,CD8 T cell
RIGI,0.5351169135494893,-0.026256042517446773,1,1,1,CD8 T cell
REEP5,0.5351960012477532,-0.030828644575755293,1,1,1,CD8 T cell
PSMC3,0.5352145144169305,0.007302344074939238,1,1,1,CD8 T cell
TBC1D32,0.5352560034465395,-0.02291029646701892,1,1,1,CD8 T cell
PYGM,0.5353170828367845,0.10161748809320015,1,1,1,CD8 T cell
MLH1,0.5354473576257305,0.002775968938952822,1,1,1,CD8 T cell
MAPKAP1,0.5354685660744272,0.030547431536200237,1,1,1,CD8 T cell
CTNNAL1,0.5354961236547218,-0.06947499369845112,1,1,1,CD8 T cell
FGFBP1,0.5355686824681856,-0.01933971732680595,0.75,0.75,1,CD8 T cell
ZNF211,0.5356744201301644,0.07289676387633581,1,1,1,CD8 T cell
EAPP,0.5356933470311982,0.0033098733105917377,1,1,1,CD8 T cell
ZNF691,0.5357522798113938,0.05384807333498287,1,1,1,CD8 T cell
COX6B2,0.5357902469211637,0.018692694656930353,0.667,0.667,1,CD8 T cell
WFDC3,0.5358109324156413,0.002300983280266067,0.25,0.333,1,CD8 T cell
KMT2B,0.5358246494893493,0.03280998504952559,1,1,1,CD8 T cell
RNF44,0.5358290020242055,0.03879479380266182,1,1,1,CD8 T cell
EXPH5,0.5358715999746122,0.06585717235120603,1,1,1,CD8 T cell
MT-CO2,0.5359252968048029,-0.06472448604840775,1,1,1,CD8 T cell
SPG7,0.5359763268437171,-0.03026548783584726,1,1,1,CD8 T cell
NDRG4,0.5360866871271326,-0.004323060521746136,0.417,0.25,1,CD8 T cell
CTTN,0.5362457325865384,0.03948494432844951,1,0.75,1,CD8 T cell
RHBDF1,0.5363330923815135,0.00465976209022978,0.25,0.167,1,CD8 T cell
FAM83D,0.5366950740576846,0.0017534732699382438,1,1,1,CD8 T cell
C17orf58,0.5367498490305032,0.022517099481680347,1,1,1,CD8 T cell
C1GALT1,0.5368153568796371,0.019176476915101326,1,1,1,CD8 T cell
ERRFI1,0.5369061610523727,-0.0779807268715822,1,1,1,CD8 T cell
S100Z,0.5369731260293931,0.07698942347395343,1,1,1,CD8 T cell
PISD,0.5369777678934107,0.058530716109059355,1,1,1,CD8 T cell
PIK3C2B,0.5370287205452211,-0.03749225117825139,1,1,1,CD8 T cell
HYAL2,0.5370733031529875,0.03820924138989357,1,1,1,CD8 T cell
PRCP,0.537095746357606,-0.044026324659081406,1,1,1,CD8 T cell
NAA10,0.5370969582855192,-0.044577893694265014,1,1,1,CD8 T cell
NEK10,0.5371372749059966,-0.03784365622038166,1,1,1,CD8 T cell
SMC5,0.5373216633387458,0.0239352281790932,1,1,1,CD8 T cell
ASB3,0.5373730688166705,-0.032896059185610005,1,1,1,CD8 T cell
SYNM,0.5374204785615808,-0.17243983133800023,1,1,1,CD8 T cell
SCML1,0.5374233731898036,0.04331233324150796,0.917,0.917,1,CD8 T cell
LEMD2,0.5374533182142622,0.022134034795699475,1,1,1,CD8 T cell
HECTD1,0.5375153764008922,-0.02811394628031924,1,1,1,CD8 T cell
TMEM119,0.5375615813917083,0.053674161044793944,1,0.917,1,CD8 T cell
E4F1,0.5376513750920948,-0.013022491430517813,1,1,1,CD8 T cell
BOLA3,0.537652009553234,-0.016766138829939603,1,1,1,CD8 T cell
POLR1D,0.5376690352331341,0.05523795036935397,1,1,1,CD8 T cell
CATSPERG,0.5379833286177254,0.062201215596235704,1,1,1,CD8 T cell
ZNF248,0.538069638362921,0.024742159941657293,1,1,1,CD8 T cell
GDPD3,0.5380932328494898,0.02254601285745572,1,1,1,CD8 T cell
NUCB1,0.5381178113980146,-0.039311414160327685,1,1,1,CD8 T cell
TARBP1,0.5384504202206082,0.07017694202758129,1,1,1,CD8 T cell
SLC6A9,0.5384706357627607,-0.0065944019536336995,0.417,0.667,1,CD8 T cell
TNFSF9,0.5384869289066303,-0.0625582838965153,1,1,1,CD8 T cell
RFX5,0.5385302446988411,-0.023007963945295556,1,1,1,CD8 T cell
C2orf42,0.5387525264755006,0.05686376249159286,1,1,1,CD8 T cell
ZEB1,0.5387796240323686,-0.08334547387022428,1,1,1,CD8 T cell
GM2A,0.5388827625476273,-0.07944689026438034,1,1,1,CD8 T cell
LRRC28,0.5388851508666838,0.03374972816331545,1,1,1,CD8 T cell
HPRT1,0.5389225852040889,0.055167157173981796,1,1,1,CD8 T cell
LDLR,0.5391115378997388,-0.13130523553596163,1,1,1,CD8 T cell
SNRNP25,0.5391132692811209,-0.04542378923365287,1,1,1,CD8 T cell
DST,0.5392292868125692,-0.060101108003873804,0.917,0.833,1,CD8 T cell
LBX2,0.539324009645543,0.02524494434076363,0.667,0.5,1,CD8 T cell
IDE,0.539416817040775,0.028045615620042597,1,1,1,CD8 T cell
CISD2,0.5394622194223839,0.0026739404137285927,1,1,1,CD8 T cell
HAX1,0.5395075095217616,-0.016549423836500765,1,1,1,CD8 T cell
TMEM101,0.5395222384647181,0.037079978110384104,1,1,1,CD8 T cell
SNRPA1,0.5395417865101202,-0.052584754939622336,1,1,1,CD8 T cell
MTF2,0.5396321363836116,0.03824728775957881,1,1,1,CD8 T cell
C3AR1,0.5397086210555615,0.07280948974344081,1,1,1,CD8 T cell
TMEM231,0.5397727556286511,0.030035274647387755,1,1,1,CD8 T cell
GSDME,0.5397998528120956,0.028096911564210902,0.417,0.25,1,CD8 T cell
PRKCZ,0.5398024831390804,0.09514263211369611,1,1,1,CD8 T cell
MT-ATP6,0.5398302496671625,-0.0590249381997463,1,1,1,CD8 T cell
PGPEP1,0.5398522606601968,0.04694124610127867,1,1,1,CD8 T cell
ZC3H3,0.5399964061662591,-0.03920726168873223,1,1,1,CD8 T cell
SSU72,0.5400973563648737,0.043897269915656734,1,1,1,CD8 T cell
CARNMT1,0.5401201321172322,0.05156811331740674,1,1,1,CD8 T cell
VARS1,0.5401241395671047,0.024552285015871367,1,1,1,CD8 T cell
RAB39B,0.5401451305342377,0.05415042041553231,1,1,1,CD8 T cell
PLEKHJ1,0.5401483878895611,-0.012205870386326145,1,1,1,CD8 T cell
ZNF416,0.5401825219863337,0.07201681925308057,1,1,1,CD8 T cell
ENTPD4,0.5401932774179303,-0.02691948562437635,1,1,1,CD8 T cell
INKA1,0.5401984543319309,8.87329555641525e-4,0.917,0.75,1,CD8 T cell
CPLANE2,0.540305523897958,-0.04196517168908409,1,1,1,CD8 T cell
CDK5RAP3,0.5403272458988373,0.02527477211598783,1,1,1,CD8 T cell
PLA2G12B,0.5403339906358704,-0.007675169020281203,0.167,0.417,1,CD8 T cell
CYB561,0.5404525146361843,0.17191768934149598,1,1,1,CD8 T cell
SPTAN1,0.5404596671687654,-0.032617853152975496,1,1,1,CD8 T cell
DOCK11,0.5404607356147084,-0.021111994806312095,1,1,1,CD8 T cell
GNAZ,0.5404735658138177,0.03777662763337908,1,1,1,CD8 T cell
WDR49,0.5404933985332243,-0.036506278574601314,0.75,0.75,1,CD8 T cell
MAPT,0.5405252664746927,0.03675384383755409,1,1,1,CD8 T cell
NAIF1,0.5405271408353619,-0.06528441362992554,1,1,1,CD8 T cell
NUP58,0.5405316576500456,0.08111552225057761,1,1,1,CD8 T cell
SSR1,0.540558974692452,-0.03466954363042649,1,1,1,CD8 T cell
LEPR,0.5405659027770062,0.07745894631008499,1,1,1,CD8 T cell
ZNF441,0.540619989277087,0.07018592177740235,1,1,1,CD8 T cell
HKDC1,0.54078811361310275,0.14012422575520933,1,1,1,CD8 T cell
AASDH,0.5408145788725109,-0.036368228713959505,1,1,1,CD8 T cell
HEPACAM2,0.5408907721202589,-0.01946270267618555,0.25,0.333,1,CD8 T cell
METTL9,0.5411522935431408,-0.02471616074503602,1,1,1,CD8 T cell
MBNL3,0.5411716304214566,-0.04332692373375591,1,1,1,CD8 T cell
ARPC5,0.5412388425618935,0.0507871315945351,1,1,1,CD8 T cell
GPR162,0.5413107234107384,-0.009415480954856115,0.583,0.667,1,CD8 T cell
MRTFB,0.541332850511941,-0.05552089764851997,1,1,1,CD8 T cell
DTD2,0.5414174247585077,0.060982357160988876,1,1,1,CD8 T cell
PDCD2,0.5414373219308395,0.13754526375257203,1,1,1,CD8 T cell
ARHGEF18,0.5414431935188273,0.06688343894337456,1,1,1,CD8 T cell
PGAP3,0.5417902723188044,0.040881807979365026,1,1,1,CD8 T cell
CDK5RAP1,0.5420106950221297,-0.02265878227485485,1,1,1,CD8 T cell
SLC25A39,0.5420785822797469,0.022567667861065684,1,1,1,CD8 T cell
UBE2D4,0.5420790089270217,0.011170144906513357,1,1,1,CD8 T cell
ANO8,0.5422361031609372,-0.045965344432835176,1,1,1,CD8 T cell
PAQR6,0.54232665679137,0.04595463798456567,1,1,1,CD8 T cell
WIZ,0.5424113562296888,-0.03075254338907263,1,1,1,CD8 T cell
TMEM170B,0.5424354036859955,-0.051822589494276095,1,1,1,CD8 T cell
MT-CO1,0.5424909966529062,-0.07835525912156438,1,1,1,CD8 T cell
DDX5,0.5425524980936582,-0.027180264030012058,1,1,1,CD8 T cell
MLKL,0.542616301336835,0.049858494371236683,1,1,1,CD8 T cell
MAT2A,0.5426289887775979,-0.03642884580232142,1,1,1,CD8 T cell
ZCCHC10,0.542677959134293,-0.06234918028882941,1,1,1,CD8 T cell
WRAP53,0.5427356443666772,0.05531524821700806,1,1,1,CD8 T cell
POLD4,0.5427509541756234,0.03805711315054422,1,1,1,CD8 T cell
ATP2B2,0.5428310706841377,0.027037313562873866,0.25,0.167,1,CD8 T cell
DLL3,0.5428785065572395,0.031150634656288645,0.833,0.917,1,CD8 T cell
GSDMC,0.5429444715465105,0.02865301136743481,0.333,0,1,CD8 T cell
TMEM102,0.5430843294998998,0.0689848358153845,1,1,1,CD8 T cell
SYTL4,0.543139440278,-0.004068258839275085,0.333,0.167,1,CD8 T cell
AATF,0.543185969710545,-0.017916949486679545,1,1,1,CD8 T cell
TOE1,0.5433586997651196,-0.04181933795202586,1,1,1,CD8 T cell
DCST1,0.5433859471600351,-0.006299053185818693,0.083,0.333,1,CD8 T cell
RNPS1,0.5434351158478274,-0.03718152327379609,1,1,1,CD8 T cell
CTSL,0.5434723728019674,0.009408748286706903,0.833,0.75,1,CD8 T cell
MEF2A,0.5436279507640341,-0.001977841330478236,1,1,1,CD8 T cell
SFMBT2,0.5436331335174762,0.06787360246417723,1,1,1,CD8 T cell
TIGAR,0.5436672058624459,0.054278803371930806,1,1,1,CD8 T cell
RPE,0.5437640978263223,0.04891587372112055,1,1,1,CD8 T cell
MMP9,0.5437838457396671,-0.006430322286873569,0.083,0.417,1,CD8 T cell
ARHGEF1,0.5438316872158888,0.03754190118411049,1,1,1,CD8 T cell
HINT1,0.5438450701165489,0.0506665363158354,1,1,1,CD8 T cell
SEPTIN7,0.5438754655117974,-0.009267689399790946,1,1,1,CD8 T cell
KRCC1,0.543944761733167,0.016623382044167703,1,1,1,CD8 T cell
ARHGAP11B,0.5439665514587444,-0.0783484344435581,1,1,1,CD8 T cell
RND2,0.5439828261588411,0.024123121588155882,0.833,0.917,1,CD8 T cell
BUB1B,0.5439842040098648,-0.04191063649358551,0.917,1,1,CD8 T cell
PLSCR3,0.5439857119972,0.061397091223880707,1,1,1,CD8 T cell
ZCCHC14,0.5440432418198955,0.08432925659699841,1,1,1,CD8 T cell
WAS,0.5442478627915424,-0.007389638361547934,1,1,1,CD8 T cell
PKN1,0.5443509075035664,0.042375072515352,1,1,1,CD8 T cell
ADGRF3,0.5443581598512799,0.00790890179121062,0.667,0.75,1,CD8 T cell
ATP10D,0.5444048389300874,-0.0372519519468284,1,1,1,CD8 T cell
ERCC4,0.5444882273506115,-0.0680987719987678,1,1,1,CD8 T cell
RNF4,0.5445088733533452,-0.025856566007919968,1,1,1,CD8 T cell
INPP4A,0.544519717910642,0.0388387102408112,1,1,1,CD8 T cell
SERINC5,0.5446245138152457,-0.04279704686647845,1,1,1,CD8 T cell
HACD3,0.544702113742146,0.0576383161173345,1,1,1,CD8 T cell
CCT2,0.5447480207235993,-0.01186680726115752,1,1,1,CD8 T cell
UBC,0.5447818452434932,-0.04090009626796798,1,1,1,CD8 T cell
OTUB2,0.5450892161438303,0.013468347393469582,0.667,0.5,1,CD8 T cell
SH3YL1,0.54520451738263,0.07653223823583977,1,1,1,CD8 T cell
ILVBL,0.5452792534314502,0.044867067924408754,1,1,1,CD8 T cell
ENSG00000290798,0.5454524805973602,-0.012439524191170559,0.333,0.417,1,CD8 T cell
FYB1,0.5455177780758811,-0.04285757752272712,1,1,1,CD8 T cell
ZWILCH,0.5457066554223267,-0.027726411056915534,1,1,1,CD8 T cell
DNASE1L2,0.545804620814174,-0.014592967853503946,0.667,0.833,1,CD8 T cell
HBS1L,0.5458423930057974,-0.021186157062466737,1,1,1,CD8 T cell
CCNT2,0.5458470874513544,0.028573185396000678,1,1,1,CD8 T cell
ANKLE2,0.5459110392692788,0.031976086219039135,1,1,1,CD8 T cell
H3-3A,0.5459510589575456,-0.017804197131914723,1,1,1,CD8 T cell
SH3BP1,0.5459951013749957,0.059535273621896145,1,1,1,CD8 T cell
FAM13A,0.546027624198438,0.04394937904229934,1,1,1,CD8 T cell
DGKK,0.5461056758128904,-0.10625561479140222,0.833,0.917,1,CD8 T cell
TBC1D1,0.5461761553920206,-0.039509955899263996,1,1,1,CD8 T cell
AARSD1,0.5461913644225694,-0.05776918351125082,1,1,1,CD8 T cell
CAPS2,0.5462928903164868,-0.03306436852515526,1,1,1,CD8 T cell
CARMIL2,0.5463631255351007,0.08527326201925478,1,1,1,CD8 T cell
SLTM,0.5464652399309315,-0.016195649338143214,1,1,1,CD8 T cell
TGDS,0.5465692425690736,-0.05335055215327711,1,1,1,CD8 T cell
TMED7,0.5467142852452243,0.021545911635588277,1,1,1,CD8 T cell
CHMP2B,0.5467958527221669,-0.0258765319393523,1,1,1,CD8 T cell
WNT10B,0.5469460776549476,0.0813364042776561,1,1,1,CD8 T cell
UBL3,0.547050007726098,-0.06080605688060248,1,1,1,CD8 T cell
TSTD1,0.5470549294220467,-0.0399711247125325,1,1,1,CD8 T cell
IFITM10,0.547121383700088,0.05378986402789776,1,1,1,CD8 T cell
ZNF275,0.5472554373980827,0.053809397483856714,1,1,1,CD8 T cell
DNAH7,0.5472586812692968,0.008990284588792807,0.417,0.417,1,CD8 T cell
CLMN,0.5474793550509709,-0.00593798389958744,0.417,0.5,1,CD8 T cell
GANC,0.5474835807692485,0.020114368410357186,1,1,1,CD8 T cell
ECM1,0.5474975443660336,-0.001866722789027886,0.75,0.833,1,CD8 T cell
NTAQ1,0.5475406489429824,-0.035863355052145884,1,1,1,CD8 T cell
B3GNT3,0.547543600912625,-0.016328961947431164,0.25,0.25,1,CD8 T cell
STX12,0.5475530355609031,0.07204022107555086,1,1,1,CD8 T cell
TMEM106B,0.5475921362537955,0.06444845442802649,1,1,1,CD8 T cell
TYK2,0.5476592256357293,-0.014769070123860695,1,1,1,CD8 T cell
IQCA1,0.5477265144903534,0.033423883377906805,0.583,0.417,1,CD8 T cell
TSKU,0.5477832032572256,0.007971865483218377,0.417,0.167,1,CD8 T cell
PRDM4,0.5478369055664959,0.03436586983422882,1,1,1,CD8 T cell
PKD2,0.5480373096474713,-0.01581465388104042,1,1,1,CD8 T cell
NR2C1,0.5480517226449951,0.02271085311792287,1,1,1,CD8 T cell
ATP5F1C,0.5481635389644819,-0.01737452543371032,1,1,1,CD8 T cell
ODAD3,0.548166965157082,-0.008579236006591717,0.083,0.25,1,CD8 T cell
CD180,0.5482067593038458,0.028549283864085506,0.667,0.833,1,CD8 T cell
RIPOR2,0.5482608924818166,-0.027368153846243803,1,1,1,CD8 T cell
PTGDR2,0.5483346265038083,-0.02549838052045983,0.5,0.583,1,CD8 T cell
NR3C1,0.5483518781267811,-0.02182766254861368,1,1,1,CD8 T cell
GIMAP5,0.5486070825634708,0.08616797126097975,1,1,1,CD8 T cell
CD1C,0.5486489582404604,0.01376485498243829,0.667,0.5,1,CD8 T cell
SBSN,0.5487809860913762,0.004047725315863282,0.333,0.25,1,CD8 T cell
SCRN2,0.5488006857414601,-0.06251554974112339,1,1,1,CD8 T cell
GRM4,0.5488270341189606,-0.0012645250998790658,0.5,0.333,1,CD8 T cell
IRF8,0.5488380522884988,0.11088119473672542,1,1,1,CD8 T cell
BRCA1,0.5488885666664702,-0.03348545213413168,1,1,1,CD8 T cell
CKAP2L,0.5489240620891628,-0.046095132674865535,0.917,1,1,CD8 T cell
TLK2,0.5489500219260735,0.020011714584419638,1,1,1,CD8 T cell
SEPTIN4,0.5489901683563274,0.05711049284525371,1,1,1,CD8 T cell
CYP2R1,0.5489909508076231,0.036518682128650504,1,1,1,CD8 T cell
ACADM,0.5490526686610909,0.05978383865163561,1,1,1,CD8 T cell
LIX1L,0.5490554039020215,0.036717459583152756,1,1,1,CD8 T cell
SLC16A10,0.5491818002766349,-0.006999898513493363,0.917,0.917,1,CD8 T cell
POM121L2,0.5491907099244235,0.006409191129424396,0.25,0,1,CD8 T cell
FAM177B,0.54920390308363,-0.008119386002093165,0.583,0.583,1,CD8 T cell
SGPP2,0.5493084915618265,0.06268900566486835,1,1,1,CD8 T cell
MEP1B,0.5494318995117149,0.01889694226702554,0.667,0.667,1,CD8 T cell
DNAI2,0.5495009836962139,0.06386542109540772,1,1,1,CD8 T cell
CLTA,0.5495026998164051,0.05583044543909499,1,1,1,CD8 T cell
NEK3,0.5498783885088527,0.06677847541796833,1,1,1,CD8 T cell
SCIN,0.5499831086517885,4.6712228945233747e-4,0.667,0.667,1,CD8 T cell
KIF9,0.5501258702480429,0.03605511344941892,1,1,1,CD8 T cell
FBXW11,0.5501575854911664,0.05616171983216067,1,1,1,CD8 T cell
MIXL1,0.5502393362206681,-0.007063894981866881,0,0.333,1,CD8 T cell
EHBP1,0.5503243844334103,0.044143114925225935,1,1,1,CD8 T cell
SMARCAD1,0.5503434896496662,0.06107678793085218,1,1,1,CD8 T cell
PGPEP1L,0.5504280511884347,-0.0065437306382216676,0.083,0.333,1,CD8 T cell
TCEAL9,0.5504780685020211,0.0035074379866881777,0.5,0.25,1,CD8 T cell
A3GALT2,0.5505902412255173,0.007841844537258336,0.667,0.667,1,CD8 T cell
ITIH4,0.5506063859136152,0.040146298165419925,1,1,1,CD8 T cell
ZNF281,0.5506185685521925,-0.028250126369852024,1,1,1,CD8 T cell
EEF2,0.5507118729948955,-0.025721693982602822,1,1,1,CD8 T cell
LENEP,0.5507135963755172,0.01613671908405223,0.333,0.333,1,CD8 T cell
YJU2,0.5507655597552512,-0.054873876139851646,1,1,1,CD8 T cell
RAB5A,0.550778036602013,-0.024869386302859398,1,1,1,CD8 T cell
MS4A7,0.5508069684305428,-0.012955661750995606,0.917,1,1,CD8 T cell
GPRC5B,0.5508314049704504,0.006976377938187728,0.25,0,1,CD8 T cell
CSNK1A1,0.5508582557280812,-0.013721402513041214,1,1,1,CD8 T cell
TEX264,0.5509447764308568,0.04490294151008156,1,1,1,CD8 T cell
ERCC6L,0.5509677648964697,-0.0684255609061748,1,1,1,CD8 T cell
FUBP1,0.5509881298561018,-0.022887482789005542,1,1,1,CD8 T cell
SNX16,0.551302942729351,0.06712281354770289,1,1,1,CD8 T cell
HDX,0.5517564232732839,0.0313074411500307,1,1,1,CD8 T cell
CASD1,0.5517957571255866,-0.041208337671512496,1,1,1,CD8 T cell
JARID2,0.5518289465298849,-0.04487420300772893,1,1,1,CD8 T cell
SINHCAF,0.5518362493509688,0.04249337898384287,1,1,1,CD8 T cell
LHFPL6,0.5518796278569696,0.017397667744249556,0.333,0.167,1,CD8 T cell
CEP63,0.5520443868955531,-0.021149253813411262,1,1,1,CD8 T cell
PPP1R15A,0.5520935663817147,0.07481452921497467,1,1,1,CD8 T cell
NTHL1,0.5520957467370806,0.09473198918680903,1,1,1,CD8 T cell
MED7,0.5521127869301532,0.023322812448113517,1,1,1,CD8 T cell
ARHGAP20,0.5521139457692128,-0.0182205956645487,0.333,0.417,1,CD8 T cell
MB21D2,0.5522684332398308,0.045874098155711085,1,1,1,CD8 T cell
ALG3,0.5523510832984111,-0.05657692876927789,1,1,1,CD8 T cell
ANKRD11,0.5524635812554602,-0.014589849549378142,1,1,1,CD8 T cell
ITGA7,0.552474790398461,-0.010293637636635822,0.917,0.833,1,CD8 T cell
CGAS,0.5525419162468149,-0.06649856592797937,1,1,1,CD8 T cell
TIGD6,0.5525513186507391,0.031203786057907745,0.917,1,1,CD8 T cell
RAC3,0.5525625030487912,-0.050191651141384686,1,1,1,CD8 T cell
POLQ,0.5526923915197433,-0.03655164722881743,0.917,0.917,1,CD8 T cell
PAK2,0.5528351938333018,-0.028903197624088328,1,1,1,CD8 T cell
MSANTD2,0.5528667036459756,0.011988310556794834,1,1,1,CD8 T cell
MIA2,0.5529940013655241,-0.024194243657396627,1,1,1,CD8 T cell
POU3F1,0.5530352474209378,0.003978568547655659,0.333,0.417,1,CD8 T cell
XRN2,0.553038426053661,-0.004765990731840586,1,1,1,CD8 T cell
DCBLD2,0.5530677731323145,0.05861563726634955,0.75,0.75,1,CD8 T cell
MED30,0.5531123785810887,-0.02985782116305477,1,1,1,CD8 T cell
RGS2,0.5532000582418054,-0.10975560760888103,1,1,1,CD8 T cell
GLIS1,0.5532251915156661,-0.022697840156353344,0.5,0.75,1,CD8 T cell
SLC35A5,0.5533271697533286,0.005316397265533013,1,1,1,CD8 T cell
SLC52A2,0.553365562764677,0.04683143402737877,1,1,1,CD8 T cell
MARVELD2,0.5533805380530934,0.00996897740238234,0.667,0.5,1,CD8 T cell
DENND1B,0.553393617179452,-0.04841262192584461,1,1,1,CD8 T cell
ACAD8,0.5534155757627917,0.0639326054311724,1,1,1,CD8 T cell
GNA13,0.5534171558196274,-0.020173836258194022,1,1,1,CD8 T cell
MTX3,0.5534588486707779,-0.020515470806445002,1,1,1,CD8 T cell
BCLAF1,0.5535938259668212,-0.031324593126354716,1,1,1,CD8 T cell
SPCS3,0.5536049899473363,-0.028446487066128734,1,1,1,CD8 T cell
UTP3,0.5536946414648891,0.024630526454638924,1,1,1,CD8 T cell
HAUS6,0.5539122840757826,0.03468350443307104,1,1,1,CD8 T cell
MYO9A,0.5539306661751575,-0.06327263623876027,1,1,1,CD8 T cell
TBXAS1,0.5539417770212336,-0.09121349274511958,1,1,1,CD8 T cell
TBC1D9B,0.5541173044943096,0.03966570307260098,1,1,1,CD8 T cell
CSKMT,0.554127956953341,-0.07395058057763171,1,1,1,CD8 T cell
SRRM5,0.5541407878562097,0.04106549808044324,1,1,1,CD8 T cell
CIT,0.5541658629358606,0.061014696623633125,1,1,1,CD8 T cell
TMEM140,0.5542164321312693,-0.02201117414095302,1,1,1,CD8 T cell
MPI,0.5542295817541687,0.041989909826537275,1,1,1,CD8 T cell
AVL9,0.5542538518495508,-0.0010055082930624168,1,1,1,CD8 T cell
ZNF711,0.5542983688460923,-0.08327388115605627,0.917,1,1,CD8 T cell
IER5L,0.5543178004917806,-0.09433872096385754,1,1,1,CD8 T cell
PIK3C2A,0.5545556465519195,-0.07378498882446605,1,1,1,CD8 T cell
TMEM182,0.5545840035434162,0.017713027808593296,1,1,1,CD8 T cell
PAK1,0.5546022797292838,0.0848033683411753,1,1,1,CD8 T cell
CHI3L1,0.5546171450191221,-0.010497929311245269,0,0.25,1,CD8 T cell
FANCA,0.5546768352627683,-0.047652413204843036,1,1,1,CD8 T cell
NR4A1,0.5547347021192084,-0.003559390330097667,1,1,1,CD8 T cell
ERLEC1,0.5547520105072079,-0.029111504698778157,1,1,1,CD8 T cell
TMEM117,0.5549330453875554,0.06378923079449583,1,1,1,CD8 T cell
CD248,0.5549611329999289,0.06176076314476431,0.917,1,1,CD8 T cell
CLN5,0.554974619636724,0.02605460455452402,1,1,1,CD8 T cell
ADSS1,0.5549850912496556,0.02198626949114546,1,1,1,CD8 T cell
IQCB1,0.5550706065748056,0.049974901555556506,1,1,1,CD8 T cell
CALR3,0.5550957899946475,0.0036433399212101314,0.25,0.25,1,CD8 T cell
TNF,0.5551467894443776,-0.08570291563132582,1,1,1,CD8 T cell
ATP6V1A,0.5551918340597314,0.058806554348718176,1,1,1,CD8 T cell
SLC9A8,0.5552982759006067,0.053730668815298865,1,1,1,CD8 T cell
COA1,0.5555354587051508,0.020247986276720642,1,1,1,CD8 T cell
CCKBR,0.555795444473793,-0.005342457923605881,0,0.333,1,CD8 T cell
TMEM14B,0.5558293119893386,0.06139585947920634,1,1,1,CD8 T cell
CMC2,0.5558456601806372,-0.027302642775682836,1,1,1,CD8 T cell
MARK4,0.5559601380794108,-0.078726031541821,1,1,1,CD8 T cell
NEURL1B,0.5559959814788507,-0.0034316188791421176,0.833,0.833,1,CD8 T cell
TCEAL7,0.5560570984630696,-0.014283687713140925,0,0.333,1,CD8 T cell
YTHDC2,0.5561203559188364,0.04933265552571792,1,1,1,CD8 T cell
CD300LB,0.5564093417690614,0.046903407514682804,1,0.917,1,CD8 T cell
LHFPL2,0.556443394713946,-0.041244538483633963,0.5,0.833,1,CD8 T cell
CLCN5,0.5567189815440443,0.04292519749988921,1,1,1,CD8 T cell
CIB3,0.5567502360069436,0.01179098623579522,0.333,0.167,1,CD8 T cell
DLGAP5,0.5567747448828984,0.007067052759443193,1,0.917,1,CD8 T cell
DMWD,0.5568058058176162,0.045825755556031036,1,1,1,CD8 T cell
SP140L,0.5568468623441096,0.060312593388992086,1,1,1,CD8 T cell
PLPPR2,0.5569531509525751,0.04659540958093311,1,1,1,CD8 T cell
NR1D1,0.556977510648439,0.10675592305765469,1,1,1,CD8 T cell
KBTBD4,0.5571047105625442,0.028362341877510078,1,1,1,CD8 T cell
BCKDHB,0.5572115389305887,0.027834159880041565,1,1,1,CD8 T cell
IGSF9B,0.5572717437709378,0.09523862157009155,1,1,1,CD8 T cell
NCOA1,0.5573080754437337,-0.03661440865874266,1,1,1,CD8 T cell
ARMC10,0.5573810658073517,-0.05734577860288041,1,1,1,CD8 T cell
PRXL2B,0.5575231957314488,-0.020286361763811822,1,1,1,CD8 T cell
SHLD1,0.5575481653234671,0.01662717515741663,1,1,1,CD8 T cell
SLC25A19,0.5575564255985274,0.10055032205919412,1,1,1,CD8 T cell
RSBN1,0.5575647412364295,0.045465730049413816,1,1,1,CD8 T cell
SACM1L,0.5575765924722493,-0.06324328373592658,1,1,1,CD8 T cell
PEMT,0.5577211637356951,0.015778902197699285,1,1,1,CD8 T cell
CEP41,0.5577372981866776,0.04467877506458118,1,1,1,CD8 T cell
OAF,0.5577618379584762,-0.0630705450620086,1,1,1,CD8 T cell
TAFA1,0.5577808707477263,0.10761903543146323,1,1,1,CD8 T cell
TVP23B,0.5577919938869167,-0.094273841777341,1,1,1,CD8 T cell
CCDC163,0.5578627220950663,0.09776306272965751,1,1,1,CD8 T cell
MTARC1,0.5578699104021538,-0.017952166946609616,0.833,0.833,1,CD8 T cell
FBXL12,0.5579954443602357,-0.04299134948764549,1,1,1,CD8 T cell
GZF1,0.5580940814881779,-0.021020797029266625,1,1,1,CD8 T cell
TDRP,0.5581884632472796,-0.026034506627458764,0.5,0.417,1,CD8 T cell
C2CD2,0.5582736326735909,0.053675434833844626,1,1,1,CD8 T cell
ZKSCAN4,0.5582766441951271,0.06012702202334985,1,1,1,CD8 T cell
TTLL3,0.5585415554721798,0.05269889056308266,1,1,1,CD8 T cell
PML,0.5586507814173312,0.037613340029421544,1,1,1,CD8 T cell
TACO1,0.5586686345676128,0.03890810692233215,1,1,1,CD8 T cell
FBXO28,0.5587249354512873,-0.017888826151943316,1,1,1,CD8 T cell
ZNF253,0.5587666371586645,0.03747759819318697,1,1,1,CD8 T cell
B3GAT3,0.5588095218967738,-0.0038795692414924643,1,1,1,CD8 T cell
CD47,0.5589042000493216,0.033587803830775975,1,1,1,CD8 T cell
PRR36,0.5589185559777965,0.024489324718182104,0.917,0.583,1,CD8 T cell
TBPL1,0.5589250926822631,-0.061351440755190945,1,1,1,CD8 T cell
APRT,0.5590252834357072,0.0394926897102259,1,1,1,CD8 T cell
PLAG1,0.5591228686913692,0.08987920474843447,1,1,1,CD8 T cell
ICE2,0.5591682067007271,0.07938422025459935,1,1,1,CD8 T cell
ZMYM2,0.55920063737891,0.03546475892554546,1,1,1,CD8 T cell
SERINC3,0.5592484034900763,-0.019028595803564308,1,1,1,CD8 T cell
MXD3,0.5592608676004469,0.012960127381836273,1,1,1,CD8 T cell
DDRGK1,0.5592741862541437,-0.02238456221827856,1,1,1,CD8 T cell
HRH2,0.559285140410427,0.040994132002107,1,0.917,1,CD8 T cell
CD300C,0.5593628953345864,-0.016702845289615187,0.417,0.5,1,CD8 T cell
PPIB,0.5593915071278239,-0.025256692573238704,1,1,1,CD8 T cell
SNRPB2,0.5593960601065988,0.04844313268994749,1,1,1,CD8 T cell
CHMP5,0.5594610150100205,-0.04557629341274888,1,1,1,CD8 T cell
RBM41,0.559603880565771,-0.0030826526647489416,1,1,1,CD8 T cell
GPR68,0.5596696614217971,0.038847081544083215,1,1,1,CD8 T cell
TAC4,0.5596724540802026,0.008826194128975118,0.25,0,1,CD8 T cell
C11orf68,0.5597653100409924,0.030801443531676964,1,1,1,CD8 T cell
FAM47E,0.5597833754702408,0.006197005531675348,0.333,0.25,1,CD8 T cell
OR2K2,0.5598336982831517,9.097452163882025e-4,0.417,0.333,1,CD8 T cell
TMEM104,0.5598652151211014,-0.06336376888897144,1,1,1,CD8 T cell
ZC3H14,0.5599316687496071,-0.009727332890024476,1,1,1,CD8 T cell
TRPM2,0.5599623013156774,-0.12981085599887887,1,1,1,CD8 T cell
FARSA,0.5599984178356027,-0.0237804945016572,1,1,1,CD8 T cell
MTO1,0.5600224841249972,-0.03258933990478807,1,1,1,CD8 T cell
EHD1,0.5601542222111877,-0.02030225805918562,1,1,1,CD8 T cell
SNU13,0.5602415483833451,-0.016378859368664234,1,1,1,CD8 T cell
RAD21,0.5602717568612274,-0.008580955437938742,1,1,1,CD8 T cell
EPHX3,0.5603218363439458,0.0056780686006461245,0.25,0.167,1,CD8 T cell
GPSM3,0.5604328132454209,0.036923169495182595,1,1,1,CD8 T cell
PIGW,0.5605584158392687,0.08008440089655622,1,1,1,CD8 T cell
CLNS1A,0.5605691559926342,-0.03875814911695402,1,1,1,CD8 T cell
SLC30A9,0.5605921104301519,0.04044940872256292,1,1,1,CD8 T cell
CKAP4,0.5606258582767127,-0.12392621045525631,1,1,1,CD8 T cell
SUPV3L1,0.5606447843288096,0.05979551462563232,1,1,1,CD8 T cell
KLHL24,0.5607032665462583,-0.010807746476171887,1,1,1,CD8 T cell
LAG3,0.5607968749301133,0.07396785559425656,1,1,1,CD8 T cell
AARS1,0.5608053512002242,-0.03107531215954129,1,1,1,CD8 T cell
VDAC3,0.5608376587433752,0.04199133504653463,1,1,1,CD8 T cell
MTERF1,0.5608739211474694,0.08628070863916837,1,1,1,CD8 T cell
ABHD16A,0.5608838817748791,0.0014113498632837285,1,1,1,CD8 T cell
IL19,0.560957817066267,-0.01275244891367544,0.167,0.25,1,CD8 T cell
C18orf32,0.5609846159753613,0.03598351040018588,1,1,1,CD8 T cell
CENPT,0.5610100741751878,0.05236333190593548,1,1,1,CD8 T cell
STX18,0.5610713257125306,0.05204244539692704,1,1,1,CD8 T cell
KRTAP5-10,0.561093254231603,0.006827341930842223,0.333,0.167,1,CD8 T cell
NOG,0.5611093729321429,-0.04625658368903718,0.833,1,1,CD8 T cell
LCN10,0.5611272099653638,0.005360943926675521,0.333,0.5,1,CD8 T cell
ZBTB3,0.5612806527426655,0.056951660818021166,1,1,1,CD8 T cell
PIERCE2,0.5613297263795267,0.0071523664787789265,0.667,0.583,1,CD8 T cell
ZSCAN25,0.5614040313108555,-0.02718775627076453,1,1,1,CD8 T cell
DRICH1,0.5614455947550125,-0.06366549526073495,1,1,1,CD8 T cell
TCL1B,0.5614742676663103,0.010438273039205637,0.167,0.333,1,CD8 T cell
NRP1,0.561575693660983,0.004941519585829113,0.417,0.25,1,CD8 T cell
ZNF280B,0.5616108913453088,-0.11817981198700522,1,1,1,CD8 T cell
SP2,0.5617291558733148,-0.028505918703872868,1,1,1,CD8 T cell
RAD1,0.5617721880528226,0.0749870834585662,1,1,1,CD8 T cell
FAM110B,0.5618343837377469,-0.04026609823723826,0.75,0.75,1,CD8 T cell
RAB33B,0.5619157378466064,-0.0435671076039581,1,1,1,CD8 T cell
GSE1,0.5619286225562654,-0.00970143317856409,1,1,1,CD8 T cell
RDH11,0.5619641732621485,-0.030470896310894446,1,1,1,CD8 T cell
TESK1,0.5621610878347084,0.054025982837388575,1,1,1,CD8 T cell
PPP4R1,0.5622653811655856,-0.03869341550163292,1,1,1,CD8 T cell
TP53BP2,0.5622835169045259,0.053695018400503086,1,1,1,CD8 T cell
ENTR1,0.5623027985979139,0.04401263624224694,1,1,1,CD8 T cell
CCDC154,0.5623038062966947,0.06860235313483454,1,1,1,CD8 T cell
ZNF460,0.5623106686543482,-0.027632519087522844,1,1,1,CD8 T cell
SRRD,0.5623641159357138,0.03789003939215618,1,1,1,CD8 T cell
LARGE2,0.562486987405248,0.09003140528341325,1,1,1,CD8 T cell
MYLK3,0.5624969728363084,0.010345739974457757,0.667,0.583,1,CD8 T cell
ZBTB2,0.5625495293214691,-0.016286509710322028,1,1,1,CD8 T cell
ZFP36L1,0.5625597208812998,-0.01835602732808228,1,1,1,CD8 T cell
ADAT1,0.5626063243929562,0.0856237439644247,1,1,1,CD8 T cell
BICDL1,0.5626836894402252,0.10597428269498749,1,1,1,CD8 T cell
SLC27A2,0.562771774171632,-0.05627178278221523,0.917,1,1,CD8 T cell
BCL7A,0.5627836382879079,-0.03077683860903324,1,1,1,CD8 T cell
EML4,0.5628612404125864,-0.04366585731547512,1,1,1,CD8 T cell
RBMS2,0.5628874403712822,0.08277917433711446,1,1,1,CD8 T cell
SLC13A3,0.5630679758320627,-0.0037426684921135767,0.5,0.75,1,CD8 T cell
KRT18,0.56311996663754,-0.014220507433088336,0.583,0.667,1,CD8 T cell
WWP2,0.5632176487258638,0.05920804929672428,1,1,1,CD8 T cell
LSM10,0.5633187281425833,-0.04314236319028231,1,1,1,CD8 T cell
FANCI,0.5633488349122691,0.07796667469380458,1,1,1,CD8 T cell
SQSTM1,0.5633522007936262,-0.02962719066806274,1,1,1,CD8 T cell
CPNE7,0.5633991723671108,-0.005713463973372246,0.25,0.5,1,CD8 T cell
PRKCA,0.5635659965758941,-0.05864966604990074,1,1,1,CD8 T cell
NUP153,0.5636848432229422,0.0458631015488431,1,1,1,CD8 T cell
GLT8D2,0.5637209995244811,-0.00744376424784754,0.5,0.5,1,CD8 T cell
TARBP2,0.5637707033340621,0.04419513672066766,1,1,1,CD8 T cell
NRIP3,0.5638304067244718,0.0076624407686840534,0.833,0.833,1,CD8 T cell
FAM241A,0.563837368085568,0.05721815046404721,1,1,1,CD8 T cell
DDX39B,0.5639186456377235,-0.020338882750040116,1,1,1,CD8 T cell
KIF21B,0.5639363023426656,-0.01158690695853637,1,1,1,CD8 T cell
FBXO42,0.5640137560746201,0.013462644896954395,1,1,1,CD8 T cell
EDN2,0.5640296276252239,0.002411709506897175,0.5,0.25,1,CD8 T cell
ZNF502,0.5640524891821224,-0.09562111065756795,1,1,1,CD8 T cell
PRR3,0.5640717572493558,0.028875718326085043,1,1,1,CD8 T cell
KCTD6,0.564137956901771,0.07702345429602464,1,1,1,CD8 T cell
HS3ST3B1,0.5641918240148256,0.08962531754282854,1,1,1,CD8 T cell
COPS6,0.5642257618023827,-0.0076665492047175154,1,1,1,CD8 T cell
TECR,0.5642461181058879,-0.07215361164192569,1,1,1,CD8 T cell
BTF3L4,0.5642477530127552,0.05413878172943263,1,1,1,CD8 T cell
LYG1,0.5642554253154695,0.03252262584663912,1,1,1,CD8 T cell
PEX11A,0.5642959565298188,0.04361126726185782,1,1,1,CD8 T cell
ARHGEF37,0.5643061115251431,0.01899410353850417,0.583,0.417,1,CD8 T cell
HGD,0.564370895110056,-0.02920782497056873,0.917,1,1,CD8 T cell
PRDM1,0.5643741975148578,-0.054063071293041,1,1,1,CD8 T cell
MTMR14,0.5643895008283895,-0.027493305066297435,1,1,1,CD8 T cell
PSMD4,0.564436735223387,0.040097636626230955,1,1,1,CD8 T cell
CST5,0.5644811735291125,0.016335990931821698,0.25,0.167,1,CD8 T cell
L3MBTL4,0.5646488480550859,-0.019365928167490054,1,1,1,CD8 T cell
KDM5A,0.5647225417902646,0.05153939054708956,1,1,1,CD8 T cell
CDH1,0.5648518740027153,-0.015614861706165772,0.083,0.333,1,CD8 T cell
CENPS,0.564926049494733,0.012433650167437804,1,1,1,CD8 T cell
FGFR1OP2,0.5651835969863196,-0.030168330643643992,1,1,1,CD8 T cell
YES1,0.5652237002448642,0.05430466342903317,1,1,1,CD8 T cell
GPR132,0.5653192172548402,0.05137647326498543,1,1,1,CD8 T cell
CAMTA1,0.5654361097359868,-0.02371176334034375,1,1,1,CD8 T cell
RAD54L,0.5654760127622899,-0.006110819504269394,0.917,0.75,1,CD8 T cell
MNDA,0.5656345966926541,-0.07479484067067288,1,1,1,CD8 T cell
SNX22,0.5657223511915104,-0.012499712540615437,0.5,0.667,1,CD8 T cell
SELPLG,0.5658474494715418,-0.0378746455964718,1,1,1,CD8 T cell
ZNF207,0.5658781985232386,-0.01704200706232717,1,1,1,CD8 T cell
MPHOSPH10,0.5658912108407013,-0.05799814597834607,1,1,1,CD8 T cell
PCBD2,0.5661023968023533,0.008308065984676372,0.917,0.833,1,CD8 T cell
VCAN,0.566174573988816,-0.06554862735747458,1,1,1,CD8 T cell
TMEM63A,0.5662218925856669,0.11507777447996936,1,1,1,CD8 T cell
ODAD4,0.5662766483352375,-0.017190542354037053,0.417,0.25,1,CD8 T cell
ATP6V1F,0.566284906183985,-0.02047308638464007,1,1,1,CD8 T cell
GLS2,0.5663086659318077,0.042721188490003836,1,1,1,CD8 T cell
RNF175,0.5663311946933871,0.007873765265610011,0.25,0.417,1,CD8 T cell
SPATA3,0.5665843530363386,-0.017009996055974863,0.25,0.5,1,CD8 T cell
CPS1,0.5665899451276204,0.016028181681519094,0.917,0.75,1,CD8 T cell
NHLH1,0.5666027411793582,0.011160961595904517,0.5,0.333,1,CD8 T cell
CARNS1,0.5666241143042341,-0.09678048676969819,1,1,1,CD8 T cell
SERINC4,0.566737640764635,0.006344744576670447,0.333,0.083,1,CD8 T cell
RMND5B,0.56686889922853,0.0661173744762309,1,1,1,CD8 T cell
DGLUCY,0.5669046062698286,0.061706525816576874,1,1,1,CD8 T cell
TCEAL1,0.5669409778583987,-0.07651608466727255,1,1,1,CD8 T cell
PTPN21,0.5669701075099867,-0.007441378061248116,0.083,0.333,1,CD8 T cell
WDHD1,0.5669839666457004,0.028201884528912036,1,1,1,CD8 T cell
ZCCHC9,0.5670271731633824,3.617858505203797e-4,1,1,1,CD8 T cell
ROCK1,0.5671036539126706,0.03511415765266723,1,1,1,CD8 T cell
PITX1,0.5671588193242695,-0.005156876815627154,0.167,0.333,1,CD8 T cell
CKS2,0.5672235622299275,-0.019308920273717778,1,1,1,CD8 T cell
AGPAT1,0.5672587202558668,0.040807514335033546,1,1,1,CD8 T cell
CUL5,0.5673181570441962,-0.019083743097380243,1,1,1,CD8 T cell
RRAS,0.5673381160475155,-0.06064045771317783,1,1,1,CD8 T cell
EFEMP2,0.5673420705857922,0.02585567274406575,1,1,1,CD8 T cell
OGFOD3,0.5674485421892379,-0.024853239324688747,1,1,1,CD8 T cell
THSD8,0.5676135772952724,0.00614904991031251,0.583,0.583,1,CD8 T cell
ADAM30,0.5676306276128198,0.00820513389558064,0.25,0.083,1,CD8 T cell
NRBP1,0.5676918487806931,-0.023982702948198265,1,1,1,CD8 T cell
LTO1,0.5676935122348494,0.06110980846214198,1,1,1,CD8 T cell
ALKBH7,0.5677745545284321,0.007502094358963207,1,1,1,CD8 T cell
MYL6,0.5677970175534952,-0.021837404309660524,1,1,1,CD8 T cell
SHMT1,0.5678201786345989,0.07378793073770251,1,1,1,CD8 T cell
CPED1,0.5678473040514984,0.02614961446584818,0.75,0.667,1,CD8 T cell
MGAT2,0.5680408991402586,0.05261189778755765,1,1,1,CD8 T cell
ST8SIA5,0.5680874715469196,0.01088561223479223,0.5,0.417,1,CD8 T cell
CD59,0.5681286802810237,-0.05927666918974506,1,1,1,CD8 T cell
XYLT2,0.5681362283332754,-0.0566798411194509,1,1,1,CD8 T cell
TTYH2,0.5682622476161971,-0.05423563354432215,1,1,1,CD8 T cell
OSGIN1,0.5683004640078685,-0.011674820963051502,0.917,0.833,1,CD8 T cell
STRBP,0.568399634036886,-0.07420965511092281,1,1,1,CD8 T cell
DAGLA,0.568414378340345,-0.012074834289627301,0.75,0.75,1,CD8 T cell
CEP250,0.5684392459297657,0.047875183872007954,1,1,1,CD8 T cell
DUSP23,0.5687974119797234,0.039431179934033,1,1,1,CD8 T cell
TICAM1,0.5688340412742459,-0.06352234268494694,1,1,1,CD8 T cell
SUMF2,0.5688573441093299,-0.02208784069651426,1,1,1,CD8 T cell
SPRED1,0.5689613206355681,-0.020822825670605116,1,1,1,CD8 T cell
TMEM187,0.5689629830826932,0.058413660065766315,1,1,1,CD8 T cell
MOSPD3,0.569085314905502,0.005004960354236365,1,1,1,CD8 T cell
SEC14L1,0.5692588049139633,-0.03315390704090371,1,1,1,CD8 T cell
MTG1,0.5692721540356511,-0.023027780790572744,1,1,1,CD8 T cell
ZNF563,0.5693191410192153,-0.06596723723143816,1,1,1,CD8 T cell
PDLIM5,0.5693547432556726,-0.07061713483856646,1,1,1,CD8 T cell
VPS26C,0.5693783636279497,0.0428457286269443,1,1,1,CD8 T cell
ZNF783,0.5694297844863168,0.028881401520266303,1,1,1,CD8 T cell
AKT2,0.5695259583185444,-0.014148945901987592,1,1,1,CD8 T cell
NSUN4,0.5696568118047101,0.03127310280520201,1,1,1,CD8 T cell
NDUFB8,0.5697208411510418,-0.004431499774346426,1,1,1,CD8 T cell
HPCAL4,0.5697346484706637,-0.009924683802610357,0.917,1,1,CD8 T cell
FITM1,0.5698045348608899,0.031234526446933586,1,1,1,CD8 T cell
TMEM131L,0.5698583721937904,0.0730098900735694,1,1,1,CD8 T cell
DNAJC12,0.5699563849010715,0.01661630652914603,0.833,0.667,1,CD8 T cell
FTSJ3,0.5699697286565008,0.03094059273830929,1,1,1,CD8 T cell
ZNF141,0.5701514701853163,0.10924148916715914,1,1,1,CD8 T cell
KYAT1,0.5702729375773703,-0.028361183966472137,1,1,1,CD8 T cell
MTFR1L,0.5703406835005065,-0.048105711939921414,1,1,1,CD8 T cell
ASB5,0.5703417745846272,0.005692627887197599,0.25,0,1,CD8 T cell
PPARG,0.5703522141172226,-0.016054524384869318,0.333,0.5,1,CD8 T cell
BDP1,0.5704456676782257,-0.025782983468772502,1,1,1,CD8 T cell
DCAF1,0.5705331680155791,0.015396680070050572,1,1,1,CD8 T cell
POLR1A,0.5705602419265933,0.03195613837538913,1,1,1,CD8 T cell
C1orf174,0.5706106132976374,0.04279722864852017,1,1,1,CD8 T cell
KAT6B,0.57071168086131,-0.03359046058956927,1,1,1,CD8 T cell
ZNF35,0.5709458602659815,0.037228328847299874,1,1,1,CD8 T cell
LYL1,0.5710182729776134,0.0565456088481735,1,0.917,1,CD8 T cell
RNPEP,0.5711906596491289,0.042085584367786644,1,1,1,CD8 T cell
DDX60,0.5712112383655367,-0.04410838157734677,1,1,1,CD8 T cell
TRIQK,0.5712678869558442,-0.02936817223452337,1,0.917,1,CD8 T cell
VASN,0.5712930981081289,-0.014532840787177204,0.333,0.5,1,CD8 T cell
ATP2A3,0.5714528229391582,0.03242317778368964,1,1,1,CD8 T cell
JMY,0.5714857568636033,-0.02833758487947191,1,1,1,CD8 T cell
TCF7L2,0.5715202694562571,-0.04405700043941696,1,1,1,CD8 T cell
MAFF,0.5715204340263786,-0.04290275043223302,1,1,1,CD8 T cell
ENKUR,0.5716152136397217,-0.008795735965740015,0.667,0.667,1,CD8 T cell
CNOT11,0.5717553592091573,0.005328118972293683,1,1,1,CD8 T cell
ZNF8,0.571755886698921,-0.00884742577553621,1,1,1,CD8 T cell
IL1R2,0.5719138128253585,0.037011364258844104,0.417,0.333,1,CD8 T cell
BLVRA,0.5719663101957654,-0.03548569935155599,1,1,1,CD8 T cell
TMCC1,0.5719745006320167,0.09597448013279353,1,1,1,CD8 T cell
UCHL3,0.5719869382675505,-0.03910655531271423,1,1,1,CD8 T cell
CEP170,0.5719987611616347,0.05413448072554328,1,1,1,CD8 T cell
CCNA1,0.5721050053436871,1.700284894470272e-4,0.083,0.25,1,CD8 T cell
NAE1,0.5721485883713835,0.030085192666589867,1,1,1,CD8 T cell
ZNF442,0.5721651341337446,-0.03545687733293157,1,0.917,1,CD8 T cell
CEP97,0.5721877249246193,-0.005087421033521444,1,1,1,CD8 T cell
USP47,0.5722166946853284,-0.03435245814608843,1,1,1,CD8 T cell
LYPD3,0.5722329578923285,0.0410580198593169,0.917,0.833,1,CD8 T cell
SFT2D3,0.5722778282387091,0.018980291440146457,1,1,1,CD8 T cell
RRP9,0.5722878652866985,0.0744901251274912,1,1,1,CD8 T cell
TMEM177,0.5723698379846264,0.08752103219550111,1,1,1,CD8 T cell
LBR,0.572409573781536,0.04398341762283842,1,1,1,CD8 T cell
CLDN12,0.572479007901514,0.023990928135503076,1,1,1,CD8 T cell
NME9,0.5725015218772537,0.006016574838175082,0.417,0.583,1,CD8 T cell
MEIS3,0.5725245601656047,0.005538944633932452,0.25,0.167,1,CD8 T cell
GNRH1,0.5725317999143216,-0.0782769373016845,1,1,1,CD8 T cell
TNFRSF21,0.5726145806984089,0.011855507474964,0.333,0.417,1,CD8 T cell
WDR53,0.5726306908759087,-0.006514361242469846,1,1,1,CD8 T cell
OR56A5,0.5727233871959279,0.006106361835747975,0.25,0.083,1,CD8 T cell
HARBI1,0.5727328511316152,0.02506776128742061,1,1,1,CD8 T cell
SPTBN4,0.5727458293859944,-0.00467317422173652,0.583,0.5,1,CD8 T cell
CCR9,0.5728286242000017,-0.0350479166383324,0.417,0.333,1,CD8 T cell
GFM1,0.5729256903556978,0.025212060162516037,1,1,1,CD8 T cell
TEAD2,0.5729514353483457,0.03151741809155961,0.333,0.25,1,CD8 T cell
NKIRAS2,0.5730798568150102,-0.002565430162424942,1,1,1,CD8 T cell
CCS,0.5731678984182746,0.052514951894189976,1,1,1,CD8 T cell
SLC23A3,0.5732229161156072,0.012147321382935061,0.917,0.917,1,CD8 T cell
UNC119B,0.5732613797762574,0.04793040242184288,1,1,1,CD8 T cell
YY1AP1,0.5733962954164837,-0.003122557713345131,1,1,1,CD8 T cell
SRSF3,0.5735293069986401,0.04169089325794917,1,1,1,CD8 T cell
PBX3,0.5737131244325052,-0.03172820561928935,1,1,1,CD8 T cell
ENSG00000268655,0.5737194527520231,0.008014111036670268,0.583,0.417,1,CD8 T cell
PTCH1,0.5737246251219101,0.06301353084369865,1,1,1,CD8 T cell
C2CD6,0.5738034877627425,0.010510643669660258,0.25,0.25,1,CD8 T cell
SLC46A2,0.5738047929953946,0.0320612007051726,0.75,0.75,1,CD8 T cell
MAMDC2,0.573808197361609,0.0014568963037548954,0.25,0.25,1,CD8 T cell
NELFE,0.5738565640879459,0.02538597575485335,1,1,1,CD8 T cell
TMCO2,0.5738627328670161,-0.013534283327939711,0.5,0.667,1,CD8 T cell
RNF141,0.5738893552262723,0.040096895334818417,1,1,1,CD8 T cell
C4orf51,0.5738971726152335,-0.004959261879714294,0.333,0.417,1,CD8 T cell
ESR1,0.5739172833718087,0.05147380797862233,0.917,0.833,1,CD8 T cell
SART1,0.5739350503707503,0.028517555996841776,1,1,1,CD8 T cell
CEP57L1,0.57393618009645,-0.06754570584814212,1,1,1,CD8 T cell
TUBB1,0.573946113217229,0.011187133056404619,0.917,1,1,CD8 T cell
RASAL2,0.5739572153123368,-0.007858441359406942,0.167,0.417,1,CD8 T cell
POLR3GL,0.5739584351481224,-0.006629604424587848,1,1,1,CD8 T cell
OCIAD2,0.5740362273700466,0.03594666943646954,1,1,1,CD8 T cell
PNKD,0.5741080984098126,0.056190043662903366,1,1,1,CD8 T cell
RRAGC,0.5741445548885727,-0.04650531960766746,1,1,1,CD8 T cell
HSPA4L,0.5742607665755497,-0.006911927853414657,0,0.25,1,CD8 T cell
LRBA,0.5743401779601147,-0.017590535415755504,1,1,1,CD8 T cell
COMTD1,0.5745995530036516,-0.05020689782619692,1,1,1,CD8 T cell
SCYL1,0.5746564129879198,0.03914631141813296,1,1,1,CD8 T cell
ZNF548,0.5746771063527675,0.040620728406238094,1,1,1,CD8 T cell
IL21R,0.574717864218815,0.06496355157804665,1,1,1,CD8 T cell
NIPAL1,0.5748151539442758,0.03263863008771617,0.417,0.333,1,CD8 T cell
DDHD1,0.5749090682379789,-0.02215369490150998,1,1,1,CD8 T cell
GNL3,0.5749312698881235,-0.04952757782109449,1,1,1,CD8 T cell
PHKG2,0.5750045198186837,0.03776579927042378,1,1,1,CD8 T cell
TANGO6,0.5751056570222763,-0.03125886649910975,1,1,1,CD8 T cell
PDRG1,0.5751368148156282,-0.02798101434211464,1,1,1,CD8 T cell
CCNB1,0.5751736645017325,-0.01927889338002098,1,1,1,CD8 T cell
ZNF584,0.5751854305025532,-0.05260860654110644,1,1,1,CD8 T cell
TIMM10B,0.575217214272979,-0.03196018506894957,1,1,1,CD8 T cell
ERMN,0.5752538086541573,0.0652405666012017,1,1,1,CD8 T cell
CPAMD8,0.5753211866225507,0.021117595153518298,0.5,0.5,1,CD8 T cell
CEACAM3,0.5753305125862298,0.010311985004271218,0.583,0.25,1,CD8 T cell
ZNHIT6,0.5753339121893097,0.04858300298366816,1,1,1,CD8 T cell
UBE2E2,0.5753977712957128,-0.04176168414490311,0.917,1,1,CD8 T cell
CCDC13,0.5755054281680911,0.0020175501510069083,1,1,1,CD8 T cell
EEF1AKMT1,0.5756160058480779,0.02405765127345827,1,1,1,CD8 T cell
PIN4,0.5757333881467628,0.02316155189208624,1,1,1,CD8 T cell
SSR3,0.5757880782355391,-0.03434103304794223,1,1,1,CD8 T cell
B4GALT3,0.5758945461456559,0.05739032034996116,1,1,1,CD8 T cell
SERHL2,0.5759172054044015,0.00499572747867294,0.5,0.417,1,CD8 T cell
PLXNA4,0.5760366067547817,0.04489671011621077,0.833,0.75,1,CD8 T cell
SMARCC2,0.5760878929815905,0.03808751838810444,1,1,1,CD8 T cell
GBF1,0.5762222732192399,-0.005128556506200421,1,1,1,CD8 T cell
HDLBP,0.5762312324476953,-0.021680054377463787,1,1,1,CD8 T cell
CACUL1,0.5762328264887622,0.012079976864423303,1,1,1,CD8 T cell
ZNF444,0.5763894819493911,0.04522546547905337,1,1,1,CD8 T cell
ABLIM3,0.5764042956960151,-0.013841436765485327,0.417,0.583,1,CD8 T cell
IFITM3,0.5764341275061863,0.11263542473390986,1,0.917,1,CD8 T cell
EXOSC6,0.5766376239116213,-0.04439307238575585,1,1,1,CD8 T cell
ATXN2L,0.576700079593436,-0.0332665896407946,1,1,1,CD8 T cell
MARK2,0.5768077581548974,0.03498814511585946,1,1,1,CD8 T cell
KLF8,0.5768249818260265,0.04710912848818971,1,1,1,CD8 T cell
VPS45,0.5768293547772815,0.031569935545373407,1,1,1,CD8 T cell
TBC1D14,0.5768925020001512,0.044249318415329586,1,1,1,CD8 T cell
SLC12A6,0.5769403554425647,0.077886348713889,1,1,1,CD8 T cell
SPIN2B,0.5769529659986621,-0.04250522471138929,1,1,1,CD8 T cell
COL25A1,0.5769852913945994,0.03559602706959808,0.25,0.25,1,CD8 T cell
PDIA3,0.5771784528174961,-0.033128736112958634,1,1,1,CD8 T cell
UBE2G2,0.5772105099409024,-0.03511800051396985,1,1,1,CD8 T cell
BATF2,0.5772474893860802,0.009733639304540631,0.25,0,1,CD8 T cell
BBS7,0.5772994248756727,-0.056458882856411874,1,1,1,CD8 T cell
NCOR2,0.5773254965059316,-0.019585907707651007,1,1,1,CD8 T cell
ZNF33B,0.5773809672349896,0.043253145714054364,1,1,1,CD8 T cell
KIAA0040,0.5774324019912287,-0.0381054137896526,1,1,1,CD8 T cell
FBXO9,0.5776672796135991,-0.01623602770843474,1,1,1,CD8 T cell
RPF1,0.5776819273317133,0.007425901781771577,1,1,1,CD8 T cell
MYADM,0.5777673763145559,-0.03131901239445513,1,1,1,CD8 T cell
ZNF219,0.5777831434534395,0.059725803238441344,1,1,1,CD8 T cell
AMN1,0.5781794513242849,0.05688269977106741,1,1,1,CD8 T cell
FAM124A,0.5782149570241624,0.008775466178366553,0.25,0,1,CD8 T cell
FBXO39,0.5782860943537997,0.022109668616461242,0.833,0.917,1,CD8 T cell
SH2D2A,0.578445694774272,-0.062185227569608426,1,1,1,CD8 T cell
C1orf43,0.5784566796319217,-0.019484497468408524,1,1,1,CD8 T cell
APOL4,0.5784613760236677,0.006449249050096473,0.333,0.167,1,CD8 T cell
ADAMTS17,0.5784616924134107,-0.06631249855118959,1,1,1,CD8 T cell
MIGA2,0.5784650028899443,0.04948189219626131,1,1,1,CD8 T cell
DNAJC18,0.578575268886584,0.014811871641442043,1,1,1,CD8 T cell
TOB1,0.5785858891645729,-0.05773452619267472,1,1,1,CD8 T cell
MPV17L,0.5786354989629523,0.084589829808281,1,1,1,CD8 T cell
PRR12,0.5786413609682477,-0.0223645647506385,1,1,1,CD8 T cell
AMMECR1,0.5786951422792377,0.00106952152842954,1,1,1,CD8 T cell
STX7,0.5788321195428894,-0.045758197694051705,1,1,1,CD8 T cell
B9D2,0.5789935783861315,-0.001978456992687283,1,1,1,CD8 T cell
PDZD8,0.579053718603068,-0.013681257777604594,1,1,1,CD8 T cell
BANP,0.5790856062574092,-0.07219074925686808,1,1,1,CD8 T cell
COQ5,0.5791728964647214,0.04953430167567241,1,1,1,CD8 T cell
PPP6C,0.5792210244494052,-0.02162388590222064,1,1,1,CD8 T cell
ALB,0.5794273369622878,-0.021841354532847745,0.333,0.417,1,CD8 T cell
RPN2,0.5794795873386642,-0.035750050427136526,1,1,1,CD8 T cell
TMEM81,0.5795091750335459,0.006852922719855492,1,1,1,CD8 T cell
NOXA1,0.5796081286235483,0.06144745236582505,1,0.917,1,CD8 T cell
METTL1,0.5796291570652007,-0.046461964764978436,1,1,1,CD8 T cell
KRTAP19-8,0.5796404790565163,-0.007889004808542932,0.25,0.333,1,CD8 T cell
PFKP,0.5797469772931403,-0.05426554112363202,1,1,1,CD8 T cell
DNAJC2,0.579796363327463,0.04058000583480387,1,1,1,CD8 T cell
BST2,0.5798498010611397,-0.01954085201920175,1,1,1,CD8 T cell
DPF3,0.579857463890117,0.014721228272736475,0.917,1,1,CD8 T cell
TSSK3,0.5798883400699515,0.028923179722204928,0.833,0.833,1,CD8 T cell
GPR161,0.5800159520744675,0.015889169285260074,0.583,0.583,1,CD8 T cell
RFX8,0.5800504875929903,0.003960216364766733,0.333,0.25,1,CD8 T cell
PODXL,0.5800734250819133,-0.06616028483047343,1,1,1,CD8 T cell
KLF1,0.5801453468054782,-0.008911615729155997,0.167,0.333,1,CD8 T cell
R3HCC1,0.5802345033972207,-0.0340763067642319,1,1,1,CD8 T cell
ZSCAN9,0.5802801877136894,0.0818822003918378,1,1,1,CD8 T cell
TUBGCP3,0.5804571254511786,0.07328779533376362,1,1,1,CD8 T cell
PLA2G6,0.5806515613532676,0.04439357980110503,1,1,1,CD8 T cell
POLR3F,0.5806704359038097,-0.029297321630902706,1,1,1,CD8 T cell
AMACR,0.5807122485759664,0.01541012159371924,1,1,1,CD8 T cell
CALCOCO1,0.5807929954164577,-0.024517205589818236,1,1,1,CD8 T cell
CAMSAP1,0.5808399123067182,-0.017023582118231184,1,1,1,CD8 T cell
TIA1,0.5808407881206388,0.046897854255669946,1,1,1,CD8 T cell
RSBN1L,0.5808408744600764,0.028377899280725427,1,1,1,CD8 T cell
ZNF852,0.5808446324819241,0.02901846776663275,1,1,1,CD8 T cell
IMMP2L,0.5808565883820489,-0.06343471981532518,1,1,1,CD8 T cell
AP4S1,0.5808573879785937,0.049208094899962695,1,1,1,CD8 T cell
GSPT2,0.5809010066018854,0.06593225643040479,1,1,1,CD8 T cell
RBBP5,0.5809078264607814,0.017824306057278916,1,1,1,CD8 T cell
SVBP,0.5809885738194833,0.015858128420566775,1,1,1,CD8 T cell
UBA7,0.5810199728912101,0.06009240986773623,1,1,1,CD8 T cell
EIF3H,0.5810891752881573,0.043389857710020796,1,1,1,CD8 T cell
POTEM,0.5811379489749706,0.009009004937237997,0.583,0.333,1,CD8 T cell
DLG3,0.5812217028911009,1.1513140323227145e-4,1,1,1,CD8 T cell
RAPGEF5,0.5812383979512208,7.353091826680647e-4,0.333,0.083,1,CD8 T cell
TXNDC9,0.5812520418859127,0.04154742371344178,1,1,1,CD8 T cell
INPP1,0.5812718791729845,0.09353804347309524,1,1,1,CD8 T cell
BAZ1A,0.5813167663472124,-0.02518948801185905,1,1,1,CD8 T cell
MORN4,0.5816020878765632,0.012197392728823697,1,1,1,CD8 T cell
IL1RN,0.5817695564012009,-0.007641436385749323,0.833,0.833,1,CD8 T cell
SLC26A5,0.5817765676752155,-0.001422350941830075,0.833,0.75,1,CD8 T cell
KCNK5,0.5818405199990959,0.07442000551177896,1,1,1,CD8 T cell
CARM1,0.5818426893487945,0.02577405454210213,1,1,1,CD8 T cell
IRF2BP2,0.5818736589144295,-0.027898032604664724,1,1,1,CD8 T cell
VCP,0.5818852463032609,0.058405720486293555,1,1,1,CD8 T cell
FERMT1,0.5820142555119185,0.003723786774902038,0.333,0.25,1,CD8 T cell
CCDC6,0.5824486790737138,-0.028719880058928976,1,1,1,CD8 T cell
ATP6V1C2,0.5824978093873459,0.004952075602497441,0.25,0.25,1,CD8 T cell
TLCD2,0.5825241160984719,0.06784534794024877,1,0.917,1,CD8 T cell
PARL,0.58260491388136,0.04374898117804743,1,1,1,CD8 T cell
LRATD2,0.5827371834521837,0.12251095872768403,1,1,1,CD8 T cell
DHX40,0.582756405101239,-0.01410926392583961,1,1,1,CD8 T cell
PWWP3A,0.5828107022900992,-0.04429472204656271,1,1,1,CD8 T cell
RNF151,0.5828748007036457,-0.003315211250562111,0.417,0.5,1,CD8 T cell
MSH2,0.5829100606452083,-0.04065854262769264,1,1,1,CD8 T cell
ENSG00000285938,0.5829107073190218,0.009024210021667756,0.25,0.25,1,CD8 T cell
RAB28,0.5829890353780843,0.0982316482012453,1,1,1,CD8 T cell
SPNS3,0.5829919443932678,0.03668693770504827,1,0.917,1,CD8 T cell
NFATC2IP,0.5829942179040004,-0.02720063551602725,1,1,1,CD8 T cell
PKDREJ,0.5830228692730849,-0.022349608682175504,0.25,0.417,1,CD8 T cell
MRGPRX2,0.5830264735638975,0.014792122787202544,0.667,0.5,1,CD8 T cell
SMIM10L1,0.5831533897604557,-0.028522173481851265,1,1,1,CD8 T cell
GPR183,0.5831536347999955,0.1673313060358239,1,1,1,CD8 T cell
RAB23,0.5833303014046602,-0.053796439405816354,1,1,1,CD8 T cell
DPH6,0.583345970737911,0.029769227055195358,1,1,1,CD8 T cell
MGST3,0.5833503884253962,0.06078170889530604,1,1,1,CD8 T cell
CYP4F12,0.5833514627643279,-0.017758341623055784,0.333,0.583,1,CD8 T cell
PKIG,0.5835404426147452,0.007162815499549335,0.667,0.667,1,CD8 T cell
NTN1,0.5835607612822538,0.008058241766293772,0.25,0.083,1,CD8 T cell
ARHGAP9,0.5836245417611319,0.04498200182835088,1,1,1,CD8 T cell
FHL3,0.5836546267807079,0.14525540146083027,1,1,1,CD8 T cell
HRH4,0.5836757659432639,-0.02735836296266969,0.417,0.667,1,CD8 T cell
UNC45B,0.583691920460403,0.031607194304667185,0.917,0.917,1,CD8 T cell
EGR3,0.5836951706921816,0.015090068421663272,0.917,0.917,1,CD8 T cell
PMF1,0.5837169271897127,-0.0329995647894334,1,1,1,CD8 T cell
AKT1S1,0.5837350831686665,0.04058209497554488,1,1,1,CD8 T cell
UBQLN2,0.5837990952263429,-0.026894937277678443,1,1,1,CD8 T cell
GDE1,0.5839157047951857,-0.034561182718132355,1,1,1,CD8 T cell
ELK3,0.5839604714102558,-0.03953768824052584,1,1,1,CD8 T cell
DYRK1A,0.5840267540968762,-0.013579496713916006,1,1,1,CD8 T cell
SCN8A,0.5840595046670045,-0.04385659079215953,1,1,1,CD8 T cell
TMX1,0.5840615314609211,-0.05262543834288674,1,1,1,CD8 T cell
TAF5,0.584118520508266,-0.016476435549811486,1,1,1,CD8 T cell
TAMM41,0.5841395433112828,0.008413096770016892,1,1,1,CD8 T cell
ZNF544,0.5842112500689076,0.05734288351924144,1,1,1,CD8 T cell
DNAJC4,0.5843651580320697,0.02053775313838535,1,1,1,CD8 T cell
PDZD11,0.584408500754652,-0.036275655320465505,1,1,1,CD8 T cell
ZCCHC17,0.5844464153406865,-0.024649041173720576,1,1,1,CD8 T cell
ERC1,0.5844914995735295,0.04903195822858053,1,1,1,CD8 T cell
ZNF630,0.5847663879330675,-0.09246496540436944,1,1,1,CD8 T cell
POGK,0.5848526479969844,-0.04157568055869318,1,1,1,CD8 T cell
PLCD3,0.584905796494664,0.0045520048558036486,0.917,0.917,1,CD8 T cell
RNF24,0.5849217821392572,0.06782414817057036,1,1,1,CD8 T cell
SAT2,0.584966752957008,-0.028866307858828488,1,1,1,CD8 T cell
CHAF1B,0.5849769864158109,-0.02357934521813565,1,1,1,CD8 T cell
USP21,0.5851524715495895,0.021345937587881947,1,1,1,CD8 T cell
MANEA,0.5852162504115996,0.04051780335843003,1,1,1,CD8 T cell
NAPB,0.5853142309405326,-0.041918208195266926,1,1,1,CD8 T cell
CLEC11A,0.5853637399581708,-0.04337149887364555,0.917,1,1,CD8 T cell
TUBB3,0.5853986206554553,0.004214581299025966,0.25,0.5,1,CD8 T cell
B3GAT1,0.5855265215606945,-0.1410576405295847,1,1,1,CD8 T cell
HAL,0.585685599311769,0.058292560095478674,1,0.917,1,CD8 T cell
DUS2,0.5857299039705266,0.06104294923538056,1,1,1,CD8 T cell
CFAP97,0.5857407657212295,-0.049654399528646254,1,1,1,CD8 T cell
H4C3,0.5857706338112711,-0.05085588869860869,1,1,1,CD8 T cell
TOR2A,0.5858226250460439,0.02533759480358544,1,1,1,CD8 T cell
EPPK1,0.5858363736315801,0.03398733389887898,0.917,1,1,CD8 T cell
CCR2,0.5858743081726457,0.2240383259777441,1,1,1,CD8 T cell
ZNF823,0.5858816025768459,0.04937294174487361,1,1,1,CD8 T cell
ARMC5,0.5859805555027797,0.008588714798209551,1,0.917,1,CD8 T cell
KLF13,0.5860058437044985,0.03506012620167209,1,1,1,CD8 T cell
DCTN4,0.5861082444840657,-0.023403407775184237,1,1,1,CD8 T cell
TSFM,0.5861257022667692,0.022185422389640386,1,1,1,CD8 T cell
MICOS10,0.5861458210318911,0.0338131451691637,1,1,1,CD8 T cell
ADARB1,0.5861702556990867,0.08619920151859639,1,1,1,CD8 T cell
RUVBL1,0.5862049659657966,0.05680211224468448,1,1,1,CD8 T cell
PPP1R7,0.5862708933089829,0.040587015792529324,1,1,1,CD8 T cell
IST1,0.5862812542848503,-0.027869997211963482,1,1,1,CD8 T cell
CCSER2,0.5863228880533563,-0.0329346738425782,1,1,1,CD8 T cell
LYPD2,0.5863997499296528,-0.0036986023109517596,0.583,0.583,1,CD8 T cell
ZNF695,0.586495551877657,-0.007115850316210537,0.167,0.5,1,CD8 T cell
ANKRD33B,0.5865332084425452,0.07569876938213627,1,1,1,CD8 T cell
DND1,0.5867142305745028,0.003153092135448343,0.833,1,1,CD8 T cell
TTYH3,0.5867462298753914,0.10255802340094045,1,1,1,CD8 T cell
KIAA1549L,0.5867596794331111,0.005358978085939992,0.25,0,1,CD8 T cell
MT-ND4,0.5869344720941894,-0.05141745222964467,1,1,1,CD8 T cell
PIK3CA,0.5869541782524369,0.01752835571482081,1,1,1,CD8 T cell
CLEC18A,0.5870596955607997,0.033530447257767104,0.75,0.833,1,CD8 T cell
GSDMD,0.5870743724249108,-0.018545922851268326,1,1,1,CD8 T cell
ZGPAT,0.5871402018058984,0.03861097043531675,1,1,1,CD8 T cell
PAQR7,0.5871566284218213,0.0728397135850769,1,1,1,CD8 T cell
CYP20A1,0.58720344668479,-0.03659046791043473,1,1,1,CD8 T cell
GPR61,0.5872383382190964,-0.018756936518040668,0.25,0.333,1,CD8 T cell
DIO2,0.5872614481241318,0.007379313048580194,0.167,0.083,1,CD8 T cell
DSN1,0.5873830198093961,-0.005710175117530136,1,1,1,CD8 T cell
SPATA22,0.5874213871739751,-0.02199703633461203,0.583,0.667,1,CD8 T cell
NFKBIB,0.5874363345773015,-0.027922237667845184,1,1,1,CD8 T cell
CHMP4B,0.5874581368180256,-0.022751696383475628,1,1,1,CD8 T cell
PCK2,0.5874755105602651,0.04835122308694206,1,1,1,CD8 T cell
USP45,0.5876129521153954,-0.04862447457637875,1,1,1,CD8 T cell
ELP4,0.5876439477435786,0.0680132035099692,1,1,1,CD8 T cell
RBM28,0.5877849490380622,-0.04711327587364261,1,1,1,CD8 T cell
VILL,0.587836413254708,0.07162147228063098,1,1,1,CD8 T cell
POLR2G,0.5880201857197855,0.03656597335641332,1,1,1,CD8 T cell
PRKAR1B,0.5880597144492897,0.05492623980355704,1,1,1,CD8 T cell
BCL2L1,0.5882425091242969,0.054428619828082114,1,1,1,CD8 T cell
CFB,0.5882682227798093,-0.008585777481320722,0.25,0.25,1,CD8 T cell
ARRDC3,0.5882971512688417,-0.042928394462843134,1,1,1,CD8 T cell
SLC35E1,0.5883192311458569,-0.039458447291091714,1,1,1,CD8 T cell
KLRC3,0.5884221373145669,-0.19142435624419854,1,1,1,CD8 T cell
TMEM63C,0.5884222303457746,-0.13629219863238484,0.917,1,1,CD8 T cell
PHLDA3,0.5884434463514778,-0.020132085687371237,0.75,0.75,1,CD8 T cell
VIRMA,0.5884790911362653,0.018012539618389972,1,1,1,CD8 T cell
TMEM64,0.5885583556025822,-0.05341927712312963,1,1,1,CD8 T cell
KIFC1,0.5885730404117007,-0.005765310211045538,1,0.917,1,CD8 T cell
DNTTIP2,0.5886191438116959,-0.03095040187849052,1,1,1,CD8 T cell
CPNE3,0.5886316595844867,0.02409613733609295,1,1,1,CD8 T cell
WIPF1,0.5888189397414079,-0.011644786569385612,1,1,1,CD8 T cell
MPIG6B,0.5890095497647421,0.023738067764988102,0.917,0.833,1,CD8 T cell
CYP21A2,0.5890645114043582,-0.010320700674962602,0.917,0.917,1,CD8 T cell
AP1G2,0.589085069706663,0.04953895208901016,1,1,1,CD8 T cell
ITPKA,0.5890922919876355,-1.8876674694023876e-5,0.417,0.25,1,CD8 T cell
ATXN7L3,0.589250348951396,0.04101819942488438,1,1,1,CD8 T cell
KCNH3,0.5892597529759442,-0.06369094528876529,1,1,1,CD8 T cell
CMIP,0.5893811333672212,0.044934674194677005,1,1,1,CD8 T cell
TMEM168,0.5894082473146203,0.02019132518236849,1,1,1,CD8 T cell
ARG2,0.5895456952226055,0.001694863164359628,0.583,0.583,1,CD8 T cell
SLC8A1,0.5895566557165115,0.009775732274527993,0.917,0.917,1,CD8 T cell
TBL1X,0.5897056742522718,0.06556476368235109,1,1,1,CD8 T cell
TERF2,0.5900226184392141,0.04215330060831046,1,1,1,CD8 T cell
CHPF2,0.5900487433449667,-0.02025332794177448,1,1,1,CD8 T cell
FOXK1,0.5900550416342237,-0.033460664869944146,1,1,1,CD8 T cell
IKBKG,0.5901001663642247,0.05354551517188577,1,1,1,CD8 T cell
EMC3,0.5901725014961263,0.0345877032174145,1,1,1,CD8 T cell
HES1,0.5903060850561933,0.0024906500444190627,0.167,0.417,1,CD8 T cell
EIF4EBP1,0.5903520020150421,0.033941951213844135,1,1,1,CD8 T cell
SMAD4,0.5903705607026709,0.0337865129608583,1,1,1,CD8 T cell
INTS12,0.5903745026265128,0.05715423554276322,1,1,1,CD8 T cell
TRIP12,0.5904159832340081,0.028067481845036824,1,1,1,CD8 T cell
PRMT6,0.5904597876982962,0.053602275920870524,1,1,1,CD8 T cell
LRRIQ3,0.5905177755148865,0.00944418974899719,1,1,1,CD8 T cell
THBS3,0.5905521033791629,0.025560118777174345,1,1,1,CD8 T cell
PNPO,0.5907082992597816,0.05274248280593574,1,1,1,CD8 T cell
PPP1R3D,0.5907293243582545,0.028902822262359296,1,1,1,CD8 T cell
RAB43,0.5907570340717799,0.019861906735886503,1,1,1,CD8 T cell
FBXW4,0.590761439897189,-0.03551587604881373,1,1,1,CD8 T cell
PLPBP,0.5908346457948821,0.04783545206675911,1,1,1,CD8 T cell
UAP1L1,0.5909853078292674,-0.03764070687693932,1,1,1,CD8 T cell
PANK1,0.5910083898176286,-0.013256631481277203,1,1,1,CD8 T cell
COQ8A,0.5910337622134885,-0.023647806383273573,1,1,1,CD8 T cell
XYLT1,0.5911262477709265,-0.02899661474614801,1,1,1,CD8 T cell
IFT43,0.5911741439384559,0.09101887527006136,1,1,1,CD8 T cell
DENND5A,0.5913993133845147,0.09332206346290528,1,1,1,CD8 T cell
ARRB1,0.5914411969337394,-0.09736134850871092,1,1,1,CD8 T cell
CANT1,0.5914524135439142,0.06188319463591618,1,1,1,CD8 T cell
ACY3,0.5914886196051204,-0.003472742603533696,0.833,0.583,1,CD8 T cell
NDST2,0.591636301703292,0.005229254475313194,1,1,1,CD8 T cell
NDUFB3,0.5917631815453983,0.042000921653491896,1,1,1,CD8 T cell
MNX1,0.5917649218200038,0.005623871354005772,0.333,0.083,1,CD8 T cell
RCOR2,0.5917710210331069,0.004206071541579703,0.417,0.25,1,CD8 T cell
FAM133A,0.5917722476092987,-0.008996553924960793,0.167,0.417,1,CD8 T cell
EVI2B,0.5917806222296589,-0.018175610287679334,1,1,1,CD8 T cell
ACAD10,0.5918769402643145,0.03971786519299614,1,1,1,CD8 T cell
TRADD,0.5918791497793305,-0.030236092205075726,1,1,1,CD8 T cell
TNFSF12,0.5918869604575022,0.04273439452392541,1,1,1,CD8 T cell
MAPKAPK2,0.5919888410454434,-0.03386499550092692,1,1,1,CD8 T cell
TERC,0.5919967176422694,0.06549237385205986,1,1,1,CD8 T cell
ZNF79,0.5920563975505055,-0.009411183280696456,1,1,1,CD8 T cell
MCTP1,0.5920839227729502,-0.016244809425197015,1,1,1,CD8 T cell
ZBP1,0.5920898170936268,0.05457804091390234,1,1,1,CD8 T cell
NKG7,0.5921443311343018,-0.048605799319175524,1,1,1,CD8 T cell
TRAIP,0.5921735124871714,0.002985394766598315,1,1,1,CD8 T cell
ZBTB34,0.592264488945746,0.09511844171103245,1,1,1,CD8 T cell
INIP,0.5923709302804738,0.03612583212426279,1,1,1,CD8 T cell
PROS1,0.5924240333038553,0.005507547145666258,0.417,0.333,1,CD8 T cell
KDM2A,0.5924779719061226,-0.01574714342787087,1,1,1,CD8 T cell
MAP3K7CL,0.5925323239632256,0.04082166332428727,1,1,1,CD8 T cell
CCDC28A,0.592599569960866,0.052768137977539764,1,1,1,CD8 T cell
BLOC1S5,0.5927658298874501,0.05062619604264862,1,1,1,CD8 T cell
ITK,0.5927929053873868,-0.036620815492171,1,1,1,CD8 T cell
MTCL1,0.5929073103500511,-8.10257698305783e-4,0.25,0.417,1,CD8 T cell
C1QA,0.5929426584101936,0.0018678345281428754,0.583,0.667,1,CD8 T cell
TEF,0.5929534466733068,-0.07400348326835404,1,1,1,CD8 T cell
LTB4R2,0.5930165861929955,-0.006358279139709655,0.5,0.667,1,CD8 T cell
UQCC5,0.5930317357585797,0.026620173161942873,1,1,1,CD8 T cell
STYX,0.5930324171885195,-0.03928803479438914,1,1,1,CD8 T cell
EEF2KMT,0.5930459684042113,0.01658485429175416,1,1,1,CD8 T cell
ZNF446,0.59308824881026,-0.0495452275777315,1,1,1,CD8 T cell
DDX55,0.5931868566492244,0.04603888489244157,1,1,1,CD8 T cell
BRD7,0.5931955794323422,-0.03332884293006849,1,1,1,CD8 T cell
MCM2,0.5932286060879723,0.06087430828497431,1,1,1,CD8 T cell
CISH,0.5932519193881901,0.12227004393988916,1,1,1,CD8 T cell
TSC2,0.5932796256021282,0.04857913148285131,1,1,1,CD8 T cell
ST3GAL4,0.5932894539438769,0.03726034056846106,1,1,1,CD8 T cell
USP42,0.5933694972924557,-0.04483406108143595,1,1,1,CD8 T cell
IL1A,0.5934324931665702,0.009402328358101286,0.25,0,1,CD8 T cell
WDR64,0.5935285363965805,-0.01112778728290742,0,0.333,1,CD8 T cell
CLN6,0.5936170070813549,-0.04525415779140762,1,1,1,CD8 T cell
CCDC85B,0.5936709619730096,0.02084877432956711,1,1,1,CD8 T cell
C9orf78,0.5936715501057399,-0.027187403325682036,1,1,1,CD8 T cell
EXOSC9,0.5936815326711236,-0.02457003989204537,1,1,1,CD8 T cell
TNR,0.5936921260536938,-0.004645064811584998,0.083,0.333,1,CD8 T cell
FAM168B,0.5937042154121384,0.053174424613666504,1,1,1,CD8 T cell
DNASE1L3,0.5937462665768967,-0.0045656993406431035,0.167,0.333,1,CD8 T cell
SNX19,0.5938037489091774,-7.291167258603459e-4,1,1,1,CD8 T cell
SLC25A4,0.5938045074704758,0.06068290061420989,1,1,1,CD8 T cell
IL2RB,0.593832924239724,0.04672768594447696,1,1,1,CD8 T cell
AKIRIN1,0.5938711510389623,-0.037872955175632717,1,1,1,CD8 T cell
RAB15,0.5939531954016041,-0.051916735267916625,1,1,1,CD8 T cell
HTT,0.5939660315142279,0.04409551284822599,1,1,1,CD8 T cell
FBXW10,0.5939891036208791,0.008366299818390655,0.25,0,1,CD8 T cell
GTPBP4,0.5941341194196799,-0.030244841377010806,1,1,1,CD8 T cell
FXYD1,0.5942637255264192,0.050989927176973815,1,1,1,CD8 T cell
H2BC21,0.5942690683947515,0.07922466655108093,1,1,1,CD8 T cell
COMMD5,0.5943183780705751,-0.023888456021375015,1,1,1,CD8 T cell
PIP5K1C,0.5943991750865286,-0.035729779839597686,1,1,1,CD8 T cell
CALHM2,0.594492230658983,0.06814911095324161,1,1,1,CD8 T cell
GTPBP3,0.5947729353820836,0.06989574242065877,1,1,1,CD8 T cell
RAMACL,0.5948731666668403,0.015210843025190712,0.583,0.25,1,CD8 T cell
CXCR6,0.5949930236928969,0.213505939962073,1,1,1,CD8 T cell
NFYA,0.5950154029788217,0.05061185299581339,1,1,1,CD8 T cell
LPXN,0.5952603857479896,0.03443276706070564,1,1,1,CD8 T cell
PPBP,0.5953376852409533,0.09299634031489301,1,1,1,CD8 T cell
DYRK2,0.5953699760548927,-0.021848078261390347,1,1,1,CD8 T cell
BBC3,0.5953803674864424,-0.05728425970836737,1,1,1,CD8 T cell
LARP4,0.595507037356573,-0.01936608905858933,1,1,1,CD8 T cell
ANKRD24,0.5955225577875379,0.019017940620415175,0.917,0.917,1,CD8 T cell
SRP9,0.5956572780296623,0.03383642575794843,1,1,1,CD8 T cell
FBXL4,0.5956889543423217,0.05898046900593534,1,1,1,CD8 T cell
CDC25C,0.5957301945723075,0.016429631974062442,0.417,0.333,1,CD8 T cell
SLC30A4,0.5957702991546772,-0.06368498918462717,1,1,1,CD8 T cell
SH2B2,0.5958188192270977,0.057377988612015596,1,0.917,1,CD8 T cell
FASN,0.5958192239204781,-0.04491789523697398,1,1,1,CD8 T cell
AGPAT2,0.5958501504802554,0.041767137253615916,1,1,1,CD8 T cell
XCL2,0.595902209630945,0.06777823586258125,1,1,1,CD8 T cell
IL15,0.596047800112502,0.0833603768376876,1,1,1,CD8 T cell
DDIAS,0.5961192791886427,0.0028780426509280588,1,0.917,1,CD8 T cell
PRPF3,0.5961931641634697,-0.024425671233560653,1,1,1,CD8 T cell
KHDRBS2,0.5961942612623204,-0.016795702205851804,0.25,0.583,1,CD8 T cell
EIF4B,0.596198343373225,-0.024204988745553546,1,1,1,CD8 T cell
RTN2,0.5961998455878508,0.05105259327269662,1,1,1,CD8 T cell
ZNF649,0.5962113635010693,0.05728554985546941,1,1,1,CD8 T cell
CEBPG,0.5963076717045322,-0.03950863267935441,1,1,1,CD8 T cell
IMPA2,0.5963801530932178,0.03005723973040908,1,1,1,CD8 T cell
RASGRP1,0.5963961764567585,-0.024409587410994416,1,1,1,CD8 T cell
FAM174A,0.5964914818768489,0.0788950415785461,1,1,1,CD8 T cell
TMEM230,0.596514991464933,-0.03831294301588284,1,1,1,CD8 T cell
RNF19B,0.5965527739507275,-0.03696891634696731,1,1,1,CD8 T cell
APOBEC3G,0.5965817091655188,0.06058905844068585,1,1,1,CD8 T cell
EGLN1,0.5967142246197863,-0.019276848478479602,1,1,1,CD8 T cell
PCSK5,0.5968071353007665,-0.060097449267509706,1,1,1,CD8 T cell
PAQR4,0.5968120368621963,0.020949769368339588,0.833,0.833,1,CD8 T cell
SUCLG2,0.5968376071366772,0.051977948724433065,1,1,1,CD8 T cell
KCNH4,0.5968783871549749,0.0016499302338410793,0.583,0.667,1,CD8 T cell
SYPL1,0.5968977338062249,0.07622186316626545,1,1,1,CD8 T cell
STARD9,0.5970237465585854,-0.07266073347562485,1,1,1,CD8 T cell
NOL3,0.5970252071230029,0.020397495063070537,0.917,0.917,1,CD8 T cell
HAUS4,0.59715758766656,0.0660116779333435,1,1,1,CD8 T cell
RSPO2,0.5971824011043091,0.005180067945274924,0.25,0,1,CD8 T cell
ZNF335,0.5973828259272889,0.06358749437792954,1,1,1,CD8 T cell
GGA2,0.5975294138519756,-0.02040445317745665,1,1,1,CD8 T cell
CCDC96,0.5975317645054274,-0.024616542098957694,1,1,1,CD8 T cell
SLC22A5,0.5975811281856649,0.09404982032207343,1,1,1,CD8 T cell
ARRDC1,0.5976917820699806,0.034679628342484614,1,1,1,CD8 T cell
SLC25A45,0.5977314559115697,0.0626564219113161,1,1,1,CD8 T cell
LIPC,0.5977496774178535,-0.04503179108166755,0.917,0.917,1,CD8 T cell
LHFPL1,0.5978160344433849,-0.012030988306416468,0.75,0.75,1,CD8 T cell
SNRPB,0.5978331805302558,0.04812125950469037,1,1,1,CD8 T cell
CCDC57,0.5978962707442094,0.03430489381615098,1,1,1,CD8 T cell
SUMO3,0.5979429197120772,-0.034370830998516344,1,1,1,CD8 T cell
LRG1,0.5980052106705884,-0.009177387001509274,0.167,0.5,1,CD8 T cell
TSC22D3,0.598084909535366,-0.05129370882216033,1,1,1,CD8 T cell
ZCCHC2,0.5981086101835752,0.009464999196210439,1,1,1,CD8 T cell
UFSP2,0.5981684171612036,0.040086292995603956,1,1,1,CD8 T cell
LGALS12,0.5983556975570159,-0.00374395607355682,0.417,0.417,1,CD8 T cell
PDCD1,0.5984643290252337,-0.13811091499452655,1,1,1,CD8 T cell
PLCXD2,0.5984796478553378,0.06627043652586273,1,1,1,CD8 T cell
ZNHIT2,0.5984906368500515,-0.03332325866452712,1,1,1,CD8 T cell
EID2B,0.598538350464084,0.052420604341735455,1,1,1,CD8 T cell
SYNE3,0.5985472769663125,-0.06417771734483542,1,1,1,CD8 T cell
RFWD3,0.598650256036555,0.050726000822455375,1,1,1,CD8 T cell
WASHC4,0.59876786223731,-0.005521960076111221,1,1,1,CD8 T cell
ZNF432,0.5988271098908213,0.0364464969373266,1,1,1,CD8 T cell
NIN,0.5988808020623098,-0.050113280272868765,1,1,1,CD8 T cell
RBIS,0.598886123420981,0.0013952550515747841,1,1,1,CD8 T cell
NENF,0.5990152076783049,0.038547662083506684,1,1,1,CD8 T cell
SKA3,0.5990373130778147,0.004217972642484025,1,1,1,CD8 T cell
HDAC7,0.5990518880343032,0.06468707606238501,1,1,1,CD8 T cell
TEX13D,0.5990719385582206,-0.017859524497148005,0.083,0.25,1,CD8 T cell
SEZ6L,0.59910682541143,-0.004434863323713678,0.083,0.333,1,CD8 T cell
MAN2A2,0.5991069087331031,-0.02667775620387125,1,1,1,CD8 T cell
PPIL4,0.5991113329326316,0.03221426825659712,1,1,1,CD8 T cell
TSR3,0.5991912313769374,-0.020982943697612166,1,1,1,CD8 T cell
P4HA2,0.5991953456384831,0.018772757664969664,0.75,0.667,1,CD8 T cell
GATA3,0.5993610630022266,-0.025424892223566024,1,1,1,CD8 T cell
ATP8B2,0.5993679292807232,0.026572022381504468,1,1,1,CD8 T cell
PRR29,0.5994048113901052,-0.0422202347264391,0.917,1,1,CD8 T cell
CORIN,0.5994539116896218,0.014823506604602965,0.667,0.75,1,CD8 T cell
ATP5PD,0.599478370372277,0.03916065679188363,1,1,1,CD8 T cell
AK7,0.5996069445328516,0.01076748454292753,0.583,0.583,1,CD8 T cell
CCDC47,0.5996251966852995,0.014426896181672477,1,1,1,CD8 T cell
C19orf44,0.5996614528509263,0.09841475728899374,1,1,1,CD8 T cell
UBA1,0.5996696118697895,0.03859458070323085,1,1,1,CD8 T cell
CACNG3,0.5997631495705691,0.018387255613467435,0.417,0.25,1,CD8 T cell
ALAD,0.5998170679619883,-0.006753065999457797,1,1,1,CD8 T cell
PPP2R5D,0.5998349321950032,-0.029630978833029703,1,1,1,CD8 T cell
FAM227B,0.5999076109450535,0.06245010790184491,1,1,1,CD8 T cell
GAN,0.5999258211239487,-0.050106441772115096,1,1,1,CD8 T cell
HHIPL1,0.5999670110811102,-0.01498892619784975,0.583,0.667,1,CD8 T cell
LPP,0.6000201641352644,-0.03260207809388088,1,1,1,CD8 T cell
MACROH2A2,0.6000419014044136,0.1041301747332053,1,1,1,CD8 T cell
ZNF260,0.6000748089922786,0.04408952442143366,1,1,1,CD8 T cell
ZMPSTE24,0.6000924709600821,-0.0446415833112247,1,1,1,CD8 T cell
EFCC1,0.6001062252581033,0.0318366644955117,0.333,0.333,1,CD8 T cell
PPM1K,0.6001177521717762,-0.026583244150249263,1,1,1,CD8 T cell
YY1,0.6001682342851904,-0.029295661315126453,1,1,1,CD8 T cell
YPEL1,0.6003961785595113,0.014277091891902016,1,1,1,CD8 T cell
FUT8,0.6003971842327109,-0.04616629629342284,1,1,1,CD8 T cell
SNX30,0.600405111448491,0.07947171765060346,1,1,1,CD8 T cell
B4GALT7,0.6004550155862655,-0.03802385018781429,1,1,1,CD8 T cell
NECTIN1,0.600485667170207,0.048821699815990716,1,1,1,CD8 T cell
TPRA1,0.6004897429640075,0.010459923177536634,1,1,1,CD8 T cell
GRB10,0.6005037069301529,0.018005924423674102,0.667,0.583,1,CD8 T cell
TBC1D5,0.6005189772150044,-0.024675440675525726,1,1,1,CD8 T cell
ADAM15,0.6005551486389251,-0.04423989900870051,1,1,1,CD8 T cell
SLC7A9,0.6005651890710092,0.01920537690495916,0.75,0.667,1,CD8 T cell
CCDC77,0.6005947618005588,0.059666331256519545,1,1,1,CD8 T cell
GLB1L3,0.6006372368597994,-0.04992766656604486,0.917,1,1,CD8 T cell
TOR4A,0.600837594220577,-0.07330531362387394,1,1,1,CD8 T cell
HNRNPF,0.6010155599951765,0.031426490244439,1,1,1,CD8 T cell
TMEM241,0.6011133096974599,-0.05484812722298771,1,1,1,CD8 T cell
SLC26A11,0.6011172815533923,0.04763384141932436,1,1,1,CD8 T cell
VPS26B,0.6011467058545714,-0.02982483066444508,1,1,1,CD8 T cell
GPI,0.6012319664673473,-0.026032538791965654,1,1,1,CD8 T cell
CCDC113,0.6012557418098226,-0.028217804547899128,0.5,0.75,1,CD8 T cell
BMPR2,0.6013299025928971,-0.05888011812021221,1,1,1,CD8 T cell
ZNRF1,0.6013484985798114,-0.01611049553904964,1,1,1,CD8 T cell
LMAN2,0.6015053017549838,-0.019771720598792397,1,1,1,CD8 T cell
PEX14,0.6015532485726858,-0.03334347919290126,1,1,1,CD8 T cell
PNRC2,0.6015803830667201,0.021599617389062242,1,1,1,CD8 T cell
PMM1,0.6015829497063326,0.04745452045681042,1,1,1,CD8 T cell
ING1,0.6015863494994724,0.056796136612792925,1,1,1,CD8 T cell
UBXN11,0.6016102591266946,0.03839631307383684,1,1,1,CD8 T cell
CATSPERZ,0.6016980982313396,-0.008744121216296197,0.417,0.5,1,CD8 T cell
TPM2,0.6017508906167441,-0.06387518222741684,1,1,1,CD8 T cell
ABHD10,0.6017744363525179,0.048104193800590944,1,1,1,CD8 T cell
HGS,0.6018346609226213,0.039897569755172335,1,1,1,CD8 T cell
STK11IP,0.6019917437099295,0.07226290641583422,1,1,1,CD8 T cell
UBE2A,0.6020233168949969,-0.035933558378112296,1,1,1,CD8 T cell
KLF15,0.6021552053670334,0.01318566593834225,0.417,0.583,1,CD8 T cell
DSTYK,0.6021655223166165,-0.020731212994327564,1,1,1,CD8 T cell
EEF1E1,0.6022083735142132,0.02617635322015044,1,1,1,CD8 T cell
ZNF519,0.6022354517923021,-0.042154853292778016,1,1,1,CD8 T cell
CPT2,0.60236906358376,-0.03382174853872022,1,1,1,CD8 T cell
HOXA4,0.6024204047670223,0.039135205669310835,1,0.917,1,CD8 T cell
TTYH1,0.6028755078004008,0.02763167429426705,0.333,0.167,1,CD8 T cell
PLEC,0.6028963525322124,0.08130093555922879,1,1,1,CD8 T cell
SIGLEC14,0.6029297718972384,0.009723544887560998,0.833,0.917,1,CD8 T cell
WNT1,0.6029320988455615,0.03387121078986377,0.917,1,1,CD8 T cell
COG8,0.6029492726123151,-0.017568679955314304,1,1,1,CD8 T cell
GRPEL2,0.6029586625861143,0.041780562052735615,1,1,1,CD8 T cell
PDE2A,0.6029774616632697,-0.011817461505002846,0.583,0.75,1,CD8 T cell
TAS1R3,0.6031207082560501,0.0186476425300377,0.833,1,1,CD8 T cell
GLG1,0.6031304093786654,-0.024697233871449842,1,1,1,CD8 T cell
CDHR1,0.6031395702438669,-0.09391108865752784,1,1,1,CD8 T cell
C11orf21,0.6031517367597401,-0.052510781387474115,1,1,1,CD8 T cell
SLC17A9,0.6031576229235278,0.045501412405167585,1,1,1,CD8 T cell
THAP11,0.6032714617553114,0.031132351356488952,1,1,1,CD8 T cell
TRAP1,0.6032716289877815,-0.06553847470438912,1,1,1,CD8 T cell
ZNF552,0.6033078014466249,0.033414921159759414,1,1,1,CD8 T cell
ADIPOR1,0.6033333230996185,-0.012070344800633348,1,1,1,CD8 T cell
BRDT,0.6034678793870925,-0.005754158544415411,0.667,0.667,1,CD8 T cell
UBOX5,0.6034968177329436,0.05765638720219135,1,1,1,CD8 T cell
CDHR3,0.6035500397803897,0.03731451734136915,1,1,1,CD8 T cell
SEC11A,0.6035929074734632,0.028751020094196278,1,1,1,CD8 T cell
ZNF680,0.6035975516396375,0.051133677927167616,1,1,1,CD8 T cell
SLC43A3,0.6036345615113934,0.0603751039729179,1,1,1,CD8 T cell
GUCY1B1,0.6036496251029451,0.0022226963102540687,0.75,0.667,1,CD8 T cell
CCDC86,0.6037243786132324,-0.09173350736282293,1,1,1,CD8 T cell
PDE4A,0.60378000813381,-0.07609179875276828,1,1,1,CD8 T cell
UPF2,0.6037840509303524,-0.02262240590780054,1,1,1,CD8 T cell
BRCA2,0.6038450756612193,0.04531146313838841,1,1,1,CD8 T cell
TEAD3,0.6039099141853372,-0.0017949646415371667,0.583,0.583,1,CD8 T cell
MISFA,0.60391724462238106,-0.060574720747870625,0.833,1,1,CD8 T cell
ZBTB20,0.6039398143469821,-0.0380904137439087,1,1,1,CD8 T cell
ZNF718,0.6039702976179325,0.0789683911936887,1,1,1,CD8 T cell
CXorf65,0.6040621751249233,0.04376355625003997,1,1,1,CD8 T cell
TMEM248,0.6040796356393953,0.028991154793190477,1,1,1,CD8 T cell
TMEM31,0.604121362631801,0.00504326707080871,0.25,0.25,1,CD8 T cell
KIF3A,0.6041760520568068,-0.01692973837288214,1,1,1,CD8 T cell
CTF1,0.6042040893197267,0.007005433974893283,0.5,0.333,1,CD8 T cell
KISS1R,0.6042626427343539,-0.013163011868138508,0.167,0.25,1,CD8 T cell
TMEM205,0.6042878183672421,0.030125944712355857,1,1,1,CD8 T cell
LTA,0.6043514535112344,-0.075624467675107,1,1,1,CD8 T cell
RANBP9,0.6043537984583834,-0.010359884490560689,1,1,1,CD8 T cell
ZNF501,0.6044506464948822,0.02741015408597347,1,1,1,CD8 T cell
ANKRD18A,0.6044697737043021,0.09710276237381477,1,1,1,CD8 T cell
CCDC14,0.6044779125468551,0.049991027549246225,1,1,1,CD8 T cell
RASSF1,0.604480042925444,0.039309005179766654,1,1,1,CD8 T cell
DYNLL2,0.6045166231663268,-0.02281881149208953,1,1,1,CD8 T cell
R3HCC1L,0.6045621825006593,-0.037287385169315956,1,1,1,CD8 T cell
NAXD,0.6045671025943581,-0.058981260403878855,1,1,1,CD8 T cell
PACRGL,0.6046223740799135,0.05698772718843026,1,1,1,CD8 T cell
GCNT1,0.6046469404500375,0.05519224806101786,1,1,1,CD8 T cell
FYTTD1,0.6047474584924954,-0.030348601785422202,1,1,1,CD8 T cell
HIPK4,0.604763836748823,-0.0023811826703830086,0.583,0.583,1,CD8 T cell
BTG1,0.604895204441455,-0.0571622757371566,1,1,1,CD8 T cell
TMUB1,0.6049112750628487,-0.01689682441311502,1,1,1,CD8 T cell
IFT46,0.6049585085505614,0.060237358684363196,1,1,1,CD8 T cell
VIPR1,0.6049965752979749,-0.08695016635752273,1,1,1,CD8 T cell
FAM83E,0.6050730796582187,0.00949111654445245,0.583,0.417,1,CD8 T cell
STAU1,0.6050842671142855,0.04609760329726609,1,1,1,CD8 T cell
YWHAG,0.605113343108571,-0.06784899710752557,1,1,1,CD8 T cell
RAB20,0.6053548282438606,0.0029527039167684954,0.833,0.833,1,CD8 T cell
ANXA3,0.6053700918716376,-0.005609925593265341,0.25,0.333,1,CD8 T cell
YY2,0.6053855018226086,0.005407567270497626,1,0.917,1,CD8 T cell
SLC2A4RG,0.6054661508476953,0.05077545953668311,1,1,1,CD8 T cell
LRRC66,0.6055476091203464,0.039726525844401284,1,1,1,CD8 T cell
NRXN2,0.6055734387050193,-0.06560641049351812,0.917,1,1,CD8 T cell
EPB41,0.6055994902089443,-0.01958046061375973,1,1,1,CD8 T cell
ZFP36L2,0.6056223394150997,-0.06577226756390564,1,1,1,CD8 T cell
SIRT1,0.605647803896755,-0.02367361391809253,1,1,1,CD8 T cell
LILRA1,0.6057181478390365,0.05611529553889438,0.917,1,1,CD8 T cell
DTX3,0.6058324456674091,-0.05339924910986338,1,1,1,CD8 T cell
C2CD3,0.6058326543935402,0.014510427761563305,1,1,1,CD8 T cell
LCT,0.6059515147019,-0.009164274626853874,0.417,0.75,1,CD8 T cell
RPP14,0.6059791399751084,-0.03879031070132655,1,1,1,CD8 T cell
STS,0.6059846286735743,0.0077681737999153455,1,1,1,CD8 T cell
SLC35B2,0.6061583710008099,0.034229073029236334,1,1,1,CD8 T cell
OSBPL11,0.6061839663847137,-0.03757918687359729,1,1,1,CD8 T cell
OMA1,0.6062939209498956,-0.05184279045734022,1,1,1,CD8 T cell
ACTN1,0.6063032337804461,-0.07434945585470887,1,1,1,CD8 T cell
C11orf71,0.6063362993667609,0.03386883895387327,1,1,1,CD8 T cell
DEK,0.6063440865447058,-0.01918729618857884,1,1,1,CD8 T cell
PLEKHH2,0.6063493511535285,0.0396829057746646,0.833,0.833,1,CD8 T cell
ITPR1,0.606372638268355,-0.025907961838268295,1,1,1,CD8 T cell
KPNB1,0.6064337006631886,-0.0265927072576346,1,1,1,CD8 T cell
SLF1,0.6065704894443283,-0.04307803973835633,1,1,1,CD8 T cell
ARF6,0.6066831958221304,-0.015148183295027984,1,1,1,CD8 T cell
MAST3,0.6067065572715964,-0.03574271367346182,1,1,1,CD8 T cell
HCFC1,0.6067252269097094,0.02002864885421618,1,1,1,CD8 T cell
CACNA2D4,0.6068442609014683,0.13575231674181865,1,1,1,CD8 T cell
ARHGEF16,0.6068718100566894,-0.02712486866686481,0,0.167,1,CD8 T cell
ABT1,0.6069634512193827,-0.019092958679124417,1,1,1,CD8 T cell
IL17C,0.6069729345733157,-0.0350386827282696,0.833,0.917,1,CD8 T cell
ZFTA,0.6069786384528701,0.015434547024538503,1,1,1,CD8 T cell
DOP1B,0.6070389702660568,-0.07215690816520914,1,1,1,CD8 T cell
POLE3,0.6071933962229585,-0.016888882826070706,1,1,1,CD8 T cell
VPS13C,0.6073627021118047,-0.021829602243052415,1,1,1,CD8 T cell
KATNA1,0.6073950106196203,-0.043241610829577115,1,1,1,CD8 T cell
NRG2,0.607496985500128,-0.004647993159119235,0.5,0.667,1,CD8 T cell
ITPRIP,0.6075786875632467,-0.046705817631799484,1,1,1,CD8 T cell
NPHP4,0.607599654921428,0.06960816707452588,1,1,1,CD8 T cell
OR52B2,0.6076008070260629,0.029263947939820234,0.917,0.833,1,CD8 T cell
PXDNL,0.6076141569319045,0.005521412367970768,0.25,0.167,1,CD8 T cell
ASNSD1,0.6076350450369081,0.044963164632705055,1,1,1,CD8 T cell
SLIRP,0.6076930203770234,0.08097117487854866,1,1,1,CD8 T cell
VSIG4,0.6077195416009742,-0.004113324592658785,0.083,0.333,1,CD8 T cell
HPS5,0.6077320856482942,0.002707182528712604,1,1,1,CD8 T cell
JADE1,0.607754705138086,-0.034419203597750025,1,1,1,CD8 T cell
TMEM141,0.6077993926811878,0.052729260647126686,1,1,1,CD8 T cell
POP7,0.6078712987384689,0.04729691068580277,1,1,1,CD8 T cell
TMEM86B,0.6078789691832682,0.014429801252446639,1,1,1,CD8 T cell
SATB2,0.6079370337292275,-0.0819400678329627,0.917,0.917,1,CD8 T cell
MAGEH1,0.607938202990822,0.04162276311397506,1,1,1,CD8 T cell
BTN2A2,0.6079683568713325,-0.0037039038468140717,1,1,1,CD8 T cell
STING1,0.6080015472541989,0.052393133913835044,1,1,1,CD8 T cell
ABHD3,0.6080972460959262,0.0016333890898395653,1,1,1,CD8 T cell
TNFSF18,0.6082951377787442,-0.01205177121734824,0.5,0.583,1,CD8 T cell
MCM3AP,0.6083205514494407,-0.013056783087107449,1,1,1,CD8 T cell
HSD3B7,0.6083904441457715,0.030141956083880928,0.75,0.5,1,CD8 T cell
UACA,0.6085000736187596,-0.009777670789929083,0.167,0.417,1,CD8 T cell
CCDC115,0.6085151908499187,0.0419232130985561,1,1,1,CD8 T cell
ELP3,0.6085609042167087,0.028336548075858253,1,1,1,CD8 T cell
ASB12,0.608589105255257,-0.019770917578182612,0.917,0.917,1,CD8 T cell
TFAP4,0.6085956744230197,-0.02477337754472142,1,1,1,CD8 T cell
ME1,0.6086418948365223,0.0776985757672799,1,0.917,1,CD8 T cell
TAB2,0.6086436315662019,-0.020815548923807325,1,1,1,CD8 T cell
CASKIN2,0.6086690690089117,0.011050845336777915,0.75,0.667,1,CD8 T cell
PDCD5,0.6087802569714199,0.028890363527418694,1,1,1,CD8 T cell
MAPK8IP1,0.6088348479698034,-0.01877549060144812,0.833,1,1,CD8 T cell
RHPN1,0.6088618920053148,-0.07052534381145925,1,1,1,CD8 T cell
METTL7A,0.6089592223699132,-0.10390128444868818,1,1,1,CD8 T cell
YIPF2,0.6090726663732342,0.043349289484155396,1,1,1,CD8 T cell
APTX,0.6090967680509117,0.06026291812120288,1,1,1,CD8 T cell
MORN3,0.6091215917257932,0.03716373479409185,1,1,1,CD8 T cell
CPT1A,0.6091502875128381,0.1125430017443293,1,1,1,CD8 T cell
ZNF25,0.609166928527554,-0.021215884961704568,1,1,1,CD8 T cell
JDP2,0.6091731707516399,0.033030016762442216,0.917,0.917,1,CD8 T cell
TPRN,0.6092285719139461,0.0362574792971353,1,1,1,CD8 T cell
RHOT1,0.6092371952737496,0.013927096697877395,1,1,1,CD8 T cell
LAMP2,0.609237634694973,-0.01816006988136154,1,1,1,CD8 T cell
TMEM253,0.6093267694171536,-0.0052595541318973815,0,0.333,1,CD8 T cell
MOSMO,0.6095047222078018,0.029732839212653683,1,1,1,CD8 T cell
RHOBTB3,0.6095462128920135,-0.1262687132663971,1,1,1,CD8 T cell
CD300LF,0.6095577858923609,-4.693403900088988e-4,0.917,1,1,CD8 T cell
ENTPD7,0.6095977012210145,0.04593055366568821,1,1,1,CD8 T cell
SAMSN1,0.6096123145158758,-0.09102033926951915,1,1,1,CD8 T cell
MADD,0.6096225507580468,0.02866054075883298,1,1,1,CD8 T cell
FAM222B,0.609624722523056,-0.03371709636803022,1,1,1,CD8 T cell
PKD1L3,0.6096652054364489,0.007513588876406185,0.25,0.167,1,CD8 T cell
NDUFAF2,0.6096654385730227,0.07346874762406475,1,1,1,CD8 T cell
HSPA1B,0.6096663873243979,-0.05451334149158105,1,1,1,CD8 T cell
PPP1R3E,0.6096977478005587,0.007116861056693402,1,1,1,CD8 T cell
C12orf40,0.6097399341399401,0.03410932800015676,1,1,1,CD8 T cell
SLC9A9,0.6097488102437351,-0.016905796401786244,1,1,1,CD8 T cell
SUFU,0.6097609840481399,0.0117319119247985,1,1,1,CD8 T cell
PPIE,0.6097866954744717,0.030290315666464035,1,1,1,CD8 T cell
TMOD1,0.6099193527024886,0.008161170354588965,0.25,0.083,1,CD8 T cell
BLMH,0.6100268612658826,-0.06470558652855402,1,1,1,CD8 T cell
ADAMTS15,0.6100401550253496,-0.015255184608609973,0.167,0.333,1,CD8 T cell
NTPCR,0.6100731385450021,0.07496892363392793,1,1,1,CD8 T cell
NR2F6,0.6100859235014264,-0.05140172303971546,1,1,1,CD8 T cell
SMARCC1,0.6101195488473315,-0.011785801458929268,1,1,1,CD8 T cell
ADAMTSL5,0.6102669888514258,-0.04216764471297729,0.917,0.917,1,CD8 T cell
PEA15,0.6103392485316037,-0.04871561215392006,1,1,1,CD8 T cell
C6orf52,0.6104127810419648,-3.1852661704956375e-4,1,0.917,1,CD8 T cell
ACP2,0.6105024790550068,-0.010491144030656319,1,1,1,CD8 T cell
CAMKK2,0.6105029193388768,0.054088016182186616,1,1,1,CD8 T cell
TOP1MT,0.6105362039866813,0.07935693354167972,1,1,1,CD8 T cell
SLC25A28,0.6106323625935238,0.0023596039905751653,1,1,1,CD8 T cell
TFDP2,0.6106927371545346,-0.03885362243856226,1,1,1,CD8 T cell
GAS2,0.6107672049824713,0.010846878475828436,0.917,1,1,CD8 T cell
ADO,0.6108454912509798,0.0036670188581564567,1,1,1,CD8 T cell
MAP3K4,0.6108958249467623,0.04307604531771442,1,1,1,CD8 T cell
ANK1,0.6109070084777598,-0.020866424831722963,0.417,0.583,1,CD8 T cell
MRTFA,0.610932096480616,0.010464122087591121,1,1,1,CD8 T cell
TLR8,0.6109815908597493,0.028477417057916732,0.75,0.75,1,CD8 T cell
ANKRD13B,0.6112174665952255,-0.04095742390539936,1,1,1,CD8 T cell
RCL1,0.6113735460582272,-0.05542508876746788,1,1,1,CD8 T cell
CCDC24,0.6114228075437469,0.04575715538343417,1,1,1,CD8 T cell
ZNF282,0.6114311551518872,0.0614951258886729,1,1,1,CD8 T cell
NFKB2,0.6114697601676709,-0.03328171066455421,1,1,1,CD8 T cell
CALCRL,0.6114806009773374,-0.008880542266473057,0.417,0.417,1,CD8 T cell
S100A9,0.6115075791598222,-0.09639209963495748,1,1,1,CD8 T cell
NUP42,0.6115147351479002,-0.020373626251014243,1,1,1,CD8 T cell
SLC6A12,0.6115152345487322,0.014218838387041632,0.333,0.417,1,CD8 T cell
CCDC78,0.6118591505560103,-0.06574691004858968,1,1,1,CD8 T cell
EPM2A,0.6118891703113579,-0.06491741057850797,1,1,1,CD8 T cell
TYW5,0.6120544685064193,0.014605956729774272,1,1,1,CD8 T cell
ARHGAP27,0.6122262573807071,-0.01980924683781332,1,1,1,CD8 T cell
TATDN2,0.6123541450782154,0.03454690840041896,1,1,1,CD8 T cell
ELL,0.6123726889640768,0.03211929446997863,1,1,1,CD8 T cell
BGLAP,0.612430776851889,-0.024281107328142593,1,1,1,CD8 T cell
ZNF710,0.6124692946099599,0.03124671948435065,1,1,1,CD8 T cell
DDT,0.6125748706044281,-0.0283405367046181,1,1,1,CD8 T cell
GAS2L2,0.6125823137021715,0.0075877850183587725,0.833,0.75,1,CD8 T cell
PQBP1,0.6127677296062553,0.0364154034902942,1,1,1,CD8 T cell
RBM14,0.6128578599198377,0.02908136290699148,1,1,1,CD8 T cell
ZHX1,0.6128613245456683,-0.01805654874787277,1,1,1,CD8 T cell
SPOCD1,0.6128869267052899,0.011171287035621091,0.5,0.333,1,CD8 T cell
PLAAT2,0.613071486399869,-0.027304526476669366,0.667,0.667,1,CD8 T cell
TRPC5OS,0.6130936366419986,-0.023887011739371022,0.333,0.583,1,CD8 T cell
GOLGA7B,0.6131159659499923,0.07565033169300195,1,1,1,CD8 T cell
ILF2,0.613184145461861,-0.03653160182457804,1,1,1,CD8 T cell
CCDC12,0.6132395294885955,0.03440809111897225,1,1,1,CD8 T cell
LIG4,0.6132528696308303,0.03951415088512489,1,1,1,CD8 T cell
PRKAA1,0.6132735089406549,0.012570992021155636,1,1,1,CD8 T cell
PICALM,0.6132960217137138,-0.020610183264324622,1,1,1,CD8 T cell
ARL6IP5,0.6133441918380896,-0.028467927301087492,1,1,1,CD8 T cell
SDF2L1,0.6135358019957704,-0.04354230222581218,1,1,1,CD8 T cell
SNN,0.613613270317503,-0.021449786769354162,1,1,1,CD8 T cell
AMDHD2,0.6136280151003648,-0.06512448785824132,1,1,1,CD8 T cell
MARK3,0.613684259998949,0.05260122820218055,1,1,1,CD8 T cell
SOWAHD,0.6137168795638794,0.04015589947747156,0.667,0.583,1,CD8 T cell
ZNF888,0.6137921808583429,0.03693327090286269,1,1,1,CD8 T cell
C19orf12,0.6138825146227249,0.0454649223928264,1,1,1,CD8 T cell
GSR,0.6138991064252148,0.029839306099774476,1,1,1,CD8 T cell
CBFA2T3,0.6139403074333996,-0.0012562746111783873,0.917,0.833,1,CD8 T cell
EFCAB8,0.6140271685851282,0.04244541041026473,1,1,1,CD8 T cell
PDP2,0.6142022303533143,0.06397313710568309,1,1,1,CD8 T cell
CADM4,0.6142867444253177,0.009847997936482056,0.917,0.917,1,CD8 T cell
KCNG1,0.6143780214279555,-0.0032807932076428514,0.083,0.417,1,CD8 T cell
NRCAM,0.6143801134008813,-0.015918751777329376,0.417,0.5,1,CD8 T cell
PTPN14,0.6144731593729038,-0.004112127434285018,0.083,0.333,1,CD8 T cell
OXSR1,0.6145380951759176,0.054899019538097435,1,1,1,CD8 T cell
GDPD1,0.6145895694035391,0.05043546735047988,1,1,1,CD8 T cell
GPS1,0.6146953554687704,-0.04686975465053911,1,1,1,CD8 T cell
GAL3ST1,0.6147506645985902,-0.0060282827545599105,0.5,0.25,1,CD8 T cell
RTN4RL1,0.6147784506054292,-0.004076782487549835,0.5,0.5,1,CD8 T cell
TRMT10C,0.6148655499600431,-0.03803579661002843,1,1,1,CD8 T cell
CCL4,0.6148976897836297,-0.04554566882458322,1,1,1,CD8 T cell
RPAP2,0.6149255637159287,0.028290122155099545,1,1,1,CD8 T cell
DNM2,0.6149301694425799,-0.006622646250997066,1,1,1,CD8 T cell
SLC16A11,0.6149777379266451,-0.07165223091545991,1,1,1,CD8 T cell
DDIT4,0.6150436956509804,-0.11036160272399875,1,1,1,CD8 T cell
SULT1A2,0.6150503155538565,-0.02765093854650269,0.833,0.583,1,CD8 T cell
TBX19,0.6150604614329034,0.023473632925512078,1,1,1,CD8 T cell
TTC22,0.615176559038459,0.05907745275847498,1,1,1,CD8 T cell
ZYG11A,0.6152135260619702,0.022453512454312374,0.75,0.333,1,CD8 T cell
GNG5,0.615251733839927,-0.0047582684417584176,1,1,1,CD8 T cell
TNFSF13,0.6153686001039653,0.04369046347674432,1,1,1,CD8 T cell
ACACB,0.6153743962411604,-0.062447767704038704,1,1,1,CD8 T cell
FEM1A,0.6155051706479366,0.04259016772519142,1,1,1,CD8 T cell
DMC1,0.6155782910283703,-0.021285672726140348,1,1,1,CD8 T cell
MTTP,0.6157360611556784,0.007895039236899049,0.25,0,1,CD8 T cell
NKIRAS1,0.6157483555102405,-0.0238030438603829,1,1,1,CD8 T cell
NOM1,0.6159922495618095,-0.004550170924851216,1,1,1,CD8 T cell
SENP6,0.616004697177237,-0.01792377553454272,1,1,1,CD8 T cell
TPD52,0.6160100427519792,0.13478466304274206,1,1,1,CD8 T cell
PPP1R14C,0.6160476132631753,-0.16295529220296023,0.917,1,1,CD8 T cell
FH,0.6160504944249114,0.027693847881116285,1,1,1,CD8 T cell
GNG8,0.6161123053989814,-0.011568365960056504,0.583,0.5,1,CD8 T cell
TELO2,0.6162184845112743,0.04417981600723353,1,1,1,CD8 T cell
ADGRG5,0.6162265781920715,0.04335252508666221,1,1,1,CD8 T cell
ESAM,0.6162872639912187,-0.02594788688072347,0.667,1,1,CD8 T cell
DOCK8,0.6163161528610615,0.033898892941748526,1,1,1,CD8 T cell
ARFGEF2,0.6164770772849185,0.05445298939079968,1,1,1,CD8 T cell
SCARB2,0.6164896596527933,-0.05810891295905107,1,1,1,CD8 T cell
GEMIN8,0.6166859798600604,0.04802804562170637,1,1,1,CD8 T cell
PIGBOS1,0.616821172577388,-0.02211506345085068,1,1,1,CD8 T cell
MAPRE1,0.6168704842956403,-0.04287759953700965,1,1,1,CD8 T cell
ST7L,0.617023487932081,-0.047992817746981276,1,1,1,CD8 T cell
SHC2,0.6170434017967265,-0.004517036482882819,0.25,0.5,1,CD8 T cell
SNAPC4,0.6170618667789565,0.050004427850125044,1,1,1,CD8 T cell
ADIPOR2,0.6171028239282732,-0.013774703204830319,1,1,1,CD8 T cell
SLX4,0.6171178317650805,0.0887780269707068,1,1,1,CD8 T cell
EML6,0.6171464280682266,0.01935132822380803,0.917,1,1,CD8 T cell
PURB,0.6171501246973624,0.04322675153716404,1,1,1,CD8 T cell
XRCC6,0.617156425856492,-0.03917965996224626,1,1,1,CD8 T cell
NRG1,0.6171640717703679,0.002771148694269421,0.667,0.583,1,CD8 T cell
EPS8L2,0.6171753484072364,0.06529866939326556,1,1,1,CD8 T cell
ENPP6,0.617216111921861,-0.014002812994065028,0.167,0.333,1,CD8 T cell
ISL2,0.6172325019267764,0.020099027942543923,0.833,0.917,1,CD8 T cell
ZSWIM6,0.6172531404287737,-0.037503450447074815,1,1,1,CD8 T cell
RRAGA,0.6173434910633806,-0.04741056195531468,1,1,1,CD8 T cell
CEP162,0.61746382524801,0.0033294509402872485,1,1,1,CD8 T cell
TXNDC15,0.6176078901745805,0.05312312810761166,1,1,1,CD8 T cell
ZNF672,0.6176787385131204,0.052253403258555986,1,1,1,CD8 T cell
WDR77,0.6176876368536312,0.042885913947187104,1,1,1,CD8 T cell
TGFBR3L,0.617756662102656,-0.009348122937308911,1,0.917,1,CD8 T cell
STYK1,0.617786170344932,0.0862114286330824,1,1,1,CD8 T cell
ANKK1,0.6179081001601106,-0.016346401075618466,0.833,1,1,CD8 T cell
DAB2,0.6179689594119885,0.09081662504324406,1,1,1,CD8 T cell
ISG20L2,0.6179738148034168,-0.00847221251104835,1,1,1,CD8 T cell
CDKN2D,0.6179958123103333,-0.015209517620430879,1,1,1,CD8 T cell
GINS1,0.618010359283715,0.01333078809096877,1,1,1,CD8 T cell
NR1H2,0.6180138549933911,-0.01236969634971112,1,1,1,CD8 T cell
PEBP1,0.618016077887136,-0.033841213077975385,1,1,1,CD8 T cell
EFCAB14,0.6180321347789529,0.02160374671903309,1,1,1,CD8 T cell
CHURC1,0.6181317853221666,0.04046063954793522,1,1,1,CD8 T cell
KLHL5,0.6182401966979545,-0.06168163705751928,1,1,1,CD8 T cell
TXLNG,0.6182566452917875,-0.028612208839323416,1,1,1,CD8 T cell
FNBP4,0.6182778270431359,0.02993690815556116,1,1,1,CD8 T cell
ACP1,0.6182975601057996,-0.03296226158205218,1,1,1,CD8 T cell
FN3KRP,0.6183537088451719,-0.047077331451693905,1,1,1,CD8 T cell
FOXO4,0.6184024722528407,-0.01073279817375139,1,1,1,CD8 T cell
MAOB,0.6184295626752825,0.003804692045612068,0.167,0.083,1,CD8 T cell
CREM,0.6184707556696734,-0.04448478297498404,1,1,1,CD8 T cell
RNF115,0.6185227440231045,-0.019776468907853118,1,1,1,CD8 T cell
NREP,0.6185554201410766,-0.041752765063213904,0.917,1,1,CD8 T cell
NT5DC2,0.6186952362616687,-0.050486269914645554,0.917,1,1,CD8 T cell
KRAS,0.6187126599125836,-0.06692343465490325,1,1,1,CD8 T cell
DHX36,0.6187393563663774,0.04178419118716237,1,1,1,CD8 T cell
ZXDA,0.6188968712870644,-0.005825693583455749,0.75,0.667,1,CD8 T cell
OPRL1,0.6189037817071114,-0.030975982571798788,0.833,0.917,1,CD8 T cell
UCN,0.6189431456823992,-0.02361107625787051,1,1,1,CD8 T cell
SP7,0.6189449947959771,-0.0088103853321923609,0.25,0.333,1,CD8 T cell
GMCL1,0.618970513151068,-0.08110601346810009,1,1,1,CD8 T cell
PFAS,0.6189749950867303,-0.02619703057896494,1,1,1,CD8 T cell
WASF1,0.6189808409697051,-0.007278225297510321,0.583,0.75,1,CD8 T cell
ARMCX1,0.619057650023484,0.027455483265618863,0.833,0.583,1,CD8 T cell
CNPY3,0.6190793714144245,-0.0032096875871585606,1,1,1,CD8 T cell
ZNF836,0.6191155337204496,0.04513493448769723,1,1,1,CD8 T cell
APH1A,0.6192049023852109,0.016041927346378493,1,1,1,CD8 T cell
ABR,0.6192613395259683,0.04381088273412684,1,1,1,CD8 T cell
GPR137C,0.6193413287993614,-0.009372927654004659,0.333,0.417,1,CD8 T cell
DHTKD1,0.6193950210940184,-0.04081095462880224,1,1,1,CD8 T cell
IER2,0.6195126174715779,-0.015878349025515437,1,1,1,CD8 T cell
ZNF273,0.6195951031677742,0.03411826992375655,1,1,1,CD8 T cell
RCOR3,0.6197715216675599,-0.0071477391234783805,1,1,1,CD8 T cell
HMCN1,0.6198191888983513,0.007605628797543673,0.25,0.083,1,CD8 T cell
SEPTIN8,0.6199888994530871,-0.07523260013635014,1,1,1,CD8 T cell
ERMP1,0.6202038149113283,-0.05248598670157534,1,1,1,CD8 T cell
TRMT12,0.6202572348260342,0.07439401258482947,1,1,1,CD8 T cell
TBL2,0.6202881214927235,0.050487951026028544,1,1,1,CD8 T cell
ITGB1BP2,0.6203376509397458,0.021950027964687813,1,1,1,CD8 T cell
CELF6,0.6204501295940276,-0.04445239851367999,1,1,1,CD8 T cell
TEKTIP1,0.6204680324718349,0.0077961947626241646,0.5,0.5,1,CD8 T cell
LIMD2,0.6204706031887199,-0.0345265338247458,1,1,1,CD8 T cell
TOM1L1,0.6204885946664238,0.02032808940251174,0.25,0.083,1,CD8 T cell
DSCAML1,0.6206793403546177,0.009906478949549768,0.25,0.417,1,CD8 T cell
SEL1L,0.6207025593290673,-0.03680864568421083,1,1,1,CD8 T cell
CEP43,0.6207554667948616,0.07478864906311711,1,1,1,CD8 T cell
GRB14,0.6207577143850508,0.006566649684026427,0.25,0.083,1,CD8 T cell
TUBA1A,0.6207893445686099,-0.031192501434464726,1,1,1,CD8 T cell
C1orf162,0.6209649079039355,0.11492235866087036,1,1,1,CD8 T cell
LCOR,0.6209704248852763,-0.020161745018070554,1,1,1,CD8 T cell
CDO1,0.6210292667858688,-0.004527190463607056,0.417,0.417,1,CD8 T cell
GIMAP8,0.6211015637148993,0.053741497281077466,1,1,1,CD8 T cell
MPZL2,0.621102877072787,0.03265824707935039,0.667,0.75,1,CD8 T cell
USP15,0.6211532830850757,-0.01747463064896726,1,1,1,CD8 T cell
ANKDD1A,0.621394890928012,0.10805514404650607,1,1,1,CD8 T cell
NDUFA6,0.6214088777616293,-0.03037956096129041,1,1,1,CD8 T cell
FAM3C,0.6214268850075759,0.04358014871066124,1,1,1,CD8 T cell
FNBP1L,0.6214557125212848,-0.034329292008576484,0.667,0.833,1,CD8 T cell
GBP6,0.6214758798066335,0.039863182428360844,0.917,0.833,1,CD8 T cell
GABPA,0.6215039054983913,0.03368392494410967,1,1,1,CD8 T cell
METTL17,0.6216753593601968,0.03163785772208719,1,1,1,CD8 T cell
CBR3,0.6219273419559321,0.04984089630780986,1,1,1,CD8 T cell
NCOR1,0.6219648318894175,0.04952904142746695,1,1,1,CD8 T cell
HUWE1,0.6219953508049333,-0.016054369713382477,1,1,1,CD8 T cell
DESI1,0.6220304101078271,-0.05024524026213828,1,1,1,CD8 T cell
LIN9,0.6220507174216063,0.04819649599547615,1,1,1,CD8 T cell
OR4A47,0.6221403859746153,0.0033353544702130478,0.25,0.167,1,CD8 T cell
UBXN1,0.6222570032786914,0.009043942447226061,1,1,1,CD8 T cell
BDH1,0.6223357236593976,0.052345261673926835,1,1,1,CD8 T cell
LDHD,0.6223722277867298,-0.00541349032095928,0.333,0.5,1,CD8 T cell
MAPK1,0.6223951626904134,-0.013907808818501177,1,1,1,CD8 T cell
QDPR,0.6224363167769895,-0.04863750018039803,1,1,1,CD8 T cell
LPAR5,0.6224956926219263,0.09503087090321016,1,1,1,CD8 T cell
CD5,0.6225526641126589,-0.07464736891415136,1,1,1,CD8 T cell
SLC25A27,0.6226329813979715,0.021095491919688403,0.5,0.417,1,CD8 T cell
SH3KBP1,0.62268496350797,-0.018756611207137786,1,1,1,CD8 T cell
HELZ2,0.6226879111109518,0.04592126212565817,1,1,1,CD8 T cell
AXDND1,0.6226934694564676,0.00558041587235758,0.75,0.667,1,CD8 T cell
SLC38A10,0.6229146341820986,0.035953438108622504,1,1,1,CD8 T cell
ARFGEF1,0.6229505773670686,-0.004968809144756933,1,1,1,CD8 T cell
ST14,0.6230489375758821,0.015295442014228389,0.667,0.5,1,CD8 T cell
GIPC1,0.6230616892924875,0.0362458021210782,1,1,1,CD8 T cell
BAIAP2L1,0.6231140030784144,0.005351266619081141,0.25,0.083,1,CD8 T cell
NDFIP2,0.6231326555971877,0.03419560688021317,1,1,1,CD8 T cell
ARHGAP21,0.6232711894579037,-0.04464309221814999,1,1,1,CD8 T cell
SMAD3,0.6234305236873726,-0.030152972995162175,1,1,1,CD8 T cell
KMT2A,0.6234996386845797,0.003977047072582396,1,1,1,CD8 T cell
DYNLL1,0.6235145864027563,-0.036020078475211825,1,1,1,CD8 T cell
MCMDC2,0.6236612470648903,-0.05181339589256284,0.75,1,1,CD8 T cell
NPEPPS,0.6236640652789054,-0.024438157235996183,1,1,1,CD8 T cell
PIN1,0.6237935364303888,-0.0018401000516352628,1,1,1,CD8 T cell
GALNT3,0.6238942299135892,-0.01028629087360311,1,1,1,CD8 T cell
MAP3K7,0.6239330396224798,0.04346693069862939,1,1,1,CD8 T cell
RASA3,0.6239649302353883,-0.02673401738285497,1,1,1,CD8 T cell
AP1S2,0.6239934616052847,-0.02472019976148268,1,1,1,CD8 T cell
ZNF768,0.6241261156278903,-0.07218241661910785,1,1,1,CD8 T cell
C12orf60,0.6241263930092862,-0.03510627449528858,1,1,1,CD8 T cell
TNK2,0.6241532544024864,0.005274420413065417,1,1,1,CD8 T cell
SSR4,0.6241622269251583,-0.030919299835775682,1,1,1,CD8 T cell
SELENOI,0.6242163300372028,-0.022942710966652013,1,1,1,CD8 T cell
TM9SF1,0.6242633625290869,0.02914807676811959,1,1,1,CD8 T cell
ENKD1,0.624264449230348,0.04910663314054986,1,1,1,CD8 T cell
GATAD1,0.6242675475962899,-0.023912156115496797,1,1,1,CD8 T cell
NCAM2,0.6243240380157835,-0.03487056455862403,0,0.25,1,CD8 T cell
ZAR1L,0.6243240412499438,-0.020559857971309548,0,0.25,1,CD8 T cell
ZGRF1,0.6243297839144266,0.0632238492538757,1,1,1,CD8 T cell
MTPN,0.6243863310283454,-0.026577967491084875,1,1,1,CD8 T cell
GLMN,0.624498638885643,-0.014531300956776128,1,1,1,CD8 T cell
UCP2,0.6245047584006426,0.05404056467245333,1,1,1,CD8 T cell
TIMM13,0.6245830078257456,-0.02450675369444033,1,1,1,CD8 T cell
TNFRSF13C,0.6246597094029291,0.09052788785095123,1,1,1,CD8 T cell
BTBD8,0.624716832066061,-0.06191910702094661,1,1,1,CD8 T cell
MYO1E,0.6247668764741461,-0.01654646810318372,0.917,1,1,CD8 T cell
HSD17B10,0.624941681007775,0.036359736735567826,1,1,1,CD8 T cell
MYB,0.6249746819863641,-0.0611684708937239,0.917,1,1,CD8 T cell
ABL1,0.624993144226488,0.03814506065745937,1,1,1,CD8 T cell
ATP1B1,0.6250804948683117,0.12493450122420224,1,1,1,CD8 T cell
AMOTL1,0.6251145111220041,0.0013336260198815175,0.667,0.75,1,CD8 T cell
WDR5B,0.6251239020073833,-0.046863066868753744,1,1,1,CD8 T cell
TGFB2,0.6251622566788737,0.001429987394329757,0.583,0.5,1,CD8 T cell
ZNF436,0.6251885077150219,-0.011096981757027669,1,1,1,CD8 T cell
CHST2,0.6252058712716144,-0.06888753194493491,1,1,1,CD8 T cell
RAB38,0.6252840430778187,-0.017526888436743437,1,1,1,CD8 T cell
THAP12,0.6253075639475536,0.027991767754158015,1,1,1,CD8 T cell
SGSM3,0.6253235906984786,-0.041099762589841715,1,1,1,CD8 T cell
BBS1,0.6253866513703771,0.05188189705616786,1,1,1,CD8 T cell
MEX3C,0.6254804223152013,-0.02105332145061889,1,1,1,CD8 T cell
USP48,0.6254818214949174,0.02149295128203721,1,1,1,CD8 T cell
EBF4,0.6254912302519576,-0.08149530862753807,1,1,1,CD8 T cell
HDAC10,0.6255135128615137,-0.009709475436173065,1,1,1,CD8 T cell
KNSTRN,0.6256453329290854,-0.038284565039752305,1,1,1,CD8 T cell
COPG1,0.625798856485168,-0.01657944219786678,1,1,1,CD8 T cell
NDUFC1,0.625825805779149,-0.006281206167944031,1,1,1,CD8 T cell
NUDCD3,0.6258716136974034,-0.022562476129570824,1,1,1,CD8 T cell
NOSIP,0.6258912296277377,0.09283614201455814,1,1,1,CD8 T cell
NIPSNAP2,0.6260303074290842,-0.017670441941848525,1,1,1,CD8 T cell
HMG20B,0.6260877328493654,0.027395924626695184,1,1,1,CD8 T cell
NDUFAF5,0.626118002321365,0.08838304606693992,1,1,1,CD8 T cell
CDC6,0.6261378815702041,0.06682444687631861,1,0.917,1,CD8 T cell
GTF2F1,0.6262174754924484,0.024431774772925574,1,1,1,CD8 T cell
ACTB,0.6262556571780887,0.043137834028851074,1,1,1,CD8 T cell
KDM3A,0.6265000700148069,-0.0225154048282179,1,1,1,CD8 T cell
CCR7,0.6266677303084405,0.14204214309178376,1,1,1,CD8 T cell
KCTD3,0.6266796094305451,0.05084108391189046,0.917,1,1,CD8 T cell
KCNRG,0.6266921779659729,0.061015184777312825,1,0.833,1,CD8 T cell
PAK6,0.6267278669283722,0.06700554195147124,1,1,1,CD8 T cell
EHHADH,0.6268003304990641,-0.05543850516687199,1,1,1,CD8 T cell
SIGLEC6,0.6269021751366092,0.0034810489689789392,0.5,0.667,1,CD8 T cell
CES1,0.6269085527501828,-0.014778079962807666,0.583,0.833,1,CD8 T cell
ENDOD1,0.6269913422352369,-0.03971640848085145,1,1,1,CD8 T cell
ABI3,0.6271007986844289,0.05456946434437282,1,1,1,CD8 T cell
MBD1,0.6271611576570313,0.01816427801733944,1,1,1,CD8 T cell
GMFG,0.6272906868642081,-0.01159193109993173,1,1,1,CD8 T cell
FAM149B1,0.6273161029074674,0.0682388517567678,1,1,1,CD8 T cell
NRTN,0.6273282290378952,0.014181798399918844,0.667,0.667,1,CD8 T cell
VAMP5,0.6273644463970163,-0.023728955397842727,1,1,1,CD8 T cell
SAMD15,0.6274424996013779,0.012596041680314585,0.75,0.667,1,CD8 T cell
PYCR2,0.6274506330458154,-0.00861000678059698,1,1,1,CD8 T cell
DUSP1,0.6274924614456983,-0.10148051429008786,1,1,1,CD8 T cell
SCRN1,0.6275403218717219,0.0860209252219506,1,1,1,CD8 T cell
KDF1,0.6277215458202695,0.02631489440147705,0.917,0.667,1,CD8 T cell
TFRC,0.6278680843894817,-0.04770876719239603,1,1,1,CD8 T cell
MAPKAPK3,0.628040504611975,0.03835460337283608,1,1,1,CD8 T cell
PPP1R11,0.6280406284658689,-0.02128508696137682,1,1,1,CD8 T cell
U2AF2,0.6281210778635732,-0.02041071053089971,1,1,1,CD8 T cell
PEX1,0.6281237475925334,-0.029346588876848267,1,1,1,CD8 T cell
TNFRSF1A,0.6281269115574578,0.03580251435181192,1,1,1,CD8 T cell
DHCR24,0.6281345121408954,0.11791503501971912,1,1,1,CD8 T cell
MB,0.628155890810385,-0.01728647060521915,0.167,0.333,1,CD8 T cell
GFM2,0.628174983931463,0.02115364151025423,1,1,1,CD8 T cell
ITGA5,0.6282174131528859,-0.05419982909066701,1,1,1,CD8 T cell
SESN1,0.6282363821057348,0.1094424108580791,1,1,1,CD8 T cell
AQP9,0.6282451159436457,0.024521719265607977,0.833,0.917,1,CD8 T cell
TXNL4A,0.6282697164091606,-0.019277804893474304,1,1,1,CD8 T cell
RCAN1,0.6282884676761065,-0.024109902313633746,1,1,1,CD8 T cell
PPP2R2D,0.6283201269214468,0.013823120536503392,1,1,1,CD8 T cell
VPS9D1,0.628369565045231,-0.04762007703886928,1,1,1,CD8 T cell
TRIM44,0.6283764412016011,0.032905185215860944,1,1,1,CD8 T cell
BLTP3A,0.6284901248365748,0.06478083770225007,1,1,1,CD8 T cell
KIF24,0.6285040688197406,0.002846184761950976,0.667,0.833,1,CD8 T cell
SCAND3,0.6285747469176187,-0.018248870737906042,0.083,0.25,1,CD8 T cell
PRELID1,0.6286503304197315,0.017403442186462614,1,1,1,CD8 T cell
TBL1XR1,0.6286743793875754,-0.025865402992389486,1,1,1,CD8 T cell
TAF7L,0.6286765238981791,-0.013590891388775894,0.333,0.583,1,CD8 T cell
MLXIP,0.6286902012655433,-0.027553705803201156,1,1,1,CD8 T cell
MCFD2,0.6287530801519,0.048758103228836,1,1,1,CD8 T cell
CASP8,0.6287945541318756,0.04545602833923246,1,1,1,CD8 T cell
TMEM184B,0.6288045751910194,-0.04528877594011041,1,1,1,CD8 T cell
OR5B21,0.6288235537399982,-0.033327476713543636,0.917,1,1,CD8 T cell
KDM1A,0.6288703896052263,0.005465380243232176,1,1,1,CD8 T cell
TRIP10,0.6292324268303631,0.06235525681705667,1,1,1,CD8 T cell
HFE,0.6293081695565108,-0.008646509069415664,1,1,1,CD8 T cell
GOLGA8R,0.6293485136931426,-0.016498922975391128,0.5,0.667,1,CD8 T cell
SNX5,0.6293581254020497,0.04121776468423172,1,1,1,CD8 T cell
RFX1,0.6293701865807404,-0.0029737150623583286,1,1,1,CD8 T cell
ALKBH1,0.6293840424420003,0.039601502801182464,1,1,1,CD8 T cell
ANGPTL6,0.6294033150519859,0.010299542041954712,1,1,1,CD8 T cell
CARD9,0.6294454330352166,5.757009291347259e-4,0.75,0.75,1,CD8 T cell
RNASE3,0.6294469161006344,-0.01020704609386458,0.083,0.333,1,CD8 T cell
DNAI1,0.6294477854206928,0.0072326917503344745,0.167,0.083,1,CD8 T cell
LAMTOR1,0.6295588308439217,0.025473821379600525,1,1,1,CD8 T cell
EFCAB13,0.6296197334828298,-0.09502945318209033,1,1,1,CD8 T cell
PTPN20,0.6296454211919903,-0.01430602996174013,0.25,0.417,1,CD8 T cell
ASB9,0.629653101224591,0.004360231179314944,0.5,0.417,1,CD8 T cell
QRSL1,0.6296700618803781,0.0699412533024506,1,1,1,CD8 T cell
PNPLA3,0.6297790931056699,-2.6461332398008963e-4,0.167,0.333,1,CD8 T cell
DNAJC8,0.6297941206725923,0.023154356058145753,1,1,1,CD8 T cell
MSANTD3,0.6298382987075328,0.02945148559991806,1,1,1,CD8 T cell
OR2Z1,0.6298463295761434,0.011873750096413449,0.667,0.417,1,CD8 T cell
TGIF1,0.629879479039988,-0.07390502367088647,1,1,1,CD8 T cell
EPB41L4B,0.6299032745153832,0.004679289768347417,0.25,0,1,CD8 T cell
AKR1C3,0.6299792185005613,-0.19139104771551463,1,1,1,CD8 T cell
RNF187,0.6299996917025618,-0.020803648715342737,1,1,1,CD8 T cell
SENP7,0.630047588166838,-0.005322029395854688,1,1,1,CD8 T cell
CCDC171,0.6301702580909583,0.073591060953623,1,1,1,CD8 T cell
CDH2,0.6301856667041601,0.01298572436872325,0.75,0.667,1,CD8 T cell
RRS1,0.6302051314063374,0.04105169112574014,1,1,1,CD8 T cell
SLC22A4,0.6302684445096733,0.0023731071748409605,0.417,0.5,1,CD8 T cell
TRAM1,0.6302752186510894,-0.024018444731074062,1,1,1,CD8 T cell
KIN,0.6303726729188982,0.003367689570937138,1,1,1,CD8 T cell
KLHDC10,0.6304080301233556,-0.031192753657163785,1,1,1,CD8 T cell
MCF2L,0.6304159909997369,0.10884955421252185,1,1,1,CD8 T cell
ZNF496,0.6304560563774961,0.06856406351287214,1,1,1,CD8 T cell
B3GNT8,0.630491119737103,0.07070963441974021,1,1,1,CD8 T cell
SCN5A,0.6306253442743187,-0.016004776817028166,0.167,0.25,1,CD8 T cell
PRAG1,0.6306519540438987,0.07589550881808305,1,1,1,CD8 T cell
IFNG,0.6307049900897159,-0.1540563244624802,1,1,1,CD8 T cell
USF1,0.6308997326588246,-0.02778421617670307,1,1,1,CD8 T cell
RAB25,0.6309032919500428,0.01734870478868622,0.75,0.583,1,CD8 T cell
GRID2IP,0.6309497876141901,0.016716935157445434,0.167,0.167,1,CD8 T cell
RRBP1,0.6309560368095132,-0.05599668624720655,1,1,1,CD8 T cell
ATG7,0.6309803556535193,0.00431212269989556,1,1,1,CD8 T cell
KCNIP2,0.6310031174717234,0.013852040236730367,1,1,1,CD8 T cell
DDX21,0.6311676605020049,-0.030798537961818282,1,1,1,CD8 T cell
C15orf62,0.631183523752878,0.019255166416288105,1,1,1,CD8 T cell
LCN2,0.6312100126283617,-0.005862048852206314,0.417,0.417,1,CD8 T cell
ZNF268,0.631226639453267,0.03272125532866532,1,1,1,CD8 T cell
NDRG1,0.6313069223527059,-0.014880727947732653,1,1,1,CD8 T cell
WDR44,0.6313785486712427,-0.05095092130767376,1,1,1,CD8 T cell
IFIT1,0.6313969876499685,0.07102831021979883,1,1,1,CD8 T cell
CYP2C8,0.6314518054741722,0.059356257915868404,0.833,0.75,1,CD8 T cell
IER3,0.631528204232923,-0.038076424060395464,1,1,1,CD8 T cell
RUNX3,0.6315334497778922,-0.040904722375492586,1,1,1,CD8 T cell
TIGD5,0.6316104076255892,0.04497341217609363,1,1,1,CD8 T cell
ARFGAP1,0.6316679548039967,0.08151398765385798,1,1,1,CD8 T cell
TFEC,0.6317009689256696,-0.02035453374986229,0.917,0.833,1,CD8 T cell
SP110,0.6318930675971959,-0.027400605328651073,1,1,1,CD8 T cell
SCAI,0.6319406712608817,0.08650897567222171,1,1,1,CD8 T cell
ATIC,0.6320437839033013,0.043817831899690185,1,1,1,CD8 T cell
CCDC180,0.6321571567437804,0.04645342508078931,1,1,1,CD8 T cell
OGFR,0.6321618678187941,0.03799737418047805,1,1,1,CD8 T cell
LONRF1,0.632164116062438,0.0476879968251529,1,1,1,CD8 T cell
ICA1L,0.6321661192244277,-0.05597581123412709,1,1,1,CD8 T cell
POLR2I,0.6321675278651046,0.01705654194718101,1,1,1,CD8 T cell
UFD1,0.6321722127093508,0.047864223597524624,1,1,1,CD8 T cell
GAR1,0.6322148885069079,-0.027006455406896224,1,1,1,CD8 T cell
ANAPC7,0.6322195806787825,-0.011224508872995642,1,1,1,CD8 T cell
TRIT1,0.6322579188266485,0.04219993171273151,1,1,1,CD8 T cell
SFRP5,0.6322971244527005,0.004640259699172589,0.25,0,1,CD8 T cell
SEMA4C,0.6323161037540037,0.05181922346245925,1,1,1,CD8 T cell
DUS4L,0.6323196476476411,0.06743148352745498,1,1,1,CD8 T cell
HS3ST1,0.6323519316755218,0.004942120325327259,0.417,0.333,1,CD8 T cell
ZDHHC16,0.6323782950715122,-0.011579115251626804,1,1,1,CD8 T cell
EXOSC4,0.6324161427057262,0.0032072444207635886,1,1,1,CD8 T cell
STARD5,0.6324347147086276,-0.03638190457298984,1,1,1,CD8 T cell
LRIG1,0.6324378045099088,-0.09310672056404301,1,1,1,CD8 T cell
TUBGCP2,0.6324859605378335,-0.046076366823389364,1,1,1,CD8 T cell
RHOU,0.6325636023069172,0.102809481172639,1,1,1,CD8 T cell
RBL1,0.6325990400869823,-0.02379800182626908,1,1,1,CD8 T cell
TNFAIP8,0.6326002480482211,0.040675644371485964,1,1,1,CD8 T cell
SFI1,0.6327382440818287,-0.014103656734767711,1,1,1,CD8 T cell
VASP,0.6328025131744948,0.03792557193276558,1,1,1,CD8 T cell
OTULIN,0.6329899263525149,0.0431190679297081,1,1,1,CD8 T cell
DRD4,0.6330651710807471,-0.00976460743441443,0.667,0.667,1,CD8 T cell
MANBA,0.6331271359740533,0.04011274090608974,1,1,1,CD8 T cell
MYO3B,0.6332061611281016,-0.13102488932371248,0.917,1,1,CD8 T cell
FKBP11,0.6332366099334686,-0.021786551624350503,1,1,1,CD8 T cell
TSNAX,0.6332705890592691,0.02118104051051381,1,1,1,CD8 T cell
UBE3D,0.6333306254050446,-0.014416916915552136,1,1,1,CD8 T cell
SUPT3H,0.6333652447908749,0.07125554503293485,1,1,1,CD8 T cell
SLC25A38,0.6334009666539293,-0.015537268069644283,1,1,1,CD8 T cell
TPD52L2,0.6334115026527736,-0.019031713069095124,1,1,1,CD8 T cell
OPN3,0.6334448168654891,-0.03227931255207217,1,1,1,CD8 T cell
SLC22A23,0.6334487974811229,0.007786414452698676,0.667,0.75,1,CD8 T cell
CEBPA,0.6336637772827333,-0.05325281280455929,0.917,1,1,CD8 T cell
HSPG2,0.6337473294165481,-0.006462578479678349,0.083,0.25,1,CD8 T cell
SUCLA2,0.6338092244847794,-0.02396297975176509,1,1,1,CD8 T cell
RMND5A,0.6338697514995352,-0.04379293397952089,1,1,1,CD8 T cell
GLIPR1L2,0.6338899933456429,-0.06054185943106871,1,1,1,CD8 T cell
CEP135,0.6339024442552322,-0.01957142427902414,1,1,1,CD8 T cell
NEK9,0.6339823554514811,-0.019577510708006285,1,1,1,CD8 T cell
DNAH6,0.6342125592790908,-0.030818613425223962,0.75,0.917,1,CD8 T cell
ZNF215,0.6342239764636939,0.01835126489892369,0.5,0.417,1,CD8 T cell
SENP8,0.634234027913209,-0.0039225200525780934,0.917,1,1,CD8 T cell
PYGO2,0.634239498114877,0.03243543611771943,1,1,1,CD8 T cell
PGM2L1,0.634369863886481,-0.01621248675227749,1,1,1,CD8 T cell
ZNF653,0.63451907092517,0.00228956415882009,1,1,1,CD8 T cell
AKR1C8,0.6345491300477537,-0.09803419112135803,1,1,1,CD8 T cell
EFNA5,0.6345897816439556,0.1486378824352994,1,0.917,1,CD8 T cell
SRGAP1,0.6346152124770401,-0.017435597396255886,0.417,0.5,1,CD8 T cell
RWDD4,0.6346748688002546,-0.02778567374201546,1,1,1,CD8 T cell
OSGEP,0.6347284978830727,-0.026030594804665963,1,1,1,CD8 T cell
POLE2,0.6348044321772025,-0.024652302205340426,1,1,1,CD8 T cell
ANAPC4,0.6348509264242725,0.04105458321033956,1,1,1,CD8 T cell
SMPD1,0.6348652309479434,-0.04640917100913877,1,1,1,CD8 T cell
RIBC1,0.6348826924709274,0.01790729968205662,1,1,1,CD8 T cell
KLHL15,0.6349673535786491,-0.014297913884931734,1,1,1,CD8 T cell
MAP4K5,0.6349781688881413,-0.012183366467830192,1,1,1,CD8 T cell
CWC15,0.6351534082639965,-0.017999778303827485,1,1,1,CD8 T cell
KCTD1,0.6351608163207687,0.02101651867440646,1,1,1,CD8 T cell
CDC45,0.6351671139315878,-0.010191249518790357,0.917,0.917,1,CD8 T cell
CYP51A1,0.6352681151754292,-0.04746893023817167,1,1,1,CD8 T cell
FRYL,0.6353206592530447,-0.011109547563785238,1,1,1,CD8 T cell
RMC1,0.6354005259026045,0.03555363009870881,1,1,1,CD8 T cell
PTPN2,0.635537463022762,0.03285055801044545,1,1,1,CD8 T cell
HES7,0.6356334981058094,-0.026412056009720963,0.833,0.833,1,CD8 T cell
PRDM10,0.6356995304975388,0.007762430748789351,1,1,1,CD8 T cell
LAGE3,0.6357106731007225,0.07389014590524523,1,1,1,CD8 T cell
ZBTB7B,0.6357391439890733,-0.04143081619106309,1,1,1,CD8 T cell
UBFD1,0.635810917143121,-0.0032553006623237124,1,1,1,CD8 T cell
BRAT1,0.6358808894379866,-0.03532265834047865,1,1,1,CD8 T cell
ANTXR1,0.6359216118966775,-0.0016692584822117773,0.083,0.333,1,CD8 T cell
CST3,0.6359658098985068,-0.08548174715400414,1,1,1,CD8 T cell
HNMT,0.6360993917832893,0.011161080781882937,0.75,0.75,1,CD8 T cell
ATG4C,0.6361102386452446,-0.0518231918963612,1,1,1,CD8 T cell
UPP1,0.6361381084771383,-0.041575492897455685,1,1,1,CD8 T cell
TTC39B,0.6362108827953753,0.05028872593188535,1,1,1,CD8 T cell
SEMA3G,0.6362240543035544,-0.0070108578704362046,0.333,0.5,1,CD8 T cell
PCNX1,0.6362340898524576,0.031925710333501334,1,1,1,CD8 T cell
NT5C3A,0.6362367882496012,0.05534214952392469,1,1,1,CD8 T cell
PLEKHG2,0.6362488981798512,0.07489904681931092,1,1,1,CD8 T cell
FAM234A,0.6362953489910801,0.03193581787465982,1,1,1,CD8 T cell
FCGR3A,0.6364544219035482,-0.13242404737827096,1,1,1,CD8 T cell
FBXO22,0.6365749345723362,0.05407927314916028,1,1,1,CD8 T cell
TBC1D8,0.6365752011312629,0.03693933561163698,1,0.833,1,CD8 T cell
CHIC2,0.6366265890537717,0.004293174921971676,1,1,1,CD8 T cell
RNF126,0.6367119769161484,-0.014368542275142698,1,1,1,CD8 T cell
CNTNAP1,0.6367668387883225,-0.011533343474055435,0.667,0.75,1,CD8 T cell
ACD,0.6368000663875484,-0.04419479500786,1,1,1,CD8 T cell
CYP1A1,0.6368261651441587,0.014361462031462047,0.417,0.333,1,CD8 T cell
BCR,0.6368456957829831,-0.057763094593989095,1,1,1,CD8 T cell
SMC1B,0.6368700838147516,1.4958562480993365e-4,0.417,0.333,1,CD8 T cell
RFXAP,0.6369799586606175,-0.05796902361220124,1,1,1,CD8 T cell
FBXL8,0.6370094120408464,0.015451645109700873,1,1,1,CD8 T cell
FAM53A,0.6371424015479328,-0.05359040059974829,0.917,1,1,CD8 T cell
SLC36A1,0.6371424689617792,-0.05373370832141844,1,1,1,CD8 T cell
TIMM22,0.6372807863508859,0.007097989461930854,1,1,1,CD8 T cell
THOC5,0.6373058967321029,-0.005581869516155025,1,1,1,CD8 T cell
MYO1F,0.6373256325863322,-0.015220607733173352,1,1,1,CD8 T cell
CYTH2,0.6373274733961146,-0.019834275849230698,1,1,1,CD8 T cell
SLF2,0.6373474023209367,-0.022167771746609666,1,1,1,CD8 T cell
KLHL34,0.6373474227411154,1.0040862682147988e-4,0.167,0.417,1,CD8 T cell
MSANTD1,0.6374484261743842,-0.07573041362725252,0.917,1,1,CD8 T cell
TRMT61B,0.6374781306450328,-0.018932221854631615,1,1,1,CD8 T cell
TMEM147,0.6376229345548945,-0.02936997494056448,1,1,1,CD8 T cell
PLP2,0.6376990972365116,0.07389962872368905,1,1,1,CD8 T cell
HACD2,0.6377157246243119,-0.02387747973774943,1,1,1,CD8 T cell
OSCAR,0.6377239141370875,-0.014270377468963868,1,0.917,1,CD8 T cell
COL1A1,0.637762330204614,-0.01603671954963648,0.083,0.333,1,CD8 T cell
ZBED1,0.6377704575183547,0.054883412463375025,1,1,1,CD8 T cell
HOXA10,0.6377856424745688,0.03367674282937738,0.917,1,1,CD8 T cell
METTL25B,0.6378004143346001,0.04925200010389563,1,1,1,CD8 T cell
PKD2L2,0.6378180510019472,0.013522662646880512,0.75,0.583,1,CD8 T cell
ZNF764,0.637963666746753,-0.05030558951885178,1,1,1,CD8 T cell
SEMA4B,0.6380567099516432,0.04229793711040575,1,1,1,CD8 T cell
GNPTAB,0.638107461840121,-0.04029245188451158,1,1,1,CD8 T cell
PALS2,0.6381223035015593,-0.05827100450775313,1,1,1,CD8 T cell
HTR4,0.6381948679567547,-0.018828946557514215,0.667,0.833,1,CD8 T cell
KBTBD7,0.6382269717212739,0.022183824164552668,1,1,1,CD8 T cell
CCT3,0.6383064795470115,0.03674096474221589,1,1,1,CD8 T cell
SMOC1,0.6383148439033708,-0.010122269430675512,0.083,0.333,1,CD8 T cell
ITGAM,0.6385475689261386,-0.07874882770776104,1,1,1,CD8 T cell
EPHA4,0.6385654986216129,-0.11859264445653439,1,1,1,CD8 T cell
UBE2D2,0.6386022834542862,-0.028318498149537352,1,1,1,CD8 T cell
RNF165,0.6386079355492061,-0.06363661469257353,1,1,1,CD8 T cell
PEX7,0.6386663808523815,0.05815798346380241,1,1,1,CD8 T cell
RBM17,0.638717658758234,-0.017277997047874805,1,1,1,CD8 T cell
WDR33,0.6387622659452168,-0.019918225878701845,1,1,1,CD8 T cell
SPN,0.6387779902665238,0.03653265683203877,1,1,1,CD8 T cell
MADCAM1,0.6388168370582171,0.011282321833608666,0.75,0.583,1,CD8 T cell
DHX38,0.6388171890415428,-0.017644509861243052,1,1,1,CD8 T cell
LARGE1,0.6389466649477125,-0.031838006351211146,0.75,0.917,1,CD8 T cell
RENBP,0.6389998726427661,0.08980929790758996,1,1,1,CD8 T cell
EIF5A2,0.6390139325652902,-0.040252132761819936,1,1,1,CD8 T cell
GLDC,0.6391930812484019,0.007089263684676883,0.5,0.333,1,CD8 T cell
KLHL3,0.6392001880249262,-0.041990234941740034,1,1,1,CD8 T cell
PIP4K2A,0.6392092772538287,0.023880979078323872,1,1,1,CD8 T cell
BAG2,0.6392232066477688,-0.050525028525158944,1,1,1,CD8 T cell
RCE1,0.6392270403436023,-0.041328607292264063,1,1,1,CD8 T cell
AKR1B1,0.6392961124308365,0.026103606343897523,1,1,1,CD8 T cell
RAB18,0.6393341069057308,-0.03264490457965996,1,1,1,CD8 T cell
CFAP95,0.6395425000498149,0.004318212952553857,0.25,0,1,CD8 T cell
ZFR2,0.6395816508979439,0.027988237231021174,0.75,0.833,1,CD8 T cell
HDAC11,0.6395909436315692,0.0891305429693694,1,1,1,CD8 T cell
NAA80,0.6396345045577876,0.06197901433549324,1,1,1,CD8 T cell
HGFAC,0.6396660732405097,-0.006349321139745623,0.167,0.417,1,CD8 T cell
XIRP1,0.6397424688604616,0.014574534738810652,0.417,0.167,1,CD8 T cell
BBS12,0.63997880168511,0.03505527667276587,1,1,1,CD8 T cell
MTARC2,0.6400965272643724,0.016306753996345513,0.333,0.167,1,CD8 T cell
DMRT2,0.6401602480135167,0.005304247161773024,0.833,0.75,1,CD8 T cell
DLG1,0.6402364845752226,-0.005194181554396646,1,1,1,CD8 T cell
LANCL1,0.6402384668041304,-0.02390825929286497,1,1,1,CD8 T cell
MAP7,0.6404216540418867,-0.019097948253483654,0.667,0.667,1,CD8 T cell
GPATCH3,0.6405167858403368,0.016413381190807375,1,1,1,CD8 T cell
SCO1,0.6405586787720656,0.004591401150586982,1,1,1,CD8 T cell
SIRT2,0.6405598084415987,0.0087414657503741,1,1,1,CD8 T cell
HAUS1,0.6405814170185746,0.024102716762740117,1,1,1,CD8 T cell
LIPE,0.6406100176160667,-0.08828751554703684,1,1,1,CD8 T cell
YARS2,0.6406777568814055,-0.0030020585536880695,1,1,1,CD8 T cell
GPC5,0.6407155531994366,0.002646536417746592,0.417,0.583,1,CD8 T cell
EXOSC7,0.6407771177175707,0.0646635406551721,1,1,1,CD8 T cell
SLX4IP,0.6408215450411061,0.005282168481144378,1,1,1,CD8 T cell
SENP3,0.640839963348923,-0.05926581568912703,1,1,1,CD8 T cell
KLHL4,0.6409400891824755,0.0658618791929686,0.833,0.667,1,CD8 T cell
LYRM9,0.6409403929613025,0.03931824613376711,1,1,1,CD8 T cell
DCBLD1,0.6410548703477378,0.056029906068904456,1,1,1,CD8 T cell
WDR12,0.641142479851401,-0.06905300836690964,1,1,1,CD8 T cell
TNFSF4,0.641209326447102,0.07433994163971747,1,1,1,CD8 T cell
RNF146,0.6413111626158585,0.038589090687836336,1,1,1,CD8 T cell
CHRNA5,0.6413349029296598,0.0136025113627114,0.917,1,1,CD8 T cell
RAB32,0.6414293445992044,-0.005132958876636007,0.917,0.75,1,CD8 T cell
ATP6V1H,0.6415095600832357,-0.00799050498935358,1,1,1,CD8 T cell
JPT2,0.6416104189672045,0.022638518230977733,1,1,1,CD8 T cell
FAM98C,0.6416250835464768,-0.03118962758832522,1,1,1,CD8 T cell
MATN2,0.6416444029685703,-0.03379879131580488,0.5,0.5,1,CD8 T cell
ARMH4,0.6416573525976752,-0.0031431660597083244,0.167,0.417,1,CD8 T cell
DUOXA1,0.6416759900016777,9.765620743675818e-4,0.417,0.25,1,CD8 T cell
SYNJ2BP,0.6417498816588005,-0.055975311842905606,1,1,1,CD8 T cell
NAB2,0.6417796670084469,0.020829653591896147,1,1,1,CD8 T cell
TNS1,0.6418398943283519,-0.003888633609352876,0.417,0.5,1,CD8 T cell
PLEKHA7,0.6418945828713267,0.040609183044447494,0.917,0.833,1,CD8 T cell
BEND2,0.6419193210916988,-0.003365954881958899,0.333,0.25,1,CD8 T cell
ABCA10,0.6419515526893356,0.058486976989201356,1,1,1,CD8 T cell
ADM5,0.6419522608036378,0.04428167001473904,1,1,1,CD8 T cell
DOLPP1,0.6420101242965867,0.03709871855196667,1,1,1,CD8 T cell
VAMP8,0.6420718578233624,-0.026885348332684522,1,1,1,CD8 T cell
PARP10,0.6420814877903813,-0.02816547812168868,1,1,1,CD8 T cell
PIH1D1,0.642205739167562,0.04695966188946761,1,1,1,CD8 T cell
SETD3,0.6422336634592596,0.035664668675754685,1,1,1,CD8 T cell
ZC3H6,0.6423828047534896,0.04650669030275434,1,1,1,CD8 T cell
HEATR9,0.6423958269724361,0.06506236954251099,1,1,1,CD8 T cell
ADM,0.642410985794906,0.004211982241126844,0.75,0.583,1,CD8 T cell
ABL2,0.6424595495936622,0.04868249582009665,1,1,1,CD8 T cell
SCARF1,0.6425005975634088,-0.03955521573867937,0.75,0.833,1,CD8 T cell
ACSS1,0.6425056555004842,-0.03836656206609351,1,1,1,CD8 T cell
NFATC1,0.6425892060392622,-0.03609051147580683,1,1,1,CD8 T cell
HERPUD2,0.6426316318305383,-0.018490834968645453,1,1,1,CD8 T cell
H1-5,0.6426632978302386,-0.03520548423048153,1,1,1,CD8 T cell
SLC30A8,0.6426860487089039,0.05558382667274264,0.5,0.25,1,CD8 T cell
ADAMTS1,0.6427402522603352,0.12217023378260206,1,1,1,CD8 T cell
ENOX2,0.6428918110572968,-0.0018468042286010622,1,1,1,CD8 T cell
L3MBTL2,0.6429121228068424,-0.06346424695107766,1,1,1,CD8 T cell
ACACA,0.6429212077609638,-0.06902235335137141,1,1,1,CD8 T cell
TMEM151A,0.6429788222200098,0.004500295313725644,0.25,0,1,CD8 T cell
ZNF474,0.6430118245942071,-0.005791614186473559,0.583,0.667,1,CD8 T cell
DYNC2LI1,0.643021311698425,0.02829455023084737,1,1,1,CD8 T cell
LAX1,0.6430544232062927,0.042770949935082625,1,1,1,CD8 T cell
PARP1,0.6430643169782134,0.02873707839111833,1,1,1,CD8 T cell
BIK,0.6431606273127698,0.020683016720221215,0.917,0.917,1,CD8 T cell
STX11,0.6433737417509862,-0.03767217760712083,1,1,1,CD8 T cell
ZNF669,0.6435575456911624,-0.006098479578342975,1,1,1,CD8 T cell
KNOP1,0.6436528759776937,0.03871862433565498,1,1,1,CD8 T cell
LBH,0.6436819673156773,0.039552954678288454,1,1,1,CD8 T cell
TAGLN3,0.6437207987323236,0.0052061895174997375,0.333,0.167,1,CD8 T cell
SLC31A2,0.6438091970203026,-0.043666519829167694,1,1,1,CD8 T cell
TENT5A,0.6439813786912056,-0.06472151781435964,1,1,1,CD8 T cell
BFSP1,0.6440482482833971,-0.09217454274854786,1,1,1,CD8 T cell
MPHOSPH9,0.6441564835746838,-0.024826987454611427,1,1,1,CD8 T cell
DHODH,0.6441797501990265,0.057604028184391254,1,1,1,CD8 T cell
INTS4,0.6441853218665272,0.03365217570520951,1,1,1,CD8 T cell
SLCO3A1,0.6442217424268454,0.032896207663301924,1,1,1,CD8 T cell
PRKCE,0.6442938498324344,0.023800743922149037,1,1,1,CD8 T cell
CEP295,0.6443081348519765,-0.01962919241854122,1,1,1,CD8 T cell
FANCC,0.6444230282809525,-0.05644046267420988,1,1,1,CD8 T cell
DDX1,0.6446678569302888,-0.015383977833914764,1,1,1,CD8 T cell
KCNH8,0.6447574213294562,7.726473609839246e-4,0.333,0.167,1,CD8 T cell
SGCE,0.6447733118067653,-0.03907095110031955,1,1,1,CD8 T cell
ACOT9,0.6448360503060129,0.025187751615970866,1,1,1,CD8 T cell
CMTM3,0.6448794076550224,0.034907814519860914,1,1,1,CD8 T cell
COX20,0.6448911508838464,-0.07459758302565112,1,1,1,CD8 T cell
CBY1,0.6450320792135203,0.05135637780812097,1,1,1,CD8 T cell
SNX3,0.645151004598173,-0.01934317926576168,1,1,1,CD8 T cell
CD80,0.6451761409990464,-0.03144040364473755,0.75,1,1,CD8 T cell
PID1,0.645249135119958,-0.017866730054380664,0.75,0.917,1,CD8 T cell
RUVBL2,0.6452669653668419,0.02543815524304205,1,1,1,CD8 T cell
SPIRE1,0.6453694247242887,-0.054342206655666914,1,1,1,CD8 T cell
MAP3K14,0.6455006427823569,0.08814271886109637,1,1,1,CD8 T cell
CLEC1B,0.6455161133448611,-0.012020852681621008,0.25,0.417,1,CD8 T cell
ZNF821,0.6455642919182989,0.035171462397079356,1,1,1,CD8 T cell
PDE9A,0.6456810322888951,-0.037361272069789564,1,1,1,CD8 T cell
KIF21A,0.6457994596700032,0.04720143870932114,1,1,1,CD8 T cell
USP50,0.6458797326471108,0.038328082962914234,1,0.833,1,CD8 T cell
UPK2,0.6459176342373869,0.014158474788312336,0.833,0.833,1,CD8 T cell
UPF1,0.6460018911123129,0.030897539916191874,1,1,1,CD8 T cell
NPEPL1,0.6460059397095721,0.036082785700050024,1,1,1,CD8 T cell
CDON,0.6460083843854962,0.02015307342835948,0.75,0.667,1,CD8 T cell
MKI67,0.6460177924577604,0.11054154593230825,1,1,1,CD8 T cell
GLIPR1,0.6460442972585292,-0.025456302032097033,1,1,1,CD8 T cell
PYROXD1,0.6461708325071964,0.051495069799352755,1,1,1,CD8 T cell
TMEM97,0.6462191286701551,-0.06810211114776044,1,1,1,CD8 T cell
PACSIN2,0.6462608421352061,-0.026057653660963798,1,1,1,CD8 T cell
SLC6A13,0.6463530746675854,0.04200564554748798,1,1,1,CD8 T cell
FNIP2,0.6464062182067689,0.06807374126696031,1,1,1,CD8 T cell
PFDN6,0.6464500338274166,0.037218612624111996,1,1,1,CD8 T cell
ZFHX2,0.6465707571840345,-0.013428613148910973,0.833,0.917,1,CD8 T cell
C14orf132,0.6465884924788321,-0.008871585910280366,0.417,0.583,1,CD8 T cell
FBXO5,0.6465938625975469,0.03836428513613166,1,1,1,CD8 T cell
GNPNAT1,0.6466346965694263,0.04012661696692654,1,1,1,CD8 T cell
FCAR,0.6467036079641406,-0.010239551567002625,1,1,1,CD8 T cell
ERICH6,0.6467100696232299,0.006676414237070549,0.333,0.333,1,CD8 T cell
SLC39A5,0.6467478328203193,-0.007125924437939801,0.5,0.417,1,CD8 T cell
TBK1,0.6468197882825506,-0.02507656010552292,1,1,1,CD8 T cell
PDIA5,0.6469006767973671,-0.037837468828207044,1,1,1,CD8 T cell
MGAT4A,0.6469670026934546,-0.021960524989410146,1,1,1,CD8 T cell
FAM161B,0.6470839733962301,0.008675087678397642,1,1,1,CD8 T cell
GPR25,0.6470988233371429,-0.07599584339124421,1,1,1,CD8 T cell
RBBP9,0.6471348814218533,-0.023129759503556446,1,1,1,CD8 T cell
FAM133B,0.6474750823319124,-0.016576130062725736,1,1,1,CD8 T cell
SLFN12L,0.6476439608838849,-0.015927161797133715,1,1,1,CD8 T cell
ELMO2,0.6476969693673951,0.03451428858363728,1,1,1,CD8 T cell
PCNT,0.6477518669551197,0.046481809443224165,1,1,1,CD8 T cell
SLC31A1,0.6478114086713392,-0.022520357695345883,1,1,1,CD8 T cell
ACVR2B,0.6478148086838589,-0.05462954354870364,1,1,1,CD8 T cell
JADE3,0.647823230360004,0.0067702319589009186,0.667,0.583,1,CD8 T cell
LYPD8,0.6478560960953106,0.0020409894600592615,0.333,0.25,1,CD8 T cell
EEF1A2,0.6479131112527449,-0.03011496715114692,0.667,0.833,1,CD8 T cell
TMTC1,0.647922645715385,0.006225631863915115,0.583,0.5,1,CD8 T cell
DMXL1,0.6480129713071879,0.00720255585803975,1,1,1,CD8 T cell
APOBEC3C,0.648235445524054,0.04548942049158411,1,1,1,CD8 T cell
ACTL7B,0.6482658542503021,4.206969783027148e-4,0.667,0.417,1,CD8 T cell
TSPAN18,0.648267139487956,0.12781979885525674,1,1,1,CD8 T cell
VSIG1,0.6483798036741314,-0.07657696267593783,1,1,1,CD8 T cell
LYRM1,0.648400769435548,0.02818644337736048,1,1,1,CD8 T cell
FRS3,0.6484138746579173,-0.03493975526371429,1,1,1,CD8 T cell
RTN4IP1,0.6485446088632993,-0.0787535069908758,1,1,1,CD8 T cell
ANKRD50,0.6486127337082951,0.028573792595620873,0.833,0.917,1,CD8 T cell
USP14,0.6486865176363827,0.002950440378488961,1,1,1,CD8 T cell
TPGS2,0.6486987211792672,-0.026180917980923805,1,1,1,CD8 T cell
IGF2BP3,0.648721042823915,0.041072761336355956,0.917,0.917,1,CD8 T cell
PRMT5,0.6488385967832024,0.05624213855607696,1,1,1,CD8 T cell
TM2D1,0.6488483483195002,0.028629707414350378,1,1,1,CD8 T cell
PNMA1,0.6491046447817815,0.04043980785279411,1,1,1,CD8 T cell
GPBP1L1,0.6491395682948276,-0.006932156305690773,1,1,1,CD8 T cell
SIRPG,0.6491452350143934,0.12935784280916884,1,1,1,CD8 T cell
WTAP,0.6491699104363045,-0.020735527298104517,1,1,1,CD8 T cell
ZNF589,0.6491839768367803,-0.03184898312494444,1,1,1,CD8 T cell
PDCD6,0.6492251156106285,0.035216059483381024,1,1,1,CD8 T cell
CDC42BPB,0.6492450767304765,0.02316387673875031,0.917,0.833,1,CD8 T cell
MEIG1,0.6492755328355437,0.03923060157165503,0.917,0.917,1,CD8 T cell
DDAH2,0.6493230803997792,0.06395779127085777,1,1,1,CD8 T cell
SNRNP48,0.6494344591804214,0.022050989362767837,1,1,1,CD8 T cell
ZNF799,0.6494663437494874,-0.05634485869526218,1,1,1,CD8 T cell
SCYL3,0.6494891823157294,0.02298954978236023,1,1,1,CD8 T cell
TRIM11,0.6494969572034639,-0.004022811070907739,1,1,1,CD8 T cell
EIF1AX,0.6496166955010232,-0.0012672185586319884,1,1,1,CD8 T cell
EXT1,0.6497306743952465,-0.02304908618639745,1,1,1,CD8 T cell
CALR,0.6497446144195278,-0.0330409117345537,1,1,1,CD8 T cell
COPZ1,0.6498018271007124,0.034327046821274576,1,1,1,CD8 T cell
GLRX5,0.6498100416760197,-0.012975158220726701,1,1,1,CD8 T cell
LONP1,0.6498675442124022,-0.03440562403272565,1,1,1,CD8 T cell
VRK3,0.6499130346817604,-0.009232201596188316,1,1,1,CD8 T cell
VSIG8,0.649958369847331,0.040170110465687525,1,1,1,CD8 T cell
MYZAP,0.6499656655406062,-0.011352169390942635,0.333,0.583,1,CD8 T cell
USP28,0.649973975609865,-0.041879096306489005,1,1,1,CD8 T cell
XYLB,0.6500709862879928,0.03256969734616488,0.917,1,1,CD8 T cell
SDK2,0.6500786484142105,-0.008120934290527515,0.75,0.583,1,CD8 T cell
SLC34A1,0.6500898717802628,-8.543934195617275e-4,0.667,0.75,1,CD8 T cell
SLC20A1,0.6501029687470692,0.044169883046059955,1,1,1,CD8 T cell
NRIP1,0.6501604850640119,-0.1139805125467348,1,1,1,CD8 T cell
CPSF3,0.6502033192168379,0.03452443690570339,1,1,1,CD8 T cell
BAAT,0.6502034876756306,0.005753938758507271,0.583,0.583,1,CD8 T cell
FOXO1,0.6502419842367251,-0.020572276205443676,1,1,1,CD8 T cell
EIF3M,0.650247318333725,0.03292351347040895,1,1,1,CD8 T cell
DDN,0.650253287963505,0.008139766614302157,0.5,0.25,1,CD8 T cell
GADD45G,0.6502868826607022,-0.01749025325168052,0.667,0.917,1,CD8 T cell
WHRN,0.6503437145545666,-0.11392428251643238,1,1,1,CD8 T cell
ARF4,0.6503933556902057,0.03058063394881194,1,1,1,CD8 T cell
VAT1,0.6504045179103962,0.0387368131574225,1,1,1,CD8 T cell
NOP58,0.6504554282747517,-0.012859206280117053,1,1,1,CD8 T cell
METRN,0.6504618579322884,-0.0045869833747111954,1,1,1,CD8 T cell
SCAF1,0.6506044841877953,-0.04811271149062446,1,1,1,CD8 T cell
URI1,0.6506346162962378,0.011952318118788607,1,1,1,CD8 T cell
CALM3,0.6506388592880149,0.04338569111422086,1,1,1,CD8 T cell
CHST13,0.6507164409016415,0.016075636868645216,0.25,0.167,1,CD8 T cell
TMEM184C,0.650718201179157,0.021047161706734485,1,1,1,CD8 T cell
C3orf52,0.6507437766838406,0.00992623680135818,0.667,0.667,1,CD8 T cell
ARL8B,0.650751511733713,0.02912098334787233,1,1,1,CD8 T cell
MALT1,0.6509459723811428,0.02373871540968886,1,1,1,CD8 T cell
ZNF213,0.6509641578687402,0.057876431093989655,1,1,1,CD8 T cell
CCDC17,0.650983290671595,0.06319113519628727,1,1,1,CD8 T cell
ATG4D,0.6510253259981451,-0.022397795001594445,1,1,1,CD8 T cell
NMD3,0.6510366942953513,0.04543546909913675,1,1,1,CD8 T cell
SUB1,0.651049838502167,-0.038582116461593596,1,1,1,CD8 T cell
GRWD1,0.6510772625103693,0.022974586745831416,1,1,1,CD8 T cell
PIGA,0.6510843308629686,-0.02093681600893449,1,1,1,CD8 T cell
SVIL,0.6510893509050739,-0.0751471485202877,1,1,1,CD8 T cell
ITGA9,0.651117126738034,-0.011015453002229503,0.417,0.5,1,CD8 T cell
MTAP,0.6511751280136279,0.06088433162719564,1,1,1,CD8 T cell
CTNNBL1,0.6512561477316604,0.08682369767786713,1,1,1,CD8 T cell
TAF11L8,0.6513176498182045,-0.0047511077932616,0.083,0.333,1,CD8 T cell
CLEC12B,0.6513650988228166,-0.02031226717176393,0.417,0.667,1,CD8 T cell
E2F6,0.6513828830610833,0.021290442424164446,1,1,1,CD8 T cell
PPP2CA,0.6515536762064852,0.03898283679289931,1,1,1,CD8 T cell
PARD3,0.6515995998783745,-0.01285955772939218,0.25,0.333,1,CD8 T cell
CHRNA9,0.6516442818589595,-0.009512846296638067,0.5,0.417,1,CD8 T cell
SNRNP70,0.6516645512044681,-0.004335296011904161,1,1,1,CD8 T cell
HBEGF,0.6517133524221546,0.01917077824330171,1,1,1,CD8 T cell
CERS4,0.6517387998823196,0.06861131802918763,1,1,1,CD8 T cell
CXCR4,0.6519520305563844,-0.1210798526660466,1,1,1,CD8 T cell
SLC7A5,0.6521494527334575,-0.06021046855250556,1,1,1,CD8 T cell
EEF1AKMT3,0.6521921365233567,-0.06996376784930813,1,1,1,CD8 T cell
SUOX,0.6521933342735672,-0.021796059153031067,1,1,1,CD8 T cell
PNLDC1,0.6522460894555175,-0.024035373497302004,0.833,0.833,1,CD8 T cell
RNF6,0.6522742272443895,-0.017853039544731927,1,1,1,CD8 T cell
MED25,0.6522838756745588,0.0055962545891750926,1,1,1,CD8 T cell
FRY,0.6523508532345639,-0.15107198366714902,1,1,1,CD8 T cell
GAS8,0.6523862722046021,0.03697642595587691,1,1,1,CD8 T cell
COX17,0.6524232921341477,0.013090443158892184,1,1,1,CD8 T cell
CYTH4,0.6525017161311422,0.044459293542443934,1,1,1,CD8 T cell
C11orf96,0.6526724775095905,-0.02454346531109719,0.833,0.917,1,CD8 T cell
APAF1,0.6526811482748163,0.043123213959479406,1,1,1,CD8 T cell
TMSB10,0.6527012222613291,-0.02731972976850683,1,1,1,CD8 T cell
KLK1,0.6527444525913295,-0.005778919720115461,0.167,0.25,1,CD8 T cell
NR2C2,0.652894996630959,-0.013902291575574655,1,1,1,CD8 T cell
SMIM14,0.6529280243685631,0.041125196528055574,1,1,1,CD8 T cell
DCP1A,0.6529783191726308,-0.02254131667556497,1,1,1,CD8 T cell
SMIM43,0.6530063322659881,-0.010733000665016146,0.167,0.25,1,CD8 T cell
F11,0.6531596192793209,-0.01581165922326111,0.667,0.75,1,CD8 T cell
MED6,0.6531612018227468,-0.010578390530517345,1,1,1,CD8 T cell
PELI3,0.6531852629654571,0.04127420055224551,1,1,1,CD8 T cell
SLC35A2,0.6531979479088982,0.0900390175491359,1,0.917,1,CD8 T cell
OXR1,0.6532984380016166,-0.04045813746820598,1,1,1,CD8 T cell
GPR155,0.6534307056315178,-0.042746539098741154,1,1,1,CD8 T cell
C2orf88,0.6535720005641925,0.01576816040120521,0.917,0.833,1,CD8 T cell
FITM2,0.653606815754084,0.013063230128216974,1,1,1,CD8 T cell
WDR13,0.6536255721364703,-0.01120918200646126,1,1,1,CD8 T cell
FAM50A,0.6536683492823896,-0.029641716791089318,1,1,1,CD8 T cell
ARL6IP6,0.6536814796717301,-0.020274091487030632,1,1,1,CD8 T cell
HCN3,0.6537350830431594,-0.07579170423681436,1,1,1,CD8 T cell
SLC66A2,0.6538076891494708,-0.05051922916362939,1,1,1,CD8 T cell
ZSWIM9,0.6538426410948832,0.019346579032861078,1,1,1,CD8 T cell
PIK3R6,0.6539214817804517,-0.03559881423382727,1,1,1,CD8 T cell
ACTL10,0.653923891780622,-0.027431775478844234,1,1,1,CD8 T cell
ADRB2,0.6539834979403305,-0.029047693564019816,1,1,1,CD8 T cell
CHRNB1,0.6540372121353617,0.023880542995901033,1,1,1,CD8 T cell
TLE2,0.6540564261683783,-0.05994526485262064,1,1,1,CD8 T cell
CATSPERD,0.6540664590304975,-0.0017033160439057227,0.25,0.083,1,CD8 T cell
SH3TC2,0.6542154424170383,0.002534433507939138,0.25,0.083,1,CD8 T cell
CHRNE,0.6542631477310068,0.006860583539705978,0.167,0.083,1,CD8 T cell
TMCO1,0.6543072152618685,0.037381334612002215,1,1,1,CD8 T cell
ISG20,0.6543526459155115,0.046236317103022784,1,1,1,CD8 T cell
C9orf40,0.654440637871129,0.006135132102824237,1,1,1,CD8 T cell
EXOC5,0.6545457056493569,-0.018524710297935704,1,1,1,CD8 T cell
TMEM63B,0.6546077791448859,0.05000031964170493,1,1,1,CD8 T cell
FILIP1L,0.6546376926263456,0.008707191002173431,0.333,0.167,1,CD8 T cell
C3orf33,0.6547307975767449,-0.022911151200446067,1,1,1,CD8 T cell
FBXO41,0.6547412076702732,-0.006060242587654141,1,1,1,CD8 T cell
ARPC2,0.654778546093669,0.04380619220728632,1,1,1,CD8 T cell
WDR45B,0.6548497743149859,0.04687532586497725,1,1,1,CD8 T cell
RCC1,0.6548514102101854,0.011466933141896174,1,1,1,CD8 T cell
NXPE3,0.654888727913528,0.03402233824591647,1,1,1,CD8 T cell
FGD4,0.6548909649022108,-0.013981180980685348,0.917,1,1,CD8 T cell
FAF2,0.6551011013256138,0.013656951981638299,1,1,1,CD8 T cell
SLC26A4,0.6551379337985146,5.354293062618254e-4,0.833,0.667,1,CD8 T cell
ZNF454,0.655168942183082,0.007841444055173508,0.75,0.583,1,CD8 T cell
SPATA18,0.6551776160916108,0.017834237558396193,0.25,0.333,1,CD8 T cell
LMTK2,0.6552403054017633,-0.032106429548513615,1,1,1,CD8 T cell
RBM11,0.6552519386477653,-0.02877875673282393,0.917,0.917,1,CD8 T cell
MAP9,0.6553240411938565,-0.06343498203605824,1,1,1,CD8 T cell
DUSP19,0.6553389922979129,0.0983818044746636,1,1,1,CD8 T cell
ACTR3,0.6554318733453226,0.04504641760009906,1,1,1,CD8 T cell
IKZF3,0.6554940986381289,0.04526356452468816,1,1,1,CD8 T cell
TMED4,0.6555459305024922,-0.004580736599762547,1,1,1,CD8 T cell
EIF4G2,0.6556069734814445,-0.0072469953520746255,1,1,1,CD8 T cell
FKRP,0.6556338694452795,-0.003502018687968622,1,1,1,CD8 T cell
CAMLG,0.6556783317762669,0.04572682711924697,1,1,1,CD8 T cell
SETX,0.6557021061943249,-0.014243034156090073,1,1,1,CD8 T cell
MLH3,0.6559053848559437,0.024868528222295128,1,1,1,CD8 T cell
SALL2,0.6559123653553531,-0.004779682157003862,1,1,1,CD8 T cell
BCO2,0.6559194314153362,0.004353938012152447,0.917,1,1,CD8 T cell
OSBP,0.6559251728236588,-0.005758396013458372,1,1,1,CD8 T cell
ADAM12,0.6560722717412337,0.02560855555337005,0.833,0.75,1,CD8 T cell
ASB13,0.6561168379716287,0.06091499665603095,1,0.917,1,CD8 T cell
ATP1B2,0.6562114520591522,0.01695725062260678,0.667,0.583,1,CD8 T cell
FAM136A,0.6562377628097749,-0.04333507126832045,1,1,1,CD8 T cell
PI3,0.6562394803784293,0.004170563724674281,0.5,0.333,1,CD8 T cell
CEP170B,0.6562479654123572,-1.1048910113009569e-4,0.75,0.75,1,CD8 T cell
CCPG1,0.6563403544894171,0.031007233575052473,1,1,1,CD8 T cell
SPTSSA,0.6564402583000863,-0.050196621112402307,1,1,1,CD8 T cell
BEX3,0.6565197405529657,-0.010184040918751247,1,1,1,CD8 T cell
MED1,0.6565811241263622,-0.023928964650257956,1,1,1,CD8 T cell
MIGA1,0.6566201438163057,-0.02344091424065914,1,1,1,CD8 T cell
ZNF493,0.6566207594790914,0.019535578657888353,1,1,1,CD8 T cell
CFL2,0.6566805683562895,-0.04647846931659316,1,1,1,CD8 T cell
TIPRL,0.6567030315218487,0.048378886520098946,1,1,1,CD8 T cell
RRM2,0.6568201286378259,-0.03688983531311374,1,1,1,CD8 T cell
PRKRA,0.6568443257103004,-0.04457592374776492,1,1,1,CD8 T cell
PNMA3,0.65709478364783,0.11853744645294984,1,1,1,CD8 T cell
ARHGAP5,0.6572248287621708,0.0887924419431676,1,1,1,CD8 T cell
ASCC2,0.657230411781337,-0.00828725362269618,1,1,1,CD8 T cell
TECPR1,0.6573538742419367,0.05121053279425958,1,1,1,CD8 T cell
GADD45B,0.6573814873053585,-0.0014994432207711128,1,1,1,CD8 T cell
BROX,0.6574873799060507,-0.007020878106012929,1,1,1,CD8 T cell
PPP1CC,0.6575612986603951,-0.005725784608960449,1,1,1,CD8 T cell
REEP3,0.6575687909459453,-0.014614481272384516,1,1,1,CD8 T cell
HP,0.6576336717796358,-0.004741260978829764,0,0.25,1,CD8 T cell
AFAP1,0.6576340636233129,0.06347669018624025,1,1,1,CD8 T cell
M6PR,0.657671025886372,-0.0356796556804706,1,1,1,CD8 T cell
CYTIP,0.6577251674006721,-0.028808371884765815,1,1,1,CD8 T cell
TMPO,0.6577461216421593,0.005417110621387888,1,1,1,CD8 T cell
GTF2E1,0.6578494367569218,0.05017170584219821,1,1,1,CD8 T cell
GDAP2,0.6578827071059317,-0.026982160646904507,1,1,1,CD8 T cell
CEP192,0.6579330582879065,-0.01967596970178797,1,1,1,CD8 T cell
KRTDAP,0.6579588056303138,-0.006285590549191866,0.5,0.667,1,CD8 T cell
SIGLEC1,0.6580979514265268,0.00563671850226255,0.5,0.5,1,CD8 T cell
CDKAL1,0.6581339769196554,0.02752256362141503,1,1,1,CD8 T cell
EXOG,0.6584213760435667,0.029879407673921943,1,1,1,CD8 T cell
TEX44,0.6584682502893349,0.003937241454700757,0.25,0.083,1,CD8 T cell
ZAP70,0.6585791726056383,-0.015943837070128364,1,1,1,CD8 T cell
AK3,0.6586362188486912,0.030264878355829472,1,1,1,CD8 T cell
PLEKHN1,0.6586420413620846,0.025599637044472434,1,1,1,CD8 T cell
IGF2BP2,0.6586698972532008,0.015007881891824226,0.333,0.5,1,CD8 T cell
DDX10,0.6587422831407961,-0.03342146971015403,1,1,1,CD8 T cell
JMJD6,0.6587460349219383,-0.031173058311647385,1,1,1,CD8 T cell
HDAC2,0.6587774597920576,-0.005461306596972193,1,1,1,CD8 T cell
CIB1,0.6587875627796846,0.03973763799277985,1,1,1,CD8 T cell
CLDND1,0.6587949398442473,0.08437535943548125,1,1,1,CD8 T cell
ITGB7,0.6588356595105334,-0.03283512909414421,1,1,1,CD8 T cell
FDPS,0.65884811752184,-0.04102766077970066,1,1,1,CD8 T cell
GATD3,0.6588851106569157,0.04809241419534149,1,1,1,CD8 T cell
ROR2,0.6590450678783767,0.01641534737190753,0.167,0.333,1,CD8 T cell
OLIG3,0.6591262815859211,0.022685587995737055,0.5,0.5,1,CD8 T cell
RASGEF1B,0.6591506683932549,0.0876695487177157,1,1,1,CD8 T cell
NSA2,0.6592865058373342,-0.03731324949820203,1,1,1,CD8 T cell
ROM1,0.6592966200703803,0.0476205474200877,0.917,0.917,1,CD8 T cell
ZPBP2,0.6594339677487697,0.020031353952317144,0.833,0.667,1,CD8 T cell
IGLC7,0.6594450527965108,0.0036803293239890955,0.25,0.083,1,CD8 T cell
CAPNS1,0.659494007485592,0.03898095696684689,1,1,1,CD8 T cell
REV3L,0.6597940816142882,0.07097719512694578,1,1,1,CD8 T cell
FAM81A,0.6598373510769452,0.01331128849881269,0.417,0.333,1,CD8 T cell
TMF1,0.6599328728726239,-0.01707029623121703,1,1,1,CD8 T cell
TLE1,0.6600306194058138,0.11727966009274482,1,1,1,CD8 T cell
PHTF2,0.6601005403306568,0.04623733171240979,1,1,1,CD8 T cell
KRT72,0.6601451211524385,0.14625748038492992,0.917,1,1,CD8 T cell
ENO2,0.6601565026777312,-0.03373649966561448,1,1,1,CD8 T cell
DIAPH1,0.6601808824901768,-0.017699191584860774,1,1,1,CD8 T cell
STK10,0.6601829297589357,0.030441339005072177,1,1,1,CD8 T cell
NFIC,0.6602958356234021,-0.05533357841925013,1,1,1,CD8 T cell
LGR4,0.6603052677415324,0.030341929585080862,0.833,0.917,1,CD8 T cell
YRDC,0.660310482242725,-0.035755056386506556,1,1,1,CD8 T cell
ZG16B,0.6603494349485105,-0.009594382121493883,0.5,0.417,1,CD8 T cell
RCC2,0.6603696689195546,-0.03816019219300726,1,1,1,CD8 T cell
IL4I1,0.6603978541828437,-0.028199464705354504,1,0.833,1,CD8 T cell
LRRC1,0.6604551156327032,-0.04966202662107522,1,1,1,CD8 T cell
HAVCR2,0.6604604050163945,-0.11699651788088339,1,1,1,CD8 T cell
CCR1,0.6604707007411932,0.09043899592263882,1,1,1,CD8 T cell
TRIM47,0.6605806987837984,0.09123964366861514,1,1,1,CD8 T cell
NANOS1,0.6607382214808608,-0.0045190226027735925,0.083,0.25,1,CD8 T cell
XPNPEP2,0.6607983641271639,-0.007438827923050173,0.333,0.333,1,CD8 T cell
DNAJC14,0.6609090618838505,0.03030349609406424,1,1,1,CD8 T cell
UNC5B,0.6609909678969603,0.008531236340111548,0.5,0.333,1,CD8 T cell
NPRL2,0.6610056295812827,0.03954458736376281,1,1,1,CD8 T cell
LIN28A,0.6610425959075943,0.018713977427694317,1,0.667,1,CD8 T cell
P3H1,0.6611779007616541,0.01232481250350892,1,1,1,CD8 T cell
VPS4A,0.6612326307776106,-0.036334121906249295,1,1,1,CD8 T cell
ZNF48,0.6612457207930578,0.03108610149556945,1,1,1,CD8 T cell
TCN2,0.6612744046756966,-0.0053413328143756544,0.75,0.75,1,CD8 T cell
APOBEC3H,0.6612823107891648,0.07924548653217367,1,1,1,CD8 T cell
NDC80,0.6613112117284712,-0.060418546965999465,1,1,1,CD8 T cell
CD81,0.6613158011040785,-0.03161144216124889,1,1,1,CD8 T cell
LINC03040,0.6613801668151764,-0.003590094027159374,0,0.333,1,CD8 T cell
PMS1,0.6614784603182167,-0.027369358514580888,1,1,1,CD8 T cell
TMSB15C,0.6614910460517124,-0.011329521731413994,0.5,0.667,1,CD8 T cell
NAA50,0.6615841261805362,-0.0019444257439966695,1,1,1,CD8 T cell
SPPL3,0.6617029997829074,-0.024126466745533204,1,1,1,CD8 T cell
P3H2,0.6617268228499538,0.003895930403042591,0.25,0,1,CD8 T cell
RCC1L,0.6617663392368793,-0.015502105025470003,1,1,1,CD8 T cell
AHCYL1,0.6618402165440443,-1.3481948776178365e-4,1,1,1,CD8 T cell
GMPPA,0.661858727249354,-0.013067044648835902,1,1,1,CD8 T cell
ACE,0.6621335019219136,0.15908560475404565,1,1,1,CD8 T cell
LRRC36,0.6621386802999034,-0.014352873781790176,0.167,0.5,1,CD8 T cell
NOTUM,0.6622736613545894,-0.011151522337553121,0.167,0.25,1,CD8 T cell
HEXD,0.6622817498583783,0.04006338031972839,1,1,1,CD8 T cell
INTS15,0.6622969969415677,0.020315438650445494,1,1,1,CD8 T cell
CLK2,0.6623076703828159,0.010564491384507768,1,1,1,CD8 T cell
LEO1,0.6623727952711049,0.008683757846576212,1,1,1,CD8 T cell
NAPA,0.6624390058304853,0.02733884245244067,1,1,1,CD8 T cell
IMMT,0.6625191412928242,0.02920102438511568,1,1,1,CD8 T cell
LAMP1,0.6625307079795542,-0.013608916822632766,1,1,1,CD8 T cell
TMEM126B,0.6625412043483604,0.022579743822202403,1,1,1,CD8 T cell
NINL,0.6626231566366342,-0.08743391438687009,0.917,1,1,CD8 T cell
KLF16,0.6626459936271003,0.022045305453865183,1,1,1,CD8 T cell
LRFN3,0.6626738985086285,0.056896486033870985,1,1,1,CD8 T cell
VARS2,0.6628335704277346,0.05827395103166211,1,1,1,CD8 T cell
CYP2D6,0.6629303727781606,-0.02797550797818138,0.667,0.667,1,CD8 T cell
PLA2G12A,0.6629474679449978,0.004028965144938557,1,1,1,CD8 T cell
PBDC1,0.6629848000400851,-0.021094564258857,1,1,1,CD8 T cell
ITGAX,0.6630168081713889,-0.11014701406117622,1,1,1,CD8 T cell
TPBG,0.6630272463621683,0.030625345663217285,0.667,0.833,1,CD8 T cell
LY96,0.6630843271259346,-0.022280980364072445,1,1,1,CD8 T cell
CYSRT1,0.6631041654374814,-0.0110795984687444,0.5,0.417,1,CD8 T cell
CDK5R1,0.6632874994183634,-0.07425540883843551,1,1,1,CD8 T cell
TICAM2,0.663388089689118,-0.012549744892536019,1,1,1,CD8 T cell
POC1A,0.6633948358140932,0.03259231528177642,1,1,1,CD8 T cell
SLC2A11,0.6634442899228015,-0.06850474312923938,1,1,1,CD8 T cell
MARCHF8,0.6636704202338914,-0.026040595762863883,1,1,1,CD8 T cell
C12orf76,0.6636827295229574,0.06930571969377342,1,1,1,CD8 T cell
MAVS,0.663695380763333,0.05053300255293187,1,1,1,CD8 T cell
CD160,0.663737501080378,-0.12094857765487455,1,1,1,CD8 T cell
MBOAT2,0.6637459666824745,-0.014335556544357253,1,0.917,1,CD8 T cell
OARD1,0.6638266091711256,0.042872785954136405,1,1,1,CD8 T cell
PITPNA,0.6638372422653765,-0.04808486230734688,1,1,1,CD8 T cell
CTCF,0.6638458607869242,0.03015009181965006,1,1,1,CD8 T cell
AATK,0.6639580755132408,-0.010979687104418101,0.583,0.5,1,CD8 T cell
TBX21,0.664021880448366,0.04039065646747697,1,1,1,CD8 T cell
SPATA33,0.6640392826368471,-0.06712858230673846,1,1,1,CD8 T cell
DHX34,0.6640479756996345,-0.017225581246342214,1,1,1,CD8 T cell
VPS37D,0.664066776971617,0.013870342533610636,0.667,0.75,1,CD8 T cell
HEBP2,0.6640742649979257,-0.044898409800443954,1,1,1,CD8 T cell
ICMT,0.6641497402401969,-0.027455406701078933,1,1,1,CD8 T cell
ATP5PB,0.6641570648761657,0.031958762865819,1,1,1,CD8 T cell
CC2D2A,0.6642463752207044,-0.02347202299304696,0.417,0.667,1,CD8 T cell
ANO10,0.6642824535761522,0.044631233197748976,1,1,1,CD8 T cell
ZEB2,0.6643431611463994,-0.058636237865437035,1,1,1,CD8 T cell
RUNDC3B,0.6643505009426152,0.07419579856442349,0.833,0.833,1,CD8 T cell
IRF2BP1,0.6643934218310418,-0.036254014606292406,1,1,1,CD8 T cell
DDX39A,0.6644094175728887,0.036029370133556234,1,1,1,CD8 T cell
KIAA1549,0.6645421231376941,-0.004994363780859601,0.083,0.333,1,CD8 T cell
RCN1,0.6646093961180438,-0.06537139488916871,1,1,1,CD8 T cell
ELOVL4,0.6646370931332971,0.05507816998040527,1,1,1,CD8 T cell
MEPCE,0.6647293538344656,0.017558504889603338,1,1,1,CD8 T cell
GFOD2,0.6647586443473097,-0.03842584097281487,1,1,1,CD8 T cell
SAR1A,0.6648752315545687,0.023244458006276947,1,1,1,CD8 T cell
S100PBP,0.6648950969658649,0.04145469861534001,1,1,1,CD8 T cell
B4GALT6,0.6649588744603041,0.08046318652839668,1,1,1,CD8 T cell
CAV1,0.6650024203994278,0.0015507286918992058,0.5,0.417,1,CD8 T cell
SAMD13,0.665006889037014,-0.01933460745238369,0.5,0.667,1,CD8 T cell
PLAC8L1,0.6650361927592955,-0.05089293219156188,0.917,1,1,CD8 T cell
TRIM38,0.6651537789203343,0.026143755360927834,1,1,1,CD8 T cell
PSMD10,0.6651939828206902,0.05472653810658651,1,1,1,CD8 T cell
FAIM2,0.665214329131916,0.004298076010936125,0.667,0.5,1,CD8 T cell
DNAH11,0.6652376200146488,0.020836275748040034,0.417,0.333,1,CD8 T cell
SEPTIN11,0.6653102428210218,-0.030812166512214856,1,1,1,CD8 T cell
SCN1B,0.6653872901504213,0.03875799842511096,1,1,1,CD8 T cell
PRELID3A,0.665419059331786,0.040706212174387524,1,1,1,CD8 T cell
L3MBTL1,0.6654434057609522,0.061301671168182637,1,1,1,CD8 T cell
RTL10,0.6654489055879155,-0.053935457948144805,1,1,1,CD8 T cell
BRF1,0.6654554033739762,-0.026485381293066657,1,1,1,CD8 T cell
RIOX1,0.6656486484319917,-0.035064838279325494,1,1,1,CD8 T cell
KLRK1,0.6657687707199449,-0.024016389823567685,1,1,1,CD8 T cell
CNOT2,0.6658029907319973,-0.022587803338612544,1,1,1,CD8 T cell
SETDB2,0.6658574056645494,0.039420868096214756,1,1,1,CD8 T cell
TMOD4,0.6660834379509822,0.0025447899039301447,0.833,0.917,1,CD8 T cell
COL9A2,0.6661451135099481,0.002480176067047868,0.917,0.917,1,CD8 T cell
ZNF776,0.6662923014255295,0.0569232537579365,1,1,1,CD8 T cell
ZNF177,0.6663304549718085,-0.060266865052450935,1,1,1,CD8 T cell
FBXO10,0.6664041418383588,-0.00511956856245499,1,1,1,CD8 T cell
USP40,0.666417422664686,0.038557310920992904,1,1,1,CD8 T cell
ROGDI,0.6664570909529256,-0.04493551422608455,1,1,1,CD8 T cell
GPBP1,0.6664700036708416,-0.013751312936414406,1,1,1,CD8 T cell
AMFR,0.666486448190884,0.039899984878690065,1,1,1,CD8 T cell
PANX2,0.6665104564499312,-0.00627358184551241,0.083,0.333,1,CD8 T cell
TEX30,0.6665794065118953,-0.018348369314602042,1,1,1,CD8 T cell
AMOTL2,0.6666880246883318,0.005227037131458889,0.167,0,1,CD8 T cell
SLC25A37,0.6668022266503981,0.0351792633707837,1,1,1,CD8 T cell
FHOD3,0.6668284965211717,-0.00892605314543804,0.083,0.25,1,CD8 T cell
MYC,0.6668812019367321,0.13231017487410535,1,1,1,CD8 T cell
ECSIT,0.6668997955346525,0.03445902621775265,1,1,1,CD8 T cell
MEI1,0.6669799383315855,0.00731427466846668,0.25,0.083,1,CD8 T cell
ANAPC10,0.6669943764669162,-0.03431216184159758,1,1,1,CD8 T cell
SERAC1,0.6670936325155872,0.06316061264727502,1,1,1,CD8 T cell
MAEA,0.6670965841256701,-0.01802792599402231,1,1,1,CD8 T cell
CA3,0.6671817236601207,0.004056424168995765,0.583,0.583,1,CD8 T cell
COX6A2,0.6672482233990595,0.0028690132139193025,0.333,0.167,1,CD8 T cell
OTOF,0.6673053294732696,-0.09745338214682375,1,0.917,1,CD8 T cell
NBDY,0.6674915483751884,-0.03142385695239458,1,1,1,CD8 T cell
ZC3H13,0.6675470680353419,0.045764113953884564,1,1,1,CD8 T cell
LONRF3,0.6676375463675444,0.08107728009410486,1,1,1,CD8 T cell
RNF43,0.6676866673611545,0.0011536519949864044,1,1,1,CD8 T cell
TIMM10,0.6677839824822294,0.05043807878737358,1,1,1,CD8 T cell
KIF7,0.6677970182836622,0.03164098314122432,0.917,0.917,1,CD8 T cell
CRTC2,0.6678019423742748,-0.009687524457843377,1,1,1,CD8 T cell
LRRC42,0.6678220362073768,0.029778940779326746,1,1,1,CD8 T cell
PTPN13,0.6679381449957946,0.012119470085207862,0.5,0.583,1,CD8 T cell
SIPA1L3,0.6679913114485467,-0.05275508148011765,1,1,1,CD8 T cell
NHLRC2,0.6681210393012009,-0.028086536429807435,1,1,1,CD8 T cell
MED16,0.6682520095720523,-0.05437162789902472,1,1,1,CD8 T cell
BANK1,0.6684230629194072,-0.030869031762251087,0.917,1,1,CD8 T cell
STXBP4,0.6684732031121088,-0.053162907565695194,1,1,1,CD8 T cell
GFOD1,0.6684780100508948,0.06809457963798016,1,1,1,CD8 T cell
PPA1,0.6685063490574809,0.0012305426087624305,1,1,1,CD8 T cell
CCP110,0.6685180804052483,-0.04450740721537705,1,1,1,CD8 T cell
SHC1,0.6685759865245169,0.03307814837556229,1,1,1,CD8 T cell
SLC22A18AS,0.6686361783148982,1.7791526636967703e-4,0.5,0.667,1,CD8 T cell
ADORA2A,0.6689049317637183,0.08066983955751361,1,1,1,CD8 T cell
PLTP,0.668970250775039,0.02510546434523908,0.833,1,1,CD8 T cell
UQCC3,0.6690534702229383,0.039395766515675446,1,1,1,CD8 T cell
SMIM35,0.669070474088298,0.0435425612463165,1,1,1,CD8 T cell
NIBAN2,0.6690991819236654,0.09100828150299334,1,1,1,CD8 T cell
PINLYP,0.6691353529813213,-0.028790471796260597,1,1,1,CD8 T cell
ZDHHC13,0.6691924688756393,0.036544210845222025,1,1,1,CD8 T cell
CDKN2B,0.6692201989927353,-0.012441571832740639,0.833,0.75,1,CD8 T cell
RADIL,0.6692647455508416,0.0047607661985566985,0.25,0.083,1,CD8 T cell
GJA1,0.6692675570331733,-0.025425092343116074,0.25,0.333,1,CD8 T cell
MCU,0.6694088417245043,-0.01871571468742239,1,1,1,CD8 T cell
R3HDM4,0.6695820556105814,0.04801745834218918,1,1,1,CD8 T cell
DGKE,0.6696128792369463,0.06275729944780695,1,1,1,CD8 T cell
UBN2,0.6696927308969542,0.040249119974063385,1,1,1,CD8 T cell
CD70,0.6697251111964809,0.08985033003156051,1,1,1,CD8 T cell
PRSS53,0.6697558570805637,0.008025356105949566,1,1,1,CD8 T cell
LMBR1,0.6697989088862579,0.05761688824299707,1,1,1,CD8 T cell
CNTFR,0.6698160343089704,-0.007470992865216797,0.083,0.25,1,CD8 T cell
WDR37,0.6698432796733741,-0.02064637790643098,1,1,1,CD8 T cell
EBPL,0.6700371525652358,-0.017287166789559327,1,1,1,CD8 T cell
SWAP70,0.670181729211147,0.061929824949204626,1,1,1,CD8 T cell
NDUFAB1,0.6702185862012819,0.035564065663525254,1,1,1,CD8 T cell
MDH1,0.6702423394710413,0.06558684973448492,1,1,1,CD8 T cell
LEMD1,0.670277702023542,-0.011089812424854628,0.333,0.583,1,CD8 T cell
CADM1,0.6702831154175715,0.11283028918159621,1,1,1,CD8 T cell
CAD,0.6703362817027904,0.03857399118562954,1,1,1,CD8 T cell
ANKRD7,0.6703575900330665,0.02511861545584182,0.917,0.75,1,CD8 T cell
GGN,0.6703854232349324,0.007624421114565738,0.417,0.333,1,CD8 T cell
CATSPER3,0.6704549207589574,-0.005096638175557722,1,0.917,1,CD8 T cell
TRIM3,0.67046638997145,0.038040440936050635,1,1,1,CD8 T cell
SLC4A11,0.6704977080741685,0.028838043100495092,0.917,0.833,1,CD8 T cell
BAZ1B,0.6705700469695208,-0.0013789652872604474,1,1,1,CD8 T cell
CCDC7,0.6705882254006503,0.04702793095219493,1,1,1,CD8 T cell
MLLT10,0.6706113059922212,-0.022444925314841213,1,1,1,CD8 T cell
SLC35A3,0.6707229814942425,-0.012831458925234296,1,1,1,CD8 T cell
CACNA1I,0.6707455931184201,-0.025143228701934195,1,1,1,CD8 T cell
PRDX1,0.6708585191983326,0.03777374486266938,1,1,1,CD8 T cell
CLEC4E,0.6708759397236426,-0.0029628285746685634,0.917,1,1,CD8 T cell
TIAM1,0.6708799344516496,0.0505505916803779,1,1,1,CD8 T cell
SEC22B,0.6709119355333037,0.03547591343802836,1,1,1,CD8 T cell
GUCY1A2,0.6709384737772675,-0.006346564653684883,0.083,0.333,1,CD8 T cell
ATP6V1G3,0.6709401773666758,-0.00923573107662401,0.417,0.333,1,CD8 T cell
VPS13A,0.6709414198715046,-0.003061058455124832,1,1,1,CD8 T cell
PARP4,0.6709548449020877,-0.02326251639686061,1,1,1,CD8 T cell
ARHGEF11,0.6709830039299854,-0.010910801167273387,0.917,0.833,1,CD8 T cell
CTDSP2,0.6709978035203189,0.03401649465477907,1,1,1,CD8 T cell
FAHD2A,0.6710000083098441,-0.037130034230300035,1,1,1,CD8 T cell
TAF15,0.6710012923227201,0.016099775832324026,1,1,1,CD8 T cell
SPIRE2,0.6710110808516224,0.04828966013164404,1,1,1,CD8 T cell
PPP1R16A,0.6711181181200747,0.07923185950749279,1,1,1,CD8 T cell
CENPM,0.6712156132012841,0.07763614336423585,1,1,1,CD8 T cell
CCDC152,0.6712364032611964,-0.0723571631710258,1,1,1,CD8 T cell
PPP1R12C,0.671246306018789,0.05622100043305145,1,1,1,CD8 T cell
PKN3,0.6712973297469634,-0.057744543191669884,1,1,1,CD8 T cell
ACADSB,0.6714136609822352,-0.01634534794622311,1,1,1,CD8 T cell
NDRG3,0.6715448022986281,-0.001956178997924496,1,1,1,CD8 T cell
RNF145,0.6716028858278547,0.02797450032340354,1,1,1,CD8 T cell
SYNPO2L,0.6716891007758404,-0.004840721845717155,0.167,0.333,1,CD8 T cell
TRIM39,0.6717209750866291,0.04596254019877377,1,1,1,CD8 T cell
PITPNM2,0.6717221230453347,-0.0885042920866228,1,1,1,CD8 T cell
NT5C,0.6717595873505239,-0.027924252209115097,1,1,1,CD8 T cell
TMEM269,0.6719710100999249,0.03867344678447271,0.917,0.75,1,CD8 T cell
PLD6,0.6719980702543107,0.025831903496098096,1,1,1,CD8 T cell
NLRC4,0.6721647934201401,-0.01096694368883444,0.75,0.75,1,CD8 T cell
YIPF5,0.6721748706885462,0.021965914421674525,1,1,1,CD8 T cell
ADAMTS5,0.6723870939040142,0.0037545154690890037,0.25,0.083,1,CD8 T cell
UTP6,0.6724004890662052,0.010286496884181984,1,1,1,CD8 T cell
CAMSAP2,0.6726065056719988,0.03190286312558266,1,1,1,CD8 T cell
TMEM250,0.6726521772146399,0.02948946499383398,1,1,1,CD8 T cell
GRAMD1C,0.6726596768881994,0.013434488208450723,0.833,0.917,1,CD8 T cell
AGRP,0.672676748974298,-0.02056922144311768,0,0.25,1,CD8 T cell
STARD3NL,0.6727224079045829,-0.011861525827690123,1,1,1,CD8 T cell
FTO,0.672733109203358,0.03825000169153325,1,1,1,CD8 T cell
MYH10,0.6728020031841635,0.00165873714726672,0.667,0.667,1,CD8 T cell
COQ7,0.6728702778125583,0.015795119858849738,1,1,1,CD8 T cell
SPRY2,0.6729146891240501,0.05474683779231393,0.917,1,1,CD8 T cell
ZNF675,0.6729196916499567,-0.006335887451484501,1,1,1,CD8 T cell
KIAA0825,0.6730901258654294,0.07769533669034212,1,1,1,CD8 T cell
ZNF385D,0.6731117206785611,0.005044604277895992,0.167,0,1,CD8 T cell
TBCC,0.6734582205458142,-0.010899723322039145,1,1,1,CD8 T cell
PLEKHO1,0.6735004723837473,-0.04784505717332358,1,1,1,CD8 T cell
TMED8,0.673546791563669,0.049916768310048765,1,1,1,CD8 T cell
SUV39H2,0.6735808632299198,-0.03434405671711538,1,1,1,CD8 T cell
CHMP6,0.6735835307020599,0.03147845409202396,1,1,1,CD8 T cell
IGFLR1,0.67366605476162,0.04233592052254498,1,1,1,CD8 T cell
FAM114A1,0.6737122456086515,-0.003616131144106749,0.167,0.417,1,CD8 T cell
RNF217,0.6737439432365325,-0.020919167626668678,0.667,0.833,1,CD8 T cell
IGFBP4,0.6737886837487223,-0.05966490535605029,1,1,1,CD8 T cell
SLAMF9,0.6739714051483721,-0.0023825646360240427,0.333,0.167,1,CD8 T cell
OOSP3,0.6739806889573132,-0.007668006224269774,0.75,0.667,1,CD8 T cell
ZBTB7A,0.6741062476257038,-0.01122952643464803,1,1,1,CD8 T cell
ERBIN,0.6741337348222431,-0.0012985225790149713,1,1,1,CD8 T cell
EFHC1,0.6741739991829548,-0.0873493047952909,1,1,1,CD8 T cell
SC5D,0.6741979824763571,-0.025189285169689324,1,1,1,CD8 T cell
ELAVL3,0.674203482452878,0.003716838724988847,0.25,0,1,CD8 T cell
GLMP,0.6742997465101742,-0.02599147925481171,1,1,1,CD8 T cell
COL18A1,0.6743853030546998,0.03932867781966731,0.917,0.917,1,CD8 T cell
PAH,0.6743965246531907,-0.0010341554997133073,0.25,0.167,1,CD8 T cell
FRMD8,0.6744043517417977,-0.03228744980579812,0.917,1,1,CD8 T cell
PDE3B,0.6746302019106725,0.11128414966158295,1,1,1,CD8 T cell
NETO2,0.6748215388743636,0.05151055979336805,1,1,1,CD8 T cell
MRGBP,0.674882372197814,-0.04906293389496352,1,1,1,CD8 T cell
OR4S1,0.6749618959069241,-0.00449316258685073,0.083,0.333,1,CD8 T cell
C3orf20,0.675024018649801,-0.0180596131378592,0.583,0.667,1,CD8 T cell
PI4KA,0.6751799411409978,0.03131522072990467,1,1,1,CD8 T cell
UNC80,0.6751836135788257,-0.005766148354987788,0.167,0.333,1,CD8 T cell
MIA,0.6752421296998439,-0.0318132046474533,1,1,1,CD8 T cell
ZNF84,0.6753439745827714,0.026738569833195003,1,1,1,CD8 T cell
PGGT1B,0.675381495155343,-0.011478421339375322,1,1,1,CD8 T cell
ABRAXAS1,0.675475406044427,0.005169303413792958,1,1,1,CD8 T cell
STBD1,0.675574743251375,0.020315076154977962,1,1,1,CD8 T cell
FLVCR1,0.6755813036580617,0.008533863789450091,1,1,1,CD8 T cell
NEIL1,0.675582610913206,0.07534800975153333,1,1,1,CD8 T cell
FAM193A,0.6756011526793004,-0.0024631257491091185,1,1,1,CD8 T cell
HOXD8,0.6756248108701748,-0.005609927993298847,0.083,0.25,1,CD8 T cell
SMPD2,0.6756725019800189,0.02998016924107061,1,1,1,CD8 T cell
HNRNPDL,0.6756843107906915,-0.006028214257087994,1,1,1,CD8 T cell
SNX7,0.6756942316869079,0.00452783025514325,0.583,0.667,1,CD8 T cell
KAT2B,0.6757826001754745,-0.04899261775202257,1,1,1,CD8 T cell
PTGR2,0.6758158125343232,0.018868304734586783,1,1,1,CD8 T cell
PARP14,0.6760618601440638,0.04335764121018193,1,1,1,CD8 T cell
AFDN,0.6760652461484973,0.09973230123463028,1,1,1,CD8 T cell
TPST2,0.6761758393215651,-0.022724248710679074,1,1,1,CD8 T cell
ZMYND8,0.6763113718778857,-0.019725561703573244,1,1,1,CD8 T cell
ZNF18,0.6763321685004422,5.866552065743047e-4,1,1,1,CD8 T cell
TLX2,0.6763491593889428,0.017806719293677276,0.417,0.583,1,CD8 T cell
SOD2,0.676379268750309,-0.01651308102463929,1,1,1,CD8 T cell
PXMP2,0.6765067587197149,-0.0441954052609832,1,1,1,CD8 T cell
ENDOG,0.6765375212482366,0.01071231723909638,1,1,1,CD8 T cell
SF3B2,0.676544546754873,-0.017828560073629485,1,1,1,CD8 T cell
REXO1,0.6765467467467698,0.03985122136616959,1,1,1,CD8 T cell
MYH15,0.676558680584857,0.01111534689168181,0.333,0.25,1,CD8 T cell
KIF1C,0.6766388101065555,-0.005561420035552267,1,1,1,CD8 T cell
EXD3,0.6767255065068187,0.003513431240921072,1,1,1,CD8 T cell
OCRL,0.6767466799102674,-0.06365297820424987,1,1,1,CD8 T cell
KDELR3,0.6768656322935844,0.003536362083647937,0.333,0.333,1,CD8 T cell
MCM10,0.6769071878122006,0.034828374239604276,0.833,0.667,1,CD8 T cell
TRAPPC9,0.6769421164496959,-0.011265346872571025,1,1,1,CD8 T cell
MYEF2,0.677093566753423,0.059179647544383096,1,1,1,CD8 T cell
LOXL4,0.6771240687798965,-0.013498392416984917,0.5,0.583,1,CD8 T cell
BECN2,0.6773578092773476,-0.006930319681343278,0,0.167,1,CD8 T cell
PPIP5K1,0.6775247266022827,-0.01906660472494659,1,1,1,CD8 T cell
ADAT3,0.6775761598809895,0.010143266129611472,0.333,0.25,1,CD8 T cell
SESN3,0.6776243876869453,-0.07748268224520083,1,1,1,CD8 T cell
SCUBE3,0.6776267622181162,0.005091140444750675,0.833,0.917,1,CD8 T cell
MTHFD2L,0.6777265048849397,-0.040122321721082876,1,1,1,CD8 T cell
CCDC9,0.6778873521241104,-0.01727697570948189,1,1,1,CD8 T cell
TRAPPC13,0.6779447990149821,0.043700965343065334,1,1,1,CD8 T cell
MTMR10,0.677951443811279,0.05857108273999023,1,1,1,CD8 T cell
CBX7,0.6779600744430141,0.03264394475127719,1,1,1,CD8 T cell
CELSR1,0.6779784567394453,0.09132074488686825,1,1,1,CD8 T cell
GRB7,0.6780388014400509,-0.004338058718318383,0.083,0.333,1,CD8 T cell
C2CD5,0.678082462062525,0.003094687637223717,1,1,1,CD8 T cell
STMN3,0.6781367335054399,0.05668066204605626,1,1,1,CD8 T cell
KRT23,0.6781707275957525,-0.0061540802365844804,0.083,0.333,1,CD8 T cell
ATE1,0.6782136958653673,0.005079926711019089,1,1,1,CD8 T cell
TAMALIN,0.6783910261104713,-0.05038881887019553,1,1,1,CD8 T cell
IGHG3,0.6784360845653644,0.01420487879383403,0.667,0.667,1,CD8 T cell
ZNF841,0.6785228262097969,0.057579313999022275,1,1,1,CD8 T cell
RAB19,0.6786126064028086,4.0625626359469535e-4,1,0.833,1,CD8 T cell
EXOC8,0.6786693656578122,0.04149979856034408,1,1,1,CD8 T cell
HPS4,0.6787800345620971,0.03391578605470391,1,1,1,CD8 T cell
USP16,0.6787895579345895,-0.019641052831436467,1,1,1,CD8 T cell
ZNF530,0.6788885640350548,-0.012513518331526363,1,1,1,CD8 T cell
TTC4,0.6789861458077104,0.03689886362458372,1,1,1,CD8 T cell
SPX,0.6790396299107185,0.02066990880971531,0.75,0.583,1,CD8 T cell
PAQR8,0.6791137978685036,0.0697529501340941,1,1,1,CD8 T cell
TIGD1,0.6792004986443058,-0.009912830022112296,1,1,1,CD8 T cell
DUOX2,0.6793372412567097,0.0021609526486199293,0.25,0.083,1,CD8 T cell
ZNF700,0.6793843355317934,0.018316099030450027,1,1,1,CD8 T cell
EGR1,0.6795187240216073,-0.01429690247849269,1,1,1,CD8 T cell
SREBF1,0.6796268749310483,-0.04540246990703134,1,1,1,CD8 T cell
DENND5B,0.6796569319402581,0.028171494433451016,0.583,0.417,1,CD8 T cell
RALGPS2,0.6796814828773005,0.09482251531486341,1,1,1,CD8 T cell
ACYP2,0.6797264925704476,0.042553981494140886,1,1,1,CD8 T cell
CDK5R2,0.6797361786188016,-0.00916709253099679,0.167,0.333,1,CD8 T cell
PCDHB15,0.6797456847266117,0.013067718663446026,0.25,0,1,CD8 T cell
RAB9B,0.6797741067572145,0.04081494163407573,0.917,1,1,CD8 T cell
CCL18,0.6797841147367918,0.005857282091033422,0.333,0.25,1,CD8 T cell
TAPT1,0.6797964999627963,-0.019087777579835152,1,1,1,CD8 T cell
COL4A3,0.6798483223932188,2.267165745482025e-4,0.417,0.333,1,CD8 T cell
ATOH8,0.6800196073684454,0.015031523957343751,0.333,0.25,1,CD8 T cell
MTHFD1L,0.6800988873382106,0.05707988765718941,1,1,1,CD8 T cell
LYSMD2,0.6801230638190932,0.023101914996940864,1,1,1,CD8 T cell
ZNF513,0.6802849603476716,0.041254841443230994,1,1,1,CD8 T cell
ATAD3B,0.68040217318452,-0.018797688692451242,1,1,1,CD8 T cell
HDAC8,0.6805300276101494,-0.01846319005680247,1,1,1,CD8 T cell
LRRC14,0.6805757531160299,0.024785188463779195,1,1,1,CD8 T cell
FOXD2,0.6805984418111901,0.011952891193826254,1,1,1,CD8 T cell
IL6R,0.6806106117369171,0.055302778609843894,1,1,1,CD8 T cell
ARAP2,0.6806169247007148,-0.010640699656234709,1,1,1,CD8 T cell
REC8,0.6806371530148962,-0.03163824668785553,1,1,1,CD8 T cell
SBSPON,0.6808369511109441,-0.003592861959032856,0.333,0.167,1,CD8 T cell
YWHAZ,0.6808826527998727,-0.012580998779812447,1,1,1,CD8 T cell
KRTAP16-1,0.6809394955617953,-0.009689051493534162,0.75,0.833,1,CD8 T cell
PIAS1,0.6809840717850741,-0.042089861284122676,1,1,1,CD8 T cell
QPCTL,0.6809924922448294,-0.03923736559454705,1,1,1,CD8 T cell
SP1,0.681029284221867,-0.016717859348830244,1,1,1,CD8 T cell
ZNF671,0.6810722603306827,0.05082847658385492,1,1,1,CD8 T cell
COASY,0.6811218222213362,0.043833218141304586,1,1,1,CD8 T cell
IL37,0.6811474677807475,0.007343846327882098,0.25,0.167,1,CD8 T cell
GCK,0.6812452734804568,0.0033456804134841533,0.333,0.167,1,CD8 T cell
PPP1R18,0.6812507605809144,0.03936206384965635,1,1,1,CD8 T cell
MAP4K3,0.6813542754822746,-0.06606493565934324,1,1,1,CD8 T cell
EOLA1,0.6813890960679402,0.03701046631011051,1,1,1,CD8 T cell
CAPRIN1,0.6814208560734196,0.017459025047175225,1,1,1,CD8 T cell
ZNF792,0.6814408237076173,0.04463779590787609,1,1,1,CD8 T cell
PPIL6,0.6814414074669801,0.011800644725569409,0.917,0.75,1,CD8 T cell
MFAP3,0.6814447963759082,-0.001124509492758552,1,1,1,CD8 T cell
MUC20,0.6814863773714692,0.08464525303693327,1,1,1,CD8 T cell
PPP2R1A,0.6814963983496793,0.03046034608150805,1,1,1,CD8 T cell
TCHP,0.6815514969190193,0.00800914137130787,1,1,1,CD8 T cell
SPATA5L1,0.6815959374120979,-0.03275492360797849,1,1,1,CD8 T cell
SDHA,0.6815968836187603,0.005346724504896372,1,1,1,CD8 T cell
CSTB,0.6816623869716889,-0.04212716313758974,1,1,1,CD8 T cell
MFAP2,0.681694498547478,0.00756394392436377,0.583,0.583,1,CD8 T cell
RING1,0.6817680417142542,-0.0075812727829130955,1,1,1,CD8 T cell
SETD7,0.6819842951409074,-0.03098558747863711,1,1,1,CD8 T cell
GATD1,0.6820353167353128,-0.026919103056302407,1,1,1,CD8 T cell
GRK6,0.6820572153288758,0.030387113635252243,1,1,1,CD8 T cell
TERB1,0.6820721442569015,0.015825316433738745,0.917,0.917,1,CD8 T cell
KIAA1958,0.6821776945927722,0.03903230114465517,1,1,1,CD8 T cell
RGS11,0.6822094666397122,-0.02292884365956871,0.167,0.333,1,CD8 T cell
ARHGAP10,0.6822336952883405,-0.07826944327980734,1,1,1,CD8 T cell
SLC16A1,0.6822519063868865,-0.02313564025766479,1,1,1,CD8 T cell
CTNNA1,0.6822767434416235,-0.05436570229542115,1,1,1,CD8 T cell
TNFSF10,0.6822851954533055,0.06073238262022318,1,1,1,CD8 T cell
CEP55,0.6823418371213853,0.07498992597962406,1,1,1,CD8 T cell
PIM2,0.6825363026176515,-0.019867850743245374,1,1,1,CD8 T cell
SNTG2,0.6825468078332524,0.014464295819600181,0.25,0.167,1,CD8 T cell
CNNM2,0.6826391474897799,0.042514239542805754,1,1,1,CD8 T cell
GLI3,0.6826494656985789,-0.06208361146377106,0.833,0.917,1,CD8 T cell
BEGAIN,0.6827157897700482,-0.016135683776319354,0.417,0.417,1,CD8 T cell
FAM170A,0.682954319807008,0.012117248894574217,0.333,0.333,1,CD8 T cell
POLR2D,0.6829612210169568,0.008093834795551924,1,1,1,CD8 T cell
MTUS1,0.6829809987050908,0.05078557043016829,0.917,0.833,1,CD8 T cell
CDK6,0.6831051319797523,-0.041435991921187076,1,1,1,CD8 T cell
ROR1,0.6831476348057071,0.005663056264396005,0.167,0.083,1,CD8 T cell
MCUR1,0.6831611052525066,-0.043626061848332176,1,1,1,CD8 T cell
FARP2,0.6831652997740556,0.06018907288861053,1,1,1,CD8 T cell
MYL12B,0.6832233101332086,-0.04123942990414253,1,1,1,CD8 T cell
FEZ1,0.6832300681151038,0.09674736934208017,1,1,1,CD8 T cell
PTPRC,0.6832821430486253,-0.020070641579869708,1,1,1,CD8 T cell
GCNT4,0.6832853566324776,-0.08052179766361256,1,1,1,CD8 T cell
TBCEL,0.6833128180811104,0.054471149718144374,1,1,1,CD8 T cell
AZI2,0.683377100395697,0.05685416829920398,1,1,1,CD8 T cell
DOLK,0.6834267487532399,0.016168065571728674,1,1,1,CD8 T cell
P2RY14,0.6834374844871345,0.04694727203428428,0.917,0.833,1,CD8 T cell
TSPAN15,0.6834498875510211,0.05687098129984802,1,1,1,CD8 T cell
PITPNM3,0.6834913348998946,0.05966036103403827,1,0.833,1,CD8 T cell
EFNA3,0.6835856224917398,1.1021555441947939e-4,0.917,1,1,CD8 T cell
SLC4A1,0.6836035221027772,0.013365123401173129,0.167,0.167,1,CD8 T cell
DIMT1,0.6836351358167185,-0.01133802041719223,1,1,1,CD8 T cell
ROBO1,0.683734702412861,-0.039440461799426174,0.25,0.417,1,CD8 T cell
TSSK4,0.6837520825222145,0.008991488861521457,1,0.917,1,CD8 T cell
ASMT,0.683778195836866,-0.031237221073675325,0.917,1,1,CD8 T cell
PIGQ,0.6838454433902206,0.057108829906875824,1,1,1,CD8 T cell
ADAP1,0.6839231937913046,0.0780320073989551,1,1,1,CD8 T cell
PROB1,0.6840563754856623,0.01062582254468225,0.917,1,1,CD8 T cell
BSCL2,0.6843170785477929,-0.020309812912107317,1,1,1,CD8 T cell
EIF3K,0.6843769144545122,0.034224219894826935,1,1,1,CD8 T cell
IMPA1,0.684416229006156,0.028034936536574517,1,1,1,CD8 T cell
MGAT4B,0.6844162626020761,0.029630642261853635,1,1,1,CD8 T cell
MS4A2,0.6845254063211872,-0.013639559919852218,0.167,0.25,1,CD8 T cell
RNF213,0.6845681920791994,-0.018685383702750524,1,1,1,CD8 T cell
OXER1,0.6846450937869812,0.003295606357669012,0.25,0.167,1,CD8 T cell
FOXI1,0.6846519475943914,-0.0033293399037748195,0.167,0.417,1,CD8 T cell
MARCHF10,0.6846761343004395,0.012695088824832279,0.667,0.667,1,CD8 T cell
HYI,0.6846903872558749,0.05771982793519248,1,1,1,CD8 T cell
C1orf115,0.6847213603009421,-0.03686205767628348,0.917,0.917,1,CD8 T cell
EIF3G,0.6847665038603592,0.005576492755751672,1,1,1,CD8 T cell
ARMC12,0.6848436865611256,-0.0037614059192034865,0.917,1,1,CD8 T cell
C9,0.6848512368467161,-0.006009375951458562,0,0.25,1,CD8 T cell
CYS1,0.6848787276271613,0.0035228044637660716,0.25,0,1,CD8 T cell
WDR45,0.6848969384260325,-0.018391623278468106,1,1,1,CD8 T cell
GIMAP4,0.6849507919450037,0.04341100046440172,1,1,1,CD8 T cell
RAB11FIP1,0.6849656872312346,0.06298318636439348,1,1,1,CD8 T cell
FA2H,0.6850004729261507,0.009380047943538194,0.25,0.083,1,CD8 T cell
TRMT112,0.6850607352338736,-0.017991844867368878,1,1,1,CD8 T cell
MMRN1,0.6851118396859199,-0.003219624732942794,0.583,0.667,1,CD8 T cell
C2orf74,0.6851190034473138,-0.054453071303683265,1,1,1,CD8 T cell
PPP2CB,0.6851613745028262,0.021967743261134487,1,1,1,CD8 T cell
NAPRT,0.6851854688671801,0.05825733142469147,1,1,1,CD8 T cell
MOCS1,0.6851936390117154,-0.01699348531239142,0.417,0.5,1,CD8 T cell
KCNMB1,0.6853624663381976,0.03331271443108674,0.667,0.417,1,CD8 T cell
BEX4,0.6853679542765987,-0.09293442520923795,1,1,1,CD8 T cell
CENPL,0.6853709264985226,0.06313269360634255,1,1,1,CD8 T cell
BSN,0.6855394991519198,-0.027625071666794287,0.5,0.917,1,CD8 T cell
SFXN5,0.6856122839345862,-0.05354489414887942,1,1,1,CD8 T cell
NR1I2,0.6858023769556192,-7.805404777219138e-4,0.75,0.75,1,CD8 T cell
TMEM222,0.685857487777128,-0.05909993833939109,1,1,1,CD8 T cell
MCOLN2,0.685912127606763,0.09591134519570046,1,1,1,CD8 T cell
ZMIZ2,0.6859765830299069,0.016887175882037087,1,1,1,CD8 T cell
RFT1,0.6860313159258157,0.014390289488978247,1,1,1,CD8 T cell
CC2D1B,0.6860474041179387,0.053431209776759636,1,1,1,CD8 T cell
STX3,0.6860610342029944,0.11595630594642636,1,1,1,CD8 T cell
KIAA1586,0.6860906942289636,-0.03952939902334829,1,1,1,CD8 T cell
CEP120,0.6861123188878816,-0.012796889844590598,1,1,1,CD8 T cell
FUT7,0.6861256914124447,0.1036987560647693,1,1,1,CD8 T cell
PCYT1B,0.686126427009009,-0.007064846951029935,0.083,0.25,1,CD8 T cell
UBE2W,0.6862228015265839,-0.038890757784610375,1,1,1,CD8 T cell
ILDR2,0.6862421066846323,-0.023972361026689537,0.667,0.917,1,CD8 T cell
TPPP3,0.6862784927460944,-0.001307806062681216,0.833,0.667,1,CD8 T cell
C17orf80,0.686311165138915,0.020008366079161455,1,1,1,CD8 T cell
JAG1,0.686330688060748,0.007561882715262591,0.583,0.583,1,CD8 T cell
PCDHGA1,0.6863534379026842,-0.007946206752015517,0.75,0.75,1,CD8 T cell
SELENOO,0.6863543079832097,-0.02616148636745519,1,1,1,CD8 T cell
RFESD,0.6864418224826319,-0.0033901078919784666,1,1,1,CD8 T cell
GALNT8,0.6865094037322932,-0.052997616552269644,1,1,1,CD8 T cell
DAP,0.6865214815054934,0.02948736049220889,1,1,1,CD8 T cell
SETD5,0.6865632984185103,-0.0170339915853176,1,1,1,CD8 T cell
TATDN3,0.6865724891287742,-0.021998289737343857,1,1,1,CD8 T cell
TTC17,0.6866893467273676,0.0013895603553911173,1,1,1,CD8 T cell
SIX3,0.686780688685606,0.015411359814145875,0.25,0.083,1,CD8 T cell
ARSK,0.6867977903172777,0.023772441401918698,1,1,1,CD8 T cell
TCP11L1,0.68687421736868,0.044550147506967785,1,1,1,CD8 T cell
PYROXD2,0.6868883899827298,-0.06906026889215822,1,1,1,CD8 T cell
SORD,0.6868966092901019,-0.049340688128565624,1,1,1,CD8 T cell
TMEM115,0.6869464343255385,0.027334984354304037,1,1,1,CD8 T cell
NAGPA,0.6869783897624977,-0.036119941703744995,1,1,1,CD8 T cell
PPP3CC,0.686993771412221,0.03493659886229672,1,1,1,CD8 T cell
HAPLN2,0.6870561462712992,-0.002902735888373087,0.25,0.417,1,CD8 T cell
RNF114,0.6870714516684964,-0.00892525271969713,1,1,1,CD8 T cell
CLASRP,0.6870910781705394,0.015101220887348332,1,1,1,CD8 T cell
ACLY,0.6872194265391767,0.019959206532377816,1,1,1,CD8 T cell
SLC4A3,0.6872341472944459,0.0031098644098852546,0.333,0.333,1,CD8 T cell
CDC42SE2,0.687251100706432,-0.009756854918416824,1,1,1,CD8 T cell
CREB1,0.687316414388073,-0.008052662807916222,1,1,1,CD8 T cell
PRR11,0.687381824095646,0.07391735093066121,1,1,1,CD8 T cell
LRP3,0.6873935312850673,0.008693442848532129,0.333,0.333,1,CD8 T cell
ST8SIA4,0.6874094510512859,0.03750102730065907,1,1,1,CD8 T cell
CERS6,0.6874298797791799,-0.06002642805270897,1,1,1,CD8 T cell
MTDH,0.6875469479444347,-0.005934428830966176,1,1,1,CD8 T cell
CMYA5,0.6875768360154682,0.033297948231604924,1,0.833,1,CD8 T cell
UGCG,0.6877176906752642,-0.022418955428834764,1,1,1,CD8 T cell
ZNF341,0.687780885994548,0.007093896738015193,1,1,1,CD8 T cell
UGDH,0.6878347496561589,0.025129141046455028,1,1,1,CD8 T cell
COG7,0.6879148925819243,-0.028725832871980383,1,1,1,CD8 T cell
TPRG1L,0.6879154291468172,-0.036202985945517574,1,1,1,CD8 T cell
ACER1,0.6880681446733601,-0.026267099538911598,0.917,0.917,1,CD8 T cell
PHOSPHO1,0.6880975107342389,-0.00819596763482,0.417,0.333,1,CD8 T cell
DCLRE1B,0.6881687934353794,-0.05727670554406128,0.917,1,1,CD8 T cell
SDHB,0.6882290477787786,0.03903621095754689,1,1,1,CD8 T cell
RNF144A,0.6882354618306612,-0.04210953133002565,1,1,1,CD8 T cell
PDIA6,0.6882624287651715,-0.01877244516507562,1,1,1,CD8 T cell
VENTX,0.6882956392640982,-0.0024369803016459635,0.5,0.417,1,CD8 T cell
ZMAT4,0.6884287899132787,-0.006955447698159478,0.167,0.417,1,CD8 T cell
ZNF212,0.6885498963476075,0.009179645115011237,1,1,1,CD8 T cell
CCL4L2,0.6886103252003892,-0.10847838128505227,1,1,1,CD8 T cell
RFX7,0.6886753581602,0.0012509341187533218,1,1,1,CD8 T cell
COX6C,0.6888137957565785,-0.020622483540914227,1,1,1,CD8 T cell
TBC1D2,0.6888739338556282,0.043845066495185936,1,1,1,CD8 T cell
TRIM63,0.688909918737743,0.007836780574386637,0.167,0,1,CD8 T cell
AHRR,0.6889664777527484,0.042833462829386715,1,0.833,1,CD8 T cell
FDX1,0.6889685878421512,-0.03869338424790447,1,1,1,CD8 T cell
ING5,0.6890783119553133,-0.02024425867757107,1,1,1,CD8 T cell
PSMB6,0.6891250125615975,-0.039396638028604936,1,1,1,CD8 T cell
GALNT14,0.6891394724207108,0.003196962933341041,0.25,0.167,1,CD8 T cell
MIER3,0.6891800677274706,0.0590781626993786,1,1,1,CD8 T cell
THAP2,0.6892413527128827,0.03814018379305084,1,1,1,CD8 T cell
ITGA6,0.6892985652924292,0.1060263298811085,1,1,1,CD8 T cell
ZFTRAF1,0.6892994132847208,3.5735994801489035e-4,1,1,1,CD8 T cell
NFX1,0.6893078860756667,0.01507727312408308,1,1,1,CD8 T cell
C12orf4,0.689451416311397,0.052860615974595015,1,1,1,CD8 T cell
CBFA2T2,0.6894937644411248,0.05114424982110477,1,1,1,CD8 T cell
TAX1BP1,0.6895334426924358,-0.013886712707243176,1,1,1,CD8 T cell
MTMR9,0.6895671665923944,0.014316250423954346,1,1,1,CD8 T cell
SRC,0.6896515541922479,0.048946153764230615,1,1,1,CD8 T cell
SSBP3,0.6897086460834774,-0.04141861141465286,1,1,1,CD8 T cell
ITPR2,0.6897151385539305,0.018815888977020467,1,1,1,CD8 T cell
ADCY3,0.689851482966354,-0.06604233453546993,1,1,1,CD8 T cell
FCHO2,0.6898777389131532,-0.05398471886492673,1,1,1,CD8 T cell
EEF1G,0.689897549101142,0.03642088125674858,1,1,1,CD8 T cell
HBQ1,0.6899346019276977,8.805099481250522e-4,0.583,0.667,1,CD8 T cell
ASB2,0.69009251801381,0.016155313619151457,0.917,1,1,CD8 T cell
RASSF5,0.690117204955773,-0.0072743581522514145,1,1,1,CD8 T cell
TPP1,0.6901190616751383,-0.02161341307859721,1,1,1,CD8 T cell
DNAH14,0.6902735550877408,0.003153075662551963,0.333,0.333,1,CD8 T cell
ALPL,0.6902917249331648,-0.014948839243103862,0,0.25,1,CD8 T cell
ATP10A,0.6903593970529531,-0.06031258216551305,1,1,1,CD8 T cell
GPR34,0.6904514630351365,0.014022037318798919,0.5,0.667,1,CD8 T cell
HMGN5,0.6905081363646974,0.05296553217198818,1,1,1,CD8 T cell
ZDHHC24,0.6905606990632513,-0.039891187798556826,1,1,1,CD8 T cell
MAPK7,0.6907330503626254,0.04814899298232911,1,1,1,CD8 T cell
TGFBRAP1,0.6907645987882824,-0.038240322511802205,1,1,1,CD8 T cell
QTRT2,0.6909617430711981,-0.010198252229344451,1,1,1,CD8 T cell
AXIN1,0.6910275267910435,0.029787004657482408,1,1,1,CD8 T cell
FUT5,0.6910707171194264,0.012467853724674516,0.75,0.75,1,CD8 T cell
UBXN10,0.6910923263393609,-0.04371396849339071,1,1,1,CD8 T cell
WFDC2,0.6910925447606056,-0.021094159573308957,0.583,0.667,1,CD8 T cell
TEDC1,0.691143536046074,0.04035472109840077,1,1,1,CD8 T cell
DSCC1,0.6911577569657288,0.034935355953572333,1,0.917,1,CD8 T cell
RBM44,0.6913219564541976,0.06761764468107101,1,1,1,CD8 T cell
RAB29,0.6914012449022267,-0.01890069315000087,1,1,1,CD8 T cell
TRNAU1AP,0.6914693128915854,0.009644394985109606,1,1,1,CD8 T cell
CPSF7,0.6914762760636115,6.903084760558897e-4,1,1,1,CD8 T cell
LTA4H,0.6915006577972909,-0.02300854005751279,1,1,1,CD8 T cell
COQ10B,0.691505643369493,-0.034772598180518685,1,1,1,CD8 T cell
GRN,0.6915874331204124,0.037857428877457466,1,1,1,CD8 T cell
ARL5A,0.6916190357566014,-0.03690382226131217,1,1,1,CD8 T cell
TLCD5,0.6917349268942043,0.02020328707053265,0.583,0.5,1,CD8 T cell
EIF3I,0.6917621691817604,-0.016139717147744204,1,1,1,CD8 T cell
CTDSP1,0.6917997331057857,0.020593007358107096,1,1,1,CD8 T cell
DSEL,0.6918936281533365,-0.054033177467021964,1,0.917,1,CD8 T cell
UQCR10,0.6919028414703666,0.021073905620374367,1,1,1,CD8 T cell
CSK,0.6919070914467781,0.030724184866889992,1,1,1,CD8 T cell
PELI2,0.6919177792388467,-0.09254569883964248,1,1,1,CD8 T cell
SYNE1,0.6920170590823876,-0.024012826802926046,1,1,1,CD8 T cell
NELFCD,0.6922173538352887,-0.01721364601609121,1,1,1,CD8 T cell
TIPIN,0.6923957836327062,-0.037812280046118474,1,1,1,CD8 T cell
FAM169A,0.6924654998265836,-0.06452339909102967,1,1,1,CD8 T cell
NCL,0.6927711195786556,0.006650304117580497,1,1,1,CD8 T cell
RTN3,0.6928488144127634,-0.00606197161981098,1,1,1,CD8 T cell
PHF2,0.6929807776069287,-0.03674197528609977,1,1,1,CD8 T cell
CSF2,0.6930375221586472,0.005314695611928322,0.667,0.667,1,CD8 T cell
PGBD2,0.6930469290572118,0.03155922492573593,1,1,1,CD8 T cell
ADNP2,0.6930904759707883,-0.016425540021332674,1,1,1,CD8 T cell
TRERF1,0.6931457745117293,0.04812405323294977,1,1,1,CD8 T cell
ETV2,0.6931677283363773,1.6042192916998488e-4,0.917,0.917,1,CD8 T cell
ALOX5AP,0.6932536603986784,0.07777807330371611,1,1,1,CD8 T cell
SLC5A1,0.6933106043439394,0.00340210683997455,0.25,0,1,CD8 T cell
FCGR2A,0.6933109353969685,0.03761900825701936,1,1,1,CD8 T cell
NPR3,0.6934303084529769,0.002525214851001323,0.333,0.333,1,CD8 T cell
STUB1,0.6934466491041353,0.019899633486642365,1,1,1,CD8 T cell
TMEM256,0.6934596584664854,0.006126525679964967,1,1,1,CD8 T cell
NID1,0.6934606207777665,-0.014335725225668838,0.667,0.583,1,CD8 T cell
OSBPL1A,0.6934732874344902,-2.0596156557139977e-5,0.917,1,1,CD8 T cell
PCDHB14,0.6936206793494196,-0.014107656209712882,0.25,0.417,1,CD8 T cell
ATP5IF1,0.6936446043371036,0.010703429801229625,1,1,1,CD8 T cell
PCDHGA5,0.693648844431608,0.03017323728511423,0.917,0.833,1,CD8 T cell
TARS3,0.693657881055997,-0.033030643422413464,1,1,1,CD8 T cell
ATP6AP2,0.6936629751799351,-0.020864577492860414,1,1,1,CD8 T cell
TYW3,0.6936763640024124,0.03088926361452493,1,1,1,CD8 T cell
TNFRSF18,0.693700710283778,0.008370855275930289,0.917,0.917,1,CD8 T cell
RITA1,0.6937076655749872,0.05654822157933492,1,1,1,CD8 T cell
ANAPC1,0.6937614005735762,0.0509670493757679,1,1,1,CD8 T cell
QSOX1,0.693777631511558,0.054474186729499774,1,1,1,CD8 T cell
THBS1,0.6937876921637367,-0.03661241372555146,1,1,1,CD8 T cell
GSTP1,0.6938154633328686,-0.03486090538255249,1,1,1,CD8 T cell
FAM170B,0.6938524225721399,-0.014719385615104663,0.333,0.5,1,CD8 T cell
GMPR2,0.6939250923994857,0.02606505520601815,1,1,1,CD8 T cell
ACKR2,0.6939265332640949,0.00605657153102257,0.667,0.667,1,CD8 T cell
BCAR1,0.6939389897318093,-0.005350698120162534,0.083,0.167,1,CD8 T cell
HOXC9,0.6939442464184344,0.003493900183993759,0.25,0.083,1,CD8 T cell
DDX3Y,0.694115214906647,8.507036649150201e-4,1,0.917,1,CD8 T cell
CDC42EP4,0.6941793531856493,0.024265035983626948,0.667,0.417,1,CD8 T cell
TEPP,0.694265036673209,0.03132499465252758,0.917,0.667,1,CD8 T cell
STON2,0.6944173675275256,0.013720100738383145,0.75,0.833,1,CD8 T cell
AMH,0.6944665552829451,-0.05853328519846146,1,1,1,CD8 T cell
TENM1,0.6944762105659101,-0.12187184188311839,1,1,1,CD8 T cell
CCDC159,0.6944819310339945,0.02046674509997859,1,1,1,CD8 T cell
XPR1,0.694521120854215,-0.02108744878949964,1,1,1,CD8 T cell
C1QB,0.6946137659720966,0.005775035330267908,0.417,0.25,1,CD8 T cell
DNMT3B,0.6948059910849487,-0.02313953326908802,0.75,0.75,1,CD8 T cell
OR4B1,0.6948430515141397,-0.0056228243475171524,0.417,0.5,1,CD8 T cell
ZNF354C,0.6949168992080308,0.0547214737052637,1,1,1,CD8 T cell
HYOU1,0.6949967357275464,-0.01921043569126013,1,1,1,CD8 T cell
ATL3,0.6950670533341894,-0.021206482480405714,1,1,1,CD8 T cell
H3C6,0.6951547038531575,0.009010402575312604,0.75,0.667,1,CD8 T cell
DOK2,0.6952462462044586,0.02967970837035816,1,1,1,CD8 T cell
SLC35A1,0.6953550804155216,-0.0052375965345531905,1,1,1,CD8 T cell
ZMYND15,0.6953798208961613,-0.008566223506385473,0.417,0.583,1,CD8 T cell
TBRG1,0.6955471426103231,0.032429341240220844,1,1,1,CD8 T cell
DKK4,0.6955582605744682,-0.003040108140237585,0.25,0.417,1,CD8 T cell
CKLF,0.6956319509281531,0.03771931445475052,1,1,1,CD8 T cell
CNIH1,0.6956700167886759,0.0337656463290138,1,1,1,CD8 T cell
REXO5,0.6956733568627701,-0.006097772551590275,0.833,1,1,CD8 T cell
CAB39L,0.6957776821491581,0.06498730239899064,1,1,1,CD8 T cell
EGFL6,0.6958468473151936,0.00912263800466695,0.5,0.333,1,CD8 T cell
SMARCA1,0.6958704724424947,0.0024310389114563513,0.5,0.667,1,CD8 T cell
BUB3,0.6958808000589652,-0.013976964399056824,1,1,1,CD8 T cell
PHF3,0.6959631232631438,-0.018491666567199472,1,1,1,CD8 T cell
PRR5L,0.6959928061350213,-0.06083496487451212,1,1,1,CD8 T cell
PRKG1,0.6960003078094208,0.004536045596996274,0.167,0.083,1,CD8 T cell
EPHB4,0.6960550265599015,0.031425703648450654,1,0.833,1,CD8 T cell
HPS3,0.6961143421467979,0.0017686271759606506,1,1,1,CD8 T cell
MINK1,0.696120596110955,-0.013666689237652907,1,1,1,CD8 T cell
FHL2,0.696135459376555,0.050387761801580666,0.917,1,1,CD8 T cell
ZNF575,0.6961393904641817,0.08080184551223768,1,1,1,CD8 T cell
AKIRIN2,0.6961403940469503,-0.01582673612839569,1,1,1,CD8 T cell
ZNF142,0.6962107221776916,0.020899227275973785,1,1,1,CD8 T cell
C8orf33,0.6962171741560896,0.0256389510342514,1,1,1,CD8 T cell
GTF3C5,0.6962805872850355,0.037536350353925885,1,1,1,CD8 T cell
PEX26,0.6962861360513917,0.001220270996107331,1,1,1,CD8 T cell
MACIR,0.6963656078767269,-0.027887411695153297,1,1,1,CD8 T cell
EVI2A,0.6965055063372962,0.0675959250644087,1,1,1,CD8 T cell
COX6A1,0.696541794678115,0.03752402800653498,1,1,1,CD8 T cell
GAK,0.6966086294605665,0.021706478406458896,1,1,1,CD8 T cell
UBE2C,0.696690347217034,-0.021588029440384293,0.75,0.917,1,CD8 T cell
FBXO31,0.696717758319553,-0.010942691927149584,1,1,1,CD8 T cell
CYB561A3,0.6968094548707733,0.025309278800791812,1,1,1,CD8 T cell
DCAF5,0.6968752486416094,-0.015109886685691576,1,1,1,CD8 T cell
BMPR1A,0.6969705616836086,-0.06433257129634673,1,1,1,CD8 T cell
COMMD9,0.6969899076761586,-0.009650210181967656,1,1,1,CD8 T cell
NPR2,0.6970306998084068,-0.05846839264518078,1,1,1,CD8 T cell
FUS,0.6970429031299241,-0.025873416010088718,1,1,1,CD8 T cell
RAVER2,0.6970648401409401,-0.056096134368153194,1,1,1,CD8 T cell
MAJIN,0.697072609977147,-1.6136724187498785e-4,0.25,0.167,1,CD8 T cell
AP1G1,0.6971374086779465,0.029791661536960112,1,1,1,CD8 T cell
PPM1L,0.6971748472075112,-0.07942024678007886,1,1,1,CD8 T cell
MTERF3,0.6972118204800708,0.007907870667213102,1,1,1,CD8 T cell
DUSP7,0.6972205089817223,0.008050984173329064,1,1,1,CD8 T cell
TTLL13,0.6973219733724232,0.04108127321194166,1,1,1,CD8 T cell
IFTAP,0.6973788279832843,0.02681137819940682,1,1,1,CD8 T cell
PLBD1,0.6974070908405703,-0.021451090063162148,1,1,1,CD8 T cell
HIC1,0.6974254144683452,-0.030831279394336164,0.917,1,1,CD8 T cell
ARHGAP1,0.6974534792139584,0.031133989957380592,1,1,1,CD8 T cell
RRP1B,0.6974840739206765,-0.01469356967368371,1,1,1,CD8 T cell
BTBD6,0.6975006049939314,0.028347921185597674,1,1,1,CD8 T cell
ZYG11B,0.6975080305496337,-0.047811087170593736,1,1,1,CD8 T cell
NUPR1,0.6975424049216296,0.015811148491392757,0.25,0.083,1,CD8 T cell
CDYL2,0.6975506361161266,0.0780206914092767,1,1,1,CD8 T cell
SLC46A1,0.6976680801812667,-0.013364451909560593,0.583,0.75,1,CD8 T cell
OR52K2,0.6976910238294549,-0.00798240918438653,0.083,0.25,1,CD8 T cell
ATP1A1,0.6977000988600269,-0.02620860015915699,1,1,1,CD8 T cell
GET1,0.6977236341904454,-0.02328259519806042,1,1,1,CD8 T cell
SLK,0.6977491515288011,-0.02294671154048067,1,1,1,CD8 T cell
SLC7A6,0.6977679381645961,0.08764587933307624,1,1,1,CD8 T cell
ALKBH2,0.6977865295889284,-0.003288912753247608,1,1,1,CD8 T cell
CSRNP2,0.6977927693581509,0.023924873272355596,1,1,1,CD8 T cell
GNAO1,0.6978723566463116,0.0909474457383892,1,1,1,CD8 T cell
PTDSS1,0.6978988773222707,-0.031184744287941796,1,1,1,CD8 T cell
GLO1,0.6979843053112291,0.02345715527767478,1,1,1,CD8 T cell
ZNF585A,0.6980041854128523,0.03315407150984573,1,1,1,CD8 T cell
SUN3,0.6980192822484059,0.00488902167278793,0.417,0.25,1,CD8 T cell
SNX24,0.6980364228374537,0.03535032171022223,1,1,1,CD8 T cell
NCBP1,0.6980945523892631,-0.0030543990447295666,1,1,1,CD8 T cell
PPP1R26,0.6981000358216245,-0.006974477579434701,0.75,1,1,CD8 T cell
DELEC1,0.6981136518711974,-0.10028334782845416,0.667,0.75,1,CD8 T cell
OBI1,0.6981407497401837,0.002227287553880908,1,1,1,CD8 T cell
FBXO46,0.6981600512532359,-0.00911169756706931,1,1,1,CD8 T cell
ANXA2,0.6983136582286071,0.05307901307355567,1,1,1,CD8 T cell
BARD1,0.6983289403253562,0.03659560350461932,1,1,1,CD8 T cell
CENPC,0.6984024149554688,0.023867728043218323,1,1,1,CD8 T cell
CLINT1,0.6984113474608398,0.03912206104239069,1,1,1,CD8 T cell
CIBAR1,0.6985053667611639,0.03822735204239658,0.833,0.583,1,CD8 T cell
NIP7,0.6986541878813111,0.05331491174630304,1,1,1,CD8 T cell
ARL4C,0.6986551730534574,-0.017759516206135473,1,1,1,CD8 T cell
ZNF677,0.6986768312766856,-0.04486052107900518,1,1,1,CD8 T cell
UBE2K,0.6988011401958225,0.009410224129491773,1,1,1,CD8 T cell
STAT3,0.6990343154351131,-0.007862232750184939,1,1,1,CD8 T cell
HIBCH,0.6990846353586625,-0.07306885220894377,1,1,1,CD8 T cell
DIAPH3,0.6991343476025238,0.026936490992431228,0.833,0.75,1,CD8 T cell
FAM76B,0.6991424713030906,0.02193078536310472,1,1,1,CD8 T cell
PPP6R3,0.6991584235354564,-0.024844044277180233,1,1,1,CD8 T cell
SEPSECS,0.6991701071841198,0.0427089888487584,1,1,1,CD8 T cell
GNL1,0.699261995449485,-0.016548537136069408,1,1,1,CD8 T cell
ZNF226,0.6992625503454704,0.05519103721745777,1,1,1,CD8 T cell
PDCD6IP,0.6993103994104101,-0.018978969734150253,1,1,1,CD8 T cell
METTL15,0.6993354406824166,-0.03592147695705594,1,1,1,CD8 T cell
CALU,0.6993977550760739,-0.00975113039882039,1,1,1,CD8 T cell
PPP2R2B,0.6994051587031506,-0.03927789151129707,1,1,1,CD8 T cell
ZG16,0.6994426576732082,0.004115439886827055,0.167,0.083,1,CD8 T cell
ARL1,0.6994894525081357,0.021104489012526484,1,1,1,CD8 T cell
COL4A5,0.6995521507463527,0.003876811954331316,0.167,0.25,1,CD8 T cell
ZNF385A,0.6995580322187311,9.63527055785729e-4,1,1,1,CD8 T cell
TPM1,0.6995827238142267,0.030294055446353996,1,1,1,CD8 T cell
ZNF510,0.6996137559005327,0.03204320006270889,1,1,1,CD8 T cell
PTBP2,0.699777045931216,-0.02291930702487943,1,1,1,CD8 T cell
TMEM192,0.6998002259167837,-0.0011426558555687194,1,1,1,CD8 T cell
NPAS2,0.6998284277638136,-0.019875530758522775,0.917,0.833,1,CD8 T cell
PARP8,0.6998432990654223,0.04207900676280474,1,1,1,CD8 T cell
CD3E,0.6998559464265257,0.019925670914644922,1,1,1,CD8 T cell
NSL1,0.699914037348175,0.01590957254891233,1,1,1,CD8 T cell
RTN4RL2,0.6999935510095223,-0.027569653568486174,0.75,0.833,1,CD8 T cell
NAA35,0.7000086432168932,-0.007887551542911986,1,1,1,CD8 T cell
CAMP,0.7000429972630704,-0.004713477953867784,0,0.25,1,CD8 T cell
CFAP52,0.700091032871905,-0.008100274335753,0,0.25,1,CD8 T cell
USP25,0.7001725095027536,-0.012749272684200452,1,1,1,CD8 T cell
SYDE2,0.7001821071571193,0.04289597682327084,1,1,1,CD8 T cell
CD19,0.7003317742212569,0.010707595310978757,0.667,0.667,1,CD8 T cell
CD28,0.7003612860500472,0.17993308268337377,1,1,1,CD8 T cell
PCDHGA6,0.7003810952568731,-0.05345931507174617,0.917,1,1,CD8 T cell
SEMA3F,0.700460281360894,-0.008035585654309507,0,0.25,1,CD8 T cell
PCBP3,0.7004602865681286,0.11155915351587575,0.667,0.833,1,CD8 T cell
GPR19,0.7004852071902151,-0.038935494236854495,1,1,1,CD8 T cell
ZMIZ1,0.7005026622038457,0.05699655719381003,1,1,1,CD8 T cell
PPARD,0.7007329312610749,-0.010689731727773655,1,1,1,CD8 T cell
TMEM217,0.7009036553685148,-0.02879620695175511,0.833,0.833,1,CD8 T cell
TADA3,0.7009188428318407,0.018571493799865085,1,1,1,CD8 T cell
PINK1,0.700976260127574,0.038254083024721774,1,1,1,CD8 T cell
AP5Z1,0.7010082070793502,-0.021603555301126565,1,1,1,CD8 T cell
EBNA1BP2,0.7010733532382571,0.022872245691180737,1,1,1,CD8 T cell
TBC1D13,0.7011188128146951,0.019644651384860712,1,1,1,CD8 T cell
C19orf67,0.7011302685715792,0.0034596612536854643,0.25,0.083,1,CD8 T cell
P4HA1,0.701167903000373,-0.02601213207533004,1,1,1,CD8 T cell
FBXO17,0.7012243180531345,0.01807426596201056,0.583,0.333,1,CD8 T cell
CSRNP1,0.7012292940917793,-0.05244496024969214,1,1,1,CD8 T cell
ZDHHC9,0.7012297258003248,-0.024905567913907856,1,1,1,CD8 T cell
CYP3A43,0.7012837145518362,-0.017904927864491604,0.083,0.333,1,CD8 T cell
ATP5MK,0.701291590744704,-0.03547129403407043,1,1,1,CD8 T cell
IMPACT,0.7012975778552273,0.028666656457198902,1,1,1,CD8 T cell
NCOA7,0.7014163961309039,-0.03285939791837571,1,1,1,CD8 T cell
AQR,0.7014225163884698,0.028711824593110502,1,1,1,CD8 T cell
ALG6,0.7014401391284038,-8.817991476988418e-4,1,1,1,CD8 T cell
H2AC13,0.7015249191056717,0.005485705954979103,0.417,0.5,1,CD8 T cell
NDUFA10,0.7015617423635718,0.02933829797018328,1,1,1,CD8 T cell
NAGA,0.7015797629291394,-0.054037461625035865,1,1,1,CD8 T cell
WBP11,0.7015945062251883,-0.03665419549256166,1,1,1,CD8 T cell
BCL6,0.7016258285624746,-0.037345688634517815,1,1,1,CD8 T cell
TOMM6,0.7016531317833758,0.00724188535166842,1,1,1,CD8 T cell
GPC2,0.701708211865079,-0.023567714639386672,1,0.917,1,CD8 T cell
HOOK1,0.7017463197478748,0.07113290523986526,1,1,1,CD8 T cell
TYRO3,0.7018307783634161,-0.009871313459497877,0.583,0.5,1,CD8 T cell
CASTOR1,0.7018429572233448,0.07826449022513504,1,1,1,CD8 T cell
LRRFIP2,0.7019940879436621,-0.020575420359509544,1,1,1,CD8 T cell
H4C2,0.7020042827898003,-0.03226356993115642,1,1,1,CD8 T cell
UPB1,0.7020386194433896,0.028685213458261583,1,0.917,1,CD8 T cell
NCKIPSD,0.702219150683288,-0.009972461732365545,1,1,1,CD8 T cell
SLC4A10,0.7022571424344398,0.07583450259483149,1,1,1,CD8 T cell
NKD1,0.7022666533235027,-0.025848280292076975,0.75,0.917,1,CD8 T cell
KLHL32,0.7023587184353508,0.045814354692149895,0.917,1,1,CD8 T cell
KDM5B,0.702368677627645,0.04859390980478062,1,1,1,CD8 T cell
SKP2,0.7023908392007543,0.02586926224177688,1,1,1,CD8 T cell
B3GNT5,0.7024392232506886,0.0116759233563406,0.5,0.5,1,CD8 T cell
ZACN,0.7024521662255918,0.008221800340906249,0.333,0.167,1,CD8 T cell
TARS2,0.7025620235378351,-0.0037743580556919287,1,1,1,CD8 T cell
CRTAP,0.7026515936265203,-0.03389462647687457,1,1,1,CD8 T cell
PDGFRB,0.7026539824354525,-0.0682044575279126,1,1,1,CD8 T cell
CD209,0.7026960877035344,-0.0026729482451952613,0.083,0.333,1,CD8 T cell
UQCRB,0.7027332304449768,0.02381098771496848,1,1,1,CD8 T cell
TCAP,0.7027582999956667,-0.03627455899022802,1,1,1,CD8 T cell
PPP1R3F,0.702848852151126,0.0011182415883133068,1,1,1,CD8 T cell
PNPT1,0.7029186381598842,0.0583306018948786,1,1,1,CD8 T cell
TTC24,0.7029343531995131,0.06884145723280755,1,1,1,CD8 T cell
CD7,0.7029492332875458,0.08096562030043652,1,1,1,CD8 T cell
GGA1,0.7029505861424199,0.034606602518578056,1,1,1,CD8 T cell
INPP5F,0.7029526622652815,0.04489046245615125,1,1,1,CD8 T cell
ASAP3,0.7029584767704493,-0.010297057584411018,0.417,0.5,1,CD8 T cell
DNAJB9,0.7029746657976039,-0.01967444677816027,1,1,1,CD8 T cell
BZW2,0.7029829709063042,0.043308663370369094,1,1,1,CD8 T cell
TRAF7,0.7030135950936742,0.05233476196052078,1,1,1,CD8 T cell
SAPCD2,0.7030308056463184,-0.014008941754448223,0.5,0.75,1,CD8 T cell
CTLA4,0.7031373701848265,-0.0625442791326849,1,1,1,CD8 T cell
BNC2,0.7031432035649248,-0.04415671553287481,1,1,1,CD8 T cell
CCDC85C,0.7032217904067384,0.02919043172417579,1,1,1,CD8 T cell
ENPP1,0.7032251873567653,-0.019307985551089146,0.583,0.667,1,CD8 T cell
FAM89B,0.7033058401334283,-0.025723522958176703,1,1,1,CD8 T cell
PRR14L,0.7033537578590054,5.751643950907548e-5,1,1,1,CD8 T cell
RANBP10,0.7033728604911216,0.04093651451953373,1,1,1,CD8 T cell
KLHL14,0.7034435294003223,-3.6218154221190346e-4,0.417,0.25,1,CD8 T cell
UBE2J1,0.7034885258809398,-0.007268048707175345,1,1,1,CD8 T cell
ATP6AP1,0.7035017713976799,-0.03671867906631632,1,1,1,CD8 T cell
RUFY3,0.7035193245270841,-0.026748305002413097,1,1,1,CD8 T cell
OSTF1,0.7036697454819754,-0.015463597776736115,1,1,1,CD8 T cell
GPR171,0.703911324033339,-0.06896312122813528,1,1,1,CD8 T cell
PPM1J,0.703958867947258,-0.004664577469879472,0.583,0.667,1,CD8 T cell
FAM234B,0.703981491676449,-0.036821015674168844,1,1,1,CD8 T cell
VOPP1,0.7041888172812246,-0.029975154259113634,1,1,1,CD8 T cell
FRMD4B,0.7041985365124119,-0.05257028598821156,1,1,1,CD8 T cell
CDCA7,0.7042020865582669,-0.10170228486058575,1,1,1,CD8 T cell
TMEM240,0.7042029307790433,-0.0031429260941262527,0.833,1,1,CD8 T cell
GPBAR1,0.7042744475147678,0.03526257165636304,0.917,0.833,1,CD8 T cell
IGSF11,0.7042977713202334,-0.019887424449830604,0.5,0.833,1,CD8 T cell
C1orf216,0.7043440941010181,0.061975686214083,1,1,1,CD8 T cell
ZMYND12,0.7043575895410326,3.3405218335946785e-4,0.667,0.583,1,CD8 T cell
ABHD1,0.7044117709178511,0.007117901258780535,1,1,1,CD8 T cell
ZNF33A,0.7044874646749617,-0.009449023738740514,1,1,1,CD8 T cell
PROM2,0.704530085533374,0.018027848661608115,0.667,0.667,1,CD8 T cell
AGER,0.704545678140851,0.04542888044818727,1,1,1,CD8 T cell
CSPG5,0.7045625677634085,-0.010015271531069292,0.5,0.583,1,CD8 T cell
LYSMD4,0.7046779927789978,-0.06759307137947834,1,1,1,CD8 T cell
SERPINE2,0.7048335904246714,-0.008209773244159724,0.917,1,1,CD8 T cell
AP3D1,0.704841986441482,0.029288136317891955,1,1,1,CD8 T cell
FRK,0.7048581037402681,2.0497247766027016e-4,0.333,0.333,1,CD8 T cell
OLFML3,0.7050096307840314,0.023865916072889348,0.917,0.917,1,CD8 T cell
DDX46,0.7051218711631415,0.020023794924844074,1,1,1,CD8 T cell
TRMT10B,0.7051837125748619,0.0481704013161659,1,1,1,CD8 T cell
WFS1,0.7052299800609563,-0.030697887253408496,1,1,1,CD8 T cell
BSDC1,0.7052337321229136,0.014880070349253371,1,1,1,CD8 T cell
TEAD4,0.705266758409738,-0.006516513106204602,0,0.25,1,CD8 T cell
LGR6,0.705325392340117,0.04249358952641735,1,1,1,CD8 T cell
KLHL28,0.7053321856916717,-0.031453713457464394,1,1,1,CD8 T cell
MSL2,0.7054493406258511,-0.004218236471046355,1,1,1,CD8 T cell
CPOX,0.7055583039478055,0.047089291779982334,1,1,1,CD8 T cell
FAM111B,0.7055724811899592,-5.466752951885923e-4,0.75,0.917,1,CD8 T cell
PRPF8,0.7056620037834311,0.027530365574189475,1,1,1,CD8 T cell
FUOM,0.7057486756035154,0.0035986137896926174,1,1,1,CD8 T cell
RCBTB2,0.7057821572126215,0.05524465564585995,1,1,1,CD8 T cell
HEMK1,0.7058947291627967,-0.023225089268912646,1,1,1,CD8 T cell
TMEM214,0.7059074657060385,-0.010814543339341731,1,1,1,CD8 T cell
KLF12,0.7059610085173351,-0.012038454442312219,1,1,1,CD8 T cell
FANCF,0.7059612654007545,-0.032842639569888976,1,1,1,CD8 T cell
CAAP1,0.7061611558094933,0.02283859094997709,1,1,1,CD8 T cell
USP32,0.7062767785298596,0.045702823199206793,1,1,1,CD8 T cell
ENTPD1,0.7062849643435669,0.05805842479924861,1,1,1,CD8 T cell
SLC25A40,0.706349722369352,0.009060617694489403,1,1,1,CD8 T cell
FAM228A,0.7063650219463955,-0.0016237594374781672,1,1,1,CD8 T cell
FSTL1,0.7064370618556166,0.003381204459088849,0.417,0.417,1,CD8 T cell
SERTAD3,0.7064976171738182,-0.03717236991635553,1,1,1,CD8 T cell
FAM167A,0.7065172346039978,0.014053643298493679,0.333,0.25,1,CD8 T cell
ALG2,0.7065924789188927,0.040675557625088954,1,1,1,CD8 T cell
SLC2A6,0.706594751944688,-0.06203970973176398,1,1,1,CD8 T cell
RPP40,0.7067069885113517,0.03970687705778353,1,1,1,CD8 T cell
TRMT1L,0.7067270810363927,0.02849295493044568,1,1,1,CD8 T cell
BLOC1S2,0.7068551933502449,0.028651767941373564,1,1,1,CD8 T cell
PDE8B,0.7068572632572926,-0.0037369925618704336,0,0.25,1,CD8 T cell
CHCT1,0.7068572632572926,-0.0037369925618704336,0,0.25,1,CD8 T cell
ECI2,0.7068768933038738,0.03186396378329551,1,1,1,CD8 T cell
TAOK3,0.7069829062821514,0.02632238186779068,1,1,1,CD8 T cell
LRRC73,0.7070385424755607,-0.01186158755499589,0.583,0.667,1,CD8 T cell
ZNF652,0.7070708361123678,0.0339747527485007,1,1,1,CD8 T cell
TTC21A,0.7070866911476653,0.025262445317626447,1,1,1,CD8 T cell
SLC25A1,0.7071689512369984,-0.014504798849959921,1,1,1,CD8 T cell
TOGARAM2,0.7071840177570083,0.06297302065194055,1,1,1,CD8 T cell
ZNF227,0.70724375715171806,-0.022998124668101028,1,1,1,CD8 T cell
CENATAC,0.7072646568803982,-0.018471893299520037,1,1,1,CD8 T cell
IGSF6,0.7073936353913965,0.010786466688263996,1,1,1,CD8 T cell
TCERG1,0.7074034022349611,-0.006819175948133194,1,1,1,CD8 T cell
AFF2,0.7074034035974048,0.00801592441740917,0.75,0.667,1,CD8 T cell
LRRC63,0.7074385694316645,-0.013659366277150031,0.917,0.833,1,CD8 T cell
TAGAP,0.7074974909941274,0.03313990971269165,1,1,1,CD8 T cell
ERN1,0.7075330900810586,-0.07046031507307049,1,1,1,CD8 T cell
GDI1,0.7075400007437598,0.03867859290530884,1,1,1,CD8 T cell
KLHL36,0.7077209801427711,-0.0402495955782321,1,1,1,CD8 T cell
CTBS,0.7078143648207166,0.03755866174257283,1,1,1,CD8 T cell
GTPBP10,0.7078554763632099,0.03291611993224086,1,1,1,CD8 T cell
RMND1,0.7079029324685981,1.4536062452474852e-4,1,1,1,CD8 T cell
ZFP92,0.7080127290926016,0.0316017944392879,1,1,1,CD8 T cell
CCDC18,0.7080217813363149,-0.03799522530150634,1,1,1,CD8 T cell
PANK3,0.7080263019690618,-0.005658487951196944,1,1,1,CD8 T cell
RBMS3,0.7080309539593205,0.005594946577201387,0.5,0.5,1,CD8 T cell
RPA2,0.708077974569281,0.029413638873239528,1,1,1,CD8 T cell
DERPC,0.7080889729993327,0.04574230802268353,1,0.917,1,CD8 T cell
SLC7A6OS,0.7081161287151643,0.0010597986094946776,1,1,1,CD8 T cell
DBNDD1,0.7082669952422109,0.004313749700645353,0.25,0.083,1,CD8 T cell
DERL2,0.7082792219926447,-0.015753141548031563,1,1,1,CD8 T cell
NECTIN4,0.7083441731396829,0.0029877845595081,0.25,0.167,1,CD8 T cell
SIPA1L2,0.7083605122143007,0.09000016187802506,1,1,1,CD8 T cell
NLGN2,0.7083865351060328,-0.052742665474395434,1,1,1,CD8 T cell
AKAP13,0.7083950936833074,-0.006404358097055418,1,1,1,CD8 T cell
CCDC194,0.7083985173054308,-0.022169155508348304,1,1,1,CD8 T cell
BBX,0.7084226318859888,-0.03030710404181472,1,1,1,CD8 T cell
HAGH,0.7084243201609022,-0.02679866420648966,1,1,1,CD8 T cell
DYNC2I1,0.7084342509476054,0.021331827342978782,1,1,1,CD8 T cell
SHOC2,0.7085134014287067,0.019628574544919175,1,1,1,CD8 T cell
SPRYD4,0.7086812940507405,-0.03229061756759055,1,1,1,CD8 T cell
TAF1A,0.7087687297350216,-0.01463691967545766,1,1,1,CD8 T cell
PCNX2,0.7088591092581863,0.04029902061088625,1,1,1,CD8 T cell
FMR1NB,0.7090720895135696,-0.006749572795462733,0.083,0.25,1,CD8 T cell
AGMAT,0.709230686787277,0.06005238539424562,1,1,1,CD8 T cell
SLC22A17,0.7092374105565246,0.03406070333075695,0.833,0.917,1,CD8 T cell
SOX2,0.7092690435044411,-0.0033455210637849397,0.083,0.333,1,CD8 T cell
ITSN1,0.7092986676578772,0.05654672229421687,1,1,1,CD8 T cell
ATP6V0A1,0.7093023075795623,0.06613909747925328,1,1,1,CD8 T cell
FANCB,0.7093283530880887,0.06506298708950276,1,1,1,CD8 T cell
MSRB1,0.7094328760206233,-0.033216855678862345,1,1,1,CD8 T cell
ANKRD17,0.70955880981909,-0.020218880939414374,1,1,1,CD8 T cell
WDR70,0.7095703567341194,0.002331917154599919,1,1,1,CD8 T cell
RSL24D1,0.7095774794053706,-0.04401192596222114,1,1,1,CD8 T cell
TMEM129,0.709667038211822,0.009905233091949128,1,1,1,CD8 T cell
CCDC87,0.709713651093061,0.009867185050889127,0.333,0.25,1,CD8 T cell
COL4A4,0.7097543845877596,0.013056106687280078,0.5,0.333,1,CD8 T cell
ASPM,0.7098360465199505,0.03369059899740767,1,1,1,CD8 T cell
RGS6,0.7099654278935683,-0.014415163740426173,0.417,0.5,1,CD8 T cell
AHR,0.7099685254334017,-0.02024314522543258,1,1,1,CD8 T cell
NECAP2,0.7099703378909179,-0.009890200063532917,1,1,1,CD8 T cell
CD1A,0.7100139251541999,0.003380261733724854,0.333,0.25,1,CD8 T cell
SAMM50,0.7100309556511393,0.032994247940219656,1,1,1,CD8 T cell
NOD1,0.7100600132583099,-0.004277793096806981,1,1,1,CD8 T cell
TNFRSF17,0.7100814569401963,0.010883762894611682,0.5,0.5,1,CD8 T cell
DZIP3,0.7101531022084304,0.07863694488584039,1,1,1,CD8 T cell
METTL6,0.7102980678221488,-0.0303457842063124,1,1,1,CD8 T cell
RNF149,0.7103114567526349,0.02414167165497716,1,1,1,CD8 T cell
ZNF300,0.7103174279859819,0.06532433924839198,1,1,1,CD8 T cell
BORCS6,0.7104371064744948,-0.015112454841241185,1,1,1,CD8 T cell
GSTO1,0.7104598832880047,0.03483392009556262,1,1,1,CD8 T cell
DENND1A,0.7105795800772707,-0.01642687583123592,1,1,1,CD8 T cell
METTL26,0.7106735160081744,-0.01349957878890462,1,1,1,CD8 T cell
RAB3A,0.7107049807877591,-0.03165030003811431,1,1,1,CD8 T cell
APEX1,0.710750380263447,0.029579509707801058,1,1,1,CD8 T cell
PTPRR,0.7108129576867364,-0.0041184206178006555,0.417,0.25,1,CD8 T cell
LTBP2,0.7108182243635996,0.05013972317631765,1,1,1,CD8 T cell
RAG1,0.710828562913064,0.0033277483142652997,1,1,1,CD8 T cell
CETP,0.7108561452912483,-0.008586319567917222,0.417,0.5,1,CD8 T cell
MTREX,0.710867884442481,5.65537422120975e-4,1,1,1,CD8 T cell
CTH,0.7108991991081826,-0.019026982449179553,1,1,1,CD8 T cell
SLC45A2,0.7108995544225156,-0.00261807136186043,0.583,0.583,1,CD8 T cell
IL1B,0.7109045886450336,0.02150497123678452,1,1,1,CD8 T cell
ARV1,0.7109717712637078,0.016931895046866874,1,1,1,CD8 T cell
TMEM70,0.7111086176060994,-0.024933058552823795,1,1,1,CD8 T cell
PCDHGC3,0.7111766878836568,0.0020700284042898254,0.5,0.583,1,CD8 T cell
GTF3C1,0.711191587650829,7.958689772492034e-4,1,1,1,CD8 T cell
COA5,0.7111938977569433,-0.003925596723018732,1,1,1,CD8 T cell
DPYSL2,0.7113008235087284,-0.03284371126399925,1,1,1,CD8 T cell
EPN2,0.711362328391796,0.03340948016968914,1,1,1,CD8 T cell
SLC30A10,0.7113978427237075,-0.0057743555418272585,0,0.25,1,CD8 T cell
USP8,0.7114314010575269,0.03427736022108152,1,1,1,CD8 T cell
POMC,0.7114486449990367,0.02747315523567373,1,1,1,CD8 T cell
PDE12,0.7116159412894052,-0.045424686929061264,1,1,1,CD8 T cell
ZNF740,0.7117262162718356,0.06495228219848004,1,1,1,CD8 T cell
SDC4,0.7117572861660013,-0.053073312169992004,0.833,0.917,1,CD8 T cell
LMAN1L,0.7118180966188055,0.0033097713793721617,0.333,0.5,1,CD8 T cell
LRRC39,0.7118637823924483,0.009271844045363853,1,1,1,CD8 T cell
PCBD1,0.7118963668494025,-0.03252694390255595,1,1,1,CD8 T cell
RASSF7,0.7120070255510136,0.05343946717260717,1,1,1,CD8 T cell
ZNF24,0.7120580984913601,-0.03630516297315961,1,1,1,CD8 T cell
WDCP,0.7120607470102333,0.014013332908917153,1,1,1,CD8 T cell
NHP2,0.7121107573351203,-0.02688368097395155,1,1,1,CD8 T cell
P4HB,0.7123735211812956,0.05725658423318336,1,1,1,CD8 T cell
RAB8A,0.7123771956278724,0.02819490753555265,1,1,1,CD8 T cell
PROSER3,0.7124455668976811,0.04416626633558418,1,1,1,CD8 T cell
ZNF766,0.712534235908493,-0.0077006929881364705,1,1,1,CD8 T cell
C11orf52,0.7125536393625558,-0.006428200054589439,0,0.25,1,CD8 T cell
LILRA4,0.7126864499467119,-0.019662718569464666,0.417,0.583,1,CD8 T cell
SFTA2,0.7127174095057364,-0.008794685973430028,0,0.167,1,CD8 T cell
RMI2,0.7128043566702804,-0.03695198394636279,0.917,1,1,CD8 T cell
AP1S3,0.7129122121545634,0.044933533797602454,1,1,1,CD8 T cell
CD96,0.7129451014885018,0.030788962024044686,1,1,1,CD8 T cell
RCCD1,0.7129624691819756,0.032763355606550526,1,1,1,CD8 T cell
SFT2D1,0.7130716001298278,0.05348713334100741,1,1,1,CD8 T cell
ZNF222,0.7131122375807624,0.04540617289539206,1,1,1,CD8 T cell
RBM12,0.7131137988733046,0.04536344592894659,1,1,1,CD8 T cell
AFAP1L2,0.7131237222503455,0.005726162977957472,0.5,0.667,1,CD8 T cell
EIF1AY,0.7131753068077531,0.021659615494925344,0.917,0.833,1,CD8 T cell
HINFP,0.7131823623284921,0.06171709497400424,1,1,1,CD8 T cell
CRAMP1,0.7131884835047719,0.017411238281491825,1,1,1,CD8 T cell
NOA1,0.7131955006117291,0.04530685012908686,1,1,1,CD8 T cell
ARHGAP6,0.7132004864580188,-0.003940903174716404,0.417,0.417,1,CD8 T cell
CCER2,0.7132756973984663,0.020314742504487615,1,1,1,CD8 T cell
MED27,0.7135937135748378,0.041454484366802546,1,1,1,CD8 T cell
TNKS,0.7136604727974305,-7.732010874973161e-4,1,1,1,CD8 T cell
RNF144B,0.7137459351156994,0.05412360014704021,1,0.917,1,CD8 T cell
LZTR1,0.7137646547870735,-0.020419282197599475,1,1,1,CD8 T cell
CYP7B1,0.7138190848579183,-0.015501154932124006,0,0.25,1,CD8 T cell
ZNF107,0.7138474938681423,0.00862403586694771,1,1,1,CD8 T cell
SYCP2,0.7140278395186458,0.06322184685352306,1,1,1,CD8 T cell
GLIPR2,0.71403008252428,0.04483780790802128,1,1,1,CD8 T cell
LRTM2,0.7140670931114357,-0.005777581497769191,0,0.25,1,CD8 T cell
BAALC,0.714150399112397,-0.015178455586168038,0,0.167,1,CD8 T cell
FKBP3,0.7141508748894921,-0.021732717199346385,1,1,1,CD8 T cell
CHODL,0.7141595582800038,-0.05166146043069375,0.833,1,1,CD8 T cell
PIP4K2B,0.7143716060120713,0.008472853761493648,1,1,1,CD8 T cell
SPATA21,0.7144508169684414,0.004507830035713312,0.5,0.583,1,CD8 T cell
LRCH1,0.7144539645061045,0.07211561973399305,1,1,1,CD8 T cell
PLEKHG1,0.7146411179814989,-0.08132910559534645,1,1,1,CD8 T cell
DDX19B,0.714930710970932,-0.020617879952673945,1,1,1,CD8 T cell
TRIM66,0.7149885102663889,0.05258490229422441,1,1,1,CD8 T cell
GAS6,0.7150208919967398,0.00961050269316166,0.667,0.667,1,CD8 T cell
SMYD4,0.7150426954192182,-0.025414163725432926,1,1,1,CD8 T cell
CYP26C1,0.7150662462896501,-0.015177593075214268,0.833,0.833,1,CD8 T cell
TCF4,0.7151776103187413,0.0428593443984453,1,0.75,1,CD8 T cell
CD244,0.7152538099390602,0.043436676292401666,1,1,1,CD8 T cell
TXLNA,0.7155638194574163,-0.014928541201037593,1,1,1,CD8 T cell
TTLL1,0.7156693182699227,-0.0036728005231363436,1,1,1,CD8 T cell
TMEM38A,0.7156715897802026,0.005719767706721779,0.583,0.583,1,CD8 T cell
TOGARAM1,0.7156956991003994,0.07921890632039208,1,1,1,CD8 T cell
C15orf39,0.7157463474192564,-0.021412201987354162,1,1,1,CD8 T cell
USP22,0.7157463611149244,0.036786348993465334,1,1,1,CD8 T cell
TUBA4A,0.7157506381822794,0.04393098960270403,1,1,1,CD8 T cell
ICAM1,0.715790090280277,0.03188584373755088,1,1,1,CD8 T cell
TRIM35,0.7157936944137765,0.0282631253194216,1,1,1,CD8 T cell
CHTOP,0.7160270521148069,0.023715638631920166,1,1,1,CD8 T cell
SERPINB2,0.7160360093199255,0.003724201991432974,0.333,0.25,1,CD8 T cell
CKAP2,0.7161400661784529,0.057621786047105106,1,1,1,CD8 T cell
HERC6,0.7161834972052648,0.04695081500670595,1,1,1,CD8 T cell
MTSS1,0.7161853388419741,-0.06008626318303906,1,1,1,CD8 T cell
LYSMD3,0.7162267841058232,-0.021573746700128515,1,1,1,CD8 T cell
ZNF490,0.7163071577416544,0.009393697297831238,1,1,1,CD8 T cell
RAB11FIP5,0.7163795823977674,-0.10547863983542005,1,1,1,CD8 T cell
ZFP30,0.7164130178663859,0.039483376777391443,1,1,1,CD8 T cell
CYP2S1,0.7164496801812504,0.008058028546835239,0.417,0.333,1,CD8 T cell
BSPRY,0.7165348529699629,0.05363651744395925,0.917,1,1,CD8 T cell
PPM1A,0.7165480462502385,-0.008798752023928325,1,1,1,CD8 T cell
ZNF610,0.7165570337998913,0.02943630597179059,1,1,1,CD8 T cell
TOMM20,0.7165802232820448,-0.005876337777134588,1,1,1,CD8 T cell
ECHS1,0.7166248134627133,0.03636449683327502,1,1,1,CD8 T cell
SPTBN5,0.7167103239105146,-0.04758832878403618,1,1,1,CD8 T cell
MT1F,0.7167433244583852,0.04860923795182881,1,1,1,CD8 T cell
ZNF526,0.716754821177801,-0.04371928689036775,1,1,1,CD8 T cell
SYTL3,0.7169275366178018,-0.03800863857558083,1,1,1,CD8 T cell
PRPF31,0.7169384211181575,-0.04298732594024868,1,1,1,CD8 T cell
GPRASP1,0.7170119251477098,0.09681430844950323,1,1,1,CD8 T cell
MYG1,0.7170896561531828,0.04471256435173099,1,1,1,CD8 T cell
RIF1,0.7171393571763771,-0.01808113054569771,1,1,1,CD8 T cell
N6AMT1,0.7171663954296568,-0.007638695869959911,1,1,1,CD8 T cell
ODAD2,0.7172098548131525,-0.001941570333178877,0.25,0.417,1,CD8 T cell
NDRG2,0.7172828983253031,0.05513708928360561,1,1,1,CD8 T cell
SLC44A2,0.7174124092449525,-0.01374385584786375,1,1,1,CD8 T cell
CPA5,0.7174444054537313,-0.030780588705193956,0.583,0.667,1,CD8 T cell
WBP1,0.7176269328031126,-0.011524671803162606,1,1,1,CD8 T cell
TMCC2,0.7176625646183408,0.052612952355691966,1,1,1,CD8 T cell
RASGRF2,0.7176770435358488,0.1314379303460732,1,1,1,CD8 T cell
EXOC7,0.7176829017990833,0.02243783981316838,1,1,1,CD8 T cell
CA13,0.7176830936695788,-0.02216637670827737,1,1,1,CD8 T cell
HOXA1,0.7176971938909341,-0.05328949938238292,1,1,1,CD8 T cell
GEMIN4,0.7178588856065606,0.03659514630086114,1,1,1,CD8 T cell
PMFBP1,0.7178754053954677,-0.043701127352000935,0.583,0.833,1,CD8 T cell
CD226,0.7179471890512805,-0.037306525715694594,1,1,1,CD8 T cell
SPEF2,0.7179802951524651,0.07499280423519883,1,1,1,CD8 T cell
SCARB1,0.7180704734171539,0.00414490317263061,1,1,1,CD8 T cell
CIAO1,0.7180798049007568,0.03038206982140229,1,1,1,CD8 T cell
FMNL3,0.7180806637437989,-0.027740743143522706,1,1,1,CD8 T cell
MINAR1,0.7182090430741965,0.004264311772519402,1,1,1,CD8 T cell
PSMD8,0.7182399070870316,0.00106813439405673,1,1,1,CD8 T cell
SLC40A1,0.7183314874065876,-0.025716622151163993,1,1,1,CD8 T cell
TXNDC11,0.7183497411056472,-0.0077407362353000275,1,1,1,CD8 T cell
CNTRL,0.718462273783494,-0.008918140056753066,1,1,1,CD8 T cell
OVGP1,0.7184881769478246,0.028923040362488717,1,0.917,1,CD8 T cell
NUDT14,0.7185346948681813,0.04259568030785621,1,1,1,CD8 T cell
ZNF236,0.7185397178527058,-0.004148615121750465,1,1,1,CD8 T cell
PTPN3,0.7185881564450372,0.01841373404137059,0.333,0.333,1,CD8 T cell
NDOR1,0.7186605088440556,0.0010698229055474684,1,1,1,CD8 T cell
OSM,0.7186645733794259,-0.015823744178063315,1,1,1,CD8 T cell
NBPF20,0.7188602824149527,0.04525400543567226,1,1,1,CD8 T cell
F12,0.7189716091656095,-0.021432756865367164,0.5,0.667,1,CD8 T cell
TMEM150A,0.7191110057126469,0.02642145547924102,1,1,1,CD8 T cell
ZNF329,0.7191703332419352,-0.04375391335869905,1,1,1,CD8 T cell
SLC33A1,0.7191754453089881,0.030045144359122256,1,1,1,CD8 T cell
GSAP,0.7191889343760223,0.02571032786286881,1,1,1,CD8 T cell
SLC4A1AP,0.7191941522311185,0.01986852008148754,1,1,1,CD8 T cell
ZBTB10,0.7193166681617991,-0.07474878470482715,1,1,1,CD8 T cell
TEKT2,0.719344432034388,0.005999829362994369,0.5,0.583,1,CD8 T cell
CELF2,0.7195609213987022,0.026181750139360638,1,1,1,CD8 T cell
FIG4,0.7195718167673983,0.038947515267851784,1,1,1,CD8 T cell
CCDC136,0.7195738418687763,0.015012349254788226,1,1,1,CD8 T cell
KDM6B,0.719600265118135,0.06795890776758484,1,1,1,CD8 T cell
KANSL1L,0.7196017243060364,0.04554882538251581,1,1,1,CD8 T cell
GPR156,0.7197602350227663,-0.001894359585345562,0.583,0.417,1,CD8 T cell
SCP2,0.7197827067500149,-0.01605333314183821,1,1,1,CD8 T cell
IL11RA,0.7197834220442563,0.02730501247295236,1,1,1,CD8 T cell
KAT8,0.7198112222291564,-0.04131999594368324,1,1,1,CD8 T cell
CLDN7,0.7198279610893801,-0.010181591274055712,1,0.833,1,CD8 T cell
GOLM2,0.7198360366870101,-0.024865915098072455,1,1,1,CD8 T cell
PLCXD1,0.7198627723322282,-0.06947099021093717,1,1,1,CD8 T cell
SPATA45,0.7199218745708792,0.004647115820199499,0.833,0.667,1,CD8 T cell
PERCC1,0.7199365039669483,0.007846129484495812,0.75,0.833,1,CD8 T cell
CENPP,0.7201678068674666,0.034464680582077856,1,1,1,CD8 T cell
CACNB1,0.7202034281831362,0.020883132790920467,1,1,1,CD8 T cell
TBCE,0.7202249056365821,-0.001963202845949752,1,1,1,CD8 T cell
PPP6R2,0.720338128383567,0.036416840219041235,1,1,1,CD8 T cell
HOXA2,0.7203631887566019,-0.009086157371860804,0.167,0.25,1,CD8 T cell
SMIM29,0.7205012668140978,-0.02850327925932461,1,1,1,CD8 T cell
WDR62,0.7205082123264404,-0.03402037637167288,1,1,1,CD8 T cell
USP11,0.7205334197838493,-0.020797574286658536,1,1,1,CD8 T cell
UBL5,0.7205906453582608,0.01562332275563666,1,1,1,CD8 T cell
TSHZ3,0.7206218021506576,0.09152141609614328,1,1,1,CD8 T cell
CFAP43,0.7206623029773811,0.003232758432575533,0.25,0.083,1,CD8 T cell
FERMT3,0.7207684505381852,0.02818605808387331,1,1,1,CD8 T cell
PLXDC1,0.7207806651894493,0.10583036520114131,1,1,1,CD8 T cell
RTF2,0.7208081787008072,0.030199538053864994,1,1,1,CD8 T cell
EPB41L5,0.7208218954055969,0.016414552749224542,1,1,1,CD8 T cell
PLAU,0.7208805891477545,0.006995582695993097,0.5,0.333,1,CD8 T cell
GPR27,0.7209774241070432,-0.09474210685189899,0.917,1,1,CD8 T cell
MAP2K5,0.7209931027733225,-0.017322079500625476,1,1,1,CD8 T cell
TMEM200B,0.7210061645660755,-0.012945565679759685,0,0.25,1,CD8 T cell
TACSTD2,0.7210766310920611,0.007736159882907767,0.333,0.167,1,CD8 T cell
SLC38A6,0.7210843708450716,0.06171553699343835,1,1,1,CD8 T cell
SPSB1,0.7211809406204529,0.09896356373052972,1,1,1,CD8 T cell
EPHB2,0.7211846150613543,0.003072847619412844,0.333,0.25,1,CD8 T cell
USB1,0.7211927809942664,0.024878468180635382,1,1,1,CD8 T cell
UBB,0.7212242034076555,-0.014026564212270776,1,1,1,CD8 T cell
FAM83F,0.7212507983609335,-0.0016780902970898737,0.25,0.417,1,CD8 T cell
TEX10,0.7212971076171236,0.032498141434782024,1,1,1,CD8 T cell
SGCB,0.7213554564183716,-0.02367456172135496,1,1,1,CD8 T cell
CD302,0.7214220321354843,0.015848235131386446,1,1,1,CD8 T cell
ZNF362,0.7214257192817706,0.021150752113150484,1,1,1,CD8 T cell
LDLRAD4,0.7215125346642938,-0.05035384669469822,1,1,1,CD8 T cell
PRPS2,0.7215968296491515,0.0770138116543454,1,1,1,CD8 T cell
DAP3,0.721621516625827,0.002676628486188215,1,1,1,CD8 T cell
LAP3,0.7217907744828671,-0.004001714885729091,1,1,1,CD8 T cell
TATDN1,0.7218261378887165,-0.06714640085129941,1,1,1,CD8 T cell
ESM1,0.7218299097077784,-0.0407030051101529,1,1,1,CD8 T cell
TLR5,0.7218580975018956,-0.009806579823598671,0.833,0.75,1,CD8 T cell
CNRIP1,0.7218794436228038,0.012503452198589837,0.25,0,1,CD8 T cell
TUFM,0.7219101761646418,0.026218398885069272,1,1,1,CD8 T cell
L3MBTL3,0.7219383954805556,0.0474870678230615,1,1,1,CD8 T cell
CTSW,0.7219488303521646,-0.03295865667648368,1,1,1,CD8 T cell
DRAP1,0.7219523174834082,-0.015653101569262917,1,1,1,CD8 T cell
STK16,0.7219725629105633,-0.03714156791716916,1,1,1,CD8 T cell
PTK6,0.7220015022364791,-0.0011983092152187957,0.667,0.5,1,CD8 T cell
RARG,0.7220561817574809,0.061827851584336235,1,1,1,CD8 T cell
PSMC2,0.7220859392244807,0.03219146083159563,1,1,1,CD8 T cell
GALNT2,0.7221595500007242,0.009161284182221063,1,1,1,CD8 T cell
TBC1D22B,0.7222834484071126,0.005454284904265472,1,1,1,CD8 T cell
HDGF,0.7224169909619347,-0.013770157085127743,1,1,1,CD8 T cell
SNRPN,0.7224457870314047,-0.022811019503491403,1,1,1,CD8 T cell
NDUFS5,0.7224645208757794,0.018388374861734613,1,1,1,CD8 T cell
PHF20L1,0.7224825643587627,0.005427202409977128,1,1,1,CD8 T cell
IL22RA1,0.722540028184256,5.175722063817112e-4,0.417,0.417,1,CD8 T cell
TNIP3,0.7226040651153136,0.07259230193554855,1,1,1,CD8 T cell
FAM184A,0.7226271493763592,0.04851964079050397,1,0.917,1,CD8 T cell
GJD3,0.722627534243401,-0.003959019736724301,0.167,0.333,1,CD8 T cell
PRKACB,0.7226305800908566,-0.011900859205312031,1,1,1,CD8 T cell
CALML4,0.7226381222326214,0.0671316971158511,1,1,1,CD8 T cell
VAV1,0.7226871613483121,0.0333012900536197,1,1,1,CD8 T cell
CXCL2,0.7228334488618616,-0.012898815414587705,0.583,0.75,1,CD8 T cell
TTC36,0.7228342824531935,1.5320954879172177e-4,0.917,0.917,1,CD8 T cell
GNG2,0.7228381582345835,-0.013892836453572421,1,1,1,CD8 T cell
KL,0.7230269703950287,-0.0037297384792540633,0.333,0.417,1,CD8 T cell
UPRT,0.7230480759726536,-0.01273591999354673,1,1,1,CD8 T cell
SCML2,0.723064124611359,-0.04292441641021316,1,1,1,CD8 T cell
CYSLTR1,0.7231098087374128,-0.0345153145431496,1,1,1,CD8 T cell
HECTD2,0.7231180303136553,-0.043785000691459075,1,1,1,CD8 T cell
C2CD2L,0.7231420388870031,0.030049717468058956,1,1,1,CD8 T cell
PRX,0.7232724001922011,0.05902540092625719,1,1,1,CD8 T cell
EIF2AK4,0.7233204771919337,0.05041477002026218,1,1,1,CD8 T cell
CYGB,0.7233224696922955,-0.004460315719805319,0.083,0.25,1,CD8 T cell
STARD3,0.7233464207457825,0.036414249668459894,1,1,1,CD8 T cell
FAM104A,0.7235976104506381,-0.017250645483866567,1,1,1,CD8 T cell
MEX3D,0.7236459587636168,0.06822577753082637,1,1,1,CD8 T cell
ARHGAP4,0.7237682667531729,0.03293926824954485,1,1,1,CD8 T cell
SLC27A1,0.72377001981138,0.024304861360649355,1,1,1,CD8 T cell
ANLN,0.7237714599763708,0.010089206474793944,0.75,0.75,1,CD8 T cell
DENND3,0.7239067600334543,-0.037517054249486925,1,1,1,CD8 T cell
MTFR1,0.7240275947943555,0.02637599367024368,1,1,1,CD8 T cell
SAG,0.724180987845295,-0.005988921145591686,0.417,0.333,1,CD8 T cell
INMT,0.7242008748610019,-0.012577880188417101,0.583,0.75,1,CD8 T cell
DYNC1I2,0.7242535235546819,0.02703443114330606,1,1,1,CD8 T cell
C3orf14,0.7242706404475446,0.001912707371682476,1,0.917,1,CD8 T cell
PACS1,0.7242836108390305,0.021335238628936937,1,1,1,CD8 T cell
TCAIM,0.72428681365111,0.0180382095826479,1,1,1,CD8 T cell
SOX4,0.7243643035064342,-0.009496577243364612,1,0.917,1,CD8 T cell
EIF4E2,0.7243875337266648,-0.014448212017368511,1,1,1,CD8 T cell
CFAP70,0.7243908660449911,0.07130384976877613,1,1,1,CD8 T cell
CDKN2AIP,0.724427745151471,0.038007900164476194,1,1,1,CD8 T cell
FRMD5,0.724442983875941,7.428197355405786e-4,0.167,0.083,1,CD8 T cell
STX1A,0.7244821050502939,0.02184784426756803,1,1,1,CD8 T cell
RP1L1,0.7245120926686421,-0.03740883760437308,0.25,0.25,1,CD8 T cell
YIF1A,0.7245595560028959,0.010779135806932016,1,1,1,CD8 T cell
MPDU1,0.7246947715251373,0.06132395383315137,1,1,1,CD8 T cell
RNASEK,0.7247553803767084,-0.007747499414417103,1,1,1,CD8 T cell
FBXO21,0.7247944068405184,-0.008614716577427628,1,1,1,CD8 T cell
ENPEP,0.7248503025991493,0.0034781555879010995,0.167,0.333,1,CD8 T cell
SCYL2,0.724868089654561,3.6983084512415276e-4,1,1,1,CD8 T cell
PDLIM1,0.7248783209813412,-0.0690423604306134,1,1,1,CD8 T cell
ORC3,0.7249876724759239,0.011065382080505115,1,1,1,CD8 T cell
CAVIN2,0.7250105066588406,0.005585331064991372,1,1,1,CD8 T cell
GRAP2,0.7250537538117141,0.03470513090678695,1,1,1,CD8 T cell
PIP5K1A,0.7251343968362349,-0.032359946201435896,1,1,1,CD8 T cell
HNRNPU,0.7253163187925813,-0.001164816831547233,1,1,1,CD8 T cell
GRHL1,0.725441166659843,0.022961518149644533,0.917,0.917,1,CD8 T cell
TAF11,0.7254749718310834,0.015418696184370645,1,1,1,CD8 T cell
ZNF556,0.7255735068466377,0.003454410719695211,0.167,0.083,1,CD8 T cell
DHX15,0.7256203816242928,0.020532383074358007,1,1,1,CD8 T cell
F8,0.725632851279147,0.025726484236360037,1,1,1,CD8 T cell
NUDT21,0.7256378144960307,0.004273003931071606,1,1,1,CD8 T cell
CGRRF1,0.7256663808381282,-0.0062918882028158984,1,1,1,CD8 T cell
SLC12A4,0.725845378844997,0.005234715680718871,1,1,1,CD8 T cell
TANK,0.7258601565399474,-0.019513010863606794,1,1,1,CD8 T cell
PPM1D,0.7258734220314089,0.03152183202739711,1,1,1,CD8 T cell
TRAM2,0.7259988279156341,0.039786613301826534,1,1,1,CD8 T cell
NMNAT3,0.7260391273764601,-0.0516987016571977,1,1,1,CD8 T cell
PAPOLG,0.7260695752607155,0.006270932338338073,1,1,1,CD8 T cell
COX7A2,0.72613436216181515,0.013115568967453806,1,1,1,CD8 T cell
ZC3HC1,0.7263284534723878,0.02008694467808736,1,1,1,CD8 T cell
MFSD11,0.7263665580001064,-0.0287967964559257,1,1,1,CD8 T cell
MIEN1,0.7263692587397024,0.03131462741233046,1,1,1,CD8 T cell
TOM1,0.7265025773829181,-0.01792775521266865,1,1,1,CD8 T cell
USP34,0.7265126083788372,0.025149431439934755,1,1,1,CD8 T cell
MPV17L2,0.7266242913468044,0.03763914972304372,1,1,1,CD8 T cell
RGPD4,0.7266855887016149,-0.01268561530224499,0.583,0.75,1,CD8 T cell
TBC1D20,0.7266893554333664,0.012559086311543247,1,1,1,CD8 T cell
RGMB,0.7267623013557662,-0.028242015920751484,1,1,1,CD8 T cell
KCNN4,0.72676679614633,0.11022673405977912,1,1,1,CD8 T cell
NDUFS4,0.7268361122179018,0.030970600677305338,1,1,1,CD8 T cell
NBEAL2,0.7269460737729727,-0.029655477004725928,1,1,1,CD8 T cell
PDXK,0.7270149588643341,0.05152607338291326,1,1,1,CD8 T cell
SAT1,0.7270273925093935,0.034326400643832855,1,1,1,CD8 T cell
BRMS1L,0.727075539759517,-0.0718558241626468,1,1,1,CD8 T cell
PDCL,0.7271012018680019,0.0301371306185797,1,1,1,CD8 T cell
SPIN4,0.7271674361174075,0.04313072044591015,1,1,1,CD8 T cell
SPPL2B,0.7271756398289188,0.01498580461911625,1,1,1,CD8 T cell
ACIN1,0.7271797800342259,0.07183773711264861,1,1,1,CD8 T cell
GMDS,0.7272497831586535,-0.01935447283703684,1,1,1,CD8 T cell
RHOG,0.7272625592608168,0.025164949633274203,1,1,1,CD8 T cell
TGM1,0.727268448838007,-0.01025990927380116,1,1,1,CD8 T cell
TMEM267,0.7273170228476449,-0.02276058424878502,1,1,1,CD8 T cell
FUNDC2,0.7273478076003977,0.02896951264659897,1,1,1,CD8 T cell
HYCC2,0.7274161499271098,0.0022484830218716945,1,1,1,CD8 T cell
PUM3,0.7274351418309177,0.022973282964864783,1,1,1,CD8 T cell
PDE6G,0.7275167442483437,0.018324058484479266,0.917,0.917,1,CD8 T cell
FBXW2,0.727589602035207,-0.009014613561286966,1,1,1,CD8 T cell
ERAP1,0.7276121152789828,0.05859295030029715,1,1,1,CD8 T cell
CCDC80,0.7276253072602509,2.7537393988952275e-4,0.25,0.25,1,CD8 T cell
HMGXB3,0.7276341108185471,-0.005535098490799806,1,1,1,CD8 T cell
FAM200C,0.7276458300962749,0.003988253259828323,1,1,1,CD8 T cell
SRA1,0.7277060233226322,-0.021456952583702615,1,1,1,CD8 T cell
PRKD3,0.7277189147013983,-0.023291629707411735,1,1,1,CD8 T cell
RBM8A,0.7277246311814397,-0.03406517161139,0.917,1,1,CD8 T cell
GCN1,0.7278058544436634,0.0015517864702869477,1,1,1,CD8 T cell
SBNO1,0.7278100133466767,-0.010050187909124375,1,1,1,CD8 T cell
CLCC1,0.7278415478689522,-0.03645994286862919,1,1,1,CD8 T cell
ZNF568,0.7278839549830866,-0.03749689782686472,1,1,1,CD8 T cell
CRY1,0.7279508017842384,-0.015100982563474363,1,1,1,CD8 T cell
KIF5A,0.7281287185300223,-0.031729398052797286,0.917,0.917,1,CD8 T cell
MYOM1,0.728158912362453,0.06338265771012219,1,1,1,CD8 T cell
TLE5,0.7282403233379748,-0.012743956926056343,1,1,1,CD8 T cell
SMG8,0.7282782317247154,-0.017993197422330187,1,1,1,CD8 T cell
HOXB6,0.7282952381448402,0.03377001200867413,0.75,0.75,1,CD8 T cell
HIPK1,0.7283603468762359,-0.022681725759459037,1,1,1,CD8 T cell
KLF6,0.7283714858198885,-0.030559779766840656,1,1,1,CD8 T cell
DNAJC13,0.7283826078504017,0.02894070196771141,1,1,1,CD8 T cell
TRO,0.7284027874289551,0.014974156965076979,1,0.917,1,CD8 T cell
ZNF302,0.7284158156225924,0.07142017348216179,1,1,1,CD8 T cell
KLHL23,0.728421974954137,-0.049160482582769394,1,1,1,CD8 T cell
DISC1,0.728428599252954,-0.07222353354840139,1,1,1,CD8 T cell
OR2AK2,0.7284639806962054,0.02966811372176137,0.333,0.25,1,CD8 T cell
SLITRK5,0.7284921170640036,0.026783120289825213,0.917,0.917,1,CD8 T cell
NDUFC2,0.7285036338862282,0.028154065421991864,1,1,1,CD8 T cell
VPS13B,0.7285237285285587,-0.004602991780140009,1,1,1,CD8 T cell
XXYLT1,0.7287022218965262,-0.009423706818410427,1,1,1,CD8 T cell
PLD3,0.7288515430283966,0.030111746490725455,1,1,1,CD8 T cell
GZMK,0.7289476723719099,0.17237664526983232,1,1,1,CD8 T cell
SPNS1,0.7291285674411176,-0.015547788225980463,1,1,1,CD8 T cell
SLA,0.729155961281002,0.04364067360279095,1,1,1,CD8 T cell
PIAS2,0.7291905857157428,-0.03613345333075335,1,1,1,CD8 T cell
NDUFAF6,0.7292691399324731,0.006757983002578571,1,1,1,CD8 T cell
STAM,0.7292745493481106,0.007238082502920018,1,1,1,CD8 T cell
CCDC71L,0.7292896615295025,-0.05668845908241571,1,1,1,CD8 T cell
PROKR1,0.7293476395043932,-0.0037192094887754656,0.167,0.333,1,CD8 T cell
MKRN3,0.729507077067026,0.02841175151317632,0.917,0.917,1,CD8 T cell
NOP2,0.7295967777394805,0.027736274699077912,1,1,1,CD8 T cell
LRRC4,0.7296322319464819,-0.006990894740659392,0.5,0.583,1,CD8 T cell
ARSA,0.729846112231556,0.007547886234546608,1,1,1,CD8 T cell
TRIM8,0.7298637830528039,-0.029623887793144947,1,1,1,CD8 T cell
ACCSL,0.7298680100584907,-0.0063020975569392235,0.167,0.333,1,CD8 T cell
VPS39,0.7299232559875168,0.010055904698786033,1,1,1,CD8 T cell
CDK1,0.729930873291313,-0.031610072836965486,1,1,1,CD8 T cell
GRK5,0.7299773345086757,-0.038702444780762124,1,1,1,CD8 T cell
SUPT6H,0.7300309489660601,0.04199388060202866,1,1,1,CD8 T cell
ANG,0.7300830842984876,-0.018970918235222012,0.833,1,1,CD8 T cell
MSN,0.7301085875063027,-0.012145574969100625,1,1,1,CD8 T cell
TRIM17,0.7301236129579086,0.02032153804756387,1,1,1,CD8 T cell
MIX23,0.7301784313713684,-0.0675463423015632,1,1,1,CD8 T cell
GPR176,0.7302643272571624,-0.005912806570368634,0.083,0.25,1,CD8 T cell
CCDC200,0.7302731612380837,-0.008571447915914465,0.167,0.417,1,CD8 T cell
PGM3,0.7302915020784608,0.05995517641930559,1,1,1,CD8 T cell
ACP6,0.7303105257327867,0.006201898362401259,1,1,1,CD8 T cell
BYSL,0.7303515513296563,0.07398518418756139,1,1,1,CD8 T cell
ULK1,0.7304179201383123,0.003714113086693893,1,1,1,CD8 T cell
USF2,0.7304348968528989,0.021835546808818496,1,1,1,CD8 T cell
TSEN15,0.7304575243184002,0.04093790185891155,1,1,1,CD8 T cell
TMEM135,0.7306915081280096,0.03840994657815766,1,1,1,CD8 T cell
CDC37,0.7307062888583705,-0.006212781798840883,1,1,1,CD8 T cell
CPLX3,0.7308142268093262,0.009796100693302279,0.75,0.667,1,CD8 T cell
DQX1,0.7308289803538909,-0.004863593750322526,0.417,0.583,1,CD8 T cell
IFNAR1,0.7308418584831631,0.030349791057983744,1,1,1,CD8 T cell
SP100,0.7308424078240556,0.021163027748475338,1,1,1,CD8 T cell
TTK,0.7308497577114312,0.017593399533435417,0.917,0.75,1,CD8 T cell
ADD3,0.7308953560846315,-0.0122731666071072,1,1,1,CD8 T cell
FANK1,0.731074455864735,0.0013931842627807889,0.25,0.167,1,CD8 T cell
CCNY,0.7310749600822484,-0.018682121929212703,1,1,1,CD8 T cell
SMPD4,0.7311618514951531,0.0393396809089438,1,1,1,CD8 T cell
PDGFA,0.7313088170212072,-0.02782880287308709,0.667,0.833,1,CD8 T cell
SEC61B,0.7313211012115068,-0.016654509594245137,1,1,1,CD8 T cell
ATF6,0.7313402873834656,0.04400383158714283,1,1,1,CD8 T cell
FBXO6,0.7314381148030655,0.030631700475479806,1,1,1,CD8 T cell
PRKCB,0.7314617126096444,-0.03157644117339675,1,1,1,CD8 T cell
G2E3,0.7314758117175424,-0.01642966041960353,1,1,1,CD8 T cell
ABCB10,0.7315209663803215,-0.025387736658716187,1,1,1,CD8 T cell
EHD2,0.7315671463380593,-0.0034965708573069243,0.417,0.333,1,CD8 T cell
LURAP1,0.7316064991687432,0.014377779614807018,0.75,0.667,1,CD8 T cell
CARS1,0.7316342668667505,0.04205387022233387,1,1,1,CD8 T cell
TSNARE1,0.7316526503889722,0.034452525998496464,1,1,1,CD8 T cell
AMN,0.7317337082933528,0.04545307188164305,0.917,0.917,1,CD8 T cell
TOLLIP,0.731803630089055,0.045131192540694975,1,1,1,CD8 T cell
ZNF484,0.7318619558907089,0.024636908848287398,1,1,1,CD8 T cell
HDAC9,0.731914282480997,-0.07683710827549328,1,1,1,CD8 T cell
KLHDC4,0.731927519622319,0.03739302156808866,1,1,1,CD8 T cell
DYNC1LI2,0.7319350245557483,-0.010619429075606743,1,1,1,CD8 T cell
ARHGAP26,0.7319459688520589,-0.014358310584532408,1,1,1,CD8 T cell
DIPK1B,0.7319628854525457,0.0032751137509410277,0.333,0.333,1,CD8 T cell
ITGA3,0.7320243514879563,0.07529643916518802,1,1,1,CD8 T cell
MRC1,0.7320284104265873,-0.009233209436684486,0.333,0.583,1,CD8 T cell
ALOX15B,0.7320309277733847,0.01218697867028995,0.333,0.25,1,CD8 T cell
TOP1,0.7320761455715432,0.01714889201806069,1,1,1,CD8 T cell
PDE5A,0.7321590053252929,-0.06033413885213701,1,1,1,CD8 T cell
HSPB1,0.732212425422836,-0.030758470850234088,1,1,1,CD8 T cell
IL17RC,0.7323002943001404,0.007692838574472116,0.333,0.25,1,CD8 T cell
ANKZF1,0.7323158975680983,0.037073697011500484,1,1,1,CD8 T cell
NDUFB10,0.7323512725758368,-0.024097362989851656,1,1,1,CD8 T cell
ZBED5,0.7323748314433571,0.031301378795971946,1,1,1,CD8 T cell
CNBD1,0.7323779381862991,0.02621544545963861,0.083,0.083,1,CD8 T cell
POLL,0.7324765303798061,0.039725113965711545,1,1,1,CD8 T cell
GPD1L,0.7325092281165755,0.04554685592481278,1,1,1,CD8 T cell
GIMAP1,0.732543667553036,0.04620200772700389,1,1,1,CD8 T cell
NCAPD2,0.7325509746130108,-0.015501139887243366,1,1,1,CD8 T cell
CLASP2,0.7326293897130751,-0.010897620373787054,1,1,1,CD8 T cell
ARHGAP24,0.7327097284279636,0.009696425169644751,0.583,0.583,1,CD8 T cell
COLGALT2,0.7327104518569701,-0.10022744974969022,0.917,1,1,CD8 T cell
ARID3C,0.7327509376135554,-0.0018690364477227384,0.25,0.167,1,CD8 T cell
GPRIN3,0.732793600156613,-0.025290844323138884,1,1,1,CD8 T cell
CCDC122,0.7328346957761708,0.04850035064174607,1,0.917,1,CD8 T cell
COG3,0.7329382108642615,0.03815096251766947,1,1,1,CD8 T cell
FGD1,0.7330382745568553,0.007165846379654006,0.25,0.083,1,CD8 T cell
ARL4D,0.7331296096602421,-0.03368553078672942,1,1,1,CD8 T cell
GARS1,0.7331302509900592,0.034337790878421925,1,1,1,CD8 T cell
SUZ12,0.7332057790719357,-0.0140402623800584,1,1,1,CD8 T cell
C21orf91,0.7332931160586684,-0.01705904251134449,1,1,1,CD8 T cell
TGFBR1,0.7333234659548163,0.02802295057167603,1,1,1,CD8 T cell
ODF2,0.7333276199812867,-0.053690970921652204,1,1,1,CD8 T cell
KIRREL2,0.7334109332115486,0.015606074340957399,0.5,0.25,1,CD8 T cell
CTSA,0.7334495522225416,0.042512007298831325,1,1,1,CD8 T cell
ZNF366,0.7334694601499891,0.004472490377847915,0.417,0.333,1,CD8 T cell
CBR1,0.7335131504341701,-0.009552472997693906,1,1,1,CD8 T cell
GORASP2,0.7335204082629445,0.02409738531438088,1,1,1,CD8 T cell
POLR1E,0.733584074843066,0.044970068469333935,1,1,1,CD8 T cell
ARPC4,0.733649731395239,0.03154205870280813,1,1,1,CD8 T cell
ARHGAP22,0.7336547444833814,0.012465771722477204,0.167,0.417,1,CD8 T cell
UBN1,0.7337228017254384,0.03711576726731092,1,1,1,CD8 T cell
TECPR2,0.7337446274082695,-0.04765714342723104,1,1,1,CD8 T cell
EFHB,0.7337601932751019,0.021231184575132733,0.667,0.667,1,CD8 T cell
ZNF491,0.7337972290735544,0.035291844440869635,1,1,1,CD8 T cell
NYNRIN,0.7338896103774009,0.03332916740228642,0.5,0.75,1,CD8 T cell
C1orf53,0.7339654715584373,0.019983156733626828,0.917,0.917,1,CD8 T cell
FOXRED1,0.7340485216931834,0.0677497610789577,1,1,1,CD8 T cell
CEP104,0.7340627891945113,0.014671160460069332,1,1,1,CD8 T cell
HSD17B6,0.7340683653743952,-0.025167412787462595,1,1,1,CD8 T cell
DIS3L2,0.7341069739856456,-0.006099385787664863,1,1,1,CD8 T cell
DEF8,0.7341643958741976,0.020271197735243884,1,1,1,CD8 T cell
TTF1,0.7341959563532785,0.03464193854414166,1,1,1,CD8 T cell
CBLN3,0.7342428389548674,-0.010745180633860318,0.917,0.917,1,CD8 T cell
ZNF777,0.7342630482406796,3.073464931386827e-4,1,1,1,CD8 T cell
ODF3L1,0.7342678718579885,-0.013899466409701855,0.167,0.333,1,CD8 T cell
RBM24,0.734317444508233,0.0032449471647018058,0.25,0.25,1,CD8 T cell
MTR,0.7344329206230865,0.023279571734564963,1,1,1,CD8 T cell
ZNF578,0.7345315101812342,0.002410250218076282,0.833,0.833,1,CD8 T cell
FAM131B,0.7345344050328084,0.0820548654877622,1,1,1,CD8 T cell
ATOSA,0.734537366722642,-2.349626142761352e-5,1,1,1,CD8 T cell
CIB2,0.7346685483371381,-3.146757296188518e-4,1,1,1,CD8 T cell
INO80D,0.7346807186375384,0.03661041310848012,1,1,1,CD8 T cell
LDHC,0.7346865989738887,0.058858509105153,0.75,0.833,1,CD8 T cell
DEF6,0.7347832025856097,-0.024694295475565786,1,1,1,CD8 T cell
LNPK,0.7348548848049274,-0.012262836489971535,1,1,1,CD8 T cell
CDKN3,0.7348577893495445,-0.0024202725566930816,1,0.917,1,CD8 T cell
ASB16,0.7349056653877428,-0.0017184641555294533,0.167,0.25,1,CD8 T cell
NMBR,0.7349767662508779,0.0031255390899569413,0.25,0.167,1,CD8 T cell
CACNG8,0.7349767662508779,0.0031255390899569413,0.25,0.167,1,CD8 T cell
PIGH,0.7349814891349792,0.011298545666182047,1,1,1,CD8 T cell
PLSCR4,0.7350659240637083,-0.006097714643884977,0,0.167,1,CD8 T cell
PTCD1,0.7351160862987702,0.031414561792231455,1,1,1,CD8 T cell
ZNF574,0.735132943268282,0.01288853975878368,1,1,1,CD8 T cell
TOMM40L,0.7351863344899561,0.019548301433579773,1,1,1,CD8 T cell
RNF130,0.7353635335194988,0.06909413512299445,1,1,1,CD8 T cell
SOX13,0.7354642952695947,0.05313495361776077,1,1,1,CD8 T cell
CCDC25,0.7355347998026872,-0.02267799453618935,1,1,1,CD8 T cell
CRTC1,0.7355365592846472,-0.012935128451267097,1,1,1,CD8 T cell
CMTM6,0.7355574348779081,0.01874996538677387,1,1,1,CD8 T cell
LCN8,0.7355619005296965,-0.0031314022152177934,0.25,0.25,1,CD8 T cell
OTOA,0.7355765945973771,-0.005116037989552957,0,0.167,1,CD8 T cell
DRC1,0.7358063817640483,-0.007343761606703136,0.333,0.333,1,CD8 T cell
CHCHD1,0.7358200222260509,0.01824354271663675,1,1,1,CD8 T cell
CCDC30,0.7358809607438469,-0.028704291538614868,1,1,1,CD8 T cell
GIMAP2,0.7359289580807666,0.044813280425878066,1,1,1,CD8 T cell
PABPC4,0.735974067188299,-0.02575015161476546,1,1,1,CD8 T cell
MCRIP1,0.7360087244833767,0.035312539018252515,1,1,1,CD8 T cell
ZMAT3,0.7360130418956776,-0.031901183323146676,1,1,1,CD8 T cell
DHRS4,0.7360474181648857,-0.022055071397317327,1,1,1,CD8 T cell
PARVA,0.7360569601933598,-0.01742705258038102,0.833,0.667,1,CD8 T cell
SLC10A3,0.7360851560527975,0.03591933369075834,1,1,1,CD8 T cell
IFI35,0.7360890454127548,-0.014567070048993935,1,1,1,CD8 T cell
NUP43,0.7360971914686385,0.02437484860885286,1,1,1,CD8 T cell
CPQ,0.7362009512017529,-0.06301445540526507,1,1,1,CD8 T cell
OR56A1,0.7362513412063733,0.008731915810789026,0.333,0.417,1,CD8 T cell
REXO4,0.7362830181700303,-0.027137701390791413,1,1,1,CD8 T cell
C1orf159,0.7364040964070888,-0.07128380169585968,1,1,1,CD8 T cell
VKORC1,0.7364277324831447,0.012240567016829296,1,1,1,CD8 T cell
CCDC93,0.7364850967092309,-0.02453052920985188,1,1,1,CD8 T cell
SKA2,0.7366325878793971,0.030410684928090514,1,1,1,CD8 T cell
RFNG,0.736648483370911,0.05491965095364937,1,1,1,CD8 T cell
VPS41,0.7367125485568586,0.027433996621118784,1,1,1,CD8 T cell
SLC38A1,0.7367351568235574,-0.01877801833214976,1,1,1,CD8 T cell
IPMK,0.736805317947588,-0.05097429840414769,1,1,1,CD8 T cell
FCGR1BP,0.7368211499033573,-0.013773895273075265,0.333,0.5,1,CD8 T cell
VCPKMT,0.7368317780165758,-0.02803515828952008,1,1,1,CD8 T cell
C2orf66,0.7370153593822398,-0.015080838994657952,0.583,0.667,1,CD8 T cell
HHAT,0.7371415785033761,-0.053327319678470264,1,1,1,CD8 T cell
RNF135,0.7371417335340269,0.03671298500285314,1,1,1,CD8 T cell
SH3TC1,0.7372104590525093,0.07360109817861238,1,1,1,CD8 T cell
EIF4G3,0.7372262738392212,-0.03192921251178571,1,1,1,CD8 T cell
TTC13,0.7372284699069034,-0.027529092452486525,1,1,1,CD8 T cell
DELE1,0.7372518852775991,0.008421832395898818,1,1,1,CD8 T cell
DFFB,0.7373318522864776,-0.006949579095006708,1,1,1,CD8 T cell
VAC14,0.7373704994888055,0.04883708911478779,1,1,1,CD8 T cell
AIM2,0.7373737254151254,-0.029390072253967947,1,1,1,CD8 T cell
ZP3,0.7375088291473124,-0.009575634066938399,0.667,0.833,1,CD8 T cell
LYPD5,0.7375092453276795,-0.007493781543916889,0,0.25,1,CD8 T cell
MTMR2,0.7376222547830477,0.03775801312539717,1,1,1,CD8 T cell
LONP2,0.7376598132520946,-0.007051688326720207,1,1,1,CD8 T cell
P2RX7,0.7376952419615912,-0.023977096813111665,1,1,1,CD8 T cell
IRAK4,0.737742510782173,0.024967642738596196,1,1,1,CD8 T cell
UQCRHL,0.737830291348203,0.017319996465545273,1,1,1,CD8 T cell
POFUT2,0.7378322907517191,0.010700469795286827,1,1,1,CD8 T cell
A4GALT,0.7379344672221567,0.006999121416453757,0.167,0,1,CD8 T cell
HSPA2,0.737958789824626,0.009139830536048166,1,0.917,1,CD8 T cell
NEIL2,0.738010275114892,-0.03504496909093113,1,1,1,CD8 T cell
CRYZL1,0.7380589439281329,0.028350438944397593,1,1,1,CD8 T cell
MICALL2,0.7380814336361432,0.02083272096517108,1,1,1,CD8 T cell
WDR18,0.7381586940415761,-0.008317577024229195,1,1,1,CD8 T cell
DUS3L,0.7381690993889178,-0.015755709569249543,1,1,1,CD8 T cell
MPP7,0.7381954511267681,0.05640510336829657,1,1,1,CD8 T cell
ZNF285,0.7382100249085022,-0.03067372178068073,0.667,0.833,1,CD8 T cell
EFNA4,0.7382719484972932,0.015650605687348662,1,1,1,CD8 T cell
RNF169,0.7382930040266573,0.030354507872542902,1,1,1,CD8 T cell
FSD1L,0.7383001016696149,0.05480174281022698,1,1,1,CD8 T cell
PLAAT4,0.7383325610130491,0.03346181831534967,1,1,1,CD8 T cell
UBR7,0.7384038266073023,0.03333567642467683,1,1,1,CD8 T cell
LCAT,0.7384156062607578,-0.03934437722989337,1,1,1,CD8 T cell
CMTR2,0.7384196793254082,-0.03101219886592199,1,1,1,CD8 T cell
AMT,0.7384332221434304,0.04356097869162978,1,1,1,CD8 T cell
CTDSPL,0.7386063627046803,-0.019720570690767936,0.667,0.75,1,CD8 T cell
PPP5C,0.7387120573139311,0.028618270402184343,1,1,1,CD8 T cell
GEM,0.7387133753857655,-0.004130136241591309,0,0.167,1,CD8 T cell
FBXO27,0.738862652408989,-0.005575458166160452,0.833,0.75,1,CD8 T cell
KCTD21,0.7388756223722623,0.05981921600933848,1,1,1,CD8 T cell
ANKLE1,0.738939693509447,0.0683243633546633,1,0.833,1,CD8 T cell
CYB561D2,0.7389460910525284,0.04833244395018636,1,1,1,CD8 T cell
TMBIM4,0.7389735944120837,-0.01300759310688604,1,1,1,CD8 T cell
BCL7C,0.7390150062476841,-0.007929575049926585,1,1,1,CD8 T cell
ALKBH5,0.7390284753949227,-0.01929733276798984,1,1,1,CD8 T cell
SEC16A,0.7390877116507126,0.03943870794573323,1,1,1,CD8 T cell
ZNF511,0.7391014229603623,0.026627926990457684,1,1,1,CD8 T cell
LYSMD1,0.7391029959685942,-0.0027466640335394032,0.75,0.75,1,CD8 T cell
ZFY,0.7391264332927772,0.01050902822168398,0.333,0.333,1,CD8 T cell
PLPP3,0.7391367605711436,0.0011300480071154695,0.25,0.083,1,CD8 T cell
MAPRE2,0.7391473705262266,-0.01388527858502564,1,1,1,CD8 T cell
ZCCHC18,0.7391924671012657,-0.051360789929879136,1,1,1,CD8 T cell
C8orf89,0.7392114656219406,-0.0056287474737724,0.583,0.583,1,CD8 T cell
MCRS1,0.739252327705049,-0.023504324238677266,1,1,1,CD8 T cell
CBFB,0.7392615993952225,-0.009063196068203494,1,1,1,CD8 T cell
ZCCHC4,0.7392815435683379,0.01994175592085634,1,1,1,CD8 T cell
PJA1,0.7393265656530827,0.0189992771491303,1,1,1,CD8 T cell
SKIDA1,0.7393850357652461,0.01125106960515243,0.583,0.667,1,CD8 T cell
PLEKHG5,0.7394054064943651,0.05034748484670892,1,1,1,CD8 T cell
COMMD6,0.7394217546051232,0.020456132191768672,1,1,1,CD8 T cell
ZNF365,0.7394650312658526,-0.11688960392887404,1,1,1,CD8 T cell
GAA,0.7394748205046899,-0.0557507061991398,1,1,1,CD8 T cell
FASTK,0.7395858325212039,-0.003358559282878315,1,1,1,CD8 T cell
MT-CYB,0.7395948743539258,-0.032904372622543754,1,1,1,CD8 T cell
TAF4B,0.7396135632236793,0.038190727705132765,1,1,1,CD8 T cell
ZBTB18,0.7396310513384432,0.07326779908474257,1,1,1,CD8 T cell
C1QTNF1,0.7396474113366597,0.012291672942464693,0.167,0.083,1,CD8 T cell
TMED5,0.7396779454786899,-0.013036357730241921,1,1,1,CD8 T cell
ZNF793,0.739683293847804,-0.024589967834073523,1,1,1,CD8 T cell
MICB,0.739758722085881,0.0401914947381381,1,1,1,CD8 T cell
ZNF467,0.7398250761703858,-0.06602996356032476,1,1,1,CD8 T cell
DGKZ,0.7398254534947313,0.03723842826724133,1,1,1,CD8 T cell
SELENBP1,0.7398274113567798,0.005209562375279919,0.083,0.083,1,CD8 T cell
RPIA,0.7398922479182737,0.00616520950175381,1,1,1,CD8 T cell
TOMM20L,0.7399138899532369,-0.003494413399625529,0.833,0.917,1,CD8 T cell
MPZ,0.7400054322889608,-0.009675479255393693,1,1,1,CD8 T cell
PDSS2,0.74011291343267,0.02505711614568551,1,1,1,CD8 T cell
MSX1,0.7401211298039789,0.003226071006384945,0.167,0.083,1,CD8 T cell
OLFM2,0.7401849987017721,0.0032394406927722663,1,1,1,CD8 T cell
TYMP,0.7401911957729039,0.07208124694038354,1,1,1,CD8 T cell
H1-1,0.7402507038819112,0.059069167171396764,1,1,1,CD8 T cell
SEC22C,0.7402720006185176,-0.02296633976026874,1,1,1,CD8 T cell
CRTAM,0.7402918571959479,0.07136478781140802,1,1,1,CD8 T cell
CMPK2,0.7403744080139075,-0.02139009259621738,1,1,1,CD8 T cell
ARID3A,0.7404940708180106,0.009407042565733992,1,1,1,CD8 T cell
SGTB,0.7405287509621967,-0.04079974203672687,1,1,1,CD8 T cell
SLC4A2,0.7405305490995024,-0.0015637617883781374,1,1,1,CD8 T cell
ZNF658,0.7405763605859599,-0.030786707495589205,0.917,1,1,CD8 T cell
TRAPPC5,0.7408923042989641,-0.023120588055436264,1,1,1,CD8 T cell
HCFC1R1,0.7410223638431699,0.04056275987553537,1,1,1,CD8 T cell
CCDC61,0.741033023944278,0.02749145916399609,1,1,1,CD8 T cell
H2AJ,0.7412006846631922,0.04404292356932171,1,1,1,CD8 T cell
TOMM70,0.7412052759094099,0.019505427797535918,1,1,1,CD8 T cell
NKAPD1,0.7413087428197936,-0.02741915221132718,1,1,1,CD8 T cell
SPATA1,0.7413093530857905,0.0022539683038718117,0.667,0.667,1,CD8 T cell
RIC1,0.7413399351819698,-0.017259169194002666,1,1,1,CD8 T cell
EPB41L2,0.7413759576349828,-0.012394203822104544,1,1,1,CD8 T cell
ZNF626,0.7414491014685609,0.0437596832126842,1,1,1,CD8 T cell
STX1B,0.7414966171456671,-0.009403226537533005,0.667,0.667,1,CD8 T cell
RIPK2,0.7414982825357661,0.00393444455207792,1,1,1,CD8 T cell
CLEC5A,0.7415041813554374,7.416879191612935e-5,0.5,0.417,1,CD8 T cell
CRLF2,0.7415233507100456,0.003845767040314474,0.25,0.083,1,CD8 T cell
CUL3,0.7415285375354224,0.0434936067731585,1,1,1,CD8 T cell
BTBD7,0.7415598118328157,-0.007382901893822513,1,1,1,CD8 T cell
PCGF2,0.7416130274918036,-0.015034153984585963,0.083,0.25,1,CD8 T cell
NUP98,0.7416875296005261,0.03145797812953911,1,1,1,CD8 T cell
ACSL6,0.7416886726288385,0.0969407645436875,1,1,1,CD8 T cell
APOBEC3B,0.7416889069268977,-0.0097279133655412409,0.417,0.417,1,CD8 T cell
TMBIM1,0.7417457851119975,-0.02006875993820212,1,1,1,CD8 T cell
ELOVL6,0.7417700649095649,-0.03322790308118906,1,1,1,CD8 T cell
ZNF75D,0.7418028551777142,0.0317150799368634,1,1,1,CD8 T cell
GPAT2,0.7418550482500901,0.03164044590393189,1,1,1,CD8 T cell
ERCC1,0.7420527712412247,-0.008415613373721764,1,1,1,CD8 T cell
ADPGK,0.7421614279840657,-0.01224633773745376,1,1,1,CD8 T cell
C5orf47,0.7422195617791105,0.003294219784977237,0.25,0.083,1,CD8 T cell
TDG,0.7422574849632819,-0.003960263930514074,1,1,1,CD8 T cell
ZNF774,0.7422786334432538,0.02559215899382883,0.75,0.75,1,CD8 T cell
EIF1AD,0.7423422927967505,-0.024747494414705917,1,1,1,CD8 T cell
RFTN2,0.7423730155720678,-0.0028744349501512723,0.333,0.333,1,CD8 T cell
LVRN,0.7423875201481015,-0.009029123883138812,0.333,0.25,1,CD8 T cell
FUCA2,0.7424481279909345,-0.02049513487899035,1,1,1,CD8 T cell
ZFYVE9,0.742456156394065,0.08956629078351064,1,1,1,CD8 T cell
HSD17B14,0.7424800951254777,-0.012031776252454662,0.833,1,1,CD8 T cell
DHRS7B,0.7424925614668036,-0.07450458430608542,1,1,1,CD8 T cell
TSHR,0.7425253336622671,-0.00944002977346603,0.5,0.583,1,CD8 T cell
POP5,0.742578313976468,0.007060297183560049,1,1,1,CD8 T cell
IDUA,0.7426875604159919,-0.0336807352943429,1,1,1,CD8 T cell
EPDR1,0.7427453338775681,-0.03538305531216235,1,1,1,CD8 T cell
DNAAF9,0.742763328692897,0.03146616097076582,1,1,1,CD8 T cell
MND1,0.7428726502478273,0.011706960623199869,0.917,0.917,1,CD8 T cell
TCP10L,0.7430297842130335,-0.006706113567899408,0.833,1,1,CD8 T cell
OSGEPL1,0.7431461686073522,0.0054929227026829786,1,1,1,CD8 T cell
EWSR1,0.7431596502868117,-0.015478339506352357,1,1,1,CD8 T cell
GDF9,0.7431820867750569,-0.00534891188847908,0.75,0.833,1,CD8 T cell
TAF1D,0.7432102121960376,-0.007105540449990233,1,1,1,CD8 T cell
PPT2,0.7432541740107053,-0.027115119463292814,1,1,1,CD8 T cell
MPHOSPH6,0.7432590510777533,-0.020913184050649347,1,1,1,CD8 T cell
WNT8A,0.743278537788279,-0.005360458598378859,0.083,0.25,1,CD8 T cell
NUDT17,0.7432919672536793,-0.07107946004261168,1,1,1,CD8 T cell
MKRN2,0.7433466552305015,-0.027232225016938727,1,1,1,CD8 T cell
TRMT5,0.7434938413086527,-0.04918387479259456,1,1,1,CD8 T cell
FBN2,0.7435210953760321,-0.003904851147296551,0.417,0.5,1,CD8 T cell
FOXA3,0.7435714149447865,-0.006101796088263001,0.417,0.333,1,CD8 T cell
DLGAP4,0.7436267687929516,0.033890254869960695,1,1,1,CD8 T cell
CCDC102B,0.7436779511941747,0.016834477364670253,1,1,1,CD8 T cell
DNAJB11,0.7437104287420887,-0.013657247090303463,1,1,1,CD8 T cell
CLMP,0.7438251691285527,0.004357882420561232,0.75,0.583,1,CD8 T cell
GDF15,0.7439005379351668,0.0036110055444562583,0.25,0.167,1,CD8 T cell
EFCAB9,0.7440185732704945,-0.00580464213593368,0.083,0.25,1,CD8 T cell
GPR15,0.7440830882669554,0.06919055076452452,1,1,1,CD8 T cell
SERP1,0.7441734623836995,-0.014291803533920122,1,1,1,CD8 T cell
PXDC1,0.7441913234258672,-0.0039638058012592126,0.5,0.5,1,CD8 T cell
ETNK1,0.7442282331272616,0.0075442851265691,1,1,1,CD8 T cell
UBR5,0.7443384645072102,-0.00220886672762749,1,1,1,CD8 T cell
TLE6,0.7443561906652556,-0.019877980017164454,0.417,0.583,1,CD8 T cell
ZNF284,0.7443622097599405,-0.026704775716245965,1,1,1,CD8 T cell
NEK6,0.7444150506605305,0.04884178964302743,1,1,1,CD8 T cell
ARL9,0.7444262808787854,0.030436109623063423,0.75,0.75,1,CD8 T cell
PTGIS,0.7444552312105066,0.0025249350918454816,0.333,0.083,1,CD8 T cell
G6PD,0.7444908125499103,-0.024263069451970654,1,1,1,CD8 T cell
MARCHF4,0.7444969594598063,-0.0031383814052796666,0,0.25,1,CD8 T cell
GOLPH3L,0.7445071276219526,0.021125819450954042,1,1,1,CD8 T cell
OR3A1,0.7445080091359859,-0.026849753392102382,0.5,0.667,1,CD8 T cell
D2HGDH,0.7445088542139415,-0.008389820053251285,1,1,1,CD8 T cell
SH3BGRL,0.7445321309118211,0.031070391445797485,1,1,1,CD8 T cell
TCP11,0.7445362795565222,0.0027127224417009543,0.25,0.167,1,CD8 T cell
PSMD12,0.744553956698454,0.004364792786895999,1,1,1,CD8 T cell
FRG1,0.7446275043293712,0.03773406827392023,1,1,1,CD8 T cell
EZHIP,0.744637442365695,-0.005009744199157673,0.333,0.583,1,CD8 T cell
HAO2,0.7446784810044798,0.001365885623088925,0.25,0.083,1,CD8 T cell
GPR45,0.7447678944544646,0.004724919566701402,0.167,0,1,CD8 T cell
CT55,0.7447678944544646,0.004724919566701402,0.167,0,1,CD8 T cell
FABP4,0.7447678944544646,0.004724919566701402,0.167,0,1,CD8 T cell
FARS2,0.7448813688914455,0.030842951432165977,1,1,1,CD8 T cell
HPX,0.7449007052165939,0.023313812075611562,0.917,0.833,1,CD8 T cell
SUGP1,0.744945725824365,0.013378716943566182,1,1,1,CD8 T cell
ZNF860,0.7449646511468875,0.0023471844148708065,0.333,0.25,1,CD8 T cell
ANKRD13C,0.7450174131336309,0.05710131178182998,1,1,1,CD8 T cell
SIRPA,0.745063131740777,0.002686370988696396,0.833,0.833,1,CD8 T cell
RMDN2,0.7452294861276827,0.029533132127032458,1,1,1,CD8 T cell
CRIP1,0.7452350051835519,0.047923670178323885,1,1,1,CD8 T cell
DNAJC1,0.7452457394487788,-0.018785914458010533,1,1,1,CD8 T cell
CXADR,0.7453258260081852,0.017248847745503948,0.167,0.167,1,CD8 T cell
NDC1,0.7453356441400814,0.021914661364309085,1,1,1,CD8 T cell
HYCC1,0.7453888669067033,-0.03962474336281893,1,1,1,CD8 T cell
MTRES1,0.7455283028166363,-0.011022829588987149,1,1,1,CD8 T cell
TSEN54,0.7457287620036928,0.02072600275123493,1,1,1,CD8 T cell
TSPO,0.7457739113872417,-0.025620749513388552,1,1,1,CD8 T cell
PTCD2,0.7458325103856556,0.022376389829535936,1,1,1,CD8 T cell
SNX33,0.7458507116321373,0.0278080060532524,1,1,1,CD8 T cell
PRKAG2,0.7458578043404287,0.04742898562961917,1,1,1,CD8 T cell
OSTM1,0.7458913186189036,-0.016220920181140464,1,1,1,CD8 T cell
KCP,0.7459406787873626,-0.01725445982039986,0.75,0.917,1,CD8 T cell
KCNK12,0.7460692410919794,-0.01931488903300327,0.833,0.833,1,CD8 T cell
USP37,0.7460984541487887,0.03257068093837079,1,1,1,CD8 T cell
SVIP,0.7461071148704793,-0.038658047673569174,1,1,1,CD8 T cell
SH2D4B,0.7461432740079923,0.03130765750614373,1,0.833,1,CD8 T cell
ACSM3,0.7461716106710063,-0.09205577459473124,1,1,1,CD8 T cell
CDR2L,0.7462927163879503,-0.015674841266646755,0.333,0.417,1,CD8 T cell
OGDH,0.7463060463304189,0.02732843423467901,1,1,1,CD8 T cell
EIF2A,0.746353781932277,0.018272845352234723,1,1,1,CD8 T cell
GPX4,0.7463663165497307,-0.015591559549804623,1,1,1,CD8 T cell
PLPP1,0.7463840371267136,-0.004267545286949392,1,1,1,CD8 T cell
DYNLT3,0.7463870197878862,-0.03424236808876796,1,1,1,CD8 T cell
OSBPL5,0.7464516468315704,0.05297208473682391,1,1,1,CD8 T cell
VTI1B,0.7464631861403652,0.024981670164495595,1,1,1,CD8 T cell
PCGF3,0.74646356463782,-0.023463411186398275,1,1,1,CD8 T cell
TMC7,0.746538564388558,0.0024994888437039897,0.25,0.167,1,CD8 T cell
TIMM17A,0.7465967803351773,-0.023788203175769573,1,1,1,CD8 T cell
PALS1,0.7466486025109116,-0.028865082352136806,1,1,1,CD8 T cell
IRF1,0.7466611455169594,-0.015619640638016019,1,1,1,CD8 T cell
FPR2,0.7466617103569907,-0.016478740203054176,0.583,0.667,1,CD8 T cell
ZNF398,0.7467043228010889,0.02857614194589775,1,1,1,CD8 T cell
JPH2,0.7467423681430253,-0.0021184260382307585,0.083,0.25,1,CD8 T cell
CNBP,0.7467603174291263,-0.0046492916643063875,1,1,1,CD8 T cell
CDC42BPA,0.746875843114679,-0.020107863590123287,0.5,0.75,1,CD8 T cell
HEATR4,0.7468805136575192,-0.005723314505026611,0.25,0.333,1,CD8 T cell
TWNK,0.7469259952169621,-0.033134145661611214,1,1,1,CD8 T cell
GJC2,0.7469549595201048,-0.003140191316582275,0.917,1,1,CD8 T cell
RASA2,0.7469890747627266,-0.008882589256399065,1,1,1,CD8 T cell
ALKBH8,0.7469924986794496,0.03531991227573861,1,1,1,CD8 T cell
C6orf226,0.7469931188529415,0.04787754003135536,1,1,1,CD8 T cell
SUGP2,0.7470235579922905,0.0010386103881998565,1,1,1,CD8 T cell
SEMA6B,0.7470289413073271,-0.003141613260804643,0,0.25,1,CD8 T cell
B3GALT9,0.7470926044670827,0.046748736789516965,1,1,1,CD8 T cell
ZNF564,0.7472223189362124,-0.023221558025309008,1,1,1,CD8 T cell
RGMA,0.7472284529622638,-0.005653317432664284,0.083,0.25,1,CD8 T cell
B4GAT1,0.7472742688059243,-0.004533705851514025,1,1,1,CD8 T cell
TOMM5,0.7472868439159882,0.00299493376646473,1,1,1,CD8 T cell
TMEM200A,0.7473753109337156,0.03300824317817108,1,0.917,1,CD8 T cell
ZNF621,0.7473774758005072,0.026127267729053494,1,1,1,CD8 T cell
RAB40C,0.7473817876124362,0.05019791282141095,1,1,1,CD8 T cell
CHKA,0.7473862798087259,-0.05433261267267486,1,1,1,CD8 T cell
RBM34,0.7473964917022821,-0.02807666021781685,1,1,1,CD8 T cell
PLPP2,0.7474723386369504,0.0812455348312775,1,1,1,CD8 T cell
PLEKHF1,0.7474859922882273,0.043692476224506116,1,1,1,CD8 T cell
C12orf75,0.7475071217722762,-0.0314204653773178,1,1,1,CD8 T cell
DDX42,0.7475117779779026,0.0077457952693052445,1,1,1,CD8 T cell
MYO1B,0.7475276551892776,-0.02658252089429114,0.5,0.667,1,CD8 T cell
RAP2A,0.7475403283006943,-0.05916962738271048,1,1,1,CD8 T cell
MORC2,0.7475807482596861,-0.025399456789510166,1,1,1,CD8 T cell
ARMC9,0.7476569277115943,-0.008080757216287537,1,0.833,1,CD8 T cell
IFI16,0.7476871078941687,0.028329464019321016,1,1,1,CD8 T cell
CCDC69,0.7478721576493121,0.03071500538735572,1,1,1,CD8 T cell
PNISR,0.7479515414831135,-0.00608207819437423,1,1,1,CD8 T cell
C20orf96,0.7479649193969866,0.03215898884300916,1,1,1,CD8 T cell
NSUN6,0.7480049645582358,0.04880589047149575,1,1,1,CD8 T cell
ZNF85,0.7480652714076828,-0.04625695997872903,1,1,1,CD8 T cell
TRPM6,0.7480795266796965,0.0028201395790645734,0.333,0.417,1,CD8 T cell
SMIM20,0.7480823500731684,0.017176694572431872,1,1,1,CD8 T cell
IL5RA,0.7481360718296558,-0.11295945510961847,1,0.917,1,CD8 T cell
PRPSAP1,0.7481626821543548,-0.02429841510636016,1,1,1,CD8 T cell
GOLIM4,0.7482059745578749,-0.054449692207794165,1,1,1,CD8 T cell
MAP3K15,0.7482541254817534,9.641096728634224e-4,0.167,0.25,1,CD8 T cell
GSTM3,0.7483886477484429,-0.13696850313007491,0.833,0.917,1,CD8 T cell
FCGRT,0.7485846313503868,-0.04698497191089457,1,1,1,CD8 T cell
F8A1,0.7486007565297683,-0.04200592204959319,0.917,0.833,1,CD8 T cell
PAPSS1,0.7486045703637051,0.014537662751772262,1,1,1,CD8 T cell
UBA3,0.7486168627217487,0.016069236289206312,1,1,1,CD8 T cell
PAFAH1B2,0.7486711515717508,0.019295305363757065,1,1,1,CD8 T cell
RNF112,0.74870846638154,0.007680436927433476,0.75,0.833,1,CD8 T cell
CALM2,0.7487749982698289,-0.004316289825154307,1,1,1,CD8 T cell
TRIM28,0.7489274831883188,-0.008930994719367202,1,1,1,CD8 T cell
CCDC81,0.7489300302086641,0.022093359810486213,1,0.917,1,CD8 T cell
CIDEB,0.7489336732702607,0.04166688226338022,1,1,1,CD8 T cell
SIGLEC9,0.749075475860256,0.0995918245747407,1,1,1,CD8 T cell
TDRD7,0.7490770983120378,0.0063045401527427325,1,1,1,CD8 T cell
JAML,0.7492749236274117,0.1466286420111969,1,1,1,CD8 T cell
PARG,0.7492908191085877,-0.004947948730436469,1,1,1,CD8 T cell
C9orf152,0.7494007526639961,-0.009628045046289557,0.25,0.083,1,CD8 T cell
HLCS,0.7494382957632351,0.017151383698119194,1,1,1,CD8 T cell
C11orf91,0.7494452522407211,-0.018879128109409393,0.583,0.75,1,CD8 T cell
LHX3,0.7494939528042686,0.003981813195535366,0.417,0.25,1,CD8 T cell
TRIM37,0.7495187690538363,-0.0189293437920538,1,1,1,CD8 T cell
INTU,0.749542382769895,-0.0041120305139576985,0,0.25,1,CD8 T cell
IQGAP2,0.7496597951367592,-0.02398908127198296,1,1,1,CD8 T cell
OR4F21,0.7496856854966549,0.004531153518635644,0.333,0.25,1,CD8 T cell
ENTREP3,0.7497850583717727,0.05087740776914629,1,1,1,CD8 T cell
SEZ6L2,0.749794693237477,0.013326150310436269,0.333,0.25,1,CD8 T cell
SEC24B,0.7498277448410001,-0.004430321983943775,1,1,1,CD8 T cell
SAMHD1,0.7498363201199476,-0.02225655325516218,1,1,1,CD8 T cell
ESCO2,0.7498511315956927,-0.021373737942166127,0.667,0.917,1,CD8 T cell
SLURP2,0.7498838714405381,0.003763412982330294,0.167,0,1,CD8 T cell
MOB3B,0.7500455106340658,0.016651784094065203,1,1,1,CD8 T cell
DEPDC5,0.7500554992465812,0.03506604836119803,1,1,1,CD8 T cell
RPGRIP1L,0.7500619156336231,0.020224312951305556,1,1,1,CD8 T cell
POLR1F,0.7501086716691812,0.022908309297867913,1,1,1,CD8 T cell
SLC35A4,0.7502023571628845,-0.009152524908502435,1,1,1,CD8 T cell
WNT10A,0.7502376129251348,-0.02089358779499806,0.667,0.667,1,CD8 T cell
ADI1,0.7502413874094511,0.035773416562149274,1,1,1,CD8 T cell
BEST1,0.7502784556192011,-8.397983089358796e-4,0.583,0.583,1,CD8 T cell
PREPL,0.7502816696975729,0.0415180276655731,1,1,1,CD8 T cell
IMPDH1,0.7503420267457821,0.019653110775085914,1,1,1,CD8 T cell
SIGLEC7,0.7503569415712292,-0.02827732973432351,0.917,1,1,CD8 T cell
ATF2,0.7503655978881834,0.017747190562976023,1,1,1,CD8 T cell
DOK7,0.7504586637041027,-0.006483276051387321,0,0.167,1,CD8 T cell
UGP2,0.7506004324657191,-1.8691893292377415e-4,1,1,1,CD8 T cell
TUBB4B,0.7506098384111409,-0.018830107865244083,1,1,1,CD8 T cell
CAMK2N2,0.7506392111998713,0.0020693074371096465,0.917,0.917,1,CD8 T cell
YWHAB,0.7506917488264618,-0.019194774274691295,1,1,1,CD8 T cell
PRSS33,0.7507114567676388,0.004540184207173059,0.417,0.25,1,CD8 T cell
SLC25A25,0.7507772641709045,-0.001685827149076058,1,1,1,CD8 T cell
TMEM50B,0.7508128764188057,-0.013179526719304821,1,1,1,CD8 T cell
NSMCE4A,0.7508415909317163,0.022372299201084217,1,1,1,CD8 T cell
INAFM1,0.750864369674453,-0.02313996992681222,1,1,1,CD8 T cell
HSPA13,0.7509115102423264,0.0523221784468928,1,1,1,CD8 T cell
NPTXR,0.7509163036578893,0.08371564839659174,1,1,1,CD8 T cell
CCDC174,0.750984744144183,-0.042673083851060056,1,1,1,CD8 T cell
TVP23C,0.7510341668265187,0.07282015106894635,1,1,1,CD8 T cell
ZNF532,0.7511272138252938,-0.05655630807401191,1,1,1,CD8 T cell
PAK3,0.7511418874042198,-0.005447631076808346,0.417,0.583,1,CD8 T cell
ZBED2,0.7511521067693324,0.002459485027851649,0.417,0.417,1,CD8 T cell
LRP8,0.7511727327439093,0.008562636385129663,1,1,1,CD8 T cell
HTATSF1,0.7512067013590271,0.029461107838972767,1,1,1,CD8 T cell
CHCHD10,0.7512243946414255,0.0393391703290531,1,1,1,CD8 T cell
SLC6A4,0.7512865372236726,-0.02236514971051795,0.417,0.583,1,CD8 T cell
ENG,0.7513877284252879,-0.03476475127503531,1,1,1,CD8 T cell
DYNLT5,0.7514262976226322,0.003470103402559488,0.167,0.083,1,CD8 T cell
CXCL1,0.7515134352616394,-0.008470748786548299,0.25,0.417,1,CD8 T cell
IGSF3,0.7515288165244434,0.006766555542942587,0.167,0,1,CD8 T cell
TRIP4,0.7515467928637188,0.015405226616930279,1,1,1,CD8 T cell
PTPN4,0.7515803812063357,-0.010953733202081484,1,1,1,CD8 T cell
CRY2,0.7516485575377478,0.043535443160239606,1,1,1,CD8 T cell
MAP7D1,0.7516728208436895,0.028552638517670204,1,1,1,CD8 T cell
PPM1M,0.7516864603823563,-0.023372967020637764,1,1,1,CD8 T cell
SCARA5,0.7517140722575949,0.0038271065808404003,0.083,0.25,1,CD8 T cell
ZDBF2,0.7517518137643644,0.05014469650443143,1,1,1,CD8 T cell
PRIMPOL,0.7517995835944894,-0.022475751446360936,1,1,1,CD8 T cell
RBM22,0.7519016044288807,0.003989252013378464,1,1,1,CD8 T cell
HEATR5A,0.7519739606643672,5.3345587699205055e-5,1,1,1,CD8 T cell
TSC22D1,0.7519760044179457,-0.036978635885040356,1,1,1,CD8 T cell
TMEM14A,0.751995552158859,0.03746743754600845,1,1,1,CD8 T cell
CAMK2N1,0.7520137717805854,0.06693602409952959,1,1,1,CD8 T cell
GZMB,0.7520143412643776,-0.07025384887927899,1,1,1,CD8 T cell
TRPC6,0.7520458091148733,0.0034560916123473895,0.167,0,1,CD8 T cell
CRYBB1,0.7520460476965357,-0.009432495201775026,0.083,0.25,1,CD8 T cell
OR2B6,0.7521908540675273,-0.0030466175226080416,0,0.25,1,CD8 T cell
ZRANB1,0.752331671144385,-1.4377069513016316e-5,1,1,1,CD8 T cell
CRYGN,0.75235053331199,0.004116240622607403,0.417,0.417,1,CD8 T cell
TCTA,0.7524019425120656,0.04715130503714593,1,1,1,CD8 T cell
FTCDNL1,0.7524652919317936,0.0444541881143552,1,1,1,CD8 T cell
C4orf47,0.7524932976939571,0.011776062614865968,0.917,0.75,1,CD8 T cell
PODXL2,0.7525358097608368,-0.010119272805122925,0.917,0.917,1,CD8 T cell
GMFB,0.7525536207613946,-0.027622092662930253,1,1,1,CD8 T cell
SLC16A2,0.752570221767886,0.0019417975378570596,0.667,0.5,1,CD8 T cell
MVB12A,0.7525968545760455,-0.009652644618654671,1,1,1,CD8 T cell
CPPED1,0.7525980773089074,0.02577675947094238,1,1,1,CD8 T cell
PTBP3,0.752628830064127,-0.010610326580463347,1,1,1,CD8 T cell
NDUFA7,0.7526438125206084,0.04673092666462664,1,1,1,CD8 T cell
HOXB3,0.7526558544273653,-0.007174839100532626,1,1,1,CD8 T cell
TBC1D31,0.7527320195773094,0.023874255627805346,1,1,1,CD8 T cell
TTI1,0.7527467605122227,-0.054569987230981276,1,1,1,CD8 T cell
GPR65,0.7528310039910262,0.053974213413245264,1,1,1,CD8 T cell
C5orf15,0.75284134191089,0.0024365672583923637,1,1,1,CD8 T cell
PPEF1,0.7528430078616272,-0.01236815156979576,0.667,0.75,1,CD8 T cell
TMTC4,0.7528787593748489,-0.03566911817231766,1,1,1,CD8 T cell
ETV4,0.7529326396355223,-0.004031034200969508,0.083,0.333,1,CD8 T cell
PIM1,0.7529621370935796,-0.014823634932301655,1,1,1,CD8 T cell
ZNF292,0.752985125611962,-0.013078371362694075,1,1,1,CD8 T cell
PEX6,0.7529879685256615,-0.030161439583025418,1,1,1,CD8 T cell
MUC16,0.753037840594053,0.02208865982012531,0.667,0.833,1,CD8 T cell
DNA2,0.7531371810108334,-0.07862065700496013,1,1,1,CD8 T cell
TIMP1,0.7532555525331749,0.07698735652907494,1,1,1,CD8 T cell
ANKRD44,0.7532730748894146,-0.0017190130278270654,1,1,1,CD8 T cell
PRKG2,0.7533012664821127,-0.0010871807592995886,1,0.917,1,CD8 T cell
TGIF2,0.75335163345897,0.020290584734217187,1,1,1,CD8 T cell
GPT,0.7533550674168626,0.0040502289678054915,0.333,0.25,1,CD8 T cell
GPA33,0.753411343051633,0.0554034179122147,1,1,1,CD8 T cell
DIDO1,0.7534303684658437,0.02628436734727324,1,1,1,CD8 T cell
PSTK,0.7534394494807747,-0.026304076827164735,1,1,1,CD8 T cell
CSGALNACT1,0.753552733216535,-0.1053009036466448,0.917,1,1,CD8 T cell
THEM5,0.7536384736907612,-0.011912339910151726,0.333,0.417,1,CD8 T cell
ZNF827,0.7536609156868672,0.0568108027259151,1,1,1,CD8 T cell
ZFAND4,0.7536779344322435,0.004660954978687792,1,1,1,CD8 T cell
BRAP,0.7537804434842175,-0.003639754211339219,1,1,1,CD8 T cell
HAT1,0.7538227128018578,0.03152612894812483,1,1,1,CD8 T cell
PNPLA6,0.753851232957504,-0.0036889843064893957,1,1,1,CD8 T cell
HABP4,0.7539069209312637,0.04825746646792517,1,1,1,CD8 T cell
DOCK1,0.7539293742490074,0.0018077655462382936,0.083,0.333,1,CD8 T cell
SYNGR4,0.7539948455209065,0.002502904249676252,0.25,0.25,1,CD8 T cell
ZNF331,0.7540374497242244,0.05391321301990182,1,1,1,CD8 T cell
FADS1,0.7540650731353515,0.0709982573158805,1,1,1,CD8 T cell
CACNB3,0.7541633897975315,0.010410865798966107,1,1,1,CD8 T cell
COPS3,0.7541912999330687,0.029095074105521035,1,1,1,CD8 T cell
UVRAG,0.7542766938392795,0.017881496232164062,1,1,1,CD8 T cell
PCID2,0.7543034454718601,0.03640892380736316,1,1,1,CD8 T cell
MSR1,0.7543287070298234,0.01906687210010105,0.417,0.5,1,CD8 T cell
PBRM1,0.7544902544830643,0.0019278938350241193,1,1,1,CD8 T cell
SLC6A3,0.75449285004115,0.006008087460770195,0.333,0.167,1,CD8 T cell
ZNF419,0.754507141704482,0.0035872167122827925,1,1,1,CD8 T cell
LRRC61,0.7545294460841261,0.06270341299243887,1,1,1,CD8 T cell
PTGFRN,0.7545861228981274,0.021119006415702746,0.75,0.5,1,CD8 T cell
TGS1,0.7546004410533084,-0.004967964523408003,1,1,1,CD8 T cell
ELF1,0.7546262759725866,0.021900707556965493,1,1,1,CD8 T cell
INSL3,0.7546411138206275,0.03392073845310151,1,1,1,CD8 T cell
MLLT1,0.7547286429942056,-0.015338102762547212,1,1,1,CD8 T cell
EHMT1,0.7547530602620995,-0.003488887411576602,1,1,1,CD8 T cell
PIAS3,0.7548562121525988,0.053599757621737965,1,1,1,CD8 T cell
SLC1A1,0.7549023192146977,-0.007771450739924912,0.167,0.25,1,CD8 T cell
NEK11,0.754914493885661,0.03189352751350283,1,0.917,1,CD8 T cell
COX8A,0.7549305869694316,-0.021105392712428034,1,1,1,CD8 T cell
ZNF154,0.7549674122497275,0.02843756036586953,1,0.917,1,CD8 T cell
ELN,0.7550218365673688,-0.0030530933700902985,0,0.25,1,CD8 T cell
ZNF521,0.7550218365673688,-0.0030530933700902985,0,0.25,1,CD8 T cell
ALDH16A1,0.7551147760147703,-0.005893711353909259,1,1,1,CD8 T cell
RECK,0.7551266182349478,-0.0535842184385138,1,1,1,CD8 T cell
TRDMT1,0.7552245573286649,0.029133370202317765,1,1,1,CD8 T cell
ABLIM1,0.7552288189329405,0.04503523640504459,1,1,1,CD8 T cell
AQP3,0.7552879745588464,0.05593593829153498,1,1,1,CD8 T cell
POLR3K,0.7553122935553287,-0.017603664308181832,1,1,1,CD8 T cell
SPEGNB,0.7554151601579835,0.007645038323121245,0.5,0.5,1,CD8 T cell
NAF1,0.7555181986048687,0.04830810214579029,1,1,1,CD8 T cell
OR2A4,0.7555490704913728,-0.0028041191014818168,0.25,0.25,1,CD8 T cell
CAPN7,0.7555906758378833,-0.009484399405386423,1,1,1,CD8 T cell
DDX28,0.7556342053113397,-0.014959848847131196,1,1,1,CD8 T cell
MDFIC,0.7556346861091646,0.04393040645396584,1,1,1,CD8 T cell
SNX6,0.7556461248094037,-0.0073308576931934155,1,1,1,CD8 T cell
APOL3,0.7556600045380133,0.04273165258939632,1,1,1,CD8 T cell
VWA8,0.7557450334416295,0.03307005682956245,1,1,1,CD8 T cell
ITM2A,0.7558098056805581,-0.067618063839710807,1,1,1,CD8 T cell
CCDC126,0.755977918390175,-0.038659727060117666,1,1,1,CD8 T cell
PLEKHH3,0.7560504226619094,0.0024251181139596234,0.667,0.583,1,CD8 T cell
DNHD1,0.7561582590715653,0.01627778693760329,1,1,1,CD8 T cell
EDAR,0.7561682432143144,-0.03856409736554989,0.583,0.833,1,CD8 T cell
FLCN,0.7564087533250892,0.055120859382676635,1,1,1,CD8 T cell
GIPR,0.756453881980098,-0.01686615013287751,1,1,1,CD8 T cell
NHERF1,0.7564946737371956,-0.014339797520894315,1,1,1,CD8 T cell
NBEAL1,0.7564989533728383,-0.023188977309131387,1,1,1,CD8 T cell
ABCF3,0.7564997661011961,0.02030680884579611,1,1,1,CD8 T cell
RBMXL1,0.756502209357715,0.0025290556721897506,1,1,1,CD8 T cell
FOXB1,0.7565865819020205,0.0033090421520927116,0.25,0.25,1,CD8 T cell
STAG1,0.7566007678415559,-0.009770409385546547,1,1,1,CD8 T cell
TMEM17,0.7566157491587462,0.020242917195441912,0.667,0.833,1,CD8 T cell
TRAPPC2L,0.7566207774236589,-0.015926652257635898,1,1,1,CD8 T cell
PADI6,0.7566302731489244,-0.03208509898667078,0.583,0.583,1,CD8 T cell
RUNDC3A,0.7566407645551734,0.0036612676183649384,0.167,0.083,1,CD8 T cell
CCDC191,0.7567011653844399,-0.06316527146511275,1,1,1,CD8 T cell
GLRX2,0.7567565882965686,0.022963662213105085,1,1,1,CD8 T cell
SS18L2,0.7568650187065791,-0.006612855622408431,1,1,1,CD8 T cell
WWP1,0.7568650965754469,-0.010916859920589543,1,1,1,CD8 T cell
TMEM42,0.7569122815878708,-0.021727796470903282,1,1,1,CD8 T cell
EIF2S2,0.7569239694203905,0.01774882088529406,1,1,1,CD8 T cell
FOXH1,0.7570183927671728,0.002228095647160089,0.25,0.167,1,CD8 T cell
TMBIM6,0.7570329443427052,-0.019410700763706545,1,1,1,CD8 T cell
DPEP2,0.757099908149381,-0.037732193913058376,1,1,1,CD8 T cell
SLC35B4,0.7571382977079627,-0.06822420080931435,1,1,1,CD8 T cell
ANGEL1,0.7571866381205955,0.02073259201988753,1,1,1,CD8 T cell
TRAFD1,0.7572072740601057,-0.018377279308417815,1,1,1,CD8 T cell
RC3H1,0.7572264166300873,0.009258440931114165,1,1,1,CD8 T cell
GPD2,0.7572327906902406,0.01580094487538708,1,1,1,CD8 T cell
CENPO,0.7572600830364058,0.006564699364225213,1,1,1,CD8 T cell
ZNF805,0.7572862767877309,0.023427940036040762,1,1,1,CD8 T cell
ZNF813,0.7573542736587618,-0.04850248590000783,1,1,1,CD8 T cell
PPP1CB,0.7573590658055859,-0.0030104859537569695,1,1,1,CD8 T cell
ZSCAN12,0.7574028063488774,-0.04420251371418038,1,1,1,CD8 T cell
RNF40,0.7574901042853303,-0.017919277267805178,1,1,1,CD8 T cell
ZNF596,0.7575098307411626,-0.003756261607437139,1,1,1,CD8 T cell
ANKRD26,0.7576009335314483,0.05368015652268543,1,1,1,CD8 T cell
TMEM107,0.7577044916715685,0.05505136343741879,1,1,1,CD8 T cell
PRPF18,0.7578192246684613,0.019006301442481333,1,1,1,CD8 T cell
SECISBP2L,0.7578427091251123,-0.00897644044648474,1,1,1,CD8 T cell
GMNN,0.7578459817535593,-0.014327556900326943,1,1,1,CD8 T cell
ANKRD10,0.7579161338216749,0.0027765651246298706,1,1,1,CD8 T cell
TNIP2,0.7579389826869041,-0.018464146964944583,1,1,1,CD8 T cell
DGKI,0.7580445210506901,0.006553496533204584,0.167,0.083,1,CD8 T cell
PPP4R3A,0.758072485305671,-0.013528401150527225,1,1,1,CD8 T cell
MYO5C,0.7581033856573793,8.213567329828919e-5,0.833,1,1,CD8 T cell
KHDRBS1,0.7581214052910583,-0.01092984428763899,1,1,1,CD8 T cell
CTSF,0.7581451597756498,0.0634881851971687,1,1,1,CD8 T cell
EXOC6,0.7581524915450413,0.017332573426647402,1,1,1,CD8 T cell
UPK3B,0.7582239525371443,-0.03314162552179578,1,1,1,CD8 T cell
ATF1,0.7582324834668747,0.01541420364973567,1,1,1,CD8 T cell
OPRD1,0.7582987444734491,-0.003746707538425653,0,0.167,1,CD8 T cell
SEC61A1,0.7583514971771359,-0.007717872781344615,1,1,1,CD8 T cell
REG4,0.7583897282711582,0.003817684292513057,0.167,0.25,1,CD8 T cell
MFSD13A,0.7584340560556855,0.02589428171837893,1,1,1,CD8 T cell
COMMD2,0.7584710297264403,0.009668328227778522,1,1,1,CD8 T cell
PACC1,0.7585022747131678,-0.02636012143170463,1,1,1,CD8 T cell
WDR19,0.7585148420830213,-0.014115018914801603,1,1,1,CD8 T cell
CIAPIN1,0.7585288422026351,0.05703958850566626,1,1,1,CD8 T cell
CEP57,0.7586058492250636,0.032472731464159965,1,1,1,CD8 T cell
ARHGAP15,0.7587773652850253,-0.015939341506761462,1,1,1,CD8 T cell
DDX4,0.7587803600753414,0.009433186663749815,0.25,0.167,1,CD8 T cell
ZDHHC6,0.7588247805825358,0.012140227343202747,1,1,1,CD8 T cell
STK32C,0.7588337141411233,0.02428460748763861,1,1,1,CD8 T cell
ZNF70,0.7588389041915193,0.042862115698504066,1,1,1,CD8 T cell
CELF1,0.758873132655383,-0.00995170588998251,1,1,1,CD8 T cell
CIR1,0.7588853763591619,0.0268498023592591,1,1,1,CD8 T cell
RNH1,0.7589318479905476,0.006735104806431247,1,1,1,CD8 T cell
CCL22,0.7589895673544103,0.007815512237707267,0.167,0.083,1,CD8 T cell
MTSS2,0.7589968999214158,0.0035862901710328465,1,1,1,CD8 T cell
KMT2D,0.75901084148756,0.03608449790833246,1,1,1,CD8 T cell
KCTD9,0.7590429350467048,-0.02517139896173809,1,1,1,CD8 T cell
SPIB,0.7590516017635449,-0.0031731095301203993,0.667,0.667,1,CD8 T cell
SLC22A14,0.7590621870752113,0.007739155770611905,0.583,0.667,1,CD8 T cell
RAP1A,0.7590877811145842,0.02542757904446713,1,1,1,CD8 T cell
SAAL1,0.7591136591623006,0.03568738448636144,1,1,1,CD8 T cell
TSPAN14,0.7591206010648983,0.034279835612481824,1,1,1,CD8 T cell
ATG101,0.759160282179711,-0.00938184977398282,1,1,1,CD8 T cell
AMDHD1,0.7591941929420396,0.012749361988940056,1,1,1,CD8 T cell
PPP1R9B,0.7592319692553323,-0.01047590638116147,1,1,1,CD8 T cell
TMEM18,0.7592371209735927,-0.005957564997285392,1,1,1,CD8 T cell
ERFL,0.7592530239327173,0.0037234269794823582,1,1,1,CD8 T cell
ZNF837,0.7592661247688514,-0.034385699890637333,0.833,0.917,1,CD8 T cell
PAX9,0.7594397232709029,-0.0017386720580150339,0.583,0.667,1,CD8 T cell
WIPF2,0.7594555125537421,-7.036927639794688e-4,1,1,1,CD8 T cell
KHDRBS3,0.7594724430635109,0.0019753332814840263,0.417,0.5,1,CD8 T cell
PPP4R3B,0.7596206282187589,0.03148265259134875,1,1,1,CD8 T cell
SMOX,0.7596395479271303,-0.037080896670946384,0.667,0.833,1,CD8 T cell
NHSL1,0.7597909160494218,3.687995408485634e-5,0.583,0.583,1,CD8 T cell
TP53I13,0.7598289299298009,0.044472639848092355,1,1,1,CD8 T cell
TDRD6,0.7598647261737274,0.00969567836332974,0.25,0.167,1,CD8 T cell
MED13L,0.7599109357503764,-0.0010718322663767488,1,1,1,CD8 T cell
PNMA8A,0.7600548032772005,-0.04150688976945993,0.167,0.167,1,CD8 T cell
BEST4,0.7600935045788669,0.018351242468715334,0.917,0.75,1,CD8 T cell
VTN,0.7601616648135123,-0.007209612909458318,0.75,0.833,1,CD8 T cell
DACT1,0.7601699734343462,0.009020323203525304,0.5,0.583,1,CD8 T cell
MAPK8IP3,0.7601966705654264,-0.02380468932440212,1,1,1,CD8 T cell
OR1E1,0.7603045642052142,-0.023331602015468356,0,0.25,1,CD8 T cell
PRDM6,0.7603670130698705,0.0063780385039717835,0.167,0.083,1,CD8 T cell
CNN1,0.7603670130698705,0.0063780385039717835,0.167,0.083,1,CD8 T cell
JAGN1,0.7603804706174089,-0.06442669824169456,1,1,1,CD8 T cell
GSK3A,0.7603906653732384,0.017165922530398836,1,1,1,CD8 T cell
IKZF2,0.7604611341762354,-0.09069448481258513,1,1,1,CD8 T cell
AQP8,0.7606279247205687,-0.009262337849636815,0.667,0.667,1,CD8 T cell
PSTPIP1,0.7606685519510852,0.02579828320274502,1,1,1,CD8 T cell
TTI2,0.7606719476476813,0.013327888076388295,1,1,1,CD8 T cell
FAM89A,0.7606879150224168,-0.03451991682213329,1,1,1,CD8 T cell
PKNOX1,0.7607056955074151,0.017056040752870816,1,1,1,CD8 T cell
POM121,0.7607349730125803,-0.053142752396072135,1,1,1,CD8 T cell
MILR1,0.7607429486003117,-0.014750859752219014,0.75,0.917,1,CD8 T cell
MAF1,0.7607528780756786,-0.01001952993769395,1,1,1,CD8 T cell
TUBGCP6,0.7607901231681206,-0.026805323637057676,1,1,1,CD8 T cell
TICRR,0.760838691467919,0.011128352600622282,0.75,0.583,1,CD8 T cell
ACBD5,0.7608464538312878,0.0248109289324262,1,1,1,CD8 T cell
SMAD6,0.7608665091225975,0.0028380066221127542,0.167,0.083,1,CD8 T cell
APP,0.7608756227811623,0.0822486697454643,1,1,1,CD8 T cell
PRKCD,0.7609169954018283,0.03324690311736389,1,1,1,CD8 T cell
TRIM45,0.7609986351602853,0.03621580861082441,0.917,0.667,1,CD8 T cell
SLC43A2,0.761037943676033,-0.027550719967237125,1,1,1,CD8 T cell
NUP133,0.7611140095307108,0.013647487868021408,1,1,1,CD8 T cell
PPARGC1A,0.7612199825116615,-0.011233301933503359,0,0.25,1,CD8 T cell
ABCF2,0.7612334569578514,-0.02553331808148429,1,1,1,CD8 T cell
SMIM3,0.761245189732798,-0.043276720658595114,1,1,1,CD8 T cell
NQO1,0.7612520715420846,0.031136121913540205,1,1,1,CD8 T cell
KMO,0.7612659314597393,-0.022881480690480682,0.583,0.75,1,CD8 T cell
NSMCE1,0.7613316938939183,0.03185810208622425,1,1,1,CD8 T cell
SPAG6,0.7614244578545544,0.005235687080621165,0.333,0.25,1,CD8 T cell
NANP,0.7614472897632023,-0.047897302062084535,1,1,1,CD8 T cell
PPDPF,0.7615017032000135,-0.026060087359632833,1,1,1,CD8 T cell
CASKIN1,0.761518103678691,0.00373721870145749,0.083,0.167,1,CD8 T cell
PSMD11,0.7615445602914259,-3.203180203703582e-5,1,1,1,CD8 T cell
ENSG00000290797,0.7615670009763831,0.04973173275783793,1,1,1,CD8 T cell
CHD9NB,0.7615806594734081,0.003208030241641957,0.167,0,1,CD8 T cell
APOBEC3A,0.7615856574028037,0.01918328685934023,0.917,1,1,CD8 T cell
ZNF620,0.7615931391744141,-0.022250005277194784,1,1,1,CD8 T cell
SPRING1,0.7615973343780472,0.02132131497897838,1,1,1,CD8 T cell
FAM24B,0.7616481201845485,-0.04405161730874685,1,1,1,CD8 T cell
F13A1,0.7616662632649502,-0.05021466655389384,1,1,1,CD8 T cell
ZNF358,0.7617288176709338,0.05255112694513997,1,1,1,CD8 T cell
RNFT2,0.7618075912775024,0.03978978405262534,1,0.917,1,CD8 T cell
NBL1,0.761834332943449,-0.029328941886737514,1,1,1,CD8 T cell
TMLHE,0.7618675620137136,-0.010683158723925112,1,1,1,CD8 T cell
SP4,0.7618812406567523,0.031450125847508725,1,1,1,CD8 T cell
NEU1,0.7619052750596197,0.05853647460186684,1,1,1,CD8 T cell
PPP1R3G,0.7619505633430103,-0.004890344480836806,0.167,0.333,1,CD8 T cell
MTX2,0.7620897752366655,-0.026275703088026847,1,1,1,CD8 T cell
PDCD2L,0.7621134470297021,0.019066556933630352,1,1,1,CD8 T cell
CEMP1,0.7621321511387107,-0.006774216190658322,0.75,0.833,1,CD8 T cell
CYSLTR2,0.7621348799803991,0.04460114069047849,1,1,1,CD8 T cell
CCZ1,0.7622012903648991,0.0017330963972650437,0.333,0.25,1,CD8 T cell
BCAS2,0.7622820765993057,-0.019796190645266276,1,1,1,CD8 T cell
PHKA1,0.7622881940333659,-0.0014163649609204576,0.667,0.583,1,CD8 T cell
ZNF573,0.7622951331917017,-0.01817370199079804,1,1,1,CD8 T cell
OTUD7A,0.7623452540197327,-0.0028209182469782768,0.5,0.5,1,CD8 T cell
CLCN4,0.7624197382853775,-0.006166620197415096,0.417,0.5,1,CD8 T cell
KLHL7,0.7624379816625624,-0.02998786638567985,1,1,1,CD8 T cell
INHBB,0.762471074837612,0.006189588877065333,0.25,0.167,1,CD8 T cell
TTC9C,0.7625432206078674,0.00730239171116831,1,1,1,CD8 T cell
ZNF646,0.762611527192356,-9.733084267466996e-4,1,1,1,CD8 T cell
HMGB3,0.7626270013172853,-0.011512055095411977,0.333,0.417,1,CD8 T cell
MYO1D,0.7626273441894231,0.02799808848037344,1,1,1,CD8 T cell
AVPR2,0.7626470919303621,0.006626797300085752,0.167,0,1,CD8 T cell
PCDHA4,0.7626470919303621,0.006626797300085752,0.167,0,1,CD8 T cell
LRRC32,0.7626772273295351,0.015160197460901692,0.667,0.417,1,CD8 T cell
SNX20,0.7626945926802544,-0.01590695223035432,1,1,1,CD8 T cell
ADARB2,0.7627077909233153,-0.0026163621631476452,0.333,0.333,1,CD8 T cell
MSLNL,0.7627145515558095,0.006608873559927009,0.167,0,1,CD8 T cell
OMP,0.7627689132247072,0.007384698837030079,0.25,0.417,1,CD8 T cell
RAPGEF1,0.7628500770564892,-0.01424755183455595,1,1,1,CD8 T cell
C12orf29,0.7628526119641724,-0.022259230921440887,1,1,1,CD8 T cell
TOR1B,0.7630305854008401,-0.0015151283689869288,1,1,1,CD8 T cell
POLRMT,0.7630482234993935,-0.004111547219766365,0.917,1,1,CD8 T cell
ITGB1,0.7630511344034542,-0.06321618103155802,1,1,1,CD8 T cell
LARS1,0.763075649576862,0.029622863359088036,1,1,1,CD8 T cell
TNFAIP1,0.7630964369417486,-0.012430412489399245,1,1,1,CD8 T cell
MASTL,0.7631188404343785,0.047944219788012665,1,1,1,CD8 T cell
EPHB3,0.763144823226513,0.00815928998845461,0.417,0.417,1,CD8 T cell
MEIS2,0.7631636160645573,-0.023966709416786358,0.667,0.833,1,CD8 T cell
BORCS5,0.763165302336597,-0.0036396745984915158,1,1,1,CD8 T cell
LRP11,0.7631706842933388,-0.030541729837523235,1,1,1,CD8 T cell
SLC7A1,0.7632105666964756,0.036301415373560575,1,1,1,CD8 T cell
RNASEH2C,0.7632386867810992,-0.0295632657778091,1,1,1,CD8 T cell
NPRL3,0.763272653208117,0.03587742438176755,1,1,1,CD8 T cell
GRK4,0.7633558969411047,0.05419714485870886,1,1,1,CD8 T cell
ASMTL,0.7633729534175139,0.010950633965817524,1,1,1,CD8 T cell
NKPD1,0.763445157069121,-0.006609547585431752,0.75,0.75,1,CD8 T cell
CDT1,0.7635851681535422,-0.008212517029128286,1,1,1,CD8 T cell
PCDHGB2,0.7636379314242059,0.03499273458767549,0.917,0.917,1,CD8 T cell
NECTIN2,0.763651558008789,-0.011162287428427842,0.5,0.75,1,CD8 T cell
REP15,0.7636520906423476,0.014886237999375052,0.5,0.417,1,CD8 T cell
SERPINB8,0.7636580644046405,0.05590788649540612,1,1,1,CD8 T cell
BRWD1,0.7637663686975735,-0.020166253684196944,1,1,1,CD8 T cell
CTSV,0.763768063625955,-0.0028996486719159442,0,0.25,1,CD8 T cell
TREML4,0.763768063625955,-0.0028996486719159442,0,0.25,1,CD8 T cell
CLEC20A,0.763768063625955,-0.0028996486719159442,0,0.25,1,CD8 T cell
HSH2D,0.7637910447316583,-0.009377871230162649,1,1,1,CD8 T cell
EEIG1,0.7638332566511015,0.07005557684839098,1,1,1,CD8 T cell
ARHGAP11A,0.7638870552358441,-0.057423194517443266,1,1,1,CD8 T cell
ZFP69B,0.7639049627662006,0.02182782397917782,1,1,1,CD8 T cell
TMEM262,0.7639827615291362,0.0022545454603415394,0.25,0.083,1,CD8 T cell
ATP7A,0.76400091143404,0.003071311566007706,1,1,1,CD8 T cell
CKMT2,0.7640123094257334,-0.012184292563131027,0.167,0.417,1,CD8 T cell
HPS1,0.7641186526481893,0.04218561147347444,1,1,1,CD8 T cell
PPIH,0.7641279306418525,-0.03537140911540848,1,1,1,CD8 T cell
LNPEP,0.7641410216089634,0.023696439277020254,1,1,1,CD8 T cell
DRP2,0.764145936149603,-0.003488500225750979,0.333,0.5,1,CD8 T cell
SLC45A1,0.7641469244745738,-0.007376871349630498,0.917,0.917,1,CD8 T cell
PATE2,0.7641504648136983,0.00515938675033345,0.417,0.25,1,CD8 T cell
SLC7A7,0.7641695712896953,-0.02624855251977065,0.917,1,1,CD8 T cell
CTU2,0.7641782013854128,0.006382775056591461,1,1,1,CD8 T cell
CCDC197,0.7641953150023023,0.003530324877364155,0.167,0,1,CD8 T cell
BAG1,0.7642350895709042,-0.012358163329289379,1,1,1,CD8 T cell
PIP4P2,0.7642804239330193,0.06353216211104273,1,1,1,CD8 T cell
ZNF185,0.7643989583266876,0.01991095883057703,1,1,1,CD8 T cell
C1QTNF3,0.764483804445064,0.03635608288445935,1,1,1,CD8 T cell
C6orf136,0.7646104577109223,-0.016839892413229363,1,1,1,CD8 T cell
DIXDC1,0.7646704935059703,0.037551240331002766,1,0.917,1,CD8 T cell
EID3,0.7649269073288676,0.012476666133386605,1,1,1,CD8 T cell
APOL2,0.7649633613446738,0.03779786269937513,1,1,1,CD8 T cell
FGD3,0.765018957869256,0.0049005287158749855,1,1,1,CD8 T cell
CLTCL1,0.7652852037482023,-0.026458065501904215,0.833,0.917,1,CD8 T cell
RNF182,0.765320266083459,0.0027795678226794074,0.167,0.083,1,CD8 T cell
RBM5,0.7653435452645686,0.0325016468706103,1,1,1,CD8 T cell
OR4D1,0.7653511460799958,-0.010777053404702919,0.5,0.667,1,CD8 T cell
UBALD1,0.7654442033103683,2.9375252695418297e-4,1,1,1,CD8 T cell
WDFY3,0.7654638405986014,-0.010628900808960395,0.75,0.917,1,CD8 T cell
ST7,0.7654917161200696,0.031065568359909257,1,1,1,CD8 T cell
TSPAN31,0.7655151974290427,0.02346315961999146,1,1,1,CD8 T cell
SIDT1,0.7656323184782384,-0.023718937174082105,1,1,1,CD8 T cell
MLYCD,0.7656666758507096,-0.005525290781917214,1,1,1,CD8 T cell
UROD,0.7656788609243194,0.00985101516080622,1,1,1,CD8 T cell
NOS2,0.7656977957694038,-0.011408832381291312,0.333,0.167,1,CD8 T cell
CUL1,0.7657244224191069,0.0029887434966845428,1,1,1,CD8 T cell
TEX43,0.7657955298394822,3.392958134824653e-4,0.333,0.417,1,CD8 T cell
ETV3,0.7658239017179574,-0.0013999451301889287,1,1,1,CD8 T cell
RTKN2,0.7659095124662793,0.1406546722813784,1,1,1,CD8 T cell
GTDC1,0.7659144711405387,0.05109850304158953,1,1,1,CD8 T cell
C21orf58,0.7660136193460946,-0.03344021165410771,1,1,1,CD8 T cell
MYO1A,0.7660403689575441,0.026948490800912772,0.75,0.833,1,CD8 T cell
IGFBPL1,0.7661090862351988,-0.021747273727505956,0.167,0.333,1,CD8 T cell
DGKH,0.7662120893906001,0.059442970291838204,1,1,1,CD8 T cell
TMEM220,0.7662665602682612,0.017630208635329048,0.917,1,1,CD8 T cell
SV2A,0.7663171317815598,0.04961717146669331,1,1,1,CD8 T cell
PARPBP,0.7664001243105898,0.050428007906294425,1,1,1,CD8 T cell
GJA3,0.7664850774674573,-3.0502659436670854e-4,0.833,1,1,CD8 T cell
LYRM4,0.7665033183290679,0.05169713446983448,1,1,1,CD8 T cell
DNAJC7,0.7665260805959973,0.018613265341285046,1,1,1,CD8 T cell
ARIH2OS,0.7666522354248163,-0.019636600616874222,1,1,1,CD8 T cell
NEXN,0.7666813346563901,-0.016560929736464836,1,1,1,CD8 T cell
CWF19L1,0.7668258749485461,-0.0010663055697642254,1,1,1,CD8 T cell
FOXP3,0.7668874341377208,-0.011199734182258059,0.583,0.667,1,CD8 T cell
SPATA17,0.7669129208184713,0.001244626179651931,0.333,0.583,1,CD8 T cell
ST8SIA6,0.7669819318866447,0.0585355580327791,1,1,1,CD8 T cell
UBE2I,0.7670057791001539,0.031836898974920036,1,1,1,CD8 T cell
CARD6,0.7670930529423268,0.04686376124778002,1,1,1,CD8 T cell
TRIM7,0.7671658880334005,-0.012359272101200691,0.917,0.917,1,CD8 T cell
GHRL,0.7672929069127443,0.02258564149500719,0.833,0.917,1,CD8 T cell
UNC119,0.7673349978124268,-0.06477168072545725,1,1,1,CD8 T cell
MET,0.7673356563655748,0.00691687446123046,0.5,0.333,1,CD8 T cell
SEC23B,0.7673910160963188,-0.010623345269572537,1,1,1,CD8 T cell
VHLL,0.7674082422511161,0.034848878764778046,0.583,0.417,1,CD8 T cell
ADORA3,0.7674179892867659,0.019894339593251598,0.167,0.083,1,CD8 T cell
DLG5,0.7676324109031198,0.033902811694016766,1,1,1,CD8 T cell
ANKS1A,0.7677052459575621,-0.029926059090269463,1,1,1,CD8 T cell
CCT5,0.7677524408561869,0.036179157418543606,1,1,1,CD8 T cell
MED24,0.7678233185239409,-0.015869776714174402,1,1,1,CD8 T cell
TRIM5,0.7678454929006175,-0.025152070208478483,1,1,1,CD8 T cell
LRRC41,0.7679598969544335,0.01864611453748083,1,1,1,CD8 T cell
GOLPH3,0.767981092097731,-0.009384771826910443,1,1,1,CD8 T cell
EQTN,0.7679938438164258,0.002556120707374099,0.25,0.167,1,CD8 T cell
RAPGEF2,0.7680365139780548,-0.022094807986810405,1,1,1,CD8 T cell
GFPT1,0.7680768650328461,-0.011400391240670382,1,1,1,CD8 T cell
BCL9L,0.7680834728399331,-0.006198563516319755,1,1,1,CD8 T cell
SUSD6,0.7682120180371445,-0.015230910394751662,1,1,1,CD8 T cell
RGS3,0.7682471944361218,0.027565815444799302,1,1,1,CD8 T cell
IL2,0.7682872511177442,0.0040820183511325325,0.25,0.083,1,CD8 T cell
BIRC2,0.768324598641186,0.052282293821342474,1,1,1,CD8 T cell
IQCH,0.768342178137883,-0.0085013312173432,1,0.917,1,CD8 T cell
ERCC5,0.7683458481865008,0.004677083797473114,1,1,1,CD8 T cell
NME2,0.7683720505741263,0.03585091529475354,1,1,1,CD8 T cell
AIMP2,0.7684108952631863,0.05335182998749799,1,1,1,CD8 T cell
REM2,0.768436182799856,0.04964858710745057,1,1,1,CD8 T cell
CCNG1,0.768463364355639,0.030844202738077198,1,1,1,CD8 T cell
KATNIP,0.7684862585555783,0.014930809190909944,1,1,1,CD8 T cell
ZNF345,0.7685155428556647,0.02520325074258789,1,1,1,CD8 T cell
PRC1,0.768550850819048,-0.011944121650817596,1,1,1,CD8 T cell
GRINA,0.7685666972514523,-0.02704855310053028,1,1,1,CD8 T cell
C11orf97,0.7686170744367412,-0.004966373953183112,0.167,0.25,1,CD8 T cell
NDFIP1,0.7686721558168839,-0.01918767163992441,1,1,1,CD8 T cell
C1orf105,0.7686886603143412,-0.0026600476734106593,0.083,0.25,1,CD8 T cell
NCBP3,0.7687209940989617,-0.0057131753287889,1,1,1,CD8 T cell
SLAMF6,0.7688813352404322,-0.01776855408358191,1,1,1,CD8 T cell
KDSR,0.7688873770459195,0.07811129617248502,1,1,1,CD8 T cell
PLK4,0.7689335732364025,0.06029597467250003,1,1,1,CD8 T cell
GUCD1,0.768936826721772,0.0100410697492741,1,1,1,CD8 T cell
NUP50,0.7689691788333568,-0.011489456166596704,1,1,1,CD8 T cell
TAX1BP3,0.76900971284196,0.051625558614942335,1,1,1,CD8 T cell
CHAF1A,0.7690448114796724,-0.04339881965041914,1,1,1,CD8 T cell
EIF3D,0.7690868948948228,-0.01034093705550676,1,1,1,CD8 T cell
SRP68,0.7690949250454719,0.03743721707336142,1,1,1,CD8 T cell
CRTC3,0.7691113596375483,-0.022494498266221408,1,1,1,CD8 T cell
IQSEC3,0.7691739029597237,0.0501343630698714,0.583,0.5,1,CD8 T cell
WPRE,0.7692352166341813,0.0352828079345926,1,1,1,CD8 T cell
FCRL2,0.7693493452554805,0.006675030302269125,0.917,0.917,1,CD8 T cell
PACSIN3,0.7693693056710493,-0.010016929293940713,0.667,0.667,1,CD8 T cell
DNAJA2,0.7694289010182496,0.006499129600858633,1,1,1,CD8 T cell
TXNRD3,0.7694811642421485,-0.028993233239754,1,1,1,CD8 T cell
SMARCD3,0.7694815554078613,0.04309692640123153,1,1,1,CD8 T cell
LPAR1,0.7694839406093754,-0.006628800752233932,0.5,0.417,1,CD8 T cell
PATJ,0.7695022677561557,0.07587806059657504,1,1,1,CD8 T cell
ZNF473,0.7695053432790991,0.0221014817612053,1,1,1,CD8 T cell
ARFGAP2,0.7695762417430778,-0.02388502129611758,1,1,1,CD8 T cell
MSANTD4,0.7696492191479669,-0.03507020622660362,1,1,1,CD8 T cell
ZNF512,0.7696591956737536,0.025698990142125677,1,1,1,CD8 T cell
PPP1R17,0.7699385950028198,-0.009613955575354272,0.083,0.25,1,CD8 T cell
HORMAD2,0.769973187058779,0.013830870054571953,0.5,0.417,1,CD8 T cell
UBE2O,0.7699874957603681,-0.030835355510985346,1,1,1,CD8 T cell
TEP1,0.7700493629754133,0.03523963995118487,1,1,1,CD8 T cell
CRIM1,0.7701598100886591,-0.0270808053167666,1,1,1,CD8 T cell
SLC6A6,0.7701903605442572,-0.016601731235442674,1,1,1,CD8 T cell
GPR158,0.77031339415661,0.004352007995997997,0.167,0,1,CD8 T cell
ZCWPW1,0.7704625370886562,-0.05042847504749881,1,1,1,CD8 T cell
TOMM34,0.7704731880017377,0.031776984446942214,1,1,1,CD8 T cell
USP24,0.7704737029171262,-0.013573059010518751,1,1,1,CD8 T cell
EXOSC8,0.7704831570959143,0.015982377898543315,1,1,1,CD8 T cell
IL5,0.7705430096390367,0.019679392715875377,0.333,0.333,1,CD8 T cell
TP73,0.7706199025842855,0.004615301171301489,0.75,0.833,1,CD8 T cell
ODAPH,0.770780326377632,-8.691455313147856e-4,0.583,0.75,1,CD8 T cell
IL22,0.7708041004400326,0.008210226560847023,0.333,0.25,1,CD8 T cell
KDM5D,0.7708783755935771,0.012688881531975227,0.917,0.833,1,CD8 T cell
TTLL11,0.7709513543933982,0.05649299044564193,1,1,1,CD8 T cell
FSIP2,0.770974428072029,0.004117553827609921,0.083,0,1,CD8 T cell
NMU,0.7710131443087299,0.014909483940686474,0.167,0.083,1,CD8 T cell
SEC61A2,0.7711449808512685,-0.02050270193360526,1,1,1,CD8 T cell
WEE1,0.7711666607160194,0.053679133213482055,1,1,1,CD8 T cell
INTS9,0.7711769954461585,-5.543817204782808e-4,1,1,1,CD8 T cell
ZFYVE1,0.7712847779596617,-0.02954193692949869,1,1,1,CD8 T cell
NTRK1,0.7714461106342122,-0.008647015977311323,0.833,0.833,1,CD8 T cell
PWP1,0.7714820401501843,-0.014450940864801476,1,1,1,CD8 T cell
FLII,0.7715255084693641,-0.009250304735267778,1,1,1,CD8 T cell
PHACTR2,0.7716062464071184,0.0801327646376927,1,1,1,CD8 T cell
NAPEPLD,0.7716444950289718,0.020046457207159696,1,1,1,CD8 T cell
FOXD4L6,0.7716797759418047,0.001755066372890024,0.167,0.167,1,CD8 T cell
CDKL1,0.7718679822813159,-0.049651365050795704,1,1,1,CD8 T cell
WAPL,0.7718760861771117,-0.0024710768306603903,1,1,1,CD8 T cell
GATA1,0.7718832644888813,0.00434286763212155,0.25,0.25,1,CD8 T cell
OSGIN2,0.7719437677734978,0.05456510861188457,1,1,1,CD8 T cell
LDHAL6A,0.772060879758706,0.01716704437349792,0.5,0.5,1,CD8 T cell
GARIN5A,0.7721136977205972,-0.010684070945497393,0.5,0.583,1,CD8 T cell
CEP126,0.7721791979903437,0.034001824220523114,1,1,1,CD8 T cell
GP9,0.772309558061577,0.0015639691060540528,0.75,0.417,1,CD8 T cell
SERPINI2,0.7723904961997426,6.559816269313679e-4,0.417,0.25,1,CD8 T cell
RBM4B,0.7724230124706282,0.018477865843983476,1,1,1,CD8 T cell
SPSB2,0.7724273699013189,0.03376468874001448,1,1,1,CD8 T cell
USP7,0.7724547789899224,-0.004193821419059225,1,1,1,CD8 T cell
CORO2A,0.7726276402806452,0.032824113519255294,1,1,1,CD8 T cell
LINC02694,0.77265578989882,0.04766816734494039,1,1,1,CD8 T cell
ZNF132,0.772666168080087,-0.015081149725292509,1,1,1,CD8 T cell
RAB37,0.7727311436840609,0.028526028796387104,1,1,1,CD8 T cell
SH2B3,0.7727373473293813,0.03806449208104534,1,1,1,CD8 T cell
SCN4A,0.7727560370570372,-0.005941711337680289,0.417,0.583,1,CD8 T cell
SLC24A4,0.7728033940198209,7.946493112145347e-4,0.833,0.667,1,CD8 T cell
FANCE,0.7728483804120695,2.2677351446009908e-4,1,1,1,CD8 T cell
ZNF324,0.7728577793780684,-0.003217448163538972,1,1,1,CD8 T cell
RUSC2,0.7729903354586816,0.010012552256953189,0.667,0.5,1,CD8 T cell
P2RX1,0.7731498280966548,0.009335902546114827,0.833,0.75,1,CD8 T cell
SKAP2,0.7731737299725155,0.03771651489971811,1,1,1,CD8 T cell
CHKB,0.7733367525031603,0.039434662218712856,1,1,1,CD8 T cell
MTCP1,0.7733627261549509,-0.02051106540568126,1,1,1,CD8 T cell
CABP5,0.7733704546268949,0.005040222703679653,0.333,0.333,1,CD8 T cell
MTHFS,0.7734312960408377,0.019820536818978107,1,1,1,CD8 T cell
GRK2,0.7734526988815849,0.015544174564142477,1,1,1,CD8 T cell
PRF1,0.7735296125255373,-0.0212858444395696,1,1,1,CD8 T cell
GPR137,0.7735805279465928,0.053781504116985346,1,1,1,CD8 T cell
TNNT2,0.7736084529797069,-0.003269329638587948,0.083,0.167,1,CD8 T cell
PRMT1,0.7736333825115068,-0.027308119770827144,1,1,1,CD8 T cell
CDK2AP2,0.7737053186256104,-0.018353805410463497,1,1,1,CD8 T cell
OPA3,0.7737307458516759,0.05619202523572264,1,1,1,CD8 T cell
SCN2A,0.7737443493569367,-0.005371089093423098,0.083,0.25,1,CD8 T cell
RAD50,0.7737611677867308,-0.017718983449069275,1,1,1,CD8 T cell
DHX29,0.773767161721389,0.00431300850829297,1,1,1,CD8 T cell
DNAAF5,0.773777534256397,-0.03247959424052849,1,1,1,CD8 T cell
DHRS7,0.7738564174048794,0.03122348111173423,1,1,1,CD8 T cell
HINT3,0.7739025445255252,-0.016745873254036425,1,1,1,CD8 T cell
NDNF,0.7739286084271142,0.011447370091938414,0.167,0.083,1,CD8 T cell
LTF,0.7740097578990952,-0.0034431805333783316,0,0.167,1,CD8 T cell
CRYBG3,0.7740624919474908,-0.043492176302874164,1,1,1,CD8 T cell
CENPW,0.7741258317741615,0.03656018790628357,1,1,1,CD8 T cell
ARMC7,0.7741529209687903,0.005541454453501293,1,1,1,CD8 T cell
C8orf58,0.7741989322705836,0.06168716014210052,1,1,1,CD8 T cell
IL12RB1,0.7742130351767152,-0.005968203902509572,1,1,1,CD8 T cell
ZNF34,0.7742978240946911,-0.030441256573455533,1,1,1,CD8 T cell
ZNF106,0.7743686528983792,-0.00453300791290745,1,1,1,CD8 T cell
DCXR,0.7743933039717197,-0.031788896582652826,1,1,1,CD8 T cell
TMEM106A,0.7744303599162459,-0.00240660440260132,1,1,1,CD8 T cell
UBXN8,0.7744338471575044,-0.007429239780653019,1,1,1,CD8 T cell
PILRA,0.7745344459893838,-0.013523371922327776,1,1,1,CD8 T cell
EFCAB6,0.7745453212126809,-0.012808647023138331,0.917,1,1,CD8 T cell
NOB1,0.7746430724535427,0.04518818205021313,1,1,1,CD8 T cell
FHIP1B,0.7746527158736964,0.024109334561091877,1,1,1,CD8 T cell
UBE2L6,0.7746606184585474,-0.007319202097808564,1,1,1,CD8 T cell
COMMD1,0.7746662884769187,0.02849233210726762,1,1,1,CD8 T cell
THUMPD2,0.7746749310746298,0.01223841589525243,1,1,1,CD8 T cell
WDR93,0.7747152388527803,0.01049048955799492,0.667,0.5,1,CD8 T cell
HAS3,0.7747455473372495,0.0067317923195240326,0.917,0.917,1,CD8 T cell
CAMKK1,0.7747871330729935,0.03476525204166503,1,1,1,CD8 T cell
TSPAN7,0.7748104166403404,-0.00470069923838512,0.417,0.5,1,CD8 T cell
MRLN,0.7749252998610456,0.0032358871929427657,0.167,0.167,1,CD8 T cell
TEX19,0.7749324606179193,0.002979556018138485,0.167,0,1,CD8 T cell
KLHDC8B,0.7749954754910295,-0.021100224971489556,0.917,0.917,1,CD8 T cell
SBF1,0.7750742871867029,0.0195785484776263,1,1,1,CD8 T cell
SKI,0.7751114812813992,0.026823713452439946,1,1,1,CD8 T cell
KRTAP29-1,0.77511374221633,-0.010398102585817526,0.417,0.5,1,CD8 T cell
GBP4,0.7751218374145329,-0.02438107737851647,1,1,1,CD8 T cell
CXCR2,0.7752472656475431,0.060674020141070706,1,1,1,CD8 T cell
SELP,0.7752686454671327,-0.030271152735326545,0.75,0.833,1,CD8 T cell
PRKCI,0.7753336861935004,-0.032668255280038805,1,1,1,CD8 T cell
TK1,0.7754330259833319,-0.024121613822396082,0.917,1,1,CD8 T cell
DYNLT2B,0.7754458237021217,0.04280396342417636,1,1,1,CD8 T cell
AK4,0.7754543716674701,-0.05742645677539615,1,1,1,CD8 T cell
ANKMY2,0.7754692817366083,0.0030290338025524832,1,1,1,CD8 T cell
SCAMP4,0.7755100657419801,0.016243187169120876,1,1,1,CD8 T cell
ZNF445,0.7756083101561265,-0.021703808789437673,1,1,1,CD8 T cell
XKR9,0.7756338365748612,-0.014001787827002676,1,0.917,1,CD8 T cell
STMN1,0.7756682131589266,-0.019317236289622564,1,1,1,CD8 T cell
TAF6,0.7756898195292529,0.011157586948295162,1,1,1,CD8 T cell
RPGR,0.7756940759998026,-0.004751630884433977,1,1,1,CD8 T cell
PARVG,0.775722712791377,0.03294493562266321,1,1,1,CD8 T cell
CD6,0.7759248002254608,-0.033629672573660674,1,1,1,CD8 T cell
ELL2,0.7759950129733877,0.03663771353790257,1,1,1,CD8 T cell
CFAP119,0.7760328744682643,-0.01721134810722935,0.75,0.833,1,CD8 T cell
TEX45,0.776240729982408,0.00446762459200345,0.417,0.5,1,CD8 T cell
NISCH,0.776286127841412,-0.0037213073760861415,1,1,1,CD8 T cell
SMIM12,0.776358837682401,-0.01628862568335665,1,1,1,CD8 T cell
PRSS22,0.7764224212820441,0.054697112445969864,1,0.917,1,CD8 T cell
CYP4F22,0.7764302737810893,-0.0728045714808343,1,1,1,CD8 T cell
RP2,0.7764424981959366,-0.009335044499207967,1,1,1,CD8 T cell
ZPBP,0.7764684196268212,0.0023762561701072826,0.25,0.333,1,CD8 T cell
TSPAN4,0.7765658466915473,-0.054362156368597425,1,1,1,CD8 T cell
AKAP5,0.7766097455898889,-0.04664518877004831,1,1,1,CD8 T cell
RETREG2,0.7766337213920176,-0.0030308694710014343,1,1,1,CD8 T cell
BET1L,0.7766970668500637,0.03483397097830046,1,1,1,CD8 T cell
DENND6B,0.7767989860307616,0.01708881091453529,1,1,1,CD8 T cell
NLRX1,0.776807546075957,0.005402967426814342,1,1,1,CD8 T cell
PRLR,0.7768851346257368,0.0040375942283636945,0.25,0.083,1,CD8 T cell
ACTR10,0.7769320771559671,0.012023554839075468,1,1,1,CD8 T cell
CDKN1C,0.7769715906101384,0.054953233729002626,0.917,1,1,CD8 T cell
CYB5R3,0.7769778265684931,0.026958813831957307,1,1,1,CD8 T cell
EFCAB11,0.7770246049342142,0.04275075690377417,1,1,1,CD8 T cell
CABP1,0.7770431248025078,-0.006059253631478523,0,0.167,1,CD8 T cell
GSTM1,0.7770569878416625,-0.036700273757166,0.25,0.417,1,CD8 T cell
UBA52,0.777059312184269,-0.0010659643078527736,1,1,1,CD8 T cell
LOXHD1,0.7771133686159931,-0.01867669463130639,0.75,0.75,1,CD8 T cell
PLCL1,0.7771240641684493,0.0747372238008821,1,1,1,CD8 T cell
UBAC1,0.7773035300478672,0.0112190242781256,1,1,1,CD8 T cell
EIF2B1,0.7773702662270613,-0.014339839783131574,1,1,1,CD8 T cell
SMIM47,0.777377045058932,-0.02166986882814559,0.583,0.667,1,CD8 T cell
AK8,0.777402177312585,-0.01126371872036458,0.333,0.25,1,CD8 T cell
TMED9,0.7774331582996407,-0.01540699548779921,1,1,1,CD8 T cell
ANPEP,0.7774790502834685,0.020955237103601032,0.917,1,1,CD8 T cell
LEAP2,0.7775345283564263,0.07857773985564975,1,1,1,CD8 T cell
ASB6,0.777702974198877,-0.025378933673889104,1,1,1,CD8 T cell
KDM8,0.7777123126327089,-0.0025615102997211814,1,1,1,CD8 T cell
EFHC2,0.7777586962904898,-0.06764976910641751,1,1,1,CD8 T cell
TIMM21,0.7778058021056503,-0.004684656074973814,1,1,1,CD8 T cell
TNNI2,0.7778626132926842,-0.01631528453310649,0.75,0.833,1,CD8 T cell
DKC1,0.7778629632420293,-0.03043919738532841,1,1,1,CD8 T cell
APBA2,0.7779563388251889,0.07450866700049945,1,1,1,CD8 T cell
MMP15,0.7780109931944158,-0.001320798601462947,0.75,0.75,1,CD8 T cell
DNALI1,0.7780570506617419,-0.007808423438981027,0.583,0.5,1,CD8 T cell
TSPAN32,0.7780967666128942,0.04424240444140265,1,1,1,CD8 T cell
TNKS2,0.7782768518692551,0.024774180778825317,1,1,1,CD8 T cell
NRM,0.7782806308729453,-0.046689877637071664,1,1,1,CD8 T cell
VTA1,0.7782981782881587,0.016182809866599007,1,1,1,CD8 T cell
LPIN3,0.778358628097767,0.01682310843024304,0.25,0.25,1,CD8 T cell
NUP37,0.7783915644173109,-0.005354488034257088,1,1,1,CD8 T cell
SCAMP2,0.7784111960871446,0.022251168292664047,1,1,1,CD8 T cell
SAP30,0.7784838382832492,-0.02608144002249113,1,1,1,CD8 T cell
G6PC3,0.7786124215072601,0.01641096674400666,1,1,1,CD8 T cell
MEIS1,0.7786457007905975,-0.004597379854681893,0.75,1,1,CD8 T cell
TXNIP,0.7787171714948636,-0.02289652723564828,1,1,1,CD8 T cell
FOXP4,0.7787591819289701,0.011084190378596759,1,1,1,CD8 T cell
SCG5,0.7788623466350348,-0.008974997588860667,0.583,0.667,1,CD8 T cell
KCNQ5,0.7788807353999286,-0.04891550243861387,1,1,1,CD8 T cell
PPP1R8,0.7788967846343726,0.06228876332529221,1,1,1,CD8 T cell
ZNF410,0.7789589364378733,0.03688550472295282,1,1,1,CD8 T cell
PTGES3L,0.7789954694548608,0.010925170874713785,0.917,0.667,1,CD8 T cell
MEDAG,0.7790394596835553,-7.557573732239753e-4,0.417,0.417,1,CD8 T cell
GAS7,0.7790740361703987,-0.047752062667117734,1,1,1,CD8 T cell
FLNC,0.7790788902481451,0.002947191144392569,0.167,0,1,CD8 T cell
TRIM54,0.7790788902481451,0.002947191144392569,0.167,0,1,CD8 T cell
OR4E1,0.7791203780524869,-0.003648410519479839,0.083,0.25,1,CD8 T cell
PALB2,0.7792014044772513,-0.03226628654121555,1,1,1,CD8 T cell
TRAPPC6A,0.7792510772672783,-0.04325813329617473,1,1,1,CD8 T cell
SLC46A3,0.7792579140242627,0.05836872638760071,1,1,1,CD8 T cell
TMA7,0.779279507438475,-0.016590301458908163,1,1,1,CD8 T cell
DCDC2B,0.7794608563004483,0.011400907009549766,0.25,0.25,1,CD8 T cell
SPIC,0.7796023142825543,0.00423137972735077,0.167,0,1,CD8 T cell
C5orf60,0.7796023142825543,0.00423137972735077,0.167,0,1,CD8 T cell
OGG1,0.7796853029063425,0.025190916470845315,1,1,1,CD8 T cell
PDE8A,0.7797575470335799,0.058880442405164546,1,1,1,CD8 T cell
SLC16A8,0.779835200896013,-0.02323334285755152,0,0.25,1,CD8 T cell
PLXNC1,0.7798399528572718,0.05560741929474644,1,1,1,CD8 T cell
HBP1,0.7798578810813034,0.002513563207798941,1,1,1,CD8 T cell
GREM2,0.7798694058445145,0.0034920326904210874,0.083,0.25,1,CD8 T cell
GABPB1,0.779898540225043,-0.005449464956509498,1,1,1,CD8 T cell
PYDC1,0.7798999226252088,-0.0018268723561440936,0.167,0.25,1,CD8 T cell
CCM2,0.779919832670306,0.011688633493057043,1,1,1,CD8 T cell
PLGLB2,0.7799378376463844,0.06370720238493233,1,1,1,CD8 T cell
IPO8,0.779958965303365,-0.0071005993942562795,1,1,1,CD8 T cell
CLIP4,0.780018447244288,-0.013612783496119496,1,1,1,CD8 T cell
NOLC1,0.7801147638019428,-0.022126190634826903,1,1,1,CD8 T cell
TRNT1,0.7801149451403345,0.01838393487073897,1,1,1,CD8 T cell
LRSAM1,0.7801670843964951,0.06959739679659971,1,1,1,CD8 T cell
H2BC26,0.7802501072673768,0.027572706867304397,1,1,1,CD8 T cell
FGF7,0.7802834051246662,-0.015748068998452158,0.583,0.75,1,CD8 T cell
MAPK8,0.7804457308119741,-0.018202871792847755,1,1,1,CD8 T cell
LGALS9C,0.780479240329341,0.020195197626693417,0.667,0.75,1,CD8 T cell
TEKT3,0.7804952731980942,-0.0037518783419061563,0.833,0.75,1,CD8 T cell
PCDHB10,0.7805292369661674,-0.0034108099523071367,0.25,0.417,1,CD8 T cell
NME7,0.7806106553609072,0.0029102712623088056,1,1,1,CD8 T cell
ZNF787,0.7807342317564543,0.011489815605560505,1,1,1,CD8 T cell
WDR47,0.780897489339414,0.015597261242502158,1,1,1,CD8 T cell
ZCWPW2,0.7809471356608357,-0.0026158434692171717,1,0.917,1,CD8 T cell
ANKIB1,0.7809699191895172,0.05803156905280338,1,1,1,CD8 T cell
YOD1,0.7810332120311524,0.02899464450812861,1,1,1,CD8 T cell
MZT1,0.7811363504778885,0.021298253042613013,1,1,1,CD8 T cell
TBP,0.781153839586492,0.009919675551165352,1,1,1,CD8 T cell
SLC2A10,0.7812421243581195,-0.0014183731077990203,0.25,0.083,1,CD8 T cell
SMARCA4,0.7812682857977749,0.01685976329559824,1,1,1,CD8 T cell
SH3PXD2A,0.7812766318932893,-0.02610980580360467,1,1,1,CD8 T cell
ACAT2,0.7812860847280758,-0.0229312646951918,1,1,1,CD8 T cell
MRI1,0.7813479106557428,-0.03644966763896007,1,1,1,CD8 T cell
LYST,0.7813811332129581,-0.042616910940420416,1,1,1,CD8 T cell
VPS11,0.7814503131448618,0.04581207881603766,1,1,1,CD8 T cell
COLQ,0.7814819089933537,0.08402495112838704,1,1,1,CD8 T cell
LRCH4,0.7815238726999301,0.0061998493606901794,1,1,1,CD8 T cell
NAXE,0.7815303560668255,0.014917267754403274,1,1,1,CD8 T cell
ACVR1B,0.781551778128577,0.03712506984616537,1,1,1,CD8 T cell
HDAC6,0.7815922560725903,-0.012361775561976818,1,1,1,CD8 T cell
ATRAID,0.7816439773045577,-0.012152030377850565,1,1,1,CD8 T cell
ZDHHC7,0.7816612445734371,0.020360942101229407,1,1,1,CD8 T cell
SHISAL2A,0.7817237337802354,-0.0073962599534214135,1,1,1,CD8 T cell
TSC1,0.7817635061617314,-0.03213194969035338,1,1,1,CD8 T cell
WDR46,0.781837118295606,-0.003949924124507486,1,1,1,CD8 T cell
HJURP,0.781914191647441,0.05063146100700244,0.917,0.75,1,CD8 T cell
TM2D3,0.781967808983315,0.023924565610317274,1,1,1,CD8 T cell
PGF,0.7819736533443313,-3.007159406664961e-4,0.167,0.083,1,CD8 T cell
ARRDC4,0.7820093146452438,-0.018898738853656116,1,1,1,CD8 T cell
ADIG,0.7820210573813945,-0.0018956358115542749,0.583,0.583,1,CD8 T cell
SCOC,0.7821044343334904,-0.0554037075179854,1,1,1,CD8 T cell
FAM78B,0.7821302369048712,-0.011412055162849821,0.333,0.417,1,CD8 T cell
RRAD,0.7821304360439304,-0.004896341668144899,0.75,0.833,1,CD8 T cell
ELP6,0.782147615253507,-0.02622601088187393,1,1,1,CD8 T cell
AP1S1,0.7821896529164047,0.047828663044359176,1,1,1,CD8 T cell
EPB41L3,0.7822099207430604,-0.00928404221596324,0.833,0.833,1,CD8 T cell
USP1,0.7822331582439019,-0.011012166484068553,1,1,1,CD8 T cell
PTRH2,0.7822991537803887,0.03355452755720112,1,1,1,CD8 T cell
HPS6,0.7823324809553683,-0.014763532385243971,1,1,1,CD8 T cell
RDH5,0.7823602719554468,0.0019464937631945567,1,1,1,CD8 T cell
RAB1A,0.7823716577598272,0.039803429324014206,1,1,1,CD8 T cell
PROX2,0.7825566740698198,-0.01895412361802329,0.667,0.75,1,CD8 T cell
GNG14,0.782567473871356,-0.003291800715348181,0,0.167,1,CD8 T cell
LTBR,0.7826412652446625,0.01671105823466812,0.917,0.833,1,CD8 T cell
SOCS5,0.7826799983827102,0.007443393102394835,1,1,1,CD8 T cell
RAB22A,0.7826975555848318,0.02239554515049122,1,1,1,CD8 T cell
CEP152,0.7827307813395208,-0.011120356236736573,1,1,1,CD8 T cell
EDN3,0.7827970528474173,-0.006142557952017569,0.583,0.667,1,CD8 T cell
PLCB1,0.7828294353086689,-0.053307763065847474,1,1,1,CD8 T cell
PCGF1,0.7829351684501613,0.0531651212699481,1,1,1,CD8 T cell
FFAR1,0.7829358231811823,0.00631269966783643,0.167,0,1,CD8 T cell
ARID1A,0.7829554864765789,0.0029764565306713564,1,1,1,CD8 T cell
COQ3,0.7829705634991919,0.02373115083024757,1,1,1,CD8 T cell
PREP,0.7829814001171642,0.024345678479327115,1,1,1,CD8 T cell
C2CD4D,0.783011478348258,0.010332563360572422,1,1,1,CD8 T cell
ABCC4,0.7830400214092896,0.0022516260585331294,1,1,1,CD8 T cell
PTRHD1,0.7830400914632101,-0.020711131984245235,1,1,1,CD8 T cell
NECAB2,0.7830622915259571,0.006294772024945328,0.167,0,1,CD8 T cell
TEX29,0.7830719796752049,-0.007332942681484322,0.917,1,1,CD8 T cell
LILRB1,0.7831218505918489,-0.0383438270051385,1,1,1,CD8 T cell
PTK2B,0.7831687265742575,0.021278570346970893,1,1,1,CD8 T cell
ZBTB24,0.7831866065266396,0.038365282314698046,1,1,1,CD8 T cell
ODC1,0.7831922465984401,-0.014069306556055095,1,1,1,CD8 T cell
PIGK,0.783445686490453,-0.011133841002708478,1,1,1,CD8 T cell
HM13,0.7835435895759846,0.00433063336444961,1,1,1,CD8 T cell
CNPY4,0.7835534407532344,0.0215150507582218,1,1,1,CD8 T cell
BRF2,0.7835748264622011,0.028860774340131234,1,1,1,CD8 T cell
MAP1S,0.7836036005307927,-0.003989222152231797,1,1,1,CD8 T cell
MTPAP,0.7836129751914989,-0.016375897828819763,1,1,1,CD8 T cell
DTX1,0.7836806172258006,0.06838131414656257,1,1,1,CD8 T cell
ANKRD42,0.78368972550668,0.04695943899262156,1,1,1,CD8 T cell
TM7SF3,0.7836996577937541,-0.03184258148051855,1,1,1,CD8 T cell
TTC12,0.783761842454987,-0.04662434701288776,1,1,1,CD8 T cell
CRMP1,0.7837685537668002,0.0032176343410603714,0.25,0.167,1,CD8 T cell
TNRC6C,0.7837707298355812,-0.007614930987822621,1,1,1,CD8 T cell
ERP44,0.78387742728977,-0.011526582159810062,1,1,1,CD8 T cell
SORT1,0.784249408456425,0.049525206560418145,1,0.75,1,CD8 T cell
CHD6,0.7842910110285417,0.018420746683904532,1,1,1,CD8 T cell
BCL11B,0.7843103603387085,-0.0029269651973389266,1,1,1,CD8 T cell
TUBD1,0.7843570946607947,0.026554132822308896,1,1,1,CD8 T cell
RASGRP4,0.7844469527270514,0.01243478189226277,0.833,0.75,1,CD8 T cell
USP6NL,0.7844535798465146,-0.0076130053230092365,1,1,1,CD8 T cell
FCGR2B,0.7844782085645516,-0.004331693837085204,1,1,1,CD8 T cell
TTC9,0.784478466323245,0.10137620925376323,1,1,1,CD8 T cell
ALDH8A1,0.7845245236124635,0.012043688708160083,0.917,1,1,CD8 T cell
VASH2,0.7846104138237322,0.0024647630339620363,0.167,0.083,1,CD8 T cell
CD79B,0.7847474166056794,0.06742858285798725,1,1,1,CD8 T cell
NEFH,0.7847816425212059,0.054237133511497504,1,1,1,CD8 T cell
C22orf23,0.7847979167717523,-0.004200485456965275,0,0.167,1,CD8 T cell
NAGS,0.7848204993198201,0.04809750980685301,1,1,1,CD8 T cell
TSSC4,0.7848977975792255,0.014524076783081152,1,1,1,CD8 T cell
FLAD1,0.7849882041467843,-0.026033173302411283,1,1,1,CD8 T cell
PPP1R32,0.7850085344116808,-0.03400144998180066,0.917,1,1,CD8 T cell
FKBP7,0.7850588290302376,-9.970500818212713e-4,1,1,1,CD8 T cell
PODNL1,0.7850982187668925,-0.003965855861677969,0.333,0.417,1,CD8 T cell
DDHD2,0.7852036924237673,-0.006212857081005996,1,1,1,CD8 T cell
PRG4,0.7852450938514548,0.0032695440497065853,0.167,0,1,CD8 T cell
FOXC2,0.7852450938514548,0.0032695440497065853,0.167,0,1,CD8 T cell
GOLGA8O,0.7852450938514548,0.0032695440497065853,0.167,0,1,CD8 T cell
METTL25,0.7852668707081761,-0.05767496431651886,1,1,1,CD8 T cell
LCNL1,0.785353870226741,-0.02051055059718898,1,1,1,CD8 T cell
C16orf96,0.7853572447513004,-0.006323570984567706,0.167,0.417,1,CD8 T cell
HTR6,0.7853708385290414,0.011199362443721661,1,0.917,1,CD8 T cell
KCNA1,0.7853850392763144,0.004313882731626251,0.083,0,1,CD8 T cell
MUC17,0.7853850392763144,0.004313882731626251,0.083,0,1,CD8 T cell
OR2M5,0.7854181860640684,0.004606902499486587,0.083,0.083,1,CD8 T cell
FAH,0.7855322159097214,-0.03313887606829713,1,1,1,CD8 T cell
USP43,0.7855680620764063,0.009584206413615792,0.667,0.583,1,CD8 T cell
GLS,0.7855978790052073,-0.0025617846990241278,1,1,1,CD8 T cell
DBR1,0.7855998140664558,-0.03258938081971502,1,1,1,CD8 T cell
SIN3A,0.7856424400646281,-0.0056394382906714835,1,1,1,CD8 T cell
RALB,0.7856426883279107,0.03964035209317651,1,1,1,CD8 T cell
ZNF200,0.7857065579702797,0.020420089321529833,1,1,1,CD8 T cell
RCOR1,0.7858608803206483,-0.024444384478543357,1,1,1,CD8 T cell
ITPA,0.7858699423474623,-0.006359345370644864,1,1,1,CD8 T cell
DUSP18,0.7859850319547982,-0.004543635178032357,1,1,1,CD8 T cell
SLFN12,0.7860000866323162,0.01638810429605031,1,1,1,CD8 T cell
APLP1,0.786001611551389,4.030014465619125e-4,0.5,0.417,1,CD8 T cell
STT3A,0.7860309306916874,-0.011064531621378437,1,1,1,CD8 T cell
IARS2,0.7860965305499035,0.006145979073952826,1,1,1,CD8 T cell
HES4,0.7860997922119402,-0.011200490271008334,0.5,0.75,1,CD8 T cell
MAF,0.786272111392756,-0.06621199979169495,1,1,1,CD8 T cell
MSMO1,0.7862994089149522,0.027876146733948337,1,1,1,CD8 T cell
GMIP,0.7863076154146578,0.006013802915496302,1,1,1,CD8 T cell
AGBL5,0.7863753552990824,0.0039675083057511,1,1,1,CD8 T cell
IWS1,0.7865354569302898,0.036426414563740406,1,1,1,CD8 T cell
LCLAT1,0.786608571750539,0.0312229950928814,1,1,1,CD8 T cell
INTS11,0.7866749159903283,0.021715300373018998,1,1,1,CD8 T cell
AURKB,0.7867071534751233,0.027144571730036038,1,0.917,1,CD8 T cell
SLC16A6,0.7867101114503361,0.03435197844286675,1,1,1,CD8 T cell
CASK,0.7867790876837936,0.07370547696228369,1,1,1,CD8 T cell
THAP4,0.7868201286983757,-0.04957296003963352,1,1,1,CD8 T cell
LRRC3,0.7868845844705868,-0.0016533522023483016,0.917,0.75,1,CD8 T cell
LSM1,0.7869476977769274,0.023082829142704375,1,1,1,CD8 T cell
FAM151B,0.7870039186989617,-0.005740965531197517,0.833,0.917,1,CD8 T cell
LRRC70,0.7870069442315129,0.011083871848640126,0.167,0.083,1,CD8 T cell
HEY2,0.7870497160736137,0.020575842584492854,0.667,0.667,1,CD8 T cell
AKAP10,0.7870809257386222,0.03402827996729833,1,1,1,CD8 T cell
PNMA8B,0.7871019119487541,-0.02897196821950665,0.25,0.333,1,CD8 T cell
TAFAZZIN,0.787162455559822,0.03310718224235043,1,1,1,CD8 T cell
KIAA1522,0.7871750890706598,0.02624246207628289,0.917,0.667,1,CD8 T cell
NPLOC4,0.7872752801604951,-0.015816042979324818,1,1,1,CD8 T cell
BLK,0.7873401592483469,-0.05716461143253282,0.917,1,1,CD8 T cell
IRF9,0.7874262990544489,0.04177631105934554,1,1,1,CD8 T cell
FAM174B,0.7874471987176892,0.007870037118468787,0.583,0.417,1,CD8 T cell
COL28A1,0.7874651069600801,0.017224056316815783,0.917,0.75,1,CD8 T cell
SH3BP5L,0.7874716892996017,0.02470713530428359,1,1,1,CD8 T cell
CLEC2D,0.787486218760012,-0.011412162067340414,1,1,1,CD8 T cell
PLCG2,0.7875140335913897,-0.07644324950890236,1,1,1,CD8 T cell
LIN37,0.7875411868334057,0.021490995180227568,1,1,1,CD8 T cell
PEX19,0.7875558508568534,0.020607043242398756,1,1,1,CD8 T cell
DPH1,0.7876468038403996,-0.03210020010900472,1,1,1,CD8 T cell
RAB24,0.7879100436779496,0.0013396347885321624,1,1,1,CD8 T cell
AP3S1,0.7879329986208679,-0.03542333694566557,1,1,1,CD8 T cell
GABARAP,0.7879408231718787,0.002665802464750344,1,1,1,CD8 T cell
RGS17,0.7880048662789924,0.07372685956351077,1,0.917,1,CD8 T cell
SIPA1,0.7880340223881549,-0.016578275085078698,1,1,1,CD8 T cell
SMIM9,0.7881346574521345,-0.00798074697989204,0.667,0.667,1,CD8 T cell
TAF10,0.7881431622479229,0.026057731541808904,1,1,1,CD8 T cell
GTF3C6,0.7881581785624453,0.023763688833889206,1,1,1,CD8 T cell
PSME1,0.7881614358293635,0.027844083528881125,1,1,1,CD8 T cell
FGFR4,0.7881897137794636,-0.002183586251942593,0.5,0.5,1,CD8 T cell
PSMC5,0.7881943276505659,0.012939582836602903,1,1,1,CD8 T cell
MID1,0.7882369772494382,0.00599793501674073,0.167,0.167,1,CD8 T cell
KIF4A,0.788342442079116,0.02766936282961341,0.75,0.75,1,CD8 T cell
MPZL3,0.7883747225500586,-0.05398579021585226,1,1,1,CD8 T cell
ZNF713,0.7884022693830394,-0.01812247462881711,1,1,1,CD8 T cell
LMCD1,0.788410355475907,-0.01312288177995713,0.583,0.833,1,CD8 T cell
XG,0.7884321664954752,0.001670976137146063,0.75,0.833,1,CD8 T cell
XPA,0.7884680987256186,-0.019134015516826475,1,1,1,CD8 T cell
PTGDS,0.7885424344129977,-0.06707685663449248,1,1,1,CD8 T cell
PSORS1C1,0.7885435524052479,0.014630456601465003,0.333,0.417,1,CD8 T cell
FAM227A,0.7886252537882261,0.009575554431083155,0.667,0.5,1,CD8 T cell
EMB,0.7886704701814369,-0.022249626542552914,1,1,1,CD8 T cell
MACC1,0.7886742051321902,0.04083534091208829,0.917,0.917,1,CD8 T cell
KCNC4,0.7887322493525809,0.007766862346990422,1,1,1,CD8 T cell
MOSPD2,0.7887384369960789,-0.03432665574869431,1,1,1,CD8 T cell
OGN,0.7887895131166337,-0.007922166301424394,0.75,0.75,1,CD8 T cell
HACL1,0.7888222092447612,0.003001674768392304,1,1,1,CD8 T cell
SOCS2,0.7888684090967107,-0.038207621120384894,1,1,1,CD8 T cell
HOXC5,0.7888722234094998,-0.020766278962612628,0.75,0.833,1,CD8 T cell
EPSTI1,0.7889430134232328,-0.038269560866390384,1,1,1,CD8 T cell
GDF7,0.7890111897482006,-0.003203290039535567,0,0.167,1,CD8 T cell
FBXO44,0.7890174615974465,0.012423207246559098,1,1,1,CD8 T cell
UBE4A,0.789134945909773,0.002530113768225206,1,1,1,CD8 T cell
PGK1,0.7891726861422437,-0.022718682240521204,1,1,1,CD8 T cell
ALOX12,0.7892430782151315,0.006506225712444191,0.583,0.667,1,CD8 T cell
CCDC43,0.789519777659979,0.033996080969147524,1,1,1,CD8 T cell
PDE4B,0.7895339763874117,-0.038837331897325966,1,1,1,CD8 T cell
CRACR2A,0.7896047080543009,0.021416032201913182,1,1,1,CD8 T cell
THOP1,0.7896928826743996,-0.02006558251327606,1,1,1,CD8 T cell
BASP1,0.78970930758856,-0.010840755874638397,0.75,0.75,1,CD8 T cell
PON2,0.7897317746815342,-0.0035481839732620646,1,1,1,CD8 T cell
TMX4,0.7897574746831444,-6.200148192474497e-4,1,1,1,CD8 T cell
PNMA6A,0.7897931889093545,-0.020453237783823575,0.25,0.583,1,CD8 T cell
EPM2AIP1,0.7898275332535785,0.03270763568699678,1,1,1,CD8 T cell
CMSS1,0.7898870600844975,0.0167002579433988,1,1,1,CD8 T cell
ZDHHC20,0.789915865523368,-0.00425162426094039,1,1,1,CD8 T cell
SNX12,0.7899326702572427,0.0016216608996944548,1,1,1,CD8 T cell
OTC,0.7899469368162952,-0.007500237460125181,0,0.167,1,CD8 T cell
CFAP73,0.7899469368162952,-0.007500237460125181,0,0.167,1,CD8 T cell
PCYOX1L,0.7899652644231498,-0.00814978120376475,1,1,1,CD8 T cell
PPP3R1,0.7900285315392154,-0.0010807205674383535,1,1,1,CD8 T cell
LCN12,0.7900390402308775,0.003950280867910827,0.833,0.917,1,CD8 T cell
MTG2,0.7901201426487503,0.03770725349460413,1,1,1,CD8 T cell
ZDHHC1,0.7902382013059384,-0.014444084669172241,0.833,0.833,1,CD8 T cell
TESC,0.7902841251329505,-0.027190646544544395,1,1,1,CD8 T cell
ZNF256,0.7903091809155012,0.054131378704118216,1,1,1,CD8 T cell
AP3B2,0.7903147756504604,-8.039166856437241e-4,0.5,0.5,1,CD8 T cell
CCDC91,0.790342635180062,-0.010496772778877395,1,1,1,CD8 T cell
ERLIN2,0.7903433820610649,0.03506617753394292,1,1,1,CD8 T cell
SEPTIN3,0.7904281796605461,0.002449093517492784,0.25,0.167,1,CD8 T cell
CDC14B,0.7904823780794918,-0.035999788697953505,1,1,1,CD8 T cell
TMEM179B,0.7905735050320479,0.010940174771990968,1,1,1,CD8 T cell
PRELID2,0.790633515801693,0.046655734276915606,1,1,1,CD8 T cell
SHROOM3,0.7906772014016565,-0.0046668193153518445,0.167,0.25,1,CD8 T cell
PURA,0.7907457227786495,0.0012879307703973497,1,1,1,CD8 T cell
IFIT2,0.7907562584108566,-0.007679373957433233,1,1,1,CD8 T cell
FAM111A,0.7909065449292936,0.02453202621035322,1,1,1,CD8 T cell
ASIC3,0.7909559358698204,-0.023540665273403594,1,1,1,CD8 T cell
CHP1,0.7910311003768447,0.030415395924665023,1,1,1,CD8 T cell
LRRD1,0.7910676851879966,0.0025436128715954354,0.583,0.583,1,CD8 T cell
MYO16,0.7910721333198365,-0.024033995787061446,0.5,0.667,1,CD8 T cell
CCNJ,0.7911323001369479,-0.03216676209757896,1,1,1,CD8 T cell
FXYD6,0.791380876992544,0.0027362748628205757,0.583,0.583,1,CD8 T cell
TLR3,0.7913927860982692,-0.023253139290582592,1,1,1,CD8 T cell
MAN1A2,0.7914338021062197,0.016498772108498483,1,1,1,CD8 T cell
INCA1,0.7914338758307353,-0.01238468194593434,0.5,0.583,1,CD8 T cell
FUT3,0.7914456557316372,0.0037457917151830777,0.333,0.333,1,CD8 T cell
PJVK,0.7914747786689615,0.009228871348994083,1,1,1,CD8 T cell
MICAL3,0.791489759061401,-0.06178035052678099,1,1,1,CD8 T cell
GET3,0.791547290313678,0.02433570339527874,1,1,1,CD8 T cell
VPS4B,0.7917231632094137,-0.010013327303193154,1,1,1,CD8 T cell
GGCX,0.7917579180136116,-0.003877022866733082,1,1,1,CD8 T cell
IGLC1,0.7917786624315748,-0.002141064188692532,0.667,0.75,1,CD8 T cell
ASGR1,0.7918187370854104,0.02412188623800704,0.833,0.75,1,CD8 T cell
PRAF2,0.7918378523519992,0.03814975783066232,1,1,1,CD8 T cell
SERPINB10,0.7918420953323687,-0.0018537334024504304,0.333,0.333,1,CD8 T cell
EPHA3,0.7918963315446979,0.00403741466127272,0.167,0,1,CD8 T cell
MYOM3,0.7918963315446979,0.00403741466127272,0.167,0,1,CD8 T cell
CIAO2A,0.7919904521646768,-0.011004510862061945,1,1,1,CD8 T cell
ST6GALNAC2,0.7920135956991332,0.018744321853017443,0.25,0.333,1,CD8 T cell
CCDC125,0.792074288862361,0.017015535309523377,1,1,1,CD8 T cell
CCT6A,0.7921800194243672,0.026413966850686338,1,1,1,CD8 T cell
OVOL1,0.79221407271834,-0.005326553373507181,0,0.167,1,CD8 T cell
CNTNAP2,0.7922447682493982,-0.0049450804718942365,0.25,0.167,1,CD8 T cell
SLC44A5,0.7922474198053011,0.06276439838869852,0.333,0.417,1,CD8 T cell
MTCH1,0.7923476402917944,0.02505676267833168,1,1,1,CD8 T cell
SYVN1,0.7923718629832064,0.006617004368640544,1,1,1,CD8 T cell
YTHDF3,0.7923926993593243,0.02082863915506633,1,1,1,CD8 T cell
CDK2,0.7924011397246389,-0.05621296527939945,1,1,1,CD8 T cell
PSMG3,0.7924562348378275,0.026959237079524356,1,1,1,CD8 T cell
LMBRD1,0.7924798194278149,0.01703083426228702,1,1,1,CD8 T cell
CFAP210,0.7925035194433567,-0.002673711313171623,0.25,0.333,1,CD8 T cell
ETV5,0.7925200474913101,-0.0011211884534687577,0.333,0.583,1,CD8 T cell
U2AF1L4,0.7925515961664112,0.0417391931880402,1,1,1,CD8 T cell
SGSH,0.7926067931003049,0.039231966190097056,1,1,1,CD8 T cell
LRP1,0.7926234895997513,0.02989562515924238,1,1,1,CD8 T cell
ABCB6,0.7926783845824061,0.019264935799297778,1,1,1,CD8 T cell
SOGA3,0.7927460139659844,-0.03903032752333324,1,1,1,CD8 T cell
SDHAF3,0.7927866974083477,0.01038286991793913,1,1,1,CD8 T cell
S1PR4,0.7928092200348437,-8.089956751586858e-4,1,1,1,CD8 T cell
GRM2,0.7928275011164461,0.01249851924496781,1,1,1,CD8 T cell
PLVAP,0.7929178705322231,-0.00587759329305948,0.5,0.5,1,CD8 T cell
TAF4,0.7929745041310534,0.026261744325197837,1,1,1,CD8 T cell
ATP6V0D1,0.7930431347988648,0.033411177367138264,1,1,1,CD8 T cell
SETBP1,0.7930509142339526,-0.05238327986541652,1,1,1,CD8 T cell
TRMT11,0.7930684584262985,0.05548929129681679,1,1,1,CD8 T cell
CCDC102A,0.7930710316192694,0.02640935839437697,1,1,1,CD8 T cell
EIF2AK2,0.7931833588033399,-0.015621206312452451,1,1,1,CD8 T cell
LATS2,0.7932475108405431,-0.0669762293042313,1,1,1,CD8 T cell
ODF1,0.7932769199272067,0.014494440640525852,0.25,0.167,1,CD8 T cell
TAFA2,0.7933049924849,0.014867019448669083,0.667,0.583,1,CD8 T cell
TSGA10IP,0.7933113539325408,0.0023763922207069577,0.167,0.083,1,CD8 T cell
TMPRSS9,0.7933113539325408,0.0023763922207069577,0.167,0.083,1,CD8 T cell
DAND5,0.7933113539325408,0.0023763922207069577,0.167,0.083,1,CD8 T cell
SUN2,0.7933819549406856,-0.006729669468923838,1,1,1,CD8 T cell
MAPK10,0.7934652838395735,0.0027186756057693273,0.167,0,1,CD8 T cell
NPY1R,0.7934652838395735,0.0027186756057693273,0.167,0,1,CD8 T cell
CFAP57,0.7934652838395735,0.0027186756057693273,0.167,0,1,CD8 T cell
PSCA,0.7934742569015762,-0.0047725416748187754,0.417,0.333,1,CD8 T cell
CELSR2,0.7935237865895255,0.002520947820543906,1,1,1,CD8 T cell
ZBTB11,0.7935282340807048,0.002123418782169262,1,1,1,CD8 T cell
CLPS,0.7935839708857104,-0.0024412412182783783,0,0.25,1,CD8 T cell
EMID1,0.7936906718589365,-0.003383522069225542,0.583,0.667,1,CD8 T cell
SLC22A15,0.7937293534721686,0.060576653323005214,1,1,1,CD8 T cell
ARHGEF35,0.7937868168439289,0.019990583349027702,0.917,1,1,CD8 T cell
CRAT,0.7938200901173096,0.010682852127473552,1,1,1,CD8 T cell
FAR2,0.7938925302809356,-0.023158783369735758,1,1,1,CD8 T cell
PCF11,0.7938972281228323,0.011961681847035943,1,1,1,CD8 T cell
CADM2,0.7938986477915592,0.004420966207439481,0.5,0.5,1,CD8 T cell
PPARA,0.7939586261324095,-0.043176722678804236,1,1,1,CD8 T cell
ABCB1,0.7939696617550651,0.07911242964876675,1,1,1,CD8 T cell
RHOC,0.7939868546094635,0.02404934657400526,1,1,1,CD8 T cell
PTTG1IP,0.7940220809310239,0.003913323732530845,1,1,1,CD8 T cell
ARHGEF6,0.7940269690363915,-0.0031008941865520168,1,1,1,CD8 T cell
CBLL2,0.7940287363171068,0.006926495197387528,0.167,0.083,1,CD8 T cell
UBE3A,0.7940454616893465,0.001089754053428038,1,1,1,CD8 T cell
DNAJC5,0.7940512271482749,-0.016756395649711653,1,1,1,CD8 T cell
GPR173,0.7940701751465138,-0.0053219348044017956,0.083,0.083,1,CD8 T cell
RAC2,0.7940862839833583,0.024141846679754497,1,1,1,CD8 T cell
CPT1C,0.794163802417194,0.005680242036847805,0.333,0.25,1,CD8 T cell
PEF1,0.7941927369842643,-0.027013340198893288,1,1,1,CD8 T cell
EPHA8,0.7943480802599228,0.0028384907450389463,0.167,0.083,1,CD8 T cell
CLCN1,0.7944005675180066,0.0023587653095020755,0.333,0.25,1,CD8 T cell
SLC26A6,0.7944138677883906,0.029514751324777766,1,1,1,CD8 T cell
RAMAC,0.7944171719849378,0.016765578404592807,1,1,1,CD8 T cell
ATP5F1D,0.79442168648959,0.030874733622695216,1,1,1,CD8 T cell
GRAMD4,0.7944432915557693,-0.03294900405189738,1,1,1,CD8 T cell
TMTC3,0.7944749427864146,-0.03858909642181163,1,1,1,CD8 T cell
LSR,0.7944977528548234,0.11745015848645846,1,1,1,CD8 T cell
SPRYD7,0.7945731832227784,0.023333340202770225,1,1,1,CD8 T cell
SECTM1,0.7945878205274186,0.008567108362736331,1,0.917,1,CD8 T cell
GPR20,0.7945897330176025,0.002376092699068355,0.167,0.083,1,CD8 T cell
INVS,0.7945900160006788,0.055345139425163226,1,1,1,CD8 T cell
CARMIL1,0.794609488619923,-0.023499678546494707,1,1,1,CD8 T cell
JAM3,0.7946589928156085,-0.034213810405415934,1,1,1,CD8 T cell
GHDC,0.7948045094390758,0.025252773892502578,1,1,1,CD8 T cell
SPON2,0.7949163802988957,-0.06453787681077194,1,1,1,CD8 T cell
POLI,0.7950287846959115,0.035181291517467905,1,1,1,CD8 T cell
FGD6,0.7950662956313364,0.014696931959290449,1,0.917,1,CD8 T cell
MBD5,0.7950825226410578,-0.011749414445596962,1,1,1,CD8 T cell
CLEC4F,0.795108289784414,-0.004118501580880007,0,0.167,1,CD8 T cell
RELB,0.7951975674235491,-0.010897427976358065,1,1,1,CD8 T cell
DCK,0.7952378490060777,0.027444816675237904,1,1,1,CD8 T cell
RFFL,0.7952873466511032,0.005149363931036044,1,1,1,CD8 T cell
PRDM13,0.7953169891141847,-0.00423709806290784,0.25,0.333,1,CD8 T cell
MAD2L1BP,0.7953368235816598,-0.003837008583086554,1,1,1,CD8 T cell
USP27X,0.7953550942675829,0.026385146467061027,1,1,1,CD8 T cell
CCL1,0.7954534592117601,-0.0028284392393391755,0.083,0.167,1,CD8 T cell
C17orf107,0.7956717334664299,0.057326766714206556,1,1,1,CD8 T cell
PLEKHA5,0.7956980433575969,0.04307532907392231,1,1,1,CD8 T cell
RICTOR,0.7957171437240552,0.018111768920219373,1,1,1,CD8 T cell
URB1,0.7957660055561936,-0.005100861092769637,1,1,1,CD8 T cell
ZDHHC15,0.7957884628381856,9.831964438218321e-4,0.667,0.583,1,CD8 T cell
HELLS,0.795830775621686,-0.03456760112019508,1,1,1,CD8 T cell
YBX3,0.795872400272295,-0.03809915738336256,1,1,1,CD8 T cell
CRYBG2,0.7958786780583215,0.03876026278669631,1,1,1,CD8 T cell
OST4,0.7959069515369246,-0.007603875504259117,1,1,1,CD8 T cell
IL16,0.796059922436337,0.02596923552911168,1,1,1,CD8 T cell
PTGER3,0.7960800643763295,-0.003935299212285859,0.333,0.333,1,CD8 T cell
DZIP1L,0.7961710447137323,-0.010981639409644028,0,0.167,1,CD8 T cell
IKBIP,0.7962149663529678,-0.004463732292589562,1,1,1,CD8 T cell
LIPT1,0.7962281015218144,0.012058607957990075,1,1,1,CD8 T cell
BMI1,0.796228333542502,-0.019907821560578798,1,1,1,CD8 T cell
KLHL29,0.7962437413122707,0.011231642663806163,0.5,0.25,1,CD8 T cell
SLC17A3,0.7962597431734078,-0.0037629963741179218,0.833,0.917,1,CD8 T cell
WDR82,0.7964124996515027,0.0096894783884931,1,1,1,CD8 T cell
CDK17,0.7964356233391663,-0.015452713262161688,1,1,1,CD8 T cell
KPNA4,0.7964765768439265,-0.008703623739450772,1,1,1,CD8 T cell
PGAP1,0.7965258283348142,0.06452023552409258,1,1,1,CD8 T cell
RNF157,0.7966353652814101,0.04333125081643119,1,1,1,CD8 T cell
SRR,0.796636637566758,0.021787063788575978,1,1,1,CD8 T cell
IMPDH2,0.7967073196728439,-0.0027666378342987574,1,1,1,CD8 T cell
ZNF696,0.7968008355921524,-0.03509129723848803,1,1,1,CD8 T cell
NAIP,0.7968257470125946,-0.06965902205929653,1,1,1,CD8 T cell
RAB5C,0.7970395404186801,-0.008367087232932224,1,1,1,CD8 T cell
EMP3,0.7970575788278182,-0.01441726137242405,1,1,1,CD8 T cell
UBXN2B,0.7970730960603817,0.03363797297688198,1,1,1,CD8 T cell
CST11,0.7972075417526793,-0.004977546138431155,0.167,0.333,1,CD8 T cell
HOXB13,0.7972372091651783,-0.0029849457785342537,0,0.167,1,CD8 T cell
PDGFD,0.7972986565243803,-0.047790311006954356,1,1,1,CD8 T cell
MAPK12,0.797298838893624,0.001246261080084743,0.417,0.417,1,CD8 T cell
DCAKD,0.7973317290565356,0.016189900816889535,1,1,1,CD8 T cell
FOXP2,0.7973982717200965,-0.006106047123537461,0.333,0.417,1,CD8 T cell
TNFSF8,0.7974395302367573,0.06677058370978117,1,1,1,CD8 T cell
SERPINB6,0.7974732645944645,-0.0384510290818918,1,1,1,CD8 T cell
GTF2H1,0.7975188046322386,0.008056291628877443,1,1,1,CD8 T cell
WDR76,0.7975655651953466,0.026116922247605867,1,1,1,CD8 T cell
SLC27A4,0.7975687321603591,0.008110123270985703,1,1,1,CD8 T cell
TNFRSF10D,0.7975950764171326,0.025391017520185688,1,1,1,CD8 T cell
HABP2,0.7976039621508729,0.002445359635956823,0.167,0.083,1,CD8 T cell
ABCC1,0.7976151125958584,0.03937371284018758,1,1,1,CD8 T cell
C8B,0.7976728572869103,0.003075449616524395,0.167,0,1,CD8 T cell
KDELR2,0.7977092729964027,0.07553542323315798,1,1,1,CD8 T cell
PSMD2,0.7977895680429458,0.005566247875224084,1,1,1,CD8 T cell
UFM1,0.7977933015117584,-0.013213680284047014,1,1,1,CD8 T cell
CCT6B,0.7979279438165975,0.013818018779386598,1,1,1,CD8 T cell
EVL,0.7979820437877034,-0.008574224063003122,1,1,1,CD8 T cell
ANKRD40,0.7979864855632135,-0.007272829973498651,1,1,1,CD8 T cell
PARP11,0.7980339150382629,0.01638050794049084,1,1,1,CD8 T cell
USP30,0.7981989514647604,0.016122257544424867,1,1,1,CD8 T cell
MMUT,0.7983210674257577,-0.017806034270162252,1,1,1,CD8 T cell
CRACR2B,0.7983373861941587,0.02872366309347374,0.917,0.833,1,CD8 T cell
AP3M1,0.7984166703135699,0.025577729168230784,1,1,1,CD8 T cell
KIAA0408,0.798418822808167,0.026224511424562724,1,1,1,CD8 T cell
NOL11,0.7984475503763411,0.0019042578642049501,1,1,1,CD8 T cell
DIPK2A,0.798448856998634,-0.020026575586132134,1,1,1,CD8 T cell
C19orf84,0.7984503517555612,-0.007973380386232076,0.333,0.417,1,CD8 T cell
CALML6,0.7984646120232253,0.012200297642749991,1,1,1,CD8 T cell
SLC4A8,0.798677510823652,0.02613992250362651,1,1,1,CD8 T cell
P3H3,0.7986807530663494,-0.008650775118826282,0.833,0.917,1,CD8 T cell
SMAD9,0.7987011448536309,0.0026061929698952824,0.167,0,1,CD8 T cell
IFNW1,0.7987011448536309,0.0026061929698952824,0.167,0,1,CD8 T cell
ATXN1,0.7987856113150436,-0.014651683007975036,1,1,1,CD8 T cell
UQCC4,0.7988797507162788,-0.004326949773629796,1,1,1,CD8 T cell
GEMIN6,0.7989040597410331,0.0057196521310767245,1,1,1,CD8 T cell
COTL1,0.7989849168448202,0.08542256544026217,1,1,1,CD8 T cell
PTPN1,0.7990511533755381,-0.004099794206243845,1,1,1,CD8 T cell
CRYBB2,0.7990516961480381,-0.004023570147241973,0,0.167,1,CD8 T cell
KCTD2,0.7991241840034606,-0.012387413201047082,1,1,1,CD8 T cell
CLBA1,0.7991399693615863,-0.038397650082832246,0.75,1,1,CD8 T cell
TAF8,0.7991612053340148,0.004472365631257025,1,1,1,CD8 T cell
H4C16,0.7992399070639815,-0.01939604410083473,1,1,1,CD8 T cell
KRTCAP3,0.7992737795059703,0.06035725527739455,1,1,1,CD8 T cell
CCDC62,0.7993438245553091,0.007092020556000556,0.917,1,1,CD8 T cell
ESRRB,0.7993613925005146,0.009817448593342437,0.5,0.333,1,CD8 T cell
ZSCAN2,0.7994690101489316,-0.03290394393937368,1,1,1,CD8 T cell
CCDC90B,0.79950258748961045,0.02974424171963974,1,1,1,CD8 T cell
TEX54,0.7995384816202804,0.010615010194194863,0.417,0.333,1,CD8 T cell
ITPKC,0.7995736696658433,0.044336019985693254,1,1,1,CD8 T cell
MTA3,0.7998317287486522,-0.03549960476045144,1,1,1,CD8 T cell
TWSG1,0.7998622709132982,2.0307842238209695e-4,1,1,1,CD8 T cell
UGGT2,0.7998702306159063,0.002184293597255582,0.5,0.583,1,CD8 T cell
RGS18,0.799949743595085,0.008001887171146027,1,1,1,CD8 T cell
CLGN,0.7999851512927005,0.023382396003391204,0.167,0,1,CD8 T cell
USP6,0.7999851541743113,0.0166139042120359,0.167,0,1,CD8 T cell
AOC3,0.7999851551194989,0.01114019062753302,0.167,0,1,CD8 T cell
ESRP1,0.7999851558949912,0.006235522650267722,0.083,0,1,CD8 T cell
EXOSC5,0.8000088894508609,0.022728357852014547,1,1,1,CD8 T cell
ANKRD49,0.8001024076292957,0.014118454299461486,1,1,1,CD8 T cell
CGGBP1,0.800156660245238,-0.0025459831999643523,1,1,1,CD8 T cell
PPP2R3A,0.8002141336895645,0.010391551712690461,1,1,1,CD8 T cell
SCMH1,0.8002535833884383,-0.020837300189879393,1,1,1,CD8 T cell
LRRTM2,0.80030828077874006,-0.017029351973303797,0.583,0.75,1,CD8 T cell
MAPRE3,0.8004303555259622,0.03057987635210324,1,1,1,CD8 T cell
DMAC1,0.800438594623389,0.02447605416581,1,1,1,CD8 T cell
WDPCP,0.8004482575736369,0.013110710028358508,1,1,1,CD8 T cell
DR1,0.8004558488436594,-0.009520252887856628,1,1,1,CD8 T cell
CRACDL,0.8004755852944209,0.012968884241905343,0.75,0.833,1,CD8 T cell
NUBP1,0.800504868095737,0.041437752132692296,1,1,1,CD8 T cell
INTS2,0.8006639895235724,0.01948552117954805,1,1,1,CD8 T cell
RELT,0.8006744795428521,-0.0010072675334629189,1,1,1,CD8 T cell
ADGRA3,0.8007002953544529,-0.01404798579634825,0.75,0.667,1,CD8 T cell
MAPK3,0.8007632944968902,0.02330932786427875,1,1,1,CD8 T cell
NDUFB4,0.8007853024824871,-0.013850113824583246,1,1,1,CD8 T cell
CCL27,0.8008537044630673,0.007709800606431116,0.75,0.5,1,CD8 T cell
VPS29,0.8008677131567947,-0.023506217353138847,1,1,1,CD8 T cell
OSTC,0.8008680246663349,-0.020627850730618763,1,1,1,CD8 T cell
KIAA0319,0.8008866353415198,-0.007350487496641467,0,0.167,1,CD8 T cell
NUP214,0.8009084628722561,0.03657735761428982,1,1,1,CD8 T cell
P2RX4,0.8009651731779831,-0.025599655041930847,1,1,1,CD8 T cell
HEPACAM,0.80101016316986,-0.003900062174851726,0,0.083,1,CD8 T cell
ARHGEF26,0.8010648371298952,-0.005503023186957279,0.167,0.167,1,CD8 T cell
ST13,0.8010802454436512,0.02156798887229061,1,1,1,CD8 T cell
HACD4,0.8010976764782529,-0.008766105097782417,1,1,1,CD8 T cell
SLC3A1,0.8011372816913618,0.010628075356390099,1,0.917,1,CD8 T cell
RSAD2,0.8011393792233746,-0.0344860157922291,1,1,1,CD8 T cell
NAT8L,0.8011438968475952,0.015072357004160875,0.25,0.25,1,CD8 T cell
ARIH2,0.8011445583324996,0.02522415879559803,1,1,1,CD8 T cell
PIK3R4,0.8011629622011822,0.03133378531951786,1,1,1,CD8 T cell
KLLN,0.8011721131882886,0.004632776908086278,0.917,0.75,1,CD8 T cell
DEPDC1B,0.8012529365292864,0.0067606153256933865,1,1,1,CD8 T cell
STRAP,0.8014108961234334,0.013219633276363107,1,1,1,CD8 T cell
LRMDA,0.8014726322116641,-0.0046816984124600225,0.75,0.75,1,CD8 T cell
LHPP,0.8014896707000172,-0.026853010903998165,1,1,1,CD8 T cell
TMEM74B,0.8015254522609795,-0.005634196544350711,0,0.083,1,CD8 T cell
GPER1,0.8015254522609795,-0.005634196544350711,0,0.083,1,CD8 T cell
RHEX,0.8015254522609795,-0.005634196544350711,0,0.083,1,CD8 T cell
DNASE1L1,0.8018078356866278,-0.05745209086484593,1,1,1,CD8 T cell
CHST1,0.8018456647183791,0.002025573422956395,0.333,0.25,1,CD8 T cell
ETNK2,0.8019138946374135,0.009340512940929635,1,1,1,CD8 T cell
SCD,0.8019191218940724,-0.02455172241628434,1,1,1,CD8 T cell
MARCKSL1,0.8019259798242617,-0.014664345001408119,1,1,1,CD8 T cell
STX17,0.8019555899657737,-0.005944054434724344,1,1,1,CD8 T cell
HSF5,0.8019688095394825,0.045716078500710466,1,1,1,CD8 T cell
CNOT3,0.8019762917521446,0.020511324099385053,1,1,1,CD8 T cell
MS4A1,0.8020016841900101,-0.02384921705392351,1,1,1,CD8 T cell
MAPK11,0.8020077866476185,0.013715625221059291,1,1,1,CD8 T cell
CCDC117,0.8020387836987237,0.01803743993493001,1,1,1,CD8 T cell
FNDC3B,0.8020435837679134,-0.03465577796210979,1,1,1,CD8 T cell
CMC4,0.8021279310562455,0.025750766808360304,1,1,1,CD8 T cell
CNOT4,0.8021421100273157,0.020730712789681555,1,1,1,CD8 T cell
UCHL1,0.80218513449840545,0.004245643429287682,0.583,0.667,1,CD8 T cell
STAT6,0.8022134925757425,0.03495914117634849,1,1,1,CD8 T cell
DDX23,0.8022271565227003,0.014103120458573315,1,1,1,CD8 T cell
CTRL,0.8022850514398446,0.01517612731390372,1,1,1,CD8 T cell
ACOT8,0.8023283868347159,-0.009076622466020146,1,1,1,CD8 T cell
RIC8A,0.8023775226525965,0.004324654716658882,1,1,1,CD8 T cell
CCDC167,0.8023931000214302,-0.0070407251185532205,1,1,1,CD8 T cell
B4GALT5,0.8024026501876502,-0.02839842689417793,1,1,1,CD8 T cell
GPATCH1,0.8024615005273195,0.02574403109355572,1,1,1,CD8 T cell
MSC,0.8025126635400261,0.07648355740869617,1,1,1,CD8 T cell
UNC13A,0.8025582272511254,-0.005827467192025093,0,0.167,1,CD8 T cell
OLFML2B,0.8025582272511254,-0.005827467192025093,0,0.167,1,CD8 T cell
PDF,0.8025582272511254,-0.005827467192025093,0,0.167,1,CD8 T cell
CPEB3,0.8027493730933082,0.09116053633686638,1,1,1,CD8 T cell
HECTD3,0.8027720307116336,0.044220166447338616,1,1,1,CD8 T cell
UQCRQ,0.8027731541796477,-0.021413990292255325,1,1,1,CD8 T cell
NDUFB9,0.8027763388779712,0.02680385438102495,1,1,1,CD8 T cell
H3-5,0.8028113699145902,0.04209617121741571,0.583,0.75,1,CD8 T cell
PLCB2,0.8028954888681517,-0.015579750499520761,1,1,1,CD8 T cell
ANKRD28,0.8029100238200175,-0.019419158941296477,1,1,1,CD8 T cell
EIF2B2,0.8029229177973229,-0.0071612400288019185,1,1,1,CD8 T cell
KRTAP21-2,0.8029283582447093,-0.0037357590004698515,0.083,0.167,1,CD8 T cell
DDX43,0.8029680907236867,0.06073213312105308,1,0.917,1,CD8 T cell
AKIP1,0.8029932760850469,0.011611421231686458,1,1,1,CD8 T cell
ZNF439,0.8030396667964191,-0.040090388595074966,1,1,1,CD8 T cell
HADH,0.8031105975470185,0.016869842549393055,1,1,1,CD8 T cell
ACTC1,0.8032035521788055,0.0022553570120673605,0.167,0.083,1,CD8 T cell
TRIM40,0.8032035521788055,0.0022553570120673605,0.167,0.083,1,CD8 T cell
UBR3,0.8034023316495568,-0.005426079478240642,1,1,1,CD8 T cell
STAU2,0.803501983301023,-0.005970072729396314,1,1,1,CD8 T cell
STARD13,0.8035251032172677,-0.001034640802759501,0.583,0.417,1,CD8 T cell
IER3IP1,0.803533437089668,0.02179196592727939,1,1,1,CD8 T cell
TFCP2,0.8035436729286671,0.009267108479043662,1,1,1,CD8 T cell
PRSS23,0.8035634093394369,-0.06089629755035797,1,1,1,CD8 T cell
CFAP300,0.8036061981970577,-0.005176577602504562,0,0.167,1,CD8 T cell
SEMA3D,0.8036061981970577,-0.005176577602504562,0,0.167,1,CD8 T cell
SIRPD,0.8036822245815265,-0.008512160161618265,0.417,0.5,1,CD8 T cell
PRXL2A,0.8037779876095468,-0.03215540821599472,1,1,1,CD8 T cell
PHF5A,0.8038455176627844,0.019738712008490533,1,1,1,CD8 T cell
UMODL1,0.8039194901269782,-0.0028964162743077004,0,0.167,1,CD8 T cell
IL3RA,0.8039448916901697,0.003155187786597402,0.917,0.833,1,CD8 T cell
ZSWIM5,0.8039677106238161,0.05382750138324477,1,1,1,CD8 T cell
MAGED2,0.8039704158909395,-0.01635778025362311,1,1,1,CD8 T cell
FSTL4,0.8039715175834296,-0.01053222387444075,0,0.25,1,CD8 T cell
CFLAR,0.8039865151980784,0.01449818175184836,1,1,1,CD8 T cell
RIPOR3,0.8040036919383382,-0.003965170163456211,0,0.167,1,CD8 T cell
PLEKHA4,0.8040036919383382,-0.003965170163456211,0,0.167,1,CD8 T cell
PRR35,0.8040036919383382,-0.003965170163456211,0,0.167,1,CD8 T cell
GNG12,0.8040036919383382,-0.003965170163456211,0,0.167,1,CD8 T cell
CCL14,0.8040036919383382,-0.003965170163456211,0,0.167,1,CD8 T cell
NCKAP1L,0.8040261531682421,-0.004999984166376592,1,1,1,CD8 T cell
KRT73,0.804046807968145,-0.03618964897243293,0.917,0.917,1,CD8 T cell
BCAP29,0.80407158133143,7.720123085077635e-4,1,1,1,CD8 T cell
PRTFDC1,0.8041173213600387,-0.004824494157137149,1,1,1,CD8 T cell
DRC3,0.8041922908692317,0.010210587655235415,0.583,0.417,1,CD8 T cell
HMX1,0.8042491687235422,0.0036022670759643383,0.333,0.333,1,CD8 T cell
SEPHS2,0.8042792932033187,0.049714312652732795,1,1,1,CD8 T cell
TOMT,0.8042922409862749,0.002524507041806512,0.167,0,1,CD8 T cell
PSMC3IP,0.8042926788120337,-0.03067368621239508,1,1,1,CD8 T cell
TPST1,0.8043036314801592,-0.03267746075264322,1,1,1,CD8 T cell
HK2,0.8043413770523273,-0.018797840796919818,1,1,1,CD8 T cell
GOSR2,0.8043453615817873,8.270298582468139e-4,1,1,1,CD8 T cell
BLOC1S3,0.8043502324492877,0.026128842220675574,1,1,1,CD8 T cell
ZNF891,0.8043860865763287,0.036345462574352894,1,1,1,CD8 T cell
PRPSAP2,0.8043908056441677,-0.018951718397959186,1,1,1,CD8 T cell
MARCHF7,0.8043931869229247,-0.003914682490790966,1,1,1,CD8 T cell
GRIN2C,0.8045642242653845,-0.001986064009186439,0.083,0.25,1,CD8 T cell
QPCT,0.8045785121158844,-0.014889537764793737,0.833,0.833,1,CD8 T cell
RNF25,0.8046017010157835,0.05135502805861569,1,1,1,CD8 T cell
SPDYE5,0.8046745553247322,0.0022362666199704506,0.167,0.083,1,CD8 T cell
RBM10,0.8047413321233875,0.018903184095067416,1,1,1,CD8 T cell
PHF1,0.80475270361877,-0.010959491603466764,1,1,1,CD8 T cell
ZNF500,0.8047866513963724,-0.06641277264952894,1,1,1,CD8 T cell
L3HYPDH,0.8048256865346288,-0.02870416731353198,1,1,1,CD8 T cell
FUT11,0.8048452173360562,0.026727886997732764,1,1,1,CD8 T cell
GPR108,0.8049523913872089,0.019800857753430448,1,1,1,CD8 T cell
H6PD,0.805097470697634,0.009937127579174199,1,1,1,CD8 T cell
YIPF3,0.8051442972881999,0.01645729949356564,1,1,1,CD8 T cell
REEP4,0.8051484550955231,-0.00957980911075218,1,1,1,CD8 T cell
SNPH,0.805157152422058,0.04055367149074751,1,1,1,CD8 T cell
CNDP2,0.8052354179986346,0.03674246457714436,1,1,1,CD8 T cell
PDSS1,0.8052927405311125,-0.06568351063525935,1,1,1,CD8 T cell
MPND,0.805417666241148,0.059728881230050934,1,1,1,CD8 T cell
ULBP3,0.8055603050966161,0.017868522121325725,1,1,1,CD8 T cell
RBP5,0.8055701077835601,-0.03250534660891313,0.833,0.917,1,CD8 T cell
GVQW3,0.8056326791388038,0.04823381261093096,1,1,1,CD8 T cell
MAZ,0.8057023825618704,0.05937814582776135,1,1,1,CD8 T cell
C1QTNF6,0.8057148347501718,0.020444573512965025,1,1,1,CD8 T cell
APOD,0.805763207778696,-0.013909809697878028,0.25,0.333,1,CD8 T cell
RBM39,0.8058013235691942,0.008565135387015754,1,1,1,CD8 T cell
HOXB5,0.8058187977464198,-0.004970784914250181,0.083,0.25,1,CD8 T cell
HTR7,0.8058441042780532,-0.014381768872018252,0.083,0.25,1,CD8 T cell
NDUFA12,0.8058809462019553,-0.03097003057233569,1,1,1,CD8 T cell
IFI27L2,0.8059162973109711,0.010379717877455397,1,1,1,CD8 T cell
ZNF266,0.8059470452989093,-0.02378643526763924,1,1,1,CD8 T cell
SGK3,0.8060519041067566,0.01866312580176341,1,1,1,CD8 T cell
PCLAF,0.8061453197896759,0.07542720693188398,1,1,1,CD8 T cell
CALHM1,0.8061605772262423,-0.010923424577469643,0.583,0.667,1,CD8 T cell
SP140,0.8061908107608156,0.02235084174901414,1,1,1,CD8 T cell
ALDH6A1,0.8063121052051553,0.014192519792470826,1,1,1,CD8 T cell
R3HDM2,0.8063250093870218,0.02167106565110255,1,1,1,CD8 T cell
TNFAIP6,0.8063562332938009,-0.003811695717339081,0.333,0.417,1,CD8 T cell
LAIR1,0.806450738582191,0.08428435077017424,1,1,1,CD8 T cell
SMIM38,0.8064800897870776,0.006780995170814652,0.833,0.917,1,CD8 T cell
TMEM106C,0.8065547915643174,0.0253204447501974,1,1,1,CD8 T cell
SCGB3A2,0.8065850186645642,-0.005599803588526964,0.083,0.167,1,CD8 T cell
CDHR4,0.8066158699807255,-0.006060010144802064,0.75,0.833,1,CD8 T cell
VPS37A,0.8066268792242475,0.04383885228432749,1,1,1,CD8 T cell
BHLHA9,0.8066809956464334,-0.003968400167382313,0,0.167,1,CD8 T cell
MST1R,0.8067991659780411,-0.00709910977358863,0.667,0.75,1,CD8 T cell
UBXN2A,0.8068967930874851,0.0019217033333156497,1,1,1,CD8 T cell
TMEM181,0.8069003240755424,-0.015164991349628565,1,1,1,CD8 T cell
CRYZ,0.8069070559751504,-0.017098907582944523,1,1,1,CD8 T cell
HSPA1L,0.8069076244563013,-0.03544265775495248,1,1,1,CD8 T cell
TCEAL4,0.8070529927219876,0.04937839985398895,1,1,1,CD8 T cell
ANK3,0.8071157060524082,0.08915081097226984,1,1,1,CD8 T cell
RDH13,0.8072064878579249,0.038787858076373416,1,1,1,CD8 T cell
SLC38A5,0.8072637907704387,0.02611840960159839,1,1,1,CD8 T cell
OXT,0.8072946559914649,7.798252041921749e-4,0.25,0.333,1,CD8 T cell
SLC27A3,0.8073884991399015,0.005213528594249284,1,1,1,CD8 T cell
BMP8A,0.807412815950425,0.002666380252275058,0.167,0.083,1,CD8 T cell
SNX1,0.8074238052366216,0.012884228070373815,1,1,1,CD8 T cell
MTERF4,0.807536263611519,-0.0039826302190257845,1,1,1,CD8 T cell
KIF18B,0.8075470522688295,0.015328782601117918,0.667,0.667,1,CD8 T cell
MLF2,0.8075475205133699,-0.009174687014245175,1,1,1,CD8 T cell
ABCG1,0.807583301635058,0.07560894478613811,1,1,1,CD8 T cell
TMPRSS6,0.8076590234947933,-0.018892760434443545,0.917,1,1,CD8 T cell
F2RL2,0.8076803151939004,0.012970626351096026,0.25,0.25,1,CD8 T cell
RBM47,0.8077450139320168,0.008647017451273609,1,1,1,CD8 T cell
CEP78,0.8077771758713459,-0.04410633782260143,1,1,1,CD8 T cell
ZSWIM7,0.8077968896204969,-0.00752090211572598,1,1,1,CD8 T cell
MMGT1,0.8078018106308025,-0.012734560931349337,1,1,1,CD8 T cell
H2AZ1,0.8078836094951862,0.03840346367758429,1,1,1,CD8 T cell
AMPD3,0.807884966980294,0.04364624921967275,1,1,1,CD8 T cell
APPL1,0.8078870671973957,-0.017974706738783208,1,1,1,CD8 T cell
COG5,0.8079038600718095,-0.01290548084876527,1,1,1,CD8 T cell
ECT2,0.8079236765321745,0.036146393139135924,1,1,1,CD8 T cell
RAP2C,0.8079360498757842,-0.012292040048653474,1,1,1,CD8 T cell
CCDC88B,0.80796619610274,0.02505980224495774,1,1,1,CD8 T cell
CDKN2AIPNL,0.8080075368662966,0.028926596590958864,1,1,1,CD8 T cell
DENND1C,0.8080179588004993,0.0198123019773917,1,1,1,CD8 T cell
KLHL10,0.8083251427842596,-0.01009052190579629,0,0.25,1,CD8 T cell
LASP1,0.8083384289603107,-0.005368973308400804,1,1,1,CD8 T cell
TNS3,0.8083649213189803,-0.008068259779767217,0.833,0.917,1,CD8 T cell
CEP68,0.8084231875708444,-0.02160736441055655,1,1,1,CD8 T cell
ADAMTS8,0.8084330611579016,-0.0029028810622824253,0,0.167,1,CD8 T cell
GPR3,0.8084330611579016,-0.0029028810622824253,0,0.167,1,CD8 T cell
ZNF831,0.8084552411239019,-0.005488221340481075,1,1,1,CD8 T cell
DDX19A,0.8084959075406297,-0.012471228924144873,1,1,1,CD8 T cell
GZMH,0.8085513716401815,-0.06118897433824033,1,1,1,CD8 T cell
SS18,0.8085640911604578,0.031491813687592074,1,1,1,CD8 T cell
ZBTB44,0.8086840852087853,-0.011188242067899923,1,1,1,CD8 T cell
NDUFS6,0.8089294488760781,0.013617389307954197,1,1,1,CD8 T cell
AURKC,0.8089420160136063,-0.05302655179788518,1,1,1,CD8 T cell
NSUN5,0.8089653874877925,0.015328344524511817,1,1,1,CD8 T cell
PLA2G1B,0.8090433492559436,0.008059510097686573,0.333,0.417,1,CD8 T cell
LRP6,0.8090968168190102,0.0019025316488474608,0.25,0.25,1,CD8 T cell
CDC7,0.8091061571968753,-0.02083177586811158,1,1,1,CD8 T cell
FCGR3B,0.809190740795547,0.057814895149940204,1,1,1,CD8 T cell
EMC4,0.8092247271458499,-0.01922790818315212,1,1,1,CD8 T cell
CYB561D1,0.8092312324368605,0.030262260503381544,1,1,1,CD8 T cell
PDZD7,0.809269174144172,-0.008297718399755905,0.667,0.667,1,CD8 T cell
FER,0.8093448952924094,0.04270016391071313,1,1,1,CD8 T cell
RNF5,0.8093640298951504,-0.008215391378159964,1,1,1,CD8 T cell
MINPP1,0.8094950070541176,0.00799793823891215,1,1,1,CD8 T cell
LY75,0.8094972810946746,-0.016348994167147857,1,1,1,CD8 T cell
DPPA5,0.8095070463273295,0.005814524959459444,0.167,0.083,1,CD8 T cell
STAP1,0.8095473936415578,0.044667779508408945,1,1,1,CD8 T cell
RBKS,0.8096027963751176,-0.024819386914808117,1,1,1,CD8 T cell
CHN2,0.8096178881352025,-0.012287537489531708,1,1,1,CD8 T cell
PTGES,0.80963885218457,0.003070536777069588,0.167,0.167,1,CD8 T cell
TMEM44,0.8096627012218833,0.04972255157266625,1,1,1,CD8 T cell
ATG4A,0.809697069211788,0.014177402511748483,1,1,1,CD8 T cell
BEND4,0.8097318099855919,0.016458433225431168,0.75,0.917,1,CD8 T cell
EOGT,0.8097819693822951,0.04215469700728347,1,1,1,CD8 T cell
CDK19,0.8098419323488131,0.0526778570305626,1,1,1,CD8 T cell
CD99,0.809874010586049,0.023178687379262986,1,1,1,CD8 T cell
BMAL2,0.8100290684490347,-0.0018615848633567467,0.917,0.917,1,CD8 T cell
CD200,0.8100500166109141,0.009323468327408158,0.917,0.75,1,CD8 T cell
RAB44,0.8100823175662069,-0.0025881601725887826,0.75,0.667,1,CD8 T cell
SIX4,0.8101089932088579,-0.004718583345842298,0.25,0.25,1,CD8 T cell
PDP1,0.8101370919268819,-0.0032827045801098187,1,1,1,CD8 T cell
ERI1,0.8102843441316674,-0.03158244502450136,1,1,1,CD8 T cell
FAM200A,0.8103551818716423,0.015648589655624434,1,1,1,CD8 T cell
STXBP1,0.810406275491866,-0.02806640072864086,1,0.917,1,CD8 T cell
TGFA,0.810427342746839,-0.031112738914260696,1,1,1,CD8 T cell
YKT6,0.8104410860833284,-0.0017689319143182614,1,1,1,CD8 T cell
RARS1,0.8104498167367776,-0.022122823296014005,1,1,1,CD8 T cell
H1-10,0.810451155845389,-0.0027023263599579295,1,1,1,CD8 T cell
ACBD4,0.8105001448759122,0.04075335221266507,1,1,1,CD8 T cell
LTBP3,0.8105243676945887,0.08677982371401466,1,1,1,CD8 T cell
PIGS,0.8105586805238509,-0.002780980809211575,1,1,1,CD8 T cell
PCDH17,0.8106373403531664,0.003212733117519573,0.083,0,1,CD8 T cell
FGF13,0.8106373403531664,0.003212733117519573,0.083,0,1,CD8 T cell
LRCH2,0.8106373403531664,0.003212733117519573,0.083,0,1,CD8 T cell
PMP2,0.8106373403531664,0.003212733117519573,0.083,0,1,CD8 T cell
SLN,0.8106373403531664,0.003212733117519573,0.083,0,1,CD8 T cell
PRRG2,0.8106387834754316,-0.01906621351922988,0.667,0.75,1,CD8 T cell
EIF5B,0.810680708542467,0.005435912014133293,1,1,1,CD8 T cell
MYL6B,0.8106979993358641,0.053621927874240694,1,1,1,CD8 T cell
NOS3,0.8107064010854471,0.002085479813199953,0.25,0.167,1,CD8 T cell
APPBP2,0.810813362628477,-0.010516027564830832,1,1,1,CD8 T cell
ZBTB49,0.8108343215017685,-0.02383216220904938,1,1,1,CD8 T cell
TAS2R38,0.8109278256399448,0.0022949648012606794,0.167,0.083,1,CD8 T cell
AS3MT,0.8109436266155714,0.023352599146924558,1,1,1,CD8 T cell
CRKL,0.8109465802247011,0.004754421316489177,1,1,1,CD8 T cell
CTIF,0.8110075426035712,-0.017637281187248277,1,1,1,CD8 T cell
MIIP,0.8112771816486737,-0.0024152662101963873,1,1,1,CD8 T cell
PLCL2,0.8113153792484148,9.138033939093404e-4,1,1,1,CD8 T cell
CYTH1,0.8114845539025508,-0.004655999071125461,1,1,1,CD8 T cell
ACOT6,0.8115228506603471,0.002484699827175696,0.167,0.167,1,CD8 T cell
RAB1B,0.811538787716336,0.01746124591220366,1,1,1,CD8 T cell
HSPA8,0.8115405060507921,-0.005033667031396405,1,1,1,CD8 T cell
HHLA3,0.8115427704526729,-0.03046560538095955,1,1,1,CD8 T cell
TSPYL6,0.8115494123597878,-0.004835767969686877,0.417,0.417,1,CD8 T cell
ACO1,0.8115596286467929,0.011659216042508636,1,1,1,CD8 T cell
CEP295NL,0.8115633193424222,0.010457447768885242,0.5,0.583,1,CD8 T cell
NEURL4,0.8116205885148782,0.004377905523123893,1,1,1,CD8 T cell
SCT,0.8117868075411672,-0.010330450517680667,0.167,0.25,1,CD8 T cell
PIERCE1,0.8119075144860313,0.013898125379954607,0.833,0.75,1,CD8 T cell
CEBPD,0.8119935630665293,0.11087247977100201,1,1,1,CD8 T cell
AKT1,0.8120003558519575,-0.012061972014017042,1,1,1,CD8 T cell
MT-ND3,0.8120049661968806,-0.03213177638910025,1,1,1,CD8 T cell
WDR88,0.81201553023106,-0.0011076655463173601,0.25,0.167,1,CD8 T cell
NOSTRIN,0.8120275771466102,-0.004720611295238264,0.167,0.167,1,CD8 T cell
ST6GALNAC3,0.8120314767628656,-0.02778193684726782,0.917,0.917,1,CD8 T cell
DHX8,0.812186911103291,0.002787019778741587,1,1,1,CD8 T cell
MLEC,0.8121924425747569,0.0030412538891833873,1,1,1,CD8 T cell
GAP43,0.8122527272627518,-0.0021315930171743602,0.083,0.25,1,CD8 T cell
BEX5,0.8122655052540358,-0.03572473692343836,1,1,1,CD8 T cell
STARD7,0.8123141790781461,0.02753391909781655,1,1,1,CD8 T cell
IVD,0.8124945386018985,0.0051130913911856535,1,1,1,CD8 T cell
NF1,0.8125216964726767,-0.0075618461499411815,1,1,1,CD8 T cell
NDUFS8,0.8125828723419806,0.019356364248463875,1,1,1,CD8 T cell
BOLA1,0.8126001199229558,-0.0031100200383797905,1,1,1,CD8 T cell
MTERF2,0.8127223724019449,-0.03539835369822186,1,1,1,CD8 T cell
PKIB,0.812771551337453,-0.008615903549945347,0.333,0.333,1,CD8 T cell
ECPAS,0.8129849062040284,0.021402990849859915,1,1,1,CD8 T cell
TMEM154,0.8130990349620189,0.040148886465940725,1,1,1,CD8 T cell
GASK1B,0.8131022478555144,0.027410980929971185,1,0.833,1,CD8 T cell
ASF1A,0.8131106340643764,-0.008994731909176046,1,1,1,CD8 T cell
F7,0.8131915542752457,0.01630239575736736,0.667,0.75,1,CD8 T cell
TNKS1BP1,0.8133212627886526,0.026214986310093114,1,1,1,CD8 T cell
NR3C2,0.8133316237460514,0.07563178171971624,1,1,1,CD8 T cell
VMP1,0.8134068019024208,0.019030522069305333,1,1,1,CD8 T cell
BMPER,0.8134351513694561,8.172548173237537e-4,0.417,0.417,1,CD8 T cell
BEX1,0.8134468017081872,0.004791483710444577,0.5,0.583,1,CD8 T cell
CFAP20DC,0.8135076070369593,0.00894678112721925,0.833,0.667,1,CD8 T cell
DRG2,0.8135209279426552,0.043219407816312394,1,1,1,CD8 T cell
PSMG2,0.8135482185782228,0.004510938463353001,1,1,1,CD8 T cell
RNF220,0.8135549224491081,0.014849171823513196,1,1,1,CD8 T cell
LNX2,0.8135918189007234,-0.0418215755824507,1,1,1,CD8 T cell
IRAG1,0.8136871778906645,-0.002743638287801886,0.25,0.333,1,CD8 T cell
YWHAE,0.8136949041524312,0.037355768004481704,1,1,1,CD8 T cell
ECHDC2,0.8138363235880169,0.03915204734447708,1,1,1,CD8 T cell
PERP,0.8139613932547254,0.04747054303434339,1,1,1,CD8 T cell
RBM48,0.813971492624123,-0.0220541385976456,1,1,1,CD8 T cell
SYAP1,0.8140601146959873,-0.012428231037899695,1,1,1,CD8 T cell
USP13,0.8140676891862176,-0.023690545448582734,1,1,1,CD8 T cell
THEMIS2,0.8140891756116648,-0.08325353760895249,1,1,1,CD8 T cell
CES4A,0.8141130044439494,0.048966039004383344,1,1,1,CD8 T cell
KLRB1,0.8142381162806597,0.08755501121676046,1,1,1,CD8 T cell
CASP6,0.8142869397908787,-0.021863108775472373,1,1,1,CD8 T cell
ATOH7,0.8143018746758622,0.006872085177621834,0.333,0.167,1,CD8 T cell
KRT5,0.8143690037727442,-0.004748161660136141,0.167,0.25,1,CD8 T cell
P2RY6,0.8143852419696471,-8.877574053722803e-4,0.167,0.25,1,CD8 T cell
FKBPL,0.8145741080463473,0.009505442248451956,1,1,1,CD8 T cell
TMSB15A,0.8145793515100365,-0.0036776150950919018,0.333,0.25,1,CD8 T cell
STAC3,0.8145920821353231,0.008847896763096053,0.833,1,1,CD8 T cell
GPM6B,0.8146381690620503,0.002332401570980025,0.167,0.167,1,CD8 T cell
WWC3,0.8146495169868753,-0.009508421287698555,1,1,1,CD8 T cell
SLC29A1,0.8146777892987589,-0.04809694989271529,1,1,1,CD8 T cell
TMEM40,0.8147044815155138,-0.01083978989741663,0.417,0.583,1,CD8 T cell
WDR89,0.8147357384113422,-0.023290886942260114,1,1,1,CD8 T cell
SSH3,0.8147500856616223,0.02709919967616159,1,1,1,CD8 T cell
IQSEC1,0.8148324443181365,-0.004522640825368018,1,1,1,CD8 T cell
GPR135,0.814852747144234,0.022448926603336083,1,1,1,CD8 T cell
OIT3,0.8148639327586572,-0.0024986816484555696,0.25,0.417,1,CD8 T cell
MAP2K1,0.814890891434195,0.023603124301290634,1,1,1,CD8 T cell
TMEM175,0.8149675087272803,0.023817647712833123,1,1,1,CD8 T cell
MCAT,0.8150374240900984,0.04911817799826679,1,1,1,CD8 T cell
SRD5A1,0.8150907443644974,-0.025084490241144675,1,1,1,CD8 T cell
IL32,0.8151518447744281,-0.009458879568541079,1,1,1,CD8 T cell
ADRA2B,0.8151810486335404,0.009050570924539425,0.25,0.167,1,CD8 T cell
SF3B6,0.8152959564837908,-0.00587421975218777,1,1,1,CD8 T cell
DDX18,0.8153056667806351,0.015563801465451665,1,1,1,CD8 T cell
SCP2D1,0.8153239206314096,0.003513551484923383,0.417,0.25,1,CD8 T cell
INSC,0.8153591192802916,-0.007459788120165012,0.417,0.667,1,CD8 T cell
VPS28,0.8153622860393173,0.033551839779145526,1,1,1,CD8 T cell
VANGL1,0.8154345880926706,-0.04797389004967245,1,1,1,CD8 T cell
UXS1,0.8154708167789395,0.04127650567883767,1,1,1,CD8 T cell
NPDC1,0.8154753796830818,-0.06046653039094549,1,1,1,CD8 T cell
CD37,0.8154992186968963,0.0022141568049747207,1,1,1,CD8 T cell
PRDM8,0.8155243422300862,0.05583174119972001,1,1,1,CD8 T cell
THNSL2,0.815532709950967,-0.024820924770933228,0.833,0.667,1,CD8 T cell
TGM2,0.8155979778291005,0.0018344348639209862,0.333,0.25,1,CD8 T cell
MIS18BP1,0.8157317769011306,-0.005868810128296948,1,1,1,CD8 T cell
TTC7A,0.81574523513126,-0.012557791868529122,1,1,1,CD8 T cell
MAGI3,0.8158084575017872,0.01470925914210408,0.917,1,1,CD8 T cell
NME1,0.8158089815856134,0.027073524004965988,1,1,1,CD8 T cell
LUC7L3,0.8158187800667895,-0.005855722560690335,1,1,1,CD8 T cell
ZNF629,0.8158666611211423,-0.02598681336255293,1,1,1,CD8 T cell
HSPB3,0.8159163585029999,-0.0026768051880154964,0,0.167,1,CD8 T cell
VPS51,0.8159293720259694,-0.021221641716864914,1,1,1,CD8 T cell
TTC39C,0.816012753891513,-0.028498981849025773,1,1,1,CD8 T cell
DCTN2,0.816065318659918,0.012934029855296014,1,1,1,CD8 T cell
PCYOX1,0.8160865907431755,-0.02988680803094601,1,1,1,CD8 T cell
SNAPC2,0.8161368461516445,0.006958915609001748,1,1,1,CD8 T cell
TMEM95,0.8161627825744214,-0.02431096578466807,0.5,0.75,1,CD8 T cell
ZNF180,0.8161680377441837,0.0023191172867573773,1,1,1,CD8 T cell
ZNF276,0.8161706258093246,0.01937877060238291,1,1,1,CD8 T cell
TXN2,0.8161839723260503,-7.731940377323221e-4,1,1,1,CD8 T cell
DLGAP3,0.8162038507716926,-0.013749245015229672,0.917,0.917,1,CD8 T cell
RUSC1,0.8162297826783582,-0.009506061490332396,1,1,1,CD8 T cell
NCR1,0.8162366462934326,-0.04133238059252431,1,1,1,CD8 T cell
IL18BP,0.8162598072010755,-0.014287475488706458,1,1,1,CD8 T cell
TMEM132A,0.8162805388985341,-0.0010193239275948507,0.167,0.333,1,CD8 T cell
PHRF1,0.8162823472365777,0.005065663521395147,1,1,1,CD8 T cell
PLEKHS1,0.8162913250506396,-0.01227381212053702,0.333,0.417,1,CD8 T cell
RBM43,0.8163070067758488,-0.03547784585771174,1,1,1,CD8 T cell
JMJD1C,0.8163844876920556,-0.004113874085701408,1,1,1,CD8 T cell
DENND4C,0.8164127047052635,-0.0044141353703590624,1,1,1,CD8 T cell
KCNA2,0.8164628533449022,0.003993155216236666,0.833,0.917,1,CD8 T cell
GFI1,0.8164719767428846,-0.027168615576408928,1,1,1,CD8 T cell
G0S2,0.8166265185734842,0.008960674453285744,1,1,1,CD8 T cell
ACTR2,0.8166344802621106,-0.027113360524304908,1,1,1,CD8 T cell
HNRNPUL2,0.8166375271738928,-0.009826082219173138,1,1,1,CD8 T cell
LDLRAP1,0.8166619567772744,0.0297244260622547,1,1,1,CD8 T cell
STXBP3,0.8166787582813403,-0.010243190575500938,1,1,1,CD8 T cell
CMKLR1,0.8166873459526091,-0.06685405254620155,1,1,1,CD8 T cell
ZNF536,0.8167668812412865,-0.011175195632030732,0.167,0.167,1,CD8 T cell
HMMR,0.81681010097276,0.010742057892601409,1,0.833,1,CD8 T cell
NALF2,0.8168262774765876,-0.017350261678139134,0,0.083,1,CD8 T cell
NES,0.8168262774765876,-0.017350261678139134,0,0.083,1,CD8 T cell
UBD,0.8168262775755466,-0.016646284979724424,0,0.083,1,CD8 T cell
ENAH,0.8168262784232797,-0.012382682809637835,0,0.083,1,CD8 T cell
SELENOV,0.8168262784232797,-0.012382682809637835,0,0.083,1,CD8 T cell
CARD10,0.8168262791027656,-0.009345655704662725,0,0.083,1,CD8 T cell
PCP4,0.8168262795163632,-0.008046755560195074,0,0.083,1,CD8 T cell
HEPN1,0.8168263401294313,-0.013353510248797829,0,0.167,1,CD8 T cell
EIF3E,0.8168324300103431,-0.004527505235592311,1,1,1,CD8 T cell
ZNF609,0.816859906174292,0.017160961958388343,1,1,1,CD8 T cell
CARD11,0.8170561187299005,-0.011749832745255429,1,1,1,CD8 T cell
NUP210L,0.8171902561717957,-0.0049036270053663955,0.167,0.417,1,CD8 T cell
WNK3,0.8171977787657958,0.008983267514771853,0.25,0.167,1,CD8 T cell
BPNT1,0.8173455259864821,0.03600050522505466,1,1,1,CD8 T cell
SLC37A1,0.817348856473768,-1.099550983587605e-4,1,1,1,CD8 T cell
SOGA1,0.8173948153588131,0.02297453680110939,1,1,1,CD8 T cell
ABCF1,0.8174632110401128,-0.01000652459564931,1,1,1,CD8 T cell
LEPROTL1,0.8174668026561931,-0.021903246948938193,1,1,1,CD8 T cell
ENTREP2,0.8174970831133657,-0.003193762214871221,0.083,0.25,1,CD8 T cell
REEP2,0.8175223011511987,-0.0064996955115073085,0.75,0.833,1,CD8 T cell
CUL7,0.8176206107756778,-0.04619019350671705,1,1,1,CD8 T cell
DNAJC15,0.8177022817472671,-0.025628566907131917,1,1,1,CD8 T cell
AGA,0.8177436297315734,-0.008623649368674768,1,1,1,CD8 T cell
PCP2,0.8177616170759496,0.02759411501712572,1,1,1,CD8 T cell
SDC2,0.8177867769058128,0.003434250863841193,0.167,0.083,1,CD8 T cell
C1orf146,0.8178101299659667,-0.0034399493533396885,0,0.083,1,CD8 T cell
SERPING1,0.8178222117407244,-0.003298662090438942,0.25,0.5,1,CD8 T cell
PYCARD,0.8178321035483525,-0.015754921095208374,1,1,1,CD8 T cell
FAHD1,0.8178838233046226,0.019323923152698264,1,1,1,CD8 T cell
NEDD9,0.8179716760393723,-0.013484406458913634,1,1,1,CD8 T cell
HMBS,0.8180614253301302,-0.04426744441310815,1,1,1,CD8 T cell
PKMYT1,0.8180854985974417,0.007392309107234762,0.667,0.583,1,CD8 T cell
YIF1B,0.8181324206208799,-0.012201289510769042,1,1,1,CD8 T cell
CCNL2,0.8181361446327833,0.020966806256666137,1,1,1,CD8 T cell
BMP10,0.8181457659118816,0.004347538381001659,0.333,0.333,1,CD8 T cell
CLPX,0.8182302596993702,0.009613228607109392,1,1,1,CD8 T cell
SGCD,0.818271623040533,0.08170713097157667,1,1,1,CD8 T cell
EPGN,0.8182725578241479,-0.0024270817694875824,0.417,0.583,1,CD8 T cell
VMAC,0.8182731331948051,0.02372380256935469,1,1,1,CD8 T cell
KCNK10,0.8183044358785181,0.0023452450279943804,0.167,0,1,CD8 T cell
GNG13,0.8183044358785181,0.0023452450279943804,0.167,0,1,CD8 T cell
SVOP,0.8183044358785181,0.0023452450279943804,0.167,0,1,CD8 T cell
MAPKAPK5,0.818305329180538,8.226466791269038e-4,1,1,1,CD8 T cell
VCL,0.8183668514658853,0.03992561982720838,1,1,1,CD8 T cell
FAM83H,0.8183875237766135,6.342420133074178e-4,1,1,1,CD8 T cell
CCDC9B,0.8184290799985087,0.017620714329139364,1,1,1,CD8 T cell
PGBD4,0.8184697205207734,-0.02179578921239389,1,1,1,CD8 T cell
ZNF835,0.8184968408431176,-0.008472000578228833,0.667,0.667,1,CD8 T cell
SFXN4,0.8185445765858188,-0.010567027720690625,1,1,1,CD8 T cell
SGPL1,0.8186117061945071,-0.03856255674018655,1,1,1,CD8 T cell
HVCN1,0.8186209587116416,0.014111601939905905,1,1,1,CD8 T cell
IKZF1,0.8186268741431146,0.018179930206326578,1,1,1,CD8 T cell
SHROOM1,0.8186752560025354,-0.013886711299694987,0.5,0.5,1,CD8 T cell
DBNDD2,0.818695489421931,-0.045491697322882274,1,1,1,CD8 T cell
PIF1,0.8189143074233456,0.0014627137842140314,1,1,1,CD8 T cell
ALDOC,0.819043968694007,0.024220976876503597,1,1,1,CD8 T cell
TSR1,0.8190541300291659,-0.032849721716745384,1,1,1,CD8 T cell
RHOQ,0.8191484990923342,0.020380266427135113,1,1,1,CD8 T cell
KIF11,0.8191713208811543,0.06935027284986539,1,1,1,CD8 T cell
APPL2,0.8191860106157363,0.04448602662036524,1,1,1,CD8 T cell
CHD8,0.8192701833428955,-2.927142964364027e-4,1,1,1,CD8 T cell
SNRPD1,0.8192915071984553,-0.02723811330617787,1,1,1,CD8 T cell
GALT,0.8193192854938486,0.020750228620673605,1,1,1,CD8 T cell
TRIR,0.8193303273301293,-0.003076059243791729,1,1,1,CD8 T cell
DDR2,0.8194070166412828,-0.04885072870289653,0.75,1,1,CD8 T cell
SETMAR,0.8194404502545805,0.050408784961047726,1,1,1,CD8 T cell
TMEM167A,0.81946761411097,0.026846404657695444,1,1,1,CD8 T cell
CCDC134,0.8195568810369315,0.04000087383250428,1,1,1,CD8 T cell
GOT2,0.8196170770192904,0.009600731485554265,1,1,1,CD8 T cell
IQCE,0.8196352047396973,-0.03139880828387698,1,1,1,CD8 T cell
PSRC1,0.8196586955679781,-3.954278866968863e-5,1,1,1,CD8 T cell
GCNT2,0.8196693800288993,0.04345982203971044,1,1,1,CD8 T cell
NME3,0.8196851377905752,0.01355976558542464,1,1,1,CD8 T cell
PCDHGC5,0.8197504119531974,0.004775419870295838,0.5,0.417,1,CD8 T cell
SHMT2,0.8197754459455403,-0.028260792208799623,1,1,1,CD8 T cell
HNRNPA2B1,0.8197865710820837,0.017142148861720052,1,1,1,CD8 T cell
TBCD,0.8198556256751826,0.013928885017797432,1,1,1,CD8 T cell
RELA,0.8198829442521279,0.001956320277218565,1,1,1,CD8 T cell
TNFRSF19,0.8200527004707555,-0.0036521678986227712,0.25,0.25,1,CD8 T cell
C1R,0.8200580433702556,-0.03910395393213051,1,1,1,CD8 T cell
DUSP16,0.8200688527718222,-0.06936853050939817,1,1,1,CD8 T cell
KRT2,0.8200831245898634,0.014824070841128023,0.917,0.917,1,CD8 T cell
HHEX,0.8203171565296064,0.03876312199163712,1,0.917,1,CD8 T cell
HS2ST1,0.8203306369524579,-0.008324380707428358,1,1,1,CD8 T cell
NETO1,0.8203952919832493,-0.021291270300063836,0.25,0.333,1,CD8 T cell
ZC3H7A,0.8204082439355336,-0.02647301774768905,1,1,1,CD8 T cell
CPA6,0.8204789344286926,0.0034361255865538176,0.25,0.25,1,CD8 T cell
ANGEL2,0.8204860117068061,0.011682963961345216,1,1,1,CD8 T cell
TNFRSF25,0.8204872799285434,0.07190052296436533,1,1,1,CD8 T cell
WDR27,0.8205775368360864,0.015690261385378212,1,1,1,CD8 T cell
ZNF160,0.8205970281531032,0.012077949151484496,1,1,1,CD8 T cell
RYK,0.8206087162126221,0.04616563001110463,1,1,1,CD8 T cell
CSMD1,0.820612133938849,-0.0029626466143226615,0.083,0.25,1,CD8 T cell
SH3BP5,0.8206155561885005,0.019694753073910443,1,1,1,CD8 T cell
ZNF638,0.8206621158093249,-0.006545817782548369,1,1,1,CD8 T cell
INSM2,0.8206730008627073,0.017141709382959114,0.25,0.25,1,CD8 T cell
PIDD1,0.8207225648120777,-0.04358447377313324,1,1,1,CD8 T cell
ANKRD35,0.8207547448908901,-0.03529572699164296,1,1,1,CD8 T cell
CXCL16,0.8207552724689747,-0.01046078617382884,1,1,1,CD8 T cell
CHRAC1,0.8208295896236234,0.024065198323824866,1,1,1,CD8 T cell
ADCY10,0.8208328263354463,0.013295131939820237,0.917,0.833,1,CD8 T cell
GRAMD1B,0.8208451204933964,-0.01967540297665704,1,1,1,CD8 T cell
ABCB8,0.8208522131957648,0.01014366254621235,1,1,1,CD8 T cell
CERS5,0.8208662288584987,0.014601209352321565,1,1,1,CD8 T cell
FGF8,0.8209169704577217,-0.0019115018284758811,0.083,0.25,1,CD8 T cell
TAOK2,0.8209249975131401,0.013159797346027423,1,1,1,CD8 T cell
ASTL,0.8209452185286218,0.09534769520810782,1,1,1,CD8 T cell
ARC,0.8210061185733353,-0.0032066081843389327,0.333,0.25,1,CD8 T cell
ARFGAP3,0.8210854420823055,0.00520183038978117,1,1,1,CD8 T cell
NLRP6,0.8211268011729919,0.05047793512768406,1,1,1,CD8 T cell
SLC11A2,0.8211661779433957,7.856617970446456e-4,1,1,1,CD8 T cell
RRP8,0.8212194984865411,0.02318611465371001,1,1,1,CD8 T cell
ZNF230,0.8212248216595465,-0.015432239974436435,1,1,1,CD8 T cell
TET3,0.8212647004446277,0.004741145803189406,1,1,1,CD8 T cell
HOXC10,0.8213002398038218,-2.5079056635535224e-4,0.167,0.167,1,CD8 T cell
GPR142,0.8213205758896336,-0.00239643928069988,0.75,0.75,1,CD8 T cell
CTBP2,0.821374443418047,-0.06372789636773157,1,1,1,CD8 T cell
L2HGDH,0.8214331333734739,-0.004213094228690206,1,1,1,CD8 T cell
LMO4,0.8215043334047022,0.028505348635323113,1,1,1,CD8 T cell
CAGE1,0.8215169758509848,0.0024722858190928676,0.167,0.083,1,CD8 T cell
MYL5,0.8215242606323491,0.027795796053442512,1,1,1,CD8 T cell
BCORL1,0.8215550708722716,0.02089532535159444,1,1,1,CD8 T cell
MEF2B,0.8216546416971218,0.010748775695807344,1,1,1,CD8 T cell
FCER1G,0.8216671323846731,-0.009749093936973985,1,1,1,CD8 T cell
CYRIA,0.821693375626407,-0.04253115991061318,1,1,1,CD8 T cell
COPG2,0.8218746223059556,0.053549720507153786,1,1,1,CD8 T cell
PSMB3,0.82211129422072,0.03373921901044247,1,1,1,CD8 T cell
B4GALT1,0.8222089648020758,-0.021571593388586496,1,1,1,CD8 T cell
TBC1D8B,0.8222228551049925,0.020403762857313712,0.917,1,1,CD8 T cell
ZNF830,0.8226327211093707,-0.015130220016399742,1,1,1,CD8 T cell
DDX60L,0.8226477333032558,0.03538201701536345,1,1,1,CD8 T cell
TRAPPC3,0.822707155779784,0.02252021374955057,1,1,1,CD8 T cell
UCHL5,0.8228010732440285,0.008822481782386427,1,1,1,CD8 T cell
TTC32,0.8228348204275864,0.002482161605836364,1,1,1,CD8 T cell
METTL14,0.8228646626269409,-0.005595586122278284,1,1,1,CD8 T cell
FADS3,0.8228786359383761,0.039305511580621566,1,0.917,1,CD8 T cell
MTHFD1,0.8228820849388941,-0.0031986992060522024,1,1,1,CD8 T cell
C3orf62,0.8229299460082248,-0.04396826731185621,1,1,1,CD8 T cell
MX2,0.8229453657747507,0.03182762669131717,1,1,1,CD8 T cell
SERPINI1,0.8229927877343275,-0.027751169442609136,1,1,1,CD8 T cell
POLR2B,0.8230580895529289,-0.008970181414109879,1,1,1,CD8 T cell
STK36,0.8231557231801822,0.002672011846430067,1,1,1,CD8 T cell
SAV1,0.8232190899711594,0.01534380278458225,1,1,1,CD8 T cell
PLD2,0.8232215848294483,0.046574236736828034,1,1,1,CD8 T cell
PROK2,0.8232241328430473,-0.10201577732602535,1,1,1,CD8 T cell
PIGZ,0.8233287551719273,-0.03274609777486548,1,1,1,CD8 T cell
KDELR1,0.8234369428831327,0.008681669948925719,1,1,1,CD8 T cell
PSMA8,0.8234774261661147,-0.03322393339989471,0.917,1,1,CD8 T cell
IRGM,0.8236213867700597,-0.03380843110936649,1,1,1,CD8 T cell
SLC17A5,0.8236306934201838,-0.021061229731861086,1,1,1,CD8 T cell
TMEM39B,0.8236452922205963,-0.034941334346789255,1,1,1,CD8 T cell
NSFL1C,0.8236529672319884,0.04184366826769742,1,1,1,CD8 T cell
SOX5,0.8237041647450207,-0.0030006451876509743,0.5,0.5,1,CD8 T cell
PPM1B,0.8237152813757074,0.028313302000948504,1,1,1,CD8 T cell
CA11,0.8237908497377054,-0.04514084991034606,1,1,1,CD8 T cell
ULK4,0.8238063944832561,0.01959030543978202,1,1,1,CD8 T cell
N4BP2,0.8238204442888535,-2.4377963855151674e-4,1,1,1,CD8 T cell
AMMECR1L,0.8238719388688426,-0.030810054791541086,1,1,1,CD8 T cell
MIOX,0.8239861251625322,0.0030615846259607338,0.5,0.333,1,CD8 T cell
SPOUT1,0.8241570834947378,0.040410369452678174,1,1,1,CD8 T cell
RHOT2,0.8241725240019067,0.027771098151220197,1,1,1,CD8 T cell
ZNF430,0.8242190941567157,0.00627128475892369,1,1,1,CD8 T cell
IL27,0.8242212691729314,-0.0025297986574059905,0,0.167,1,CD8 T cell
GMCL2,0.8242212691729314,-0.0025297986574059905,0,0.167,1,CD8 T cell
CANX,0.8242279083037605,-0.009499374229832047,1,1,1,CD8 T cell
SNX25,0.8242732112077653,-0.04063468982956797,1,1,1,CD8 T cell
ZNF555,0.8242745352390897,4.0993282945311904e-4,1,1,1,CD8 T cell
KCTD20,0.8243369046122945,0.011665129788042017,1,1,1,CD8 T cell
NAT1,0.8244991318413395,-0.011327582085195242,1,1,1,CD8 T cell
ACTA2,0.8246036715211041,0.038843856936929155,1,1,1,CD8 T cell
TMEM229B,0.8246239757617306,-0.01759523119730999,1,1,1,CD8 T cell
RRP15,0.8246449412875965,0.026404686913335862,1,1,1,CD8 T cell
EPHX4,0.8246981188492302,0.06146399462458452,1,1,1,CD8 T cell
TXNL4B,0.8247278203384143,0.020380039564127372,1,1,1,CD8 T cell
GOLGA6L6,0.8247915415834893,-0.0033274676299241968,0.75,0.917,1,CD8 T cell
SESN2,0.8248134389716016,-0.022493184148364653,1,1,1,CD8 T cell
LRRC25,0.8248729648606252,-0.019185925209259214,0.917,1,1,CD8 T cell
EGR2,0.8248793846267939,0.0013048707360869827,0.75,0.833,1,CD8 T cell
SLC3A2,0.8249301793049044,0.025428493033311766,1,1,1,CD8 T cell
NOP14,0.8249876611994273,-0.0036321329745412356,1,1,1,CD8 T cell
TRIM62,0.8250056656239458,0.013302395950873791,1,1,1,CD8 T cell
MIB2,0.825007147461068,0.0292828191323391,1,1,1,CD8 T cell
HOMER2,0.8250447000571497,0.01639058393098658,1,0.917,1,CD8 T cell
POLDIP3,0.8250520271094619,0.004850051826134794,1,1,1,CD8 T cell
ALDH7A1,0.8250951587130745,0.008089948059959884,0.667,0.583,1,CD8 T cell
PKM,0.8251019584884909,0.03043939267411877,1,1,1,CD8 T cell
BTAF1,0.8251118182742829,0.002125816031987582,1,1,1,CD8 T cell
PSMA7,0.8252472565037074,-0.0054301003498123945,1,1,1,CD8 T cell
SLC9A6,0.8253232365334315,-0.016578421165951762,1,1,1,CD8 T cell
PRB3,0.8253476879953168,0.002153022130841009,0.75,0.833,1,CD8 T cell
PHYH,0.8253856664461077,-0.04484070565147835,1,1,1,CD8 T cell
SFR1,0.8254125989958876,-0.014074624612239628,1,1,1,CD8 T cell
ZCCHC3,0.825448739543845,-0.002275513096935966,1,1,1,CD8 T cell
RAPGEF4,0.8254583371244505,0.0018554132146562097,0.25,0.167,1,CD8 T cell
MSL3,0.8254787608948402,0.026253899707774586,1,1,1,CD8 T cell
SLC25A14,0.8255309694984139,-0.010587590823484483,1,1,1,CD8 T cell
NCS1,0.8255784987141139,-0.03455716474970005,0.917,0.917,1,CD8 T cell
DEDD,0.8257496499189397,0.02706473078078884,1,1,1,CD8 T cell
ZNF605,0.825752495870075,-0.05144286259527919,1,1,1,CD8 T cell
SEC63,0.8258584170935317,0.022697497581153525,1,1,1,CD8 T cell
CHPT1,0.8258689382713738,0.04714288887082285,1,1,1,CD8 T cell
PGM2,0.825935325295006,-0.028619362069312038,1,1,1,CD8 T cell
ZNF781,0.8259764094771554,0.025673966016579453,1,1,1,CD8 T cell
SOX15,0.8259846541654897,-0.0045827824986619525,0.25,0.417,1,CD8 T cell
MVK,0.8260774174461869,-0.024661897781619313,1,1,1,CD8 T cell
PRIM1,0.826103912973861,0.023725076197840922,1,1,1,CD8 T cell
UBE2T,0.8261515300432181,0.0048169042195103096,1,1,1,CD8 T cell
CCDC142,0.826228648554686,-0.003326718114675664,1,1,1,CD8 T cell
FYCO1,0.8262866665132796,0.018000962757061312,1,1,1,CD8 T cell
ST6GAL2,0.8263169096211493,0.0018882898879866161,0.25,0.167,1,CD8 T cell
DUSP28,0.8263925027877823,0.0019273147247038658,1,1,1,CD8 T cell
UBIAD1,0.8265313878653242,-0.030832717652211628,1,1,1,CD8 T cell
MSRA,0.8265624198749746,0.016253219383567385,1,1,1,CD8 T cell
FBXO16,0.8265851954626786,-0.0025330318765348636,0,0.167,1,CD8 T cell
LYAR,0.8267822623042484,-0.016215778042097728,1,1,1,CD8 T cell
TXK,0.8268659752147371,-0.08617817612890155,1,1,1,CD8 T cell
SEPTIN2,0.8268879689859416,0.027828697375807315,1,1,1,CD8 T cell
SMARCE1,0.8269912420907247,-3.197841996396278e-4,1,1,1,CD8 T cell
IL23A,0.827016343740006,0.035258925479890735,1,1,1,CD8 T cell
KEL,0.8271376705027295,0.0049601309674947025,0.333,0.333,1,CD8 T cell
TTLL12,0.8271496063780497,0.019574643340413367,1,1,1,CD8 T cell
TMEM201,0.8271892786775159,0.019954461064147555,1,1,1,CD8 T cell
TRIP6,0.8272139713347131,-0.028045840222024943,1,1,1,CD8 T cell
CIPC,0.827364368557302,0.04726605733717992,1,1,1,CD8 T cell
ZNF554,0.8275303287685745,0.010219861178697442,1,1,1,CD8 T cell
LCP1,0.8275322356750976,0.01827050009181086,1,1,1,CD8 T cell
GRPR,0.8276841740124575,-0.012766158295725916,0.75,0.667,1,CD8 T cell
ZNF730,0.8277201187222802,0.008850173670107875,0.417,0.333,1,CD8 T cell
MAP2K2,0.8277502564441979,-0.0022322947799273685,1,1,1,CD8 T cell
STAMBPL1,0.8277590678384171,0.04079876839775154,1,1,1,CD8 T cell
MFSD3,0.8278127136574581,-0.011866960705139817,1,1,1,CD8 T cell
MED31,0.8278784309455663,-0.05140636560526568,1,1,1,CD8 T cell
AARD,0.8278803539525101,0.0036008445511170883,0.333,0.25,1,CD8 T cell
E2F2,0.8278909353969791,-0.009357302884154706,1,0.917,1,CD8 T cell
IGHA2,0.8278971780347559,-0.012853328006630527,0.167,0.333,1,CD8 T cell
USP44,0.8280660813724883,-0.05079953808381399,0.833,0.917,1,CD8 T cell
PPP2R2C,0.8280819302378861,0.007348133483737751,0.333,0.25,1,CD8 T cell
B3GALNT1,0.8280840491380177,-0.00986008377380676,1,0.917,1,CD8 T cell
MSRB2,0.8280854750101405,0.037978989136592034,1,1,1,CD8 T cell
UNC45A,0.8282763578093605,0.03329721228376026,1,1,1,CD8 T cell
SERPINB1,0.8282881255874325,-0.01452181570080624,1,1,1,CD8 T cell
SEC14L6,0.8282883055564907,-0.006378466482485301,0.083,0.167,1,CD8 T cell
ZAR1,0.8283584462956985,-0.0019293942637244044,0.167,0.167,1,CD8 T cell
AAMDC,0.8283994777452082,-0.03462403166084527,1,1,1,CD8 T cell
RUFY2,0.8284715660258867,-0.0036537729242640538,1,1,1,CD8 T cell
AFF3,0.8284991320893573,-0.0037281349048261525,1,0.917,1,CD8 T cell
TTC5,0.828507766350022,-0.003154043668637141,1,1,1,CD8 T cell
TRIM58,0.8285304600997961,-0.025294804927732617,0.75,0.833,1,CD8 T cell
WNT5B,0.8285441382223906,-0.0024865658405084368,0.167,0.25,1,CD8 T cell
LIG3,0.8285509264224753,0.041981298778743126,1,1,1,CD8 T cell
ABHD8,0.8287279483071259,-0.019337373662226653,1,1,1,CD8 T cell
ZDHHC5,0.8287299224706176,0.009666024602030476,1,1,1,CD8 T cell
TMEM86A,0.8287338598935972,0.009602234019828071,1,1,1,CD8 T cell
DMD,0.8287917873227402,-2.789968162288936e-4,0.5,0.417,1,CD8 T cell
SLC25A13,0.8288604470246448,-0.018700371877172772,1,1,1,CD8 T cell
PDPK1,0.8289010935124923,-0.021200858492656183,1,1,1,CD8 T cell
ZNF599,0.8289113120442695,0.030970727914047647,1,1,1,CD8 T cell
CYREN,0.8289971753081788,-0.028864158613777224,1,1,1,CD8 T cell
IRAK1,0.8290071586745354,0.03173785068136159,1,1,1,CD8 T cell
KYNU,0.829009696758616,0.04174673077355129,1,0.917,1,CD8 T cell
RGS7,0.8290456010587164,0.002151026195094552,0.167,0,1,CD8 T cell
DGAT2L6,0.8290456010587164,0.002151026195094552,0.167,0,1,CD8 T cell
RHD,0.8290456010587164,0.002151026195094552,0.167,0,1,CD8 T cell
CRB1,0.829110532427443,-0.00926462611767409,0.083,0.167,1,CD8 T cell
VPS13D,0.8291218397342893,0.005308651598868522,1,1,1,CD8 T cell
HMGCR,0.829272042941194,-0.007616067294232809,1,1,1,CD8 T cell
ATP13A2,0.8293042281356693,0.021304161247078346,1,1,1,CD8 T cell
DCUN1D5,0.8293421227633386,0.02617555714681552,1,1,1,CD8 T cell
PARN,0.8293543900158544,0.015374482220487484,1,1,1,CD8 T cell
PTPRM,0.8294494982380252,0.0620677291473517,1,1,1,CD8 T cell
TXNRD2,0.8294965809967005,0.007659866304481788,1,1,1,CD8 T cell
SSBP4,0.8295462996880072,-0.018110675141019328,1,1,1,CD8 T cell
ARHGEF12,0.8295932722389828,0.041214079572589934,1,1,1,CD8 T cell
BEND6,0.8296557964958999,0.01569811787561859,0.167,0,1,CD8 T cell
B3GAT2,0.8296557966719017,0.013933229962832527,0.167,0,1,CD8 T cell
RIPPLY1,0.8296557966719017,0.013933229962832527,0.167,0,1,CD8 T cell
PVRIG,0.8296557966719017,0.013933229962832527,0.167,0,1,CD8 T cell
CWF19L2,0.8296744284689515,0.027956752853776523,1,1,1,CD8 T cell
BICD2,0.8297195741407261,0.017516729053711072,1,1,1,CD8 T cell
SDHAF1,0.8297831272654977,0.04022775010640567,1,1,1,CD8 T cell
OSBPL8,0.8297992703623904,-0.007720324626870445,1,1,1,CD8 T cell
MTMR4,0.8298197567081796,-0.016915620040246604,1,1,1,CD8 T cell
ZNF280C,0.8298324390317037,0.008353945917630945,1,1,1,CD8 T cell
PLOD1,0.8298324871112684,-0.047839756148041146,1,1,1,CD8 T cell
LPIN2,0.8298533173085548,-0.005651855964133201,1,1,1,CD8 T cell
ACOX3,0.829856165743829,0.05137800996658948,1,1,1,CD8 T cell
SLC44A4,0.8298759775173858,-0.0027115521687552935,0.083,0.167,1,CD8 T cell
PDPR,0.8299441882065892,-0.03392335850344419,1,1,1,CD8 T cell
SH3BGRL3,0.8300191244601742,-0.014992461092099951,1,1,1,CD8 T cell
CAND2,0.8301634775483164,0.022725255298526204,1,1,1,CD8 T cell
DCTN5,0.8301645715374862,-0.009304883400103048,1,1,1,CD8 T cell
KCNQ3,0.8302378814836425,-0.00833032807569234,0.583,0.667,1,CD8 T cell
DOK3,0.8302549335562323,-0.02272920784825949,0.583,0.917,1,CD8 T cell
ZNF233,0.8302848474434285,0.00952997255767185,0.417,0.5,1,CD8 T cell
LARP1,0.8302950861271466,-0.013157945453928552,1,1,1,CD8 T cell
CCND2,0.8303384176286748,-0.018454869098811777,1,1,1,CD8 T cell
TMEM242,0.8303814409492651,-0.025147711780283633,1,1,1,CD8 T cell
ABITRAM,0.83039415206981,0.008945901485050367,1,1,1,CD8 T cell
IRAK2,0.8304830474688081,2.150094987918294e-4,1,1,1,CD8 T cell
CEP128,0.8305118282070252,0.051193627605154335,1,1,1,CD8 T cell
ZNF100,0.830531363048256,0.06417479110717128,1,1,1,CD8 T cell
E2F1,0.8305406100365386,-0.03135846588842739,1,1,1,CD8 T cell
PLAAT3,0.8306417378942662,0.028897702881883848,1,1,1,CD8 T cell
HGF,0.8307524452135618,-0.0022058634081711936,0.583,0.583,1,CD8 T cell
STRIP1,0.8307561992758747,0.03897220466918684,1,1,1,CD8 T cell
MST1,0.8309174914506161,0.023269436252409292,1,1,1,CD8 T cell
C2orf68,0.830927108526209,0.006860085389512181,1,1,1,CD8 T cell
RDH16,0.8309324962374338,0.032286558901382545,1,0.917,1,CD8 T cell
ITGA10,0.8309881907205868,0.047335237525904184,0.917,1,1,CD8 T cell
MICA,0.8310137863926379,-0.002978403712436739,1,1,1,CD8 T cell
MGST2,0.8310151115525256,0.004360774356264585,1,1,1,CD8 T cell
MBOAT1,0.8310387495177338,0.042417664313389114,1,1,1,CD8 T cell
EID1,0.8310739956972332,0.021055983402448186,1,1,1,CD8 T cell
CLIP3,0.8310775238270539,-0.038398620648766535,0.917,0.917,1,CD8 T cell
TCEAL2,0.8310863201107874,0.003666362304385551,0.667,0.5,1,CD8 T cell
STK19,0.8310925940506364,0.01567333367809054,1,1,1,CD8 T cell
CAMK2G,0.8310950570161731,0.02769266323876074,1,1,1,CD8 T cell
PRAME,0.8311439337463997,-0.00772829692256316,0.083,0.167,1,CD8 T cell
H3C10,0.8311552740194016,0.04485369562663544,1,1,1,CD8 T cell
METTL2A,0.8311732766770297,0.03837819662533559,1,1,1,CD8 T cell
MARCHF2,0.8311810780833142,0.036937887042329365,1,1,1,CD8 T cell
KPNA6,0.8311930469355621,-0.008676733886812144,1,1,1,CD8 T cell
VPS25,0.8312200135040116,-0.03174279017894488,1,1,1,CD8 T cell
TSEN34,0.8312642645354444,0.0018951369948689845,1,1,1,CD8 T cell
WNK4,0.8313112156297122,0.007496735001622845,0.333,0.417,1,CD8 T cell
ZBTB33,0.8313432465862175,0.025689961966880615,1,1,1,CD8 T cell
KRBOX5,0.8313976665813527,0.03132543476652927,1,1,1,CD8 T cell
GAGE10,0.8314426283842485,-0.0014491423424902727,0.417,0.5,1,CD8 T cell
ME2,0.8315231419528022,-0.0013930409635728724,1,1,1,CD8 T cell
PAFAH2,0.831533570450709,-0.0263994874484956,1,1,1,CD8 T cell
ACSM1,0.8315522492988374,7.547291992970884e-4,0.75,0.75,1,CD8 T cell
DGCR8,0.8315534852640544,0.022020754375644047,1,1,1,CD8 T cell
CALCB,0.8315626484533365,0.01690268810782891,0.667,0.667,1,CD8 T cell
DUSP22,0.8316077488514826,-0.015360967228006728,1,1,1,CD8 T cell
INTS3,0.8316441768044929,-0.005553768685138405,1,1,1,CD8 T cell
TEX14,0.8317209117538883,-0.0016634547863931815,0.75,0.667,1,CD8 T cell
SRPK2,0.8317995953126538,-0.011007903896875226,1,1,1,CD8 T cell
PTH2R,0.8318418991967312,0.0030961807934710706,0.5,0.5,1,CD8 T cell
GPHB5,0.8318721837410742,-0.005369989238695805,0,0.167,1,CD8 T cell
DNAAF8,0.8319017948461734,-0.012966482159598058,0.5,0.5,1,CD8 T cell
C12orf42,0.8319038705701169,-0.0036529381962777663,1,1,1,CD8 T cell
ERBB2,0.8319270955711338,-0.06635875178812745,1,1,1,CD8 T cell
PAFAH1B1,0.8321436717419883,5.531448699496178e-4,1,1,1,CD8 T cell
FBXL18,0.8321553010728515,0.015912557221993584,1,1,1,CD8 T cell
DAD1,0.832177116787091,0.006320269417356084,1,1,1,CD8 T cell
HPGD,0.8322231454177335,-0.0559150370948458,1,1,1,CD8 T cell
SQOR,0.8322243356555038,0.0012769988123629838,1,1,1,CD8 T cell
INTS7,0.8323191139033462,-0.015519426774027845,1,1,1,CD8 T cell
NEK1,0.8325715559833418,0.01180130415282643,1,1,1,CD8 T cell
HIVEP2,0.8325835888729236,-0.023207690958849767,1,1,1,CD8 T cell
ATL1,0.8325884716680876,-0.04457238016206588,0.917,1,1,CD8 T cell
LGALS8,0.8326205077306564,-0.007882433181540027,1,1,1,CD8 T cell
TRGJP1,0.8326799625250086,0.07056183367818614,1,1,1,CD8 T cell
GTPBP8,0.8328076361539387,-0.017057382442520863,1,1,1,CD8 T cell
ATF5,0.8328489071456416,0.017059036026018326,1,1,1,CD8 T cell
PDK2,0.8328954788669425,0.045893697216508045,1,1,1,CD8 T cell
ZNF257,0.8329877015404887,-0.030479699546012373,1,1,1,CD8 T cell
TMC8,0.8332610417633827,0.019357995343117107,1,1,1,CD8 T cell
MEST,0.833263721704671,-0.0029834719916870256,1,1,1,CD8 T cell
NOPCHAP1,0.8332697656552506,-0.013005470190590174,1,1,1,CD8 T cell
PCDH1,0.8333019480781493,-0.06520207064204842,1,1,1,CD8 T cell
LIG1,0.8333063006481012,0.036720235079215624,1,1,1,CD8 T cell
MARCHF5,0.8333599192405217,0.0022549188730844882,1,1,1,CD8 T cell
TNIK,0.8334063845559332,-8.882485208778768e-4,1,1,1,CD8 T cell
A4GNT,0.8334324058034804,-0.004718893173060845,0,0.167,1,CD8 T cell
ZNF724,0.8335089864717721,-0.005069835378651799,1,1,1,CD8 T cell
SAR1B,0.8336081198990027,0.028794316463299302,1,1,1,CD8 T cell
SRBD1,0.8336655342703843,0.031585859396742855,1,1,1,CD8 T cell
IFFO2,0.8337198513306202,0.025817494396137453,1,1,1,CD8 T cell
EDC4,0.8337252680459567,0.02162203933467799,1,1,1,CD8 T cell
PYURF,0.8337886737760514,-0.019696778551730847,1,1,1,CD8 T cell
CLIC2,0.8337945879542499,-0.003812803080471383,0.917,0.75,1,CD8 T cell
ERAL1,0.833822657686345,-7.788091067133518e-4,1,1,1,CD8 T cell
FAM210A,0.8338675032891121,-0.029917835897808276,1,1,1,CD8 T cell
ELAPOR2,0.8338698017279342,-0.05307808599565056,1,1,1,CD8 T cell
PAIP1,0.8339452357559993,-0.033513086559169736,1,1,1,CD8 T cell
RBPJ,0.8339754273001072,-0.024562149610158235,1,1,1,CD8 T cell
PTTG1,0.8340013903178491,0.029034291382000976,1,1,1,CD8 T cell
C1orf35,0.8340329648915777,0.008386602143972466,1,1,1,CD8 T cell
IDS,0.8340361766283481,-0.005248647325366784,1,1,1,CD8 T cell
ARSD,0.8340451084826028,-0.0037626238633619025,1,1,1,CD8 T cell
RACGAP1,0.8341240255468767,-0.02962408739767275,1,1,1,CD8 T cell
LAMC1,0.8341376145700128,0.001909305865991584,0.167,0.25,1,CD8 T cell
CFAP20,0.8341594103888774,0.024318245459201915,1,1,1,CD8 T cell
SRD5A3,0.8341827706288667,0.03653595266289811,1,1,1,CD8 T cell
SOCS6,0.8342464917292897,-0.054074903442487,1,1,1,CD8 T cell
OTUD7B,0.8343439987715784,-0.003081988728531382,1,1,1,CD8 T cell
DCLK2,0.8343840755512105,0.002333303035967127,0.083,0.25,1,CD8 T cell
RADX,0.8344116549865108,-0.026473951737839396,1,1,1,CD8 T cell
CD247,0.8344666214163324,-0.01571942318330599,1,1,1,CD8 T cell
MARCHF9,0.83449619029756406,-0.02769229642493154,1,1,1,CD8 T cell
PCDHGA12,0.8345287302314366,0.012450268005560705,0.833,0.833,1,CD8 T cell
DDA1,0.8345460895898715,0.02496314842742997,1,1,1,CD8 T cell
TSPYL4,0.8345691979428085,0.038583125902277526,1,1,1,CD8 T cell
KCNAB2,0.8346359971635415,0.028832381221956638,1,1,1,CD8 T cell
KALRN,0.8346769317499803,0.0018994889720067576,0.083,0.167,1,CD8 T cell
GLT1D1,0.8347017826047063,-0.010721226815635365,1,1,1,CD8 T cell
HPN,0.8347326319044823,0.01863695548554345,0.417,0.417,1,CD8 T cell
GAB4,0.8348160496525301,-0.005867125641791482,0.083,0.25,1,CD8 T cell
IGF1,0.8348165874077144,0.0025915067512896073,0.333,0.333,1,CD8 T cell
PRKN,0.8348482171708478,0.029505618678320467,1,1,1,CD8 T cell
ACVRL1,0.8348561258344892,0.005471846726336604,0.167,0.167,1,CD8 T cell
FMNL1,0.8348791091998955,-0.0013734499555488888,1,1,1,CD8 T cell
UBAC2,0.8349187915289584,-0.004116006121172952,1,1,1,CD8 T cell
MIPOL1,0.8349600919840512,-0.002535930343489756,0.083,0.167,1,CD8 T cell
APOLD1,0.8350353997731538,-0.03176472303088396,0.917,1,1,CD8 T cell
SERTAD1,0.8351025894676434,-0.002432599018810988,1,1,1,CD8 T cell
SNRPF,0.8351363947904246,0.004589287479291215,1,1,1,CD8 T cell
VWA3A,0.8351809980706739,-0.04474545141493813,0.667,0.917,1,CD8 T cell
PPP1R36,0.8354731705515255,-0.005077783547799086,0.833,0.917,1,CD8 T cell
CCNG2,0.8355169464692902,0.042587631087888544,1,1,1,CD8 T cell
NDUFS1,0.8355175714871378,0.019482728037277047,1,1,1,CD8 T cell
CLDND2,0.8355218083969438,0.03268560697751144,1,1,1,CD8 T cell
NANOGP8,0.8355248300718541,9.707164172638727e-4,0.25,0.167,1,CD8 T cell
GOLGA5,0.8355684810923074,-0.028194781733062668,1,1,1,CD8 T cell
NAP1L2,0.8357195925200378,0.028524357780743026,1,1,1,CD8 T cell
IRF7,0.8357376048572847,-0.003875074436824999,1,1,1,CD8 T cell
ST6GALNAC6,0.8357391677112611,0.028228476571251715,1,1,1,CD8 T cell
KPNA5,0.8357512912800966,0.028620994123256027,1,1,1,CD8 T cell
ZSCAN29,0.8357518638708555,0.07687745985492289,1,1,1,CD8 T cell
SLC41A1,0.8357660981548629,0.014796515588239911,1,1,1,CD8 T cell
UCK1,0.8358096923484545,-0.039764407137664604,1,1,1,CD8 T cell
HOXC6,0.8358150608136233,-0.014085235494949888,0.333,0.5,1,CD8 T cell
GCSAML,0.835831959428851,-0.00354744423593667,0.25,0.333,1,CD8 T cell
FILIP1,0.8358471190725192,-0.0013010924813778857,0.25,0.25,1,CD8 T cell
ZNF45,0.8359900280351836,-0.012423196280867632,1,1,1,CD8 T cell
ZNF74,0.8360111537261568,0.011057452977409898,1,1,1,CD8 T cell
MBD2,0.8360308726231742,0.022244617336766748,1,1,1,CD8 T cell
SAMD3,0.8360670239860847,-0.003489942916261146,1,1,1,CD8 T cell
MIF4GD,0.8361164637522132,-0.006611875212227614,1,1,1,CD8 T cell
LAMB3,0.8361377465156978,-0.029136280894749955,0.75,0.833,1,CD8 T cell
GALNT1,0.8361407519713822,0.020769760394189873,1,1,1,CD8 T cell
NPAS3,0.8362086133643417,-0.0024509531867673573,0,0.167,1,CD8 T cell
OGDHL,0.8362086133643417,-0.0024509531867673573,0,0.167,1,CD8 T cell
FGR,0.8362390537913094,-0.014208856178780982,1,1,1,CD8 T cell
FAM20A,0.8363071489434803,0.0018326729094813032,0.167,0.083,1,CD8 T cell
MEF2D,0.836424613961229,0.012736327249789348,1,1,1,CD8 T cell
RAB40B,0.8364505621712361,0.024461001427657614,1,1,1,CD8 T cell
ALG13,0.8364587896488813,-0.002799761567236825,1,1,1,CD8 T cell
AURKAIP1,0.8365701527250955,-0.017980957729779867,1,1,1,CD8 T cell
KLHL26,0.8366079306095177,0.03237037563157852,1,1,1,CD8 T cell
HOXA3,0.8367582399082352,0.00151533845198637,0.417,0.25,1,CD8 T cell
GPR18,0.8367697248303934,0.025104323673637463,1,1,1,CD8 T cell
ZW10,0.8368039619419337,0.037335431137159425,1,1,1,CD8 T cell
TXNRD1,0.8368360193616398,0.007203865843778273,1,1,1,CD8 T cell
USP9X,0.8368607927729466,-0.004973431138736606,1,1,1,CD8 T cell
EMC8,0.8368897669005095,-0.009394419109473029,1,1,1,CD8 T cell
PCDHGA8,0.8368907007154754,-0.023330588352592052,0.75,0.917,1,CD8 T cell
NPTX1,0.8369309994542844,0.029910806854275496,0.667,0.75,1,CD8 T cell
ZXDB,0.836937107498396,-0.028842106743557583,1,1,1,CD8 T cell
ZC3H7B,0.8369671321505622,0.02658006371746527,1,1,1,CD8 T cell
NOD2,0.8369681888835888,-0.035164120575926106,1,1,1,CD8 T cell
ZNF232,0.8369992659133665,-0.0012402441387462382,1,1,1,CD8 T cell
TBC1D19,0.83711793141162,0.020355569525000033,1,1,1,CD8 T cell
B3GNT4,0.8372085669128161,0.02102617027116427,0.75,0.583,1,CD8 T cell
ADCY5,0.8372667184691138,-0.0035103322310856555,0,0.167,1,CD8 T cell
ITCH,0.8372955620077651,-0.00961942255163084,1,1,1,CD8 T cell
IL1R1,0.8374037781921114,-0.00968064945698277,0.5,0.583,1,CD8 T cell
RFLNB,0.8374329578827768,0.030573538510252185,1,1,1,CD8 T cell
CPLANE1,0.8374444241948209,0.010755917761796518,1,1,1,CD8 T cell
SHC3,0.8374671492071459,-0.026198018228521303,0.25,0.333,1,CD8 T cell
SFXN3,0.8374814180984873,0.04368064314624509,1,1,1,CD8 T cell
N4BP2L2,0.8375210694690787,-0.003061824472126773,1,1,1,CD8 T cell
COQ10A,0.8375552207015491,-0.008359636837243167,1,1,1,CD8 T cell
CERK,0.8375959231625512,-0.00551909980681653,1,1,1,CD8 T cell
PKP2,0.8376463692987801,0.0020302137472762993,0.167,0,1,CD8 T cell
CECR2,0.8376463692987801,0.0020302137472762993,0.167,0,1,CD8 T cell
TENM4,0.8376463692987801,0.0020302137472762993,0.167,0,1,CD8 T cell
WNK2,0.8376463692987801,0.0020302137472762993,0.167,0,1,CD8 T cell
CACNA1E,0.8376463692987801,0.0020302137472762993,0.167,0,1,CD8 T cell
SAMD4B,0.8376500790211499,0.014902654229918766,1,1,1,CD8 T cell
SCGB3A1,0.8376843836335564,-0.04207279808077313,0.333,0.5,1,CD8 T cell
STT3B,0.8376866191443975,0.025336132665626065,1,1,1,CD8 T cell
BTLA,0.8377215226028345,-0.014481125314328214,1,1,1,CD8 T cell
ARL14EP,0.8379262038304697,0.028438554007226904,1,1,1,CD8 T cell
SHKBP1,0.8379437752210448,0.0035250224353507997,1,1,1,CD8 T cell
POLN,0.8379565200274603,-0.0014135303219644513,0.75,0.75,1,CD8 T cell
GNA11,0.8379598094886649,-0.030417504945730478,0.75,0.917,1,CD8 T cell
HSD17B4,0.8379659122080845,0.0014750129091505582,1,1,1,CD8 T cell
SZT2,0.8379948323887817,-0.023675178610746528,1,1,1,CD8 T cell
ZNF878,0.8380259147825272,0.00970220751101225,0.667,0.333,1,CD8 T cell
AZIN2,0.8380979454354441,0.009103207818768944,1,1,1,CD8 T cell
BOD1L1,0.8381075263828442,0.008066790497368762,1,1,1,CD8 T cell
LRFN2,0.8381544453008963,-0.035821370153906074,1,0.917,1,CD8 T cell
IRS2,0.8381817238077947,-0.043594499323028835,1,1,1,CD8 T cell
ARMH1,0.8382040361573473,0.031168396174538593,0.917,0.833,1,CD8 T cell
SSBP2,0.8382321362486737,0.04617177102778092,1,1,1,CD8 T cell
SLC16A14,0.8382554711665696,-0.020669666921630636,0.833,0.75,1,CD8 T cell
ISM2,0.8383593298198655,-0.0017546355231430333,0.083,0.25,1,CD8 T cell
PARM1,0.8384747054444442,-0.0020270061121658856,0.25,0.25,1,CD8 T cell
AGO1,0.8384931725955242,-0.023970586974876085,1,1,1,CD8 T cell
ZC3H12B,0.8385006062723717,-0.004919353885097788,1,1,1,CD8 T cell
DSE,0.838526062562402,0.04664777689148103,1,1,1,CD8 T cell
LMX1B,0.8386138372045392,-0.002352678342865566,0,0.167,1,CD8 T cell
STX4,0.8386344496296098,0.017728207924313955,1,1,1,CD8 T cell
ZNF559,0.8386519687824067,0.04229628195811541,1,1,1,CD8 T cell
SMIM30,0.8386806055158624,0.019249234824518013,1,1,1,CD8 T cell
SARS1,0.8386878040811709,0.05040574505585227,1,1,1,CD8 T cell
NRDE2,0.8387947376946645,-0.05978891232356176,1,1,1,CD8 T cell
LRIG3,0.838840664589208,0.0017935845013679064,0.167,0.083,1,CD8 T cell
STOML3,0.8388469868701536,-0.00888176480866365,0.083,0.167,1,CD8 T cell
SCPEP1,0.8389677769588804,0.03262363792551004,1,1,1,CD8 T cell
SURF4,0.8389784048202051,0.012992348543136661,1,1,1,CD8 T cell
COL8A2,0.8389903617284982,0.01424697313742529,0.167,0.083,1,CD8 T cell
USPL1,0.8390450910547483,-0.008718199684749184,1,1,1,CD8 T cell
UGT3A2,0.8390512727427636,0.004878125363664942,0.417,0.25,1,CD8 T cell
TLCD1,0.8390713831473303,-0.021964957375383065,0.667,0.833,1,CD8 T cell
OLFM1,0.8391201323593365,-0.002246423124458552,0.25,0.417,1,CD8 T cell
ASH2L,0.8391279337916168,0.03508568401879597,1,1,1,CD8 T cell
PARP12,0.839165881270089,-0.0056521961300073364,1,1,1,CD8 T cell
FBL,0.8391895389825116,0.017682200657587188,1,1,1,CD8 T cell
TKTL1,0.8391905724197065,0.0610701881905924,1,1,1,CD8 T cell
DNAJC19,0.8392015288624952,-0.030213463710075494,1,1,1,CD8 T cell
SLC35B1,0.8392356013717563,0.011601469718065471,1,1,1,CD8 T cell
DNAJC22,0.8392753740489002,0.001893026880850357,0.083,0.167,1,CD8 T cell
MXRA7,0.8393136081567987,-0.046361870056840004,1,1,1,CD8 T cell
SNRPC,0.839330859464283,0.01423840404573884,1,1,1,CD8 T cell
KCNJ11,0.8393461481069567,0.006799352864239161,0.667,0.667,1,CD8 T cell
RNF208,0.8394250491534591,0.01620945750053826,0.917,0.917,1,CD8 T cell
TMEM216,0.839480436827112,0.008785742841744826,1,1,1,CD8 T cell
MOXD1,0.8395697402544801,-0.002475939995210119,0.167,0.333,1,CD8 T cell
EGR4,0.8395904482461616,-0.006214643117779861,0.167,0.25,1,CD8 T cell
SLC49A4,0.8396549288732923,0.029388441902278517,1,1,1,CD8 T cell
ATP23,0.8397801897957522,0.04693442590193242,1,1,1,CD8 T cell
JRKL,0.8397964030543812,0.00887036415294662,1,1,1,CD8 T cell
PSPH,0.839806295950553,-0.04185201193835475,1,1,1,CD8 T cell
PTP4A3,0.8398491315643065,0.06405986193595803,1,1,1,CD8 T cell
PARK7,0.8398680078660257,-0.0056922631100434495,1,1,1,CD8 T cell
CRACD,0.839874900013146,-0.010394227182783489,0.167,0.333,1,CD8 T cell
LRFN4,0.8398916875323157,-0.0289751532612339,1,1,1,CD8 T cell
SWSAP1,0.8399189105673627,-0.0102291906166192,1,1,1,CD8 T cell
KRT17,0.8399802097017219,0.007124009710501422,0.167,0.083,1,CD8 T cell
IFT122,0.8399908905195312,-0.06324916414557791,1,1,1,CD8 T cell
SASS6,0.8400083576666353,0.037220087075712005,1,1,1,CD8 T cell
SAMD8,0.8400136729176577,0.012915366077695278,1,1,1,CD8 T cell
KANSL1,0.8400137608875802,-0.004341455855320753,1,1,1,CD8 T cell
SLCO4C1,0.8400646176189784,0.04041691751009976,1,1,1,CD8 T cell
GARIN4,0.8401991053042764,0.005461312180293998,0.167,0.083,1,CD8 T cell
EVC,0.8402288899964341,-0.02452182070951947,0.917,0.917,1,CD8 T cell
ACTR1A,0.8402602172127747,-0.010554885959191351,1,1,1,CD8 T cell
OGFOD1,0.8402633943478923,-0.0047832469150726475,1,1,1,CD8 T cell
AMHR2,0.8402944516063122,-0.0023333380057173336,0.417,0.417,1,CD8 T cell
AP2A1,0.8402950202694229,-0.021507726279850772,1,1,1,CD8 T cell
POLR2A,0.8403458163384043,0.033996307479109644,1,1,1,CD8 T cell
CLEC4G,0.8404002260448828,0.009568889746277787,0.083,0.25,1,CD8 T cell
CLEC2A,0.8404726671662672,-0.005281605973788128,0,0.167,1,CD8 T cell
HECTD4,0.8406041572486814,-0.015183783067848622,1,1,1,CD8 T cell
WDR41,0.8407101527279247,0.03673918219470307,1,1,1,CD8 T cell
CST6,0.8407134413327031,-0.002900706001788045,0.25,0.25,1,CD8 T cell
FBXL3,0.8407343225830738,-0.010249462356878292,1,1,1,CD8 T cell
IFNA16,0.84083971691409,0.003201210298027224,0.167,0.083,1,CD8 T cell
INSR,0.8409107265329938,0.003987544227750828,0.833,0.667,1,CD8 T cell
EVI5,0.8409543793722406,0.017451842035620224,1,1,1,CD8 T cell
LGSN,0.8410188050403065,-0.007541882840041758,0.25,0.333,1,CD8 T cell
ELP5,0.8410278508848379,-0.00995978059326208,1,1,1,CD8 T cell
KCNE4,0.8410595488071587,-0.002355911958961787,0,0.167,1,CD8 T cell
GPX3,0.8410595488071587,-0.002355911958961787,0,0.167,1,CD8 T cell
TMCO3,0.8410848663927237,0.0437490016423947,1,1,1,CD8 T cell
HAO1,0.8411376627921361,-8.880637597914465e-4,0.083,0.25,1,CD8 T cell
VN1R1,0.8411396991247594,0.022885556753182268,0.917,1,1,CD8 T cell
PRMT9,0.8411590539060085,-0.026651288468558576,1,1,1,CD8 T cell
DKK3,0.8411871829319201,0.06579197091131972,1,0.833,1,CD8 T cell
STK38L,0.8413548320878526,0.03381566785528556,1,1,1,CD8 T cell
PARS2,0.8414270870813897,0.023419173312348995,1,1,1,CD8 T cell
TUT7,0.8414590285525629,0.020709660913161176,1,1,1,CD8 T cell
TM2D2,0.8414612644119138,0.01913139150722487,1,1,1,CD8 T cell
CDKL3,0.8414961836557298,-0.02496584439311489,1,1,1,CD8 T cell
NSF,0.8415015934722341,-0.0040395190748886145,1,1,1,CD8 T cell
OR6C70,0.8415319900673968,0.003798910573878267,0.167,0.083,1,CD8 T cell
SART3,0.8415370371232405,0.004609368752084354,1,1,1,CD8 T cell
CAPZB,0.8416382017696001,0.018792437040226595,1,1,1,CD8 T cell
IDH3G,0.8416438707437662,-0.008133123456280922,1,1,1,CD8 T cell
FBXO34,0.8417570949113793,0.03470502137643816,1,1,1,CD8 T cell
IFI6,0.841788612334431,-0.007851345836253687,1,1,1,CD8 T cell
ARMT1,0.8417998363204644,0.021781123780592715,1,1,1,CD8 T cell
OOSP1,0.8418407098893321,-0.007907415284678976,0.25,0.333,1,CD8 T cell
RCSD1,0.841912859529483,0.020771845462191463,1,1,1,CD8 T cell
NFU1,0.8419275274904117,-0.013522330068791999,1,1,1,CD8 T cell
ZNF780A,0.8419342027648314,0.03620312155888317,1,1,1,CD8 T cell
ERG,0.8419584336666723,-0.004630470010083432,0,0.167,1,CD8 T cell
SLC2A2,0.8419584336666723,-0.004630470010083432,0,0.167,1,CD8 T cell
PIP4P1,0.8419749048671441,0.03302754468262914,1,1,1,CD8 T cell
ST3GAL3,0.8420153967635837,-0.015373173194306422,1,1,1,CD8 T cell
SACS,0.8420369055812781,0.033289260414531396,1,1,1,CD8 T cell
S1PR3,0.8420675451440303,0.005045685114977161,0.667,0.75,1,CD8 T cell
TRA2A,0.8421104867610203,0.0031921817258147023,1,1,1,CD8 T cell
FCRL5,0.8421638298752487,0.01824500065396739,0.75,0.583,1,CD8 T cell
RILPL2,0.8422234466935585,0.03288829627571327,1,1,1,CD8 T cell
PNCK,0.8422606604923124,-0.002533861318376296,0.583,0.5,1,CD8 T cell
MED19,0.8422720459942539,0.03133824185708467,1,1,1,CD8 T cell
ADAM19,0.8423031663925451,0.059711825113083705,1,1,1,CD8 T cell
DCTN3,0.8423576295942068,0.031349691667184765,1,1,1,CD8 T cell
FCHO1,0.8424119055942338,-0.02770200988319088,1,1,1,CD8 T cell
WASL,0.8424479477869299,0.04159301703307483,1,1,1,CD8 T cell
GTSE1,0.8424522595816365,-0.0032791323737009215,1,1,1,CD8 T cell
PURG,0.8424810541660794,0.005237295241099282,0.417,0.333,1,CD8 T cell
MEIKIN,0.8425887879645254,0.007106438587156649,1,1,1,CD8 T cell
CBL,0.8426199042279026,-0.0010127899665823281,1,1,1,CD8 T cell
DDX51,0.8427333273076376,-0.005198827553552832,1,1,1,CD8 T cell
ZMYM4,0.8427919560640296,-0.048991524466157066,1,1,1,CD8 T cell
CCDC68,0.8428892851426418,-0.004705929835552958,0.5,0.417,1,CD8 T cell
CILP,0.8429080613525527,0.05015472907590768,1,0.75,1,CD8 T cell
SORL1,0.842983120530451,0.03434444601490094,1,1,1,CD8 T cell
SEC23IP,0.8429883463739148,0.011452405492949028,1,1,1,CD8 T cell
CENPU,0.8430106238006468,0.01207850502591068,1,1,1,CD8 T cell
HEATR6,0.8430210666996023,-0.034178144740360406,1,1,1,CD8 T cell
STIP1,0.8430315395500151,3.696759503977187e-4,1,1,1,CD8 T cell
NDUFAF8,0.843051432520628,0.014862978563779591,1,1,1,CD8 T cell
PLAAT1,0.8430632416732324,-0.009994584957774055,0,0.167,1,CD8 T cell
DPP4,0.8431353331407495,0.09482261780398127,1,1,1,CD8 T cell
ANKHD1,0.8431586257280572,0.011292669258679,1,1,1,CD8 T cell
GAS2L1,0.8431600034242684,-0.004207364292561078,0.583,0.583,1,CD8 T cell
TMEM260,0.8432065781637449,0.011847483212830245,1,1,1,CD8 T cell
ZNF512B,0.843233491793763,0.040160532137876626,1,1,1,CD8 T cell
ZNF829,0.8432439921714299,-0.06469552759926334,1,1,1,CD8 T cell
NGLY1,0.8432633968510289,0.025043930428603756,1,1,1,CD8 T cell
KCNJ10,0.843378334097751,0.028206781178294005,0.083,0.083,1,CD8 T cell
LTBP1,0.8433814755281204,-0.007485884834262269,0.583,0.667,1,CD8 T cell
HERC1,0.843461971533866,-0.0069367711178763836,1,1,1,CD8 T cell
ZSCAN21,0.8434666615751071,0.006815466924979141,1,1,1,CD8 T cell
LY86,0.8435865532484941,-0.001110595695635208,0.917,1,1,CD8 T cell
CAPN15,0.843650174644847,-0.023790302407619368,1,1,1,CD8 T cell
CYB5B,0.8438366354221314,0.01763504908913449,1,1,1,CD8 T cell
TANGO2,0.8438721580552229,-0.005923279573246898,1,1,1,CD8 T cell
INTS13,0.84393305549554265,-0.01952436011951958,1,1,1,CD8 T cell
ENPP7,0.844021827524809,-0.008799481288267685,0.083,0.167,1,CD8 T cell
SPATS2L,0.8441004637263194,0.033404450714014766,1,1,1,CD8 T cell
DRAM1,0.8441766090605959,-0.009844089621663166,1,1,1,CD8 T cell
SQLE,0.8442126135266588,-0.015390626109457628,1,1,1,CD8 T cell
CEP76,0.844257424577589,0.006103888319816786,1,1,1,CD8 T cell
RWDD1,0.8442860819413858,-0.0182826727988403,1,1,1,CD8 T cell
STRN3,0.8443516749615912,0.01766782585291371,1,1,1,CD8 T cell
ZNF337,0.8443708108998808,-7.652985557512482e-4,1,1,1,CD8 T cell
CDKL4,0.8443904114026719,0.008983945067104315,0.667,0.75,1,CD8 T cell
PCCA,0.8444145020852292,0.011577438788192507,1,1,1,CD8 T cell
ZNF98,0.8444361862251102,-0.014966057539422373,0.417,0.5,1,CD8 T cell
EXOSC10,0.8444421995801346,-0.0076875641334031575,1,1,1,CD8 T cell
B4GALNT1,0.8444666347297014,-0.0017043495746045245,0.25,0.25,1,CD8 T cell
CRCP,0.8444992074336903,0.003979344176544386,1,1,1,CD8 T cell
KIAA1143,0.8445427429060961,0.00804573798199637,1,1,1,CD8 T cell
SGSM1,0.8445595248750634,-0.015811422939415287,1,1,1,CD8 T cell
CES3,0.8446305444965863,-0.0020731418707313765,0.083,0.167,1,CD8 T cell
AOX1,0.8446321114471234,-0.0022974444283323514,0,0.167,1,CD8 T cell
RTKN,0.8446895601229458,-0.04816056519302192,0.917,1,1,CD8 T cell
AP2B1,0.8447780077141432,0.0017077855427323763,1,1,1,CD8 T cell
CFHR3,0.8448100327965947,0.002149889537942151,0.083,0.083,1,CD8 T cell
HBM,0.8448100327965947,0.002149889537942151,0.083,0.083,1,CD8 T cell
GUSB,0.8448143205506168,0.017597282311743234,1,1,1,CD8 T cell
OSCP1,0.8448282758254033,0.006095041170856685,0.667,0.75,1,CD8 T cell
SKOR1,0.8449619930111096,0.05115831705375662,1,1,1,CD8 T cell
ZNF850,0.8449740220432969,-0.010049890464907563,1,1,1,CD8 T cell
MFGE8,0.8450048261426641,0.04907693875256669,1,1,1,CD8 T cell
POP4,0.8450103049443025,0.026531710674414608,1,1,1,CD8 T cell
C6orf62,0.8450149791441166,-0.014688213238595815,1,1,1,CD8 T cell
OLA1,0.8450774475513061,-0.056165189691601336,1,1,1,CD8 T cell
SND1,0.8451261946052627,0.006885701814496992,1,1,1,CD8 T cell
PLAC8,0.8451286390227725,-0.0394263333310656,1,1,1,CD8 T cell
ZFYVE28,0.8452123330011011,-0.02600326171538619,1,1,1,CD8 T cell
RGS10,0.8452601567823927,0.022226722227053436,1,1,1,CD8 T cell
DLX1,0.8452685448328059,0.009907605983818346,0.167,0,1,CD8 T cell
BICRA,0.8452756881928457,0.027826461727099905,1,1,1,CD8 T cell
RAB10,0.8453548842638374,0.016630099222138206,1,1,1,CD8 T cell
SLC35D2,0.8453575775642082,-0.006186948114641266,1,1,1,CD8 T cell
SWT1,0.8455211429039983,-0.04725344742650983,1,1,1,CD8 T cell
IDH3B,0.8455277069157765,0.025049591380666647,1,1,1,CD8 T cell
CLCA2,0.8455954904048767,0.035335877551000205,0.167,0.167,1,CD8 T cell
ZNF121,0.8456223335214036,-4.869000270981694e-4,1,1,1,CD8 T cell
RBM12B,0.8456485544156926,0.035477825000559404,1,1,1,CD8 T cell
TMEM150B,0.8457008471002121,-0.006973229824616123,0.583,0.583,1,CD8 T cell
HYAL4,0.8457028677603211,0.0037930069756835216,0.167,0.083,1,CD8 T cell
IRF4,0.8459022324267091,-0.037250143609109276,1,1,1,CD8 T cell
NEDD8,0.8459028499708883,-3.844478532994966e-4,1,1,1,CD8 T cell
GML,0.8459114148330603,-0.030930343230909152,0.917,1,1,CD8 T cell
VAV3,0.8459385770126983,-0.027378103115947156,1,1,1,CD8 T cell
VSTM2B,0.8459866885729542,-0.030502802836389176,0.75,0.75,1,CD8 T cell
MAP3K8,0.8460194215477137,-0.021502721175464812,1,1,1,CD8 T cell
QTRT1,0.8460212678529655,0.022284564566540155,1,1,1,CD8 T cell
ARIH1,0.8460262229772669,0.0064262152035176046,1,1,1,CD8 T cell
WSCD1,0.8460765951604936,0.0027760552951971995,0.583,0.583,1,CD8 T cell
CAMK4,0.8461212952479455,0.04797830923607418,1,1,1,CD8 T cell
DEXI,0.8461481777576638,0.003756107849052448,1,1,1,CD8 T cell
C1GALT1C1,0.8461561087883693,-0.006485995884534246,1,1,1,CD8 T cell
ISYNA1,0.8461744515867882,0.006372577180758565,1,1,1,CD8 T cell
PSMD6,0.846181249797685,0.03180310274651883,1,1,1,CD8 T cell
CD300LD,0.8462368017049624,-0.009546271589232713,0,0.167,1,CD8 T cell
TFPI2,0.8462368027323754,-0.015128898851459294,0,0.167,1,CD8 T cell
IFFO1,0.8462992163900216,0.021388372112308263,1,1,1,CD8 T cell
GPRASP2,0.8463348236519077,-0.04512148098824431,1,1,1,CD8 T cell
CNR2,0.8463432331271745,0.07811591543664065,1,1,1,CD8 T cell
JPH4,0.8463478046229309,-0.003421834961779169,0,0.167,1,CD8 T cell
PGC,0.8463478046229309,-0.003421834961779169,0,0.167,1,CD8 T cell
UPK1B,0.8463478046229309,-0.003421834961779169,0,0.167,1,CD8 T cell
FAM9B,0.8463478046229309,-0.003421834961779169,0,0.167,1,CD8 T cell
DLG4,0.8463972853646271,0.012098203101544414,1,1,1,CD8 T cell
ACTL6A,0.846451732832866,0.03642771911278597,1,1,1,CD8 T cell
TMEM156,0.846570352786895,0.04379995308814544,1,1,1,CD8 T cell
CDC34,0.8466880352788932,0.022969162019803535,1,1,1,CD8 T cell
GYPE,0.8467028421788906,0.032270808761213576,0.75,0.667,1,CD8 T cell
MAGT1,0.8467218543757544,8.279043130287045e-4,1,1,1,CD8 T cell
PEX11B,0.846722613406599,0.0028498655976961773,1,1,1,CD8 T cell
SMDT1,0.8467561696411181,0.041927629766328356,1,1,1,CD8 T cell
DPM1,0.8467960831118986,-0.001867385636549701,1,1,1,CD8 T cell
IL21,0.84683894675579,-0.004629214892908351,0.167,0.333,1,CD8 T cell
PET117,0.8468712404431601,-0.006388599367997738,1,1,1,CD8 T cell
CNTLN,0.8468972093321218,0.021747646895266648,1,0.917,1,CD8 T cell
NMB,0.8469153492649084,-0.05619166510990414,1,1,1,CD8 T cell
DEPDC1,0.8470078647721127,-0.02727340920374699,1,1,1,CD8 T cell
POC5,0.8470469805328407,-0.0596484711132641,1,1,1,CD8 T cell
YPEL4,0.8470486013447439,-0.001511824708450682,1,1,1,CD8 T cell
RAMP3,0.8470833613863287,0.0035215419782939072,0.167,0.167,1,CD8 T cell
NRXN1,0.847196710781609,-0.0016764663786252854,0.083,0.25,1,CD8 T cell
TCF20,0.8472007252909913,0.004357447670680192,1,1,1,CD8 T cell
SAP30L,0.8472117842601297,0.038287310247487216,1,1,1,CD8 T cell
NEK7,0.847235877467679,0.024234860417535087,1,1,1,CD8 T cell
URB2,0.8472759875661378,-0.08170616396317376,1,1,1,CD8 T cell
NIBAN1,0.8473101483417367,0.024735479150277184,1,1,1,CD8 T cell
SLC25A43,0.8475151233008897,-0.03880853043860144,1,1,1,CD8 T cell
EIF3B,0.847520489147559,0.020537725514772398,1,1,1,CD8 T cell
IDH2,0.8475505316453681,0.03315038011193194,1,1,1,CD8 T cell
CHRFAM7A,0.8475632015778852,-0.001576294606519646,0.083,0.25,1,CD8 T cell
TTLL7,0.8475711125573842,-0.040383668372198755,0.833,0.75,1,CD8 T cell
SLC37A3,0.8475736190042481,-0.010893219608652416,1,1,1,CD8 T cell
STX8,0.8475884282344099,0.004736198016960291,1,1,1,CD8 T cell
SGO2,0.8476814880144049,0.03470580472110152,1,1,1,CD8 T cell
CYC1,0.8477321998107141,0.013132809025608705,1,1,1,CD8 T cell
LASP1NB,0.8477770857996436,-0.015287632745572433,1,1,1,CD8 T cell
BTN1A1,0.8477800139114002,-0.0012846267705617365,0.083,0.167,1,CD8 T cell
LUZP1,0.8477829188816209,0.03231885184737551,1,1,1,CD8 T cell
IDNK,0.847838973174806,-0.0076442074709837105,1,1,1,CD8 T cell
TCAF1,0.8478437744270131,0.022252169808103628,1,1,1,CD8 T cell
NPW,0.847872280073946,-0.0011534848557270827,0.25,0.5,1,CD8 T cell
CABP7,0.8480013460374567,0.010873106330029358,0.667,0.583,1,CD8 T cell
COA8,0.8480836601559855,0.014887731597722165,1,1,1,CD8 T cell
FRZB,0.8481084263929156,-0.001434714852840635,0.25,0.25,1,CD8 T cell
ZBTB5,0.8481104254622485,-0.014210990485452601,1,1,1,CD8 T cell
PYM1,0.8481521539319687,0.0053517643167263484,1,1,1,CD8 T cell
KLRF1,0.8482495384400489,-0.046600288492699815,1,1,1,CD8 T cell
LITAFD,0.848306350740707,-0.0010545835081874344,0.333,0.417,1,CD8 T cell
FBXO2,0.8483228681986446,-0.03661475670085457,1,1,1,CD8 T cell
SSPN,0.8484287171845957,0.005332088483479769,0.167,0.167,1,CD8 T cell
ZNF516,0.8484330855638075,0.04509808448962627,1,1,1,CD8 T cell
SRMS,0.8484744454598092,-0.006581969161038703,0.083,0.167,1,CD8 T cell
PITPNB,0.8485422338344994,-7.427825072187644e-4,1,1,1,CD8 T cell
FXN,0.8486815323770722,-0.007643726132956941,1,1,1,CD8 T cell
PARVB,0.8487039126192186,-0.033672465556275455,1,1,1,CD8 T cell
SCAMP3,0.8487169811340272,0.006061328094460524,1,1,1,CD8 T cell
CILK1,0.8487347837390418,0.02048467239009444,1,1,1,CD8 T cell
FLT3,0.8488586999913171,0.009102638893800918,0.667,0.417,1,CD8 T cell
ARPC1B,0.848876127810653,0.024904938115560604,1,1,1,CD8 T cell
CLEC6A,0.8488805831849502,-0.0031764294486462674,0.417,0.5,1,CD8 T cell
WDR59,0.8489487924960197,0.036391685213807645,1,1,1,CD8 T cell
EFNB1,0.8490642450686043,-0.016067278559589226,1,1,1,CD8 T cell
ZNF534,0.8490878578997051,-1.5567951158645954e-4,0.333,0.25,1,CD8 T cell
MLLT6,0.8491218015463413,-1.7836011088512294e-4,1,1,1,CD8 T cell
SAYSD1,0.849219174647848,0.008317838209518813,1,1,1,CD8 T cell
RETSAT,0.8492210211241807,0.0019110885283712964,1,1,1,CD8 T cell
CCHCR1,0.8492420482212111,0.0248732520039312,1,1,1,CD8 T cell
EFHD2,0.8492609873021553,0.025620104034347335,1,1,1,CD8 T cell
SEPTIN9,0.8493681423880015,-0.0034574943204241926,1,1,1,CD8 T cell
WDR4,0.8493688705257809,-0.023820915660942354,1,1,1,CD8 T cell
ATP5F1B,0.8493766981951609,0.004803098235961811,1,1,1,CD8 T cell
C4orf3,0.8493779568966315,0.017660134670024474,1,1,1,CD8 T cell
WIPI1,0.849484386200938,-0.019928793601620365,1,1,1,CD8 T cell
TMEM223,0.8495702835039155,-0.017197473593356216,1,1,1,CD8 T cell
GPR88,0.8496185592998599,0.02985760692531203,0.25,0.333,1,CD8 T cell
ITIH1,0.8496221954672,-0.009841876820660733,0,0.167,1,CD8 T cell
LYVE1,0.8496221957369998,-0.009488094740358388,0,0.167,1,CD8 T cell
PIAS4,0.8496333537659829,-0.006000630386097661,1,1,1,CD8 T cell
CSTF1,0.8496494299710984,0.027239187355041716,1,1,1,CD8 T cell
EFHD1,0.8496822707026496,-0.011460054880021442,0.917,0.833,1,CD8 T cell
ABAT,0.8497140857307228,0.07437848339261421,1,1,1,CD8 T cell
DNPEP,0.8498007267751172,-0.0058981669674773585,1,1,1,CD8 T cell
CAB39,0.8498054404862587,-0.007276488882276944,1,1,1,CD8 T cell
ESF1,0.8499098731934809,0.007242826496840826,1,1,1,CD8 T cell
GCSAM,0.8499160877793612,-0.049281618678434835,1,1,1,CD8 T cell
GDPD5,0.8499784338804303,-0.038603846339446635,1,1,1,CD8 T cell
FUNDC1,0.8499878587203116,0.010859867373009147,1,1,1,CD8 T cell
RSPH4A,0.8500036062253685,0.019020690763557724,1,1,1,CD8 T cell
AXL,0.8500038164229442,0.015464944753679877,0.167,0.083,1,CD8 T cell
SYK,0.8500711345227421,0.019762765063048526,1,1,1,CD8 T cell
HPSE2,0.8502220680897208,0.0035247769449462396,0.167,0.167,1,CD8 T cell
GPR17,0.8502535042778367,0.0024660310988235956,0.083,0,1,CD8 T cell
CTXND2,0.8502535042778367,0.0024660310988235956,0.083,0,1,CD8 T cell
YAP1,0.8502563615027294,-0.01037611806901273,0.583,0.583,1,CD8 T cell
NCALD,0.8502796766611106,0.017847895256379198,1,1,1,CD8 T cell
SNAPC1,0.8502799114330317,0.034662763322560686,1,1,1,CD8 T cell
NOTCH1,0.8504041422815687,0.018876454656558204,1,1,1,CD8 T cell
TRAK1,0.8505211942373812,0.03360112844346452,1,1,1,CD8 T cell
SLC35G5,0.8505396732031159,0.00801520551186119,0.917,0.75,1,CD8 T cell
BTN2A1,0.8505422910408972,-0.002112243795302171,1,1,1,CD8 T cell
DCHS1,0.8505510716800464,-0.04640333352080006,1,1,1,CD8 T cell
LSM7,0.8505889543149909,-0.0024582797152223612,1,1,1,CD8 T cell
MAP2K3,0.8506533883617967,-0.011995690081375798,1,1,1,CD8 T cell
GGA3,0.8506590419714517,0.033947728352069544,1,1,1,CD8 T cell
ABCA9,0.8507159632919172,0.015041372271967113,0.5,0.333,1,CD8 T cell
ZBTB38,0.8507327185668678,-0.021385747449097936,1,1,1,CD8 T cell
MMAB,0.8507978801910205,-0.008668445782547884,1,1,1,CD8 T cell
BPTF,0.8508511593823533,0.01862406037293063,1,1,1,CD8 T cell
ZZZ3,0.8508906262532114,0.006738933575635098,1,1,1,CD8 T cell
OAS2,0.8509208379514414,0.023482467456663603,1,1,1,CD8 T cell
PLGRKT,0.8509486419646765,0.03335140352227972,1,1,1,CD8 T cell
COL27A1,0.850996275625956,4.5864650480886837e-4,0.333,0.5,1,CD8 T cell
BBLN,0.8510419809467238,0.02497453642537173,1,1,1,CD8 T cell
GALR2,0.8510835307129645,-0.007638561482009365,0.083,0.167,1,CD8 T cell
ANK2,0.8510948092770386,0.0053256047674188345,0.167,0.083,1,CD8 T cell
SLC9A4,0.8510954097030594,0.0015993845393063033,0.167,0.083,1,CD8 T cell
AGPAT4,0.8511473315128271,-0.015143197113299645,1,1,1,CD8 T cell
ZNF732,0.8512024049741351,-0.001081796812256286,0.167,0.083,1,CD8 T cell
SGSM2,0.8513946451816933,-0.00739229934228447,1,1,1,CD8 T cell
TRAT1,0.8515079940209398,0.06078883915255495,1,1,1,CD8 T cell
PHC3,0.8515253384230812,-0.007704633651700599,1,1,1,CD8 T cell
ZFAND5,0.8515764203092762,-0.016132118178672217,1,1,1,CD8 T cell
STAT5A,0.8517545897465528,0.01119553261745565,1,1,1,CD8 T cell
CBLB,0.851755644986446,-0.011727419292806074,1,1,1,CD8 T cell
BBS5,0.8517816211598007,-0.00657894293240302,1,1,1,CD8 T cell
SLC25A3,0.8518365181561856,0.003403387020215476,1,1,1,CD8 T cell
NMI,0.8520249882346175,-0.012083219510100884,1,1,1,CD8 T cell
CCDC148,0.85216058482329,-0.008312640802414784,0.417,0.5,1,CD8 T cell
LRRFIP1,0.8521900527406663,-0.008119465229149414,1,1,1,CD8 T cell
ZNF324B,0.8522179131110718,-0.014745795467685063,0.5,0.583,1,CD8 T cell
ZDHHC11B,0.8522188605158229,-0.019906689953518963,0.417,0.5,1,CD8 T cell
FGFBP2,0.8522477674882507,-0.044201942778872017,1,1,1,CD8 T cell
NDUFA2,0.8522769295156558,0.0018819587431613272,1,1,1,CD8 T cell
CHGB,0.85233027246354,-5.129161824735107e-4,0.083,0.167,1,CD8 T cell
C1orf116,0.8524286482784241,-0.014819994520472779,0.667,0.833,1,CD8 T cell
BMP8B,0.852437868776255,-0.01231999923107141,1,1,1,CD8 T cell
NTAN1,0.8524790264857888,0.023269216384000035,1,1,1,CD8 T cell
CCNI2,0.8526336461170968,0.02665935610585901,1,1,1,CD8 T cell
PLRG1,0.8527560495305951,0.0038246575937492255,1,1,1,CD8 T cell
CD1E,0.8527973551788068,-0.0014903250953950398,0.167,0.333,1,CD8 T cell
STAT1,0.8528075331648054,-0.01770709432916573,1,1,1,CD8 T cell
PPAN,0.8528616401226405,0.01805139627043406,1,1,1,CD8 T cell
ORAI3,0.8530262787056027,0.0034001581464671027,1,1,1,CD8 T cell
ADISSP,0.8530608299452527,0.012597101942324329,1,1,1,CD8 T cell
PNOC,0.8531686562127072,0.004967879979600021,0.333,0.417,1,CD8 T cell
ADSS2,0.8531999341130856,0.01762800095202599,1,1,1,CD8 T cell
PDXDC1,0.8532289043022514,-0.010440643940383465,1,1,1,CD8 T cell
TM9SF4,0.8532506290151125,-0.009978843370076373,1,1,1,CD8 T cell
LAMP5,0.8533470848100149,0.0016260738701063815,0.167,0.25,1,CD8 T cell
PRUNE1,0.8533842174959354,-0.013976808247135208,1,1,1,CD8 T cell
SMUG1,0.8534152113789678,-0.017984705392208866,1,1,1,CD8 T cell
KAT14,0.8534643884366496,0.014659860801971902,1,1,1,CD8 T cell
STC2,0.8535949071094174,-0.0026826302652263045,0.25,0.25,1,CD8 T cell
POLE4,0.8536211424501913,0.0026695697940963825,1,1,1,CD8 T cell
CLDN9,0.8537004338447284,-0.0030329992634650083,0.25,0.25,1,CD8 T cell
PTEN,0.8537155000308698,0.014423454814090686,1,1,1,CD8 T cell
MFHAS1,0.853724167672053,0.04270507652734945,1,1,1,CD8 T cell
OR4D2,0.8537501481524153,0.0016918690377689671,0.167,0.083,1,CD8 T cell
PSMA3,0.8537539772592379,0.010994550829873662,1,1,1,CD8 T cell
HOMER1,0.853778667157459,0.03021487315678062,1,1,1,CD8 T cell
FAM209B,0.8537897533994945,-0.04685868902662804,1,1,1,CD8 T cell
UCKL1,0.8537898671597369,-0.0199672867387356,1,1,1,CD8 T cell
ASH1L,0.8538666562835587,-0.0011076010893911192,1,1,1,CD8 T cell
ATOSB,0.8539085278905092,-0.015653706717596805,1,1,1,CD8 T cell
PATZ1,0.8539326370085853,-0.015869135614465513,1,1,1,CD8 T cell
AKNA,0.8539975240360074,-6.678678352760592e-4,1,1,1,CD8 T cell
AGO3,0.8540041370947102,0.04724442216641089,1,1,1,CD8 T cell
TTC33,0.8540495596732554,0.009472175427437612,1,1,1,CD8 T cell
PLIN1,0.8541382533550663,-0.026182929602954097,0.75,0.833,1,CD8 T cell
N4BP1,0.8542037793426525,0.0055020998834751644,1,1,1,CD8 T cell
SELENON,0.8542376161623417,-0.026218786799465432,1,1,1,CD8 T cell
FOXN3,0.8542631376340213,-0.022781985354605024,1,1,1,CD8 T cell
MIPEP,0.854379220705024,0.0263380370145212,1,1,1,CD8 T cell
VWA2,0.854386635013684,-0.0032672668795248327,0.083,0.083,1,CD8 T cell
AMPH,0.8544127741460251,-0.028502269488593246,0.25,0.25,1,CD8 T cell
MEOX1,0.8544596248978138,0.008048020644405796,0.333,0.417,1,CD8 T cell
SPRY3,0.8544786998647502,-0.003959834501072734,1,1,1,CD8 T cell
RBM45,0.8545690133822648,0.06097534332022625,1,1,1,CD8 T cell
TREM1,0.8546366838131029,0.005981575951392593,0.917,0.917,1,CD8 T cell
SFXN2,0.8546506131954532,-0.030973089036971713,1,1,1,CD8 T cell
ANKRD27,0.8547312713666168,0.029090700301291156,1,1,1,CD8 T cell
E2F8,0.8548048020851133,0.004424987723930407,0.583,0.333,1,CD8 T cell
NTNG2,0.8548395421448638,0.031410059893668185,1,1,1,CD8 T cell
TCF7,0.8549071809890525,0.05277427568168025,1,1,1,CD8 T cell
DTX3L,0.8549153638458602,-0.006093688409031683,1,1,1,CD8 T cell
GPATCH11,0.8549366544428607,0.031048673976701857,1,1,1,CD8 T cell
SSTR3,0.854937324214222,-0.012553940827034094,0.417,0.5,1,CD8 T cell
SEMA3B,0.8549387310698253,0.0030029265703293007,0.333,0.417,1,CD8 T cell
KRTAP8-1,0.8549501542378841,-0.0030148368934184155,0.167,0.083,1,CD8 T cell
DROSHA,0.8550326495649829,0.004133542018671443,1,1,1,CD8 T cell
CD8B2,0.8550473675443984,-0.045747320703345695,1,1,1,CD8 T cell
SRCIN1,0.8550528664809405,0.008465604174658026,0.5,0.417,1,CD8 T cell
TRAF6,0.8551239887244755,0.0467112419870957,1,1,1,CD8 T cell
KRTAP5-8,0.855126494747118,0.004503150929204391,0.667,0.583,1,CD8 T cell
CDC23,0.8551357370312311,0.02422952003749268,1,1,1,CD8 T cell
MIDN,0.8552072560265288,0.017043724890551504,1,1,1,CD8 T cell
INPP5E,0.8552443632153608,0.018417818764576488,1,1,1,CD8 T cell
CHMP3,0.8552977831208376,0.014190413409572777,1,1,1,CD8 T cell
MBP,0.8553199711340025,0.02858281884412861,1,1,1,CD8 T cell
RUBCN,0.8553203936565874,0.035295599445049876,1,1,1,CD8 T cell
AGPS,0.8553560891439256,-0.0075438623513902625,1,1,1,CD8 T cell
MFAP3L,0.8553621252039985,-0.02662925180158382,1,1,1,CD8 T cell
ZNF354A,0.8555423921980781,-0.02085019183509762,1,1,1,CD8 T cell
EVI5L,0.8556078904859901,0.027952422388940468,1,1,1,CD8 T cell
KIF27,0.8556231859690333,0.02856583365262022,1,1,1,CD8 T cell
LRRC3C,0.8556789378083685,-0.0066254572650290555,0.333,0.417,1,CD8 T cell
XPO6,0.8557329812080343,0.03347123503941658,1,1,1,CD8 T cell
MON2,0.8557484164987977,0.023918014104566843,1,1,1,CD8 T cell
MON1B,0.8557577323188112,-0.002479498824829063,1,1,1,CD8 T cell
TBC1D10C,0.8557690646874515,0.01920356938975054,1,1,1,CD8 T cell
SLC38A11,0.8558013377828128,-5.631976130988647e-4,0.167,0.25,1,CD8 T cell
DTHD1,0.8558427135970479,0.05848950866360858,1,1,1,CD8 T cell
TDRD9,0.8558886200163537,0.030870577970274038,0.917,1,1,CD8 T cell
BRD8,0.8559138473842296,0.006485559812936859,1,1,1,CD8 T cell
CYRIB,0.8559498449585382,-0.006112995737926452,1,1,1,CD8 T cell
TMEM9B,0.8560174384680114,0.020391312562201946,1,1,1,CD8 T cell
SAMD9,0.856120229441969,-0.010344723799382227,1,1,1,CD8 T cell
ERI3,0.8561209175118601,-0.02804983688464957,1,1,1,CD8 T cell
KIAA1217,0.8561379160923228,-0.004400654089697031,0.083,0.083,1,CD8 T cell
CALCOCO2,0.8562557259716448,-6.979992805762336e-4,1,1,1,CD8 T cell
UQCC6,0.8562667398392859,0.012123385446807688,1,1,1,CD8 T cell
RABAC1,0.8562922107302304,0.015220884608749152,1,1,1,CD8 T cell
OR52N2,0.856293200622072,-8.599462066163355e-4,0.25,0.25,1,CD8 T cell
H4C9,0.8563781483824278,0.029653503136137793,0.833,0.75,1,CD8 T cell
FKBP1B,0.8564008194944607,0.0018701109499690283,1,1,1,CD8 T cell
SELENOM,0.8565767861907246,-0.016220474785231476,1,1,1,CD8 T cell
HACD1,0.856654171224519,0.019301085055025702,0.583,0.5,1,CD8 T cell
IL7R,0.8566717610307762,-0.064141827978204,1,1,1,CD8 T cell
NVL,0.8566979530414389,0.0015620027899130307,1,1,1,CD8 T cell
THEM4,0.8567005339752916,0.027743427381193175,1,1,1,CD8 T cell
PRRT2,0.8567312148367998,-0.028249894285042654,1,1,1,CD8 T cell
VXN,0.8567312337512833,-0.002627399992616297,0.833,1,1,CD8 T cell
NDUFB2,0.8568103252730856,0.005924294506787664,1,1,1,CD8 T cell
COPS8,0.8568241491654975,0.030869067587795396,1,1,1,CD8 T cell
TRARG1,0.8569329533860272,-0.008484959421433125,0.333,0.667,1,CD8 T cell
DHCR7,0.8569345723984818,-0.03651394744403369,1,1,1,CD8 T cell
RBM27,0.856990628468819,0.03367609977033792,1,1,1,CD8 T cell
MVP,0.8572706957980959,-0.007406350087840741,1,1,1,CD8 T cell
ANGPTL4,0.8574223619547695,0.004258626181803837,0.167,0.333,1,CD8 T cell
ACVR2A,0.8574283213509842,-0.050821630800571116,1,1,1,CD8 T cell
CD1D,0.8575737700174039,0.007128471892837052,0.917,1,1,CD8 T cell
KBTBD11,0.8576556320552049,-0.0304718260897352,0.917,1,1,CD8 T cell
FAM114A2,0.8576798409619161,-3.514251827279047e-4,1,1,1,CD8 T cell
CREG2,0.8577142438716846,0.005611693380250138,0.25,0.25,1,CD8 T cell
KANK2,0.85774835257384,0.011927008441208198,0.667,0.583,1,CD8 T cell
CYP26A1,0.857837096883813,-0.0020138563441127744,0.417,0.25,1,CD8 T cell
GLTP,0.8578840021072504,-0.006369977420094708,1,1,1,CD8 T cell
HADHA,0.8578874159157868,0.0013781202859881603,1,1,1,CD8 T cell
LRRC7,0.8579441502803601,-0.0063525325988527115,0.083,0.25,1,CD8 T cell
NFE2L1,0.8579536854449377,0.02018524957419056,1,1,1,CD8 T cell
ABLIM2,0.8581497746681053,-0.011811959950048578,1,1,1,CD8 T cell
NFAT5,0.85832374084565,-0.006548890259044815,1,1,1,CD8 T cell
GPHN,0.8584083163521514,-0.03653491201731951,1,1,1,CD8 T cell
KLRG1,0.8585222493781136,0.03763465754651962,1,1,1,CD8 T cell
PLPP6,0.858561621493414,0.03409574011167349,1,1,1,CD8 T cell
CLIC3,0.8585817316451019,0.04650525330951427,1,1,1,CD8 T cell
EXOSC1,0.8586651698219412,0.007951456069972052,1,1,1,CD8 T cell
CCDC141,0.8586769181558421,0.06914385119891531,1,1,1,CD8 T cell
INPPL1,0.8587857823576172,-0.007095219381219153,1,1,1,CD8 T cell
GPSM2,0.8588290529519581,0.0014325497763998385,1,1,1,CD8 T cell
ZNF19,0.8590133835494639,0.0036750960882270256,1,1,1,CD8 T cell
TIMM9,0.8590144920471741,-0.019934164633720775,1,1,1,CD8 T cell
NXPH4,0.8590342523967041,0.0015321593027679548,0.167,0.083,1,CD8 T cell
VPS18,0.859062507074994,0.06316463907586933,1,1,1,CD8 T cell
PAFAH1B3,0.8591167710929942,-0.036495349392545284,1,1,1,CD8 T cell
MFF,0.8591360250001637,-0.01951757298502621,1,1,1,CD8 T cell
F2RL1,0.8592298534975085,-0.004709459811716332,0.917,0.917,1,CD8 T cell
ADAM21,0.8592791740911521,0.009406154413782453,0.667,0.667,1,CD8 T cell
TTLL10,0.8592976504505125,0.0019472220374545657,0.083,0.167,1,CD8 T cell
INO80,0.8593370108702251,0.004158978290001558,1,1,1,CD8 T cell
CNKSR1,0.8593886508067549,0.015293931564510643,0.833,0.917,1,CD8 T cell
LAMB2,0.8594119696723079,-0.003763541822781047,0.417,0.417,1,CD8 T cell
MEX3A,0.8595708049197014,-0.0012170422667221459,0.5,0.667,1,CD8 T cell
PRSS21,0.8595977529980412,-0.04103535670998015,1,1,1,CD8 T cell
RALGAPA1,0.8595992556702793,-0.007077009812408108,1,1,1,CD8 T cell
ANKRD31,0.8596111680275055,-0.025735577411859722,1,1,1,CD8 T cell
RGCC,0.8596255436563359,0.054484781931370296,1,1,1,CD8 T cell
CD58,0.8596585569270162,-0.01809053959757312,1,1,1,CD8 T cell
PDLIM4,0.8598851037531157,-0.002601212553880572,0,0.083,1,CD8 T cell
KRT78,0.8598851037531157,-0.002601212553880572,0,0.083,1,CD8 T cell
DEFB108B,0.8598851037531157,-0.002601212553880572,0,0.083,1,CD8 T cell
OR6Q1,0.8598851037531157,-0.002601212553880572,0,0.083,1,CD8 T cell
SCAP,0.859905850494942,0.028061835286436687,1,1,1,CD8 T cell
PTGES2,0.8599323374471316,0.01144440560645213,1,1,1,CD8 T cell
C1QC,0.8600274665088949,0.0012616215301144429,0.25,0.333,1,CD8 T cell
DYRK1B,0.8600681235121111,0.021020428425210902,1,1,1,CD8 T cell
EIF4A1,0.8601374317672774,0.005657450708144163,1,1,1,CD8 T cell
C2orf92,0.8601804410101335,-9.907608319887906e-4,1,1,1,CD8 T cell
TMEM273,0.860213219144685,0.07029767922643848,1,1,1,CD8 T cell
ZNF384,0.8602175584436466,0.0030784828574606515,1,1,1,CD8 T cell
CNTROB,0.8602267582253572,0.04906510425657262,1,1,1,CD8 T cell
SSC4D,0.8602900183474931,0.00148731501431687,0.333,0.417,1,CD8 T cell
ZNF546,0.8603155178264259,0.0061228770207533145,1,1,1,CD8 T cell
C3,0.8604206166877915,-0.0075505944321476726,0.333,0.333,1,CD8 T cell
KRBA1,0.8604857202579663,-0.008173439148183803,1,1,1,CD8 T cell
NARS2,0.8605140620808442,0.041335915532224377,1,1,1,CD8 T cell
GBP5,0.8605801623190033,-0.00606111237880036,1,1,1,CD8 T cell
CRLS1,0.8606852020016584,0.007729180772518496,1,1,1,CD8 T cell
STK39,0.8606900592968127,-7.237411324276799e-4,1,1,1,CD8 T cell
LGMN,0.8607486293627964,0.02177853901408655,0.917,0.667,1,CD8 T cell
CRYBA4,0.8607967340212533,0.006421477218406135,0.75,0.833,1,CD8 T cell
CACTIN,0.8608793751778115,-0.017407073169203646,1,1,1,CD8 T cell
PEX10,0.8609054673597571,-0.007932899622864475,1,1,1,CD8 T cell
TBKBP1,0.8609287378103052,-0.018625140289374786,1,1,1,CD8 T cell
KCNE5,0.8609342904391493,0.0035289537193956555,0.5,0.417,1,CD8 T cell
IVNS1ABP,0.8610938753426696,0.03416408966847895,1,1,1,CD8 T cell
ARGLU1,0.8611895158408487,0.021915137261906414,1,1,1,CD8 T cell
DNAJC11,0.8612845985638985,0.032362134772721485,1,1,1,CD8 T cell
SIL1,0.8613782850888531,-0.007623449129069204,1,1,1,CD8 T cell
PIGB,0.8613886623607556,0.006593226618207382,1,1,1,CD8 T cell
RAD51B,0.8614173769420381,0.023303474249001782,1,1,1,CD8 T cell
RAB3GAP1,0.8614203801798179,0.0379850105081776,1,1,1,CD8 T cell
ADAMTS14,0.8614483273375875,-0.001967573368877318,0.833,0.75,1,CD8 T cell
HMHB1,0.8614600890860439,-0.006208205282371981,0.083,0.167,1,CD8 T cell
GALNT12,0.8614643411822733,-0.01451697329767887,1,1,1,CD8 T cell
VWA5A,0.8615150698298577,0.02858040928447325,1,1,1,CD8 T cell
FLNB,0.8616050103728522,0.04216488377413041,1,1,1,CD8 T cell
LRRC59,0.8616559795369306,0.009547451545074359,1,1,1,CD8 T cell
FGF14,0.8616567196005085,-0.0035569409723854584,0.083,0.167,1,CD8 T cell
TLN1,0.8616716545899117,-0.008835147976939739,1,1,1,CD8 T cell
SELENOT,0.8616949238738978,-0.007826966636548888,1,1,1,CD8 T cell
FMNL2,0.8617226291791364,-0.016321642356023958,0.583,0.75,1,CD8 T cell
LETMD1,0.8617486826640265,0.0226508133934189,1,1,1,CD8 T cell
TERT,0.8617611885533879,-0.0049091988929386154,0.083,0.167,1,CD8 T cell
SIGLEC5,0.8617618497562214,0.0029056542733187918,0.667,0.667,1,CD8 T cell
ARMCX2,0.8617858083044398,0.03275834159959912,1,1,1,CD8 T cell
PRPF40B,0.8618337863796773,0.04017807978063459,1,1,1,CD8 T cell
CDC16,0.8618371370303262,0.02281973853665542,1,1,1,CD8 T cell
TRPC1,0.8618896890555877,0.02848184021075717,1,1,1,CD8 T cell
INHBA,0.8618999643442251,0.001427049949844772,0.167,0.083,1,CD8 T cell
FAM83C,0.8618999643442251,0.001427049949844772,0.167,0.083,1,CD8 T cell
TMEM51,0.8618999643442251,0.001427049949844772,0.167,0.083,1,CD8 T cell
PFDN1,0.8619325744566273,-8.037608981193989e-4,1,1,1,CD8 T cell
ATP6V1E1,0.8619835941281409,0.010277456677156627,1,1,1,CD8 T cell
METTL21A,0.8620370140438698,0.0028246471144575125,1,1,1,CD8 T cell
DBNL,0.8620766955996733,0.006291278534837019,1,1,1,CD8 T cell
DYNC1LI1,0.8621201347033878,0.0012061323510266786,1,1,1,CD8 T cell
ENOPH1,0.862186544005356,0.023291230010819675,1,1,1,CD8 T cell
GKAP1,0.8621988525483507,0.018017771772827818,1,1,1,CD8 T cell
P4HTM,0.8622109256654498,0.019867316283930347,1,1,1,CD8 T cell
MED28,0.8622263011774025,0.01088260885986525,1,1,1,CD8 T cell
NWD1,0.8622343183913137,-0.0019698438485531433,0.25,0.167,1,CD8 T cell
BECN1,0.8622562300775864,0.004274475414369622,1,1,1,CD8 T cell
RAC1,0.8624706349658344,0.025089768195634465,1,1,1,CD8 T cell
IQCN,0.8624787436007939,0.03329815033405703,1,1,1,CD8 T cell
ANKRD36,0.8625154981606566,-0.0015323160173514871,1,1,1,CD8 T cell
MYOF,0.8625307624327697,-0.0024350155668262374,0.75,0.667,1,CD8 T cell
HSPA4,0.862547424732578,0.013065626128261787,1,1,1,CD8 T cell
MYD88,0.8625676388125452,-0.008003429901666026,1,1,1,CD8 T cell
SMIM6,0.8625856142988217,0.0014591920627693433,0.167,0.083,1,CD8 T cell
JUP,0.8626242972781406,-0.011896114420121062,0.833,0.833,1,CD8 T cell
ENSG00000188897,0.8626910248582589,-0.006220362459884665,1,1,1,CD8 T cell
VPS35,0.862700263379448,-0.001634164782630454,1,1,1,CD8 T cell
C8G,0.8627163376449176,-0.0317539605720345,0.75,1,1,CD8 T cell
DTYMK,0.8627174399706282,0.029480729766864888,1,1,1,CD8 T cell
ARHGAP32,0.8627432712532156,0.010881983200491607,1,1,1,CD8 T cell
INF2,0.8627806440625854,-0.0346391741039449,1,1,1,CD8 T cell
FSIP1,0.8628497446068362,0.018254354155319952,1,0.917,1,CD8 T cell
SMIM1,0.8628565710453312,0.0027234883877005345,0.917,1,1,CD8 T cell
PLEKHO2,0.8628703233337973,0.028611166257759238,1,1,1,CD8 T cell
NCDN,0.8628984553649311,-0.03431343782423468,1,1,1,CD8 T cell
RASL12,0.8629719873630374,0.0022244488438039056,0.083,0,1,CD8 T cell
CWH43,0.8629719873630374,0.0022244488438039056,0.083,0,1,CD8 T cell
HTR2B,0.8629719873630374,0.0022244488438039056,0.083,0,1,CD8 T cell
ARPP21,0.8629719873630374,0.0022244488438039056,0.083,0,1,CD8 T cell
RGS7BP,0.8629719873630374,0.0022244488438039056,0.083,0,1,CD8 T cell
CYP27C1,0.8629719873630374,0.0022244488438039056,0.083,0,1,CD8 T cell
PEX2,0.8629885967185349,-0.0166575320712814,1,1,1,CD8 T cell
HERC4,0.8630409598483616,0.029721213078760966,1,1,1,CD8 T cell
ADGRE1,0.8630437639229604,0.01659106848917924,1,1,1,CD8 T cell
RNF8,0.8630808733808748,0.01358549999898484,1,1,1,CD8 T cell
SYNE2,0.8631042894144929,9.247346981515747e-4,1,1,1,CD8 T cell
MAP3K11,0.8631897431207354,0.01099704530116663,1,1,1,CD8 T cell
ZNF69,0.8632517761495674,-0.01699890892688405,1,1,1,CD8 T cell
UBASH3B,0.86332204396619,-0.03907349172324959,1,1,1,CD8 T cell
CACNA1B,0.8633266646314147,-0.008774816720107825,0.083,0.167,1,CD8 T cell
AP1M1,0.8633335918388174,0.017341726518434242,1,1,1,CD8 T cell
TMEM59L,0.8633631693945424,0.01457547107718904,0.25,0.25,1,CD8 T cell
ATF7IP2,0.8634602826304527,-0.02211741967104741,1,1,1,CD8 T cell
PTCD3,0.8635110018020278,-0.004082012092942455,1,1,1,CD8 T cell
ACY1,0.8635190874748705,0.01066807071594944,1,1,1,CD8 T cell
LMTK3,0.8636091845273113,-0.01698175291347459,1,1,1,CD8 T cell
SMIM13,0.8636800984975034,0.01986405049842288,1,1,1,CD8 T cell
ACSBG1,0.8637937616706876,-0.0019924031180691415,0,0.167,1,CD8 T cell
KLK14,0.8637937616706876,-0.0019924031180691415,0,0.167,1,CD8 T cell
OR6N1,0.8637937616706876,-0.0019924031180691415,0,0.167,1,CD8 T cell
ERVFRD-1,0.8637937616706876,-0.0019924031180691415,0,0.167,1,CD8 T cell
FAHD2B,0.8638223028810587,0.04334018601960077,1,1,1,CD8 T cell
ZDHHC23,0.8638907753845302,0.007924995864691642,1,1,1,CD8 T cell
CHML,0.8638913693992529,0.02172832265424507,1,1,1,CD8 T cell
GCHFR,0.8638967634937039,0.014349259430175954,1,1,1,CD8 T cell
PAG1,0.8639228950827837,-0.010866699504281579,1,1,1,CD8 T cell
PLPP4,0.8639482280144016,0.0018628673013920682,0.083,0.083,1,CD8 T cell
EML5,0.8639567408667992,0.039891035711920875,1,1,1,CD8 T cell
SMYD2,0.863984419678663,0.02313639454377836,1,1,1,CD8 T cell
IBA57,0.863999700561614,-0.011624167818274245,1,1,1,CD8 T cell
DISP2,0.8640596392867963,0.004869647838023461,0.75,0.833,1,CD8 T cell
TFEB,0.8641054000373621,0.022191711152299343,1,1,1,CD8 T cell
MOV10L1,0.8641152867319308,-0.007091912930619948,0.417,0.25,1,CD8 T cell
ZSCAN5A,0.864239918827961,-0.0955368673739776,1,1,1,CD8 T cell
PLN,0.8642473825981017,0.0013646906002877657,0.25,0.167,1,CD8 T cell
SLCO4A1,0.864265662585929,0.016860614896885284,0.833,0.833,1,CD8 T cell
SLU7,0.8642787628480694,0.0012407865045136468,1,1,1,CD8 T cell
PARD6G,0.8643029136448661,0.037288612099415364,1,0.917,1,CD8 T cell
CCDC89,0.8643208824667339,0.022239748462137943,1,1,1,CD8 T cell
IHH,0.8643349865131988,0.009532451315017898,0.667,0.5,1,CD8 T cell
NIBAN3,0.8643579321190418,-3.928716388212905e-6,0.917,0.917,1,CD8 T cell
CSF2RB,0.8644433387414876,-0.026999258233853407,0.917,1,1,CD8 T cell
TMEM121,0.8644530973445822,-0.0038525371058000246,1,1,1,CD8 T cell
ARSG,0.8644559688104934,-0.030008070960689026,1,1,1,CD8 T cell
TRIM72,0.8645416089195058,0.009139933685219592,0.75,0.833,1,CD8 T cell
HILPDA,0.86455759203552,0.02285479723830841,0.917,1,1,CD8 T cell
TTC14,0.8646064951240571,0.02735916931642346,1,1,1,CD8 T cell
NEMF,0.8647719132155569,0.0169700470793539,1,1,1,CD8 T cell
ARHGAP12,0.8647896907796752,-0.01213200072840892,1,1,1,CD8 T cell
NEPRO,0.8648495292552558,0.00983512801492805,1,1,1,CD8 T cell
CHFR,0.8649120166297126,0.012805179622621954,1,1,1,CD8 T cell
OR56B1,0.8649601959729778,0.009316350266242779,1,1,1,CD8 T cell
HDGFL3,0.8649665215532867,-0.041782972196239276,1,1,1,CD8 T cell
TAC3,0.8649951484356062,-0.0011895575392468771,0.167,0.083,1,CD8 T cell
OCEL1,0.8650430660515104,0.02900470715467729,1,1,1,CD8 T cell
CROCC,0.8650546164206501,-0.001272377445878714,1,1,1,CD8 T cell
PCSK7,0.8651164524842883,0.002024660044406712,1,1,1,CD8 T cell
KLF2,0.8651449076562228,0.023150667999845442,1,1,1,CD8 T cell
TAS2R7,0.8651994300228077,-0.017039975243635652,0.583,1,1,CD8 T cell
PPFIA3,0.8652046191070485,-0.033975481966860954,1,1,1,CD8 T cell
SYT6,0.865214673485855,0.0031342797665434574,0.333,0.25,1,CD8 T cell
ANXA6,0.8652402338658592,-0.004611127518538538,1,1,1,CD8 T cell
METTL5,0.8653271750576762,0.013068883024100586,1,1,1,CD8 T cell
DCUN1D2,0.8654007883822578,-0.03792866531281658,1,1,1,CD8 T cell
IL6,0.8654055129363303,0.008463074538474391,0.5,0.583,1,CD8 T cell
HORMAD1,0.865407922044194,0.01837097775790264,0.917,0.917,1,CD8 T cell
LCK,0.8654661375588935,0.013550950923516547,1,1,1,CD8 T cell
POU2F3,0.8654841645001365,0.0018553874058668818,0.083,0.167,1,CD8 T cell
AAR2,0.8655056981693849,3.5965261370307644e-4,1,1,1,CD8 T cell
SEMA3A,0.8655129361684712,-0.008256254646645367,0.167,0.25,1,CD8 T cell
WNT9A,0.8655554742725141,0.021492046975888357,0.417,0.417,1,CD8 T cell
CD53,0.8655590681031277,0.01160787487909909,1,1,1,CD8 T cell
SPRED2,0.8655603301755564,-0.0012115225958528875,1,1,1,CD8 T cell
PTGER4,0.8655626904770025,0.03630541974281365,1,1,1,CD8 T cell
NRN1L,0.8655720999953367,0.011985238128485953,1,1,1,CD8 T cell
CFAP91,0.8655978656670347,0.0028866169633019467,0.167,0.083,1,CD8 T cell
CYTH3,0.8655994234637706,0.06194580351246759,1,1,1,CD8 T cell
OXSM,0.8656038368285679,0.057495305039602096,1,1,1,CD8 T cell
NFIA,0.8656722798592489,0.03324544566495202,1,1,1,CD8 T cell
AP3S2,0.8657570148619131,0.0016551207852761318,1,1,1,CD8 T cell
CD274,0.8657715850864521,0.043529290343289784,1,1,1,CD8 T cell
PCDHB11,0.8657983000284518,-0.002767565526023752,0.167,0.25,1,CD8 T cell
KIFC3,0.8658983563824206,0.029164674356765286,1,1,1,CD8 T cell
AP2A2,0.8661946848572919,0.027142484232258127,1,1,1,CD8 T cell
GRHPR,0.8662035372925373,-0.010616037788221067,1,1,1,CD8 T cell
BMT2,0.8662321771863964,-0.012984035271777161,1,1,1,CD8 T cell
PTPN12,0.8662434967503808,0.022034567157833918,1,1,1,CD8 T cell
ERCC3,0.8662753343711663,0.007337606016731946,1,1,1,CD8 T cell
MC1R,0.866299560238617,-0.018907927298831062,0.917,1,1,CD8 T cell
CTSC,0.8663174990588347,-0.010697302191197355,1,1,1,CD8 T cell
RAB27A,0.8663899562970933,0.0026420878760360367,1,1,1,CD8 T cell
LRRC75A,0.8664328218130586,-0.014510703090993005,0.917,0.917,1,CD8 T cell
PACS2,0.8664418059944802,0.049151252265441814,1,1,1,CD8 T cell
GTF3A,0.8664709403480532,-0.01735581880965953,1,1,1,CD8 T cell
NACC2,0.866476369621941,-0.003023687563556754,1,1,1,CD8 T cell
KIFAP3,0.8665359798724823,0.004040199468230643,1,1,1,CD8 T cell
KCTD7,0.866541302143578,-0.017919842711041967,1,1,1,CD8 T cell
WDR73,0.8665891443057496,-0.012128321427640198,1,1,1,CD8 T cell
PTMS,0.8665926969137662,0.027050422092802395,1,1,1,CD8 T cell
DNASE1,0.8666209779914097,0.06413365035945207,1,1,1,CD8 T cell
NMUR1,0.866636341454477,0.041057800131296174,1,1,1,CD8 T cell
STYXL1,0.8666515430558359,0.01875314019874219,1,1,1,CD8 T cell
TBCK,0.8667383405146416,0.004119321115165275,1,1,1,CD8 T cell
CISD1,0.8667932949279695,-0.00920292834945613,1,1,1,CD8 T cell
ACKR3,0.8668488771418412,0.018413061317151813,1,1,1,CD8 T cell
APOBR,0.8668572548463961,0.017288069023760122,1,1,1,CD8 T cell
RYR1,0.8668817105409329,-0.005456425193857584,1,1,1,CD8 T cell
HMGXB4,0.8670191462071926,0.01713363553389957,1,1,1,CD8 T cell
MECP2,0.8670325826680416,0.021102859601425772,1,1,1,CD8 T cell
BMF,0.8670405151330167,0.029761851022893637,1,1,1,CD8 T cell
OPTN,0.8670871103851003,-0.004771303676086136,1,1,1,CD8 T cell
LEXM,0.8671157815418873,0.04073691962281201,1,1,1,CD8 T cell
TRAPPC4,0.8671267421343001,0.009761163691903607,1,1,1,CD8 T cell
LZIC,0.8671508863800717,0.00947414733241747,1,1,1,CD8 T cell
ZNF562,0.8671778785521146,0.0032261092051134588,1,1,1,CD8 T cell
NCF1,0.867181964106801,0.030450846112245245,1,1,1,CD8 T cell
PSMA2,0.8672251759763344,0.02651013886994566,1,1,1,CD8 T cell
EXTL3,0.867245811878353,-0.01808545007157769,1,1,1,CD8 T cell
ZMAT2,0.8673049138530368,-0.008959930487355439,1,1,1,CD8 T cell
WDR74,0.8673542249367325,0.009369942056549618,1,1,1,CD8 T cell
CYP4F3,0.8673772072801348,-0.014807503590398063,0.083,0.167,1,CD8 T cell
TMIE,0.8673941174976174,-0.016940447705503736,0.583,0.583,1,CD8 T cell
SLC20A2,0.8674246705349025,-0.02219378940334793,1,1,1,CD8 T cell
CDH24,0.867543471666668,0.014752102106860399,1,1,1,CD8 T cell
SLFN13,0.8675721685623845,0.042519621066150926,1,1,1,CD8 T cell
PUS10,0.8676222771236647,0.002238538332131057,1,1,1,CD8 T cell
CYBA,0.8678095389938114,0.019940868003892387,1,1,1,CD8 T cell
GK5,0.8678150273081273,-0.013443052871906391,1,1,1,CD8 T cell
PRRG1,0.8678352962866587,0.0014616831024825139,0.25,0.083,1,CD8 T cell
NCOA2,0.8678536318258595,0.020581999234150217,1,1,1,CD8 T cell
GNB5,0.8678922385486328,-0.009239080415025663,1,1,1,CD8 T cell
KAZALD1,0.8679188484851904,-0.0012320539209458303,0.167,0.167,1,CD8 T cell
ABHD14A,0.868181166747866,-0.007811411866634255,1,1,1,CD8 T cell
TRMO,0.8681882457397421,-0.01854409973706104,1,1,1,CD8 T cell
YWHAH,0.8681976202864837,-0.013736367462643506,1,1,1,CD8 T cell
EDF1,0.8681994940502986,6.771602588677705e-4,1,1,1,CD8 T cell
GINS4,0.8682935183276138,0.06516124945512214,1,1,1,CD8 T cell
VPS50,0.8683654552856881,0.027690303784567882,1,1,1,CD8 T cell
MYLK2,0.868468325765487,-0.0018973316763077896,0,0.167,1,CD8 T cell
AAK1,0.8685060293161169,0.01885010881707916,1,1,1,CD8 T cell
NAT14,0.8685067411746499,-0.026989600941251357,1,1,1,CD8 T cell
RBM25,0.868507730603111,0.01708497883248783,1,1,1,CD8 T cell
OR2T8,0.8685376366269647,0.0018282812832071116,0.167,0.083,1,CD8 T cell
PWWP2A,0.8685552220051478,0.01931710055900321,1,1,1,CD8 T cell
LTK,0.8685570172406557,-0.018051111824620047,1,1,1,CD8 T cell
C1orf112,0.8687367482871151,0.032113729308507644,1,1,1,CD8 T cell
DIS3L,0.868744071969571,0.024157362771110913,1,1,1,CD8 T cell
SYCP2L,0.8687510655192359,-0.005306718663564691,0.417,0.5,1,CD8 T cell
PPIA,0.8687742177946567,-0.0014035606165883063,1,1,1,CD8 T cell
PYCR1,0.8688513411398651,0.0039402437701263615,0.917,0.833,1,CD8 T cell
RNF212,0.8688544372278234,3.332702773573004e-5,0.917,1,1,CD8 T cell
DAPP1,0.8688576765237285,0.003593896584690892,1,1,1,CD8 T cell
FN1,0.8688718399994217,0.0028898532816397093,0.167,0.083,1,CD8 T cell
VNN2,0.8688914124831283,0.03615548151698966,1,1,1,CD8 T cell
CTSH,0.8689562975664956,-0.03704322129809179,1,1,1,CD8 T cell
NANOS3,0.869016295052612,-0.013213223176428812,0.417,0.333,1,CD8 T cell
ATP9B,0.8690319995754663,0.014061241837919791,1,1,1,CD8 T cell
VSTM1,0.869037867409015,-0.0024697327861376017,0.833,0.75,1,CD8 T cell
RHBDD2,0.8690501983896501,0.011753815435243453,1,1,1,CD8 T cell
UTP11,0.8690762663105887,-0.01933914017747229,1,1,1,CD8 T cell
TP53,0.8691299051370065,0.024663546641487732,1,1,1,CD8 T cell
TERF1,0.869146573942607,0.026345173995926285,1,1,1,CD8 T cell
ATG4B,0.8692030102076964,0.02632645721374649,1,1,1,CD8 T cell
NOP56,0.8692803141820288,-0.009431895173057953,1,1,1,CD8 T cell
HS1BP3,0.8693347322929721,0.032071602542905975,1,1,1,CD8 T cell
PGM1,0.8694030413956388,0.0196797096823616,1,1,1,CD8 T cell
CISD3,0.8695128455780244,0.005654276800034941,1,1,1,CD8 T cell
TSPAN3,0.8696274527888411,-0.014501042666426711,1,1,1,CD8 T cell
MGAM,0.8696333079575596,0.021252239510061166,0.917,0.917,1,CD8 T cell
CCNF,0.8696405597919116,0.03824081642165389,1,1,1,CD8 T cell
CXCL11,0.8696998180541038,-0.001859896847138387,0.5,0.583,1,CD8 T cell
THOC1,0.8698024846311425,0.02267780693562582,1,1,1,CD8 T cell
SHPK,0.8699042268228412,0.01371969376420945,1,1,1,CD8 T cell
CREB3,0.8699894529725959,-0.05426000854153701,1,1,1,CD8 T cell
COX7A2L,0.8700924287795231,0.005494796963747134,1,1,1,CD8 T cell
MFN2,0.8701904287295631,-0.01662966831376078,1,1,1,CD8 T cell
MARCHF11,0.8702132668908629,0.0053002835630362455,0.167,0.083,1,CD8 T cell
SNX13,0.8702532202678525,0.026143666529918064,1,1,1,CD8 T cell
TMEM178A,0.8703068893246366,-0.010604794475612689,0.417,0.417,1,CD8 T cell
RPRD1B,0.8703140209587813,0.0032922803137054313,1,1,1,CD8 T cell
ASB8,0.8703720639122134,0.005089807938828794,1,1,1,CD8 T cell
PRMT2,0.8704029624996272,0.033289350045765165,1,1,1,CD8 T cell
SFXN1,0.870407889710817,-0.0025698399230547064,1,1,1,CD8 T cell
CINP,0.8704321351459248,0.004186227142345622,1,1,1,CD8 T cell
ATP5F1A,0.8704568744158451,-2.5682651538419185e-4,1,1,1,CD8 T cell
STK24,0.8704807158375178,0.012403854025944905,1,1,1,CD8 T cell
OAZ3,0.8704807262589978,-0.008584159972697236,0.75,0.75,1,CD8 T cell
SPDEF,0.870561537908837,-0.023687173039985687,0.75,0.667,1,CD8 T cell
IL10,0.8705944409607818,-0.0026460982148126533,0.5,0.417,1,CD8 T cell
MSX2,0.8707144609592533,0.004903970589575479,0.167,0.25,1,CD8 T cell
DDX11,0.8707578159509618,-0.01024574165902603,1,1,1,CD8 T cell
MCTP2,0.8707721995341267,-0.0053024893628221825,1,1,1,CD8 T cell
SNX18,0.8707938867326102,-0.003162034795354929,1,1,1,CD8 T cell
SHARPIN,0.8707964308209089,0.011569203142737017,1,1,1,CD8 T cell
ECE1,0.8709095067283145,0.029263286863644877,1,1,1,CD8 T cell
MOK,0.8710012545636779,0.03173138376144369,1,1,1,CD8 T cell
MAP4K1,0.8710828840586814,0.020336988053621496,1,1,1,CD8 T cell
PKP4,0.871126192600913,0.01580927733437676,1,1,1,CD8 T cell
CALHM6,0.8711704589383863,-0.03640087240853784,1,1,1,CD8 T cell
POMP,0.8712429149079666,0.01191348841845652,1,1,1,CD8 T cell
C17orf49,0.8713193501549816,0.005924266395543713,1,1,1,CD8 T cell
UBE2M,0.8713616115572207,0.060870093707263706,1,1,1,CD8 T cell
GTSF1L,0.8714227284124791,0.00583325980392857,0.167,0.083,1,CD8 T cell
SYCE2,0.8714273684879926,0.0011503201755327375,0.75,0.917,1,CD8 T cell
PTPRH,0.8714562330196972,0.0019278882368913841,0.167,0.083,1,CD8 T cell
CEBPZOS,0.871469352590138,-0.02174513803190331,1,1,1,CD8 T cell
CCDC170,0.871536301423911,0.01733140900354746,0.417,0.333,1,CD8 T cell
RNF32,0.871537110407122,0.003936640637289823,0.583,0.417,1,CD8 T cell
ELOVL1,0.871545745627969,0.011069851744972714,1,1,1,CD8 T cell
RAB31,0.8715618671816112,0.015769050785736205,1,0.917,1,CD8 T cell
PSTPIP2,0.8716109760688536,-0.021227076482524865,1,1,1,CD8 T cell
ZFP57,0.8717161563194391,0.104332170697365,0.667,0.667,1,CD8 T cell
LIN7A,0.871717855198286,0.022901014559300492,0.667,0.667,1,CD8 T cell
TLDC2,0.8717510022014636,-0.0019038126846515624,0,0.167,1,CD8 T cell
CD276,0.8717510022014636,-0.0019038126846515624,0,0.167,1,CD8 T cell
DCDC2,0.8717510022014636,-0.0019038126846515624,0,0.167,1,CD8 T cell
RBPMS,0.8717510022014636,-0.0019038126846515624,0,0.167,1,CD8 T cell
CDH5,0.8717510022014636,-0.0019038126846515624,0,0.167,1,CD8 T cell
RYR3,0.8717510022014636,-0.0019038126846515624,0,0.167,1,CD8 T cell
HSPB9,0.8717510022014636,-0.0019038126846515624,0,0.167,1,CD8 T cell
C15orf61,0.87175917985939,-0.017710861998135097,1,1,1,CD8 T cell
THOC7,0.8717729124189193,-0.008113545875247263,1,1,1,CD8 T cell
SOCS1,0.8718202491344469,-0.019298371919225232,1,1,1,CD8 T cell
ARHGEF28,0.8718419850571288,0.02252031877471472,1,1,1,CD8 T cell
HMGA1,0.8718865159115214,0.02795541313263117,0.917,0.833,1,CD8 T cell
CSF1,0.8719010071517567,-0.0010060264457756318,1,1,1,CD8 T cell
RPGRIP1,0.8719079536846919,0.0013383796149510907,0.167,0.083,1,CD8 T cell
PLIN5,0.8719157928491519,-0.001721577217125514,0.167,0.333,1,CD8 T cell
SLC49A3,0.8719290146105121,-0.019170856132042502,0.833,0.917,1,CD8 T cell
C2orf81,0.8719455586139675,0.022851650756445352,1,0.917,1,CD8 T cell
TP53BP1,0.8720384106293698,0.023591633845537086,1,1,1,CD8 T cell
PSME3,0.872168990213229,-0.027810854775329297,1,1,1,CD8 T cell
BIVM,0.8721876512979192,0.011491542777397945,1,1,1,CD8 T cell
SLC35F5,0.8722168682364291,0.019163913766682285,1,1,1,CD8 T cell
TAS2R50,0.8723221401570461,0.0011895966071322484,0.333,0.167,1,CD8 T cell
NOMO1,0.872337355833011,-0.006247787243594427,1,1,1,CD8 T cell
LGALS9,0.8723423058926951,0.008395588795013786,1,1,1,CD8 T cell
SH2D1A,0.8723627113350916,0.028928688850346163,1,1,1,CD8 T cell
CHD4,0.8723774414375125,-0.005499123284987251,1,1,1,CD8 T cell
APBB1IP,0.8724111367716768,0.016303151443607167,1,1,1,CD8 T cell
MSH4,0.8724524915583941,0.007706343200767574,0.667,0.75,1,CD8 T cell
CCL3L3,0.8724590539679711,-0.006710861054576078,0.333,0.5,1,CD8 T cell
STARD6,0.8724599638362872,0.006821723622035147,0.583,0.417,1,CD8 T cell
CUTA,0.8725132618253819,0.0028917878259582253,1,1,1,CD8 T cell
KIF16B,0.8725190550094107,0.03313812486385781,1,1,1,CD8 T cell
FAN1,0.8725463909134211,-0.008144835731157318,1,1,1,CD8 T cell
ZNF800,0.8725665892582053,0.0058008397186727345,1,1,1,CD8 T cell
VPS8,0.8725712951411528,-0.00755291967449867,1,1,1,CD8 T cell
GNAQ,0.8725890142975588,0.050567281167355205,1,1,1,CD8 T cell
VEPH1,0.8725964599660209,-0.004891678501286023,0.417,0.25,1,CD8 T cell
ETS1,0.8726002240450703,-0.006660825356456623,1,1,1,CD8 T cell
CAVIN4,0.8726021616940602,-0.02593097416073542,1,0.917,1,CD8 T cell
ITPRIPL2,0.872655676844127,0.03375657497616924,1,1,1,CD8 T cell
HRAS,0.8726779144553027,-0.031260283822200696,1,1,1,CD8 T cell
EEPD1,0.8727213925171885,0.02409695340177942,1,1,1,CD8 T cell
ZNF595,0.8727271604600375,-0.05073345703605758,1,1,1,CD8 T cell
LGALS14,0.8727489209926893,-0.0018388455576459073,0,0.167,1,CD8 T cell
SLC7A4,0.8727489209926893,-0.0018388455576459073,0,0.167,1,CD8 T cell
CNR1,0.8727489209926893,-0.0018388455576459073,0,0.167,1,CD8 T cell
LYPD6B,0.8727489209926893,-0.0018388455576459073,0,0.167,1,CD8 T cell
ITLN1,0.8727489209926893,-0.0018388455576459073,0,0.167,1,CD8 T cell
PCDHA1,0.8727489209926893,-0.0018388455576459073,0,0.167,1,CD8 T cell
TM6SF2,0.8727489209926893,-0.0018388455576459073,0,0.167,1,CD8 T cell
TNPO3,0.8728561333085421,0.0022175407092001886,1,1,1,CD8 T cell
TMEM91,0.8729235856104713,0.022924964576255924,1,1,1,CD8 T cell
LEUTX,0.872933342442238,-0.002066125242546235,0.083,0.083,1,CD8 T cell
COG6,0.8729572342882022,0.05641393379012216,1,1,1,CD8 T cell
CLDN16,0.8729657025986491,-0.0029918933508930046,0.083,0.083,1,CD8 T cell
HSPA6,0.8729849392450412,-0.023900825606076426,1,1,1,CD8 T cell
AK9,0.8729938968892903,-0.012551099182947834,1,1,1,CD8 T cell
LIMS2,0.8730509887994217,0.005521768538462979,0.917,0.667,1,CD8 T cell
NID2,0.8730651319738836,3.8047483968917106e-4,1,0.917,1,CD8 T cell
FOXJ1,0.8730931175984948,-0.008532465062517147,0.667,0.5,1,CD8 T cell
DYNLRB1,0.8731358658063617,0.013832154635209815,1,1,1,CD8 T cell
BST1,0.8731426289406041,0.015296703270307965,0.917,1,1,CD8 T cell
PNMA8C,0.8732503673732858,-0.004115358631537447,0.167,0.167,1,CD8 T cell
ZKSCAN5,0.8733078180609691,0.044529060912666285,1,1,1,CD8 T cell
MSH6,0.8734684497529994,-0.00656612452804084,1,1,1,CD8 T cell
F5,0.8734735282334392,-0.00731210474682964,0.917,0.917,1,CD8 T cell
SMIM10L2B,0.8734982445148889,-0.0060155899399445545,0.667,0.667,1,CD8 T cell
C8orf88,0.8735536601038312,-0.020758999628662345,1,1,1,CD8 T cell
LINGO2,0.8735832684767971,-0.0034159223610124023,0.417,0.583,1,CD8 T cell
USP18,0.8736195768079242,0.04698064576428074,1,1,1,CD8 T cell
DCSTAMP,0.8736349572008771,-0.0022942106811854046,0,0.083,1,CD8 T cell
RXFP4,0.8736349572008771,-0.0022942106811854046,0,0.083,1,CD8 T cell
NLRP3,0.8736408738200239,0.01780798836476105,1,1,1,CD8 T cell
BORA,0.873660018777224,0.03348062787273087,1,1,1,CD8 T cell
PCMTD1,0.8736896522108335,-0.00785005766147151,1,1,1,CD8 T cell
ADAD1,0.873692751204648,-0.0015706295473383314,0.083,0.167,1,CD8 T cell
HEYL,0.8737365444766556,0.0012258465057564116,0.167,0.167,1,CD8 T cell
TULP3,0.8737697222952462,2.9666301370712134e-4,1,1,1,CD8 T cell
AUH,0.8737763525958391,0.014370460318673728,1,1,1,CD8 T cell
TBC1D7,0.873827893959088,-0.002302709002964143,1,1,1,CD8 T cell
TMEM116,0.8738395475270331,-0.010960538837830047,1,1,1,CD8 T cell
WDFY2,0.8738899979803791,0.0011801616163845674,1,1,1,CD8 T cell
SDS,0.8739238279906363,-0.014619597177613297,0,0.167,1,CD8 T cell
DZIP1,0.8739238286725035,-0.00938888815734229,0,0.167,1,CD8 T cell
ISOC2,0.8739258947169755,-0.02458010609510808,1,1,1,CD8 T cell
SMARCB1,0.8739386507896282,-0.025841583134387437,1,1,1,CD8 T cell
EBLN2,0.873989294363592,0.03181309076940142,1,1,1,CD8 T cell
TXNDC5,0.8739894444294989,-0.029715304050539793,1,1,1,CD8 T cell
FRMPD1,0.8740391609763478,-0.0016693386076287453,0.083,0.167,1,CD8 T cell
CFAP90,0.8740391609763478,-0.0016693386076287453,0.083,0.167,1,CD8 T cell
PSMB7,0.8741707655781971,0.016442832231722937,1,1,1,CD8 T cell
APBB2,0.8741922709288527,0.0015587599360395998,0.167,0.167,1,CD8 T cell
YWHAQ,0.8742407454249406,-0.004832116961689503,1,1,1,CD8 T cell
SERP2,0.874276790110038,9.631816593178577e-4,0.75,0.583,1,CD8 T cell
H2AC6,0.8743296995719674,0.031422389947077356,1,0.833,1,CD8 T cell
MDH2,0.874400178206723,0.00465645197320369,1,1,1,CD8 T cell
RAB11A,0.8744580659041667,-0.0159338927923294,1,1,1,CD8 T cell
NUMBL,0.8744590513315929,-5.13200834843186e-4,1,1,1,CD8 T cell
BORCS8,0.8745196144837185,0.033425524051365674,1,1,1,CD8 T cell
FLOT1,0.8745423482501606,-0.0015027308846157217,1,1,1,CD8 T cell
HPGDS,0.8745706343820416,-8.263920157176585e-4,0.083,0.167,1,CD8 T cell
ZNF707,0.8746229824004684,0.03745674905460805,1,1,1,CD8 T cell
PLAA,0.8747339874702877,0.019200616266466963,1,1,1,CD8 T cell
EMD,0.8749114172067665,-0.006766207006215219,1,1,1,CD8 T cell
XPNPEP1,0.874981997674003,0.01994526390976359,1,1,1,CD8 T cell
VKORC1L1,0.8749997687572264,0.02213287297412725,1,1,1,CD8 T cell
CACNA1G,0.8750408090690698,0.005011507135169513,0.167,0.083,1,CD8 T cell
SUPT5H,0.8750880108615974,-0.004339218660637911,1,1,1,CD8 T cell
SYNPO,0.8750899019166669,0.008826020391443645,0.25,0.167,1,CD8 T cell
TMEM275,0.8751164912664272,0.001376945662173501,0.167,0.083,1,CD8 T cell
EDEM1,0.8751395685433441,0.016352849178984497,1,1,1,CD8 T cell
SLC17A1,0.8751476681487063,-0.008279014583779443,0.667,0.75,1,CD8 T cell
DMTN,0.8751513751177846,0.006184963350795769,1,1,1,CD8 T cell
CACNA1C,0.8751597345941059,0.013194025577913493,0.167,0.083,1,CD8 T cell
CCDC112,0.8752030575676416,-0.019600994259623472,1,1,1,CD8 T cell
ACOX1,0.8752954932972937,0.004122877236911515,1,1,1,CD8 T cell
TRBC1,0.8753314182044073,-0.019544479413580618,1,1,1,CD8 T cell
ILDR1,0.8753669439633655,0.0021331380480091866,0.083,0.167,1,CD8 T cell
GNAT1,0.8754311407401378,-0.001842080325637152,0,0.167,1,CD8 T cell
CCN3,0.8754311407401378,-0.001842080325637152,0,0.167,1,CD8 T cell
PABPN1L,0.8754311407401378,-0.001842080325637152,0,0.167,1,CD8 T cell
KIF13A,0.87544532378181406,0.0443236408915646,1,1,1,CD8 T cell
TMEM219,0.8754607050122265,0.010110760656105222,1,1,1,CD8 T cell
UBE3B,0.8754694265760615,-0.007395054010503221,1,1,1,CD8 T cell
SMIM10L2A,0.8755659698696958,-0.013819011448485519,0.667,0.917,1,CD8 T cell
RASSF4,0.8755952074855413,0.042725112943207355,1,1,1,CD8 T cell
ARHGEF3,0.8756564976391397,0.022854038464490634,1,1,1,CD8 T cell
C5AR2,0.8756775658807566,-0.012358901172741188,1,1,1,CD8 T cell
MECR,0.875719948667729,0.027891746339659296,1,1,1,CD8 T cell
C1QBP,0.8757311211042808,-0.023435346812796243,1,1,1,CD8 T cell
TCF19,0.875758797729108,0.020432660043181006,1,1,1,CD8 T cell
RCN2,0.8757851670238648,-0.01814213401701814,1,1,1,CD8 T cell
TRIM59,0.8759605328818796,-0.016678852058730542,1,1,1,CD8 T cell
AGFG1,0.8759641655682849,-0.008051533815966488,1,1,1,CD8 T cell
RORB,0.87597643604963,0.02178266262467554,0.75,0.75,1,CD8 T cell
SCCPDH,0.8760024614817781,-0.016612148026469598,1,1,1,CD8 T cell
ACTA1,0.8761366945885357,-0.010278900117799417,0.25,0.417,1,CD8 T cell
PDZD9,0.8761675351722382,0.01782854800944822,0.167,0.167,1,CD8 T cell
CLCN3,0.8761913386377572,0.024398839635454583,1,1,1,CD8 T cell
MMAA,0.8762522642534637,0.018216998405939933,1,1,1,CD8 T cell
NGDN,0.8762672464549683,0.015630138050859554,1,1,1,CD8 T cell
CLHC1,0.8762995474951936,-0.045948045115491,1,1,1,CD8 T cell
PLA2G2C,0.8763164158549869,-0.010636266389523641,0.917,0.917,1,CD8 T cell
GXYLT2,0.8764119613312483,0.0019985218955036466,0.25,0.25,1,CD8 T cell
DCTPP1,0.8764286786658058,-0.0208445642466617,1,1,1,CD8 T cell
SYT1,0.8765313945733566,-0.005254646425185694,0.083,0.167,1,CD8 T cell
AMOT,0.8765748480787368,0.006080459058230403,1,1,1,CD8 T cell
HYKK,0.8766887259406001,0.01872735770060796,0.917,1,1,CD8 T cell
CHST10,0.8767607511179419,-0.011017560246027625,1,1,1,CD8 T cell
ITGB3BP,0.8767677163500839,0.012577829582303135,1,1,1,CD8 T cell
MYORG,0.876770754525205,-0.0362492228069633,0.917,1,1,CD8 T cell
NAV2,0.8768117515532204,0.018535163196068627,0.667,0.583,1,CD8 T cell
EXT2,0.876892405509559,0.008602554992142908,1,1,1,CD8 T cell
VASH1,0.8769166096932657,-0.02774214163264621,1,1,1,CD8 T cell
TAF1,0.877100995705598,0.008585031025886734,1,1,1,CD8 T cell
VWA5B2,0.8771640122319306,0.0012333052462141225,0.25,0.25,1,CD8 T cell
TGM3,0.8772575820585334,-0.002300678168231318,0,0.083,1,CD8 T cell
FAM83A,0.8772780246756842,-0.003776942818928042,0.25,0.25,1,CD8 T cell
TEX28,0.8772789553185036,0.0043970849337560125,0.75,0.583,1,CD8 T cell
NCAM1,0.8773429060425981,-0.052785514000098566,1,1,1,CD8 T cell
FMO5,0.8774292113308839,-0.02613855263409537,1,1,1,CD8 T cell
SPART,0.8774893532007191,-0.029538251096542734,1,1,1,CD8 T cell
SH3BP4,0.877494859937387,-0.004589023056470243,0.083,0.25,1,CD8 T cell
SRPK1,0.8775339021633441,-1.6290227541290725e-4,1,1,1,CD8 T cell
IFT81,0.8775483211185455,0.058086736941401984,1,1,1,CD8 T cell
P2RX5,0.8775672513130691,-0.0287431070055455,1,1,1,CD8 T cell
CELA1,0.8775790141317549,0.007986016661552409,0.917,0.917,1,CD8 T cell
JPT1,0.8776105129412389,5.426987225412017e-4,1,1,1,CD8 T cell
CH25H,0.8777130806212957,-0.0022097404710144097,0.25,0.25,1,CD8 T cell
RO60,0.8777694557299627,-0.0029380350022564228,1,1,1,CD8 T cell
PPID,0.8777703552560098,0.003222465121688195,1,1,1,CD8 T cell
SMCO4,0.8778102055800084,-0.015198558346907642,0.833,1,1,CD8 T cell
CDPF1,0.8778437868788932,0.048926340647270194,1,1,1,CD8 T cell
LTBP4,0.8778649831638465,0.03345474575359296,1,1,1,CD8 T cell
CLC,0.8778876622233652,0.002191946920443666,0.25,0.25,1,CD8 T cell
RABGEF1,0.8779488351630421,0.04445502595478962,1,1,1,CD8 T cell
CLUH,0.8780169575649687,-0.011369786494467737,1,1,1,CD8 T cell
LAT,0.8780361829876699,0.02173566277107719,1,1,1,CD8 T cell
OVOL3,0.8780894879652403,0.0018359524966746754,0.083,0,1,CD8 T cell
MYRFL,0.8780894879652403,0.0018359524966746754,0.083,0,1,CD8 T cell
OR6B3,0.8780894879652403,0.0018359524966746754,0.083,0,1,CD8 T cell
BLOC1S1,0.8780928477436873,0.016000969928648745,1,1,1,CD8 T cell
MED8,0.8780929088499456,0.00826475941040028,1,1,1,CD8 T cell
ADORA2B,0.8781890335134082,0.009015556342564679,0.333,0.333,1,CD8 T cell
NOCT,0.8782214328687488,0.0035654491582617354,1,1,1,CD8 T cell
PFDN2,0.8783611045134967,-0.012581946342468717,1,1,1,CD8 T cell
TIFA,0.8783720766795635,-0.015934621012726913,1,1,1,CD8 T cell
DGKA,0.8784370523348752,-0.0054206244794267056,1,1,1,CD8 T cell
SDCBP2,0.8784595469372666,0.01580109474881075,1,0.917,1,CD8 T cell
SH3GLB1,0.8784687074762436,0.005733011498783469,1,1,1,CD8 T cell
CARMIL3,0.8784892906692748,0.018345208211546282,1,1,1,CD8 T cell
NUDT16,0.8784909175607819,0.028676604810544903,1,1,1,CD8 T cell
SMIM26,0.8784933162934594,0.007455099944264965,1,1,1,CD8 T cell
KLRF2,0.8785639053055563,-0.003598433498517295,0.167,0.083,1,CD8 T cell
CACNG6,0.8785912994172199,0.0013050004372283652,0.167,0.083,1,CD8 T cell
CCL28,0.8786148526098998,-0.012259361152547665,1,1,1,CD8 T cell
GFUS,0.8787649726325185,0.018162063878209456,1,1,1,CD8 T cell
ENGASE,0.8788408152759871,-0.010376604206228768,1,1,1,CD8 T cell
C16orf46,0.8790072290874865,0.004292205442180563,1,1,1,CD8 T cell
NDST1,0.8790375651475999,-0.011893253871744225,1,1,1,CD8 T cell
KRTAP5-2,0.8790887078174935,0.006152392985479427,0.25,0.167,1,CD8 T cell
CASP9,0.8791535808359482,-0.0313006170398884,1,1,1,CD8 T cell
KIAA1191,0.8791745733326918,-0.008097438163118253,1,1,1,CD8 T cell
COX19,0.8791798398922381,0.010938240242952757,1,1,1,CD8 T cell
ZNF221,0.8792260509019341,0.022839429681349,1,1,1,CD8 T cell
WAC,0.879279063696069,-0.0021273358798696088,1,1,1,CD8 T cell
DGAT1,0.8792824145776024,-0.005624070609466014,1,1,1,CD8 T cell
CD27,0.8793348428721582,0.07685206025315738,1,1,1,CD8 T cell
ATXN1L,0.8794763448433619,0.007867262022363097,1,1,1,CD8 T cell
SRI,0.8795422653708448,0.023880311886857686,1,1,1,CD8 T cell
ZBTB4,0.8795789697754977,0.01662186482058514,1,1,1,CD8 T cell
PCNX4,0.8796206771379779,-0.018276035059924478,1,1,1,CD8 T cell
MYCBP2,0.8796206907349033,0.004644299739978763,1,1,1,CD8 T cell
CCNC,0.8796382127722147,0.01449422239556547,1,1,1,CD8 T cell
AKAP7,0.8797736479590568,0.03834001058591352,1,1,1,CD8 T cell
IRF2BPL,0.879827837613769,-0.026778983276568136,1,1,1,CD8 T cell
CBX3,0.879859534991839,0.01250291625187161,1,1,1,CD8 T cell
XBP1,0.8799307590950405,0.019895127021991588,1,1,1,CD8 T cell
BRIX1,0.8799709259787619,7.280215358395487e-4,1,1,1,CD8 T cell
MTMR12,0.8799745093731719,0.016454984182192822,1,1,1,CD8 T cell
SPAG7,0.8800558152703546,-1.248868106892287e-4,1,1,1,CD8 T cell
STIM2,0.8800622516196797,0.009535096096506601,1,1,1,CD8 T cell
CHI3L2,0.8801115737998304,0.055613137579036076,1,1,1,CD8 T cell
SYPL2,0.880130903083514,-7.995380400234176e-4,0.083,0.167,1,CD8 T cell
MBD3,0.88017000341922,-0.0040802197490061864,1,1,1,CD8 T cell
SYNGR1,0.8801920895784419,-0.04803066565336378,1,1,1,CD8 T cell
KIF18A,0.8801944788718095,0.005767745910532085,1,1,1,CD8 T cell
XRCC2,0.8802647849331551,0.023292211404378982,1,1,1,CD8 T cell
ZMYND11,0.880268578064666,0.014641924968978648,1,1,1,CD8 T cell
HNRNPC,0.8802796760425999,0.006811387446171935,1,1,1,CD8 T cell
SOCS4,0.8802907918432366,0.028246025911778605,1,1,1,CD8 T cell
TTLL5,0.8803241742825578,-0.022392804359526258,1,1,1,CD8 T cell
MAPKBP1,0.8804035815054925,0.009470160278184592,1,1,1,CD8 T cell
SIGLEC12,0.8804292056080293,-0.0012076987636246983,0.083,0.25,1,CD8 T cell
PHF23,0.8804506587046789,-0.006115883217153839,1,1,1,CD8 T cell
TNFRSF9,0.8804570144457972,0.06649546848837629,1,1,1,CD8 T cell
PCDHA5,0.8804815242019765,-0.014531778772396198,0,0.167,1,CD8 T cell
CARD14,0.8804815256958012,-0.00930075076557424,0,0.167,1,CD8 T cell
HSPB6,0.8804815258078602,-0.008946835947519993,0,0.167,1,CD8 T cell
NUP210,0.8805224308370534,-0.00291531191138672,1,1,1,CD8 T cell
MACROH2A1,0.8805334118534051,0.005039320615199627,1,1,1,CD8 T cell
DLK2,0.8806389726086865,-0.006054122286915931,1,0.917,1,CD8 T cell
MED20,0.8806569767325642,0.005122504753318324,1,1,1,CD8 T cell
PLD1,0.8807022261443278,0.03551223379930413,1,0.917,1,CD8 T cell
COPE,0.8807730927693395,0.028055804757411124,1,1,1,CD8 T cell
TNFRSF6B,0.8808403645548298,0.02595800970835027,0.917,1,1,CD8 T cell
MMP19,0.880858764262095,-0.0017502456940494682,0,0.167,1,CD8 T cell
F2RL3,0.880858764262095,-0.0017502456940494682,0,0.167,1,CD8 T cell
HSPA12B,0.880858764262095,-0.0017502456940494682,0,0.167,1,CD8 T cell
SLC5A2,0.880858764262095,-0.0017502456940494682,0,0.167,1,CD8 T cell
TFF3,0.880858764262095,-0.0017502456940494682,0,0.167,1,CD8 T cell
GH1,0.880858764262095,-0.0017502456940494682,0,0.167,1,CD8 T cell
GATA2,0.8809135168690064,-0.009462262963922274,0.75,0.667,1,CD8 T cell
C1orf87,0.8809291819450734,-0.0020745078993522625,0,0.083,1,CD8 T cell
TM4SF1,0.8809291819450734,-0.0020745078993522625,0,0.083,1,CD8 T cell
ZDHHC21,0.8809725936040741,0.04093570871242724,1,1,1,CD8 T cell
ADGRB2,0.8809800679353618,-0.018547588039312224,1,1,1,CD8 T cell
LOXL3,0.8810258009691896,0.011531267224926367,0.583,0.5,1,CD8 T cell
PSD3,0.8812336317751135,0.00669370614160858,0.417,0.333,1,CD8 T cell
PLOD3,0.8812978932474052,-0.020298905264681588,1,1,1,CD8 T cell
NFXL1,0.8813055778825107,0.03133683597929027,1,1,1,CD8 T cell
STARD8,0.8813122614365192,-0.007838356262259705,0.583,0.75,1,CD8 T cell
DNMT3A,0.8813182254281702,0.0309861175724453,1,1,1,CD8 T cell
MYCBP,0.8813361956909319,0.018626389426552703,1,1,1,CD8 T cell
BAZ2B,0.8813567725741248,0.027229056344455688,1,1,1,CD8 T cell
FBXO24,0.8814588182523365,-0.01109048063406437,0.917,0.917,1,CD8 T cell
XRRA1,0.8814967625133456,0.04185016948680387,1,1,1,CD8 T cell
SUMF1,0.8815463075279424,0.016616283548503752,1,1,1,CD8 T cell
TMEM185B,0.8815525510298122,-0.022924848595154756,1,1,1,CD8 T cell
MAP3K9,0.8815529344956278,0.029339201930324688,1,1,1,CD8 T cell
LUC7L,0.8816572019945104,-0.0019918398459137787,1,1,1,CD8 T cell
TK2,0.8816946709858703,-0.0037987959418031014,1,1,1,CD8 T cell
NCKAP1,0.8818131471427199,-0.020900767083017024,1,1,1,CD8 T cell
PLBD2,0.8818549077167492,-0.015299488290644536,1,1,1,CD8 T cell
IFIT1B,0.8819954806713567,0.001229798225200529,0.167,0.167,1,CD8 T cell
ATAT1,0.8820357156660317,0.07449043036958658,1,1,1,CD8 T cell
KLHL41,0.8821272019458506,0.027627129039259568,0.833,0.583,1,CD8 T cell
EIF2B5,0.8821431061737387,-0.01687373288559544,1,1,1,CD8 T cell
MPPE1,0.8821891110339171,0.017954638764847097,1,1,1,CD8 T cell
CTPS1,0.8822246417992355,0.005283855839597562,1,1,1,CD8 T cell
PGM5,0.8822323406574569,-0.0029345050431550668,0.167,0.25,1,CD8 T cell
TASP1,0.882269066434773,0.053726632854896206,1,1,1,CD8 T cell
KIF13B,0.8824747719469354,-0.014459162748265975,1,1,1,CD8 T cell
KREMEN1,0.8824833064043482,-0.0021403031412239315,0.167,0.167,1,CD8 T cell
STEAP3,0.8825368676375466,0.006692120092607112,0.75,0.75,1,CD8 T cell
AGRN,0.8826484116314179,-0.030985426210938805,0.917,1,1,CD8 T cell
PRNP,0.8827348035481283,-0.015015673460869183,1,1,1,CD8 T cell
PRKX,0.8827372236788534,-0.01973948294452177,1,1,1,CD8 T cell
THAP3,0.8828356199437367,-0.05492893388400777,1,1,1,CD8 T cell
TMEM45B,0.8828747652423452,0.0035148866009486746,0.75,0.75,1,CD8 T cell
PMS2,0.8829648547958878,0.007964366669516498,1,1,1,CD8 T cell
PBX1,0.8830584054729297,0.01744898683675311,1,0.833,1,CD8 T cell
CORO6,0.8831007758452065,-0.0085250312744658,0.583,0.667,1,CD8 T cell
TMEM225B,0.8832109374376227,-0.03976367413720494,1,1,1,CD8 T cell
TUBG2,0.8832222615746985,-0.007370303427768787,1,1,1,CD8 T cell
YEATS4,0.8832656956969385,0.03161992877576747,1,1,1,CD8 T cell
ZNF586,0.8833446395322723,-0.006283690567058464,1,1,1,CD8 T cell
PLAGL1,0.8833446487810134,0.040173464003053994,1,1,1,CD8 T cell
HSD17B8,0.8833455619385885,0.0027888064712635607,1,1,1,CD8 T cell
CD3G,0.8833843855605783,-0.006633018648426248,1,1,1,CD8 T cell
FAM9C,0.883396089744906,0.0015955435272005936,0.083,0.083,1,CD8 T cell
LOXL2,0.8834084527325236,-0.02461872597590231,1,1,1,CD8 T cell
CBX6,0.8834111584594331,0.0020610486673029726,1,1,1,CD8 T cell
SLC2A8,0.8834232200397549,-0.009370273450199473,1,1,1,CD8 T cell
NKRF,0.8834241267218054,-0.02000291713485236,1,1,1,CD8 T cell
GCC1,0.8834988917425423,0.009011043488151294,1,1,1,CD8 T cell
DTNBP1,0.8835269460546943,3.5276852455395913e-4,1,1,1,CD8 T cell
NEUROG3,0.8835866816749177,-0.0017534806607018005,0,0.167,1,CD8 T cell
ST18,0.8835866816749177,-0.0017534806607018005,0,0.167,1,CD8 T cell
FBXW12,0.8835866816749177,-0.0017534806607018005,0,0.167,1,CD8 T cell
SERPINH1,0.883606285836762,-0.015120929403561245,1,1,1,CD8 T cell
SLC66A3,0.8836203337021056,0.021742743351681748,1,1,1,CD8 T cell
CDK7,0.8836867967886951,-0.017389455824930344,1,1,1,CD8 T cell
GOLGA2,0.8837253782002886,-0.006696442933413538,1,1,1,CD8 T cell
NR1H3,0.8837286287658852,0.011100264642693425,1,1,1,CD8 T cell
CASP10,0.8837478550879954,0.025708874569085882,1,1,1,CD8 T cell
TRIM14,0.8837994325805208,0.018854765158792586,1,1,1,CD8 T cell
PARP15,0.8838133269644214,-0.006493316262747406,1,1,1,CD8 T cell
DHRSX,0.8838867178766259,0.0015654988516603519,1,1,1,CD8 T cell
MARCHF6,0.8839407671241869,0.002800549166121158,1,1,1,CD8 T cell
TRMT6,0.8840575759885481,0.062025682312407016,1,1,1,CD8 T cell
CDKN1B,0.8840965635731775,0.021867117092425836,1,1,1,CD8 T cell
LRRC17,0.8841001153129773,0.025839754502519963,0.833,0.667,1,CD8 T cell
MTCH2,0.884248890814797,-0.007758811229245044,1,1,1,CD8 T cell
EDDM13,0.8843454730294262,-0.0026669227635989223,0.917,1,1,CD8 T cell
LMLN,0.8844620437068218,0.04465743060791327,1,1,1,CD8 T cell
MINDY4,0.884506191752554,-0.016087180495389486,0.917,1,1,CD8 T cell
LAMTOR4,0.884509045764921,-0.0014823880528695987,1,1,1,CD8 T cell
CBX1,0.8845090858711759,0.040482252248568606,1,1,1,CD8 T cell
ANAPC5,0.8845553529953363,0.013507066022937941,1,1,1,CD8 T cell
FNTB,0.8845578708673456,-0.016329321574188427,1,1,1,CD8 T cell
RAB21,0.8845649527370586,0.003216051012572607,1,1,1,CD8 T cell
ERGIC2,0.8845792493442068,4.213793415332595e-4,1,1,1,CD8 T cell
STAB1,0.8846129929750599,0.021192474698231933,1,0.833,1,CD8 T cell
MGAT3,0.8846410291659136,-0.004517598320564975,0.25,0.333,1,CD8 T cell
KANK1,0.8846817681778595,-0.006592425569665661,1,1,1,CD8 T cell
NDUFS7,0.8847392967221015,0.008289433491677767,1,1,1,CD8 T cell
FAT4,0.8847630963004549,0.020635816207386526,0.667,0.667,1,CD8 T cell
GTF3C4,0.8847987450968693,0.006044427655692797,1,1,1,CD8 T cell
CTSG,0.8848261274926278,5.706770689100082e-4,0.667,0.5,1,CD8 T cell
MTMR6,0.8848515930626513,-0.012067764168690445,1,1,1,CD8 T cell
PGS1,0.8850069665052974,-0.004122904936337157,1,1,1,CD8 T cell
TNNI3K,0.8851035657496888,0.007516317417652907,0.5,0.583,1,CD8 T cell
VAPB,0.8851533367236133,0.00845781806279089,1,1,1,CD8 T cell
GSDMB,0.8851967740211725,-0.023610510465031022,1,1,1,CD8 T cell
STX2,0.8852520974841339,-0.01670519169650367,1,1,1,CD8 T cell
UTS2B,0.8852765065445493,-0.0027348577127286333,0.083,0.167,1,CD8 T cell
ADGRL1,0.8853610079717235,-0.023203925499901468,1,1,1,CD8 T cell
ZBTB8OS,0.8854900365120599,0.016534996916726774,1,1,1,CD8 T cell
IL9R,0.8855445302475887,-0.01892192176644425,0.75,0.917,1,CD8 T cell
TMDD1,0.8855718188394442,0.0010433784597410067,0.167,0.167,1,CD8 T cell
PDE6H,0.8856043914222345,-0.016489503693076557,0.167,0.25,1,CD8 T cell
MYO9B,0.8856086656639882,0.020764337493330065,1,1,1,CD8 T cell
CRYL1,0.8856142230945561,0.01906629584870223,1,1,1,CD8 T cell
ICOS,0.8857727069103063,0.037675617299685715,1,1,1,CD8 T cell
PDGFB,0.8858444087660183,0.03778512045440863,1,1,1,CD8 T cell
SLC7A8,0.8858601252274139,2.5560092329435236e-4,0.167,0.083,1,CD8 T cell
RAP2B,0.8859049842326776,-0.006424644256876277,1,1,1,CD8 T cell
BRPF3,0.8859127517463515,-0.01758908800322545,1,1,1,CD8 T cell
SLC16A3,0.8859489811112986,-0.018379802321996985,1,1,1,CD8 T cell
TMEM33,0.886020984623701,-0.011169055544816398,1,1,1,CD8 T cell
ZBTB16,0.8860413724022067,0.09496377212084581,1,1,1,CD8 T cell
SRM,0.886069706784149,0.0030936074684675963,1,1,1,CD8 T cell
FAM81B,0.8860987443199595,0.0011083455867466618,0.167,0.167,1,CD8 T cell
BUD31,0.8861533372401985,-6.295627832662298e-4,1,1,1,CD8 T cell
PIGM,0.8861946005299265,0.015443062021008425,1,1,1,CD8 T cell
GCC2,0.8862243704476573,0.011027047853171212,1,1,1,CD8 T cell
ELK4,0.8862275229424854,0.005594463566232832,1,1,1,CD8 T cell
PSMB2,0.8864279183915635,0.01787788964000081,1,1,1,CD8 T cell
EEFSEC,0.8864898389535033,0.03832460620799105,1,1,1,CD8 T cell
DNAJB5,0.8864991925854073,0.0059449916026301786,0.833,1,1,CD8 T cell
DUSP13,0.8865298368533385,-0.0015044809148423433,0.167,0.083,1,CD8 T cell
ARMC8,0.8865429275728806,0.016483331347177832,1,1,1,CD8 T cell
GOLT1A,0.8866136428413798,0.009474405721538126,0.083,0.083,1,CD8 T cell
TRAPPC10,0.8868651553468916,0.0011983084422837464,1,1,1,CD8 T cell
PRCC,0.8868861747816402,0.021009923427458,1,1,1,CD8 T cell
MCM4,0.8869088060611607,0.05370521774272374,1,1,1,CD8 T cell
MMP24,0.886912166772487,0.002424154902770592,0.917,0.833,1,CD8 T cell
DARS2,0.8869358662181758,-0.01698457568544054,1,1,1,CD8 T cell
NFRKB,0.8869944922942948,0.030999870316611333,1,1,1,CD8 T cell
AVP,0.8870052807989768,0.0053978595733976675,0.083,0,1,CD8 T cell
TWIST1,0.8870052807989768,0.0053978595733976675,0.083,0,1,CD8 T cell
NUDT10,0.8870052807989768,0.0053978595733976675,0.083,0,1,CD8 T cell
GDF5,0.8870052807989768,0.0053978595733976675,0.083,0,1,CD8 T cell
SLC7A10,0.8870052807989768,0.0053978595733976675,0.083,0,1,CD8 T cell
IDO1,0.8870052807989768,0.0053978595733976675,0.083,0,1,CD8 T cell
NPFFR1,0.8870052807989768,0.0053978595733976675,0.083,0,1,CD8 T cell
OTOP1,0.8870052807989768,0.0053978595733976675,0.083,0,1,CD8 T cell
HS6ST2,0.8870052807989768,0.0053978595733976675,0.083,0,1,CD8 T cell
CLVS1,0.8870052807989768,0.0053978595733976675,0.083,0,1,CD8 T cell
CYP2B6,0.8870052807989768,0.0053978595733976675,0.083,0,1,CD8 T cell
NANOGNB,0.8870052807989768,0.0053978595733976675,0.083,0,1,CD8 T cell
OLIG2,0.8870052807989768,0.0053978595733976675,0.083,0,1,CD8 T cell
SCYGR8,0.8870052807989768,0.0053978595733976675,0.083,0,1,CD8 T cell
SNX31,0.8870196322129752,0.009215771851493137,0.167,0.083,1,CD8 T cell
RAB14,0.8870331620650637,7.780023257539792e-4,1,1,1,CD8 T cell
CDKN2A,0.8870453446073843,0.04741191163580538,1,1,1,CD8 T cell
MEGF10,0.8870833594557384,0.005379920558575169,0.083,0,1,CD8 T cell
RETNLB,0.8870833594557384,0.005379920558575169,0.083,0,1,CD8 T cell
C10orf71,0.8870833594557384,0.005379920558575169,0.083,0,1,CD8 T cell
ODF3L2,0.8870833594557384,0.005379920558575169,0.083,0,1,CD8 T cell
DMBX1,0.8870833594557384,0.005379920558575169,0.083,0,1,CD8 T cell
C1orf141,0.8870833594557384,0.005379920558575169,0.083,0,1,CD8 T cell
TEX51,0.8870833594557384,0.005379920558575169,0.083,0,1,CD8 T cell
PHF13,0.8870880745230922,0.017395656625492695,1,1,1,CD8 T cell
SLC9B2,0.8871305747956825,0.02003948878359818,1,1,1,CD8 T cell
RCN3,0.8871568747211842,-0.03350985616532398,0.917,1,1,CD8 T cell
TMPRSS3,0.8871837665589808,0.022369842059621003,1,1,1,CD8 T cell
RPP21,0.8872136642067663,-0.013732761916140923,1,1,1,CD8 T cell
CCL5,0.8872415910676925,-0.006274042593316764,1,1,1,CD8 T cell
AOC2,0.8872833476572461,0.01619076140949094,1,0.917,1,CD8 T cell
CALM1,0.8875157394170295,-0.006118448664651499,1,1,1,CD8 T cell
MCMBP,0.8875904034487061,-0.003870312146031285,1,1,1,CD8 T cell
INPP5D,0.8875976289764987,-6.674237151242934e-4,1,1,1,CD8 T cell
TMEM244,0.8876382770500624,-0.026386089857232342,1,1,1,CD8 T cell
SPATA6,0.8877245776702998,0.013832337792176297,0.833,0.917,1,CD8 T cell
RPRD1A,0.8877796050879282,0.034254454363557285,1,1,1,CD8 T cell
ABCB7,0.8878393050902933,0.030274971267923584,1,1,1,CD8 T cell
KIZ,0.8878693310571517,0.017987854702632845,1,1,1,CD8 T cell
RILPL1,0.8878824474781183,0.05786189517917739,1,1,1,CD8 T cell
ZC2HC1A,0.8879262850389891,-0.01294909206039474,0.833,0.917,1,CD8 T cell
BCL2A1,0.8879613007742819,0.015972264933812652,1,1,1,CD8 T cell
PSEN2,0.8880550574540345,-0.025969053084334615,1,1,1,CD8 T cell
NAA60,0.8880968681047656,0.02234723873448427,1,1,1,CD8 T cell
CNIH4,0.8881111433306313,-5.905555207318947e-4,1,1,1,CD8 T cell
RAB6B,0.888150422633846,-0.03741303799656359,1,1,1,CD8 T cell
MMADHC,0.888176589024157,0.01133537284886265,1,1,1,CD8 T cell
ACTMAP,0.8882828662106568,-0.014610552600148985,1,1,1,CD8 T cell
NCSTN,0.8883158939740079,0.002671459911484375,1,1,1,CD8 T cell
POF1B,0.888324665421796,-0.007256213491353858,0.583,0.667,1,CD8 T cell
TAF9B,0.8883381155693623,-0.0221958945719396,1,1,1,CD8 T cell
IFI44L,0.8883515967665943,0.05558073683289466,1,1,1,CD8 T cell
AHNAK,0.8883661014864556,-0.0028183929432543664,1,1,1,CD8 T cell
LCA5L,0.8883775198249659,-0.001258866207995979,0.333,0.417,1,CD8 T cell
S100B,0.8883808503271644,0.13063455357760637,1,1,1,CD8 T cell
SYF2,0.8884668622242591,-0.009036145206853918,1,1,1,CD8 T cell
CCDC88A,0.8885172467458543,-0.03255399429843142,1,1,1,CD8 T cell
ABHD6,0.8885904038084396,0.0022071935950271904,1,1,1,CD8 T cell
RALA,0.8886213365643127,0.014853442046240173,1,1,1,CD8 T cell
RTCA,0.8886291532857081,0.02630798562903075,1,1,1,CD8 T cell
CUEDC2,0.8886542785333011,-0.001550121462349563,1,1,1,CD8 T cell
AMPD1,0.8887240551789652,-0.0015435693229557401,0.167,0.083,1,CD8 T cell
ESYT3,0.8887466564308889,-2.9534165142353075e-4,0.167,0.083,1,CD8 T cell
MYL4,0.8888718559408196,0.0029566183551192893,0.083,0.25,1,CD8 T cell
ZBTB26,0.8888976330312384,-0.014170556906547338,1,1,1,CD8 T cell
TRIM6,0.8889203286484106,0.0018293964579885191,0.083,0.083,1,CD8 T cell
ASAH2,0.8890725962871813,0.0014933080812777888,0.083,0.167,1,CD8 T cell
GZMA,0.889133908093268,0.019342976585613236,1,1,1,CD8 T cell
DYM,0.8892030511606823,0.01572166125738228,1,1,1,CD8 T cell
ZNF426,0.889203894169703,0.03708612855961868,1,1,1,CD8 T cell
RTTN,0.8892459058909279,0.015950041002844806,1,1,1,CD8 T cell
LANCL3,0.8893401877740349,0.020417762454489896,1,1,1,CD8 T cell
MPST,0.8893513650416175,0.024488367235658393,1,1,1,CD8 T cell
RCAN2,0.8893550233911526,0.03649772280952979,1,1,1,CD8 T cell
ESYT2,0.8893938957059863,0.016091102724365758,1,1,1,CD8 T cell
PRKCSH,0.8894052760015523,0.007170514626900937,1,1,1,CD8 T cell
TTF2,0.8895651336789728,-0.02553267387880176,1,1,1,CD8 T cell
GPCPD1,0.8895661586424409,-0.005709824029951571,1,1,1,CD8 T cell
ZFP41,0.8895920891445304,0.013770120189464885,1,1,1,CD8 T cell
POLD2,0.8896483440180917,-0.0073604309481458685,1,1,1,CD8 T cell
IRGQ,0.8896561093500353,0.012155869054937485,1,1,1,CD8 T cell
DTWD2,0.88965723174805,-0.008557634159776839,1,1,1,CD8 T cell
TRIM9,0.889687989692261,1.9448305337510519e-4,0.833,0.917,1,CD8 T cell
HEATR1,0.889693480476026,-0.015519480665489,1,1,1,CD8 T cell
FRMD6,0.8897051828701502,-0.012662632965390497,0.75,0.917,1,CD8 T cell
DGKD,0.8897071401236888,0.0030848878671271285,1,1,1,CD8 T cell
GPAT3,0.8897303931091615,-2.4248497124856883e-4,1,1,1,CD8 T cell
GPR83,0.8897366246683148,-0.019261800993080058,0.917,1,1,CD8 T cell
SLC25A47,0.88975763567164,0.0016367721032057858,0.167,0.167,1,CD8 T cell
ATG13,0.8897706189388412,0.02894576987123898,1,1,1,CD8 T cell
EHBP1L1,0.8898101804583645,-0.00754210229718244,1,1,1,CD8 T cell
NPC2,0.8898545397624916,-0.017446471063987695,1,1,1,CD8 T cell
CD3D,0.8898546125937643,-0.0033542119187073283,1,1,1,CD8 T cell
CD84,0.8899015357746931,-0.007479954932609001,1,1,1,CD8 T cell
BHLHE41,0.8899984948661774,-0.008169454423964329,0.25,0.417,1,CD8 T cell
ARHGEF2,0.8900132910662124,0.013839558068917235,1,1,1,CD8 T cell
AQP11,0.8900286002484141,-0.05514345223840733,0.833,1,1,CD8 T cell
ERICH1,0.8900453832650521,0.01483901346205288,1,1,1,CD8 T cell
MOV10,0.8902350360716559,0.021123781077557108,1,1,1,CD8 T cell
PALLD,0.8902462216048515,-0.034461232871213054,1,1,1,CD8 T cell
TANC2,0.8902578826125273,0.029164889572816044,1,1,1,CD8 T cell
ZNF184,0.8903427235430598,-7.338825393384818e-4,1,1,1,CD8 T cell
ZNF101,0.8903609150392069,0.021678418513675635,1,1,1,CD8 T cell
SLC16A7,0.8903627185713889,0.009422248689720414,1,1,1,CD8 T cell
GOSR1,0.8903658486913384,0.02003526434172978,1,1,1,CD8 T cell
CHADL,0.8903686048437717,-0.009680399267721462,0.5,0.5,1,CD8 T cell
TAPBPL,0.8905525505346339,-0.013965231284438717,1,1,1,CD8 T cell
IMMP1L,0.8905854083339576,0.013184670081814343,1,1,1,CD8 T cell
XAF1,0.8906280757377033,0.030812809600242907,1,1,1,CD8 T cell
SMARCAL1,0.8906288815722954,0.02693425425940643,1,1,1,CD8 T cell
IL18R1,0.890632805092,0.040128669836483055,1,1,1,CD8 T cell
PDE6D,0.8906547566501767,0.011805557456505356,1,1,1,CD8 T cell
CD2,0.8906719447418641,0.02684303933486376,1,1,1,CD8 T cell
POMT1,0.8907629468937657,0.010252505200428974,1,1,1,CD8 T cell
AKAP14,0.8907949566300353,-0.009641900703073691,0.333,0.25,1,CD8 T cell
ANXA5,0.8907996983520408,-0.004869521413992217,1,1,1,CD8 T cell
ZIK1,0.8908027440218734,-0.012202755228575946,1,1,1,CD8 T cell
ADAR,0.8908037748692134,-0.0011572479301262817,1,1,1,CD8 T cell
STIMATE,0.8908089071343928,0.011211292139257825,1,1,1,CD8 T cell
EEF2K,0.8908569491452403,0.0017455007372628728,1,1,1,CD8 T cell
DMXL2,0.8908683508227155,0.030969254738771212,1,1,1,CD8 T cell
SLC35C2,0.890918231703027,0.001414636268715852,1,1,1,CD8 T cell
LRRC2,0.8910183222818141,0.011539566192463546,0.167,0.083,1,CD8 T cell
LRP2BP,0.8910574211103102,0.020141659592102013,0.917,0.917,1,CD8 T cell
CUL2,0.8910580146968908,-0.023173026868589214,1,1,1,CD8 T cell
CDK14,0.8911491075485983,-0.004548045023658354,0.583,0.667,1,CD8 T cell
ACSL4,0.8911791381854648,-0.007112865816146292,1,1,1,CD8 T cell
LRRCC1,0.8912625678712607,-0.0022108192738090615,1,1,1,CD8 T cell
CUX1,0.891264110556684,-0.007716467117721781,1,1,1,CD8 T cell
PPP2R2A,0.8913104932904372,0.01797141738188046,1,1,1,CD8 T cell
DVL2,0.8913514004776992,-0.027897483967975534,1,1,1,CD8 T cell
MPP4,0.8914284321673152,-0.0089138834116671,0.417,0.417,1,CD8 T cell
PLS3,0.8914290039011177,-0.00424029244501023,0.25,0.417,1,CD8 T cell
PKIA,0.8915996811116544,0.037706097967581176,1,0.917,1,CD8 T cell
GGCT,0.8916148860344906,0.01554889253394176,1,1,1,CD8 T cell
FANCM,0.8917165804844847,0.040428112069232025,1,1,1,CD8 T cell
PPARGC1B,0.8917278799014515,-0.03182372565755953,1,1,1,CD8 T cell
GALM,0.891847288324113,-0.006334914367728706,1,1,1,CD8 T cell
ARL10,0.8918896035888981,-0.014524102809283956,1,1,1,CD8 T cell
C14orf28,0.8918903996522674,0.01613831942390287,1,1,1,CD8 T cell
ERO1A,0.8919012555296919,-0.0033317933719876347,1,1,1,CD8 T cell
MARS1,0.8919347846440568,0.05058687310987331,1,1,1,CD8 T cell
TMEM165,0.8919818327008636,0.013995365621514561,1,1,1,CD8 T cell
TRGC1,0.8920206609543764,0.054406857585879154,1,1,1,CD8 T cell
SPIN1,0.8921212604715589,0.011177566240974712,1,1,1,CD8 T cell
SLC37A4,0.8921380588449672,0.015060949033537163,1,1,1,CD8 T cell
FZD1,0.8922251023259604,-0.0041243117509899285,0.333,0.333,1,CD8 T cell
MTMR1,0.8923078928047202,0.011210450080973114,1,1,1,CD8 T cell
GPR141,0.8923468983063718,-0.04132471475045296,1,1,1,CD8 T cell
RTL8C,0.892369001978833,-0.010735013858649056,1,1,1,CD8 T cell
TMEM71,0.8923912229272415,-0.0075661859435628975,1,1,1,CD8 T cell
IFT172,0.8924042629469935,-0.01660853593312095,1,1,1,CD8 T cell
ID1,0.8924254622973448,-0.025459203770702654,0.833,0.833,1,CD8 T cell
ACOT11,0.8925559032932913,-0.007465469697709892,1,1,1,CD8 T cell
MDN1,0.8925714473436912,0.02726544849510315,1,1,1,CD8 T cell
RHEB,0.8926970860590937,0.027666933304622998,1,1,1,CD8 T cell
NCOA5,0.8927005928325824,-0.00208598217825251,1,1,1,CD8 T cell
ACP5,0.8927179901812325,-0.011375879043732162,1,1,1,CD8 T cell
BFAR,0.8927305945865656,0.006104674355564721,1,1,1,CD8 T cell
LGALS1,0.89274837226686,0.0446765733651211,1,1,1,CD8 T cell
ORMDL3,0.8927580424919667,-0.021740126641954127,1,1,1,CD8 T cell
MACROD2,0.8927796582987564,-9.866515188963199e-4,0.25,0.25,1,CD8 T cell
GPATCH2L,0.8927797225083741,-0.003364927128575834,1,1,1,CD8 T cell
EDARADD,0.8927865463201743,-0.024332744241869708,1,1,1,CD8 T cell
LIPT2,0.8928888434284521,0.012684921715846453,1,1,1,CD8 T cell
GPR180,0.8929077960967003,-0.03194845119653622,1,1,1,CD8 T cell
BIRC7,0.8929095388524482,-0.01037645668319298,0.5,0.583,1,CD8 T cell
EME2,0.8929568701389976,0.030483839953304948,1,1,1,CD8 T cell
HAGHL,0.8929590548932609,0.01979759257436542,1,1,1,CD8 T cell
ZNF404,0.8930374984164705,0.00436410274141652,1,1,1,CD8 T cell
DERL3,0.8930474994252626,-0.007957253220630456,0.667,0.75,1,CD8 T cell
CCNQ,0.8930614028464263,-0.001473509633782344,1,1,1,CD8 T cell
DRAXIN,0.8930626929730973,-0.0452787621706201,1,1,1,CD8 T cell
PELP1,0.893070979556007,-0.015459344011161114,1,1,1,CD8 T cell
TMPRSS5,0.8931843762348859,-0.007060102150172831,1,0.917,1,CD8 T cell
BVES,0.8931959312726362,-0.00757595162614999,0.25,0.5,1,CD8 T cell
PFN1,0.8932325884612027,-0.004983571876932658,1,1,1,CD8 T cell
RTP4,0.8933037262307708,0.036734011865080074,1,1,1,CD8 T cell
NRBF2,0.8933444661581456,0.0023290359910053127,1,1,1,CD8 T cell
GPC4,0.8935664800485161,0.0031211301688043314,0.083,0,1,CD8 T cell
NCR2,0.8935664800485161,0.0031211301688043314,0.083,0,1,CD8 T cell
HAS1,0.8935664800485161,0.0031211301688043314,0.083,0,1,CD8 T cell
TSPAN12,0.8935664800485161,0.0031211301688043314,0.083,0,1,CD8 T cell
CD207,0.8935664800485161,0.0031211301688043314,0.083,0,1,CD8 T cell
FLRT1,0.8935664800485161,0.0031211301688043314,0.083,0,1,CD8 T cell
NR0B2,0.8935664800485161,0.0031211301688043314,0.083,0,1,CD8 T cell
LIX1,0.8935664800485161,0.0031211301688043314,0.083,0,1,CD8 T cell
MSGN1,0.8935664800485161,0.0031211301688043314,0.083,0,1,CD8 T cell
ACOXL,0.8935664800485161,0.0031211301688043314,0.083,0,1,CD8 T cell
GALNTL6,0.8935664800485161,0.0031211301688043314,0.083,0,1,CD8 T cell
GSX2,0.8935664800485161,0.0031211301688043314,0.083,0,1,CD8 T cell
TNFAIP8L3,0.8935664800485161,0.0031211301688043314,0.083,0,1,CD8 T cell
SPATC1,0.8935664800485161,0.0031211301688043314,0.083,0,1,CD8 T cell
SPRY4,0.8935664800485161,0.0031211301688043314,0.083,0,1,CD8 T cell
TMEM200C,0.8935664800485161,0.0031211301688043314,0.083,0,1,CD8 T cell
ORM2,0.8935664800485161,0.0031211301688043314,0.083,0,1,CD8 T cell
PRPS1L1,0.8935664800485161,0.0031211301688043314,0.083,0,1,CD8 T cell
CAPN14,0.8936013330543267,-0.00551974017125012,0.833,0.833,1,CD8 T cell
CLK4,0.8936161736638529,0.015633707888697612,1,1,1,CD8 T cell
CDC14A,0.8936205178438636,0.037286512700804186,1,1,1,CD8 T cell
BTBD10,0.893684128072103,0.02169323220984909,1,1,1,CD8 T cell
SPATA13,0.8937219632187121,0.018124797395177028,1,1,1,CD8 T cell
WSB2,0.8937678776348996,0.005771254155117811,1,1,1,CD8 T cell
CLEC9A,0.8938396554710315,-2.826874554617831e-4,0.083,0.25,1,CD8 T cell
RHBDL3,0.8939314613407077,-0.00551409929704727,0.25,0.417,1,CD8 T cell
CD101,0.8939383312463164,-0.06704468927905616,0.917,1,1,CD8 T cell
AKAP8L,0.8939400505544258,0.03919101718093909,1,1,1,CD8 T cell
PARD6A,0.8939602891438444,0.035932397356603474,1,1,1,CD8 T cell
PLEKHA2,0.8939851318628002,0.02793888780820268,1,1,1,CD8 T cell
ARAP1,0.8941518775568137,0.0044433997957809,1,1,1,CD8 T cell
RTEL1,0.8941617563105282,0.02039581799066914,1,1,1,CD8 T cell
KRTAP21-1,0.8942498437334694,-0.004450417236835591,0.083,0.167,1,CD8 T cell
SASH1,0.8942841986605917,-0.006150889946731741,0.25,0.417,1,CD8 T cell
PTPN11,0.8943440580910953,0.009854643947972197,1,1,1,CD8 T cell
GLP1R,0.8943792418928445,-0.0018376164309903409,0.167,0.083,1,CD8 T cell
IQANK1,0.8943792433516332,-0.007698888797445402,0.083,0.083,1,CD8 T cell
TUBB8,0.8944030884892625,0.002374412447382568,0.167,0.167,1,CD8 T cell
AHCY,0.894467905516779,-0.023302197659440083,1,1,1,CD8 T cell
MANF,0.8945380886718308,0.014798357848387123,1,1,1,CD8 T cell
FNDC10,0.8945429291059099,-0.03819690773422035,0.833,1,1,CD8 T cell
SH3RF3,0.8945445447232749,0.007262307442789773,0.417,0.333,1,CD8 T cell
AKAIN1,0.8945928316549016,-0.0016104592095058656,0.083,0.167,1,CD8 T cell
TNRC6A,0.8946057814009751,0.01933250706052514,1,1,1,CD8 T cell
CHD5,0.8946140512396774,-0.013012871349102006,0.583,0.583,1,CD8 T cell
SANBR,0.8947096053215031,-0.01230969936089199,1,1,1,CD8 T cell
ACTR6,0.8947758649555921,-0.0179416059163357,1,1,1,CD8 T cell
PSMG1,0.8947878362431236,-0.032213729346616926,1,1,1,CD8 T cell
NOP9,0.8947961101802617,-0.023446341628640177,1,1,1,CD8 T cell
IFNGR1,0.8948105701219949,-0.017927179768797652,1,1,1,CD8 T cell
CD46,0.8948168505188672,0.011678708641932545,1,1,1,CD8 T cell
SIAE,0.8948391075068705,-0.02726025019854772,1,1,1,CD8 T cell
USP5,0.8948455196884554,-0.01381554464320156,1,1,1,CD8 T cell
AUTS2,0.8948516890501542,0.02808666871839738,1,1,1,CD8 T cell
TBXA2R,0.8948679445866934,0.04431771265793527,1,1,1,CD8 T cell
PLA2G15,0.894870300689124,-0.044976978586109606,1,1,1,CD8 T cell
OAS1,0.8948943098899875,-0.011502996556790157,1,1,1,CD8 T cell
IL11,0.8950094130758347,-0.002832580265758722,0.5,0.5,1,CD8 T cell
MPC1,0.8950266968382358,0.003417808671873468,1,1,1,CD8 T cell
PIGO,0.8950482617582015,-0.022058773727216208,1,1,1,CD8 T cell
PPP6R1,0.8951155601853547,0.0010388237334861827,1,1,1,CD8 T cell
ACSBG2,0.8951508236778438,-0.0044595463801799795,0.417,0.333,1,CD8 T cell
ORC2,0.8951528315511107,-0.020061886125024853,1,1,1,CD8 T cell
NDUFV1,0.8951549405350769,0.0028600529546582987,1,1,1,CD8 T cell
LRRC8C,0.8951810251398301,0.00963430279446953,1,1,1,CD8 T cell
BCAS4,0.8951889549740492,0.01673459464538707,1,1,1,CD8 T cell
H2AC25,0.8951935323278541,0.035623373571405104,1,1,1,CD8 T cell
FGFR1,0.8953465195314801,-0.0310294970544438,1,1,1,CD8 T cell
THAP10,0.8954566349151137,-0.0014346711404216173,0.25,0.25,1,CD8 T cell
ZMAT1,0.895458492211214,-0.023587514979078794,1,1,1,CD8 T cell
CCL3,0.8954658706645934,0.003179270125942768,1,1,1,CD8 T cell
ZBED4,0.895466840196163,0.003604360051660538,1,1,1,CD8 T cell
TMUB2,0.895547365799164,0.014597344707527826,1,1,1,CD8 T cell
CYB5R2,0.8955604254851666,-0.00418728562966475,0.333,0.417,1,CD8 T cell
B3GALT6,0.8956085052144959,-0.046351387786108145,1,1,1,CD8 T cell
S100A4,0.8956889976918646,-0.01219786420579183,1,1,1,CD8 T cell
KLHDC7B,0.8957255194017923,0.016561383939996954,1,1,1,CD8 T cell
GATAD2B,0.895914567724435,-0.005603689529779521,1,1,1,CD8 T cell
PDCD11,0.8960293896631916,0.03261398341861321,1,1,1,CD8 T cell
TEX11,0.8960667979961354,-0.002703111178824713,0.083,0.167,1,CD8 T cell
PCDHGB7,0.8961059901469592,-0.00400717664998318,0.75,0.917,1,CD8 T cell
BEX2,0.8961555770278311,-0.01579936237231072,1,1,1,CD8 T cell
PPFIBP2,0.8961817813757107,0.028490907485086092,1,1,1,CD8 T cell
ARMC2,0.896194431952363,0.03437096009012586,1,1,1,CD8 T cell
XPO4,0.8961966969802986,0.006447934739099326,1,1,1,CD8 T cell
TLR1,0.8963222777345845,-0.0074162331142937354,1,1,1,CD8 T cell
DIP2B,0.8963678827024659,0.04974883901195959,1,1,1,CD8 T cell
PFN2,0.896415336750269,-0.03357792772794643,1,1,1,CD8 T cell
MED4,0.896473672552316,0.018345577453726003,1,1,1,CD8 T cell
EIF3F,0.8965371425405265,0.013245977811050968,1,1,1,CD8 T cell
PAGR1,0.8965512498367608,0.010607289562793998,1,1,1,CD8 T cell
ZNF782,0.8966458678465536,-0.00974183934740469,1,1,1,CD8 T cell
SIRT7,0.8967031693594834,0.03023720841459418,1,1,1,CD8 T cell
SLC39A14,0.8967150938376445,-0.01925168925830123,1,1,1,CD8 T cell
ICAM4,0.8968212178486001,0.004364732619839273,0.667,0.75,1,CD8 T cell
ATP1A3,0.8968234998504491,0.03816954484555768,1,1,1,CD8 T cell
APH1B,0.8968672678768653,-0.0590371565558625,1,1,1,CD8 T cell
CASTOR3P,0.8969377697806338,0.017398099730395966,1,1,1,CD8 T cell
NSG1,0.8969552886447711,0.051465886937071714,1,1,1,CD8 T cell
OLR1,0.896990033505003,-7.80872409283706e-4,0.417,0.417,1,CD8 T cell
ARX,0.8969908684955115,-0.004451720939609327,0.083,0.167,1,CD8 T cell
GTSF1,0.8971251135942819,0.04164059631055639,1,1,1,CD8 T cell
RBBP4,0.8971715656697183,0.012768125930768148,1,1,1,CD8 T cell
ZNF83,0.8972298957351927,0.023324447248176297,1,1,1,CD8 T cell
ZNF320,0.897423017019003,0.004112198323670491,1,1,1,CD8 T cell
VIL1,0.8974422691391836,0.00519291670003863,0.333,0.25,1,CD8 T cell
NIPAL4,0.8975019395436652,-0.0023579093017027652,0.083,0.167,1,CD8 T cell
DIP2C,0.8975264544946515,-0.0032515444088043743,1,1,1,CD8 T cell
GMPR,0.8975591507523709,0.012450557898254111,0.917,1,1,CD8 T cell
LRRC43,0.8975659259814619,-0.013097742728682249,0.75,0.75,1,CD8 T cell
ANTKMT,0.8976315184784875,0.01817978614289828,1,1,1,CD8 T cell
TMEM74,0.8976675496792427,-0.0018087354045417392,0,0.083,1,CD8 T cell
KRTAP7-1,0.8977134417961093,0.0018233431464245164,0.083,0.083,1,CD8 T cell
ENPP5,0.8977147454777062,-0.018051778682947717,1,1,1,CD8 T cell
CAPS,0.8977986522504083,0.015354504519208056,1,1,1,CD8 T cell
PTX4,0.8980113048129952,-8.372137741257113e-4,0.083,0.25,1,CD8 T cell
LAMP3,0.8980119388400227,0.0010560855530745705,0.917,0.667,1,CD8 T cell
COMT,0.8980483153958838,-0.005158546207602255,1,1,1,CD8 T cell
TBC1D12,0.8980718978165723,0.01889307798235018,0.75,0.75,1,CD8 T cell
PIKFYVE,0.8981028142517886,0.024280910772788822,1,1,1,CD8 T cell
UBE2Q2,0.8981993355569429,0.01949308961091617,1,1,1,CD8 T cell
UBXN6,0.8982406567102144,0.0029330323210307596,1,1,1,CD8 T cell
DNAAF1,0.898274128766661,0.0010891847233525098,0.167,0.167,1,CD8 T cell
PMPCB,0.898349935333499,0.014242682159975484,1,1,1,CD8 T cell
RESF1,0.8984555304213486,0.01778792682459196,1,1,1,CD8 T cell
MLXIPL,0.8984588393795228,0.002158553762816595,0.083,0,1,CD8 T cell
RARB,0.8984588393795228,0.00899504336960577,0.083,0,1,CD8 T cell
NEBL,0.8984588393795228,0.00899504336960577,0.083,0,1,CD8 T cell
RAPGEF3,0.8984588393795228,0.00899504336960577,0.083,0,1,CD8 T cell
SLCO1A2,0.8984588393795228,0.0016072608617534456,0.083,0,1,CD8 T cell
SLC10A1,0.8984588393795228,0.0016072608617534456,0.083,0,1,CD8 T cell
LGI1,0.8984588393795228,0.0016072608617534456,0.083,0,1,CD8 T cell
SH3D19,0.8984588393795228,0.002158553762816595,0.083,0,1,CD8 T cell
ART4,0.8984588393795228,0.0016072608617534456,0.083,0,1,CD8 T cell
RASAL1,0.8984588393795228,0.00899504336960577,0.083,0,1,CD8 T cell
ELOVL3,0.8984588393795228,0.0016072608617534456,0.083,0,1,CD8 T cell
TNN,0.8984588393795228,0.002158553762816595,0.083,0,1,CD8 T cell
SOHLH2,0.8984588393795228,0.0016072608617534456,0.083,0,1,CD8 T cell
RFPL3,0.8984588393795228,0.00899504336960577,0.083,0,1,CD8 T cell
LBP,0.8984588393795228,0.00899504336960577,0.083,0,1,CD8 T cell
PRPH,0.8984588393795228,0.002158553762816595,0.083,0,1,CD8 T cell
CHST5,0.8984588393795228,0.00899504336960577,0.083,0,1,CD8 T cell
SPDYE1,0.8984588393795228,0.0016072608617534456,0.083,0,1,CD8 T cell
PLCE1,0.8984588393795228,0.0016072608617534456,0.083,0,1,CD8 T cell
SEPTIN12,0.8984588393795228,0.002158553762816595,0.083,0,1,CD8 T cell
MARVELD3,0.8984588393795228,0.00899504336960577,0.083,0,1,CD8 T cell
ADCYAP1,0.8984588393795228,0.002158553762816595,0.083,0,1,CD8 T cell
STAC,0.8984588393795228,0.002158553762816595,0.083,0,1,CD8 T cell
C1QTNF2,0.8984588393795228,0.0016072608617534456,0.083,0,1,CD8 T cell
SYBU,0.8984588393795228,0.00899504336960577,0.083,0,1,CD8 T cell
OLAH,0.8984588393795228,0.002158553762816595,0.083,0,1,CD8 T cell
ADGRF4,0.8984588393795228,0.002158553762816595,0.083,0,1,CD8 T cell
CDH12,0.8984588393795228,0.0016072608617534456,0.083,0,1,CD8 T cell
SEPTIN14,0.8984588393795228,0.002158553762816595,0.083,0,1,CD8 T cell
DNAJC5G,0.8984588393795228,0.0016072608617534456,0.083,0,1,CD8 T cell
TBXT,0.8984588393795228,0.0016072608617534456,0.083,0,1,CD8 T cell
PHOX2A,0.8984588393795228,0.002158553762816595,0.083,0,1,CD8 T cell
SPATA19,0.8984588393795228,0.002158553762816595,0.083,0,1,CD8 T cell
AVPR1A,0.8984588393795228,0.0016072608617534456,0.083,0,1,CD8 T cell
BTNL3,0.8984588393795228,0.0016072608617534456,0.083,0,1,CD8 T cell
SOSTDC1,0.8984588393795228,0.0016072608617534456,0.083,0,1,CD8 T cell
OR1A2,0.8984588393795228,0.002158553762816595,0.083,0,1,CD8 T cell
TMPRSS7,0.8984588393795228,0.00899504336960577,0.083,0,1,CD8 T cell
BDNF,0.8984588393795228,0.0016072608617534456,0.083,0,1,CD8 T cell
GDPD4,0.8984588393795228,0.002158553762816595,0.083,0,1,CD8 T cell
TMEM125,0.8984588393795228,0.002158553762816595,0.083,0,1,CD8 T cell
OR10Q1,0.8984588393795228,0.0016072608617534456,0.083,0,1,CD8 T cell
RIPPLY3,0.8984588393795228,0.0016072608617534456,0.083,0,1,CD8 T cell
NUTM1,0.8984588393795228,0.0016072608617534456,0.083,0,1,CD8 T cell
WT1,0.8984588393795228,0.002158553762816595,0.083,0,1,CD8 T cell
C12orf56,0.8984588393795228,0.002158553762816595,0.083,0,1,CD8 T cell
SPATA8,0.8984588393795228,0.002158553762816595,0.083,0,1,CD8 T cell
CLCNKA,0.8984588393795228,0.002158553762816595,0.083,0,1,CD8 T cell
DIPK1C,0.8984588393795228,0.0016072608617534456,0.083,0,1,CD8 T cell
TMEM215,0.8984588393795228,0.0016072608617534456,0.083,0,1,CD8 T cell
DACT3,0.8984588393795228,0.0016072608617534456,0.083,0,1,CD8 T cell
DCHS2,0.8984588393795228,0.0016072608617534456,0.083,0,1,CD8 T cell
PSMB11,0.8984588393795228,0.0016072608617534456,0.083,0,1,CD8 T cell
PHGR1,0.8984588393795228,0.002158553762816595,0.083,0,1,CD8 T cell
OR14A2,0.8984588393795228,0.0016072608617534456,0.083,0,1,CD8 T cell
ZNF722,0.8984588393795228,0.00899504336960577,0.083,0,1,CD8 T cell
PCDHAC1,0.8984588393795228,0.002158553762816595,0.083,0,1,CD8 T cell
NOX5,0.8984588393795228,0.002158553762816595,0.083,0,1,CD8 T cell
SLC22A31,0.8984588393795228,0.002158553762816595,0.083,0,1,CD8 T cell
MMP12,0.8984588393795228,0.0016072608617534456,0.083,0,1,CD8 T cell
TBC1D3B,0.8984588393795228,0.002158553762816595,0.083,0,1,CD8 T cell
ACOD1,0.8984588393795229,0.014476886433197222,0.083,0,1,CD8 T cell
PLLP,0.8984588393795229,0.014476886433197222,0.083,0,1,CD8 T cell
OBSL1,0.8984588393795229,0.01271050300708243,0.083,0,1,CD8 T cell
TMEM61,0.8984588393795229,0.01271050300708243,0.083,0,1,CD8 T cell
F13B,0.8984588393795229,0.014476886433197222,0.083,0,1,CD8 T cell
HPD,0.8984588393795229,0.014476886433197222,0.083,0,1,CD8 T cell
SLC7A3,0.8984588393795229,0.014476886433197222,0.083,0,1,CD8 T cell
ELOA2,0.8984588393795229,0.01271050300708243,0.083,0,1,CD8 T cell
CHMP4A,0.898479073585686,0.020180377054968668,1,1,1,CD8 T cell
TMOD2,0.8984860863680051,-0.016169926943790047,1,1,1,CD8 T cell
SETD6,0.8984993522474517,0.03308430491130898,1,1,1,CD8 T cell
MRE11,0.8985676428511352,0.010379970330406163,1,1,1,CD8 T cell
SH3RF2,0.8985860116640799,-0.036243929117901086,1,1,1,CD8 T cell
OR4X1,0.8986611362404735,-0.001282646731477488,0.083,0.083,1,CD8 T cell
IL36A,0.8986866309108663,-9.549067760032948e-4,0.25,0.083,1,CD8 T cell
SPC24,0.898699736235454,0.046806035639981314,0.917,0.917,1,CD8 T cell
SARS2,0.89870147914743,-0.02384669333197209,1,1,1,CD8 T cell
SNX9,0.8987173170384246,-0.03419162964064526,1,1,1,CD8 T cell
APLP2,0.8987636472839892,-0.012752376422184963,1,1,1,CD8 T cell
NDUFAF3,0.8987784476923365,-0.007637348975321173,1,1,1,CD8 T cell
C4orf36,0.8988076891139244,0.004523617399808,0.583,0.5,1,CD8 T cell
POLR1B,0.8989145026962472,0.01642810685135132,1,1,1,CD8 T cell
SPOCK2,0.8989192966855065,-0.013605610849024341,1,1,1,CD8 T cell
TRDC,0.8989557432336371,0.0773611969338206,1,1,1,CD8 T cell
CDH23,0.8989984510878979,0.011988521730998514,1,1,1,CD8 T cell
APCDD1,0.8989996924329174,0.002499583649647974,0.167,0.167,1,CD8 T cell
CAMK2B,0.8990987711546937,-0.0038204595894666404,0.167,0.25,1,CD8 T cell
C4orf33,0.8991509189363567,-0.0026560677041600478,1,1,1,CD8 T cell
ATG9B,0.8991520233291105,0.012166470603165447,0.75,0.833,1,CD8 T cell
ATP6V0A2,0.8991769362082953,0.011086987795088377,1,1,1,CD8 T cell
RIMKLA,0.8992927184987901,0.01671662019330089,0.667,0.75,1,CD8 T cell
CITED2,0.8993265368583419,0.025152038847640945,1,1,1,CD8 T cell
DVL1,0.8993658900601924,-0.024520758837951906,1,1,1,CD8 T cell
SMIM15,0.8994352172797582,0.009317931063265283,1,1,1,CD8 T cell
PRSS8,0.8995370643279222,-3.30927067828668e-5,0.167,0.25,1,CD8 T cell
ZNF780B,0.8995448987513395,-0.030387281135710653,1,1,1,CD8 T cell
PCDH12,0.8995696123932401,-0.004583738156159978,0.167,0.083,1,CD8 T cell
OR6J1,0.899580166053352,-0.003859381440418197,0.167,0.083,1,CD8 T cell
CASZ1,0.8995838761546111,0.009186570309721365,1,1,1,CD8 T cell
CDC27,0.8997702997421636,-0.004906703107737609,1,1,1,CD8 T cell
STX16,0.8997987303735603,-0.003759650374778989,1,1,1,CD8 T cell
PIGN,0.8998132789530844,-0.0014673538630706195,1,1,1,CD8 T cell
NDUFB5,0.899916274714537,-0.0020466172460255894,1,1,1,CD8 T cell
COX4I1,0.8999784359575668,0.003375864564576947,1,1,1,CD8 T cell
EHD4,0.9000179494355814,0.001609451012912988,1,1,1,CD8 T cell
SHISA5,0.9001189115234467,0.01716437013392269,1,1,1,CD8 T cell
CYP27B1,0.900132553629489,-0.001809846404565718,0.083,0.167,1,CD8 T cell
GBP7,0.9002530224607541,-0.003569316740751116,0.083,0.167,1,CD8 T cell
RHBDF2,0.9003464094474868,0.028524749377542416,1,1,1,CD8 T cell
TCF3,0.9003741866793397,0.006235734932032555,1,1,1,CD8 T cell
CLPP,0.9004061543456847,-0.002910884197691317,1,1,1,CD8 T cell
PRPF40A,0.9004521360210234,0.022921471160399887,1,1,1,CD8 T cell
CDKL5,0.9005206596763354,-0.00591111385721943,1,1,1,CD8 T cell
PEPD,0.9005481952109672,0.005919543582695863,1,1,1,CD8 T cell
ANKFY1,0.9005737247620156,0.026484088841119705,1,1,1,CD8 T cell
KIAA0232,0.900649556353031,-5.754228225975933e-4,1,1,1,CD8 T cell
SH3RF1,0.9006884695532222,-0.0077711045630790565,0.417,0.5,1,CD8 T cell
GRK1,0.900798899177737,-0.013094842041557975,0.167,0.25,1,CD8 T cell
IL15RA,0.9008425392805521,0.01014340433853178,1,1,1,CD8 T cell
TNFSF15,0.9008884034649568,-0.0013383000384168398,0.083,0.167,1,CD8 T cell
FSD2,0.9008884034649568,-0.0013383000384168398,0.083,0.167,1,CD8 T cell
DDX50,0.9009356010370275,-0.0013669579587890224,1,1,1,CD8 T cell
SHD,0.9009948607277763,6.672875988837923e-4,0.25,0.25,1,CD8 T cell
PRKCH,0.9010797975738691,-0.0023789141101786537,1,1,1,CD8 T cell
HELQ,0.9011436335842649,0.013165105959660556,1,1,1,CD8 T cell
SYNJ1,0.9012899102854749,0.03701531362491628,1,1,1,CD8 T cell
FAM187B,0.9013331144923087,0.01299666674634592,0.25,0.25,1,CD8 T cell
GPATCH8,0.9013367819097606,0.005840463576534241,1,1,1,CD8 T cell
ATXN3,0.9014236663036106,0.012637700444555644,1,1,1,CD8 T cell
PAPPA2,0.9014922203362136,0.0013738875598736655,0.083,0.167,1,CD8 T cell
MDH1B,0.9015265314183388,0.0026386323298224212,0.333,0.5,1,CD8 T cell
LSG1,0.9015467819097056,-0.018792056828391912,1,1,1,CD8 T cell
DYRK3,0.9015689279561407,-0.02591930722087188,0.667,0.75,1,CD8 T cell
PON1,0.9015840801967873,0.0013738241107934535,0.083,0,1,CD8 T cell
DSP,0.9015840801967873,0.0013738241107934535,0.083,0,1,CD8 T cell
CEMIP,0.9015840801967873,0.0013738241107934535,0.083,0,1,CD8 T cell
SGCA,0.9015840801967873,0.0013738241107934535,0.083,0,1,CD8 T cell
PRDM7,0.9015840801967873,0.0013738241107934535,0.083,0,1,CD8 T cell
RFPL1,0.9015840801967873,0.0013738241107934535,0.083,0,1,CD8 T cell
GPR12,0.9015840801967873,0.0013738241107934535,0.083,0,1,CD8 T cell
RAX,0.9015840801967873,0.0013738241107934535,0.083,0,1,CD8 T cell
BTBD16,0.9015840801967873,0.0013738241107934535,0.083,0,1,CD8 T cell
FCN3,0.9015840801967873,0.0013738241107934535,0.083,0,1,CD8 T cell
PRDM14,0.9015840801967873,0.0013738241107934535,0.083,0,1,CD8 T cell
PABPC3,0.9015840801967873,0.0013738241107934535,0.083,0,1,CD8 T cell
DRC7,0.9015840801967873,0.0013738241107934535,0.083,0,1,CD8 T cell
TAFA4,0.9015840801967873,0.0013738241107934535,0.083,0,1,CD8 T cell
GABRB3,0.9015840801967873,0.0013738241107934535,0.083,0,1,CD8 T cell
SCARA3,0.9015840801967873,0.0013738241107934535,0.083,0,1,CD8 T cell
RSPO1,0.9015840801967873,0.0013738241107934535,0.083,0,1,CD8 T cell
RASSF6,0.9015840801967873,0.0013738241107934535,0.083,0,1,CD8 T cell
ADCY6,0.9015840801967873,0.0013738241107934535,0.083,0,1,CD8 T cell
SLCO2A1,0.9015840801967873,0.0013738241107934535,0.083,0,1,CD8 T cell
ADRA2C,0.9015840801967873,0.0013738241107934535,0.083,0,1,CD8 T cell
ELANE,0.9015840801967873,0.0013738241107934535,0.083,0,1,CD8 T cell
APOC2,0.9015840801967873,0.0013738241107934535,0.083,0,1,CD8 T cell
PABPC4L,0.9015840801967873,0.0013738241107934535,0.083,0,1,CD8 T cell
SPEM3,0.9015840801967873,0.0013738241107934535,0.083,0,1,CD8 T cell
RAD54L2,0.9015863252156318,-0.023818679221210504,1,1,1,CD8 T cell
ANP32E,0.9016049498751033,0.01043475395763882,1,1,1,CD8 T cell
NSUN7,0.9016103071532502,-0.0012432588106112696,0.083,0.167,1,CD8 T cell
CARHSP1,0.9016131877943482,0.001896384423825892,1,1,1,CD8 T cell
NUF2,0.901620275843895,0.026642600146757456,1,1,1,CD8 T cell
GPR174,0.9016310240063733,0.0248573439073847,1,1,1,CD8 T cell
HAPLN3,0.9016503524898467,0.05117538712700087,1,1,1,CD8 T cell
MYO6,0.9016849763322974,-0.004680044693659791,1,1,1,CD8 T cell
GEN1,0.9017378316800658,0.04416875715041457,1,1,1,CD8 T cell
RAPGEFL1,0.9017650428361411,0.009911283440712015,1,1,1,CD8 T cell
ZNF808,0.9017933746260829,-0.02117937304615275,1,1,1,CD8 T cell
VSIG10,0.9018089419548704,-0.01749419337703806,0.5,0.75,1,CD8 T cell
ABHD18,0.9018191723407962,0.05026975243396559,1,1,1,CD8 T cell
LIM2,0.9019892361830316,-0.02232137751101959,0.917,1,1,CD8 T cell
PAWR,0.9021567429252185,0.03852933024337224,1,1,1,CD8 T cell
ABCD4,0.9021584383293437,0.043776799158870894,1,1,1,CD8 T cell
PLEKHG4,0.9022212219228618,-0.020193136163077607,1,1,1,CD8 T cell
MED26,0.9022421211041817,0.04350037234471826,1,1,1,CD8 T cell
FCHSD2,0.9022584757152432,-0.031807730545967305,1,1,1,CD8 T cell
GPATCH2,0.9023634649008282,0.031897346997392884,1,1,1,CD8 T cell
DDB1,0.9024658831104063,0.017479927058980327,1,1,1,CD8 T cell
CHRNB2,0.9025729277986181,-0.0034805999719522696,0.167,0.25,1,CD8 T cell
TDP1,0.9025867131740107,0.011081998504504531,1,1,1,CD8 T cell
HTRA1,0.9026041032895502,0.004217657688522003,0.333,0.5,1,CD8 T cell
CD38,0.9026536061169392,-0.03056535728584775,1,1,1,CD8 T cell
NAB1,0.9026626544213389,0.012605949723825782,1,1,1,CD8 T cell
MREG,0.9026864077604919,-0.007863651611469624,1,1,1,CD8 T cell
CHST6,0.9026885342954855,-4.746036652356622e-4,0.167,0.083,1,CD8 T cell
HIVEP3,0.9027926956583261,0.026517691005489175,1,1,1,CD8 T cell
VPS36,0.9028192823206572,0.0067835288031348195,1,1,1,CD8 T cell
MYOCOS,0.9028800557709875,2.228264437325045e-4,0.25,0.25,1,CD8 T cell
CCDC106,0.9028815278060093,0.00970858945171127,0.917,1,1,CD8 T cell
FCRL1,0.9028830172312682,0.00908767625552942,0.833,1,1,CD8 T cell
TAF7,0.9028920962819152,0.010625619252168539,1,1,1,CD8 T cell
PLEKHG7,0.9029109155168316,-0.011137743490195806,0.25,0.333,1,CD8 T cell
PHF6,0.9029528598338591,-0.0020108617265337456,1,1,1,CD8 T cell
CNFN,0.9030124199543433,0.012659942096694188,0.75,0.917,1,CD8 T cell
RASL11A,0.9030479719634252,-0.0031031309378586336,1,1,1,CD8 T cell
RALGAPB,0.9030841772866339,0.01777335454411244,1,1,1,CD8 T cell
ADA2,0.903137442545458,0.018082279361471665,1,1,1,CD8 T cell
TRIM52,0.9031718540582371,0.012567943054474395,1,1,1,CD8 T cell
COLEC12,0.903181587206862,-0.014152678393120066,0.083,0.167,1,CD8 T cell
BRD1,0.9032005844625999,0.008475517166465885,1,1,1,CD8 T cell
BMPR1B,0.9032466888465088,-0.0034698139295445962,0.083,0.167,1,CD8 T cell
PHLDB3,0.9032472307644497,0.028900799864525428,1,1,1,CD8 T cell
KARS1,0.9032731609322059,-0.016566976259561095,1,1,1,CD8 T cell
TRABD,0.9033299254869231,0.013617304990868884,1,1,1,CD8 T cell
SLC25A16,0.9033584778781787,3.0614066340772794e-4,1,1,1,CD8 T cell
IQGAP1,0.9033761636516994,-0.009153987075566139,1,1,1,CD8 T cell
F11R,0.9034342833518696,-0.017049174705502157,1,1,1,CD8 T cell
DAPK2,0.9035319084179023,-0.026896860654545662,1,1,1,CD8 T cell
TMEM249,0.903593158492862,-0.02832984015918738,1,1,1,CD8 T cell
LTC4S,0.9036060484701243,0.003077266253610489,0.417,0.75,1,CD8 T cell
ILK,0.9036284272667747,-6.671355361564935e-5,1,1,1,CD8 T cell
INSRR,0.9036790556685766,0.002846888682040305,0.083,0.167,1,CD8 T cell
PDE6B,0.9036800081086676,0.0345905434989795,1,1,1,CD8 T cell
EIF1B,0.9037229349696748,0.0019016420874151674,1,1,1,CD8 T cell
CEP20,0.9037425824525207,0.013157456926830013,1,1,1,CD8 T cell
FRMD3,0.9038027680826021,0.03824900157922739,1,0.917,1,CD8 T cell
PSMB9,0.9038454511809937,0.01827078691222228,1,1,1,CD8 T cell
FAM166B,0.9038504428818883,0.0057687019347829604,0.5,0.417,1,CD8 T cell
BTN3A2,0.903856485280461,0.02013393096646121,1,1,1,CD8 T cell
DNAI3,0.9039428330287982,-0.022602971870699484,0.917,1,1,CD8 T cell
PRRC2A,0.9039539118968162,0.03839391335701564,1,1,1,CD8 T cell
DMTF1,0.9039782302481979,0.01368132729516347,1,1,1,CD8 T cell
ERAS,0.9040013562871761,-0.0010554355598304532,0.25,0.333,1,CD8 T cell
POLDIP2,0.904016313629375,0.017644065542073678,1,1,1,CD8 T cell
MELTF,0.9040411829281345,-0.027248090034688754,0.833,1,1,CD8 T cell
SLC39A11,0.9040826949172915,0.013601085150683145,1,1,1,CD8 T cell
DHRS13,0.9040940062714029,0.0011679119513559044,1,1,1,CD8 T cell
CCDC127,0.9041859967834591,-0.01804685477204715,1,1,1,CD8 T cell
PHKA2,0.9043036738226155,-0.019246326738731723,1,1,1,CD8 T cell
SOCS3,0.9043235690228071,-0.01647300503132354,1,1,1,CD8 T cell
CHRNA6,0.9043530047960358,0.0015192983556571171,0.167,0.167,1,CD8 T cell
ZNF20,0.9044347020213509,-0.013965205227725264,1,1,1,CD8 T cell
FBLN2,0.9044463248005367,-0.008636595981037942,0.75,0.667,1,CD8 T cell
PCBP1,0.9044704598024172,0.019552642300913192,1,1,1,CD8 T cell
ATXN7L1,0.9045084212231573,-0.0058109712833291916,1,1,1,CD8 T cell
SNAP23,0.904588449895143,0.009130854502154673,1,1,1,CD8 T cell
SNW1,0.9047380833079091,-0.006680377268288351,1,1,1,CD8 T cell
LILRA6,0.9048072103305821,0.011401588757554038,0.333,0.333,1,CD8 T cell
ALDH1L2,0.9048141127585368,-0.014479976093927593,0.25,0.167,1,CD8 T cell
CCR4,0.9050199811981234,0.02984400465462178,1,1,1,CD8 T cell
OSBPL10,0.9050215562967618,0.013943341895145789,0.917,0.833,1,CD8 T cell
TMSB4X,0.9050288647651511,-3.531240270051583e-4,1,1,1,CD8 T cell
AGAP1,0.905056869443102,-0.022751836588074087,1,1,1,CD8 T cell
KLHL42,0.905065696828377,0.03492178069609064,1,1,1,CD8 T cell
MVB12B,0.9051279058461478,0.02585876407223966,1,1,1,CD8 T cell
PFKFB3,0.9051494087372679,7.187277993108143e-4,1,1,1,CD8 T cell
GUCY2C,0.9051510852766717,-0.014155883628161448,0.083,0.167,1,CD8 T cell
MGAT5B,0.9051550837887274,0.006779522839776675,0.417,0.333,1,CD8 T cell
CCDC146,0.9051905622104108,0.027017281664567072,1,1,1,CD8 T cell
SEC14L5,0.9052862590686834,-3.7124489458939536e-4,0.083,0.167,1,CD8 T cell
VIM,0.9052904677119011,0.01805225591064108,1,1,1,CD8 T cell
ERICH4,0.9053023750638404,0.0037866680119820195,0.583,0.583,1,CD8 T cell
RBMS1,0.905353508056784,0.005072079514343519,1,1,1,CD8 T cell
DHH,0.9054050096372971,-0.0065321452025974835,0.25,0.25,1,CD8 T cell
ECI1,0.9054280944500838,0.017859984810158602,1,1,1,CD8 T cell
SLC48A1,0.9054517720553208,0.045677142790680136,1,1,1,CD8 T cell
TST,0.905473653025118,-0.00830884730783632,1,1,1,CD8 T cell
POU5F1B,0.9055177273759539,0.017189453108458874,1,1,1,CD8 T cell
CNN3,0.9055264687990026,-0.015863527359685214,0.833,0.917,1,CD8 T cell
GPR179,0.9055302296923382,0.0011391694992459733,0.167,0.083,1,CD8 T cell
NAAA,0.905594450212778,-0.005092064962467779,1,1,1,CD8 T cell
EPG5,0.9056383613663295,-0.0017843462217164152,1,1,1,CD8 T cell
ZNF239,0.905669068201795,0.030033892200356238,1,1,1,CD8 T cell
ZNF175,0.9056835619268105,0.013960486588928456,1,1,1,CD8 T cell
SLC23A1,0.9056897701919987,-4.094672176244707e-4,0.167,0.167,1,CD8 T cell
ZNF540,0.9056961331577458,-0.013774126153634825,1,1,1,CD8 T cell
MYBBP1A,0.905737136411502,0.004648151498579223,1,1,1,CD8 T cell
PSMB8,0.9058032870191274,0.01577893039700795,1,1,1,CD8 T cell
PI4KB,0.9058210013796334,-0.019461428926755453,1,1,1,CD8 T cell
TFCP2L1,0.9059495294615942,-0.013274783692562409,1,1,1,CD8 T cell
GPNMB,0.9060394185222648,9.97350091764826e-4,0.167,0.167,1,CD8 T cell
ZNF772,0.9060529121548707,0.00808109566637949,0.917,0.917,1,CD8 T cell
HDAC3,0.9061257136042575,0.04495961749752814,1,1,1,CD8 T cell
ABCB4,0.9061423146727992,-0.00537914829822439,0.333,0.5,1,CD8 T cell
PCDH9,0.9062068319304057,0.020194175381657686,0.833,0.583,1,CD8 T cell
TM4SF19,0.906219899509575,-0.02787497612634593,1,1,1,CD8 T cell
ACAD11,0.9062234957473534,0.00533897817216844,1,1,1,CD8 T cell
SUPT4H1,0.9062393042329318,-0.0012816533683333853,1,1,1,CD8 T cell
CEP83,0.9062481911157337,0.021136816551820425,1,1,1,CD8 T cell
ATP2C1,0.906267482298573,0.0015808437360586014,1,1,1,CD8 T cell
GGH,0.9062875858192195,-0.0027468121714520066,0.917,1,1,CD8 T cell
LRRC49,0.9063128427301615,-0.0010072309214606001,0.25,0.167,1,CD8 T cell
NFASC,0.9063854938020015,5.322120553929999e-4,0.5,0.333,1,CD8 T cell
SPATS2,0.90656086390314,-2.9178908937410597e-4,1,1,1,CD8 T cell
HIGD1C,0.9065628664822629,-0.0010472267155390291,0.167,0.25,1,CD8 T cell
IL17RD,0.9065750636056421,-0.006940475860229611,0.333,0.5,1,CD8 T cell
MDM2,0.9066293190095491,0.022152894382114652,1,1,1,CD8 T cell
CA6,0.9066373409500899,0.0029743444707643896,0.167,0.083,1,CD8 T cell
CLSTN3,0.9067686530497692,-0.01809560593270998,1,1,1,CD8 T cell
RAP1GAP2,0.9067930437590497,-0.0027986623328162263,1,1,1,CD8 T cell
DOCK7,0.90684554882339,0.017010246594900913,1,1,1,CD8 T cell
FOLR2,0.9069123683936472,-2.613335435541764e-4,0.25,0.417,1,CD8 T cell
ITPKB,0.9069488344493258,0.023360149950009346,1,1,1,CD8 T cell
GNS,0.9070074142081136,-0.0022985889684693506,1,1,1,CD8 T cell
SULT1B1,0.9070670052416614,0.04372823978551166,1,1,1,CD8 T cell
CHCHD5,0.9070788246900164,0.008574320285215875,1,1,1,CD8 T cell
GBP2,0.9070993337371142,0.006643694175327619,1,1,1,CD8 T cell
KIAA1671,0.9071236033109835,-0.010541178133952167,1,1,1,CD8 T cell
WWOX,0.9071401191621455,0.028377858976254576,1,1,1,CD8 T cell
TYSND1,0.9071978111189223,-0.00784351847675513,1,1,1,CD8 T cell
HRK,0.907203702924136,8.794160493055259e-4,0.167,0.083,1,CD8 T cell
RNF113A,0.9072087237714213,-0.006124648393900589,1,1,1,CD8 T cell
SLFN14,0.9072223836935613,-5.100701831657339e-4,0.25,0.25,1,CD8 T cell
ELOA,0.9072329472538778,-0.005136656269358997,1,1,1,CD8 T cell
SELENOF,0.9072741942622007,-0.004338245920746386,1,1,1,CD8 T cell
SEMA4G,0.9073923946714224,0.013663110782588195,0.333,0.333,1,CD8 T cell
MEF2C,0.9074102895300776,0.0076970872505275345,1,0.833,1,CD8 T cell
TBX15,0.9074253642965646,0.0017660988647612008,0.167,0.083,1,CD8 T cell
EGLN2,0.9074806687604409,0.01958537549688566,1,1,1,CD8 T cell
BACH2,0.9074895616068065,-0.004076316311538708,1,1,1,CD8 T cell
DEPDC7,0.9075490978060757,0.0041584381053279,1,1,1,CD8 T cell
KCTD10,0.9075629016990892,-0.012670912094347342,1,1,1,CD8 T cell
ACAA1,0.9075946726996156,0.00507474999818102,1,1,1,CD8 T cell
STRN4,0.9076060024649977,-0.003587888374623316,1,1,1,CD8 T cell
HEG1,0.9076170926021128,0.019891008283172584,1,1,1,CD8 T cell
ZSCAN18,0.9077222949788202,0.039680909465230396,1,1,1,CD8 T cell
MAEL,0.9077620933164069,-0.003422986746067558,0.167,0.083,1,CD8 T cell
ANKS6,0.9077951612275074,-0.006393057963311133,1,1,1,CD8 T cell
SLC35F6,0.9078763055969953,-0.006791214708714299,1,1,1,CD8 T cell
CHD7,0.9079052131960508,0.03367974765985016,1,1,1,CD8 T cell
DOP1A,0.9079068210543092,-0.01018795355144575,1,1,1,CD8 T cell
TADA2A,0.907993382158582,0.019257426654042842,1,1,1,CD8 T cell
UQCC1,0.9079968183069663,-0.009401324958934254,1,1,1,CD8 T cell
NCR3LG1,0.9080193638281253,-0.021041724157119912,1,1,1,CD8 T cell
KAT5,0.9080218427859609,0.004065707580931461,1,1,1,CD8 T cell
TMEM185A,0.9080587396842672,-0.012820901127672646,1,1,1,CD8 T cell
PAK1IP1,0.9081428128835995,-0.0036804450479190898,1,1,1,CD8 T cell
ADCY9,0.9081662970248535,0.028264734489573007,1,1,1,CD8 T cell
ACADS,0.9082070354701839,-0.025621338674929106,1,1,1,CD8 T cell
GPX2,0.908287505674521,5.220668251246785e-4,0.333,0.333,1,CD8 T cell
CSDE1,0.9083232893578936,0.014766944768428214,1,1,1,CD8 T cell
ZNF382,0.9084262675142798,-0.03053484671647899,1,1,1,CD8 T cell
PTTG2,0.90843192749766,0.027045116998861918,1,1,1,CD8 T cell
PPT1,0.9084567260493966,0.014114245064024922,1,1,1,CD8 T cell
TOP3B,0.9085111592073608,-0.012707492986378854,1,1,1,CD8 T cell
PRR14,0.908528456176903,0.008198960612681438,1,1,1,CD8 T cell
CDKL2,0.9085808328012243,0.0038569820277989386,0.75,1,1,CD8 T cell
BSG,0.9086008755062425,0.002570916642702148,1,1,1,CD8 T cell
ZNF114,0.9086225289433617,0.008953222100728908,0.167,0.083,1,CD8 T cell
TRIM34,0.9087336752836173,-7.114466172688516e-4,1,1,1,CD8 T cell
GLB1,0.9088011380520411,-0.018466307784121727,1,1,1,CD8 T cell
TMEM62,0.9088467656860162,0.0014245752790547073,1,1,1,CD8 T cell
NDUFA5,0.9088602418311671,0.012878258649585583,1,1,1,CD8 T cell
DES,0.9089190456282537,0.0011441183643494668,0.083,0.083,1,CD8 T cell
ARL5C,0.908928448705575,-0.0062523447946087884,0.417,0.333,1,CD8 T cell
CACNA1D,0.9089334685134726,-0.0060878038183167504,0.167,0.167,1,CD8 T cell
NSDHL,0.9089467349442827,-0.01890037602001793,1,1,1,CD8 T cell
GYPC,0.9089489200685409,-0.0030155914843417175,1,1,1,CD8 T cell
ACER3,0.9089757358575528,0.010528180694418854,1,1,1,CD8 T cell
MLC1,0.9089987938977169,0.027928836712612926,1,1,1,CD8 T cell
NIPAL2,0.9090069043459749,-0.027895390668661868,1,1,1,CD8 T cell
PRPF38B,0.9091231025084453,0.008670743161043326,1,1,1,CD8 T cell
IGLON5,0.9091739114169662,-0.018451210730910272,0.75,0.833,1,CD8 T cell
ZC3H12D,0.9091752465595664,0.023887841098849005,1,1,1,CD8 T cell
TOX2,0.9092183689995934,0.030888202866848236,0.917,0.75,1,CD8 T cell
NRSN2,0.9092267402680574,0.0068125598759372075,1,1,1,CD8 T cell
RAB4A,0.9092309125525266,-0.005801226113027358,1,1,1,CD8 T cell
ZNF223,0.9092853570691165,0.025175851896374724,1,1,1,CD8 T cell
CPSF6,0.9093424991674706,0.027308136199861832,1,1,1,CD8 T cell
SLC29A2,0.9094641407027344,0.00625282936402094,1,1,1,CD8 T cell
TMEM209,0.9095540137088789,0.021100941724968236,1,1,1,CD8 T cell
MCCC1,0.9095756230591913,0.012571366512240667,1,1,1,CD8 T cell
SEMA7A,0.9095805779809758,0.02929895004477623,1,1,1,CD8 T cell
BCL6B,0.9095972980474509,0.011971319863497865,0.167,0.167,1,CD8 T cell
CDYL,0.9096431681115167,-0.03177591668323365,1,1,1,CD8 T cell
ZNF699,0.9097034232123744,0.023998918490893306,1,1,1,CD8 T cell
PDCD4,0.9097365190512176,0.02124892001712686,1,1,1,CD8 T cell
FAM168A,0.9098595291242716,0.03277644299964788,1,1,1,CD8 T cell
TNPO1,0.9098635337361255,0.04205590203389775,1,1,1,CD8 T cell
CMTM8,0.9098674104901078,0.00768736183954255,1,1,1,CD8 T cell
ABCD2,0.9099521602468565,0.025257879163441188,1,1,1,CD8 T cell
NDUFB7,0.909952975711786,0.011082515276466642,1,1,1,CD8 T cell
NTN4,0.9099606521541563,-0.034901451392023386,0.917,0.917,1,CD8 T cell
GNAI2,0.9099654095552608,0.011324449265249663,1,1,1,CD8 T cell
PALM2AKAP2,0.9100564806546492,-0.02291795113863193,1,1,1,CD8 T cell
PTGFR,0.9100784790205256,-0.0011847912799818339,0.083,0.167,1,CD8 T cell
GRTP1,0.9100784790205256,-0.0011847912799818339,0.083,0.167,1,CD8 T cell
ABRAXAS2,0.910141388287335,0.01393889926306413,1,1,1,CD8 T cell
ADAM10,0.9101542508550612,-2.0952927948236777e-4,1,1,1,CD8 T cell
STIL,0.9101940110070983,-0.018246147892712727,1,1,1,CD8 T cell
TBC1D16,0.9101949261934781,0.021785849637327104,1,1,1,CD8 T cell
ZNF14,0.9102282647316755,-0.007155257989791219,1,1,1,CD8 T cell
CFL1,0.9102617080588307,0.01455373797132653,1,1,1,CD8 T cell
SPG11,0.9102961974971664,-0.002546667081426257,1,1,1,CD8 T cell
GNLY,0.9103168706848291,0.032850745591801456,1,1,1,CD8 T cell
PARD3B,0.9104498136926753,-0.001574444610457082,0.417,0.417,1,CD8 T cell
XIAP,0.9104698355855185,-0.006272297308697047,1,1,1,CD8 T cell
CDHR5,0.910485390778062,0.00123354245465368,0.083,0,1,CD8 T cell
TIMP3,0.910485390778062,0.00123354245465368,0.083,0,1,CD8 T cell
CCL8,0.910485390778062,0.00123354245465368,0.083,0,1,CD8 T cell
CAP2,0.910485390778062,0.00123354245465368,0.083,0,1,CD8 T cell
ST6GALNAC5,0.910485390778062,0.00123354245465368,0.083,0,1,CD8 T cell
ZNF205,0.910485390778062,0.00123354245465368,0.083,0,1,CD8 T cell
TRPV5,0.910485390778062,0.00123354245465368,0.083,0,1,CD8 T cell
GAD1,0.910485390778062,0.00123354245465368,0.083,0,1,CD8 T cell
TNNI3,0.910485390778062,0.00123354245465368,0.083,0,1,CD8 T cell
MRAP2,0.910485390778062,0.00123354245465368,0.083,0,1,CD8 T cell
CHAD,0.910485390778062,0.00123354245465368,0.083,0,1,CD8 T cell
RLBP1,0.910485390778062,0.00123354245465368,0.083,0,1,CD8 T cell
STAC2,0.910485390778062,0.00123354245465368,0.083,0,1,CD8 T cell
PTH2,0.910485390778062,0.00123354245465368,0.083,0,1,CD8 T cell
CASQ1,0.910485390778062,0.00123354245465368,0.083,0,1,CD8 T cell
SLC5A10,0.910485390778062,0.00123354245465368,0.083,0,1,CD8 T cell
GDF6,0.910485390778062,0.00123354245465368,0.083,0,1,CD8 T cell
SYN2,0.910485390778062,0.00123354245465368,0.083,0,1,CD8 T cell
CRYAA,0.910485390778062,0.00123354245465368,0.083,0,1,CD8 T cell
MXRA8,0.910485390778062,0.00123354245465368,0.083,0,1,CD8 T cell
GABRB1,0.910485390778062,0.00123354245465368,0.083,0,1,CD8 T cell
RHO,0.910485390778062,0.00123354245465368,0.083,0,1,CD8 T cell
SPINK1,0.910485390778062,0.00123354245465368,0.083,0,1,CD8 T cell
CARTPT,0.910485390778062,0.00123354245465368,0.083,0,1,CD8 T cell
C8orf48,0.910485390778062,0.00123354245465368,0.083,0,1,CD8 T cell
GPR101,0.910485390778062,0.00123354245465368,0.083,0,1,CD8 T cell
AMER2,0.910485390778062,0.00123354245465368,0.083,0,1,CD8 T cell
RNF150,0.910485390778062,0.00123354245465368,0.083,0,1,CD8 T cell
MBD3L1,0.910485390778062,0.00123354245465368,0.083,0,1,CD8 T cell
RAX2,0.910485390778062,0.00123354245465368,0.083,0,1,CD8 T cell
CD34,0.910485390778062,0.00123354245465368,0.083,0,1,CD8 T cell
HIGD2B,0.910485390778062,0.00123354245465368,0.083,0,1,CD8 T cell
ERICH5,0.910485390778062,0.00123354245465368,0.083,0,1,CD8 T cell
EXOC3L1,0.910485390778062,0.00123354245465368,0.083,0,1,CD8 T cell
OR6S1,0.910485390778062,0.00123354245465368,0.083,0,1,CD8 T cell
CYP4F2,0.910485390778062,0.00123354245465368,0.083,0,1,CD8 T cell
TAS2R42,0.910485390778062,0.00123354245465368,0.083,0,1,CD8 T cell
SAMD7,0.910485390778062,0.00123354245465368,0.083,0,1,CD8 T cell
PCDH18,0.910485390778062,0.00123354245465368,0.083,0,1,CD8 T cell
KRTAP10-3,0.910485390778062,0.00123354245465368,0.083,0,1,CD8 T cell
CELA2B,0.910485390778062,0.00123354245465368,0.083,0,1,CD8 T cell
IFNA4,0.910485390778062,0.00123354245465368,0.083,0,1,CD8 T cell
CLRN2,0.910485390778062,0.00123354245465368,0.083,0,1,CD8 T cell
PCDHA10,0.910485390778062,0.00123354245465368,0.083,0,1,CD8 T cell
INS,0.910485390778062,0.00123354245465368,0.083,0,1,CD8 T cell
GLUL,0.9104916806554721,-0.012775245219264209,1,1,1,CD8 T cell
S100A12,0.9105031858156045,-0.0025459848599793666,1,1,1,CD8 T cell
TBX3,0.9105196819742635,-0.0012174107321136773,0.083,0.167,1,CD8 T cell
SAMD9L,0.9105744094799213,0.019057312906980428,1,1,1,CD8 T cell
FGFR2,0.9107226161944616,-0.010450635210589532,0.917,0.917,1,CD8 T cell
ARHGDIB,0.9109332156574854,0.012206703936576524,1,1,1,CD8 T cell
ANP32B,0.9109814117759157,0.010614920099252134,1,1,1,CD8 T cell
KDM5C,0.9110350136965588,0.01343765378854056,1,1,1,CD8 T cell
HECW2,0.9110384007519455,1.3681726974912323e-5,0.417,0.5,1,CD8 T cell
BTBD17,0.9111664852161061,-0.001221776494197524,0.833,0.833,1,CD8 T cell
ST3GAL6,0.9111934004977479,0.010608996926705583,0.75,0.583,1,CD8 T cell
LSM8,0.9112095272987983,-0.0029247950607143025,1,1,1,CD8 T cell
DTNA,0.9112939320352873,0.001364820408032319,0.167,0.167,1,CD8 T cell
RABL6,0.911298116566386,0.010580749827632574,1,1,1,CD8 T cell
EBP,0.911395402130412,-0.011302788632883087,1,1,1,CD8 T cell
C11orf40,0.9115057094780011,-0.008378659254485665,0.083,0.167,1,CD8 T cell
FBN1,0.9115080512700148,-0.010472629695235991,0.583,0.667,1,CD8 T cell
XCL1,0.9115579893753729,0.012651973167981723,1,1,1,CD8 T cell
DHRS12,0.9116180623544269,-0.00523428595506803,1,1,1,CD8 T cell
GHITM,0.9116644740635772,0.009420991428861547,1,1,1,CD8 T cell
FAAP100,0.9116800997261986,0.011848930747023978,1,1,1,CD8 T cell
CAMK1D,0.9117666131546608,0.02350821334405262,1,1,1,CD8 T cell
LAPTM5,0.9118200884391958,0.0033504697800776917,1,1,1,CD8 T cell
ELFN1,0.9119390270562978,-0.0025293691893000236,0.167,0.083,1,CD8 T cell
BIN1,0.9119498746077759,0.0209992441570106,1,1,1,CD8 T cell
KCND2,0.9119877513902699,0.004962865142650319,0.083,0.083,1,CD8 T cell
CAT,0.9120204347289325,0.004698733553290729,1,1,1,CD8 T cell
TSKS,0.9120961063725789,-0.012557896753059072,0.5,0.583,1,CD8 T cell
SLC25A29,0.9121848326802935,0.03558229222820719,1,1,1,CD8 T cell
ATG3,0.912232079021141,0.008127188097685811,1,1,1,CD8 T cell
POGLUT1,0.9122489753311152,0.014310366018097653,1,1,1,CD8 T cell
MZB1,0.9122843773815322,-0.043794940949195116,1,1,1,CD8 T cell
LPCAT1,0.9122860842041707,0.01488801676505025,1,1,1,CD8 T cell
OPHN1,0.9122875300685114,-0.0184417009692579,0.417,0.583,1,CD8 T cell
TBC1D15,0.9122955014405346,0.006585241283205895,1,1,1,CD8 T cell
FARP1,0.9123003597325463,0.0010820534518796165,0.167,0.083,1,CD8 T cell
ASPG,0.9123567190746074,-0.0024259136941728876,0.25,0.333,1,CD8 T cell
ABCA3,0.9123773517682636,-0.009948702982580215,1,1,1,CD8 T cell
PWWP2B,0.9124119920430702,-0.023132099856120414,1,1,1,CD8 T cell
LAIR2,0.9124269390627407,-0.042604636686075725,0.917,0.917,1,CD8 T cell
XNDC1N,0.9124670916492418,0.036240649952064,1,1,1,CD8 T cell
RPH3A,0.9125684508738711,-0.013085925723499425,0.75,0.667,1,CD8 T cell
LIPJ,0.9126390687712352,-8.447323829958719e-4,0.583,0.5,1,CD8 T cell
MCUB,0.9126785897296971,-0.007155951638620317,1,1,1,CD8 T cell
RSU1,0.9127661919445265,-0.0011111124408651474,1,1,1,CD8 T cell
CNOT9,0.91280161688151,0.004308796907609325,1,1,1,CD8 T cell
S100A10,0.9128662597838889,0.018929033676149842,1,1,1,CD8 T cell
LRRC20,0.9129445147189659,0.0181133924946435,1,1,1,CD8 T cell
GLA,0.912952677578592,-0.025325177615328043,1,1,1,CD8 T cell
GDI2,0.912958832824226,0.030292074739610708,1,1,1,CD8 T cell
SLC25A23,0.9129922961407304,-0.004640992222549656,1,1,1,CD8 T cell
NLRP11,0.913100074272762,-0.006551634249725602,0.333,0.25,1,CD8 T cell
AGTRAP,0.9131290218298176,0.013260159974108454,1,1,1,CD8 T cell
DOCK9,0.9131867884245723,-0.004723085152687101,1,1,1,CD8 T cell
FKBP9,0.913244455655043,-6.689531774743962e-4,0.167,0.25,1,CD8 T cell
CAMTA2,0.9132913495794686,0.00876790820467871,1,1,1,CD8 T cell
KANSL3,0.9133186416178307,-0.008845119235769226,1,1,1,CD8 T cell
TPPP,0.9133408067052622,0.0149166291272258,1,1,1,CD8 T cell
CHTF8,0.9133719583190228,0.011366701836715176,1,1,1,CD8 T cell
CDH26,0.9133768857911796,0.012926656920454693,1,1,1,CD8 T cell
CASP3,0.9134047362008288,-0.007839331552868894,1,1,1,CD8 T cell
DCAF6,0.9134304993539498,-0.0168596350343565,1,1,1,CD8 T cell
ZNF146,0.9134534482917762,-0.007232784431198902,1,1,1,CD8 T cell
GNB4,0.9134750879310982,0.06662472990749135,1,0.917,1,CD8 T cell
ARL2,0.913544141614712,0.010275981619849828,1,1,1,CD8 T cell
LMAN1,0.9135668567184511,0.004327803319465362,1,1,1,CD8 T cell
VRK1,0.9135714664617827,0.01246742830294012,1,1,1,CD8 T cell
C1orf21,0.913635498851702,-0.00369898936819002,1,1,1,CD8 T cell
ACSS2,0.9136541641550147,0.011530943473145872,1,1,1,CD8 T cell
TFPI,0.9136577681725029,-0.023818871710115985,0.417,0.417,1,CD8 T cell
SKIC3,0.9136828525455508,-0.004646667455510123,1,1,1,CD8 T cell
FMC1,0.913708488565544,0.0015017708794305973,1,1,1,CD8 T cell
TMEM67,0.9137297743395545,0.01824848660186218,1,1,1,CD8 T cell
VAMP4,0.9137337682425354,0.009953762426585785,1,1,1,CD8 T cell
MSTN,0.9137436352643038,-0.007216535989258865,0.333,0.5,1,CD8 T cell
ZNF688,0.9137618721920158,-0.04775786050291497,1,1,1,CD8 T cell
DYNC1H1,0.9137913247198013,-0.009899691006051647,1,1,1,CD8 T cell
DNAJC30,0.913803271973807,-0.029022791690509475,1,1,1,CD8 T cell
CD109,0.9138126945213918,0.01049706727737476,1,0.917,1,CD8 T cell
PAPSS2,0.9139229700056821,-0.012836063994387636,0.417,0.5,1,CD8 T cell
PARP9,0.9139521480813686,0.02394421070547842,1,1,1,CD8 T cell
ITPK1,0.9139754658564042,0.017299955775056636,1,1,1,CD8 T cell
IQUB,0.9139891498645901,-0.01626746095003151,0.75,0.833,1,CD8 T cell
ZNF775,0.9139910960608364,-0.016969891582981678,0.917,0.917,1,CD8 T cell
THAP8,0.9140373120690819,4.460126664440622e-5,1,1,1,CD8 T cell
PGAM1,0.9140680671659617,0.05497694387184371,1,1,1,CD8 T cell
TNXB,0.9140687765619131,-0.014223138037473326,1,1,1,CD8 T cell
TKTL2,0.9140692894500566,0.008976995866742943,0.167,0.083,1,CD8 T cell
TALDO1,0.9140918062265745,0.026874862179427583,1,1,1,CD8 T cell
SLC1A4,0.9141137752351673,-0.014008024490137272,1,1,1,CD8 T cell
MAP2,0.9141490246369565,-0.0012947088166059828,0,0.167,1,CD8 T cell
GCKR,0.9141490246369565,-0.0012947088166059828,0,0.167,1,CD8 T cell
PRKCG,0.9141490246369565,-0.0012947088166059828,0,0.167,1,CD8 T cell
TRPM4,0.9141490246369565,-0.0012947088166059828,0,0.167,1,CD8 T cell
ADAMDEC1,0.9141490246369565,-0.0012947088166059828,0,0.167,1,CD8 T cell
PCDH10,0.9141490246369565,-0.0012947088166059828,0,0.167,1,CD8 T cell
FNDC5,0.9141490246369565,-0.0012947088166059828,0,0.167,1,CD8 T cell
ACTG2,0.9141490246369565,-0.0012947088166059828,0,0.167,1,CD8 T cell
TSPEAR,0.9141490246369565,-0.0012947088166059828,0,0.167,1,CD8 T cell
DLGAP2,0.9141490246369565,-0.0012947088166059828,0,0.167,1,CD8 T cell
RNF224,0.9141490246369565,-0.0012947088166059828,0,0.167,1,CD8 T cell
UBL7,0.9141754339752943,0.028783804900543886,1,1,1,CD8 T cell
CLIC4,0.9141809812731321,-0.01986273791456661,0.917,1,1,CD8 T cell
EPB41L4A,0.914217518026707,0.02865098896283924,1,1,1,CD8 T cell
MYO10,0.9142546734506883,-0.013895356396805614,0.083,0.167,1,CD8 T cell
H2BC8,0.914290634056821,0.03406991416659766,1,1,1,CD8 T cell
ZMYM5,0.9142923702718028,0.022638206602604793,1,1,1,CD8 T cell
FHOD1,0.9143097583948876,0.01371801194554445,1,1,1,CD8 T cell
SIGLEC10,0.9143406047297693,0.02275741010364607,1,1,1,CD8 T cell
SIN3B,0.9143827556308356,0.026314135561551155,1,1,1,CD8 T cell
SLC2A13,0.9144125352194267,0.03790949077512562,1,1,1,CD8 T cell
CD163,0.9144600993226986,-0.0024830651491334343,0.833,1,1,CD8 T cell
RAB34,0.9144821082926365,0.022188716109844187,1,1,1,CD8 T cell
NEDD4L,0.9145556718149207,0.00877820233308979,1,1,1,CD8 T cell
ZBTB42,0.9145955221873954,0.010153324906320815,1,1,1,CD8 T cell
SLC25A53,0.9146068942433914,0.014298891629391797,1,1,1,CD8 T cell
SCNN1D,0.9146816413919167,-0.026506925415148874,1,1,1,CD8 T cell
CPXM1,0.9147162044936015,-0.0012560950777209534,0.25,0.333,1,CD8 T cell
ZFAND3,0.914790587249654,0.019681880109666094,1,1,1,CD8 T cell
CPNE9,0.9148042745425429,0.011725978694304917,0.667,0.75,1,CD8 T cell
PCBP4,0.9148172427243055,-0.0106008876521555,1,1,1,CD8 T cell
PSMB1,0.9148425329013623,-0.003785411740587552,1,1,1,CD8 T cell
GNG3,0.9148766740732548,-0.014694623332375478,0.417,0.417,1,CD8 T cell
IRX5,0.9148960045387009,-0.002888807655144987,0.25,0.417,1,CD8 T cell
MIEF1,0.9149609505143126,0.007803573240399153,1,1,1,CD8 T cell
RBL2,0.9149998845189159,0.01634732882969514,1,1,1,CD8 T cell
ZNF644,0.9150364221170583,0.01389327963204523,1,1,1,CD8 T cell
HINT2,0.9150519042039363,0.009422446594412603,1,1,1,CD8 T cell
LCP2,0.915070055648338,0.0028312318678129778,1,1,1,CD8 T cell
TAF12,0.915145343960444,0.02538042431522597,1,1,1,CD8 T cell
SIPA1L1,0.9152552197737289,0.0426281227437415,1,1,1,CD8 T cell
DPEP2NB,0.9152757519923809,-0.007799303234164778,0.167,0.25,1,CD8 T cell
TAF1C,0.9153778364551313,-0.008875734564173676,1,1,1,CD8 T cell
TMEM245,0.9154109961217444,0.011979124484745612,1,1,1,CD8 T cell
SNAPC5,0.9154151498736107,-0.022104705788521972,1,1,1,CD8 T cell
GPN1,0.9154296302752463,0.02098387275591207,1,1,1,CD8 T cell
MAGIX,0.9154478200352099,-0.019628136340996694,1,0.833,1,CD8 T cell
ENOX1,0.9154544495605268,-0.0071857779086754725,0.167,0.083,1,CD8 T cell
NCAN,0.9154838030761785,-0.0012707745467221976,0.25,0.25,1,CD8 T cell
RIDA,0.9155091087529534,-0.016484414564617467,1,1,1,CD8 T cell
DENND4B,0.915551881642845,0.012714396105181658,1,1,1,CD8 T cell
TEX261,0.9155634734292,-0.02558938839882674,1,1,1,CD8 T cell
CAST,0.9155666187623311,-0.004259079129798504,1,1,1,CD8 T cell
HOXB1,0.9155853064328193,-0.004680395384394576,0,0.083,1,CD8 T cell
INSL6,0.9155853064328193,-0.004680395384394576,0,0.083,1,CD8 T cell
MYPN,0.9155853064328193,-0.004680395384394576,0,0.083,1,CD8 T cell
MALL,0.9155853064328193,-0.004680395384394576,0,0.083,1,CD8 T cell
EPHA5,0.9155853064328193,-0.004680395384394576,0,0.083,1,CD8 T cell
GPHA2,0.9155853064328193,-0.004680395384394576,0,0.083,1,CD8 T cell
DDAH1,0.9155853064328193,-0.004680395384394576,0,0.083,1,CD8 T cell
CTHRC1,0.9155853064328193,-0.004680395384394576,0,0.083,1,CD8 T cell
GLYATL1,0.9155853064328193,-0.004680395384394576,0,0.083,1,CD8 T cell
CA5A,0.9155853064328193,-0.004680395384394576,0,0.083,1,CD8 T cell
C17orf99,0.9155853064328193,-0.004680395384394576,0,0.083,1,CD8 T cell
SLC28A3,0.9155853064328193,-0.004680395384394576,0,0.083,1,CD8 T cell
ZNF735,0.9155853064328193,-0.004680395384394576,0,0.083,1,CD8 T cell
GOLGA6L7,0.9155853064328193,-0.004680395384394576,0,0.083,1,CD8 T cell
CDA,0.9156276459934211,0.0053884675677644545,0.917,0.833,1,CD8 T cell
CYTL1,0.9156692205562111,0.009219915888821095,0.167,0.083,1,CD8 T cell
STARD4,0.9156885204446651,0.017808719599047618,1,1,1,CD8 T cell
ECH1,0.915753161345617,0.019795131148117373,1,1,1,CD8 T cell
FBF1,0.9157652878767454,0.00848564180282485,1,1,1,CD8 T cell
MTX1,0.9158325247725678,-4.4927158201479855e-5,1,1,1,CD8 T cell
SEMA3C,0.9158375690445655,-0.013759735022124353,0.417,0.5,1,CD8 T cell
HASPIN,0.9159701706674435,0.002889249664489668,0.833,0.75,1,CD8 T cell
UTP25,0.916063950915275,0.011186630002077314,1,1,1,CD8 T cell
OMG,0.9160642438560235,0.03690920756139615,1,1,1,CD8 T cell
BAHD1,0.9160810631427201,0.001982759737771622,1,1,1,CD8 T cell
CD40LG,0.9160813912915837,0.04453690968840865,1,1,1,CD8 T cell
UFL1,0.9161071409463774,0.027109288268502896,1,1,1,CD8 T cell
FAM107B,0.9161093081601078,0.002770805624235706,1,1,1,CD8 T cell
POLA2,0.9161417258252864,0.011121680028158831,1,1,1,CD8 T cell
SRD5A2,0.9161685443750506,0.00713578707048157,0.167,0.083,1,CD8 T cell
CD200R1,0.9162157223853346,-0.011432511385500943,1,1,1,CD8 T cell
SPTB,0.9162242523387887,-9.91852114670344e-4,0.167,0.333,1,CD8 T cell
GTF2H4,0.9162564260686284,0.007672423116645177,1,1,1,CD8 T cell
AHI1,0.9162582143690757,0.017924434105371034,1,1,1,CD8 T cell
BIN3,0.9162651049077468,0.024052085429251746,1,1,1,CD8 T cell
JMJD8,0.9162672700787958,0.010403125921115364,1,1,1,CD8 T cell
GBGT1,0.9162862487092148,0.03788750046582212,0.75,0.667,1,CD8 T cell
KLHL13,0.9163130103227909,0.01343999870350654,0.833,0.75,1,CD8 T cell
LTB4R,0.916393707058505,-0.010378225808334807,1,1,1,CD8 T cell
RABGAP1L,0.9164509388177448,-0.0026143952090205147,1,1,1,CD8 T cell
USP10,0.9164567718181125,0.025563943158957506,1,1,1,CD8 T cell
RNF207,0.9164819910322619,-0.003500708680894249,0.5,0.667,1,CD8 T cell
MMP2,0.9165051469375232,-0.004028987956648855,0,0.083,1,CD8 T cell
BTNL8,0.9165051469375232,-0.004028987956648855,0,0.083,1,CD8 T cell
TCN1,0.9165051469375232,-0.004028987956648855,0,0.083,1,CD8 T cell
INHBE,0.9165051469375232,-0.004028987956648855,0,0.083,1,CD8 T cell
GREB1L,0.9165051469375232,-0.004028987956648855,0,0.083,1,CD8 T cell
KY,0.9165051469375232,-0.004028987956648855,0,0.083,1,CD8 T cell
C1orf226,0.9165051469375232,-0.004028987956648855,0,0.083,1,CD8 T cell
COG1,0.9165065043609341,0.02730668396979491,1,1,1,CD8 T cell
TYW1B,0.9165424207728999,-0.03618541024227895,0.667,0.833,1,CD8 T cell
PHC1,0.9165465105220496,-1.7197761957865598e-4,1,1,1,CD8 T cell
RNF2,0.9166139221790548,0.01293155872785512,1,1,1,CD8 T cell
PCDHGA10,0.9166304150401839,-0.010135045319776825,0.833,0.917,1,CD8 T cell
SPECC1,0.9167231538061197,-0.02978129251292705,1,1,1,CD8 T cell
RACK1,0.9167469277074303,0.025608322115927562,1,1,1,CD8 T cell
RAB36,0.9167574227718053,-0.01917396472127697,0.75,0.833,1,CD8 T cell
PRSS35,0.9168648978408023,0.010438650425882656,0.417,0.333,1,CD8 T cell
DUSP2,0.9168770180814039,-0.025526759203987615,1,1,1,CD8 T cell
OR5B2,0.9169759961534875,0.0015717177697966989,0.417,0.417,1,CD8 T cell
SLC25A42,0.9170436315700347,0.012785978445027824,1,1,1,CD8 T cell
SEPTIN10,0.9170473057624866,-0.008573073553081123,0.667,0.75,1,CD8 T cell
UBP1,0.9170878024205632,0.012614062208985866,1,1,1,CD8 T cell
CTXN1,0.9171098548201572,-5.745858424996975e-4,0.583,0.667,1,CD8 T cell
PRSS36,0.9171999643630246,0.01639111627105061,1,1,1,CD8 T cell
FCMR,0.9172372417148957,-0.006975438085067953,1,1,1,CD8 T cell
IDI2,0.9172595059439106,0.0026784188766639794,0.167,0.25,1,CD8 T cell
POLA1,0.9172966495406589,-0.032016241856893224,1,1,1,CD8 T cell
GIT1,0.9173231490337834,-0.0029273516257715126,1,1,1,CD8 T cell
RNF38,0.9173537046054473,0.016126766067646736,1,1,1,CD8 T cell
DCAF12,0.9173754676936943,0.02111967991555863,1,1,1,CD8 T cell
TSPAN8,0.9175125351425143,0.0013967895632727156,0.083,0.083,1,CD8 T cell
RWDD2B,0.9175184187617409,0.019407431768084127,1,1,1,CD8 T cell
PHF21B,0.9175235990691283,0.0011126531483505175,0.083,0,1,CD8 T cell
CPNE6,0.9175235990691283,0.0011126531483505175,0.083,0,1,CD8 T cell
COL20A1,0.9175235990691283,0.0011126531483505175,0.083,0,1,CD8 T cell
KCNN1,0.9175235990691283,0.0011126531483505175,0.083,0,1,CD8 T cell
CSF3,0.9175235990691283,0.0011126531483505175,0.083,0,1,CD8 T cell
RHAG,0.9175235990691283,0.0011126531483505175,0.083,0,1,CD8 T cell
NME5,0.9175235990691283,0.0011126531483505175,0.083,0,1,CD8 T cell
PROX1,0.9175235990691283,0.0011126531483505175,0.083,0,1,CD8 T cell
MLANA,0.9175235990691283,0.0011126531483505175,0.083,0,1,CD8 T cell
MOGAT1,0.9175235990691283,0.0011126531483505175,0.083,0,1,CD8 T cell
DNAH8,0.9175235990691283,0.0011126531483505175,0.083,0,1,CD8 T cell
ALDH1A2,0.9175235990691283,0.0011126531483505175,0.083,0,1,CD8 T cell
KIF1A,0.9175235990691283,0.0011126531483505175,0.083,0,1,CD8 T cell
RGN,0.9175235990691283,0.0011126531483505175,0.083,0,1,CD8 T cell
LRRC4B,0.9175235990691283,0.0011126531483505175,0.083,0,1,CD8 T cell
APLNR,0.9175235990691283,0.0011126531483505175,0.083,0,1,CD8 T cell
CGA,0.9175235990691283,0.0011126531483505175,0.083,0,1,CD8 T cell
TMPRSS4,0.9175235990691283,0.0011126531483505175,0.083,0,1,CD8 T cell
KRT71,0.9175235990691283,0.0011126531483505175,0.083,0,1,CD8 T cell
TRIM55,0.9175235990691283,0.0011126531483505175,0.083,0,1,CD8 T cell
CDH22,0.9175235990691283,0.0011126531483505175,0.083,0,1,CD8 T cell
SLC16A12,0.9175235990691283,0.0011126531483505175,0.083,0,1,CD8 T cell
ADAMTSL3,0.9175235990691283,0.0011126531483505175,0.083,0,1,CD8 T cell
ALPP,0.9175235990691283,0.0011126531483505175,0.083,0,1,CD8 T cell
ADORA1,0.9175235990691283,0.0011126531483505175,0.083,0,1,CD8 T cell
RAET1E,0.9175235990691283,0.0011126531483505175,0.083,0,1,CD8 T cell
NKX6-3,0.9175235990691283,0.0011126531483505175,0.083,0,1,CD8 T cell
CYYR1,0.9175235990691283,0.0011126531483505175,0.083,0,1,CD8 T cell
GALR1,0.9175235990691283,0.0011126531483505175,0.083,0,1,CD8 T cell
HOXD4,0.9175235990691283,0.0011126531483505175,0.083,0,1,CD8 T cell
COX7B2,0.9175235990691283,0.0011126531483505175,0.083,0,1,CD8 T cell
OR4D5,0.9175235990691283,0.0011126531483505175,0.083,0,1,CD8 T cell
CNTD1,0.9175235990691283,0.0011126531483505175,0.083,0,1,CD8 T cell
LY6H,0.9175235990691283,0.0011126531483505175,0.083,0,1,CD8 T cell
TMEM151B,0.9175235990691283,0.0011126531483505175,0.083,0,1,CD8 T cell
SLC17A8,0.9175235990691283,0.0011126531483505175,0.083,0,1,CD8 T cell
B3GALT5,0.9175235990691283,0.0011126531483505175,0.083,0,1,CD8 T cell
OR1D2,0.9175235990691283,0.0011126531483505175,0.083,0,1,CD8 T cell
PRR16,0.9175235990691283,0.0011126531483505175,0.083,0,1,CD8 T cell
OR14I1,0.9175235990691283,0.0011126531483505175,0.083,0,1,CD8 T cell
OR11G2,0.9175235990691283,0.0011126531483505175,0.083,0,1,CD8 T cell
C6orf141,0.9175235990691283,0.0011126531483505175,0.083,0,1,CD8 T cell
CR1L,0.9175235990691283,0.0011126531483505175,0.083,0,1,CD8 T cell
HES5,0.9175235990691283,0.0011126531483505175,0.083,0,1,CD8 T cell
UBE2QL1,0.9175235990691283,0.0011126531483505175,0.083,0,1,CD8 T cell
ERVMER34-1,0.9175235990691283,0.0011126531483505175,0.083,0,1,CD8 T cell
KRTAP10-5,0.9175235990691283,0.0011126531483505175,0.083,0,1,CD8 T cell
UGT1A10,0.9175235990691283,0.0011126531483505175,0.083,0,1,CD8 T cell
TPTE,0.9175235990691283,0.0011126531483505175,0.083,0,1,CD8 T cell
RTF1,0.9175950491063158,0.021580636377396045,1,1,1,CD8 T cell
CCDC124,0.9176039214067282,0.02186840762956574,1,1,1,CD8 T cell
CDK18,0.9177752037000271,-0.007576114806533862,1,1,1,CD8 T cell
MUC13,0.917916627534636,0.012469921509681292,0.167,0.083,1,CD8 T cell
ZSCAN5B,0.9179351705430351,0.0016636809614314352,0.25,0.167,1,CD8 T cell
NHLRC3,0.9179884538072821,-0.017039859029988946,1,1,1,CD8 T cell
EGLN3,0.9180293415274583,0.024192180855617806,0.583,0.5,1,CD8 T cell
SPAG5,0.9181539407244588,0.01649278326388881,1,1,1,CD8 T cell
TPMT,0.9182104436209575,-0.005825690187434285,1,1,1,CD8 T cell
MAP1LC3A,0.9182228472531363,0.03270553634629314,1,1,1,CD8 T cell
MYO18B,0.9182537632725576,0.0024052096233879716,0.417,0.5,1,CD8 T cell
MAGEF1,0.9183224911484741,-0.011674772412976653,1,1,1,CD8 T cell
RNF181,0.9183338637559976,0.0645989003427081,1,1,1,CD8 T cell
ABCG2,0.9183905838293017,-0.014911383769387943,0.833,1,1,CD8 T cell
DCLRE1A,0.9184063367098988,-0.019855121142104748,1,1,1,CD8 T cell
AVIL,0.9184409915466091,0.025730197834466395,1,1,1,CD8 T cell
COL1A2,0.9184831193522609,-0.00221436428557098,0.083,0.083,1,CD8 T cell
SMIM5,0.91848499245276,-0.01853246852698609,0.917,1,1,CD8 T cell
SNAP47,0.9185231036956261,-0.008666434682412905,1,1,1,CD8 T cell
MEIOC,0.9185297807631393,0.005886745007049221,0.083,0.167,1,CD8 T cell
DTNB,0.9186113065207342,0.011177778162253516,1,1,1,CD8 T cell
RAB35,0.9186541061300773,2.5928903348315657e-4,1,1,1,CD8 T cell
ANXA4,0.9187068815542186,-0.00869290603234052,1,1,1,CD8 T cell
MYLK,0.9187136381016378,-0.008962004203079577,0.583,0.583,1,CD8 T cell
DPM2,0.9187702155979722,0.0032355278619418115,1,1,1,CD8 T cell
PPP3CA,0.9187942427478131,0.027978113804122295,1,1,1,CD8 T cell
SNRPE,0.9188726218107978,-0.0036042501241354318,1,1,1,CD8 T cell
CTC1,0.9188823038610366,0.012498847044156158,1,1,1,CD8 T cell
OBSCN,0.9188864859335061,0.030623965203532444,1,1,1,CD8 T cell
S100A11,0.9188901151150964,0.019946323732422222,1,1,1,CD8 T cell
CASC3,0.9189955251669479,-8.815485535187406e-4,1,1,1,CD8 T cell
RELL2,0.9191389327870259,0.019110990383928605,1,1,1,CD8 T cell
B3GNT2,0.9191618296061356,0.029365372349595797,1,1,1,CD8 T cell
PITPNM1,0.9191997104267707,0.029346319215453276,1,1,1,CD8 T cell
CHST12,0.9192074940535219,0.019813427118390514,1,1,1,CD8 T cell
MDM1,0.9192283746827197,0.020855188288765536,1,1,1,CD8 T cell
IFITM2,0.9192617253639757,0.02125713799774398,1,1,1,CD8 T cell
MPP1,0.9194095733019668,-0.024911625648186497,1,1,1,CD8 T cell
SNCAIP,0.9194189868492159,-0.0028198486932300426,0,0.083,1,CD8 T cell
DLX5,0.9194189868492159,-0.0028198486932300426,0,0.083,1,CD8 T cell
PRPH2,0.9194189868492159,-0.0028198486932300426,0,0.083,1,CD8 T cell
C7,0.9194189868492159,-0.0028198486932300426,0,0.083,1,CD8 T cell
SLC30A3,0.9194189868492159,-0.0028198486932300426,0,0.083,1,CD8 T cell
CRISPLD1,0.9194189868492159,-0.0028198486932300426,0,0.083,1,CD8 T cell
DPPA4,0.9194189868492159,-0.0028198486932300426,0,0.083,1,CD8 T cell
KCNS1,0.9194189868492159,-0.0028198486932300426,0,0.083,1,CD8 T cell
RAB17,0.9194189868492159,-0.0028198486932300426,0,0.083,1,CD8 T cell
GRIA3,0.9194189868492159,-0.0028198486932300426,0,0.083,1,CD8 T cell
CSN1S1,0.9194189868492159,-0.0028198486932300426,0,0.083,1,CD8 T cell
DSC3,0.9194189868492159,-0.0028198486932300426,0,0.083,1,CD8 T cell
MMP20,0.9194189868492159,-0.0028198486932300426,0,0.083,1,CD8 T cell
TACC2,0.9194189868492159,-0.0028198486932300426,0,0.083,1,CD8 T cell
ZNF750,0.9194189868492159,-0.0028198486932300426,0,0.083,1,CD8 T cell
FLG,0.9194189868492159,-0.0028198486932300426,0,0.083,1,CD8 T cell
MUC4,0.9194189868492159,-0.0028198486932300426,0,0.083,1,CD8 T cell
RSPO3,0.9194189868492159,-0.0028198486932300426,0,0.083,1,CD8 T cell
MAGEA4,0.9194189868492159,-0.0028198486932300426,0,0.083,1,CD8 T cell
VWA5B1,0.9194189868492159,-0.0028198486932300426,0,0.083,1,CD8 T cell
WNT4,0.9194189868492159,-0.0028198486932300426,0,0.083,1,CD8 T cell
LMX1A,0.9194189868492159,-0.0028198486932300426,0,0.083,1,CD8 T cell
CCDC140,0.9194189868492159,-0.0028198486932300426,0,0.083,1,CD8 T cell
FAT3,0.9194189868492159,-0.0028198486932300426,0,0.083,1,CD8 T cell
CST2,0.9194189868492159,-0.0028198486932300426,0,0.083,1,CD8 T cell
GARIN3,0.9194189868492159,-0.0028198486932300426,0,0.083,1,CD8 T cell
APLN,0.9194189868492159,-0.0028198486932300426,0,0.083,1,CD8 T cell
KRT13,0.9194189868492159,-0.0028198486932300426,0,0.083,1,CD8 T cell
LRRC15,0.9194189868492159,-0.0028198486932300426,0,0.083,1,CD8 T cell
OR4C5,0.9194189868492159,-0.0028198486932300426,0,0.083,1,CD8 T cell
CCDC185,0.9194189868492159,-0.0028198486932300426,0,0.083,1,CD8 T cell
OR4C6,0.9194189868492159,-0.0028198486932300426,0,0.083,1,CD8 T cell
HS3ST4,0.9194189868492159,-0.0028198486932300426,0,0.083,1,CD8 T cell
RIPK4,0.9194189868492159,-0.0028198486932300426,0,0.083,1,CD8 T cell
FFAR4,0.9194189868492159,-0.0028198486932300426,0,0.083,1,CD8 T cell
SAMD11,0.9194189868492159,-0.0028198486932300426,0,0.083,1,CD8 T cell
OR14A16,0.9194189868492159,-0.0028198486932300426,0,0.083,1,CD8 T cell
OR6K3,0.9194189868492159,-0.0028198486932300426,0,0.083,1,CD8 T cell
OR2F1,0.9194189868492159,-0.0028198486932300426,0,0.083,1,CD8 T cell
HBG1,0.9194189868492159,-0.0028198486932300426,0,0.083,1,CD8 T cell
C13orf42,0.9194189868492159,-0.0028198486932300426,0,0.083,1,CD8 T cell
TMEM114,0.9194189868492159,-0.0028198486932300426,0,0.083,1,CD8 T cell
CLDN34,0.9194189868492159,-0.0028198486932300426,0,0.083,1,CD8 T cell
TEX49,0.9194189868492159,-0.0028198486932300426,0,0.083,1,CD8 T cell
CAPN2,0.9195320151584462,0.013687709149871718,1,1,1,CD8 T cell
CD82,0.9195658017035923,0.03070604227444229,1,1,1,CD8 T cell
CCDC50,0.9195916813855181,0.04428897166068735,1,1,1,CD8 T cell
CNNM1,0.9196467511630304,-0.0013833366595310537,0,0.083,1,CD8 T cell
TAF1L,0.9196467511630304,-0.0013833366595310537,0,0.083,1,CD8 T cell
AIF1L,0.9196467511630304,-0.0013833366595310537,0,0.083,1,CD8 T cell
EPHA7,0.9196467511630304,-0.0013833366595310537,0,0.083,1,CD8 T cell
DNASE2B,0.9196467511630304,-0.0013833366595310537,0,0.083,1,CD8 T cell
CFAP47,0.9196467511630304,-0.0013833366595310537,0,0.083,1,CD8 T cell
LALBA,0.9196467511630304,-0.0013833366595310537,0,0.083,1,CD8 T cell
IZUMO1,0.9196467511630304,-0.0013833366595310537,0,0.083,1,CD8 T cell
CCL15,0.9196467511630304,-0.0013833366595310537,0,0.083,1,CD8 T cell
AREL1,0.9196728250219315,-0.01418528811017672,1,1,1,CD8 T cell
IPP,0.9196797285936975,-0.0044056303118353846,1,1,1,CD8 T cell
SUDS3,0.9197045362660033,-0.01137785928855306,1,1,1,CD8 T cell
DHFR2,0.9197783838926741,0.038346954531964794,1,1,1,CD8 T cell
POU6F1,0.9198669003061302,0.003736014416089173,1,1,1,CD8 T cell
TUBA1B,0.9198834599080652,0.0264590162117444,1,1,1,CD8 T cell
RETREG1,0.9199978810114424,0.0057664749487558176,1,1,1,CD8 T cell
MTLN,0.920123974216196,-0.006841113151613509,1,1,1,CD8 T cell
PTCRA,0.9201286493223393,-0.0036724121570510526,0.417,0.417,1,CD8 T cell
NSMF,0.9202205928908364,0.026454058204233855,1,1,1,CD8 T cell
BRWD3,0.9202536760414177,0.030122152623477623,1,1,1,CD8 T cell
CD300A,0.9202718778083071,0.031184493864381047,1,1,1,CD8 T cell
C1orf122,0.9203608573802832,0.017470621540653264,1,1,1,CD8 T cell
SATB1,0.9204079152190867,-0.02234546269877713,1,1,1,CD8 T cell
CERS2,0.9204079901292035,0.009141655414986127,1,1,1,CD8 T cell
NIT2,0.9204519126826975,-0.05227697494528594,1,1,1,CD8 T cell
ERCC6,0.920555912452627,0.023102796070701204,1,1,1,CD8 T cell
RABL3,0.9206845350896357,0.028862657130780178,1,1,1,CD8 T cell
SNRNP35,0.9207364573799837,0.014669599617221585,1,1,1,CD8 T cell
ERF,0.9208107912208036,-0.030167976887844006,1,1,1,CD8 T cell
COPZ2,0.9208445487349874,-0.020179065772966798,1,1,1,CD8 T cell
ERGIC1,0.9208574615075217,0.006161150049153408,1,1,1,CD8 T cell
BLVRB,0.920886726975257,-0.03049811074387021,1,1,1,CD8 T cell
PTGER2,0.9209704938614236,-0.008746468993874768,1,1,1,CD8 T cell
TTC8,0.9209870157551436,-7.923737891735172e-5,1,1,1,CD8 T cell
NDUFB6,0.9210329068073421,0.005219296442926236,1,1,1,CD8 T cell
S100A8,0.921054924926294,-0.020407199384575136,1,1,1,CD8 T cell
SLC22A16,0.9210591997172143,0.005741558075393893,0.167,0.333,1,CD8 T cell
TMEM98,0.9210999676212257,-0.0022767897764319756,0.083,0.167,1,CD8 T cell
MYO15B,0.9211022674258058,0.032884456988061306,1,1,1,CD8 T cell
ADM2,0.921125290888557,-0.024178864191434002,0.667,0.667,1,CD8 T cell
NODAL,0.9211833896095363,-0.008526215294473172,0.083,0.167,1,CD8 T cell
ABHD11,0.9212899838662054,0.03069568794293165,1,1,1,CD8 T cell
C5orf24,0.9213934037077148,0.011924238684901112,1,1,1,CD8 T cell
ZBTB40,0.9214383369805789,0.007824822768757067,1,1,1,CD8 T cell
FLT4,0.9214649789164325,0.04296989654307026,1,1,1,CD8 T cell
COMMD10,0.9215259021180597,-0.0068489788739398705,1,1,1,CD8 T cell
RIC3,0.9215415997642643,-0.016734449615160907,1,1,1,CD8 T cell
SCN11A,0.9215429063975478,0.012943020099691616,0.25,0.167,1,CD8 T cell
AACS,0.921551883155081,0.001988565489695393,1,1,1,CD8 T cell
ZNF600,0.9215556627973975,0.023804695734072956,1,1,1,CD8 T cell
HOPX,0.9215583206827426,-0.007716000095122411,1,1,1,CD8 T cell
ANXA1,0.921670978013894,0.017495913459550927,1,1,1,CD8 T cell
CUL4B,0.921705047401435,-0.0028618608516292054,1,1,1,CD8 T cell
PIGP,0.921723478675196,-0.0019920816840264255,1,1,1,CD8 T cell
APOH,0.9217548087885418,-0.013934411447713124,0,0.083,1,CD8 T cell
CSTL1,0.9217548087885418,-0.013934411447713124,0,0.083,1,CD8 T cell
ATP1A4,0.9217548087885418,-0.013934411447713124,0,0.083,1,CD8 T cell
CA10,0.9217548087885418,-0.013934411447713124,0,0.083,1,CD8 T cell
GBX1,0.9217548087885418,-0.013934411447713124,0,0.083,1,CD8 T cell
ONECUT2,0.9217548106370946,-0.008701213080783532,0,0.083,1,CD8 T cell
WDR38,0.9217548106370946,-0.008701213080783532,0,0.083,1,CD8 T cell
PLOD2,0.9217548106370946,-0.008701213080783532,0,0.083,1,CD8 T cell
TMPRSS15,0.9217548106370946,-0.008701213080783532,0,0.083,1,CD8 T cell
IHO1,0.9217548106370946,-0.008701213080783532,0,0.083,1,CD8 T cell
GPR152,0.9217548106370946,-0.008701213080783532,0,0.083,1,CD8 T cell
EXD1,0.9217548106370946,-0.008701213080783532,0,0.083,1,CD8 T cell
CXCL17,0.9217548106370946,-0.008701213080783532,0,0.083,1,CD8 T cell
OR2J2,0.9217548106370946,-0.008701213080783532,0,0.083,1,CD8 T cell
RAI2,0.9217548107836049,-0.008347151138490272,0,0.083,1,CD8 T cell
PRSS41,0.9217548107836049,-0.008347151138490272,0,0.083,1,CD8 T cell
TMEM252,0.921754812034632,-0.006204626468412577,0,0.083,1,CD8 T cell
BSX,0.921754812034632,-0.006204626468412577,0,0.083,1,CD8 T cell
GCGR,0.921754812034632,-0.006204626468412577,0,0.083,1,CD8 T cell
MEIOSIN,0.921754812034632,-0.006204626468412577,0,0.083,1,CD8 T cell
LHX1,0.921754812034632,-0.006204626468412577,0,0.083,1,CD8 T cell
GOLGA8B,0.9217635189580756,0.017340362880691518,1,1,1,CD8 T cell
TRIM13,0.921768353297757,7.723582571693699e-4,1,1,1,CD8 T cell
CLSTN1,0.9218196072931916,0.0024735833418960684,1,1,1,CD8 T cell
TNFRSF14,0.9219356387522475,0.03623229542046141,1,1,1,CD8 T cell
OR2M4,0.9219463850257922,-0.0011221393061653373,0.083,0.167,1,CD8 T cell
SMIM27,0.9220583117473492,-0.025607420847505724,1,1,1,CD8 T cell
PIGF,0.922072545940138,-0.018844172101735168,1,1,1,CD8 T cell
PHF11,0.9222234762403344,0.00553894262312804,1,1,1,CD8 T cell
KLHDC1,0.9222461858725021,0.017680818118024577,1,1,1,CD8 T cell
IFT80,0.9222610225787354,0.004716764152102648,1,1,1,CD8 T cell
DPP8,0.9222737392779704,0.024336282947615306,1,1,1,CD8 T cell
IQCF1,0.9223199751772185,0.00439118138093475,0.25,0.333,1,CD8 T cell
ADGRE5,0.9223294813344555,-3.554950009130309e-4,1,1,1,CD8 T cell
GCA,0.9223612919860159,-0.00877038057228896,1,1,1,CD8 T cell
DENND6A,0.9224148745455627,-0.011120207872559296,1,1,1,CD8 T cell
TAGLN,0.9224246554814594,0.0199395929029218,1,1,1,CD8 T cell
MPO,0.9225051976455341,5.990372883668549e-4,0.25,0.25,1,CD8 T cell
PSMB10,0.9225133578631792,0.0018312068074395338,1,1,1,CD8 T cell
NIPSNAP3A,0.9226537906034499,-0.007300209390562529,1,1,1,CD8 T cell
TSSK2,0.9226643104593629,-0.00651971015883257,0.083,0.167,1,CD8 T cell
CDC25B,0.922779689164891,0.01648031953557716,1,1,1,CD8 T cell
SLC17A7,0.9228253000530806,-8.404589219330738e-4,0.083,0.167,1,CD8 T cell
C16orf90,0.9228253000530806,-8.404589219330738e-4,0.083,0.167,1,CD8 T cell
PRR5,0.9228332507179923,0.01614234820832161,1,1,1,CD8 T cell
NCCRP1,0.9228383919092299,-0.0010771290759739038,0.083,0.167,1,CD8 T cell
ATG2B,0.9228409911471112,0.007330440023760862,1,1,1,CD8 T cell
NEDD4,0.9228661014304769,-0.019729798868904247,1,1,1,CD8 T cell
IRF6,0.9229654841922688,-0.016335666753799494,1,1,1,CD8 T cell
DPCD,0.9230189836677405,-0.06192315570474749,1,1,1,CD8 T cell
TTC23,0.9230984358653511,-0.006930683237592383,0.75,0.75,1,CD8 T cell
NT5DC4,0.9231019033778358,-7.454174811121206e-4,0.083,0.167,1,CD8 T cell
LRRN1,0.9231959587109972,-0.025170616359803333,0.333,0.25,1,CD8 T cell
SPATA6L,0.9232029986740787,0.012664071716320002,1,0.917,1,CD8 T cell
RPEL1,0.9232036727287433,0.027693196582388335,0.917,1,1,CD8 T cell
PROK1,0.9232052568187319,0.001226810609830764,0.083,0.167,1,CD8 T cell
COPRS,0.9232603824225158,-0.038192547863781456,1,1,1,CD8 T cell
VAPA,0.9232827960327314,0.017078608239658788,1,1,1,CD8 T cell
RAMP1,0.923311087197735,-0.005865035909788041,0.833,0.833,1,CD8 T cell
POR,0.9234023417022699,0.01207663104280332,1,1,1,CD8 T cell
MX1,0.9235064567558076,-0.004368606500081196,1,1,1,CD8 T cell
TBX2,0.9235529792357798,-6.497191769589961e-4,0.167,0.25,1,CD8 T cell
MDM4,0.9236500672767003,0.0121360305561522,1,1,1,CD8 T cell
TMEM255A,0.923653520611254,0.02231444203807964,1,1,1,CD8 T cell
CDK5RAP2,0.9236908938698595,-0.017564537861809004,1,1,1,CD8 T cell
OXA1L,0.9237238870288238,0.023128345326704713,1,1,1,CD8 T cell
KLHL8,0.9237609037778285,0.007410584101140927,1,1,1,CD8 T cell
RGL4,0.92376216688009,0.019070069615816587,1,1,1,CD8 T cell
TCHH,0.9237927376153269,0.002543272591456258,0.167,0.083,1,CD8 T cell
UBE2L3,0.9238175338974679,0.008878462404300867,1,1,1,CD8 T cell
ARHGAP23,0.9238555035441138,-0.02509839953987525,0.5,0.75,1,CD8 T cell
DEPDC4,0.9238710158603303,-0.022704147809186725,0.917,0.833,1,CD8 T cell
YIPF1,0.923926809625606,0.04983605531832547,1,1,1,CD8 T cell
FAR1,0.9239422901729291,0.010385249498232163,1,1,1,CD8 T cell
B3GNTL1,0.9239530163316501,-0.0016029940897897,1,1,1,CD8 T cell
AP1AR,0.9241787774743355,-0.004775624528823297,1,1,1,CD8 T cell
GALNT13,0.9242230711113644,0.002517966371372804,0.083,0.083,1,CD8 T cell
IVL,0.9242230711113644,0.002517966371372804,0.083,0.083,1,CD8 T cell
ARL5B,0.9242390540688332,0.01874729905545114,1,1,1,CD8 T cell
OASL,0.9242391904842395,0.027574393868281838,1,1,1,CD8 T cell
SSX2IP,0.9242975559885831,0.027417495311220286,1,1,1,CD8 T cell
SDF2,0.9243175050866208,0.011263076303722475,1,1,1,CD8 T cell
RAB13,0.9243459752113494,-0.010858847493290025,0.667,0.75,1,CD8 T cell
ACTN3,0.9243706168617418,0.012665873944208705,0.917,0.75,1,CD8 T cell
OR4X2,0.9244622204604666,0.0027787080046945967,0.083,0.083,1,CD8 T cell
OAZ1,0.9245074598163832,0.004411734782017174,1,1,1,CD8 T cell
MYT1,0.9245383605360976,0.0012421831156532726,0.083,0.167,1,CD8 T cell
KIAA0930,0.9245500556014541,0.023886926246237117,1,1,1,CD8 T cell
ARMC6,0.9245646167122729,0.03431304511542521,1,1,1,CD8 T cell
SPEM1,0.9245732939736944,0.0010396628567739263,0.25,0.333,1,CD8 T cell
CREB3L2,0.9246117425869982,-0.008672495068248853,1,1,1,CD8 T cell
DCP1B,0.9246193333477823,0.00867700099094193,1,1,1,CD8 T cell
CILP2,0.9246448890235007,-0.0034811158655001506,0.333,0.417,1,CD8 T cell
ZNF619,0.9246530771981485,-0.025092969240105845,1,1,1,CD8 T cell
ZNF148,0.9246878829459328,0.008102009057656123,1,1,1,CD8 T cell
USP54,0.9247173478090426,0.050233283727774136,1,1,1,CD8 T cell
MMP25,0.9247272641624756,0.017497412203498985,0.917,0.917,1,CD8 T cell
MFSD5,0.9247379299219316,0.014003427369075006,1,1,1,CD8 T cell
GBP3,0.9247718547203816,0.02092861676237512,1,1,1,CD8 T cell
TRIM4,0.9248384815516791,-0.009504081529254693,1,1,1,CD8 T cell
TADA2B,0.9248832779803878,0.015213661719628145,1,1,1,CD8 T cell
SPACA9,0.9248950646789714,0.023508346756115017,1,0.917,1,CD8 T cell
COL5A3,0.9250057483404525,-0.02625475050562276,1,0.917,1,CD8 T cell
CHMP7,0.9250754348101881,0.010163537385198262,1,1,1,CD8 T cell
CEP44,0.9250995215537494,0.011548666797035145,1,1,1,CD8 T cell
NDUFAF1,0.9251012442130175,0.02935296065542814,1,1,1,CD8 T cell
BICC1,0.9251286107580872,0.014314781216087535,0.167,0.083,1,CD8 T cell
MCPH1,0.9251390111066184,0.007431241354450252,1,1,1,CD8 T cell
MGLL,0.9251425618991852,-0.030585026773464197,0.833,0.917,1,CD8 T cell
SHISA4,0.9251510288087884,0.039711721052849924,1,1,1,CD8 T cell
RASL10A,0.9252583055733883,-6.288527743376626e-4,0.333,0.417,1,CD8 T cell
TBC1D2B,0.9253899193541482,0.016071148840222982,1,1,1,CD8 T cell
ZMYM6,0.9254163238943561,0.012666269606409708,1,1,1,CD8 T cell
PSEN1,0.9254859393684018,0.009305931964880332,1,1,1,CD8 T cell
SLC8A2,0.9255601421559247,-8.436923250139117e-4,0.083,0.167,1,CD8 T cell
GARIN1B,0.9255601421559247,-8.436923250139117e-4,0.083,0.167,1,CD8 T cell
C17orf50,0.9256121909091306,0.01650668869026939,0.667,0.5,1,CD8 T cell
FBLL1,0.9256151753349644,0.006713551565801001,0.5,0.583,1,CD8 T cell
MPC2,0.9256430692490103,-0.013159292278063672,1,1,1,CD8 T cell
TMEM120A,0.9257089510677536,0.001963283904124591,1,1,1,CD8 T cell
ALKAL1,0.92577336813259,-7.486510972083416e-4,0.083,0.167,1,CD8 T cell
CDK3,0.925850841141003,0.02082380206295209,1,1,1,CD8 T cell
USO1,0.9258600483185415,0.027984686572157635,1,1,1,CD8 T cell
TMEM208,0.92603714039123175,-0.01211972357236546,1,1,1,CD8 T cell
PRORP,0.9260389618342593,0.014881675968290375,1,1,1,CD8 T cell
FOXE1,0.9260945614635497,-2.6669501391385353e-4,0.167,0.167,1,CD8 T cell
FAM78A,0.9261846943851211,0.012504069922223526,1,1,1,CD8 T cell
PROM1,0.9262106983967298,9.182682990864777e-4,0.083,0,1,CD8 T cell
TFAP2D,0.9262106983967298,9.182682990864777e-4,0.083,0,1,CD8 T cell
ENTPD2,0.9262106983967298,9.182682990864777e-4,0.083,0,1,CD8 T cell
CHAT,0.9262106983967298,9.182682990864777e-4,0.083,0,1,CD8 T cell
TRPM5,0.9262106983967298,9.182682990864777e-4,0.083,0,1,CD8 T cell
LRP2,0.9262106983967298,9.182682990864777e-4,0.083,0,1,CD8 T cell
MT3,0.9262106983967298,9.182682990864777e-4,0.083,0,1,CD8 T cell
DAZL,0.9262106983967298,9.182682990864777e-4,0.083,0,1,CD8 T cell
MLNR,0.9262106983967298,9.182682990864777e-4,0.083,0,1,CD8 T cell
RHOV,0.9262106983967298,9.182682990864777e-4,0.083,0,1,CD8 T cell
ATP4A,0.9262106983967298,9.182682990864777e-4,0.083,0,1,CD8 T cell
IL17F,0.9262106983967298,9.182682990864777e-4,0.083,0,1,CD8 T cell
KLHL31,0.9262106983967298,9.182682990864777e-4,0.083,0,1,CD8 T cell
SLC22A7,0.9262106983967298,9.182682990864777e-4,0.083,0,1,CD8 T cell
SULT6B1,0.9262106983967298,9.182682990864777e-4,0.083,0,1,CD8 T cell
SYT16,0.9262106983967298,9.182682990864777e-4,0.083,0,1,CD8 T cell
SLC13A5,0.9262106983967298,9.182682990864777e-4,0.083,0,1,CD8 T cell
UCN2,0.9262106983967298,9.182682990864777e-4,0.083,0,1,CD8 T cell
AHSG,0.9262106983967298,9.182682990864777e-4,0.083,0,1,CD8 T cell
ADAMTS16,0.9262106983967298,9.182682990864777e-4,0.083,0,1,CD8 T cell
SHROOM2,0.9262106983967298,9.182682990864777e-4,0.083,0,1,CD8 T cell
CRB2,0.9262106983967298,9.182682990864777e-4,0.083,0,1,CD8 T cell
LRRC4C,0.9262106983967298,9.182682990864777e-4,0.083,0,1,CD8 T cell
DRD2,0.9262106983967298,9.182682990864777e-4,0.083,0,1,CD8 T cell
THRB,0.9262106983967298,9.182682990864777e-4,0.083,0,1,CD8 T cell
DSPP,0.9262106983967298,9.182682990864777e-4,0.083,0,1,CD8 T cell
NLRP14,0.9262106983967298,9.182682990864777e-4,0.083,0,1,CD8 T cell
GJD2,0.9262106983967298,9.182682990864777e-4,0.083,0,1,CD8 T cell
COX7A1,0.9262106983967298,9.182682990864777e-4,0.083,0,1,CD8 T cell
KASH5,0.9262106983967298,9.182682990864777e-4,0.083,0,1,CD8 T cell
PRICKLE2,0.9262106983967298,9.182682990864777e-4,0.083,0,1,CD8 T cell
C1QL3,0.9262106983967298,9.182682990864777e-4,0.083,0,1,CD8 T cell
MYRIP,0.9262106983967298,9.182682990864777e-4,0.083,0,1,CD8 T cell
NCBP2L,0.9262106983967298,9.182682990864777e-4,0.083,0,1,CD8 T cell
XAGE3,0.9262106983967298,9.182682990864777e-4,0.083,0,1,CD8 T cell
SPATA46,0.9262106983967298,9.182682990864777e-4,0.083,0,1,CD8 T cell
SNCG,0.9262106983967298,9.182682990864777e-4,0.083,0,1,CD8 T cell
IGDCC3,0.9262106983967298,9.182682990864777e-4,0.083,0,1,CD8 T cell
SPSB4,0.9262106983967298,9.182682990864777e-4,0.083,0,1,CD8 T cell
FOXL1,0.9262106983967298,9.182682990864777e-4,0.083,0,1,CD8 T cell
NXPH3,0.9262106983967298,9.182682990864777e-4,0.083,0,1,CD8 T cell
OR4F6,0.9262106983967298,9.182682990864777e-4,0.083,0,1,CD8 T cell
CLDN6,0.9262106983967298,9.182682990864777e-4,0.083,0,1,CD8 T cell
NR2F2,0.9262106983967298,9.182682990864777e-4,0.083,0,1,CD8 T cell
LCE5A,0.9262106983967298,9.182682990864777e-4,0.083,0,1,CD8 T cell
CPSF4L,0.9262106983967298,9.182682990864777e-4,0.083,0,1,CD8 T cell
LCE1B,0.9262106983967298,9.182682990864777e-4,0.083,0,1,CD8 T cell
TRIM10,0.9262106983967298,9.182682990864777e-4,0.083,0,1,CD8 T cell
OR2J3,0.9262106983967298,9.182682990864777e-4,0.083,0,1,CD8 T cell
MT1H,0.9262106983967298,9.182682990864777e-4,0.083,0,1,CD8 T cell
TWIST2,0.9262106983967298,9.182682990864777e-4,0.083,0,1,CD8 T cell
PCP4L1,0.9262106983967298,9.182682990864777e-4,0.083,0,1,CD8 T cell
ENSG00000284188,0.9262106983967298,9.182682990864777e-4,0.083,0,1,CD8 T cell
PTGR3,0.9262768649133141,0.023492153184995923,1,1,1,CD8 T cell
TSPOAP1,0.9263567152961404,-0.004109820497506134,1,1,1,CD8 T cell
CREBZF,0.9263821016382973,-0.0052416270562043454,1,1,1,CD8 T cell
DNAJB12,0.9264418366824804,0.002148816605684112,1,1,1,CD8 T cell
C13orf46,0.9265061985933742,-0.004886692846068463,0.333,0.417,1,CD8 T cell
MECOM,0.9265445562805155,0.0015553899653850678,0.083,0.083,1,CD8 T cell
SSMEM1,0.9265445562805155,0.0015553899653850678,0.083,0.083,1,CD8 T cell
KCTD19,0.9265445562805155,0.0015553899653850678,0.083,0.083,1,CD8 T cell
LRP1B,0.9265445562805155,0.0015553899653850678,0.083,0.083,1,CD8 T cell
C6orf58,0.9265445562805155,0.0015553899653850678,0.083,0.083,1,CD8 T cell
LRRC26,0.9265445562805155,0.0015553899653850678,0.083,0.083,1,CD8 T cell
CCL20,0.9266286206888683,0.0014472487673167223,0.25,0.333,1,CD8 T cell
KMT5B,0.9266360323882099,0.002387744237341116,1,1,1,CD8 T cell
FGL2,0.9266580572341049,-0.024683499178004942,1,1,1,CD8 T cell
FAM221A,0.9267050739775412,0.011016909149898169,1,1,1,CD8 T cell
C1orf127,0.9268031399078576,-0.002157256121176232,0.083,0.167,1,CD8 T cell
FHIT,0.9268377876555882,-0.03056279112882354,1,1,1,CD8 T cell
MAFA,0.9270175003393528,-0.005037481697286239,0.25,0.5,1,CD8 T cell
SLC39A9,0.9270997363466306,0.01980960750332278,1,1,1,CD8 T cell
THRAP3,0.9271060954984305,0.006452426072248496,1,1,1,CD8 T cell
LGI4,0.9271237742727516,0.0116945584626027,0.75,0.667,1,CD8 T cell
GNG7,0.9271267210605875,0.005271181270390279,1,1,1,CD8 T cell
TMEM53,0.9271485819533319,-0.002567987514732195,1,1,1,CD8 T cell
TBC1D10B,0.9271734930884336,0.025241456509928928,1,1,1,CD8 T cell
ADAM8,0.9271829278282764,0.019068268425887824,1,1,1,CD8 T cell
SSR2,0.927277998642531,-0.0034668014493646204,1,1,1,CD8 T cell
PXT1,0.9272807073021065,-9.979275590228376e-4,0.333,0.5,1,CD8 T cell
IGFBP2,0.9273424942270433,-0.00941704887162853,0.5,0.5,1,CD8 T cell
DNAJB4,0.9273964540969325,0.03668221394830762,1,1,1,CD8 T cell
TRPV1,0.9274748856672375,-0.003579757336038991,1,1,1,CD8 T cell
RASAL3,0.9275638859825958,0.011428879985008855,1,1,1,CD8 T cell
MATN3,0.9275647921009423,0.013482176546244506,0.167,0.167,1,CD8 T cell
KDM4C,0.9275907844962108,0.005555636169798817,1,1,1,CD8 T cell
ATP5PF,0.9277020361624057,0.011029520562994222,1,1,1,CD8 T cell
TMEM19,0.927724825049074,-0.0063875183940513836,1,1,1,CD8 T cell
PPP4C,0.9277804835523736,0.013467250672006381,1,1,1,CD8 T cell
CD4,0.9277867938885928,-0.04859421708553723,1,1,1,CD8 T cell
LRRC37A3,0.9277891357389776,0.016345419125609162,1,0.917,1,CD8 T cell
NOC2L,0.9277983649680832,0.014099918823196944,1,1,1,CD8 T cell
BAD,0.9278181397584526,0.05272831661822863,1,1,1,CD8 T cell
PDZD4,0.9278263870745795,0.02336663170975939,1,1,1,CD8 T cell
VEZF1,0.9278616593614254,0.0017310549929101526,1,1,1,CD8 T cell
FBXO48,0.9278645157660931,0.03471042793101198,1,1,1,CD8 T cell
MT1X,0.9278843918255013,-0.017424022175461795,1,1,1,CD8 T cell
PLEKHH1,0.9278918868214261,-0.009357125597636795,0.25,0.25,1,CD8 T cell
MYRF,0.9279413429491968,-0.010844456624159005,1,1,1,CD8 T cell
SMARCA2,0.9279620901383652,0.01047994691091958,1,1,1,CD8 T cell
MUTYH,0.9279830898895094,-0.038532266920640046,1,1,1,CD8 T cell
MARCOL,0.9280403349779107,-9.939516921271263e-4,0.083,0.083,1,CD8 T cell
CABP4,0.9281037654893082,7.317028289870464e-4,1,1,1,CD8 T cell
TAP1,0.9281061558074661,-8.42791318405478e-4,1,1,1,CD8 T cell
POLR3H,0.9281720144006277,-0.001091954918896132,1,1,1,CD8 T cell
ATG10,0.9281771633751222,0.015771755398193976,1,1,1,CD8 T cell
SLC15A2,0.9282073049377635,0.013991462182298964,1,1,1,CD8 T cell
TSHZ2,0.9282758725426559,-0.03268377499802311,0.833,1,1,CD8 T cell
TMEM259,0.9283889596407369,0.025472577134312113,1,1,1,CD8 T cell
VAT1L,0.9284036541027972,0.0010040970643219183,0.083,0.083,1,CD8 T cell
FAM90A1,0.9284036541027972,0.0010040970643219183,0.083,0.083,1,CD8 T cell
JAM2,0.9284203510569536,0.00841923289871449,0.75,0.75,1,CD8 T cell
NUP54,0.9284849512122189,-0.0027141625684840923,1,1,1,CD8 T cell
CNNM4,0.928512104563864,0.023341277120792814,1,1,1,CD8 T cell
TMEM8B,0.9285139365407618,-0.0118055422012171,1,1,1,CD8 T cell
C5,0.9285149807419313,-1.4974709346793347e-4,1,1,1,CD8 T cell
PALD1,0.9285752641601462,-0.0052616427058223,0.5,0.5,1,CD8 T cell
SOX8,0.9285853771094448,0.016943828793138938,0.5,0.667,1,CD8 T cell
PPM1F,0.9286366553600629,0.0032783536568250504,1,1,1,CD8 T cell
ARG1,0.9287143216271435,0.010898039224982892,0.167,0.083,1,CD8 T cell
SP6,0.928719485070866,-0.007810332926917685,0.167,0.25,1,CD8 T cell
ZNF853,0.9287875064371567,0.005871677247948348,1,0.833,1,CD8 T cell
ATP13A3,0.9288094206467181,-0.011176033113162204,1,1,1,CD8 T cell
WDR83,0.928835760485503,0.007357478532605377,1,1,1,CD8 T cell
AOAH,0.928848056261431,0.038232506954092305,1,1,1,CD8 T cell
PHLDA2,0.928857230402374,-0.008004171621325273,0.75,0.833,1,CD8 T cell
DEGS2,0.9289204451281486,0.005324061995477969,0.583,0.833,1,CD8 T cell
EIF2AK3,0.9289374444972239,-0.025833732998342795,1,1,1,CD8 T cell
MAST2,0.928975105060748,0.03000356937156523,1,1,1,CD8 T cell
PTPN18,0.9289898758900548,-0.01441385290829289,1,1,1,CD8 T cell
IL31RA,0.9289942267420749,-0.005349054678125409,0.167,0.25,1,CD8 T cell
TBC1D22A,0.9290181775154782,0.016378630667374328,1,1,1,CD8 T cell
MT-ND2,0.9290356351608269,-0.03179805957075091,1,1,1,CD8 T cell
RMDN3,0.9290790517565067,0.024730791346451175,1,1,1,CD8 T cell
NUDT18,0.9290946810553019,0.0019994994984955383,1,1,1,CD8 T cell
GAB2,0.929123251166162,0.021919961223899165,1,1,1,CD8 T cell
STK17A,0.9291850603682396,0.01591647370824445,1,1,1,CD8 T cell
MAP3K13,0.9292066613207269,0.0018935809288507244,1,1,1,CD8 T cell
PPP1R1C,0.92922813861254006,-9.205772585594296e-4,0.083,0.167,1,CD8 T cell
CCL7,0.9292794223563751,0.00895778917630663,0.167,0.25,1,CD8 T cell
FAM161A,0.9292872403928667,0.03332828357746731,1,1,1,CD8 T cell
IKBKE,0.9293337219358226,-0.008142910102340306,1,1,1,CD8 T cell
NFKB1,0.9293721472760428,0.015770274219280345,1,1,1,CD8 T cell
HEBP1,0.9293768581942218,0.00304983432203354,1,1,1,CD8 T cell
CHRNA2,0.9294127379763003,-0.007880833878604943,0.083,0.167,1,CD8 T cell
HLX,0.9294495915814649,0.004051292250116134,0.583,0.5,1,CD8 T cell
MUC1,0.929469756503736,0.033129131128770695,1,0.917,1,CD8 T cell
ASCL2,0.9295620557818967,-0.01932462794628098,1,1,1,CD8 T cell
FGFR3,0.9295631296848883,-0.0013011925326669171,0,0.083,1,CD8 T cell
APOA4,0.9295631296848883,-0.0013011925326669171,0,0.083,1,CD8 T cell
TULP1,0.9295631296848883,-0.0013011925326669171,0,0.083,1,CD8 T cell
SLC17A2,0.9295631296848883,-0.0013011925326669171,0,0.083,1,CD8 T cell
CHST8,0.9295631296848883,-0.0013011925326669171,0,0.083,1,CD8 T cell
GALR3,0.9295631296848883,-0.0013011925326669171,0,0.083,1,CD8 T cell
POPDC3,0.9295631296848883,-0.0013011925326669171,0,0.083,1,CD8 T cell
CHIT1,0.9295631296848883,-0.0013011925326669171,0,0.083,1,CD8 T cell
MIP,0.9295631296848883,-0.0013011925326669171,0,0.083,1,CD8 T cell
GATA4,0.9295631296848883,-0.0013011925326669171,0,0.083,1,CD8 T cell
ABCG5,0.9295631296848883,-0.0013011925326669171,0,0.083,1,CD8 T cell
PKLR,0.9295631296848883,-0.0013011925326669171,0,0.083,1,CD8 T cell
P4HA3,0.9295631296848883,-0.0013011925326669171,0,0.083,1,CD8 T cell
GRHL3,0.9295631296848883,-0.0013011925326669171,0,0.083,1,CD8 T cell
CFAP221,0.9295631296848883,-0.0013011925326669171,0,0.083,1,CD8 T cell
SLC51A,0.9295631296848883,-0.0013011925326669171,0,0.083,1,CD8 T cell
SLC7A13,0.9295631296848883,-0.0013011925326669171,0,0.083,1,CD8 T cell
AQP7,0.9295631296848883,-0.0013011925326669171,0,0.083,1,CD8 T cell
EPB42,0.9295631296848883,-0.0013011925326669171,0,0.083,1,CD8 T cell
HJV,0.9295631296848883,-0.0013011925326669171,0,0.083,1,CD8 T cell
DYDC1,0.9295631296848883,-0.0013011925326669171,0,0.083,1,CD8 T cell
OR1L3,0.9295631296848883,-0.0013011925326669171,0,0.083,1,CD8 T cell
RIN1,0.9295631296848883,-0.0013011925326669171,0,0.083,1,CD8 T cell
OR5AN1,0.9295631296848883,-0.0013011925326669171,0,0.083,1,CD8 T cell
SHISA3,0.9295631296848883,-0.0013011925326669171,0,0.083,1,CD8 T cell
ANKRD30B,0.9295631296848883,-0.0013011925326669171,0,0.083,1,CD8 T cell
OR52L1,0.9295631296848883,-0.0013011925326669171,0,0.083,1,CD8 T cell
CHRM5,0.9295631296848883,-0.0013011925326669171,0,0.083,1,CD8 T cell
SLC51B,0.9295631296848883,-0.0013011925326669171,0,0.083,1,CD8 T cell
MAGEE2,0.9295631296848883,-0.0013011925326669171,0,0.083,1,CD8 T cell
TMEM202,0.9295631296848883,-0.0013011925326669171,0,0.083,1,CD8 T cell
OR2G6,0.9295631296848883,-0.0013011925326669171,0,0.083,1,CD8 T cell
LRRC10B,0.9295631296848883,-0.0013011925326669171,0,0.083,1,CD8 T cell
FBXO47,0.9295631296848883,-0.0013011925326669171,0,0.083,1,CD8 T cell
PRODH2,0.9295631296848883,-0.0013011925326669171,0,0.083,1,CD8 T cell
ENSG00000250803,0.9295631296848883,-0.0013011925326669171,0,0.083,1,CD8 T cell
PCDHB16,0.9295631296848883,-0.0013011925326669171,0,0.083,1,CD8 T cell
ENSG00000283599,0.9295631296848883,-0.0013011925326669171,0,0.083,1,CD8 T cell
SUSD1,0.9295894704051771,0.01206717590456241,1,1,1,CD8 T cell
GPR137B,0.9296353932940282,0.0013253409269782246,1,1,1,CD8 T cell
STAT4,0.9296408956343526,0.015221654961947273,1,1,1,CD8 T cell
MAP3K10,0.9296499284048619,0.00755244236147623,1,1,1,CD8 T cell
PPP2R1B,0.9296581310440205,-0.005692230714550939,1,1,1,CD8 T cell
APOOL,0.9296897315725349,0.01314241132770988,1,1,1,CD8 T cell
TMED3,0.9297686647069027,0.038062548195084256,1,1,1,CD8 T cell
CCDC66,0.9298338028570123,-0.01801120269355161,1,1,1,CD8 T cell
G3BP2,0.9298398084668216,-0.004002266890247519,1,1,1,CD8 T cell
ZBTB7C,0.9298698069071583,-0.0010606682265317247,0.083,0.083,1,CD8 T cell
CMTM7,0.9298952202154048,0.0042282103643316304,1,1,1,CD8 T cell
ERG28,0.9299471303892283,-0.0018930670999813756,1,1,1,CD8 T cell
IL23R,0.9299856993076903,-7.767257788118265e-4,0.75,0.917,1,CD8 T cell
KRT10,0.9299870599620856,0.020143620310066446,1,1,1,CD8 T cell
ZNF75A,0.9300143698826878,0.008538012786870011,1,1,1,CD8 T cell
POT1,0.9301094017406628,-0.03066210942353953,1,1,1,CD8 T cell
H2BC15,0.9301574911104264,-0.0064143216397085645,0.583,0.667,1,CD8 T cell
ADCY7,0.9302238357792916,0.03248329685363405,1,1,1,CD8 T cell
FAM171A2,0.9302570437774166,0.014522725295186056,1,1,1,CD8 T cell
USP53,0.93029521236486,-0.01146449970353225,1,1,1,CD8 T cell
TLCD3B,0.9303418269823595,-0.0047462760735190734,0.333,0.25,1,CD8 T cell
GRAMD2B,0.9303800336440671,0.02073426650755472,1,1,1,CD8 T cell
ORC5,0.9303969743782422,0.010156414377433753,1,1,1,CD8 T cell
ZNF618,0.930437935386674,-0.010816266716664469,1,1,1,CD8 T cell
ATXN7L2,0.9305279713524254,0.03545772308409978,1,0.917,1,CD8 T cell
ENPP4,0.93057543844824,-0.007358469046440885,1,1,1,CD8 T cell
C1orf52,0.930588122935055,0.006054048738229401,1,1,1,CD8 T cell
GALNT15,0.9306149839353881,0.004706025441072459,0.083,0.083,1,CD8 T cell
GFRA3,0.9306149839353881,0.004706025441072459,0.083,0.083,1,CD8 T cell
SVOPL,0.9306149839353881,0.004706025441072459,0.083,0.083,1,CD8 T cell
GSDMA,0.9306950071416034,0.035989762810578974,0.833,1,1,CD8 T cell
LGALS3BP,0.930716113131849,0.03333642682111426,1,1,1,CD8 T cell
CTSK,0.930837211692866,0.004917287414097027,1,1,1,CD8 T cell
NEDD1,0.9309183591917457,-0.015678450133039756,1,1,1,CD8 T cell
CHRM3,0.9309843956584748,-0.0035164113189245505,0.25,0.333,1,CD8 T cell
ERH,0.931029667132827,0.00851516100607519,1,1,1,CD8 T cell
EPHA2,0.9310798911257018,-0.002273415318419403,0.167,0.25,1,CD8 T cell
UCK2,0.9311081281520399,0.032854572898874945,1,1,1,CD8 T cell
RBFA,0.9311150014868369,0.026791909298329752,1,1,1,CD8 T cell
OR4E2,0.9311267551023306,0.0099451548380185,0.083,0.083,1,CD8 T cell
USP51,0.9311560533812393,0.003841369206377454,1,1,1,CD8 T cell
ICAM2,0.9312159262456805,-0.004524573409803667,1,1,1,CD8 T cell
RETN,0.9312283360821032,-7.502735701025998e-4,0.25,0.167,1,CD8 T cell
MYOC,0.9312673995228533,9.232563111369885e-4,0.083,0.083,1,CD8 T cell
RIC8B,0.9312680688752528,-0.01953842335875927,1,1,1,CD8 T cell
ANKMY1,0.9312739496966264,-0.01009423154638589,1,1,1,CD8 T cell
TNFRSF4,0.931364477112041,-0.015222790226482097,0.75,0.75,1,CD8 T cell
KPNA3,0.9314812639160647,0.022272343386586804,1,1,1,CD8 T cell
DIRAS2,0.9315018496133647,-0.005594097803116593,0.083,0.083,1,CD8 T cell
APOM,0.93151624303962,7.289189856898304e-4,1,1,1,CD8 T cell
VWCE,0.9316059785122405,0.005616961801291787,0.583,0.5,1,CD8 T cell
WNT6,0.9316489926818521,-0.011744804005925591,0.667,0.667,1,CD8 T cell
NCOA6,0.9316517505742375,0.013649653933347189,1,1,1,CD8 T cell
GAB3,0.9316885806928579,0.019082904334937645,1,1,1,CD8 T cell
NINJ1,0.9317777061727788,-0.00976855625250972,1,1,1,CD8 T cell
OR13C2,0.9317810905346355,-0.0032898739756501705,0.167,0.25,1,CD8 T cell
SNRPA,0.9318152530481012,0.017977169827421702,1,1,1,CD8 T cell
GNB2,0.9319273189830266,0.01702740991319107,1,1,1,CD8 T cell
TMEM255B,0.931955105763954,-0.002188292507125489,0.083,0.167,1,CD8 T cell
CCDC166,0.931955105763954,-0.002188292507125489,0.083,0.167,1,CD8 T cell
HLF,0.9319819525211079,0.004743216072384371,0.833,0.75,1,CD8 T cell
ATP6V0E2,0.9320171558570064,0.006776916330471838,1,1,1,CD8 T cell
DEFB1,0.9320331684518727,-9.23620317538898e-4,0.083,0.167,1,CD8 T cell
NF2,0.9321031080431552,0.014255427336963167,1,1,1,CD8 T cell
C3orf18,0.9321499929439501,0.024823549547367207,1,1,1,CD8 T cell
METTL3,0.9321639558620219,0.016487540576178933,1,1,1,CD8 T cell
NDUFA11,0.9321659363392764,0.01375289552846562,1,1,1,CD8 T cell
SERINC2,0.9322646299461615,-0.0023438457913527166,0.5,0.667,1,CD8 T cell
COL6A1,0.932282153727507,-0.014747232102586771,1,1,1,CD8 T cell
FZD8,0.9323267998681877,0.00991550029001731,0.75,1,1,CD8 T cell
TGFBR2,0.9323461630270083,0.0013060783210177007,1,1,1,CD8 T cell
ZNF429,0.9324380599647946,-0.003331653860185302,0.75,0.833,1,CD8 T cell
BZW1,0.9325254609091058,0.006695997644312945,1,1,1,CD8 T cell
TRAC,0.9325427630969978,-0.004526868648301985,1,1,1,CD8 T cell
IL17RB,0.9325860598638256,-0.010136379480353952,0.167,0.167,1,CD8 T cell
SLC2A12,0.9326082075099277,-7.523800530351288e-4,0.083,0.167,1,CD8 T cell
PALM3,0.9326082075099277,-7.523800530351288e-4,0.083,0.167,1,CD8 T cell
ANTXR2,0.9326662239885639,-0.01334994875122314,1,1,1,CD8 T cell
GHSR,0.9327220660876658,0.013598487064227616,0.167,0.167,1,CD8 T cell
CPE,0.9327375280105934,6.856614841606046e-4,0.167,0.167,1,CD8 T cell
CCL17,0.932757514867859,7.706603133619261e-4,0.083,0.083,1,CD8 T cell
RTBDN,0.932757514867859,7.706603133619261e-4,0.083,0.083,1,CD8 T cell
DIRAS1,0.932757514867859,7.706603133619261e-4,0.083,0.083,1,CD8 T cell
OR13C3,0.932757514867859,7.706603133619261e-4,0.083,0.083,1,CD8 T cell
P3R3URF,0.932757514867859,7.706603133619261e-4,0.083,0.083,1,CD8 T cell
C18orf21,0.9327647336011275,-0.008092969089527169,1,1,1,CD8 T cell
EVA1A,0.932798755576268,-0.001206075528748407,0,0.083,1,CD8 T cell
RGSL1,0.932798755576268,-0.001206075528748407,0,0.083,1,CD8 T cell
KCNN3,0.932798755576268,-0.001206075528748407,0,0.083,1,CD8 T cell
C12orf54,0.932798755576268,-0.001206075528748407,0,0.083,1,CD8 T cell
HTR1F,0.932798755576268,-0.001206075528748407,0,0.083,1,CD8 T cell
BPIFC,0.932798755576268,-0.001206075528748407,0,0.083,1,CD8 T cell
STMND1,0.932798755576268,-0.001206075528748407,0,0.083,1,CD8 T cell
CHSY1,0.9328661388444364,-0.009823712155589165,1,1,1,CD8 T cell
DPEP3,0.9329308881211722,-0.02096860741976725,0.917,1,1,CD8 T cell
PRKAB1,0.9329567414473943,0.015415911627960965,1,1,1,CD8 T cell
CLDN24,0.9330918638815804,0.001305200336921608,0.167,0.083,1,CD8 T cell
UST,0.9331230102091674,-0.01683450564523814,1,1,1,CD8 T cell
SLC2A1,0.933154597108816,0.011872862352386881,1,1,1,CD8 T cell
ABTB1,0.9332133924513621,0.016636422046061417,1,1,1,CD8 T cell
CEACAM19,0.9332369354547704,0.020819998786951732,0.833,0.75,1,CD8 T cell
PSD2,0.933300562302402,0.025658446443345806,1,0.75,1,CD8 T cell
MYO7B,0.9333157544714825,-0.003692565540184045,0.5,0.667,1,CD8 T cell
RNF170,0.9333162661255554,-0.04601421402178718,1,1,1,CD8 T cell
UBE2J2,0.933390684339493,0.016424813169271062,1,1,1,CD8 T cell
SPHK1,0.933485591861906,-0.029338696438160117,1,1,1,CD8 T cell
MIER2,0.9335200314213794,-0.012325854528880686,1,1,1,CD8 T cell
ENTPD6,0.9335216985333719,0.011378692702836535,1,1,1,CD8 T cell
SLC47A1,0.9336662735860486,9.547439860990714e-4,0.917,0.833,1,CD8 T cell
PCDHB2,0.9337424168664344,-0.001290575195942889,0.25,0.333,1,CD8 T cell
CNPPD1,0.933764225601222,0.0031867878737931177,1,1,1,CD8 T cell
PER3,0.9339230191796962,-0.05832146294368368,1,1,1,CD8 T cell
NSRP1,0.9339328616888649,0.0099673249673079,1,1,1,CD8 T cell
NRGN,0.9339707139326403,-0.03626610300321431,1,1,1,CD8 T cell
LMNA,0.9339711733472458,0.018210593012583765,1,1,1,CD8 T cell
TMEFF1,0.9339789941215775,0.0017100784327865881,1,1,1,CD8 T cell
TMEM43,0.9341311127609468,0.004714945304673701,1,1,1,CD8 T cell
KLRD1,0.9342434927332748,5.34332458039799e-5,1,1,1,CD8 T cell
CSF1R,0.934289687280494,0.021390965952316154,1,1,1,CD8 T cell
ANXA8,0.9343008636304155,-0.003215659758741829,0.083,0.25,1,CD8 T cell
DLEU7,0.9343858080051256,-0.0018794627556588672,0.167,0.167,1,CD8 T cell
PRKDC,0.9343971105717894,-0.011763003284639029,1,1,1,CD8 T cell
CZIB,0.9344852309418804,-0.004505128259326157,1,1,1,CD8 T cell
SHBG,0.9345609139816641,-0.007922341814358802,0.083,0.167,1,CD8 T cell
ZNF471,0.9345609139816641,-0.007922341814358802,0.083,0.167,1,CD8 T cell
LSP1,0.9345870071232322,0.0013932213865448517,1,1,1,CD8 T cell
KRTAP10-2,0.9346012912850709,-0.0010671357135776383,0.083,0.083,1,CD8 T cell
GLB1L2,0.9346020293901871,-0.014718428578976095,1,1,1,CD8 T cell
RINL,0.9346452973032865,-0.006379024229696717,1,1,1,CD8 T cell
TG,0.9346463664216598,0.02579028726776622,1,1,1,CD8 T cell
RGS16,0.934656728167594,0.01984955252470133,0.583,0.5,1,CD8 T cell
EPS15L1,0.9346620834860271,0.002044116313073552,1,1,1,CD8 T cell
CDK11A,0.9346664776577825,0.04462492427782916,1,1,1,CD8 T cell
EYA3,0.9346791562972998,0.031051999035770494,1,1,1,CD8 T cell
FNTA,0.9347092717887665,8.841894096376368e-4,1,1,1,CD8 T cell
SSRP1,0.9347101104676394,0.020864667203741694,1,1,1,CD8 T cell
EIF4H,0.9348580184042431,0.001456793892566699,1,1,1,CD8 T cell
ZNF77,0.9349155391424693,-0.04734515622881563,1,1,1,CD8 T cell
ZNF778,0.9349799082496906,0.051631176465893436,1,1,1,CD8 T cell
ZNF10,0.9350161230821026,-0.03534400827487749,1,1,1,CD8 T cell
RNASE4,0.9350668835943841,-0.028989467183431206,1,0.917,1,CD8 T cell
MIS12,0.9351921164927435,-0.0030498576148655365,1,1,1,CD8 T cell
GOLGA3,0.9353437493688148,0.00327904990051478,1,1,1,CD8 T cell
LIME1,0.9353528156704446,0.02955580391538004,1,1,1,CD8 T cell
PPIL1,0.9353864644799017,0.011701944729955782,1,1,1,CD8 T cell
ABCB11,0.93541190570153,0.0014667196304913865,0.083,0.083,1,CD8 T cell
KIF17,0.93541190570153,0.0014667196304913865,0.083,0.083,1,CD8 T cell
SIX1,0.93541190570153,0.0014667196304913865,0.083,0.083,1,CD8 T cell
SMCO2,0.93541190570153,0.0014667196304913865,0.083,0.083,1,CD8 T cell
KSR2,0.93541190570153,0.0014667196304913865,0.083,0.083,1,CD8 T cell
C10orf67,0.93541190570153,0.0014667196304913865,0.083,0.083,1,CD8 T cell
WFDC10B,0.93541190570153,0.0014667196304913865,0.083,0.083,1,CD8 T cell
MSLN,0.9354697750569609,0.004565702515775261,0.25,0.25,1,CD8 T cell
FAM172A,0.9354827458877666,0.022478002753477,1,1,1,CD8 T cell
BCL9,0.9354898069137085,-0.014921730413810952,1,1,1,CD8 T cell
XPO5,0.9355563902842504,-0.008790218558201113,1,1,1,CD8 T cell
ZNF736,0.9355867961028151,0.03523569441610119,1,1,1,CD8 T cell
PITPNC1,0.9356690218023678,0.017305010417415723,1,1,1,CD8 T cell
EXD2,0.9356779901182473,-0.0116290041866427,1,1,1,CD8 T cell
METTL4,0.9356807155447971,0.002655880839949387,1,1,1,CD8 T cell
ZNF597,0.9356814466833038,-0.012950676819782903,1,1,1,CD8 T cell
SMG1,0.9357792289800378,0.017379826988688563,1,1,1,CD8 T cell
PAICS,0.9357884672473504,-0.01792110178895623,1,1,1,CD8 T cell
BNIP2,0.9358258759105667,0.004364193087697421,1,1,1,CD8 T cell
SLAMF1,0.935868346789607,0.017428900474528386,1,1,1,CD8 T cell
SYN1,0.9359422098601831,0.004582924433995217,0.333,0.25,1,CD8 T cell
IFITM1,0.9359457932477696,0.011111438049758116,1,1,1,CD8 T cell
AGPAT5,0.9359839350478931,-0.014706222777019384,1,1,1,CD8 T cell
NONO,0.9360031103660043,0.02945753576494925,1,1,1,CD8 T cell
KIF4B,0.9360985995816178,0.003874564128049318,0.25,0.333,1,CD8 T cell
DMKN,0.9361182133451039,-0.03188572928242461,1,1,1,CD8 T cell
SCAF11,0.9363192027392906,0.007367572433531588,1,1,1,CD8 T cell
CCNT1,0.9363843218470607,-0.0031569632262746783,1,1,1,CD8 T cell
LLGL1,0.9364574858069596,-0.008140140142290586,1,1,1,CD8 T cell
ARHGEF25,0.936517256594881,-0.005650166919144883,1,1,1,CD8 T cell
UTRN,0.9365306451705591,0.0029614653254474987,1,1,1,CD8 T cell
ADHFE1,0.9365906900890937,0.016374860690192006,1,1,1,CD8 T cell
LDOC1,0.9366098537476167,-0.02536940909293728,1,1,1,CD8 T cell
SLC14A1,0.9366720664863943,-0.012940602694325287,1,1,1,CD8 T cell
SPECC1L,0.9367891778930894,0.016201643352022427,1,1,1,CD8 T cell
MAML1,0.9367989802852863,0.010394652144226968,1,1,1,CD8 T cell
GJD4,0.9368434621751675,-0.006921121432041044,0.25,0.25,1,CD8 T cell
SESTD1,0.9368515547922653,0.03179310343174668,1,1,1,CD8 T cell
FUT4,0.9368774614457885,0.038446070051528114,1,1,1,CD8 T cell
GTF2I,0.9368870865955677,0.016809909956129077,1,1,1,CD8 T cell
CXCL13,0.9369605543675783,9.15426729428237e-4,0.083,0.083,1,CD8 T cell
TH,0.9369605543675783,9.15426729428237e-4,0.083,0.083,1,CD8 T cell
RPA3,0.9371157741124507,0.001698724750118119,1,1,1,CD8 T cell
SORCS2,0.9371402352808219,-0.020746351615910985,0.917,1,1,CD8 T cell
TIFAB,0.9372748169984042,-0.001203624677954096,0.167,0.25,1,CD8 T cell
TNNT1,0.9372917916952939,-0.0020353517724580605,0.5,0.417,1,CD8 T cell
TLR6,0.93729425483053,0.03273739366734141,1,1,1,CD8 T cell
FBXW7,0.9373019689411566,0.00896578555537264,1,1,1,CD8 T cell
TBC1D3E,0.9373408623486563,-0.0030351841805589252,0.167,0.083,1,CD8 T cell
GCDH,0.9373426702571132,0.026781460910508592,1,1,1,CD8 T cell
ARHGAP44,0.9373633482994145,-0.0011475613796330109,0,0.083,1,CD8 T cell
LIMCH1,0.9373633482994145,-0.0011475613796330109,0,0.083,1,CD8 T cell
ATP2C2,0.9373633482994145,-0.0011475613796330109,0,0.083,1,CD8 T cell
TULP2,0.9373633482994145,-0.0011475613796330109,0,0.083,1,CD8 T cell
PITX3,0.9373633482994145,-0.0011475613796330109,0,0.083,1,CD8 T cell
LOX,0.9373633482994145,-0.0011475613796330109,0,0.083,1,CD8 T cell
ITGB6,0.9373633482994145,-0.0011475613796330109,0,0.083,1,CD8 T cell
CCDC70,0.9373633482994145,-0.0011475613796330109,0,0.083,1,CD8 T cell
GJA10,0.9373633482994145,-0.0011475613796330109,0,0.083,1,CD8 T cell
ASCL1,0.9373633482994145,-0.0011475613796330109,0,0.083,1,CD8 T cell
PLA1A,0.9373633482994145,-0.0011475613796330109,0,0.083,1,CD8 T cell
GLRA3,0.9373633482994145,-0.0011475613796330109,0,0.083,1,CD8 T cell
FXYD4,0.9373633482994145,-0.0011475613796330109,0,0.083,1,CD8 T cell
C10orf90,0.9373633482994145,-0.0011475613796330109,0,0.083,1,CD8 T cell
SLC24A2,0.9373633482994145,-0.0011475613796330109,0,0.083,1,CD8 T cell
GLYATL2,0.9373633482994145,-0.0011475613796330109,0,0.083,1,CD8 T cell
NPHS1,0.9373633482994145,-0.0011475613796330109,0,0.083,1,CD8 T cell
IL20,0.9373633482994145,-0.0011475613796330109,0,0.083,1,CD8 T cell
ZDHHC19,0.9373633482994145,-0.0011475613796330109,0,0.083,1,CD8 T cell
SHOC1,0.9373633482994145,-0.0011475613796330109,0,0.083,1,CD8 T cell
BEND7,0.9373633482994145,-0.0011475613796330109,0,0.083,1,CD8 T cell
NLRP7,0.9373633482994145,-0.0011475613796330109,0,0.083,1,CD8 T cell
MTNR1A,0.9373633482994145,-0.0011475613796330109,0,0.083,1,CD8 T cell
KCNS3,0.9373633482994145,-0.0011475613796330109,0,0.083,1,CD8 T cell
ALK,0.9373633482994145,-0.0011475613796330109,0,0.083,1,CD8 T cell
WDR87,0.9373633482994145,-0.0011475613796330109,0,0.083,1,CD8 T cell
MYOZ2,0.9373633482994145,-0.0011475613796330109,0,0.083,1,CD8 T cell
SLC6A19,0.9373633482994145,-0.0011475613796330109,0,0.083,1,CD8 T cell
EIF4E1B,0.9373633482994145,-0.0011475613796330109,0,0.083,1,CD8 T cell
MC5R,0.9373633482994145,-0.0011475613796330109,0,0.083,1,CD8 T cell
ODF3,0.9373633482994145,-0.0011475613796330109,0,0.083,1,CD8 T cell
IZUMO1R,0.9373633482994145,-0.0011475613796330109,0,0.083,1,CD8 T cell
KRT6B,0.9373633482994145,-0.0011475613796330109,0,0.083,1,CD8 T cell
H1-7,0.9373633482994145,-0.0011475613796330109,0,0.083,1,CD8 T cell
STPG3,0.9373633482994145,-0.0011475613796330109,0,0.083,1,CD8 T cell
ZNF560,0.9373633482994145,-0.0011475613796330109,0,0.083,1,CD8 T cell
DPRX,0.9373633482994145,-0.0011475613796330109,0,0.083,1,CD8 T cell
TARM1,0.9373633482994145,-0.0011475613796330109,0,0.083,1,CD8 T cell
FAM237B,0.9373633482994145,-0.0011475613796330109,0,0.083,1,CD8 T cell
CCDC195,0.9373633482994145,-0.0011475613796330109,0,0.083,1,CD8 T cell
ENSG00000283536,0.9373633482994145,-0.0011475613796330109,0,0.083,1,CD8 T cell
IL18RAP,0.937581383181348,0.04394258883487684,1,1,1,CD8 T cell
TCEAL3,0.9376995482926463,-0.006798896895250817,1,1,1,CD8 T cell
FCRL6,0.9377091993480284,-0.012733381645801956,1,1,1,CD8 T cell
CXorf58,0.9378499367221417,0.004346340474364219,0.333,0.25,1,CD8 T cell
PPP1R3B,0.9378739819400685,0.036566944204979634,1,1,1,CD8 T cell
ATP6V0B,0.9380031683875154,0.00818492190992073,1,1,1,CD8 T cell
FXYD5,0.9380060350940199,0.014611259831156964,1,1,1,CD8 T cell
ISG15,0.9381085625416966,-0.002511061504790829,1,1,1,CD8 T cell
FAM3A,0.938123622502525,0.01316077390810455,1,1,1,CD8 T cell
FAS,0.9382265314314019,0.005187294051485797,1,1,1,CD8 T cell
FLT3LG,0.9382317339849073,1.5689243394162444e-4,1,1,1,CD8 T cell
CLCF1,0.9383021015693516,-0.012094982458703107,1,1,1,CD8 T cell
CASP7,0.9383087990381869,0.012245883422649206,1,1,1,CD8 T cell
WWC1,0.938337022249246,-0.031332574238541966,0.25,0.417,1,CD8 T cell
H2BK1,0.9384744824958755,-0.02768778066044897,1,1,1,CD8 T cell
TCP1,0.9385093847515975,0.003880021338478701,1,1,1,CD8 T cell
UHMK1,0.9386361865739945,-3.248854293196324e-4,1,1,1,CD8 T cell
TMEM204,0.9387022215343541,0.027158991022782297,1,1,1,CD8 T cell
NAALADL1,0.9387254756891004,0.009798533683777144,1,1,1,CD8 T cell
ARFRP1,0.9387786932628773,0.017255148695589168,1,1,1,CD8 T cell
LMBRD2,0.9388131162374354,0.006060637821954651,1,1,1,CD8 T cell
APOL1,0.9388470058718339,0.026239264125313078,1,1,1,CD8 T cell
TJP3,0.9389541123466225,0.0064724578326273985,1,1,1,CD8 T cell
RGS13,0.9390331482564557,0.009860837623360208,0.917,0.75,1,CD8 T cell
TOR1A,0.9390925322053033,-0.017058132798418613,1,1,1,CD8 T cell
MGAT5,0.9391447198334071,0.02630579952397999,1,1,1,CD8 T cell
MLX,0.9391448632951813,0.01287261799553234,1,1,1,CD8 T cell
POLR2L,0.939173339924011,0.03149771700632531,1,1,1,CD8 T cell
ZMAT5,0.9391984423845906,-0.017191207148504084,1,1,1,CD8 T cell
ARL2BP,0.9392426043693722,0.008190660334688737,1,1,1,CD8 T cell
NECTIN3,0.9392684287095213,-0.009269610277260476,1,1,1,CD8 T cell
ZNF704,0.9392991321444358,0.00624201147194503,0.5,0.333,1,CD8 T cell
RPUSD1,0.9393153832819203,-0.011527231504267377,1,1,1,CD8 T cell
CD63,0.9393705733658583,-0.006491170281613057,1,1,1,CD8 T cell
KLHL12,0.9393848048691992,0.007104783038419771,1,1,1,CD8 T cell
PHKB,0.9394564890985619,0.03352304346119604,1,1,1,CD8 T cell
PLEKHA1,0.9394757693825014,0.005951776656781371,1,1,1,CD8 T cell
HES6,0.9394817995790171,0.028753600921535227,1,1,1,CD8 T cell
LEF1,0.9394973292964711,-0.016362093714206716,1,1,1,CD8 T cell
ZNF229,0.9395150180196952,-0.013701049969755186,0.417,0.333,1,CD8 T cell
KBTBD8,0.9395828724377062,0.0019118807089339995,1,1,1,CD8 T cell
ACTN4,0.9396319810058746,0.012385719853028831,1,1,1,CD8 T cell
NMNAT2,0.9396362163583342,-6.636408645408487e-4,0.167,0.167,1,CD8 T cell
OR1L8,0.9396878380296606,8.827294918960504e-4,0.5,0.5,1,CD8 T cell
PRSS3,0.9397139607650099,-0.0011507976979707735,0,0.083,1,CD8 T cell
ZIC2,0.9397139607650099,-0.0011507976979707735,0,0.083,1,CD8 T cell
KITLG,0.9397139607650099,-0.0011507976979707735,0,0.083,1,CD8 T cell
NAV3,0.9397139607650099,-0.0011507976979707735,0,0.083,1,CD8 T cell
PLA2G10,0.9397139607650099,-0.0011507976979707735,0,0.083,1,CD8 T cell
NAALAD2,0.9397139607650099,-0.0011507976979707735,0,0.083,1,CD8 T cell
FAP,0.9397139607650099,-0.0011507976979707735,0,0.083,1,CD8 T cell
COL9A3,0.9397139607650099,-0.0011507976979707735,0,0.083,1,CD8 T cell
PLCB4,0.9397139607650099,-0.0011507976979707735,0,0.083,1,CD8 T cell
DPYSL3,0.9397139607650099,-0.0011507976979707735,0,0.083,1,CD8 T cell
ROPN1B,0.9397139607650099,-0.0011507976979707735,0,0.083,1,CD8 T cell
SDC1,0.9397139607650099,-0.0011507976979707735,0,0.083,1,CD8 T cell
TEK,0.9397139607650099,-0.0011507976979707735,0,0.083,1,CD8 T cell
TP53AIP1,0.9397139607650099,-0.0011507976979707735,0,0.083,1,CD8 T cell
NPY,0.9397139607650099,-0.0011507976979707735,0,0.083,1,CD8 T cell
RNF128,0.9397139607650099,-0.0011507976979707735,0,0.083,1,CD8 T cell
UNC79,0.9397139607650099,-0.0011507976979707735,0,0.083,1,CD8 T cell
TBR1,0.9397139607650099,-0.0011507976979707735,0,0.083,1,CD8 T cell
CRH,0.9397139607650099,-0.0011507976979707735,0,0.083,1,CD8 T cell
TGM4,0.9397139607650099,-0.0011507976979707735,0,0.083,1,CD8 T cell
TMEM52B,0.9397139607650099,-0.0011507976979707735,0,0.083,1,CD8 T cell
HTR3A,0.9397139607650099,-0.0011507976979707735,0,0.083,1,CD8 T cell
TMEM145,0.9397139607650099,-0.0011507976979707735,0,0.083,1,CD8 T cell
DNAAF3,0.9397139607650099,-0.0011507976979707735,0,0.083,1,CD8 T cell
TEKT1,0.9397139607650099,-0.0011507976979707735,0,0.083,1,CD8 T cell
GPR148,0.9397139607650099,-0.0011507976979707735,0,0.083,1,CD8 T cell
STOX2,0.9397139607650099,-0.0011507976979707735,0,0.083,1,CD8 T cell
INSM1,0.9397139607650099,-0.0011507976979707735,0,0.083,1,CD8 T cell
KLHL38,0.9397139607650099,-0.0011507976979707735,0,0.083,1,CD8 T cell
SSTR2,0.9397139607650099,-0.0011507976979707735,0,0.083,1,CD8 T cell
ADIPOQ,0.9397139607650099,-0.0011507976979707735,0,0.083,1,CD8 T cell
RNASE10,0.9397139607650099,-0.0011507976979707735,0,0.083,1,CD8 T cell
NCMAP,0.9397139607650099,-0.0011507976979707735,0,0.083,1,CD8 T cell
NUTM2A,0.9397139607650099,-0.0011507976979707735,0,0.083,1,CD8 T cell
DNER,0.9397139607650099,-0.0011507976979707735,0,0.083,1,CD8 T cell
ANKRD34B,0.9397139607650099,-0.0011507976979707735,0,0.083,1,CD8 T cell
MFAP5,0.9397139607650099,-0.0011507976979707735,0,0.083,1,CD8 T cell
FAM221B,0.9397139607650099,-0.0011507976979707735,0,0.083,1,CD8 T cell
BOD1L2,0.9397139607650099,-0.0011507976979707735,0,0.083,1,CD8 T cell
NUTM2E,0.9397139607650099,-0.0011507976979707735,0,0.083,1,CD8 T cell
CFAP97D1,0.9397139607650099,-0.0011507976979707735,0,0.083,1,CD8 T cell
OR9A4,0.9397139607650099,-0.0011507976979707735,0,0.083,1,CD8 T cell
N4BP3,0.9397364068244192,-0.023563190228564235,0.833,1,1,CD8 T cell
FLACC1,0.9398401006543607,-0.0033244233414406743,1,1,1,CD8 T cell
C20orf144,0.9398425139650226,0.0032500460895055205,0.333,0.333,1,CD8 T cell
JAKMIP2,0.9398624120885606,-0.00461115172836285,1,1,1,CD8 T cell
SPPL2A,0.9398825340033806,0.0026960616281067606,1,1,1,CD8 T cell
FAM171B,0.9398857611357628,0.010500567577746533,1,1,1,CD8 T cell
IGHE,0.9399942295583956,-0.005145874602841438,0.167,0.167,1,CD8 T cell
TMEM9,0.9400051642172953,0.014309919496297008,1,1,1,CD8 T cell
PHAX,0.9400298356331405,0.02848926256308587,1,1,1,CD8 T cell
ZNF683,0.9400377382272724,-0.028179250138802292,1,1,1,CD8 T cell
ZUP1,0.9401153141301671,0.02685785403431118,1,1,1,CD8 T cell
ILF3,0.9401167359890916,0.00609347215040823,1,1,1,CD8 T cell
NUGGC,0.9401465831909779,0.024572559220306767,1,1,1,CD8 T cell
NLRP2,0.9401869702797866,0.022678928848114177,1,1,1,CD8 T cell
WDR55,0.9401971378739629,-0.010670187155909727,1,1,1,CD8 T cell
ZNF22,0.9403136159804928,0.007760845559534046,1,1,1,CD8 T cell
MFSD6,0.9403326067000407,0.001859036786587387,1,1,1,CD8 T cell
ENSG00000187186,0.9403538620570765,0.010480927964501952,0.75,0.833,1,CD8 T cell
RAB26,0.940393313190071,0.003151441992569559,0.5,0.333,1,CD8 T cell
WRN,0.9404352997271759,0.03216634049831579,1,1,1,CD8 T cell
ATN1,0.9404734461693302,0.013478392121977767,1,1,1,CD8 T cell
TTC23L,0.9405585436856065,-3.1369224006105867e-4,0.167,0.083,1,CD8 T cell
GRSF1,0.9405668802900388,-0.0028387249676160575,1,1,1,CD8 T cell
MCF2L2,0.940569007630348,0.006952541188179229,1,1,1,CD8 T cell
TRAF3IP1,0.9405745843899582,-0.013458481882576478,1,1,1,CD8 T cell
GLB1L,0.9406086635069835,-0.03757978471315582,1,1,1,CD8 T cell
AKR1C2,0.9406760220437557,-9.203865703919512e-4,0.083,0.083,1,CD8 T cell
IL4,0.9407335155080021,-0.005633795493245941,0.583,0.583,1,CD8 T cell
SNRNP200,0.9407521531311889,-0.005292040349328175,1,1,1,CD8 T cell
HEXB,0.9408014669459552,-0.013176140286520477,1,1,1,CD8 T cell
CTR9,0.9408783696964688,0.004366638419233904,1,1,1,CD8 T cell
CYP4V2,0.9410099932891174,5.86679126467482e-5,1,1,1,CD8 T cell
FHDC1,0.9410310070216235,0.004546417574146755,0.833,0.75,1,CD8 T cell
RAD9A,0.9410551716319477,-4.2350047001549207e-4,1,1,1,CD8 T cell
WDR31,0.9410734597967859,0.004355311715643406,0.75,0.667,1,CD8 T cell
GCLM,0.9411086586201709,7.976835620818537e-5,1,1,1,CD8 T cell
LSM12,0.9411237567015662,-0.024863066243191678,1,1,1,CD8 T cell
CAPNS2,0.9411445730494086,6.819899784682448e-4,0.083,0.083,1,CD8 T cell
GPLD1,0.9411454832993067,0.004286041796489837,0.917,0.833,1,CD8 T cell
SIDT2,0.9411728009391587,0.016662184326954765,1,1,1,CD8 T cell
CAPZA2,0.9412386707266933,-0.010305246896356951,1,1,1,CD8 T cell
CCDC169,0.9412478695176897,-7.911595363010449e-4,0.083,0.167,1,CD8 T cell
C2orf69,0.9412546399811241,0.04259275146305863,1,1,1,CD8 T cell
ISCU,0.9412616006495811,-0.0017760695946085203,1,1,1,CD8 T cell
HNRNPUL1,0.9413013455809381,0.021212548129823317,1,1,1,CD8 T cell
MAP3K5,0.941309476118021,-0.001860512669740244,1,1,1,CD8 T cell
DIAPH2,0.941317073286363,-0.012356846999604376,1,1,1,CD8 T cell
SHTN1,0.9413298689325502,0.01687666044736469,0.833,0.75,1,CD8 T cell
ALOXE3,0.9415083256379634,-8.352123616153229e-4,0.083,0.167,1,CD8 T cell
SMCO1,0.9415083256379634,-8.352123616153229e-4,0.083,0.167,1,CD8 T cell
NSUN3,0.9415110859073255,0.03685864903034708,1,1,1,CD8 T cell
MAFK,0.9415866065090741,0.020147343907336968,1,1,1,CD8 T cell
VSTM2L,0.9416424727726368,-7.261924092953898e-4,0.083,0.167,1,CD8 T cell
SCHIP1,0.9416917938960099,-7.588606634154615e-4,0.083,0.167,1,CD8 T cell
NUDCD1,0.94172115206599,-0.029473591185273484,1,1,1,CD8 T cell
WDR5,0.9417356410588278,0.016097351300519147,1,0.917,1,CD8 T cell
NFIX,0.9417507154982815,0.016476580703162824,1,1,1,CD8 T cell
RASSF8,0.9417764571713213,0.0028113468081794046,0.25,0.167,1,CD8 T cell
USP9Y,0.9418678883368924,0.008064160703924017,0.5,0.5,1,CD8 T cell
NELL2,0.9420033760521658,0.03149554684378808,1,1,1,CD8 T cell
SERPINC1,0.9420113559606039,0.018524668340295314,0.833,0.583,1,CD8 T cell
ZNF503,0.9420422314240159,-0.004963215116981168,0.25,0.417,1,CD8 T cell
MSANTD5,0.9420790520949058,7.157854047741274e-4,0.083,0.167,1,CD8 T cell
LDAF1,0.9421008256628459,-0.01578109161237462,1,1,1,CD8 T cell
ASXL1,0.942118966462319,0.019471566751742442,1,1,1,CD8 T cell
C1orf210,0.9421326796270675,-0.007138755768779426,0.167,0.25,1,CD8 T cell
DPYD,0.9421399284415974,0.004086064669653333,1,1,1,CD8 T cell
ASIC1,0.9421453984647142,-0.016164609340127978,0.333,0.583,1,CD8 T cell
DDX52,0.9421742369876627,0.03856077578991457,1,1,1,CD8 T cell
NOP10,0.942314368448965,0.007401782248675048,1,1,1,CD8 T cell
PCYT2,0.9423677363137243,-0.008531310153465643,1,1,1,CD8 T cell
IFIT3,0.9424366305333137,0.03460295836212923,1,1,1,CD8 T cell
MICAL1,0.9425511248908713,0.006583479592471575,1,1,1,CD8 T cell
EMC2,0.9425611004768915,0.03457943814811343,1,1,1,CD8 T cell
HDDC2,0.942571183365901,0.0025265080285904427,1,1,1,CD8 T cell
GABRR1,0.9426323301727426,0.003090803605068526,0.25,0.167,1,CD8 T cell
RTP5,0.9426687284345346,0.0032925728661727938,1,1,1,CD8 T cell
TTC9B,0.9427333202259568,0.0031743182625567634,0.167,0.25,1,CD8 T cell
SLCO5A1,0.9427362490335061,0.012107339209650902,0.083,0.083,1,CD8 T cell
JCAD,0.9427362490335061,0.008391879572174243,0.083,0.083,1,CD8 T cell
TVP23A,0.9427362490335061,0.012107339209650902,0.083,0.083,1,CD8 T cell
PRR18,0.9427362490335061,0.013873722635765695,0.083,0.083,1,CD8 T cell
ABHD4,0.9427808711914355,-0.02365571858785298,1,1,1,CD8 T cell
PTGIR,0.9427894154499918,-0.0047398900420425605,0.75,0.75,1,CD8 T cell
DNAH1,0.9428092368529545,0.015471004979208391,1,1,1,CD8 T cell
OR2M3,0.9428642290279152,-0.0014348123154239723,0.083,0.083,1,CD8 T cell
NLK,0.9428975889569772,-0.01032540688802741,1,1,1,CD8 T cell
ABO,0.9429539375015473,-0.004773511748161763,0.167,0.25,1,CD8 T cell
ELMO1,0.9429844103659892,0.0082129246226285,1,1,1,CD8 T cell
IRS1,0.9430499097140779,-4.92646053451562e-4,1,1,1,CD8 T cell
MRTO4,0.9430953376304783,-0.007177867705274288,1,1,1,CD8 T cell
ACO2,0.9431053952509831,0.02633356918845764,1,1,1,CD8 T cell
FCGBP,0.943166049509915,0.020753126360433694,1,1,1,CD8 T cell
AFF1,0.9432573416727237,0.012821609155360347,1,1,1,CD8 T cell
ASCL5,0.9432949045942357,0.005262887569811525,0.583,0.667,1,CD8 T cell
YAE1,0.9433023339306269,-0.0025535563791905247,1,1,1,CD8 T cell
TTC3,0.9433680948120877,0.015194182378422294,1,1,1,CD8 T cell
SLC12A7,0.9433731753206566,0.04240622701059574,1,1,1,CD8 T cell
KHK,0.9434964457417253,-0.020660965396845032,1,1,1,CD8 T cell
CLIP1,0.9435498693006137,0.010031469238753754,1,1,1,CD8 T cell
SLC41A2,0.9435582120515821,0.03843713186568376,1,1,1,CD8 T cell
CPB2,0.9435787896301391,5.031647023572283e-4,0.167,0.167,1,CD8 T cell
PI4K2B,0.943591492238397,0.013801721824163046,1,1,1,CD8 T cell
UFSP1,0.9436163233574127,0.023720048085409395,1,0.833,1,CD8 T cell
OSBPL2,0.9436217864642846,0.020676149143929567,1,1,1,CD8 T cell
BTBD2,0.9436342009318819,-0.007925384257434664,1,1,1,CD8 T cell
KEAP1,0.9436350250485249,0.0025703355430112262,1,1,1,CD8 T cell
CBS,0.9436806405251975,-0.00472125855501071,0.417,0.5,1,CD8 T cell
MT1G,0.9437143258624714,-6.86949819431959e-4,0.083,0.083,1,CD8 T cell
FAM53B,0.9437477655908597,1.1715551072133401e-4,1,1,1,CD8 T cell
ZNF579,0.9437997526062921,-0.023339148074633442,1,1,1,CD8 T cell
CEND1,0.9438700860336423,-0.0016572615694601112,0.667,0.583,1,CD8 T cell
SPAG16,0.9438756684791385,-4.1482200698195193e-4,1,1,1,CD8 T cell
NDUFAF7,0.9439205592730885,-7.979730610442326e-4,1,1,1,CD8 T cell
TPGS1,0.9439788754061329,0.009806520991694323,1,1,1,CD8 T cell
CDK8,0.9441219334470237,0.05306946415269642,1,1,1,CD8 T cell
MPC1L,0.9441294450382148,-0.0032566458992899783,0.083,0.167,1,CD8 T cell
HUNK,0.9441567557437007,6.303786572221526e-4,0.083,0.083,1,CD8 T cell
OR6A2,0.9441567557437007,6.303786572221526e-4,0.083,0.083,1,CD8 T cell
ANKS1B,0.9441567557437007,6.303786572221526e-4,0.083,0.083,1,CD8 T cell
OOSP4A,0.9441567557437007,6.303786572221526e-4,0.083,0.083,1,CD8 T cell
GUF1,0.9442485239131491,0.003634067331025892,1,1,1,CD8 T cell
RASGEF1A,0.9442623132958482,0.008527701600304916,1,1,1,CD8 T cell
OXTR,0.9442901741204712,-0.006836184307809301,0.833,0.917,1,CD8 T cell
KIAA2013,0.9442903122334726,0.001749426578417923,1,1,1,CD8 T cell
BCL2L12,0.9443125222677397,0.005738698827895572,1,1,1,CD8 T cell
OS9,0.9443954534839211,0.014440697646513012,1,1,1,CD8 T cell
SPIDR,0.9444071040101543,0.014584957021066991,1,1,1,CD8 T cell
LRRC51,0.9444234035714517,0.05183863923398846,1,1,1,CD8 T cell
ATRN,0.9445315470760278,0.024297769050105722,1,1,1,CD8 T cell
NAT10,0.9445588861073032,-0.009408698597479503,1,1,1,CD8 T cell
TMEM41A,0.9446134198203627,-0.013946123011898237,1,1,1,CD8 T cell
PCGF5,0.9446399720609105,0.0017137992154733217,1,1,1,CD8 T cell
DCDC1,0.944641461091487,-0.0020480108509857153,0.083,0.167,1,CD8 T cell
LY6K,0.9447055063674846,-8.594675707733757e-4,0.083,0.167,1,CD8 T cell
FBP1,0.9448229319712309,0.002150128527521389,1,1,1,CD8 T cell
UNC13D,0.9448259513640284,0.017114488860718313,1,1,1,CD8 T cell
MYO1C,0.9448461728907142,-0.012448975267276285,1,1,1,CD8 T cell
ZGLP1,0.9449006192289516,-0.0016616194941936335,1,1,1,CD8 T cell
MIR9-1HG,0.9449445452556157,0.018166221838999075,1,1,1,CD8 T cell
U2SURP,0.9450388428210889,0.00852662882105748,1,1,1,CD8 T cell
ZNF543,0.9450792576092263,0.013485569934690744,1,1,1,CD8 T cell
NDUFB11,0.9450937924647698,0.012143253107264163,1,1,1,CD8 T cell
HRH1,0.9452197953630874,0.006393830815725199,0.083,0.083,1,CD8 T cell
SUCNR1,0.9453052511034352,0.0011352076611155226,0.083,0.167,1,CD8 T cell
WDR83OS,0.9453978195813446,0.010289310077012503,1,1,1,CD8 T cell
NLRC5,0.9454569177985883,0.0020253359116297887,1,1,1,CD8 T cell
DPYSL4,0.9454653036019275,-5.310648670713292e-4,0.75,0.75,1,CD8 T cell
KCNQ1,0.9454790436624922,-0.0154202665707035,1,1,1,CD8 T cell
PPP1R14B,0.9454965328925111,-0.03129447244112482,1,1,1,CD8 T cell
ZNF709,0.9454985268038916,-0.025848359700791468,1,1,1,CD8 T cell
NDUFAF4,0.9455162159928137,-0.04475105904432164,1,1,1,CD8 T cell
SDK1,0.9455419619198683,0.0030792423903438504,0.083,0.083,1,CD8 T cell
IQCG,0.9455641236282436,-0.030938524785548704,1,1,1,CD8 T cell
MAGI1,0.945568966648289,-0.0025587469278263164,0.167,0.083,1,CD8 T cell
B4GALNT4,0.9456096261808491,-0.009273178858200115,1,1,1,CD8 T cell
RABGAP1,0.9456172968722746,-0.03138318347018525,1,1,1,CD8 T cell
RCVRN,0.945660274384158,0.0014403955622723785,0.667,0.833,1,CD8 T cell
CD320,0.9456994513738511,-0.011195755062065597,1,1,1,CD8 T cell
RHNO1,0.9457073799565956,0.032951492845533004,1,1,1,CD8 T cell
PRCD,0.9457144232136973,-0.0014252817778843685,0.083,0.167,1,CD8 T cell
RNF214,0.9457341058550471,0.024941623178155403,1,1,1,CD8 T cell
RPTOR,0.9457386254571842,-0.005333283942081879,1,1,1,CD8 T cell
FBXO36,0.9458059903179773,-0.040724654633582436,1,1,1,CD8 T cell
ERICH3,0.9458664227135586,-0.0019367389321192086,0.25,0.417,1,CD8 T cell
MICU3,0.9459361175614055,0.0053165720657850635,1,1,1,CD8 T cell
ZNF682,0.9459385807194447,-0.019806514634060024,1,1,1,CD8 T cell
FBXW5,0.9459535882497537,9.807095739052807e-4,1,1,1,CD8 T cell
GAMT,0.9459950359097211,6.691967908256657e-5,1,1,1,CD8 T cell
PODN,0.9459977511667546,-0.021791930444425622,1,1,1,CD8 T cell
ARHGEF40,0.9460330348114163,-0.018668221672005547,0.833,0.833,1,CD8 T cell
TIMM8B,0.9460420734734567,0.0023564201991312927,1,1,1,CD8 T cell
DKK2,0.9460616155862276,0.013939568382403067,1,0.833,1,CD8 T cell
LRRC8A,0.946062082238517,-0.001277393647208469,1,1,1,CD8 T cell
TTC30A,0.9460950775867127,0.0017318114479412117,1,0.917,1,CD8 T cell
MYSM1,0.9461242297940025,-0.016905024212401698,1,1,1,CD8 T cell
LAMA2,0.9461313230069168,-0.009066156706741602,1,1,1,CD8 T cell
CRELD2,0.946216970598604,0.009055889539453688,1,1,1,CD8 T cell
NOC3L,0.9463372192236132,-0.007403493041738152,1,1,1,CD8 T cell
SH3PXD2B,0.9463510015229606,-0.001640327771826211,0.5,0.583,1,CD8 T cell
PTPRG,0.94639193381982,-0.010768158919400417,0.5,0.667,1,CD8 T cell
EOMES,0.946394284241738,0.017235298232350926,1,1,1,CD8 T cell
RRAGD,0.9464107640667551,-0.006568946366925843,0.917,1,1,CD8 T cell
ADD1,0.9464609912925724,0.00481025010624192,1,1,1,CD8 T cell
RUFY1,0.9465155049943212,-0.008878160662911014,1,1,1,CD8 T cell
MAPK15,0.9465543345171915,-0.0015093398412791004,0.083,0.167,1,CD8 T cell
RAD51AP1,0.946556505767863,-0.04375099793833748,0.917,0.917,1,CD8 T cell
LINC02898,0.946608471834326,0.010204321782475656,0.083,0.167,1,CD8 T cell
OR1R1P,0.9466307874763733,0.00740418374546481,0.25,0.25,1,CD8 T cell
ADAMTS7,0.9466482866241216,-0.011468380348889529,0.083,0.083,1,CD8 T cell
GARNL3,0.9466688451454724,-0.015452354629466036,0.833,1,1,CD8 T cell
MYL12A,0.9466708001830961,-0.0014416216020503025,1,1,1,CD8 T cell
CSRP2,0.9467158085389646,-8.973279199726569e-4,0.167,0.167,1,CD8 T cell
SF1,0.9467406026323159,0.031606581255363884,1,1,1,CD8 T cell
STAR,0.9467696506438535,0.003941060415623809,0.25,0.167,1,CD8 T cell
RPAP1,0.9468067653467963,-0.04502065921647991,1,1,1,CD8 T cell
MED17,0.946899965998079,0.042962895832129186,1,1,1,CD8 T cell
WNT3,0.9469964864374805,8.204520005730132e-4,0.083,0.083,1,CD8 T cell
MMP1,0.9469964864374805,8.204520005730132e-4,0.083,0.083,1,CD8 T cell
NBPF19,0.9470604791190688,0.023062842487242108,1,1,1,CD8 T cell
ANKRD54,0.9472664241247315,0.018915417572261006,1,1,1,CD8 T cell
KLHL35,0.947308819186798,0.002778064757503973,0.833,0.75,1,CD8 T cell
ATP9A,0.9474011176351664,-0.025087826700110227,1,1,1,CD8 T cell
ZNF843,0.9474171241360195,-0.010931637010016093,0.417,0.417,1,CD8 T cell
CDC42SE1,0.9474499542395344,0.0050264719926294,1,1,1,CD8 T cell
TIMM44,0.9474639403038358,0.031681876896257566,1,1,1,CD8 T cell
ITM2C,0.9474883104525862,0.0220094020956787,1,1,1,CD8 T cell
GPC1,0.9475047732038349,0.011690603292358936,0.917,0.917,1,CD8 T cell
EMG1,0.9476547284188841,-0.00544132158766765,1,1,1,CD8 T cell
KCNK6,0.94768829174777,-0.010072681750219026,1,1,1,CD8 T cell
SLC35C1,0.9476894446505697,0.004078287104570366,1,1,1,CD8 T cell
SPTLC1,0.9477033580738002,0.045284667131304635,1,1,1,CD8 T cell
NNT,0.9478735471191956,0.004399272229888562,1,1,1,CD8 T cell
BMERB1,0.9479842448766211,-0.002754197896241095,1,1,1,CD8 T cell
NPL,0.9480637429186441,0.03559118648740167,1,1,1,CD8 T cell
RARA,0.9481260889600374,0.015437635305843633,1,1,1,CD8 T cell
ORAI2,0.9481349087441098,0.01663780617938393,1,1,1,CD8 T cell
RASSF2,0.9482270640604272,0.020571216301655315,1,1,1,CD8 T cell
HAUS5,0.9482870109809328,0.01733014089375362,1,1,1,CD8 T cell
EREG,0.9483484049761018,0.0015769618324976697,0.667,0.667,1,CD8 T cell
LYRM2,0.9484026766200823,-0.04125533572252671,1,1,1,CD8 T cell
CENPJ,0.9484502643660362,0.042413878609175226,1,1,1,CD8 T cell
ZNF462,0.948472654881875,0.0024002756775725054,0.25,0.25,1,CD8 T cell
CLCN7,0.9484831407601376,0.04128790769691823,1,1,1,CD8 T cell
PILRB,0.9485428832182184,0.019346537946536513,1,1,1,CD8 T cell
MAGEE1,0.9485636743797579,0.022637281380304408,1,1,1,CD8 T cell
SMYD5,0.9486371386399841,-0.01005248705699402,1,1,1,CD8 T cell
PRDX2,0.9486418361729049,0.008526283448765826,1,1,1,CD8 T cell
SYNJ2,0.9487592513700325,0.0019078976399367065,1,1,1,CD8 T cell
CAMKMT,0.9488008020876557,0.008506691675290168,1,1,1,CD8 T cell
ARL6,0.9488217746715957,-0.009052809129789008,1,1,1,CD8 T cell
TAS2R8,0.9488589902248802,-0.02379887980037987,0.833,0.917,1,CD8 T cell
RNPC3,0.9489245288448102,0.026205452151131958,1,1,1,CD8 T cell
NHEJ1,0.9489377356239934,-0.0428177395014937,1,1,1,CD8 T cell
TRIM22,0.948948161816226,0.004649415519408784,1,1,1,CD8 T cell
IGF1R,0.9489776011909775,0.027058035834654826,1,1,1,CD8 T cell
PHLPP1,0.9490505946304298,0.0015129871760692915,1,1,1,CD8 T cell
SH3GL1,0.9490806711810578,-0.01292625041591311,1,1,1,CD8 T cell
NADK2,0.9491077612474103,0.03569948719649174,1,1,1,CD8 T cell
PCMTD2,0.9491713896475171,-1.5106413477711245e-4,1,1,1,CD8 T cell
MEA1,0.9491719079847865,0.01647249321085642,1,1,1,CD8 T cell
KRT8,0.9492548026604355,-0.015432875723980555,1,1,1,CD8 T cell
CDC20,0.9492956437594738,0.0017574849061783304,0.917,1,1,CD8 T cell
RPAP3,0.9493132002455512,0.022167136302200324,1,1,1,CD8 T cell
ARHGEF19,0.949394998197799,-0.011081850039937002,1,1,1,CD8 T cell
CCDC138,0.9494961276937303,0.002489322672325267,1,1,1,CD8 T cell
EIF4EBP2,0.9495499459593857,0.005661078633932615,1,1,1,CD8 T cell
NSD2,0.9495702438995614,0.025070791917038315,1,1,1,CD8 T cell
DCTN6,0.9495960752140707,0.02046010592083153,1,1,1,CD8 T cell
MAP6D1,0.9496463934912649,0.015498400590969297,0.917,1,1,CD8 T cell
SEC24D,0.9496606579862044,0.015288792197753587,1,1,1,CD8 T cell
MKLN1,0.9496770141445116,0.007969896319893532,1,1,1,CD8 T cell
KCNMB3,0.9498241732547231,-0.04013518832736285,0.833,0.833,1,CD8 T cell
FBXW10B,0.949833506612086,7.604187174825583e-4,0.083,0.167,1,CD8 T cell
QRFP,0.9499386056864755,0.008303209237280562,0.083,0.083,1,CD8 T cell
CFAP58,0.9500869267785963,0.013080607210945061,0.583,0.5,1,CD8 T cell
PEX5,0.950090153314922,-0.012601069127844866,1,1,1,CD8 T cell
KLK13,0.9501413772821442,0.002277500096645735,0.167,0.083,1,CD8 T cell
NIT1,0.9501894848590863,0.014408965823895836,1,1,1,CD8 T cell
CD8A,0.9501923363984663,-0.011273956092029636,1,1,1,CD8 T cell
SRPRA,0.9502107643987678,0.00345230513865169,1,1,1,CD8 T cell
GGT7,0.9503770517462224,0.026476885987381626,1,1,1,CD8 T cell
PLSCR1,0.9504000685289741,0.009573232472059878,1,1,1,CD8 T cell
FAM43A,0.9504015886873047,-0.008935297669250275,1,1,1,CD8 T cell
DUSP4,0.9504435511778044,-0.011413753450603359,1,0.917,1,CD8 T cell
MCOLN3,0.9504777988332653,-0.0019190335947425474,0.25,0.25,1,CD8 T cell
GALNT10,0.9505452919554497,0.0037960369661511617,1,1,1,CD8 T cell
NDUFA4L2,0.9506142647215969,0.0035767442330878474,0.333,0.417,1,CD8 T cell
SEMA4F,0.9506344105059762,0.007498433819356443,1,1,1,CD8 T cell
CHUK,0.9506636325568844,0.021524628457454176,1,1,1,CD8 T cell
ATP5MC2,0.9506638860493165,0.017523494202379863,1,1,1,CD8 T cell
METTL18,0.9509889498072017,0.008745879893798492,1,1,1,CD8 T cell
ARHGAP40,0.9509931907084381,-6.375925456989506e-4,0.083,0.167,1,CD8 T cell
MKNK1,0.9510107168900785,0.015726365184092636,1,1,1,CD8 T cell
DBT,0.951018525789569,-0.0036153452269891417,1,1,1,CD8 T cell
CNST,0.9510522189658468,0.019376505146637052,1,1,1,CD8 T cell
ARHGAP29,0.9510715764264952,-0.0013691162522859734,0.25,0.25,1,CD8 T cell
DSC2,0.9511723354218373,-0.0026206915642719153,0.333,0.417,1,CD8 T cell
ARRDC2,0.9512148898750242,0.004636811048197534,1,1,1,CD8 T cell
TPH1,0.9513675739013904,0.0022004964405581973,1,1,1,CD8 T cell
SCD5,0.9513817231642989,-0.014218030262306502,1,1,1,CD8 T cell
RANBP17,0.951383815784481,-0.003671733469221561,0.333,0.25,1,CD8 T cell
THNSL1,0.9513951043153679,0.016328516190701414,1,1,1,CD8 T cell
MPRIP,0.9514280832837446,0.011978094524440985,1,1,1,CD8 T cell
MOGS,0.9514512612333832,0.0077624728247659425,1,1,1,CD8 T cell
KIR2DL4,0.9514732091043996,0.001666953024401785,0.75,0.75,1,CD8 T cell
CAPZA1,0.9514954439954579,0.002049766223330751,1,1,1,CD8 T cell
BSND,0.9515257360268191,0.0019195837496099877,0.417,0.417,1,CD8 T cell
PAXX,0.9515535225807453,0.009158457208468196,1,1,1,CD8 T cell
UBE2Q1,0.9515954847697408,-0.018222380396263504,1,1,1,CD8 T cell
MMP23B,0.9516316775460921,-0.01298615039926343,1,1,1,CD8 T cell
IPCEF1,0.9516526094630258,0.019803873169950748,1,1,1,CD8 T cell
ZPR1,0.9517700584464527,0.029650706626496492,1,1,1,CD8 T cell
PGGHG,0.9520409378300875,-0.004522765912359533,1,1,1,CD8 T cell
MCM3,0.9521246814809846,0.005758089839574432,1,1,1,CD8 T cell
PPIAL4G,0.9521709911562174,0.0022112417017234876,1,1,1,CD8 T cell
ARRB2,0.9521770539304732,0.0061049963013717345,1,1,1,CD8 T cell
ZFP91,0.9522338666149268,-0.0010602081118998297,1,1,1,CD8 T cell
CCDC73,0.9524341564316101,-4.672470375988169e-4,0.083,0.083,1,CD8 T cell
IGSF9,0.952461976589214,5.417083223284713e-4,0.083,0.083,1,CD8 T cell
RASL11B,0.952461976589214,5.417083223284713e-4,0.083,0.083,1,CD8 T cell
BMP3,0.952461976589214,5.417083223284713e-4,0.083,0.083,1,CD8 T cell
C12orf50,0.952461976589214,5.417083223284713e-4,0.083,0.083,1,CD8 T cell
FRG2C,0.952461976589214,5.417083223284713e-4,0.083,0.083,1,CD8 T cell
QRFPR,0.952461976589214,5.417083223284713e-4,0.083,0.083,1,CD8 T cell
FAM120C,0.9524760462659418,0.022048524530973834,1,1,1,CD8 T cell
FAM118A,0.9525162368966199,0.032263034352985276,1,1,1,CD8 T cell
ZCRB1,0.9525241493752246,-6.830204077004076e-4,1,1,1,CD8 T cell
HSPA9,0.952558192532097,0.008085836774601757,1,1,1,CD8 T cell
CCDC32,0.9525858347570062,0.019814810749763878,1,1,1,CD8 T cell
MAPK13,0.9526198037238999,0.013778156561544103,1,1,1,CD8 T cell
MFSD4B,0.9527364802950138,-0.008751309719802203,1,1,1,CD8 T cell
PNMT,0.9527412099242233,-0.030807361283704093,1,1,1,CD8 T cell
CC2D2B,0.9527525204671654,-0.014531541307100326,0.417,0.667,1,CD8 T cell
EMC10,0.9527572278413352,-0.006342109289569908,1,1,1,CD8 T cell
SDHC,0.9528521382382575,0.012376619341040618,1,1,1,CD8 T cell
CDCA7L,0.9529170248620141,0.024267389486281044,1,1,1,CD8 T cell
SUV39H1,0.95291946220517465,0.001719922531343565,1,1,1,CD8 T cell
ZFHX3,0.9530389444257812,0.009731884687839809,1,0.917,1,CD8 T cell
SLC12A3,0.9530521833863439,5.094893509189902e-4,0.083,0.083,1,CD8 T cell
PRKD1,0.9530521833863439,5.094893509189902e-4,0.083,0.083,1,CD8 T cell
GLYATL3,0.9530521833863439,5.094893509189902e-4,0.083,0.083,1,CD8 T cell
AAMP,0.9531598111534328,0.02164946375992466,1,1,1,CD8 T cell
TNFRSF10C,0.9532108556572422,-0.006798596186563977,0.417,0.5,1,CD8 T cell
FHAD1,0.95321437654982355,0.002064172652942009,0.167,0.167,1,CD8 T cell
LRPPRC,0.9534734115443514,0.002952369104126329,1,1,1,CD8 T cell
PIGU,0.9534740461579732,0.022253197323795604,1,1,1,CD8 T cell
XAB2,0.9534852400402581,0.01797424721273838,1,1,1,CD8 T cell
RAB6C,0.9535267235085637,-8.621526653755929e-4,0.083,0.083,1,CD8 T cell
TREX2,0.9535506817243021,-5.235075655143362e-4,0.083,0.167,1,CD8 T cell
ADA,0.9535575494813678,0.01576535185612446,1,1,1,CD8 T cell
BCL2,0.9536341172148001,-0.008868728663129155,1,1,1,CD8 T cell
LY9,0.9537087086025625,0.004619216786373004,1,1,1,CD8 T cell
METAP1D,0.9537391385860369,-0.04915565628754237,1,1,1,CD8 T cell
CAND1,0.9538173291561307,0.01806992891262227,1,1,1,CD8 T cell
TRMT13,0.9538198749181858,0.018168757296677718,1,1,1,CD8 T cell
ZNF706,0.9538265468732121,0.010872171331140323,1,1,1,CD8 T cell
MDGA1,0.9538756882194508,0.02481599022937364,1,1,1,CD8 T cell
PLEKHM1,0.9539598040418253,-0.05132797940492306,1,1,1,CD8 T cell
CYP2C18,0.9539894496460217,0.001641345052656451,0.333,0.333,1,CD8 T cell
KCTD14,0.9540190171634082,-0.019002480828278046,0.667,0.917,1,CD8 T cell
TRIM36,0.9540494677627978,0.006054040698863172,0.833,0.667,1,CD8 T cell
PTPRS,0.9541315049286965,-0.003575469382361529,0.583,0.583,1,CD8 T cell
TMSB4Y,0.9542078006393295,-6.085378709834721e-4,0.083,0.167,1,CD8 T cell
HAUS2,0.9542529799920264,-0.0021337100313249535,1,1,1,CD8 T cell
SYT17,0.9542536090842327,-4.541717723829386e-4,0.333,0.417,1,CD8 T cell
NPB,0.9542601610653619,0.020086950522417713,0.667,0.583,1,CD8 T cell
ZNF311,0.9542975731647821,-5.170765790500909e-4,0.5,0.583,1,CD8 T cell
KCNA3,0.9543727355384191,0.012831466316160889,1,1,1,CD8 T cell
FCRL3,0.9543991781441135,-0.007485786891169188,1,1,1,CD8 T cell
IL12RB2,0.9544070515129555,0.04048711699717544,1,1,1,CD8 T cell
SSH2,0.954473555761552,-0.00913846761524606,1,1,1,CD8 T cell
E2F5,0.9545160305941113,0.037246193853562204,1,1,1,CD8 T cell
SLC32A1,0.9546512733295173,0.003405456455328526,0.083,0.167,1,CD8 T cell
TBC1D4,0.9546636000807215,0.005834765412227938,1,1,1,CD8 T cell
TMEM123,0.9546648201260579,0.01637745332720475,1,1,1,CD8 T cell
MCIDAS,0.9546681032113894,0.003387517440506027,0.083,0.167,1,CD8 T cell
RBM42,0.9548876108699617,0.010624549104283676,1,1,1,CD8 T cell
ZNF593,0.9550199513448134,-0.013836545088923735,1,1,1,CD8 T cell
DAB2IP,0.9550498010399628,-0.01166108262821286,0.667,0.583,1,CD8 T cell
ATP6V1D,0.9551262074347585,-0.0036101455355261325,1,1,1,CD8 T cell
SNX8,0.9551300087084461,0.031157203677783407,1,1,1,CD8 T cell
TP63,0.9551378206085012,6.440914605576609e-4,0.833,0.833,1,CD8 T cell
KLRC4,0.9551505938031144,0.026392341441592304,1,1,1,CD8 T cell
ZNF319,0.955181608276789,0.04498894316719504,1,1,1,CD8 T cell
MCAM,0.9551853980516498,-0.007886689553746162,0.5,0.667,1,CD8 T cell
CTSB,0.9551906067794912,4.7812109534584035e-6,1,1,1,CD8 T cell
VMA21,0.955204190861977,0.0016528928075740662,1,1,1,CD8 T cell
KLK10,0.9552138075025967,-0.0037529264745881363,0.083,0.167,1,CD8 T cell
NFE2L3,0.9552256420775491,-0.0036742762304267096,1,1,1,CD8 T cell
CARD16,0.9552657922600389,0.02758839432345428,1,1,1,CD8 T cell
ARAP3,0.9552774498807546,0.006072740054272163,1,1,1,CD8 T cell
GRK7,0.9553501009637325,-0.01931657756999483,0.833,0.833,1,CD8 T cell
DIPK1A,0.9553831855741742,-0.020437115208630008,1,1,1,CD8 T cell
LIN7B,0.955402253596201,-0.04621988481233963,1,1,1,CD8 T cell
GLOD4,0.955449393521016,0.041570089172286995,1,1,1,CD8 T cell
PRAP1,0.9555075687842559,2.612220865088055e-4,0.083,0.167,1,CD8 T cell
ATP5MG,0.9555254233582352,0.003135207616754787,1,1,1,CD8 T cell
SLAMF7,0.9555275871570611,0.0040071693759826665,1,1,1,CD8 T cell
LSM14B,0.9555497378547678,0.008756538193538534,1,1,1,CD8 T cell
ACADVL,0.9556281206739919,0.004466114371290408,1,1,1,CD8 T cell
SPR,0.9556296608579785,0.0020175008633112057,0.833,1,1,CD8 T cell
ARAF,0.9556583274828802,0.012374993617399799,1,1,1,CD8 T cell
PM20D1,0.9557370085265097,-0.04712846753330613,1,1,1,CD8 T cell
ELOC,0.9557416119797351,0.006146908602539192,1,1,1,CD8 T cell
DENND11,0.955829649500798,0.011996689033724084,1,1,1,CD8 T cell
TCEA3,0.9559165022720593,0.0016868130100355927,1,1,1,CD8 T cell
MON1A,0.9559882010460001,0.031086062374702017,1,1,1,CD8 T cell
MAST4,0.9560325704729432,0.0298639104368279,1,1,1,CD8 T cell
CDCA2,0.9560586487705233,0.020820266613335026,0.917,0.833,1,CD8 T cell
PPEF2,0.9561184009938768,0.03376832681827446,0.917,0.667,1,CD8 T cell
CRIP2,0.9561359891803735,-0.0034171989944247194,1,1,1,CD8 T cell
RDH8,0.9562366237044364,-0.012461043414796702,0.083,0.167,1,CD8 T cell
PFKFB2,0.9563141211626273,0.006407053273367325,1,0.833,1,CD8 T cell
BAIAP2,0.9563254674990184,-8.576894194556317e-5,1,1,1,CD8 T cell
NMT2,0.9563328639224865,0.008652100450347366,1,1,1,CD8 T cell
ZNF771,0.9564054559045296,-0.030385709837216446,1,1,1,CD8 T cell
PBXIP1,0.9564230647387417,0.007339431416201414,1,1,1,CD8 T cell
SPRED3,0.9565031593624711,-0.0029613478955576866,0.917,1,1,CD8 T cell
YBEY,0.9566221962983765,8.877764267296584e-4,1,1,1,CD8 T cell
RCAN3,0.9566524294255763,0.02625359125932447,1,1,1,CD8 T cell
DBN1,0.9566623847073027,-0.009594961503569088,1,1,1,CD8 T cell
COX15,0.9567280296000055,0.01593679680843496,1,1,1,CD8 T cell
AASS,0.95674190594154,0.022126540606550726,1,1,1,CD8 T cell
RAB9A,0.9567432700871672,-0.0088635384996269,1,1,1,CD8 T cell
DBP,0.956844501542019,0.017732676570833265,1,1,1,CD8 T cell
PRUNE2,0.9568607101118869,-3.0266059117778354e-4,0.417,0.5,1,CD8 T cell
MBD6,0.9568726429441824,0.036116700026450566,1,1,1,CD8 T cell
GALNT16,0.9569313782115325,2.2356246434096505e-5,0.167,0.25,1,CD8 T cell
DYSF,0.9570900008124329,-0.01756855900866272,1,1,1,CD8 T cell
FMN1,0.9571133258098007,-0.04832256442315186,0.917,0.833,1,CD8 T cell
CHM,0.9571445483344754,0.028134517878764975,1,1,1,CD8 T cell
PF4,0.9572729716358682,-0.06487690152214842,1,1,1,CD8 T cell
RETREG3,0.9572862413787062,-9.438064259297274e-4,1,1,1,CD8 T cell
SLC25A41,0.9573043048408085,-0.0046473401730446895,0.417,0.583,1,CD8 T cell
B4GALT4,0.9573781370473559,0.012642562620459041,1,1,1,CD8 T cell
GCNA,0.9574357149555838,-0.023738894035501446,1,1,1,CD8 T cell
CCDC40,0.9574718776653709,0.015895199715837638,0.833,0.833,1,CD8 T cell
HCAR1,0.9575404746243439,-0.005435600872822466,0.167,0.167,1,CD8 T cell
HIPK3,0.9575490392547095,0.004690141432808215,1,1,1,CD8 T cell
ACCS,0.9575592889713209,-0.007462017435109214,1,1,1,CD8 T cell
GGNBP2,0.9575671568307605,0.006010980884959993,1,1,1,CD8 T cell
PRSS27,0.9576549521883847,0.013547591137201831,0.917,0.833,1,CD8 T cell
IQSEC2,0.9576828593598722,0.006147839718725123,1,1,1,CD8 T cell
ASRGL1,0.9576887270381985,-0.024838872274899337,0.917,1,1,CD8 T cell
TMEM120B,0.9577157071602774,0.032111801291648145,1,1,1,CD8 T cell
AMER1,0.9577223022149126,-0.010941292951526016,1,1,1,CD8 T cell
PPP1R14A,0.9578097139949507,0.0011955552671691905,0.333,0.333,1,CD8 T cell
ANKRD18B,0.9578954140229443,0.003455752964014014,0.25,0.25,1,CD8 T cell
MYBPC3,0.9579967221081019,0.0018339658770236689,0.167,0.25,1,CD8 T cell
MT-CO3,0.9580889728076313,0.0014359776099306387,1,1,1,CD8 T cell
SPACA6,0.9580901217582967,0.02588639227511713,1,1,1,CD8 T cell
EIF4E3,0.9581341910271017,-8.191298485291654e-4,1,1,1,CD8 T cell
CPNE8,0.9581487314454178,0.02597367306312215,1,1,1,CD8 T cell
ST6GALNAC1,0.958300495606122,0.0018020514219649897,0.333,0.5,1,CD8 T cell
SOX30,0.9583077268753695,0.004884455051772818,0.417,0.333,1,CD8 T cell
XRCC5,0.9583148491136138,0.0011605631284508644,1,1,1,CD8 T cell
CMPK1,0.9583850781873652,0.003996206314559547,1,1,1,CD8 T cell
PUF60,0.9584036375746529,0.013097373617189989,1,1,1,CD8 T cell
ZDHHC2,0.9585071013304021,0.004613216834284936,1,1,1,CD8 T cell
THEMIS,0.9585786783418785,0.01811187572286066,1,1,1,CD8 T cell
MALSU1,0.9586071729417687,-0.0032969287547083836,1,1,1,CD8 T cell
TRIM65,0.9586322421565268,0.033490798965468915,1,1,1,CD8 T cell
ANXA9,0.9586368329575126,0.0017729690359629124,0.333,0.333,1,CD8 T cell
CABLES1,0.9586658891709331,-0.0017272604623204124,0.5,0.583,1,CD8 T cell
SLIT1,0.9587624032874826,0.022857291205903074,1,0.833,1,CD8 T cell
OAZ2,0.9588388287387845,0.034007121502032334,1,1,1,CD8 T cell
TAP2,0.9588476844340633,0.00513843231806832,1,1,1,CD8 T cell
ZNF296,0.958895545105171,-0.012523298442060682,1,1,1,CD8 T cell
WDR26,0.9588995823591655,0.005447268630393243,1,1,1,CD8 T cell
THRA,0.9589476803522199,0.013507958092476902,1,1,1,CD8 T cell
KRT1,0.9590201329943938,-7.652600572058965e-4,0.083,0.083,1,CD8 T cell
NLGN3,0.9590646249332697,-0.0379201090708281,1,1,1,CD8 T cell
ALKBH4,0.9590803864113807,0.043287652322683945,1,1,1,CD8 T cell
CERCAM,0.959148615560051,-0.014778338496967525,0.917,1,1,CD8 T cell
PIEZO1,0.959184637808719,0.019788980492568053,1,1,1,CD8 T cell
PIK3R2,0.9592150430956641,-0.0046468887229931255,1,1,1,CD8 T cell
ITPRID2,0.9592199374655983,-0.0018992167547260408,1,1,1,CD8 T cell
NARF,0.959225453733122,-0.0016838622521606061,1,1,1,CD8 T cell
ATP5MF,0.9592914364095118,0.028969297788689397,1,1,1,CD8 T cell
OR51C1P,0.9593364540755874,-0.007180321666998779,0.167,0.25,1,CD8 T cell
CD24,0.9593441822597796,0.003548066528888061,0.75,0.75,1,CD8 T cell
MYCBPAP,0.9593533809902376,-0.008354304131333645,0.917,1,1,CD8 T cell
PEBP4,0.9593945432891001,-0.01791037163108955,0.25,0.417,1,CD8 T cell
POGLUT3,0.9594055094626437,0.0071651347016112865,1,1,1,CD8 T cell
ACBD6,0.959503493867977,0.010694692012981885,1,1,1,CD8 T cell
WFIKKN1,0.9595896038913144,-0.008668518203726716,0.833,0.917,1,CD8 T cell
TIGD4,0.9596064845950074,0.00996269048572973,0.833,0.917,1,CD8 T cell
GIPC3,0.9596232830868571,0.010459741047135651,0.917,1,1,CD8 T cell
CCIN,0.959700169832638,0.023423009534608852,1,1,1,CD8 T cell
CUBN,0.9598114206421864,0.0229544537181976,1,1,1,CD8 T cell
PDCD1LG2,0.9598647247408357,0.011254362729291145,0.917,0.833,1,CD8 T cell
ATXN7L3B,0.9599022482616972,0.00449346609178336,1,1,1,CD8 T cell
CCDC88C,0.9599503392846809,0.003502035978498519,1,1,1,CD8 T cell
EIF3J,0.9600575461918819,-2.751298302934302e-4,1,1,1,CD8 T cell
TDRD15,0.9600911578026123,-0.009582897247340405,0.833,0.833,1,CD8 T cell
TMA7B,0.9600922141938016,0.006793927510502645,1,1,1,CD8 T cell
H4C5,0.9601253275364959,-0.015971025426005703,0.417,0.333,1,CD8 T cell
EEIG2,0.9601814357837357,0.0036826588882159506,1,1,1,CD8 T cell
STXBP5,0.960214333902375,0.014554994017266232,1,1,1,CD8 T cell
HNRNPLL,0.9603446356329843,0.02139661724923586,1,1,1,CD8 T cell
TRMT44,0.9604531865834772,0.011987986536015738,1,1,1,CD8 T cell
DMAP1,0.960498795161582,-3.651204220629645e-5,1,1,1,CD8 T cell
SPTBN2,0.9605982674908016,-0.0038169401785390633,0.167,0.167,1,CD8 T cell
RAB8B,0.9606289941334855,0.00826384729898444,1,1,1,CD8 T cell
POLB,0.9606414281943004,0.008280568824758805,1,1,1,CD8 T cell
TMEM254,0.9606501666234928,0.05015459588405191,1,1,1,CD8 T cell
EVA1B,0.960654495882375,-0.015502017110301303,1,1,1,CD8 T cell
MAP1B,0.9606778953298457,-5.167032393957882e-4,0.083,0.167,1,CD8 T cell
NAGLU,0.9607146210418284,-0.02749499940143929,1,1,1,CD8 T cell
SH2D5,0.9607576440438754,3.087763278584177e-4,0.333,0.417,1,CD8 T cell
SLC43A1,0.9607893003934846,0.019021997288599435,1,1,1,CD8 T cell
TRBC2,0.9608067368946557,0.002107087554174214,1,1,1,CD8 T cell
MANEAL,0.960824709326535,-0.0021482495928519807,1,1,1,CD8 T cell
SLC39A1,0.9608357833789507,0.013476844249317832,1,1,1,CD8 T cell
CFAP53,0.9608368723621182,-0.004228258442928734,0.917,0.917,1,CD8 T cell
PHKG1,0.9609158333852427,-0.023819975845334795,1,1,1,CD8 T cell
UBE2Z,0.9609281196531921,0.01577201959503355,1,1,1,CD8 T cell
EIF2AK1,0.9609663412325301,-0.0096475029241756,1,1,1,CD8 T cell
THEM6,0.9609779827531836,0.0297067496425929,1,1,1,CD8 T cell
DDIT4L,0.9609790581427462,0.006671954464331442,0.833,0.667,1,CD8 T cell
DOCK4,0.9610137674933836,0.009543926022686389,0.75,0.833,1,CD8 T cell
NDUFA4,0.9610344931612497,-0.010854250697084789,1,1,1,CD8 T cell
PPIAL4A,0.9610399954082993,-0.003498871326326647,0.667,0.667,1,CD8 T cell
TMEM237,0.9611352344209202,0.006841287327886025,1,1,1,CD8 T cell
KRTAP11-1,0.9612136921327052,4.136986017702071e-4,0.167,0.167,1,CD8 T cell
ENTREP1,0.9612901016509655,4.208190160253089e-4,0.083,0.083,1,CD8 T cell
LIPH,0.9612901016509655,4.208190160253089e-4,0.083,0.083,1,CD8 T cell
SCUBE2,0.9612901016509655,4.208190160253089e-4,0.083,0.083,1,CD8 T cell
FZD9,0.9612901016509655,4.208190160253089e-4,0.083,0.083,1,CD8 T cell
CLLU1-AS1,0.9612901016509655,4.208190160253089e-4,0.083,0.083,1,CD8 T cell
MACROD1,0.9612915410504089,0.0014435706623163735,1,1,1,CD8 T cell
PNPLA7,0.9613121720986773,-0.003507793719640606,1,1,1,CD8 T cell
CCNE1,0.9613320644716957,0.01163576330124938,0.833,0.917,1,CD8 T cell
ABHD17C,0.9613422736552254,0.008902864528778975,1,1,1,CD8 T cell
MID2,0.9614065443771386,0.020096763024022524,1,1,1,CD8 T cell
NAA38,0.9614263403954862,0.009052232063927218,1,1,1,CD8 T cell
PLAAT5,0.9615063700596409,0.0077440292681982825,1,1,1,CD8 T cell
ZNF286A,0.9616140698100907,0.013184054594451489,1,1,1,CD8 T cell
GATA6,0.9616175258106501,0.01530586512439136,1,1,1,CD8 T cell
CLEC1A,0.9616568294025211,9.620816486815009e-4,0.25,0.167,1,CD8 T cell
ZDHHC18,0.9616662493395135,-0.00338611069726151,1,1,1,CD8 T cell
RRAS2,0.9617046436777658,0.01391192673659758,1,1,1,CD8 T cell
ENSG00000291096,0.9617275125596583,0.01737307386885778,0.75,0.75,1,CD8 T cell
IGFBP7,0.9617470284422711,-0.02342469039748396,0.833,1,1,CD8 T cell
C12orf43,0.9617558031598272,0.004045078533493118,1,1,1,CD8 T cell
GFI1B,0.9617871450041997,-0.013851560453234768,0.417,0.417,1,CD8 T cell
OXCT2,0.9617874213769864,0.008193249647336476,0.75,0.75,1,CD8 T cell
PRRC1,0.961795718180625,-0.004461473027342955,1,1,1,CD8 T cell
PSMC4,0.9618334822142931,-0.007138793052683556,1,1,1,CD8 T cell
CDC42EP2,0.9618897281113888,0.01869511738868246,1,1,1,CD8 T cell
EID2,0.9619047354640908,-0.006754441963248037,1,1,1,CD8 T cell
CIITA,0.961920440035883,0.008286788719162441,1,1,1,CD8 T cell
RBM6,0.9620001734670086,0.008102060152167079,1,1,1,CD8 T cell
SPATA24,0.9620704356387463,0.01729968859037978,1,1,1,CD8 T cell
IL10RA,0.962200444568014,0.0031968480294986,1,1,1,CD8 T cell
DPYS,0.9622287736104206,2.025371671745546e-4,0.25,0.167,1,CD8 T cell
HUS1,0.9622445395305411,0.02090092636951807,1,1,1,CD8 T cell
SLC8B1,0.9623210710530068,-0.031208205265080835,1,1,1,CD8 T cell
ANXA11,0.9623377573374082,0.0028022510563880942,1,1,1,CD8 T cell
RCHY1,0.9623948757270621,-0.01724639605765639,1,1,1,CD8 T cell
KIDINS220,0.9624142013570985,-0.001178346922942275,1,1,1,CD8 T cell
HDAC1,0.9624636646350745,0.013227649254672569,1,1,1,CD8 T cell
TMEM176B,0.9624753144688224,-0.00109811237327051,1,0.917,1,CD8 T cell
ST20,0.9625036980165862,0.00593423205524557,1,1,1,CD8 T cell
MATCAP1,0.9625070197785236,-0.005157278440468982,1,1,1,CD8 T cell
NEGR1,0.9625230201697562,-7.601832440888856e-4,0.167,0.083,1,CD8 T cell
NUDC,0.962533228843046,-3.1977228493451637e-4,1,1,1,CD8 T cell
RHOXF1,0.9626447417213401,0.0058350215626901125,0.75,0.833,1,CD8 T cell
SRF,0.9626570359336094,-0.006072906060564265,1,1,1,CD8 T cell
SLC25A32,0.9627048192487284,0.00892320396919477,1,1,1,CD8 T cell
ARHGEF7,0.9627367510207211,-0.013712397893553496,1,1,1,CD8 T cell
SETD4,0.962748623211572,0.02491937226659946,1,1,1,CD8 T cell
RTL6,0.9627935498761084,0.0103163895586873,1,1,1,CD8 T cell
PIK3IP1,0.962862194504662,0.0024795319164845897,1,1,1,CD8 T cell
PLPP5,0.9628710569699179,0.020335736629989,1,1,1,CD8 T cell
CPD,0.9629645418576777,-0.003607898814702082,1,1,1,CD8 T cell
RTN4,0.9629674405942498,-0.0016576560358100845,1,1,1,CD8 T cell
PCDHB3,0.9630539982070823,0.009195280459409094,0.083,0.167,1,CD8 T cell
PGP,0.9630675524909028,-0.007312796758189799,1,1,1,CD8 T cell
STON1,0.9631345770336679,-0.004666656880464082,0.917,0.917,1,CD8 T cell
TAS1R2,0.9633695168910572,-0.006670999333507233,0.167,0.083,1,CD8 T cell
ADGRA2,0.9634193513998782,5.323165955908316e-4,0.417,0.417,1,CD8 T cell
VPS54,0.9634457397579981,-4.1347216295056777e-4,1,1,1,CD8 T cell
ADGRG1,0.9634756349195597,-0.0019362227038404178,1,1,1,CD8 T cell
IQGAP3,0.9635244024020857,-0.0018869102661445147,0.25,0.5,1,CD8 T cell
FOXE3,0.9635816898205369,0.0011123445907395002,0.25,0.25,1,CD8 T cell
CD1B,0.9636131224228265,8.218242660200659e-4,0.167,0.167,1,CD8 T cell
RPH3AL,0.9636580246472224,-0.020566890451793274,1,1,1,CD8 T cell
IPO9,0.9636641428303722,0.02940203900812355,1,1,1,CD8 T cell
DOCK5,0.9636756736229153,-0.012561138844965125,1,1,1,CD8 T cell
ATP5ME,0.9636930760426813,-0.005432345815202799,1,1,1,CD8 T cell
LRP12,0.9638031175605486,-0.009287096142233775,0.917,1,1,CD8 T cell
SAMD10,0.9638066279374551,-8.845296653703372e-5,1,1,1,CD8 T cell
GPR153,0.9638310594726642,0.01094907556394098,1,1,1,CD8 T cell
RBCK1,0.9638702762285711,0.031756944186732916,1,1,1,CD8 T cell
PIK3CB,0.9639126753904763,0.02255005610174332,1,1,1,CD8 T cell
SLC35F2,0.9639483230446398,0.04979443609234835,1,1,1,CD8 T cell
WDR97,0.9639833378827681,0.03959745296269812,1,1,1,CD8 T cell
PTHLH,0.964056507221777,3.151045016549503e-4,0.083,0.083,1,CD8 T cell
CORO2B,0.964056507221777,3.151045016549503e-4,0.083,0.083,1,CD8 T cell
EBF3,0.964056507221777,3.151045016549503e-4,0.083,0.083,1,CD8 T cell
ANKFN1,0.964056507221777,3.151045016549503e-4,0.083,0.083,1,CD8 T cell
GAGE1,0.964056507221777,3.151045016549503e-4,0.083,0.083,1,CD8 T cell
IFITM5,0.964056507221777,3.151045016549503e-4,0.083,0.083,1,CD8 T cell
PSME2,0.9642057500887563,0.03640845452450847,1,1,1,CD8 T cell
AP1B1,0.9642174974667652,0.005685642596975571,1,1,1,CD8 T cell
ATP5PO,0.9642232777497075,0.024158755199696902,1,0.917,1,CD8 T cell
RIN3,0.9642727275205402,0.013381207957264829,1,1,1,CD8 T cell
ABCC5,0.9643641576437356,0.015842027248770485,1,1,1,CD8 T cell
EVA1C,0.96436507093974,-0.004551816449794632,1,1,1,CD8 T cell
ZNF136,0.9643684037900419,-0.010247276710763975,1,1,1,CD8 T cell
IL34,0.9643704392861738,-0.014169896482789213,0.167,0.25,1,CD8 T cell
ANKEF1,0.9644126358780669,-0.024935862060354808,1,1,1,CD8 T cell
ESYT1,0.9645268094512575,0.008500066968254671,1,1,1,CD8 T cell
FAM178B,0.9645823737192607,0.03486438514288315,0.833,0.833,1,CD8 T cell
ZSCAN22,0.9646066155002223,0.05781351892281128,1,1,1,CD8 T cell
TSPAN33,0.9646254455355994,2.422100348593581e-4,1,1,1,CD8 T cell
ADAMTS10,0.9646389717013026,-0.012056979919031319,1,1,1,CD8 T cell
NUDT12,0.9646570451573855,0.01744987396510922,0.25,0.417,1,CD8 T cell
ELL3,0.9647524270220594,0.00708661335193117,1,1,1,CD8 T cell
NPTN,0.964901176074372,0.008231013481413307,1,1,1,CD8 T cell
SOAT1,0.9651208361888591,0.014610871346095955,1,1,1,CD8 T cell
SLC1A3,0.965122473469817,0.004247061875426894,0.083,0.083,1,CD8 T cell
ESPNL,0.965122473469817,0.004247061875426894,0.083,0.083,1,CD8 T cell
PDE1A,0.9651437684650193,0.004229122860604395,0.083,0.083,1,CD8 T cell
SPEM2,0.9651437684650193,0.004229122860604395,0.083,0.083,1,CD8 T cell
VCAM1,0.9652105097841914,0.015581981634394726,0.833,0.917,1,CD8 T cell
NME8,0.9652356177692848,0.00862703931829234,1,1,1,CD8 T cell
RPRM,0.965237133493254,-0.0017407213196523053,0.083,0.167,1,CD8 T cell
RUFY4,0.9652885580481045,-0.011962959207632906,0.583,0.667,1,CD8 T cell
INSL4,0.9652989292738728,-0.010056218944404005,0.25,0.333,1,CD8 T cell
NCR3,0.9653130037036303,0.01653060821004837,1,1,1,CD8 T cell
B4GALNT3,0.9653154503952089,0.017479170704066238,1,1,1,CD8 T cell
NUP93,0.9653368379101019,0.011994541391987856,1,1,1,CD8 T cell
TMEM65,0.9653737667941519,0.0013308011202670667,1,1,1,CD8 T cell
RILP,0.9654406994652434,0.01568030761358674,0.917,1,1,CD8 T cell
PCOLCE,0.9655477308310608,-0.01123993450929106,1,1,1,CD8 T cell
TIGIT,0.9655590542297181,0.021254661607377212,1,1,1,CD8 T cell
MMP28,0.965586111588241,-0.020405646973721048,0.583,0.75,1,CD8 T cell
FRMPD3,0.9655969078692688,-0.0026956299599547595,1,1,1,CD8 T cell
SLC39A13,0.9655969426918363,-0.035067163760386766,1,1,1,CD8 T cell
TTC30B,0.965633663172065,0.014650465082648445,1,0.917,1,CD8 T cell
HIGD2A,0.9656664810266318,0.014375679804085717,1,1,1,CD8 T cell
CDAN1,0.965673229100583,0.008434002346652703,1,1,1,CD8 T cell
PITHD1,0.9656799735060105,0.010947389399544566,1,1,1,CD8 T cell
NT5E,0.9657043929207094,0.013854505094685887,1,1,1,CD8 T cell
PACSIN1,0.9657347870748252,0.025742091392991107,1,1,1,CD8 T cell
KCNJ2,0.9657432770086023,0.005622997996030055,0.333,0.5,1,CD8 T cell
TPX2,0.9658640976441328,0.03998279129904603,1,1,1,CD8 T cell
STEAP1,0.9658650875033813,2.547410781650328e-4,0.083,0.167,1,CD8 T cell
TSPYL5,0.9659130237988061,0.0020466320887422285,0.917,1,1,CD8 T cell
CMC1,0.96594264642288,0.016730495465814732,1,1,1,CD8 T cell
FAM110C,0.9660257127660031,0.01232425928387526,0.75,0.667,1,CD8 T cell
GPRC5A,0.9661483459079356,-6.918341323252086e-4,0,0.083,1,CD8 T cell
GUCA1A,0.9661483459079356,-6.918341323252086e-4,0,0.083,1,CD8 T cell
COL23A1,0.9661483459079356,-6.918341323252086e-4,0,0.083,1,CD8 T cell
EYA2,0.9661483459079356,-6.918341323252086e-4,0,0.083,1,CD8 T cell
TIE1,0.9661483459079356,-6.918341323252086e-4,0,0.083,1,CD8 T cell
ABCC9,0.9661483459079356,-6.918341323252086e-4,0,0.083,1,CD8 T cell
ITGA8,0.9661483459079356,-6.918341323252086e-4,0,0.083,1,CD8 T cell
ANGPT4,0.9661483459079356,-6.918341323252086e-4,0,0.083,1,CD8 T cell
RSPH6A,0.9661483459079356,-6.918341323252086e-4,0,0.083,1,CD8 T cell
MOGAT3,0.9661483459079356,-6.918341323252086e-4,0,0.083,1,CD8 T cell
EFNB3,0.9661483459079356,-6.918341323252086e-4,0,0.083,1,CD8 T cell
LHX4,0.9661483459079356,-6.918341323252086e-4,0,0.083,1,CD8 T cell
SLC12A5,0.9661483459079356,-6.918341323252086e-4,0,0.083,1,CD8 T cell
SEC14L4,0.9661483459079356,-6.918341323252086e-4,0,0.083,1,CD8 T cell
SLCO1B1,0.9661483459079356,-6.918341323252086e-4,0,0.083,1,CD8 T cell
ACRV1,0.9661483459079356,-6.918341323252086e-4,0,0.083,1,CD8 T cell
CAPN11,0.9661483459079356,-6.918341323252086e-4,0,0.083,1,CD8 T cell
CYP19A1,0.9661483459079356,-6.918341323252086e-4,0,0.083,1,CD8 T cell
C1QL2,0.9661483459079356,-6.918341323252086e-4,0,0.083,1,CD8 T cell
SPATA4,0.9661483459079356,-6.918341323252086e-4,0,0.083,1,CD8 T cell
ALLC,0.9661483459079356,-6.918341323252086e-4,0,0.083,1,CD8 T cell
FUT6,0.9661483459079356,-6.918341323252086e-4,0,0.083,1,CD8 T cell
AIRE,0.9661483459079356,-6.918341323252086e-4,0,0.083,1,CD8 T cell
NEURL3,0.9661483459079356,-6.918341323252086e-4,0,0.083,1,CD8 T cell
RAB3B,0.9661483459079356,-6.918341323252086e-4,0,0.083,1,CD8 T cell
OR13H1,0.9661483459079356,-6.918341323252086e-4,0,0.083,1,CD8 T cell
ECEL1,0.9661483459079356,-6.918341323252086e-4,0,0.083,1,CD8 T cell
UGT2A1,0.9661483459079356,-6.918341323252086e-4,0,0.083,1,CD8 T cell
CDH4,0.9661483459079356,-6.918341323252086e-4,0,0.083,1,CD8 T cell
RTL3,0.9661483459079356,-6.918341323252086e-4,0,0.083,1,CD8 T cell
FJX1,0.9661483459079356,-6.918341323252086e-4,0,0.083,1,CD8 T cell
HEPHL1,0.9661483459079356,-6.918341323252086e-4,0,0.083,1,CD8 T cell
TEX33,0.9661483459079356,-6.918341323252086e-4,0,0.083,1,CD8 T cell
MORN5,0.9661483459079356,-6.918341323252086e-4,0,0.083,1,CD8 T cell
BCAM,0.9661483459079356,-6.918341323252086e-4,0,0.083,1,CD8 T cell
GPR15LG,0.9661483459079356,-6.918341323252086e-4,0,0.083,1,CD8 T cell
CYP2F1,0.9661483459079356,-6.918341323252086e-4,0,0.083,1,CD8 T cell
TUBA3C,0.9661483459079356,-6.918341323252086e-4,0,0.083,1,CD8 T cell
TMPRSS11F,0.9661483459079356,-6.918341323252086e-4,0,0.083,1,CD8 T cell
PNMA5,0.9661483459079356,-6.918341323252086e-4,0,0.083,1,CD8 T cell
SAMD5,0.9661483459079356,-6.918341323252086e-4,0,0.083,1,CD8 T cell
C2orf72,0.9661483459079356,-6.918341323252086e-4,0,0.083,1,CD8 T cell
MUC21,0.9661483459079356,-6.918341323252086e-4,0,0.083,1,CD8 T cell
TRIM71,0.9661483459079356,-6.918341323252086e-4,0,0.083,1,CD8 T cell
CDRT15L2,0.9661483459079356,-6.918341323252086e-4,0,0.083,1,CD8 T cell
MYBPHL,0.9661483459079356,-6.918341323252086e-4,0,0.083,1,CD8 T cell
SPANXB1,0.9661483459079356,-6.918341323252086e-4,0,0.083,1,CD8 T cell
ETV3L,0.9661483459079356,-6.918341323252086e-4,0,0.083,1,CD8 T cell
CLDN23,0.9661483459079356,-6.918341323252086e-4,0,0.083,1,CD8 T cell
OR4D10,0.9661483459079356,-6.918341323252086e-4,0,0.083,1,CD8 T cell
OR13A1,0.9661483459079356,-6.918341323252086e-4,0,0.083,1,CD8 T cell
TLCD4,0.9661605248326816,-0.004510778103799851,0.25,0.25,1,CD8 T cell
CUEDC1,0.966168126644946,-0.012173429768351784,0.583,0.75,1,CD8 T cell
ABHD14B,0.9662153849663236,0.008599377025313382,1,1,1,CD8 T cell
SRPRB,0.9662415502921113,-0.013592814802107944,1,1,1,CD8 T cell
TSPAN2,0.9662431885742028,-0.009587923923488506,1,1,1,CD8 T cell
SYNE4,0.9662657038045299,-0.01772808348918531,1,1,1,CD8 T cell
SERPINF1,0.9662680712180205,0.009537171648924758,0.667,0.583,1,CD8 T cell
EPHB6,0.9663886070900968,-0.002926222983300475,1,1,1,CD8 T cell
PRRT4,0.9664028354815835,-0.0035959092888151467,0.5,0.583,1,CD8 T cell
MCM7,0.9664420355305551,0.044939544838630864,1,1,1,CD8 T cell
TUBB6,0.9664632940934283,0.002448551529515619,0.667,0.583,1,CD8 T cell
ULBP1,0.9665824866875741,-2.3158469589246167e-4,0.083,0.167,1,CD8 T cell
RNGTT,0.9666450882300952,0.004519825898844809,1,1,1,CD8 T cell
GSTO2,0.9666794008189192,-0.0174423771188863,0.917,1,1,CD8 T cell
TMPRSS11E,0.9666833410784689,0.001970332470833558,0.083,0.083,1,CD8 T cell
ALDH3A2,0.9667126013308309,0.005040109998673548,1,1,1,CD8 T cell
SLC4A4,0.9667131587016472,-0.0026079092750785904,1,1,1,CD8 T cell
TRGC2,0.9668378698265014,-0.0029965201770507655,1,1,1,CD8 T cell
CORO1B,0.966945188390159,0.027350738486016102,1,1,1,CD8 T cell
SRP19,0.9669605796217432,0.005709840501147478,1,1,1,CD8 T cell
TRIB1,0.9669710229997848,0.037019523208545735,1,0.833,1,CD8 T cell
LPAR3,0.9671440773734666,-0.0040152519381595475,0.917,1,1,CD8 T cell
SPINDOC,0.9671889142328377,0.018427012024188727,1,1,1,CD8 T cell
ATP11B,0.9672060078286686,0.009497604610543497,1,1,1,CD8 T cell
RRP36,0.9672093209390414,0.008465639025351246,1,1,1,CD8 T cell
ZNF440,0.9672132027338072,0.010815163156620677,1,1,1,CD8 T cell
MFSD14B,0.967215329510467,0.007445566784395452,1,1,1,CD8 T cell
RGL1,0.9672336515385387,-0.017727252161918283,1,1,1,CD8 T cell
CSRP1,0.9672360631923792,0.008673874299506862,1,1,1,CD8 T cell
HARS1,0.9672495430864608,0.02900564595815755,1,1,1,CD8 T cell
GNG10,0.9672780997389148,0.01798205769077721,1,1,1,CD8 T cell
ZNF407,0.9672837563213333,0.020071543398475722,1,1,1,CD8 T cell
MYH9,0.9672913801996158,0.0019977313425978416,1,1,1,CD8 T cell
SMYD3,0.967296425514956,0.009230510598462471,1,1,1,CD8 T cell
GGPS1,0.9673166500287249,-0.003412379230432583,1,1,1,CD8 T cell
MAN2B2,0.9673936509123001,-6.042649327617222e-4,1,1,1,CD8 T cell
TGFBI,0.9674938964725541,0.00970944453698408,1,1,1,CD8 T cell
GPR157,0.9675325720856047,0.0027131335586347838,1,1,1,CD8 T cell
ZNF431,0.967596562931832,0.04983984301622346,1,0.917,1,CD8 T cell
PCM1,0.9676535526661016,0.007427525985631123,1,1,1,CD8 T cell
MARK1,0.9676908606273029,0.0010077560648458217,0.083,0.083,1,CD8 T cell
RXRG,0.9676908606273029,0.0010077560648458217,0.083,0.083,1,CD8 T cell
TTN,0.9677591932047551,0.02821114786660095,1,1,1,CD8 T cell
MAD2L1,0.967763442240454,0.013504058421660137,1,1,1,CD8 T cell
TOR1AIP1,0.9677838691012576,-0.014813909096334399,1,1,1,CD8 T cell
GALNT11,0.9678157303537651,0.013954403937164295,1,1,1,CD8 T cell
MSRB3,0.9678820357398705,-3.8200568144031166e-4,0.167,0.167,1,CD8 T cell
OR3A2,0.9678976524254447,-0.010003366057925511,0.583,0.667,1,CD8 T cell
CCDC175,0.9678999520673047,0.007009120861916962,0.083,0.167,1,CD8 T cell
TLR9,0.9680145305121185,0.008358566734403716,0.833,0.833,1,CD8 T cell
COMMD7,0.9680832096919234,0.00422572095454693,1,1,1,CD8 T cell
TFDP1,0.9681155782418674,0.0214104085777298,1,1,1,CD8 T cell
GDF11,0.9681196412967636,0.0022835425173219903,1,1,1,CD8 T cell
NMRK1,0.9681224537197561,0.012394899009032623,1,1,1,CD8 T cell
SELL,0.9681633178412902,0.02216641857753876,1,1,1,CD8 T cell
ASS1,0.9682725918598547,0.0111775901537845,1,1,1,CD8 T cell
HAMP,0.9682762153757631,-5.748848782740623e-4,0.25,0.25,1,CD8 T cell
RAB42,0.9682955829449706,-0.0017439513235784077,0.083,0.167,1,CD8 T cell
MORC1,0.9683044847390067,-4.0969115806355205e-4,0.25,0.25,1,CD8 T cell
DISP1,0.9683223003537592,-0.033945798334453325,1,1,1,CD8 T cell
CYFIP1,0.9683248452971076,-0.007083026293669636,1,1,1,CD8 T cell
ARHGAP35,0.9683326619434349,0.005350643026831303,1,1,1,CD8 T cell
DHRS3,0.9684089184577528,0.01578664458989698,1,1,1,CD8 T cell
EAF2,0.9684146253599555,0.04802278929833381,1,1,1,CD8 T cell
DLG2,0.9684369960117255,-0.036988061384239934,0.917,1,1,CD8 T cell
AICDA,0.9684509137918015,4.5646316378267215e-4,0.083,0.083,1,CD8 T cell
DOCK8-AS1,0.9685195259960832,7.753005130397561e-4,0.417,0.417,1,CD8 T cell
IMP4,0.968608492184257,-0.01264255620318333,1,1,1,CD8 T cell
TMPPE,0.9686398674448763,0.007381699460199176,1,1,1,CD8 T cell
RLIM,0.9686400429653483,0.007149721384355878,1,1,1,CD8 T cell
FBXO30,0.96866550015962,0.019272687717308612,1,1,1,CD8 T cell
ING2,0.9687485254550309,-0.01317630705437578,1,1,1,CD8 T cell
SOS2,0.9688278004359392,0.015849137828668536,1,1,1,CD8 T cell
FHL1,0.96884119034455,0.009313818836443222,1,1,1,CD8 T cell
HAUS3,0.9688841319489105,-0.0017018827968395423,1,1,1,CD8 T cell
PRSS51,0.9688879903054647,-7.040284083830173e-4,0.417,0.583,1,CD8 T cell
CLPTM1L,0.9689403865513004,0.007216842034704296,1,1,1,CD8 T cell
FAM117B,0.9689910797363316,0.006335067797600846,1,1,1,CD8 T cell
ZDHHC4,0.9690087112268896,8.086107796001496e-4,1,1,1,CD8 T cell
THSD4,0.9690243541809302,3.856032861579983e-4,0.083,0.167,1,CD8 T cell
EXOC4,0.9690508399128447,0.008316199800159796,1,1,1,CD8 T cell
DNAJC6,0.969059702428322,0.023924280866038927,1,1,1,CD8 T cell
ETFB,0.9691031811066214,-0.002715411014169389,1,1,1,CD8 T cell
NOL4L,0.9692224281647545,-0.00648503221683153,1,1,1,CD8 T cell
P2RY1,0.9692291510350584,0.0012949545864300305,0.333,0.417,1,CD8 T cell
BCL2L2,0.9692315318011043,-0.011786450270781401,1,1,1,CD8 T cell
ARHGAP18,0.9692704463745733,0.005611922804426572,1,1,1,CD8 T cell
DENND2B,0.9694141617376155,-0.00463063158767163,0.75,0.917,1,CD8 T cell
OR51B5,0.9694496546051458,0.006504713232008186,0.167,0.167,1,CD8 T cell
GJB1,0.9694965116738561,-2.3481946388370645e-4,0.083,0.167,1,CD8 T cell
HCST,0.9695022383561532,0.0031937170639722012,1,1,1,CD8 T cell
KIF15,0.9695149002861748,7.034906011225139e-4,1,1,1,CD8 T cell
FRRS1,0.9696106657916382,8.161600085250242e-4,1,0.917,1,CD8 T cell
FAM219B,0.9696291080106366,0.01950508661985806,1,1,1,CD8 T cell
RIOX2,0.9696803658136653,0.012586409592050929,1,1,1,CD8 T cell
SUN1,0.9696893751158554,0.009016258017446321,1,1,1,CD8 T cell
PPA2,0.9697568771110525,0.020901673104670393,1,1,1,CD8 T cell
SLC1A5,0.9697844121379641,-0.0043294046001652875,1,1,1,CD8 T cell
TRAPPC3L,0.9698047114323072,0.0018114738047128043,0.25,0.25,1,CD8 T cell
TAPBP,0.969837222544692,0.012199743447899092,1,1,1,CD8 T cell
BACE1,0.9699888862485815,-0.007202279960919711,0.667,0.75,1,CD8 T cell
LRRC74B,0.9700113203409093,-8.245696065065644e-4,0.167,0.167,1,CD8 T cell
OCIAD1,0.9700191146859545,-4.162151462885344e-4,1,1,1,CD8 T cell
GUCY1A1,0.9700357406983864,-0.004337429153180583,0.5,0.583,1,CD8 T cell
GNAI1,0.9700472091104724,0.0025448217451007338,0.333,0.417,1,CD8 T cell
SRSF11,0.9701808699449092,-0.005718341290035733,1,1,1,CD8 T cell
TEAD1,0.9702357167817981,7.127171432248502e-4,0.25,0.25,1,CD8 T cell
DNAJB14,0.9702565580998433,0.0020347300621519904,1,1,1,CD8 T cell
MTIF3,0.9702594740855365,0.018633422361316432,1,1,1,CD8 T cell
RIPOR1,0.9702843888292307,-0.016588504654211356,1,1,1,CD8 T cell
ATP5MC3,0.9703138394759018,0.010748265321005535,1,1,1,CD8 T cell
FNDC3A,0.970332324455955,0.026836029293655264,1,1,1,CD8 T cell
HYDIN,0.9703324355327883,0.014206408064543652,0.333,0.333,1,CD8 T cell
DBF4B,0.9703898649506487,-0.01863178887824457,1,1,1,CD8 T cell
SRSF8,0.9704181914559988,0.005082520782008881,1,1,1,CD8 T cell
KIF20B,0.9704479441264414,-0.0011581436237659837,1,1,1,CD8 T cell
C4orf45,0.9704482721048511,-4.65068360444576e-4,0.083,0.083,1,CD8 T cell
C22orf42,0.9704482721048511,-4.65068360444576e-4,0.083,0.083,1,CD8 T cell
BATF,0.9704830644688345,-4.996037306430057e-4,1,1,1,CD8 T cell
METTL16,0.9704937858049327,7.039120114362141e-4,1,1,1,CD8 T cell
RHOBTB2,0.9705899914178802,5.11811206238999e-4,1,1,1,CD8 T cell
PRR15,0.9705907545485876,0.0010109923831835843,0.083,0.083,1,CD8 T cell
GCH1,0.9706808673186534,0.0466576923782096,1,1,1,CD8 T cell
TTC39A,0.9707247908360876,-0.002358646728734648,0.417,0.417,1,CD8 T cell
HHATL,0.9707389829810175,-5.781474034747269e-4,0.167,0.167,1,CD8 T cell
KIAA0319L,0.9707475159512015,0.003820167432995958,1,1,1,CD8 T cell
TNFRSF10A,0.9708176951105557,0.005767738300932468,1,1,1,CD8 T cell
SNAI3,0.970817877707022,0.014127983361646557,1,1,1,CD8 T cell
SDR9C7,0.9708440890794062,0.013024160014669661,0.167,0.25,1,CD8 T cell
RECQL,0.9708656922691565,0.005216325745678541,1,1,1,CD8 T cell
LRFN1,0.9708706529738458,-0.014133610356618975,1,1,1,CD8 T cell
AHSP,0.9709719884492288,-3.88007227082543e-4,0.083,0.167,1,CD8 T cell
FOXM1,0.9710065120446031,0.020310933916847684,0.917,1,1,CD8 T cell
COL19A1,0.9711402148559446,0.007894248551742145,0.5,0.5,1,CD8 T cell
NUCB2,0.9712019357234885,0.0014197354970841847,1,1,1,CD8 T cell
CMKLR2,0.9712952672642705,4.5969948212043477e-4,0.083,0.083,1,CD8 T cell
FAM131C,0.9712952672642705,4.5969948212043477e-4,0.083,0.083,1,CD8 T cell
SLC34A3,0.9712952672642705,4.5969948212043477e-4,0.083,0.083,1,CD8 T cell
ZNF43,0.9713397765158522,-0.00171359781892777,1,1,1,CD8 T cell
LY6G6C,0.97134067838714655,-0.00368615664676053,0.167,0.167,1,CD8 T cell
TTL,0.9713450437382501,0.016312141270867886,1,1,1,CD8 T cell
STIM1,0.971363123305224,0.005530021288280729,1,1,1,CD8 T cell
GATB,0.9715121411689955,-0.02895644318523205,1,1,1,CD8 T cell
TMX3,0.9716085785463576,0.019664849088945224,1,1,1,CD8 T cell
EXOC3,0.9716170653839289,0.008056994341042123,1,1,1,CD8 T cell
NRP2,0.971679473381046,-0.012214955998615107,0.167,0.25,1,CD8 T cell
ARF5,0.9716945974653024,-0.011166472797049298,1,1,1,CD8 T cell
SELENOW,0.9717039696725195,0.015916750600132312,1,1,1,CD8 T cell
AKT3,0.9718535345415416,0.01379479968209163,1,1,1,CD8 T cell
PATL2,0.9718572758646709,0.018695053785347082,1,1,1,CD8 T cell
DRD3,0.9718896790525527,-0.010704027989936193,1,0.833,1,CD8 T cell
NPIPB15,0.9718921482463364,0.009234821690331518,0.75,0.833,1,CD8 T cell
LDHB,0.9719602358728694,0.009641783637948986,1,1,1,CD8 T cell
BCAS3,0.9719864284529711,0.0028616289342434167,1,1,1,CD8 T cell
TRIM25,0.9720700731616678,0.024118202985106085,1,1,1,CD8 T cell
CXXC1,0.9721126520000672,0.03099755206110752,1,1,1,CD8 T cell
CCDC28B,0.9721202592345684,-0.0020426306455263443,1,1,1,CD8 T cell
TEKT5,0.9721209797889303,-0.003797380933797445,0.25,0.25,1,CD8 T cell
TNS4,0.9722114740416321,2.2302641282268e-4,0.083,0.083,1,CD8 T cell
ONECUT1,0.9722114740416321,2.2302641282268e-4,0.083,0.083,1,CD8 T cell
CNGA1,0.9722114740416321,2.2302641282268e-4,0.083,0.083,1,CD8 T cell
TPTE2,0.9722138738924062,2.2643416676126904e-4,0.083,0.083,1,CD8 T cell
STK32B,0.9722138738924062,2.2643416676126904e-4,0.083,0.083,1,CD8 T cell
ITLN2,0.9722138738924062,2.2643416676126904e-4,0.083,0.083,1,CD8 T cell
LLCFC1,0.9722138738924062,2.2643416676126904e-4,0.083,0.083,1,CD8 T cell
DEPP1,0.9722138738924062,2.2643416676126904e-4,0.083,0.083,1,CD8 T cell
SLC38A8,0.9722138738924062,2.2643416676126904e-4,0.083,0.083,1,CD8 T cell
PLAC1,0.9722138738924062,2.2643416676126904e-4,0.083,0.083,1,CD8 T cell
OR4F15,0.9722138738924062,2.2643416676126904e-4,0.083,0.083,1,CD8 T cell
TMPRSS11B,0.9722138738924062,2.2643416676126904e-4,0.083,0.083,1,CD8 T cell
C3orf38,0.9722738175364783,0.011946589875976521,1,1,1,CD8 T cell
SYT11,0.9722952720841033,0.003709925118170948,1,1,1,CD8 T cell
ZNRF2,0.9723493227014287,0.005567490674518671,1,1,1,CD8 T cell
PLEKHG3,0.9724035418863498,0.011138449924125604,1,1,1,CD8 T cell
RTL5,0.9724131506306753,0.007851458196610483,0.917,0.917,1,CD8 T cell
FST,0.9724935575129461,-0.0036321302903976616,0.167,0.167,1,CD8 T cell
PIMREG,0.9725172994490718,-0.002981308345512801,0.167,0.167,1,CD8 T cell
SLC39A7,0.9725251463565189,-0.019182276700596024,1,1,1,CD8 T cell
SCO2,0.9725280120836589,-0.012419298591201722,1,1,1,CD8 T cell
CFAP61,0.9725578823882901,4.913881273749254e-5,0.25,0.25,1,CD8 T cell
DGKB,0.9725868566985101,0.0013887527342326678,0.167,0.083,1,CD8 T cell
RAD52,0.9726375526605351,0.010979217252386597,1,1,1,CD8 T cell
SLC27A5,0.9726649726171291,-0.027416358885570258,1,1,1,CD8 T cell
NKTR,0.9727820400493873,0.009474381432264645,1,1,1,CD8 T cell
MT2A,0.9727904527307943,0.002164763588324403,1,1,1,CD8 T cell
SLC25A24,0.9728231552916815,-0.006597554430042063,1,1,1,CD8 T cell
KRTAP12-3,0.9729353279713764,0.015510626512805992,0.417,0.5,1,CD8 T cell
HSD17B13,0.9729685861385045,0.0174681319279415,1,1,1,CD8 T cell
ABI2,0.9729736074171297,0.024373623399752742,1,1,1,CD8 T cell
SYT3,0.9729849411840465,-0.0014880085056270254,0.167,0.417,1,CD8 T cell
DPF2,0.9730060521044882,0.020513496318650792,1,1,1,CD8 T cell
AK5,0.9730835768005223,-0.00419358437352324,1,1,1,CD8 T cell
COX5B,0.9733482279016554,0.009324704203509483,1,1,1,CD8 T cell
USP19,0.9733618301456837,-0.01171444540033012,1,1,1,CD8 T cell
PGLYRP1,0.9733627898252808,-6.031637974315274e-4,0,0.083,1,CD8 T cell
CTTNBP2,0.9733627898252808,-6.031637974315274e-4,0,0.083,1,CD8 T cell
FAT1,0.9733627898252808,-6.031637974315274e-4,0,0.083,1,CD8 T cell
HSD17B2,0.9733627898252808,-6.031637974315274e-4,0,0.083,1,CD8 T cell
NXPE1,0.9733627898252808,-6.031637974315274e-4,0,0.083,1,CD8 T cell
CRISP3,0.9733627898252808,-6.031637974315274e-4,0,0.083,1,CD8 T cell
PALM,0.9733627898252808,-6.031637974315274e-4,0,0.083,1,CD8 T cell
PLEK2,0.9733627898252808,-6.031637974315274e-4,0,0.083,1,CD8 T cell
ASIP,0.9733627898252808,-6.031637974315274e-4,0,0.083,1,CD8 T cell
PCDH11X,0.9733627898252808,-6.031637974315274e-4,0,0.083,1,CD8 T cell
ESRP2,0.9733627898252808,-6.031637974315274e-4,0,0.083,1,CD8 T cell
WFDC1,0.9733627898252808,-6.031637974315274e-4,0,0.083,1,CD8 T cell
CRYM,0.9733627898252808,-6.031637974315274e-4,0,0.083,1,CD8 T cell
KLC3,0.9733627898252808,-6.031637974315274e-4,0,0.083,1,CD8 T cell
ECM2,0.9733627898252808,-6.031637974315274e-4,0,0.083,1,CD8 T cell
TLX1,0.9733627898252808,-6.031637974315274e-4,0,0.083,1,CD8 T cell
APOC3,0.9733627898252808,-6.031637974315274e-4,0,0.083,1,CD8 T cell
ARFGEF3,0.9733627898252808,-6.031637974315274e-4,0,0.083,1,CD8 T cell
SLC4A9,0.9733627898252808,-6.031637974315274e-4,0,0.083,1,CD8 T cell
HRG,0.9733627898252808,-6.031637974315274e-4,0,0.083,1,CD8 T cell
FNDC4,0.9733627898252808,-6.031637974315274e-4,0,0.083,1,CD8 T cell
IL1RL2,0.9733627898252808,-6.031637974315274e-4,0,0.083,1,CD8 T cell
CCDC181,0.9733627898252808,-6.031637974315274e-4,0,0.083,1,CD8 T cell
CRHR1,0.9733627898252808,-6.031637974315274e-4,0,0.083,1,CD8 T cell
LRAT,0.9733627898252808,-6.031637974315274e-4,0,0.083,1,CD8 T cell
SEMG2,0.9733627898252808,-6.031637974315274e-4,0,0.083,1,CD8 T cell
SEMG1,0.9733627898252808,-6.031637974315274e-4,0,0.083,1,CD8 T cell
KCNK17,0.9733627898252808,-6.031637974315274e-4,0,0.083,1,CD8 T cell
APOL5,0.9733627898252808,-6.031637974315274e-4,0,0.083,1,CD8 T cell
CPA4,0.9733627898252808,-6.031637974315274e-4,0,0.083,1,CD8 T cell
DUSP9,0.9733627898252808,-6.031637974315274e-4,0,0.083,1,CD8 T cell
CHL1,0.9733627898252808,-6.031637974315274e-4,0,0.083,1,CD8 T cell
BTG4,0.9733627898252808,-6.031637974315274e-4,0,0.083,1,CD8 T cell
SSTR1,0.9733627898252808,-6.031637974315274e-4,0,0.083,1,CD8 T cell
DPT,0.9733627898252808,-6.031637974315274e-4,0,0.083,1,CD8 T cell
PCDH15,0.9733627898252808,-6.031637974315274e-4,0,0.083,1,CD8 T cell
ADGRL3,0.9733627898252808,-6.031637974315274e-4,0,0.083,1,CD8 T cell
PTPRN2,0.9733627898252808,-6.031637974315274e-4,0,0.083,1,CD8 T cell
NTNG1,0.9733627898252808,-6.031637974315274e-4,0,0.083,1,CD8 T cell
VANGL2,0.9733627898252808,-6.031637974315274e-4,0,0.083,1,CD8 T cell
EN1,0.9733627898252808,-6.031637974315274e-4,0,0.083,1,CD8 T cell
CLDN1,0.9733627898252808,-6.031637974315274e-4,0,0.083,1,CD8 T cell
GRIK3,0.9733627898252808,-6.031637974315274e-4,0,0.083,1,CD8 T cell
TLX3,0.9733627898252808,-6.031637974315274e-4,0,0.083,1,CD8 T cell
ASB11,0.9733627898252808,-6.031637974315274e-4,0,0.083,1,CD8 T cell
VEGFD,0.9733627898252808,-6.031637974315274e-4,0,0.083,1,CD8 T cell
SLC16A9,0.9733627898252808,-6.031637974315274e-4,0,0.083,1,CD8 T cell
WDR72,0.9733627898252808,-6.031637974315274e-4,0,0.083,1,CD8 T cell
TMEM130,0.9733627898252808,-6.031637974315274e-4,0,0.083,1,CD8 T cell
KRT80,0.9733627898252808,-6.031637974315274e-4,0,0.083,1,CD8 T cell
RAB3IL1,0.9733627898252808,-6.031637974315274e-4,0,0.083,1,CD8 T cell
TXNDC2,0.9733627898252808,-6.031637974315274e-4,0,0.083,1,CD8 T cell
NRG4,0.9733627898252808,-6.031637974315274e-4,0,0.083,1,CD8 T cell
OR1N2,0.9733627898252808,-6.031637974315274e-4,0,0.083,1,CD8 T cell
OR5B3,0.9733627898252808,-6.031637974315274e-4,0,0.083,1,CD8 T cell
XKR3,0.9733627898252808,-6.031637974315274e-4,0,0.083,1,CD8 T cell
WFIKKN2,0.9733627898252808,-6.031637974315274e-4,0,0.083,1,CD8 T cell
ZCCHC12,0.9733627898252808,-6.031637974315274e-4,0,0.083,1,CD8 T cell
CD164L2,0.9733627898252808,-6.031637974315274e-4,0,0.083,1,CD8 T cell
PGBD5,0.9733627898252808,-6.031637974315274e-4,0,0.083,1,CD8 T cell
NAALADL2,0.9733627898252808,-6.031637974315274e-4,0,0.083,1,CD8 T cell
PPP1R42,0.9733627898252808,-6.031637974315274e-4,0,0.083,1,CD8 T cell
NEUROG2,0.9733627898252808,-6.031637974315274e-4,0,0.083,1,CD8 T cell
KPNA7,0.9733627898252808,-6.031637974315274e-4,0,0.083,1,CD8 T cell
BPIFB4,0.9733627898252808,-6.031637974315274e-4,0,0.083,1,CD8 T cell
C3orf70,0.9733627898252808,-6.031637974315274e-4,0,0.083,1,CD8 T cell
P2RX2,0.9733627898252808,-6.031637974315274e-4,0,0.083,1,CD8 T cell
OR2M2,0.9733627898252808,-6.031637974315274e-4,0,0.083,1,CD8 T cell
TCEAL6,0.9733627898252808,-6.031637974315274e-4,0,0.083,1,CD8 T cell
TSSK1B,0.9733627898252808,-6.031637974315274e-4,0,0.083,1,CD8 T cell
IQCF5,0.9733627898252808,-6.031637974315274e-4,0,0.083,1,CD8 T cell
RNF212B,0.9733627898252808,-6.031637974315274e-4,0,0.083,1,CD8 T cell
RNF223,0.9733627898252808,-6.031637974315274e-4,0,0.083,1,CD8 T cell
ARHGDIG,0.9733627898252808,-6.031637974315274e-4,0,0.083,1,CD8 T cell
MT1HL1,0.9733627898252808,-6.031637974315274e-4,0,0.083,1,CD8 T cell
TMEM150C,0.9733627898252808,-6.031637974315274e-4,0,0.083,1,CD8 T cell
TRNP1,0.9733627898252808,-6.031637974315274e-4,0,0.083,1,CD8 T cell
PCDHA3,0.9733627898252808,-6.031637974315274e-4,0,0.083,1,CD8 T cell
DNAAF11,0.9734699969238322,0.008744814027484615,1,1,1,CD8 T cell
IAH1,0.9735922758821384,0.0034081222495058183,1,1,1,CD8 T cell
CPNE1,0.9736190384901103,0.007181215507698457,1,1,1,CD8 T cell
TMEM161A,0.9736489029113159,-0.023821595249823524,1,1,1,CD8 T cell
IL13,0.9736655091891213,0.017872785155798265,0.75,0.833,1,CD8 T cell
TLCD3A,0.9736699113553028,0.010146763158241257,1,1,1,CD8 T cell
PCDHB13,0.9736705296222558,0.006190050124120994,0.417,0.5,1,CD8 T cell
LGI3,0.9737374186266021,0.0012103947351933542,0.167,0.25,1,CD8 T cell
IL27RA,0.9737605813894645,0.009039571602447949,1,1,1,CD8 T cell
STXBP2,0.9738375786032321,0.021981022076282775,1,1,1,CD8 T cell
OSBPL3,0.9739738451202932,0.006756572874985878,1,1,1,CD8 T cell
KIF26A,0.9739847953858328,-0.011243679289265174,0.25,0.333,1,CD8 T cell
GLI1,0.9740253489341514,0.005484533651775703,0.667,0.667,1,CD8 T cell
SMCHD1,0.9740460025764519,0.011610157520610453,1,1,1,CD8 T cell
SPEF1,0.9740721445089524,-0.002257923251119731,0.083,0.25,1,CD8 T cell
SPINK2,0.9741163037593246,-0.02684713685724871,0.5,0.667,1,CD8 T cell
NACAD,0.9741469500374527,0.01612929001811425,1,0.917,1,CD8 T cell
JAKMIP3,0.9741641722812505,0.002561539991202011,1,0.917,1,CD8 T cell
GRK3,0.974167459283046,0.016011844825090105,1,1,1,CD8 T cell
CLIC1,0.9741697701586765,-0.012519881292550605,1,1,1,CD8 T cell
CABLES2,0.9741995488058158,-2.3626830033984803e-4,1,1,1,CD8 T cell
ADAMTS4,0.9743243218907789,-7.282370493810753e-4,0.5,0.583,1,CD8 T cell
TWF2,0.9743283638900472,0.0041636301130904,1,1,1,CD8 T cell
NUDT13,0.9743798556366533,0.017259347902461197,1,1,1,CD8 T cell
LY6E,0.9744360250681116,0.014035470199643463,1,1,1,CD8 T cell
TSPAN9,0.9744944522886126,-0.033835647684378856,0.917,1,1,CD8 T cell
PPRC1,0.9745279052775265,0.023386677773745257,1,1,1,CD8 T cell
ELMOD2,0.9745647243053027,-0.029855035650880102,1,1,1,CD8 T cell
TLR7,0.9746231806071654,0.031589810870690016,0.917,0.583,1,CD8 T cell
SCN3A,0.9746860178559787,3.7803993981233575e-4,0.25,0.25,1,CD8 T cell
MEI4,0.9747377253950811,-0.006277728873269162,0.167,0.083,1,CD8 T cell
HIRIP3,0.9747414757992149,-0.025637978570153486,1,1,1,CD8 T cell
CCBE1,0.9747885094798503,3.4229079055281275e-4,0.167,0.083,1,CD8 T cell
BAG4,0.9747974337360396,-0.010441123203961844,1,1,1,CD8 T cell
LFNG,0.9748072517902896,0.005418256593831106,1,1,1,CD8 T cell
IL1RL1,0.9748370884415902,0.010296619445965938,0.333,0.333,1,CD8 T cell
TCF25,0.9748533987330283,0.004048692318602276,1,1,1,CD8 T cell
MED15,0.9748669867345793,0.011634200499269554,1,1,1,CD8 T cell
EGFL7,0.9749370569144361,0.020472681917626634,0.583,0.5,1,CD8 T cell
HAAO,0.9750261215635667,-0.0014858203436589612,0.333,0.5,1,CD8 T cell
OR10H1,0.975026502209859,2.262627311604426e-4,0.083,0.083,1,CD8 T cell
S100A3,0.975026502209859,2.262627311604426e-4,0.083,0.083,1,CD8 T cell
ZNF497,0.9750760880040232,0.01596603354677617,0.833,0.667,1,CD8 T cell
SCN9A,0.9750932010385049,-0.011860381082769322,0.25,0.25,1,CD8 T cell
CD48,0.9752138086137678,0.0030493719622870508,1,1,1,CD8 T cell
TUSC3,0.9752451665421116,0.011822911846193218,0.083,0.25,1,CD8 T cell
STK33,0.9752990857876297,-0.016650719601302377,0.917,1,1,CD8 T cell
RELL1,0.975313749805625,0.010379239086792447,1,1,1,CD8 T cell
PXDN,0.975411182721386,0.012559431498245566,0.833,0.75,1,CD8 T cell
ZNF738,0.9754555295765192,-0.005799010677755123,1,1,1,CD8 T cell
PRELID3B,0.9754555960783332,0.024865527962777634,1,1,1,CD8 T cell
MAP3K20,0.9755005969454087,0.004778564684960518,1,1,1,CD8 T cell
RSPRY1,0.9756655990993908,0.021084989074941052,1,1,1,CD8 T cell
MAP4K2,0.9757069147439611,0.00620686867116893,1,1,1,CD8 T cell
ARHGAP33,0.9757328378918475,-0.03136878372991392,1,1,1,CD8 T cell
RAB7A,0.9757515623206765,0.003400751664895646,1,1,1,CD8 T cell
CATSPERB,0.975753789565272,0.013676414465774833,1,1,1,CD8 T cell
VPREB3,0.9757567010390407,0.001105913157826599,0.5,0.417,1,CD8 T cell
LSS,0.9758259905038846,0.005453824697330523,1,1,1,CD8 T cell
EXOC2,0.975843762327747,0.00707941997367012,1,1,1,CD8 T cell
TRAPPC1,0.9758529736439879,0.019469956527014665,1,1,1,CD8 T cell
DPP7,0.9758824512558084,0.006269588937338089,1,1,1,CD8 T cell
ANKRD37,0.9759294825700325,0.06506238489255178,1,1,1,CD8 T cell
ECT2L,0.9759547732202345,0.009681494506054822,0.667,0.583,1,CD8 T cell
ISCA2,0.9759792269122479,-0.015745097209958425,1,1,1,CD8 T cell
LAMTOR5,0.9760158891013094,-0.003125728723275212,1,1,1,CD8 T cell
TMEM109,0.9760478140981605,0.010776476174073846,1,1,1,CD8 T cell
PGAP6,0.9760783984560084,-0.0018438129387947366,1,1,1,CD8 T cell
KLF7,0.9763127301493884,-0.004963224397831034,1,1,1,CD8 T cell
ALDH3A1,0.9763811489455342,0.013326088735226449,0.083,0.083,1,CD8 T cell
HCN4,0.9763811489455342,0.011559705309111656,0.083,0.083,1,CD8 T cell
LURAP1L,0.9763811489455342,0.007844245671634997,0.083,0.083,1,CD8 T cell
ATP7B,0.976381592632698,-0.009810331305249331,0.75,0.917,1,CD8 T cell
MROH6,0.9764110098511732,0.03001173423060166,1,1,1,CD8 T cell
LSM11,0.9765213728249532,-0.04179773426392375,1,1,1,CD8 T cell
TM9SF2,0.9765284858709727,0.005584630856730666,1,1,1,CD8 T cell
NOP53,0.9765531947020265,0.010521533674764605,1,1,1,CD8 T cell
ORC6,0.9766035527197106,0.04319636701278817,1,1,1,CD8 T cell
ABCC11,0.9767874627447984,3.0946321303693125e-4,0.167,0.25,1,CD8 T cell
GABBR1,0.9767968062097139,8.591531429273935e-4,1,1,1,CD8 T cell
CFAP44,0.9768018328162861,0.022352334478692892,1,1,1,CD8 T cell
IGDCC4,0.9768631532316254,-4.0300952604743756e-4,0.25,0.167,1,CD8 T cell
GADD45A,0.9768637148198336,0.028506433531340747,1,1,1,CD8 T cell
SPDYC,0.9768720845394793,-4.61491931657676e-4,0.083,0.167,1,CD8 T cell
STK3,0.9769258344766064,-0.016705252944785975,1,1,1,CD8 T cell
ATM,0.9770619911471721,0.004265804790336336,1,1,1,CD8 T cell
ZNF747,0.9770784650751124,-0.008711332744994582,1,1,1,CD8 T cell
ANKRD13A,0.9771547594938281,0.008809230310337562,1,1,1,CD8 T cell
PPIL2,0.9771667900444715,0.011152356661696117,1,1,1,CD8 T cell
NINJ2,0.9771975936775968,0.006370084675753507,1,1,1,CD8 T cell
ITGAL,0.9772197644787511,0.003877452047021279,1,1,1,CD8 T cell
ACSF3,0.9772489101450909,0.019756427330547333,1,1,1,CD8 T cell
SULT2B1,0.9772972015834963,-9.437426356599943e-4,0.583,0.667,1,CD8 T cell
DDTL,0.9773822305113421,0.01723162242514542,0.917,0.917,1,CD8 T cell
UQCRC1,0.9774430501670515,0.004743864266025244,1,1,1,CD8 T cell
CCRL2,0.9776300823205,0.0105158859366008,0.917,1,1,CD8 T cell
SETD1A,0.9776736021012596,0.011245328081168182,1,1,1,CD8 T cell
PMCH,0.9776798344648627,-0.007782944781697054,0.083,0.083,1,CD8 T cell
SIAH3,0.9776798344648627,-0.007782944781697054,0.083,0.083,1,CD8 T cell
HEPH,0.9776798346119847,-0.007428882839403794,0.083,0.083,1,CD8 T cell
NXF3,0.9776798346119847,-0.007428882839403794,0.083,0.083,1,CD8 T cell
FAM229A,0.9776880086423138,-0.01049325471271434,1,1,1,CD8 T cell
TUFT1,0.9777874667024037,-0.009638629417304756,1,1,1,CD8 T cell
F3,0.9778195480331335,0.0035149489219667984,0.167,0.167,1,CD8 T cell
HELZ,0.9779298298583197,0.014220489817108328,1,1,1,CD8 T cell
SDHAF4,0.9779416650030518,0.010146416401004332,1,1,1,CD8 T cell
LAMA5,0.9780148317611571,0.0017098366123433628,0.5,0.417,1,CD8 T cell
NUP85,0.9780689372194082,0.03439839955524218,1,1,1,CD8 T cell
GOLGA8M,0.9781589149846999,0.010677294254128888,0.417,0.333,1,CD8 T cell
TRAPPC6B,0.9781732651165193,-0.0049851061011941256,1,1,1,CD8 T cell
ADRA2A,0.9782648548006612,0.0013676495081025308,0.083,0.167,1,CD8 T cell
H2AC11,0.978265180090723,0.017068323637357885,1,1,1,CD8 T cell
MBOAT4,0.9782790701183874,0.027400289527070854,0.75,0.667,1,CD8 T cell
TRMT1,0.9783120331536476,0.006535040227287847,1,1,1,CD8 T cell
GCAT,0.9783169570820704,-0.011307946777523004,0.667,0.667,1,CD8 T cell
PPP1R21,0.9783250473927967,0.013262614377122145,1,1,1,CD8 T cell
EXOC3L2,0.9783264996541646,0.00409666704073075,0.083,0.083,1,CD8 T cell
OCLN,0.9783323898322414,0.015067184015080226,0.833,0.917,1,CD8 T cell
CHCHD3,0.9783403345905435,0.01621563932108716,1,1,1,CD8 T cell
BICD1,0.978411160805107,0.022010050659975522,1,1,1,CD8 T cell
THOC2,0.9784185733690314,-0.011179970445603062,1,1,1,CD8 T cell
RNF166,0.9784481294370039,0.001976706150416785,1,1,1,CD8 T cell
AMIGO2,0.9784854240232763,-0.003897694218010561,1,1,1,CD8 T cell
C22orf15,0.9785052983064885,0.0065160052926165335,0.917,1,1,CD8 T cell
CBY2,0.9786613269626991,0.009141935480550423,0.167,0.167,1,CD8 T cell
PSMC1,0.9786800516848716,-0.0026172221574571886,1,1,1,CD8 T cell
MOBP,0.9787369701050345,0.00784748198997276,0.083,0.083,1,CD8 T cell
NEO1,0.9788137370508986,0.012719601426977256,1,1,1,CD8 T cell
POGZ,0.9788676440148447,0.013658811022577155,1,1,1,CD8 T cell
UBL4B,0.9789290891779054,-4.647256715566428e-4,0.083,0.083,1,CD8 T cell
ZNF250,0.9789444147217984,0.030609751392744133,1,1,1,CD8 T cell
SCRIB,0.9789459667913919,-0.017019454024557512,1,1,1,CD8 T cell
TC2N,0.9789462287652324,0.0066901983979708035,1,1,1,CD8 T cell
ADPRH,0.9789712600036304,-0.0228634702878181,1,1,1,CD8 T cell
TRABD2A,0.9790174671989527,0.009064199643370241,1,1,1,CD8 T cell
CREB3L3,0.9790356628314993,0.028016988789257624,0.5,0.333,1,CD8 T cell
TMSB15B,0.979164989712753,0.02046772757712123,1,1,1,CD8 T cell
CYBRD1,0.9791805410929036,0.022758941218320672,1,1,1,CD8 T cell
CR2,0.9791869456564836,6.277298328378755e-4,0.167,0.167,1,CD8 T cell
DNASE2,0.9792436252371491,0.0221666390909854,1,1,1,CD8 T cell
MTM1,0.9792761882375632,-0.0012574352061671679,1,1,1,CD8 T cell
FAAP20,0.9794117980123399,0.018815836799137342,1,1,1,CD8 T cell
HAVCR1,0.9794151167508262,-0.0034903830145118775,0.333,0.5,1,CD8 T cell
MYO1G,0.9794361239214733,0.008293250387800821,1,1,1,CD8 T cell
USP49,0.9794527935285432,0.019640898376115157,1,1,1,CD8 T cell
P2RX3,0.9794963671388137,0.0018199376361374142,0.083,0.083,1,CD8 T cell
TPD52L1,0.9794963671388137,0.0018199376361374142,0.083,0.083,1,CD8 T cell
MMEL1,0.9794963671388137,0.0018199376361374142,0.083,0.083,1,CD8 T cell
ABCA7,0.979510914189969,0.021610131598778892,1,1,1,CD8 T cell
GTF2A2,0.9795521744612561,-0.006439432447310878,1,1,1,CD8 T cell
ZNF263,0.9795583095829201,0.02259620656423733,1,1,1,CD8 T cell
ECSCR,0.9796908416860134,-4.3813453110885803e-4,0.833,0.833,1,CD8 T cell
MERTK,0.9796948230431936,0.023564498984324445,0.917,0.583,1,CD8 T cell
RNASE1,0.9797460484323364,4.0118533300503856e-4,0.083,0.083,1,CD8 T cell
CSNK1D,0.9797719353676606,-0.010216958716320446,1,1,1,CD8 T cell
ISOC1,0.9798392174058025,0.007685895362077866,1,1,1,CD8 T cell
ABHD15,0.9799471172943282,0.025960093785578175,1,1,1,CD8 T cell
CRHBP,0.9800264952448786,-0.016693478842277454,0.417,0.5,1,CD8 T cell
ZNF483,0.9800282150972631,0.005518443161628861,1,1,1,CD8 T cell
MAMLD1,0.9800292289433505,-0.010202924644738154,1,1,1,CD8 T cell
PDCD7,0.9800616354169451,0.03103843370887871,1,1,1,CD8 T cell
SMIM7,0.9800656657363618,0.009592245135896404,1,1,1,CD8 T cell
GATC,0.980118631545404,0.006443433206082316,1,1,1,CD8 T cell
ATP8A1,0.9801213583523395,0.005007825989997716,1,1,1,CD8 T cell
CFAP54,0.9801538901757181,0.002545601742226733,0.667,0.75,1,CD8 T cell
MPV17,0.9801992366743482,0.02863634504539425,1,1,1,CD8 T cell
C17orf97,0.9802201842954769,0.013961740981072612,0.917,0.75,1,CD8 T cell
ANKS4B,0.9802244350764823,8.57361230149678e-4,0.083,0.083,1,CD8 T cell
RTP2,0.9802244350764823,8.57361230149678e-4,0.083,0.083,1,CD8 T cell
RAPGEF6,0.9802252357815465,0.011318097769867808,1,1,1,CD8 T cell
HOXC4,0.9802657583535397,-6.552665940113833e-4,1,1,1,CD8 T cell
ESS2,0.9802925473713727,0.006657454231018489,1,1,1,CD8 T cell
SYNDIG1L,0.980300593691468,-0.0024098427717258453,0.167,0.25,1,CD8 T cell
DUSP10,0.9803199382585375,0.027842286534997207,1,1,1,CD8 T cell
AKAP11,0.9803596155789964,0.012841790736600633,1,1,1,CD8 T cell
MOB4,0.980479019551809,-0.0021403306818842394,1,1,1,CD8 T cell
EPS15,0.9805032965879833,0.007460706943043349,1,1,1,CD8 T cell
CAVIN3,0.980518575275023,6.311531252198854e-4,0.25,0.25,1,CD8 T cell
ROPN1L,0.9805366758664176,0.01557931013317937,1,1,1,CD8 T cell
C9orf85,0.98054915995359,-0.0035350290016120667,1,1,1,CD8 T cell
FHIP2A,0.9806119253176621,0.01717868722917215,1,1,1,CD8 T cell
RASD2,0.9806470730918592,-2.200257920752513e-4,0.083,0.25,1,CD8 T cell
TXNDC12,0.980708125114757,0.007848095308599368,1,1,1,CD8 T cell
FLNA,0.98072310867994,0.0028336665437347364,1,1,1,CD8 T cell
TRMT2A,0.9807433224977737,-0.0019880596445460696,1,1,1,CD8 T cell
MYH11,0.9807609423410034,3.060683290865285e-4,0.083,0.083,1,CD8 T cell
TEX38,0.9807609423410034,3.060683290865285e-4,0.083,0.083,1,CD8 T cell
EDEM2,0.9807781811830345,0.01808489053011969,1,1,1,CD8 T cell
CEP131,0.9808016988901388,0.008408430281677592,1,1,1,CD8 T cell
GSTZ1,0.9808252476614494,0.008665350322039078,1,1,1,CD8 T cell
UPF3A,0.9808610028571981,0.002948612961611863,1,1,1,CD8 T cell
MAP3K21,0.9809096404264502,-0.030149321958743425,0.917,1,1,CD8 T cell
HIBADH,0.9809187836239521,0.018665915035953162,1,1,1,CD8 T cell
CCNDBP1,0.980962771807329,0.009319815989940361,1,1,1,CD8 T cell
KIAA0753,0.9809784138640647,0.03379387005706569,1,1,1,CD8 T cell
VPS52,0.9810214645577886,-0.0036263911886230127,1,1,1,CD8 T cell
PIK3R3,0.9811208744456973,0.003515734077726762,1,1,1,CD8 T cell
SAMD12,0.9811846647047433,0.002013479129048701,1,1,1,CD8 T cell
CHDH,0.9812099326710955,-0.016367265484261484,0.583,0.75,1,CD8 T cell
PXN,0.9812606102543452,0.009007748274858063,1,1,1,CD8 T cell
WSB1,0.9812640226714232,0.0025494854538508083,1,1,1,CD8 T cell
FGGY,0.9812780462329899,-0.0030880916547495474,1,0.917,1,CD8 T cell
BTRC,0.9813403386713361,0.016872144413295542,1,1,1,CD8 T cell
HSPB2,0.9813634525008873,-0.016999274634661887,0.333,0.417,1,CD8 T cell
GOLM1,0.9813721572668684,0.008996650009648999,1,1,1,CD8 T cell
MTOR,0.9813740333557665,0.007658464776349627,1,1,1,CD8 T cell
TMEM87A,0.9813817900274049,0.019867765765809953,1,1,1,CD8 T cell
KIF5C,0.9813820104654832,-0.008250011597104034,1,1,1,CD8 T cell
PSMA4,0.9814781160926433,0.01814520957368415,1,1,1,CD8 T cell
POU2F1,0.9814797048335427,0.06552510595288141,1,1,1,CD8 T cell
DUSP14,0.9815157766398996,-0.023871185424680252,1,1,1,CD8 T cell
RGP1,0.9815312837757333,0.01840040766403117,1,1,1,CD8 T cell
CCNJL,0.981577236541025,-0.005462543224219463,0.25,0.333,1,CD8 T cell
BPGM,0.9816559243931554,0.011698053326621105,1,1,1,CD8 T cell
PLA2G4B,0.9816600215222441,0.017080330705952163,1,1,1,CD8 T cell
TESK2,0.9816734094359901,-0.020104560738306354,1,1,1,CD8 T cell
CCDC92,0.9816878382583369,0.0042587574845310006,1,1,1,CD8 T cell
OTX1,0.9817032280503781,4.7800599662028986e-5,0.167,0.167,1,CD8 T cell
SLC30A1,0.9817356422046757,0.013508290660548816,1,1,1,CD8 T cell
PLB1,0.9817502251650472,1.9307122589573567e-4,0.583,0.5,1,CD8 T cell
HIPK2,0.9817643255870113,-1.5748266983151016e-4,1,1,1,CD8 T cell
TMIGD2,0.981774905023376,-0.011438739915175855,0.917,0.833,1,CD8 T cell
NRBP2,0.981875292648286,-0.029467371579700474,1,1,1,CD8 T cell
GNA15,0.9818911729558858,0.002753976030019256,0.917,1,1,CD8 T cell
MPLKIP,0.9819152384124865,-0.035720327469066504,1,1,1,CD8 T cell
ADCK2,0.9819341256617412,0.01733127640445753,1,1,1,CD8 T cell
MAGEB17,0.9819624220556293,-0.0013933549081883712,0.167,0.25,1,CD8 T cell
GALNS,0.9820807939335631,0.02202475958103456,1,1,1,CD8 T cell
SPATA7,0.9821491339813105,-0.001818961255791507,1,1,1,CD8 T cell
PLA2G5,0.9822505613376822,3.7698850006595563e-5,0.167,0.167,1,CD8 T cell
CHIC1,0.9822586943683737,-0.0032350784702596114,1,1,1,CD8 T cell
SMNDC1,0.9823331709021583,0.028258383552905997,1,1,1,CD8 T cell
DENND10,0.982450880648252,0.006794140647419955,1,1,1,CD8 T cell
ERP29,0.9824987260258671,-0.0023454176794434067,1,1,1,CD8 T cell
C16orf86,0.982540852738518,0.015732289569896363,1,1,1,CD8 T cell
CSNK1G1,0.9825743298397697,0.021152710108141903,1,1,1,CD8 T cell
PCSK1N,0.9825773841859159,0.002850886088717086,1,0.833,1,CD8 T cell
KCTD15,0.9825920388096331,7.311758964219095e-4,1,1,1,CD8 T cell
ELOVL5,0.982604346818353,0.013520274133114407,1,1,1,CD8 T cell
MRS2,0.9826226455624193,0.055222172511608214,1,1,1,CD8 T cell
YJEFN3,0.9827056389493747,0.020276771427599982,0.917,0.917,1,CD8 T cell
RABEP1,0.9827469456889136,0.009542422163311248,1,1,1,CD8 T cell
DSTN,0.9827513363012447,0.002049409123044632,1,1,1,CD8 T cell
COL6A2,0.9827649413820717,0.0010255238223757512,1,1,1,CD8 T cell
PVALB,0.982800623633398,0.001851523975735958,0.333,0.25,1,CD8 T cell
RNASE6,0.9828202664255126,-0.028706751306545097,1,1,1,CD8 T cell
AQP10,0.9828619064729408,0.0019037299952606723,0.167,0.167,1,CD8 T cell
MTFR2,0.9828743860475042,-0.018251549236684816,1,1,1,CD8 T cell
ESPL1,0.9828981789991393,0.011530661325696023,0.75,0.667,1,CD8 T cell
EAF1,0.9829720102260231,-0.002281479337665371,1,1,1,CD8 T cell
CXCR1,0.9829766524991985,-0.010293752145693613,1,1,1,CD8 T cell
CACNB4,0.9830131945301833,-0.005453480296981006,0.75,0.75,1,CD8 T cell
FAM171A1,0.9831116374890829,-0.022828248840102816,1,1,1,CD8 T cell
CEBPE,0.9831126385609139,-0.008342340402459403,0.333,0.25,1,CD8 T cell
PBLD,0.9831157073312519,-0.009263660868783052,1,1,1,CD8 T cell
CENPK,0.9832231571355146,0.006540966672132997,1,1,1,CD8 T cell
SORBS3,0.9832742612662343,0.003981204253053816,1,1,1,CD8 T cell
MMP17,0.9832783393023534,-0.0016527463182494095,0.667,0.583,1,CD8 T cell
ZNF875,0.9833091538860965,0.04722226822666675,1,1,1,CD8 T cell
SPTLC2,0.9833120952997356,0.007440121993737225,1,1,1,CD8 T cell
NYAP2,0.9833744539038004,8.274475668290648e-5,0.083,0.083,1,CD8 T cell
KCNB1,0.9833744539038004,8.274475668290648e-5,0.083,0.083,1,CD8 T cell
ABCA5,0.983436065033048,0.005134090606444527,1,1,1,CD8 T cell
HIKESHI,0.9834752589386887,-0.03678612521941238,1,1,1,CD8 T cell
C9orf72,0.9834920330207509,0.018077968868100536,1,1,1,CD8 T cell
GPR84,0.9835897791706183,-0.011889700571952933,0.5,0.667,1,CD8 T cell
GABARAPL1,0.983599799514705,0.019308590703027817,1,1,1,CD8 T cell
SERPINB9,0.9836562480484617,0.011624206423486605,1,1,1,CD8 T cell
DDOST,0.9837128395113427,0.002722281730975634,1,1,1,CD8 T cell
FOXR1,0.9837496662686533,-0.0013916212145028695,0.167,0.167,1,CD8 T cell
ZBTB25,0.9837654829581431,0.01196314722561409,1,1,1,CD8 T cell
CDS2,0.9837797217628498,-0.006283999811659946,1,1,1,CD8 T cell
BORCS7,0.9838074168911382,0.009525602639369413,1,1,1,CD8 T cell
BAX,0.9838075705498901,0.011606792864641946,1,1,1,CD8 T cell
BMP6,0.9838394168160401,-0.0014615965423541155,0.417,0.333,1,CD8 T cell
TRIM26,0.9839228381403176,0.021625193942856807,1,1,1,CD8 T cell
ZNF217,0.9839563663177779,0.013126425221222204,1,1,1,CD8 T cell
HOXB2,0.9839593334176959,0.006193916054953119,1,1,1,CD8 T cell
GUCY2F,0.9839601721400377,1.8363390821107828e-4,0.25,0.25,1,CD8 T cell
C1D,0.984041114573745,0.023600222189708364,1,1,1,CD8 T cell
DOT1L,0.9840714661435399,-0.008171407103107542,1,1,1,CD8 T cell
IRAG2,0.9840886475824667,0.02283424423526232,1,1,1,CD8 T cell
PDE7A,0.9840937938139378,0.015661630295919604,1,1,1,CD8 T cell
WWTR1,0.9841367938712622,-0.0050641973541445395,0.917,0.917,1,CD8 T cell
KLC2,0.9842945174153784,0.007761179899530735,1,1,1,CD8 T cell
SAPCD1,0.9843768635331506,-0.02640488421110021,1,1,1,CD8 T cell
VWA1,0.9844037210406222,7.263157812653631e-5,0.083,0.083,1,CD8 T cell
HIGD1A,0.9845336551895989,-0.008056358031852895,1,1,1,CD8 T cell
KLF11,0.9845438133703671,0.015038998739215326,1,1,1,CD8 T cell
NCOA4,0.9845558771342325,0.014466986796219383,1,1,1,CD8 T cell
ZFP82,0.984621834592491,-7.980460830721015e-4,1,1,1,CD8 T cell
SEC24C,0.9846550933324001,0.00831301155420583,1,1,1,CD8 T cell
NEB,0.9846586313607034,-0.014943368494602538,0.917,1,1,CD8 T cell
POLE,0.9846747426998499,-0.02625594796316566,1,1,1,CD8 T cell
QSOX2,0.9847521313711357,0.051317679029357244,1,1,1,CD8 T cell
DSC1,0.9847749855908781,0.040668800015124074,0.833,0.667,1,CD8 T cell
CCDC110,0.9847871855264443,0.011707601297062276,0.75,0.75,1,CD8 T cell
IRAK1BP1,0.984824988067191,-0.005421093544875966,1,1,1,CD8 T cell
RAD51,0.9848337036328418,-9.138555209222687e-4,1,1,1,CD8 T cell
RNPEPL1,0.9848349097389266,0.00618625024134678,1,1,1,CD8 T cell
CCDC83,0.9848621865037892,0.01308531106266475,0.167,0.083,1,CD8 T cell
ASPH,0.9848874355857185,0.0047175824338208106,1,1,1,CD8 T cell
PLG,0.9849767476911869,-3.829242335804395e-4,0.083,0.083,1,CD8 T cell
GPC6,0.9849767476911869,-3.829242335804395e-4,0.083,0.083,1,CD8 T cell
ENTPD8,0.9849767476911869,-3.829242335804395e-4,0.083,0.083,1,CD8 T cell
PNMA6E,0.9849767476911869,-3.829242335804395e-4,0.083,0.083,1,CD8 T cell
IP6K2,0.9849863661310387,0.011593125019641215,1,1,1,CD8 T cell
SORBS2,0.9850700043359523,0.003103582823112294,0.25,0.25,1,CD8 T cell
PMM2,0.9850918205134674,0.0192889889027007,1,1,1,CD8 T cell
PMEL,0.9851256203622062,8.416158058879297e-4,0.25,0.25,1,CD8 T cell
GALNT7,0.9851534060918966,0.03774798366705345,1,1,1,CD8 T cell
NDUFV2,0.9851751708945545,0.005387113929908649,1,1,1,CD8 T cell
ZNF71,0.9851770530528137,0.022239490062242018,1,1,1,CD8 T cell
SYNPO2,0.9852100396427901,0.004142753479793093,0.917,1,1,CD8 T cell
ART3,0.9852217353121565,-0.018212896096100994,0.417,0.417,1,CD8 T cell
H2BC9,0.9852268687573343,0.02303669662852703,1,1,1,CD8 T cell
ZNF397,0.9852325340332989,-0.006754642862978,1,1,1,CD8 T cell
CD151,0.9852328713425049,0.01577787702757516,1,1,1,CD8 T cell
WBP1L,0.9852536017959975,0.007201376362281131,1,1,1,CD8 T cell
ZNF470,0.9852873320896818,-0.024105747463952998,1,1,1,CD8 T cell
SLC5A11,0.9852922583010925,7.515867937306631e-4,0.417,0.417,1,CD8 T cell
PHB1,0.9853808689795309,-5.31152421911596e-4,1,1,1,CD8 T cell
CA2,0.9854426484760875,-0.037670213049518786,0.833,0.917,1,CD8 T cell
DEFA3,0.9854505314157952,-8.067668950149098e-4,0.083,0.083,1,CD8 T cell
RBFOX2,0.9854921847708885,0.016861206796944028,0.917,0.833,1,CD8 T cell
NR6A1,0.9855482458873903,0.00710657421027161,0.5,0.5,1,CD8 T cell
ZNF676,0.98555498246523,7.174641890030919e-4,0.083,0.083,1,CD8 T cell
ENSG00000226690,0.98555498246523,7.174641890030919e-4,0.083,0.083,1,CD8 T cell
OR13C5,0.98555498246523,7.174641890030919e-4,0.083,0.083,1,CD8 T cell
CYP17A1,0.9855694836221642,6.99525174180593e-4,0.083,0.083,1,CD8 T cell
CKB,0.9856017149108205,0.043245036188910735,0.917,1,1,CD8 T cell
NFATC2,0.9856059935206353,0.009477310628273283,1,1,1,CD8 T cell
PROSER2,0.9856286127275374,0.0013688716167488124,0.083,0.083,1,CD8 T cell
TNFRSF12A,0.9856929688600494,0.006789452129443152,0.833,0.75,1,CD8 T cell
TMPRSS12,0.9857190102298307,-0.0046318118908721395,0.167,0.167,1,CD8 T cell
BMP2K,0.985733295934227,-0.03729471924536076,1,1,1,CD8 T cell
TFPT,0.9858176017734506,0.01668322256710808,1,1,1,CD8 T cell
SCG2,0.9859172430578865,-0.005587210927001429,0.333,0.5,1,CD8 T cell
TMEM143,0.9859233729810065,-0.014728203943290552,1,1,1,CD8 T cell
LLGL2,0.9859294581590337,0.004768392520432568,1,1,1,CD8 T cell
CEP112,0.9860203603546677,0.019107483392323488,1,0.833,1,CD8 T cell
LRRC8B,0.9860311753695501,0.03079298952865961,1,1,1,CD8 T cell
GRIN3B,0.9860423178251756,0.002578010880167625,0.083,0.083,1,CD8 T cell
CHST14,0.9861061569438052,-0.0013103978058288668,1,1,1,CD8 T cell
PIK3AP1,0.9861333334339225,0.005692027001203637,1,1,1,CD8 T cell
CFAP157,0.9861509818662066,-0.0015023690685587177,0.083,0.167,1,CD8 T cell
DCT,0.9861625632815816,-0.0024207922676922067,0.583,0.667,1,CD8 T cell
RERE,0.9861628087375972,0.004544965005507717,1,1,1,CD8 T cell
SNHG32,0.9861655744851174,0.004961739670376133,1,1,1,CD8 T cell
BARX2,0.9861817792668698,8.59810750206691e-5,0.083,0.083,1,CD8 T cell
GPC3,0.9861817792668698,8.59810750206691e-5,0.083,0.083,1,CD8 T cell
FGB,0.9861817792668698,8.59810750206691e-5,0.083,0.083,1,CD8 T cell
RASD1,0.9862411112806694,-3.821604640172893e-4,0.667,0.667,1,CD8 T cell
CD44,0.9862654012322483,0.006650030479109503,1,1,1,CD8 T cell
RECQL5,0.9863140984980416,-0.009809968414465242,1,1,1,CD8 T cell
PPCS,0.9863235123523534,-0.031147513595187776,1,1,1,CD8 T cell
ZBTB32,0.9863930859430893,0.019891466303775918,1,1,1,CD8 T cell
OCA2,0.9864091797540329,-0.012821758299362607,0.083,0.083,1,CD8 T cell
ANXA7,0.9865017861111031,0.0012899629027465775,1,1,1,CD8 T cell
COL15A1,0.9865572071070708,-4.54703195779782e-4,0.667,0.5,1,CD8 T cell
PCDHB5,0.9865597049171752,0.007693850836938854,0.083,0.083,1,CD8 T cell
USP17L15,0.9865597049171752,0.013175693900530305,0.083,0.083,1,CD8 T cell
HSD17B11,0.9867346871099467,0.009218995187581847,1,1,1,CD8 T cell
SLC35D1,0.9867782739327319,0.02240974720189448,1,1,1,CD8 T cell
SHE,0.9867846397259342,-0.004597365606659132,0.083,0.083,1,CD8 T cell
GSTA1,0.9867846397259342,-0.004597365606659132,0.083,0.083,1,CD8 T cell
ZNF112,0.9868127399491391,-0.0025218416215779804,0.083,0.083,1,CD8 T cell
GRIN1,0.9868465158098121,0.004085211741969186,0.083,0.167,1,CD8 T cell
GDF5-AS1,0.9868663825497177,-2.878072296619294e-4,0.083,0.083,1,CD8 T cell
EPN1,0.9868916818258803,-0.002068641075170019,1,1,1,CD8 T cell
ANKRD30BL,0.9869570976164689,-0.00187043419383226,0.083,0.083,1,CD8 T cell
GPR4,0.9870247294182742,3.125520451474628e-4,0.083,0.167,1,CD8 T cell
NPHP1,0.9870318312107701,0.014095832368975714,0.917,1,1,CD8 T cell
RERG,0.9870356416788009,3.0128147557428875e-4,0.083,0.083,1,CD8 T cell
GSTT4,0.9870356416788009,3.0128147557428875e-4,0.083,0.083,1,CD8 T cell
NCK1,0.9870437689745032,0.010416063875574588,1,1,1,CD8 T cell
ANKRD52,0.9871216725395188,0.027436930118912628,1,1,1,CD8 T cell
FAXC,0.9871315531913015,0.003571925311463442,0.25,0.167,1,CD8 T cell
CYB5R4,0.9871478662705033,0.006143896554202111,1,1,1,CD8 T cell
TOMM7,0.9872022122274756,0.007963170400456132,1,1,1,CD8 T cell
MMP3,0.9872065514552646,-0.0024217270948954095,0.083,0.083,1,CD8 T cell
CIDEC,0.9872065514552646,-0.0024217270948954095,0.083,0.083,1,CD8 T cell
FZD6,0.9872594203700016,0.006220723381808568,1,1,1,CD8 T cell
BIN2,0.9872873448264923,0.00970827538860064,1,1,1,CD8 T cell
AJM1,0.9872927433697614,0.004209895613859205,1,1,1,CD8 T cell
SIRT6,0.9873086056994479,-0.03139660670973088,1,1,1,CD8 T cell
GPR160,0.9873282262793832,-0.007366123043717643,1,1,1,CD8 T cell
SYTL2,0.9873715475072047,0.00947003284276815,1,1,1,CD8 T cell
BAG3,0.9875076071494986,0.015331124873890545,1,1,1,CD8 T cell
MYCN,0.987531631520117,-6.612949304134474e-4,0.083,0.083,1,CD8 T cell
ARL14EPL,0.987531631520117,-6.612949304134474e-4,0.083,0.083,1,CD8 T cell
SH2D4A,0.9875896238607775,-1.8205566825546526e-4,0.083,0.167,1,CD8 T cell
CXCL9,0.9875896238607775,-1.8205566825546526e-4,0.083,0.167,1,CD8 T cell
MITF,0.9877046518382383,0.0067016439273528405,0.583,0.417,1,CD8 T cell
BAHCC1,0.9877687608048236,0.027511510304992992,0.75,0.833,1,CD8 T cell
TRHDE,0.9878735206177323,-0.001212587831476597,0.083,0.083,1,CD8 T cell
HSD11B1,0.9878735206177323,-0.001212587831476597,0.083,0.083,1,CD8 T cell
PLIN4,0.9878735206177323,-0.001212587831476597,0.083,0.083,1,CD8 T cell
NPR1,0.9878735206177323,-0.001212587831476597,0.083,0.083,1,CD8 T cell
JOSD2,0.9878909726795129,-0.012022957364071774,1,1,1,CD8 T cell
CXXC5,0.98806600915278,0.008826853048844674,1,1,1,CD8 T cell
AK6,0.9880780546282891,0.017201929896305312,1,1,1,CD8 T cell
KPNA2,0.9880788883219261,0.026320526620288165,1,1,1,CD8 T cell
PERM1,0.9880868242581722,-4.715432692741217e-4,0.25,0.25,1,CD8 T cell
TOX,0.9881307057101134,0.006041305082838566,1,1,1,CD8 T cell
ITIH3,0.9881488556672318,-0.001707195544879525,0.083,0.083,1,CD8 T cell
TRIP11,0.9881731062733948,-0.007800540548698942,1,1,1,CD8 T cell
CAV2,0.988182752577457,-0.0017178511321751522,0.25,0.25,1,CD8 T cell
DIP2A,0.9882005604806151,0.011437196847468467,1,1,1,CD8 T cell
EEF1B2,0.9882020174089753,0.005584254219810791,1,1,1,CD8 T cell
LIPA,0.9882113568028749,0.004246342413356308,1,1,1,CD8 T cell
S100A13,0.9882122211543902,-0.044676817036323424,1,1,1,CD8 T cell
GTF2IRD1,0.9882585322492362,-0.023419708695331387,0.167,0.167,1,CD8 T cell
TMEM171,0.9882976701363124,0.0029663038216645177,1,0.917,1,CD8 T cell
NOVA1,0.98834914230065,0.0049091253536630575,0.583,0.5,1,CD8 T cell
SPIN3,0.9884085573710747,-0.011462863737552453,1,1,1,CD8 T cell
THSD7A,0.9884471192806445,-2.5596752588619154e-4,0.167,0.083,1,CD8 T cell
MAGEB2,0.9885845600657812,-0.0019150170087702811,0.333,0.417,1,CD8 T cell
FGF20,0.9885992167899809,-0.0029163348082983376,0.083,0.083,1,CD8 T cell
SLC26A8,0.9885992167899809,-0.0029163348082983376,0.083,0.083,1,CD8 T cell
PPP1R1B,0.9885992167899809,-0.0029163348082983376,0.083,0.083,1,CD8 T cell
BEST2,0.9886279647071632,2.673744114614074e-4,0.167,0.167,1,CD8 T cell
SF3B4,0.9886419862306366,0.008654334093054217,1,1,1,CD8 T cell
GYG2,0.9887264063297104,-0.003567742236044058,0.083,0.083,1,CD8 T cell
GRIN2D,0.988766555786607,-0.0012726582461359826,0.333,0.417,1,CD8 T cell
NET1,0.9888588948535589,0.02550132476498934,1,1,1,CD8 T cell
KIAA0513,0.988941600635072,-0.025360017082386666,1,1,1,CD8 T cell
MXD4,0.9889819212237674,0.015193414749859357,1,1,1,CD8 T cell
RAD54B,0.9890000137719711,0.0012248054120620466,1,1,1,CD8 T cell
TYROBP,0.9890513813587868,0.017682778153055967,1,1,1,CD8 T cell
RNFT1,0.9891621944286634,-0.0054500578259067955,1,1,1,CD8 T cell
IL7,0.9892124168780831,-0.00274083039801587,0.917,0.917,1,CD8 T cell
RAF1,0.9894809126471362,-0.0012014471703939433,1,1,1,CD8 T cell
EIPR1,0.9894954961504632,0.005733604914412549,1,1,1,CD8 T cell
TMEM87B,0.9895300276114769,-0.0024549839424848896,1,1,1,CD8 T cell
SRSF12,0.9896142235195818,9.806668423557596e-4,0.25,0.417,1,CD8 T cell
SF3B3,0.9896623536111718,0.00984232434659682,1,1,1,CD8 T cell
ESCO1,0.9897507028210426,0.009449764765929097,1,1,1,CD8 T cell
LINC03043,0.9897684982820156,0.01318217761659124,0.083,0.167,1,CD8 T cell
TRGJP2,0.9897999342938609,0.006949580129691255,1,1,1,CD8 T cell
TNRC6B,0.9898987852810435,0.009687657905867342,1,1,1,CD8 T cell
DDO,0.9900397985340439,-0.010590448634257843,0.417,0.333,1,CD8 T cell
SLC25A26,0.990065098486327,0.00592796725932454,1,1,1,CD8 T cell
GMPPB,0.9901000436897555,-0.0026660450575853867,1,1,1,CD8 T cell
LTB,0.9901050853172699,0.011671219266376376,1,1,1,CD8 T cell
PTPRA,0.9901341360607951,0.007085486072642422,1,1,1,CD8 T cell
XKR8,0.9901868247647687,0.012928219657016182,1,1,1,CD8 T cell
RGS5,0.9902067547729818,-0.002257614277554776,0.917,1,1,CD8 T cell
ATP1B3,0.9902833593818556,0.001509750601896287,1,1,1,CD8 T cell
NUDT8,0.9903308353830159,-0.03091536239554671,1,1,1,CD8 T cell
CTDP1,0.9904454000802259,0.0093127427008666,1,1,1,CD8 T cell
TSPYL2,0.9904599048699922,0.017304215723677217,1,1,1,CD8 T cell
MAN1C1,0.9904660551520323,0.013673156555551458,1,1,1,CD8 T cell
NOP16,0.9905074196362589,0.004344884119273584,1,1,1,CD8 T cell
CASS4,0.9905840697423701,0.012161576384594586,1,1,1,CD8 T cell
DMRTA2,0.9906760668410116,-0.0026551638458554017,0.083,0.083,1,CD8 T cell
C4BPB,0.9906959704605202,-0.01006311002039606,0.167,0.333,1,CD8 T cell
PECAM1,0.9908555399542951,0.0035760254888902443,1,1,1,CD8 T cell
OR51E2,0.990864864537022,-0.01158478309710187,0.417,0.333,1,CD8 T cell
SLC25A51,0.9908866299035124,-0.015129720578113015,1,1,1,CD8 T cell
RTRAF,0.9909449825078434,0.01703191644123253,1,1,1,CD8 T cell
CPNE2,0.990969825657441,0.003901366683070062,1,1,1,CD8 T cell
CX3CR1,0.9910205764607078,0.007637475665772442,1,1,1,CD8 T cell
LRRC24,0.9910644749191854,0.029635839051328272,1,0.917,1,CD8 T cell
PSD,0.9911089020883235,3.2554203058987596e-4,0.833,0.833,1,CD8 T cell
BCL10,0.9911167688188781,9.802010918009696e-4,1,1,1,CD8 T cell
CALD1,0.9911188728663225,-0.00581862942857958,0.583,0.5,1,CD8 T cell
PPAT,0.9912913795677065,-0.01147763533501811,1,1,1,CD8 T cell
PHTF1,0.9913075903946884,0.05390180644113762,1,1,1,CD8 T cell
SLC6A20,0.991401526371246,-0.0014460245824365892,0.083,0.083,1,CD8 T cell
GPR85,0.991401526371246,-0.0014460245824365892,0.083,0.083,1,CD8 T cell
UGT1A9,0.991401526371246,-0.0014460245824365892,0.083,0.083,1,CD8 T cell
PDE1B,0.9914080224491876,0.02254692964934213,1,1,1,CD8 T cell
POU6F2,0.9914505070895107,9.800741543957159e-4,0.333,0.25,1,CD8 T cell
MAML3,0.9915123824476978,0.001006623824136188,1,1,1,CD8 T cell
FLT1,0.9915637274158612,-9.922960788477653e-5,0.167,0.25,1,CD8 T cell
TMEM176A,0.991705345607475,0.009316387195136056,0.917,0.833,1,CD8 T cell
PLEK,0.9917616488593707,0.00757036550022594,1,1,1,CD8 T cell
PTX3,0.9917660141208807,0.005569576551749833,0.333,0.333,1,CD8 T cell
EXO1,0.9918031179873272,-0.008128942713441667,0.833,1,1,CD8 T cell
OSTN,0.9918395533191561,4.178773417740089e-4,0.083,0.167,1,CD8 T cell
DALRD3,0.9918722801649354,-0.019865009429730573,1,1,1,CD8 T cell
ANKH,0.9919642441043766,0.0029935283730784246,1,1,1,CD8 T cell
RSPH3,0.992048024413476,-0.0011311748556965817,1,1,1,CD8 T cell
PKD2L1,0.992081452405948,-3.814454962025593e-5,0.083,0.083,1,CD8 T cell
SH2D6,0.992081452405948,-3.814454962025593e-5,0.083,0.083,1,CD8 T cell
CHMP4C,0.992081452405948,-3.814454962025593e-5,0.083,0.083,1,CD8 T cell
HNF1B,0.992081452405948,-3.814454962025593e-5,0.083,0.083,1,CD8 T cell
STK26,0.9922230591574911,0.0013689604498849928,1,1,1,CD8 T cell
OXNAD1,0.9922688377175634,0.002523717511354162,1,1,1,CD8 T cell
ZSWIM8,0.9922777393631438,0.024548456942914187,1,1,1,CD8 T cell
ARL13B,0.9923058530987418,0.018681230415703576,1,1,1,CD8 T cell
NLRC3,0.9923484085245046,0.005334986685031851,1,1,1,CD8 T cell
KLHL20,0.9923489868167736,-0.006772780074095874,1,1,1,CD8 T cell
PA2G4,0.9923814444988848,-0.02509646693984796,1,1,1,CD8 T cell
ZNF608,0.9924552244034661,0.010188928658890983,0.167,0.25,1,CD8 T cell
FAM174C,0.9924848650208803,0.0072459829845512025,1,1,1,CD8 T cell
S100A6,0.992522250376915,0.006910423854608272,1,1,1,CD8 T cell
MTA1,0.9925552285797791,0.016201766337577944,1,1,1,CD8 T cell
FPR3,0.992568521919675,-2.3835683444417555e-4,0.083,0.167,1,CD8 T cell
ADAMTS6,0.9925900550278315,-0.00691590018870647,1,1,1,CD8 T cell
GNPTG,0.9926450672663916,0.04092294955922589,1,1,1,CD8 T cell
HELB,0.9926584995264933,0.01283284562076692,1,1,1,CD8 T cell
GLTPD2,0.9926610046006872,0.003558574729189967,0.333,0.333,1,CD8 T cell
XPC,0.9926621921979605,0.02012770135054795,1,1,1,CD8 T cell
ATMIN,0.9926715997131407,0.020871832738656462,1,1,1,CD8 T cell
SLC15A4,0.9927454344264868,0.0035585061321986577,1,1,1,CD8 T cell
CMTR1,0.9928245248419246,0.02576951320159443,1,1,1,CD8 T cell
COG2,0.9928574831243034,-0.008026549209495748,1,1,1,CD8 T cell
RIMKLB,0.9929764702302547,-0.0016729919865148268,1,1,1,CD8 T cell
HERC2,0.9930125184691027,-0.0016577147409465032,1,1,1,CD8 T cell
RGS12,0.9930579980663391,-0.015920539602779726,1,1,1,CD8 T cell
PCDHGA2,0.9931351648356754,-0.003714467673257893,0.583,0.667,1,CD8 T cell
ITGA1,0.993206218948073,0.0011352800856743173,0.917,1,1,CD8 T cell
FRAT2,0.9932255596425432,0.003949552510247534,1,1,1,CD8 T cell
IFRD2,0.9932265682479317,4.1059215512950775e-4,1,1,1,CD8 T cell
DENR,0.9932967438734003,0.015255570178792005,1,1,1,CD8 T cell
ATF3,0.9933106928050065,-0.015728857022235143,0.917,1,1,CD8 T cell
SPATA2,0.993313101225973,-0.023552445430880642,1,1,1,CD8 T cell
CD79A,0.9933629297524358,0.016717423296196188,1,1,1,CD8 T cell
FBXO3,0.9934469765714686,0.02104875417596397,1,1,1,CD8 T cell
GPX7,0.9934827540200271,-4.764066253981625e-5,1,1,1,CD8 T cell
TFF1,0.993488144010986,-0.007467670626129852,0.083,0.083,1,CD8 T cell
FNDC9,0.9934881441581531,-0.007113608683836592,0.083,0.083,1,CD8 T cell
CD52,0.9935105155038872,0.007842879863803276,1,1,1,CD8 T cell
TSN,0.9935818107870248,-0.019718155162284284,1,1,1,CD8 T cell
EFNA1,0.9936499899308616,-0.02468923503332432,0.667,0.917,1,CD8 T cell
MANBAL,0.993732297302566,0.0317963201369762,1,1,1,CD8 T cell
WDR90,0.9937407385855548,0.06763650207987304,1,1,1,CD8 T cell
PAPOLB,0.9938734183655661,-1.3518145505697632e-4,0.083,0.083,1,CD8 T cell
ADK,0.9939151066657413,0.018388504255432314,1,1,1,CD8 T cell
UBQLN1,0.9939290476500985,0.019760234683460665,1,1,1,CD8 T cell
SDR42E1,0.9940423953976424,0.0036788589961704865,1,1,1,CD8 T cell
ELF4,0.9940762799521049,0.006309250651316488,1,1,1,CD8 T cell
RASGRP2,0.9941290733346466,0.0070631229994773115,1,1,1,CD8 T cell
C12orf57,0.9941350954666466,0.009773464661142484,1,1,1,CD8 T cell
PCCB,0.9942205156021627,0.011589550125115977,1,1,1,CD8 T cell
TMC4,0.9942972766445143,-0.016460545206753885,0.833,0.917,1,CD8 T cell
CYP26B1,0.9943175565673897,-2.292930805465332e-4,0.083,0.083,1,CD8 T cell
VEGFC,0.9943175565673897,-2.292930805465332e-4,0.083,0.083,1,CD8 T cell
EMILIN3,0.9943175565673897,-2.292930805465332e-4,0.083,0.083,1,CD8 T cell
OLFML2A,0.9943988883226844,0.008272259964784645,0.083,0.083,1,CD8 T cell
CCDC188,0.9943988895793024,-0.0029672305799151033,0.083,0.083,1,CD8 T cell
HOXA11,0.9943988897264673,-0.0033033535073858644,0.083,0.083,1,CD8 T cell
FAM3B,0.9943988897264674,-0.005580082911979201,0.083,0.083,1,CD8 T cell
SRPX,0.994398891583281,-0.012327150585959679,0.083,0.083,1,CD8 T cell
HMX3,0.994398891583281,-0.008536551874315457,0.083,0.083,1,CD8 T cell
NUDT5,0.9944064137047015,0.011371331693923792,1,1,1,CD8 T cell
AP4M1,0.9944461480969176,-0.04518501401859254,1,1,1,CD8 T cell
RNF183,0.9944474323429149,-1.0247475569213904e-4,0.167,0.167,1,CD8 T cell
MICU2,0.994532600706251,0.0017166249450623061,1,1,1,CD8 T cell
FGF2,0.9945485480085586,1.6499064872599334e-4,0.417,0.25,1,CD8 T cell
TSNAXIP1,0.9945904428239545,-0.04022727581558527,0.5,0.583,1,CD8 T cell
SMAD5,0.9945935102905317,-0.002055416195828247,1,1,1,CD8 T cell
ARHGAP45,0.9948326066351737,0.011233528048606889,1,1,1,CD8 T cell
EMILIN1,0.9948616833098805,0.011976633763411293,0.667,0.417,1,CD8 T cell
OTUD5,0.9948758489229714,0.013279974087840207,1,1,1,CD8 T cell
DNAAF6,0.9948832226006377,-3.490823128249332e-5,0.083,0.083,1,CD8 T cell
FOXD4,0.9948832226006377,-3.490823128249332e-5,0.083,0.083,1,CD8 T cell
PP2D1,0.9948832226006377,-3.490823128249332e-5,0.083,0.083,1,CD8 T cell
NHSL2,0.9949583315093521,0.011199300651573152,1,1,1,CD8 T cell
JMJD4,0.994958634323166,0.0072029664521828796,1,1,1,CD8 T cell
CD74,0.9949706829609227,0.009235581656808378,1,1,1,CD8 T cell
CPSF1,0.9950549959811106,-8.322149048942684e-4,1,1,1,CD8 T cell
DHX32,0.9950794164500578,0.0013615491843874672,1,1,1,CD8 T cell
UBA6,0.9950854533542731,-0.004007204214848903,1,1,1,CD8 T cell
TCEANC,0.9950976568445187,-0.0022529881116493122,1,1,1,CD8 T cell
CARD19,0.9951847439921416,4.8747493570755474e-4,1,1,1,CD8 T cell
INTS5,0.9952004763898012,0.0068520990703475615,1,1,1,CD8 T cell
RRAGB,0.9952158007939724,0.007678673548357384,1,1,1,CD8 T cell
SNAPIN,0.9952168109144299,0.007938647672372845,1,1,1,CD8 T cell
ERMAP,0.9952198055743148,-0.02630570995975301,1,1,1,CD8 T cell
ITPR3,0.9952256153750545,0.0060222033366132965,1,1,1,CD8 T cell
DTX4,0.995285896848454,0.01627719000883232,0.917,1,1,CD8 T cell
NAP1L5,0.9953024829533532,0.026413906842589263,1,1,1,CD8 T cell
KLHL21,0.9953153831289756,-0.0069154135737420075,1,1,1,CD8 T cell
IFT25,0.9953943477062569,0.007539029369440606,1,1,1,CD8 T cell
ERAP2,0.9955284400862716,0.01132350779491259,1,1,1,CD8 T cell
FGF6,0.9955398040946504,-6.765007801323719e-5,0.083,0.083,1,CD8 T cell
C2orf73,0.9955398040946504,-6.765007801323719e-5,0.083,0.083,1,CD8 T cell
CFAP99,0.9955398040946504,-6.765007801323719e-5,0.083,0.083,1,CD8 T cell
TSG101,0.995635465937584,0.01790850433275909,1,1,1,CD8 T cell
COA7,0.9957332033156929,-0.01174115248835017,1,1,1,CD8 T cell
SNAI1,0.995771792190213,-1.885393843163996e-4,0.083,0.083,1,CD8 T cell
GPM6A,0.995771792190213,-1.885393843163996e-4,0.083,0.083,1,CD8 T cell
CPLX1,0.995771792190213,-1.885393843163996e-4,0.083,0.083,1,CD8 T cell
ADAMTS20,0.995771792190213,-1.885393843163996e-4,0.083,0.083,1,CD8 T cell
MESD,0.9958238211924313,0.013095949069155455,1,1,1,CD8 T cell
EVPL,0.9958534759285821,0.0027684504506408913,0.333,0.333,1,CD8 T cell
SEC24A,0.995857296344032,-0.0018953424970600818,1,1,1,CD8 T cell
NKAP,0.9959280477335658,-0.0022634914276522533,1,1,1,CD8 T cell
AP2S1,0.995954250711181,0.004467477315051482,1,1,1,CD8 T cell
ZNF622,0.9959671033289625,0.012330864242952988,1,1,1,CD8 T cell
PGD,0.9959699573774365,-0.0041580851474538605,1,1,1,CD8 T cell
DDX24,0.9960258889403342,0.0073856468179749335,1,1,1,CD8 T cell
ZNF664,0.996100270747296,0.015465815276455672,1,1,1,CD8 T cell
COQ6,0.9961084715973525,-0.02253551082673777,1,1,1,CD8 T cell
LSM4,0.9962091838062328,0.0028994530201635893,1,1,1,CD8 T cell
BTBD9,0.9962127835894944,0.0015922163439098247,1,1,1,CD8 T cell
C19orf81,0.9962713537615628,0.0018286109328151667,0.167,0.167,1,CD8 T cell
MTHFR,0.9962924419063683,0.015571665292383186,1,1,1,CD8 T cell
MRM2,0.9963020253278357,-0.007806617930631976,1,1,1,CD8 T cell
TOPBP1,0.9963119241452126,-0.010458352896966616,1,1,1,CD8 T cell
TCEANC2,0.996320217173162,0.020667897694061965,1,1,1,CD8 T cell
NKD2,0.9963351892084555,-0.0017459955910412717,0.167,0.167,1,CD8 T cell
KDM1B,0.9963561900177779,-0.02832553824802253,1,1,1,CD8 T cell
WBP4,0.9963937121721582,-0.001089316584110378,1,1,1,CD8 T cell
ALDH4A1,0.9964188032849705,-0.006917065050588089,1,1,1,CD8 T cell
TSR2,0.9964324518611852,0.03604434076352819,1,1,1,CD8 T cell
ART5,0.9964650091710225,0.0017377935092732777,0.083,0.083,1,CD8 T cell
PCDHA2,0.9964650091710225,0.0017377935092732777,0.083,0.083,1,CD8 T cell
NT5C3B,0.996477919678361,0.009286360649443326,1,1,1,CD8 T cell
CRPPA,0.9964857345884992,-0.003025923709998546,1,1,1,CD8 T cell
NTSR1,0.9965163126311863,0.007611706710074717,0.083,0.083,1,CD8 T cell
LILRB4,0.9965407511766834,0.0024249319644020773,0.167,0.25,1,CD8 T cell
MUSTN1,0.9965835964011239,-0.02912921265324564,1,1,1,CD8 T cell
GMPS,0.9965946136642301,0.045277031228428466,1,1,1,CD8 T cell
GTPBP6,0.9966093884009213,0.005568438890839356,1,1,1,CD8 T cell
FIS1,0.9966577169342865,0.0030404024651906614,1,1,1,CD8 T cell
KIAA2026,0.9966723407000027,0.0011627507015061767,1,1,1,CD8 T cell
GTF2F2,0.9967092137303637,0.019110202726132508,1,1,1,CD8 T cell
JAG2,0.9967114043619024,0.013647598776919345,1,1,1,CD8 T cell
GPATCH4,0.9967334662381787,-0.01998031091553354,1,1,1,CD8 T cell
IRF5,0.9967513270220529,-0.002028267405660422,1,1,1,CD8 T cell
RUSF1,0.9967647021273536,0.01492843317189299,1,1,1,CD8 T cell
UTP14A,0.996828330717955,0.02112472380684194,1,1,1,CD8 T cell
REV1,0.9969370035419136,0.011247470199800338,1,1,1,CD8 T cell
NAP1L4,0.9969896195666509,0.0030243309485620262,1,1,1,CD8 T cell
MEX3B,0.9969920643253382,-0.010924868431867019,0.75,0.833,1,CD8 T cell
ADAMTS2,0.9971158405109756,-2.325293988842958e-4,0.083,0.083,1,CD8 T cell
OR5AU1,0.9971158405109756,-2.325293988842958e-4,0.083,0.083,1,CD8 T cell
NPAS4,0.9971158405109756,-2.325293988842958e-4,0.083,0.083,1,CD8 T cell
C17orf98,0.9971351156642704,-0.0015863062385763627,0.083,0.083,1,CD8 T cell
RCBTB1,0.9971753792990038,0.019024633908113597,1,1,1,CD8 T cell
AR,0.9972510217197064,-0.0032243219830183634,0.083,0.167,1,CD8 T cell
VWF,0.9973130869378315,-6.116636195230285e-5,0.083,0.167,1,CD8 T cell
ANP32D,0.9973130869378315,-6.116636195230285e-5,0.083,0.167,1,CD8 T cell
RAB7B,0.9973130869378315,-6.116636195230285e-5,0.083,0.167,1,CD8 T cell
THBD,0.9974404959777221,-0.012609214086868992,0.75,0.917,1,CD8 T cell
PLPP7,0.9974408954334004,0.001670992010891048,0.25,0.25,1,CD8 T cell
CXXC4,0.9974415938492345,3.2860163383308105e-4,0.917,1,1,CD8 T cell
PLXND1,0.9974893042428611,0.005455163833806287,1,1,1,CD8 T cell
APOBEC3D,0.9975108759797114,0.03137887770997583,1,1,1,CD8 T cell
API5,0.9977084113570259,-0.01367361181698068,1,1,1,CD8 T cell
AXIN2,0.9978019505003788,-0.011651927634353854,1,1,1,CD8 T cell
ZNF304,0.9978286137587528,0.033667712488907764,1,1,1,CD8 T cell
KHNYN,0.9979215153267685,0.00985798086720513,1,1,1,CD8 T cell
FADS2,0.9980485691291334,0.0019663349290804932,1,1,1,CD8 T cell
NBPF3,0.9980772550581549,0.007221749305708514,1,1,1,CD8 T cell
SP9,0.9980907711247811,-0.004971084013758897,0.083,0.083,1,CD8 T cell
RPA1,0.9981759406953026,-0.0036867122398258623,1,1,1,CD8 T cell
DNAH10,0.9981818142218813,-0.004234721873158431,0.583,0.583,1,CD8 T cell
SLC9B1,0.9981924778939293,-3.0667543994145063e-4,1,1,1,CD8 T cell
EML2,0.9982065848268271,0.0035432948123649277,1,1,1,CD8 T cell
CCL25,0.9982213903548314,0.0015480970316619214,0.167,0.167,1,CD8 T cell
C2CD4A,0.9982949545161174,-1.5645062139446608e-4,0.083,0.167,1,CD8 T cell
MED12,0.9983032182786503,-0.010965432626227699,1,1,1,CD8 T cell
EBAG9,0.998394095732427,0.005156255642360441,1,1,1,CD8 T cell
GTF3C3,0.998425154785945,0.01058335441407858,1,1,1,CD8 T cell
KLRC1,0.9985708178711915,0.008973173720293395,1,1,1,CD8 T cell
DNAJC5B,0.9985812117598409,-7.622932442741259e-5,0.083,0.083,1,CD8 T cell
IGFBP6,0.998619782551728,-0.00662886318395195,0.917,0.917,1,CD8 T cell
LIMD1,0.9986365096868133,0.011463597707023432,1,1,1,CD8 T cell
BATF3,0.9986576733194118,-0.012182495506087854,0.917,1,1,CD8 T cell
MIS18A,0.9987027329566103,0.016288200591086044,1,1,1,CD8 T cell
GPS2,0.9987068790924658,0.006923662279840981,1,1,1,CD8 T cell
CLK3,0.9987135270957225,0.010212818106563354,1,1,1,CD8 T cell
NRN1,0.9987519056888722,0.009811114337110016,0.667,0.417,1,CD8 T cell
NDUFA13,0.9987650444520821,-0.004529087007752786,1,1,1,CD8 T cell
EXOC6B,0.9987762997324982,7.544519760049884e-4,1,1,1,CD8 T cell
HOXB4,0.9988062934956936,0.009975203427016854,1,1,1,CD8 T cell
ACKR4,0.9989024381821762,0.01825862382216803,0.917,0.75,1,CD8 T cell
SLC2A5,0.999027798597393,-0.005405712259092699,0.333,0.333,1,CD8 T cell
NLRP1,0.9990883086747576,0.010589602901360573,1,1,1,CD8 T cell
CENPI,0.9990980927343706,0.022509284103031657,1,1,1,CD8 T cell
AREG,0.999098168999972,0.013539994705687786,1,1,1,CD8 T cell
PDZD2,0.99911691067834,0.009064776265912844,0.583,0.583,1,CD8 T cell
CTU1,0.9991908756894795,0.017767811788968135,1,0.917,1,CD8 T cell
CPEB1,0.9992222696824107,-0.0013653627081984254,0.417,0.583,1,CD8 T cell
FOXD1,0.9992725484288565,0.004125475997716066,1,0.917,1,CD8 T cell
FAM124B,0.9992899417464184,1.6743977706834556e-4,0.25,0.25,1,CD8 T cell
HS6ST1,0.9992920207061217,0.005836635566355053,1,1,1,CD8 T cell
SBK1,0.9992976454425344,0.002947410504359649,1,1,1,CD8 T cell
ZFP37,0.9993627011923099,-0.0038556459845286994,1,1,1,CD8 T cell
BAK1,0.9993868159272858,0.008840819921417192,1,1,1,CD8 T cell
RNF111,0.9994429400705706,-0.006848106230101202,1,1,1,CD8 T cell
BAIAP3,0.9994450094215025,0.0065448704244195355,1,1,1,CD8 T cell
DCTD,0.9994462794823197,0.013794550233029557,1,1,1,CD8 T cell
CFH,0.999451066923549,0.0021035271153251323,1,1,1,CD8 T cell
TMED10,0.9994897211889616,8.105074635349208e-4,1,1,1,CD8 T cell
TAF5L,0.9995103235605397,0.026785684910678453,1,1,1,CD8 T cell
SAC3D1,0.9995700261480613,-4.221143339790956e-4,1,1,1,CD8 T cell
ENSG00000284976,0.9995710187451075,0.012153768932279263,1,1,1,CD8 T cell
AKAP9,0.9995774715607547,-0.004118278749134285,1,1,1,CD8 T cell
CYB5R1,0.9996568118503791,0.0036554525938627958,1,1,1,CD8 T cell
INTS6L,0.9996686319821022,0.01784018930748718,1,1,1,CD8 T cell
ANKDD1B,0.9997362908548055,0.014219852365836783,0.917,0.833,1,CD8 T cell
PANX1,0.9997853641896234,-0.028089696947552367,1,1,1,CD8 T cell
DCP2,0.9997893057399132,0.015609779023423774,1,1,1,CD8 T cell
PM20D2,0.9998324305752085,0.008313542787649286,1,1,1,CD8 T cell
FOXC1,0.9998420562182269,-1.4965197313676626e-4,0.167,0.083,1,CD8 T cell
RASSF3,0.9999066341376919,0.007983532471803167,1,1,1,CD8 T cell
CCSAP,0.9999345786978973,0.026089227376619117,1,1,1,CD8 T cell
TIRAP,0.9999459945381023,0.02134337590557589,1,1,1,CD8 T cell
DGKQ,0.9999964131828242,0.015596644928091319,1,1,1,CD8 T cell
ACBD7,NA,-0.02859657789132042,0.5,0.917,NA,CD8 T cell
OR2L5,NA,-0.042291614806593714,0.583,0.917,NA,CD8 T cell
OR2L3,NA,0.03911973292559834,0.833,0.5,NA,CD8 T cell
TDRD1,NA,0.004905128173653406,0.5,0.25,NA,CD8 T cell
RNF17,NA,0.008418722224630137,0.5,0.25,NA,CD8 T cell
OR2L2,NA,-0.03448486088579372,0.25,0.5,NA,CD8 T cell
CFAP97D2,NA,0.06973475442789612,0.583,0.833,NA,CD8 T cell
COCH,NA,-0.027060250671108843,0.5,0.667,NA,CD8 T cell
AEBP1,NA,-0.1268033315875412,0.833,1,NA,CD8 T cell
SMAD1,NA,-0.04747143533670295,0.667,0.5,NA,CD8 T cell
TCERG1L,NA,-0.03696352245429235,0.667,0.5,NA,CD8 T cell
CCDC149,NA,-0.03794687471717584,1,0.833,NA,CD8 T cell
DISP3,NA,-0.022784441831427138,0.583,0.75,NA,CD8 T cell
OR2L13,NA,-0.015245352396819012,0.167,0.333,NA,CD8 T cell
RNF152,NA,-0.027467017869226673,0.417,0.583,NA,CD8 T cell
ALPK2,NA,0.020193004897623545,0.417,0.583,NA,CD8 T cell
ICA1,NA,-0.011346439639167372,0.917,0.833,NA,CD8 T cell
RAI14,NA,0.06627872793767198,0.833,0.917,NA,CD8 T cell
STOX1,NA,-0.043909555988471016,0.667,0.583,NA,CD8 T cell
TDRD12,NA,-0.008945024208333763,0.833,0.917,NA,CD8 T cell
BOK,NA,-0.042872355937818796,0.833,0.917,NA,CD8 T cell
SH3BGRL2,NA,0.10159847575103687,0.917,0.833,NA,CD8 T cell
CA1,NA,0.01605322165479306,0.083,0.167,NA,CD8 T cell
HBD,NA,0.3465383451167554,0.5,0.417,NA,CD8 T cell
EHF,NA,-0.014530579852264136,0.167,0.25,NA,CD8 T cell
GRIK4,NA,-0.0031023929651223803,0.167,0.25,NA,CD8 T cell
THY1,NA,0.013167041455166562,0.25,0.167,NA,CD8 T cell
VSTM4,NA,0.004949271583183812,0.167,0.25,NA,CD8 T cell
CLDN22,NA,-0.002792431519802907,0.25,0.167,NA,CD8 T cell
SAGE1,NA,-0.01584183391553884,0.167,0.25,NA,CD8 T cell
CD9,NA,0.04193552813682189,0.917,1,NA,CD8 T cell
MYOM2,NA,0.3059196111857796,0.833,0.75,NA,CD8 T cell
ARHGEF10,NA,-0.07558196947255125,0.917,1,NA,CD8 T cell
SDSL,NA,-0.0317801387893053,0.5,0.583,NA,CD8 T cell
RBPMS2,NA,-0.02029643139609494,0.583,0.5,NA,CD8 T cell
LGALS4,NA,0.11004325789954095,1,0.917,NA,CD8 T cell
GAS1,NA,0.03034016805815032,1,0.917,NA,CD8 T cell
OR7D2,NA,-0.011285572264779109,0.667,0.75,NA,CD8 T cell
UTS2,NA,0.007238142675574544,1,1,NA,CD8 T cell
MPPED2,NA,0.015579224036822215,1,1,NA,CD8 T cell
PLA2G4C,NA,-0.01784748887693066,0.833,0.833,NA,CD8 T cell
RASIP1,NA,-0.034542969868538,0.5,0.5,NA,CD8 T cell
CFAP92,NA,-0.002152924515019361,0.25,0.25,NA,CD8 T cell
PPP4R4,NA,0.014257063800394487,0.583,0.583,NA,CD8 T cell
NLN,NA,0.02585512318335681,1,1,NA,CD8 T cell
FOSB,NA,0.1006686912698338,1,1,NA,CD8 T cell
CTAG2,NA,0.04376358298767968,0.083,0.083,NA,CD8 T cell
GPR55,NA,0.04153764342521038,1,1,NA,CD8 T cell
ALAS2,NA,0.001599987733111874,0.25,0.25,NA,CD8 T cell
SLC18A2,NA,0.009853389017580039,0.417,0.417,NA,CD8 T cell
ZNF80,NA,-0.13214714148786189,1,1,NA,CD8 T cell
FAM20C,NA,-0.002892788403364488,0.917,0.917,NA,CD8 T cell
SAXO2,NA,0.10543564738414668,1,1,NA,CD8 T cell
DAPK1,NA,0.004297130634215662,0.833,0.833,NA,CD8 T cell
COL13A1,NA,-0.02331783569904644,0.333,0.333,NA,CD8 T cell
CHSY3,NA,-0.0036867527335338046,0.5,0.5,NA,CD8 T cell
SOWAHC,NA,-0.004497904301789646,0.583,0.583,NA,CD8 T cell
HBB,NA,1.0565081686782265,0.583,0.583,NA,CD8 T cell
