gene,p_val,avg_log2FC,pct.1,pct.2,p_val_adj,our_annotation
PDK4,5.909286476310567e-24,10.777243710547262,0.314,0.261,1.0715309167493952e-19,Dendritic cell
DDIT4,9.076066227163451e-15,-8.337524443988052,0.647,0.699,1.6457630889715485e-10,Dendritic cell
FKBP5,2.2540281816738386e-12,-0.3347344286635785,0.79,0.761,4.087229301829172e-8,Dendritic cell
DHRS9,6.559351869602195e-11,-0.2658738557086813,0.189,0.143,1.189407274514966e-6,Dendritic cell
SH3RF1,1.6829947574602874e-9,0.5668768936777795,0.284,0.25,3.051774393702739e-5,Dendritic cell
SMAP2,1.0998964358813347e-8,4.547738777461241,0.879,0.86,1.9944422071836243e-4,Dendritic cell
LRIF1,6.86857683624664e-8,0.6092590293721348,0.321,0.279,0.0012454790377166034,Dendritic cell
CD180,3.2942493201971675e-7,-2.1212871611233997,0.698,0.662,0.005973462292313524,Dendritic cell
MAP3K8,4.607226535964894e-7,13.651993488581805,0.815,0.835,0.008354283877665142,Dendritic cell
RGS18,4.6877149737628736e-7,-7.29867486912838,0.748,0.706,0.008500233561924218,Dendritic cell
KLF10,4.965294136755647e-7,-6.241540419016985,0.876,0.889,0.009003567858179014,Dendritic cell
SLC25A20,5.950067121514925e-7,0.36255197676901885,0.529,0.488,0.010789256711443013,Dendritic cell
DUSP7,1.104704020404312e-6,8.844619579268413,0.719,0.692,0.02003159800199139,Dendritic cell
RAPH1,1.1555309329181176e-6,2.4103284225157964,0.101,0.074,0.020953242406604226,Dendritic cell
MAP3K7CL,2.575920262709252e-6,-6.019859597449356,0.116,0.088,0.04670916212370686,Dendritic cell
CBX4,2.967852185204221e-6,-1.0025948836073884,0.695,0.726,0.05381606367430814,Dendritic cell
GIMAP7,3.7544519162561058e-6,-0.20173468941516148,0.472,0.442,0.06807947659747196,Dendritic cell
FAM107B,5.243853098305011e-6,-2.958934105306092,0.651,0.616,0.09508678823156477,Dendritic cell
PPBP,5.881645615072097e-6,-112.6252417245415,0.202,0.167,0.10665187993810232,Dendritic cell
MYD88,5.965772746671417e-6,2.7015229123361415,0.952,0.944,0.10817735721539282,Dendritic cell
HBEGF,7.562423534465479e-6,7.357015808567167,0.205,0.244,0.13712942595046254,Dendritic cell
TIMM23,1.0101222966420014e-5,0.10842794788720989,0.569,0.532,0.18316547605009412,Dendritic cell
CHURC1,1.105509161507133e-5,0.7989639292489272,0.809,0.775,0.20046197625608844,Dendritic cell
IFNGR1,1.6248053061923932e-5,-8.65804384132732,0.864,0.862,0.29462594617186666,Dendritic cell
PHLPP1,1.857396495517594e-5,0.7526603093651641,0.226,0.195,0.3368017065322053,Dendritic cell
GTF2H5,2.1163233465213088e-5,-0.3411459994612154,0.418,0.378,0.38375291242470894,Dendritic cell
HSPA1B,2.1651869182124515e-5,0.6814971765192996,0.263,0.242,0.39261334387946384,Dendritic cell
CRIP1,2.180821283020261e-5,33.57253154598753,0.883,0.875,0.39544832325006396,Dendritic cell
HSPA6,3.238371349551344e-5,5.00357392929736,0.531,0.508,0.5872138768141453,Dendritic cell
IL1R2,3.3110154114411445e-5,9.699038077088598,0.28,0.248,0.6003864245566227,Dendritic cell
NCK1,3.3915923208421965e-5,0.40473325834069085,0.594,0.565,0.6149974355383155,Dendritic cell
TAMALIN,3.420252138632381e-5,-3.2075606984200196,0.472,0.503,0.6201943202982098,Dendritic cell
CCIN,3.591050389210917e-5,-0.5159212647030733,0.04,0.058,0.6511651670756156,Dendritic cell
VSIR,4.075628956901842e-5,1.1293522271103704,0.865,0.864,0.7390337987550111,Dendritic cell
PER1,4.121136812603075e-5,1.69208808636022,0.446,0.474,0.7472857382293157,Dendritic cell
ZNF641,4.139036635194541e-5,0.558120123446467,0.664,0.636,0.7505315130598261,Dendritic cell
IPCEF1,5.4002903953404936e-5,-0.10606429415973873,0.324,0.289,0.9792346573870917,Dendritic cell
IRF2BP2,6.379031124278213e-5,-1.8464133310721143,0.593,0.63,1,Dendritic cell
HYCC1,6.409595111433904e-5,0.3625038433012717,0.588,0.575,1,Dendritic cell
TRIM22,6.700916504696924e-5,12.866434837311903,0.949,0.94,1,Dendritic cell
BBS12,6.829973123774107e-5,0.7720799606457716,0.035,0.023,1,Dendritic cell
DSN1,7.686435446079585e-5,0.24037944039542536,0.263,0.231,1,Dendritic cell
TRIO,8.836690235021117e-5,0.6086117771870541,0.67,0.658,1,Dendritic cell
EPS8,9.62124095193045e-5,0.6126001228305817,0.104,0.082,1,Dendritic cell
NOTCH3,1.2457873829422938e-4,0.14226011302071878,0.038,0.028,1,Dendritic cell
CRIP2,1.295878779898193e-4,1.1765860767415441,0.02,0.01,1,Dendritic cell
CREG1,1.3064966688509415e-4,1.0760845504114975,0.648,0.662,1,Dendritic cell
ETFBKMT,1.3181319417285352e-4,0.18853874834529716,0.043,0.031,1,Dendritic cell
PDE7A,1.4202245692606947e-4,-1.1690467933694944,0.597,0.571,1,Dendritic cell
KLF2,1.4332232726534612e-4,2.7903508800649632,0.493,0.467,1,Dendritic cell
TTC8,1.4702286319656738e-4,0.32635706094983685,0.163,0.134,1,Dendritic cell
P2RY12,0.00014908425412976051,0.4494687690944159,0.076,0.059,1,Dendritic cell
CD2,1.583873617899169e-4,9.614673512173773,0.571,0.53,1,Dendritic cell
DCAF16,1.8549324838052563e-4,0.3073978381369532,0.397,0.364,1,Dendritic cell
COPS3,2.0067744973640541e-4,2.161681764616646,0.684,0.65,1,Dendritic cell
PPP3CB,2.0312011069416967e-4,0.4904251425301127,0.579,0.565,1,Dendritic cell
TMEM106B,2.2218787338099114e-4,0.1802779426764669,0.304,0.271,1,Dendritic cell
TRIB2,2.2923048067929265e-4,0.53807054735529,0.195,0.163,1,Dendritic cell
TASL,2.3733450396663916e-4,15.154311494552214,0.714,0.703,1,Dendritic cell
SMURF1,2.438744542473593e-4,0.3872624574587804,0.187,0.163,1,Dendritic cell
IMPACT,2.63634345931453e-4,0.13137038750129504,0.476,0.44,1,Dendritic cell
UCP2,2.6806753318203594e-4,-12.62749249173089,0.989,0.986,1,Dendritic cell
PLEKHG3,2.697096036955652e-4,0.23880080515742697,0.12,0.096,1,Dendritic cell
ZNF441,2.737665940572346e-4,0.20714506826954926,0.097,0.077,1,Dendritic cell
ABHD14B,2.8391794593851015e-4,0.3431896741632581,0.358,0.327,1,Dendritic cell
EVL,2.8807415485014744e-4,1.8539503372832158,0.771,0.749,1,Dendritic cell
PRPF31,2.921944058553712e-4,-0.18047043604409296,0.58,0.544,1,Dendritic cell
IL13RA1,3.006040547693676e-4,-0.6451755293392338,0.819,0.792,1,Dendritic cell
ROMO1,3.148611460146323e-4,0.41177172220959957,0.632,0.598,1,Dendritic cell
NFIL3,3.6068805849095986e-4,-0.20789868182477345,0.253,0.286,1,Dendritic cell
DEPTOR,3.646262131155888e-4,2.045615356015266,0.255,0.232,1,Dendritic cell
FBXW8,3.73865424685208e-4,1.306498904650295,0.284,0.263,1,Dendritic cell
GANC,3.7538026374245537e-4,0.9089194388646611,0.718,0.698,1,Dendritic cell
ZBTB1,3.9045832559306146e-4,0.3747608260588633,0.754,0.775,1,Dendritic cell
WSB1,3.944257324763738e-4,-3.480070228748838,0.818,0.797,1,Dendritic cell
PIK3IP1,4.1158087036549467e-4,0.7286030672143763,0.129,0.11,1,Dendritic cell
KCNAB3,4.1314197077339625e-4,0.16920798716116803,0.027,0.02,1,Dendritic cell
CA2,4.166682702578007e-4,-0.15965365320476543,0.282,0.253,1,Dendritic cell
ETS1,4.2322910046937827e-4,-2.871067998309261,0.312,0.297,1,Dendritic cell
CHD1,4.3302347572455707e-4,-0.28753822115508054,0.723,0.69,1,Dendritic cell
MINDY3,4.355456857447031e-4,0.22399931949191151,0.29,0.258,1,Dendritic cell
KCNJ5-AS1,4.412687970285628e-4,-0.10473117678089539,0.037,0.028,1,Dendritic cell
PTPRO,4.4591331045859333e-4,0.19758666518359558,0.227,0.198,1,Dendritic cell
RBL2,4.5271480146842445e-4,2.9685940695141797,0.757,0.739,1,Dendritic cell
CLEC10A,4.750502572591683e-4,-25.552868078273377,0.68,0.67,1,Dendritic cell
AFG1L,4.8001688760294806e-4,0.4743612339394099,0.107,0.094,1,Dendritic cell
GIT2,4.8754327489962374e-4,0.7559805916286741,0.765,0.739,1,Dendritic cell
RBM14,5.209194871140058e-4,1.6103117633066208,0.815,0.793,1,Dendritic cell
ATF7IP,5.214767897053734e-4,0.709775444580766,0.604,0.572,1,Dendritic cell
RNF146,5.410270777455688e-4,0.4831440874525839,0.332,0.309,1,Dendritic cell
FOSB,5.507100263639019e-4,6.848633962598575,0.404,0.369,1,Dendritic cell
SCO2,5.535529613386038e-4,0.769355892376705,0.593,0.581,1,Dendritic cell
TOB1,5.629948683162016e-4,-0.9282482969000831,0.826,0.839,1,Dendritic cell
TDRD7,5.69495522436025e-4,0.2091667507478121,0.367,0.334,1,Dendritic cell
PFKFB2,5.981688185978466e-4,3.923619397968703,0.3,0.303,1,Dendritic cell
NABP1,6.037798660745453e-4,-19.439895816504514,0.391,0.355,1,Dendritic cell
RBM12,6.149219722918495e-4,0.23165741005682297,0.29,0.265,1,Dendritic cell
HPS5,6.208914611846055e-4,-3.6099540131431,0.617,0.583,1,Dendritic cell
QSOX2,6.273284619358188e-4,0.15020284994715416,0.101,0.083,1,Dendritic cell
MCRIP2,6.449196937511756e-4,-0.4920515460080348,0.047,0.059,1,Dendritic cell
TRAT1,6.615017546054583e-4,3.293798140599375,0.054,0.043,1,Dendritic cell
CASP8,6.709521043825212e-4,0.7334394117727392,0.782,0.772,1,Dendritic cell
TMEM168,6.781977947160875e-4,-1.0187835321859275,0.529,0.495,1,Dendritic cell
CD99L2,6.867983973985623e-4,0.16881084502988905,0.311,0.281,1,Dendritic cell
GLDN,6.930329770756384e-4,7.227913387202869,0.02,0.013,1,Dendritic cell
UBLCP1,7.031687838624294e-4,0.3521868913400592,0.615,0.582,1,Dendritic cell
CTSD,7.141077770539395e-4,-1.5642281256201693,0.53,0.524,1,Dendritic cell
NFKBIZ,7.162559045596305e-4,-1.094716830161957,0.718,0.737,1,Dendritic cell
THEMIS2,7.214907669397338e-4,-1.5953630055048365,0.968,0.971,1,Dendritic cell
PIK3CG,7.218422173023481e-4,-0.2932852067745211,0.722,0.74,1,Dendritic cell
MKNK2,7.3868956113884e-4,-1.81466450007923,0.831,0.834,1,Dendritic cell
ITGA4,7.676478277228036e-4,-2.858843849397026,0.941,0.932,1,Dendritic cell
ZNF23,7.679540071050209e-4,0.22291060822577102,0.128,0.107,1,Dendritic cell
SOCS6,7.806735221400215e-4,0.128075599301821,0.27,0.239,1,Dendritic cell
ZNF449,7.890287816919468e-4,0.376993103267695,0.11,0.09,1,Dendritic cell
TUBE1,7.902184632910185e-4,0.36251409908014565,0.121,0.101,1,Dendritic cell
IFT57,8.429722095139171e-4,0.24595732475338794,0.344,0.322,1,Dendritic cell
CCNG1,8.591465881405578e-4,-0.12121529558648092,0.71,0.682,1,Dendritic cell
GOLGA5,8.748796798456074e-4,0.4227018241428776,0.388,0.369,1,Dendritic cell
UROS,8.856693594881923e-4,0.32223263626988885,0.467,0.436,1,Dendritic cell
CCR5,8.890667498787118e-4,0.7984281347328395,0.622,0.591,1,Dendritic cell
HSPA8,9.291069332634783e-4,-1.4632208965713787,0.95,0.945,1,Dendritic cell
CD96,9.315404043674716e-4,2.0382556684551663,0.083,0.067,1,Dendritic cell
ACAT1,9.523196621022829e-4,0.22027719622849196,0.45,0.423,1,Dendritic cell
MEGF9,9.735268081197878e-4,-3.974417411515013,0.602,0.625,1,Dendritic cell
SIRPG,9.782052075106317e-4,0.8014268762687391,0.027,0.017,1,Dendritic cell
ATP1B1,0.001006092856695404,0.8057939913839149,0.444,0.414,1,Dendritic cell
TAF7,0.001007049295812515,0.8453315622806663,0.749,0.721,1,Dendritic cell
FTSJ3,0.0010085894402051042,-0.23928006352660958,0.411,0.388,1,Dendritic cell
UBE2J1,0.0010298063849728675,7.904217816547639,0.837,0.817,1,Dendritic cell
OGFRL1,0.0010370485976471237,-5.8844275321042545,0.91,0.91,1,Dendritic cell
SBK1,0.0010431779522053198,1.6468781337530802,0.025,0.018,1,Dendritic cell
PLBD1,0.0010772389599100756,-14.521219872302702,0.717,0.706,1,Dendritic cell
TRIM4,0.0010802525821052384,0.5246705611989346,0.481,0.447,1,Dendritic cell
GTPBP10,0.0010899018143607996,0.3270589757778711,0.264,0.242,1,Dendritic cell
ABHD16A,0.0011306977863544286,-0.34031872618992354,0.416,0.416,1,Dendritic cell
IL18R1,0.0011582884286844102,0.5948833382742693,0.372,0.343,1,Dendritic cell
CD28,0.001189739015596461,1.0958501762371415,0.057,0.044,1,Dendritic cell
CD33,0.0011930569782310086,-0.9299830613615079,0.583,0.582,1,Dendritic cell
SERTAD2,0.0011931116026046686,-0.68882356043905,0.663,0.688,1,Dendritic cell
TCIRG1,0.0012221965733597573,-0.47397648732844644,0.824,0.831,1,Dendritic cell
SET,0.001228716154716394,-0.3411757391555559,0.531,0.53,1,Dendritic cell
C7orf50,0.001238063041787834,-0.2352050947951354,0.486,0.45,1,Dendritic cell
RNF13,0.0012381755281291385,-1.9679068448048325,0.786,0.76,1,Dendritic cell
TLE4,0.0012390478071642372,-0.4101919444489013,0.488,0.464,1,Dendritic cell
TSNAX,0.0012536099804887663,0.36321592038513284,0.555,0.532,1,Dendritic cell
C4orf3,0.0013185193527241563,0.7653767133386751,0.941,0.938,1,Dendritic cell
YIF1A,0.0013336258578428937,0.15075860630754584,0.354,0.325,1,Dendritic cell
OSBPL11,0.0013456543884113605,-0.3776181456519536,0.667,0.639,1,Dendritic cell
ZNF575,0.001355214635954507,0.20630557487562529,0.058,0.045,1,Dendritic cell
NCKAP5,0.0013625143322031582,1.6195566038840754,0.09,0.073,1,Dendritic cell
CD300A,0.0014159161276379169,5.206426961225118,0.87,0.865,1,Dendritic cell
COPE,0.0014237173371620458,-0.10656528279898758,0.743,0.718,1,Dendritic cell
MTSS1,0.0014327189239370128,2.783904450025,0.167,0.145,1,Dendritic cell
FAM221B,0.0014354979784265665,-0.17157555949761782,0.062,0.054,1,Dendritic cell
FCER1A,0.0014927894993538072,8.479012800988215,0.863,0.845,1,Dendritic cell
HOMER2,0.0015149399563193647,0.44185326893107413,0.275,0.288,1,Dendritic cell
H1-2,0.0015276587088469211,85.02379431501768,0.933,0.937,1,Dendritic cell
TUBB1,0.0015320639776018519,-5.888569578831252,0.053,0.04,1,Dendritic cell
LMBR1L,0.001623050695575472,-0.19321149503707435,0.389,0.367,1,Dendritic cell
TGFBR3,0.001658300217669126,-1.0664084615147642,0.043,0.034,1,Dendritic cell
VEZT,0.0016891996008868814,0.16355157390055458,0.233,0.208,1,Dendritic cell
EXOC6,0.0017914301990712095,0.24373982653984294,0.61,0.597,1,Dendritic cell
AVPI1,0.0018134800681027107,2.307746472279322,0.165,0.191,1,Dendritic cell
ALG13,0.001823495751462308,-0.12510020360655538,0.689,0.667,1,Dendritic cell
CX3CR1,0.001839311534267416,9.944355676573625,0.658,0.635,1,Dendritic cell
CRY2,0.001899144980616845,0.24576160779957298,0.264,0.271,1,Dendritic cell
ZBTB8A,0.0019049021083065644,-0.7616713994187418,0.025,0.026,1,Dendritic cell
FCHO1,0.0019353522475941236,-0.3220246578304655,0.569,0.57,1,Dendritic cell
SUZ12,0.001999033591776177,0.2560056230582864,0.355,0.33,1,Dendritic cell
RAP2A,0.002024683015702886,0.39882249001783077,0.69,0.665,1,Dendritic cell
PPP2R2A,0.002057573540630366,0.20879214366912935,0.613,0.586,1,Dendritic cell
SNX10,0.00212671092528854,1.371916045182167,0.774,0.752,1,Dendritic cell
IL7R,0.002147285323844896,6.2650627976042585,0.119,0.113,1,Dendritic cell
KIF16B,0.002173734192962863,0.3233769144854395,0.347,0.32,1,Dendritic cell
ENPP4,0.0021889444897769707,2.1983203400155094,0.172,0.195,1,Dendritic cell
RAP1GAP2,0.002219702379738554,0.7658113826822421,0.506,0.522,1,Dendritic cell
SRGAP1,0.002231181468621914,0.44619676994235746,0.022,0.014,1,Dendritic cell
MRC1,0.0022376637537286264,-7.125401013911414,0.191,0.17,1,Dendritic cell
PDHB,0.0022607517847928298,-0.6082945894233696,0.754,0.731,1,Dendritic cell
ELP1,0.002272339548932724,0.24394669565415827,0.392,0.373,1,Dendritic cell
PALLD,0.002287332999990303,-0.4125117952096252,0.122,0.103,1,Dendritic cell
TRMO,0.002287714262740497,0.17679704517039413,0.337,0.307,1,Dendritic cell
TRABD2A,0.002296930713464685,2.025564299015322,0.103,0.085,1,Dendritic cell
ARMC7,0.002309600364330194,0.29655288408662517,0.16,0.138,1,Dendritic cell
TRAC,0.0023594110852092173,22.959675245063018,0.182,0.165,1,Dendritic cell
RRP12,0.002362593219447341,-1.6253001524686432,0.469,0.44,1,Dendritic cell
FLNA,0.0023817599284459232,5.145645104336847,0.846,0.85,1,Dendritic cell
MNAT1,0.0023851657956627456,0.21807525864814792,0.244,0.22,1,Dendritic cell
LYAR,0.0024856339433718204,0.5596246420732576,0.366,0.338,1,Dendritic cell
MSR1,0.0026714345894687853,1.5554528557393525,0.103,0.088,1,Dendritic cell
RASGRP1,0.0026812679512014798,4.8681848782900445,0.072,0.057,1,Dendritic cell
CHTOP,0.0027096719640545856,-1.094953759710335,0.743,0.722,1,Dendritic cell
MYOM2,0.002782333187107049,18.551915805476263,0.01,0.005,1,Dendritic cell
MTMR12,0.0028002575345705974,0.1777919345048098,0.495,0.479,1,Dendritic cell
LRRC37B,0.0028133541717868197,-0.35518196311289607,0.131,0.15,1,Dendritic cell
THADA,0.0028512814029343415,0.2648734972813205,0.522,0.513,1,Dendritic cell
LMO4,0.0028536127173483684,0.6384341894975165,0.711,0.69,1,Dendritic cell
RBM23,0.0028656825328729372,0.1339953423034519,0.555,0.548,1,Dendritic cell
PHF19,0.0029014857354542154,-3.786502401382984,0.306,0.278,1,Dendritic cell
COX19,0.002902740561359874,0.12485468137345268,0.31,0.283,1,Dendritic cell
MAP3K13,0.002913345947660279,-0.21654778079815218,0.365,0.335,1,Dendritic cell
COQ6,0.0029202711539305145,0.13021094517438214,0.23,0.203,1,Dendritic cell
TMEM243,0.0029326829799905837,0.6394473022196898,0.585,0.585,1,Dendritic cell
SUPT6H,0.002935074968199322,-0.10045483316714243,0.582,0.552,1,Dendritic cell
EMP3,0.0029380464847187393,14.22670434873369,0.954,0.958,1,Dendritic cell
PARP14,0.0029892518924108224,3.4323579010017493,0.573,0.549,1,Dendritic cell
CPSF7,0.0030335341839366784,2.792803891596468,0.762,0.786,1,Dendritic cell
PLAAT4,0.003056581587871456,-2.973911327149364,0.337,0.31,1,Dendritic cell
STING1,0.003088436580829599,0.29161548499712175,0.732,0.715,1,Dendritic cell
GRAP2,0.0031144865560792565,-1.1089620625530952,0.11,0.09,1,Dendritic cell
TRIM27,0.003137067720969791,0.2478038246333698,0.599,0.573,1,Dendritic cell
PCCB,0.0031838968397785283,0.2358672462140463,0.36,0.345,1,Dendritic cell
VNN1,0.003212021117065761,0.7943509509805399,0.15,0.133,1,Dendritic cell
AOC2,0.0032177990128622745,-0.7133648731041484,0.014,0.02,1,Dendritic cell
GNS,0.003222732052761348,0.22274231006534073,0.807,0.815,1,Dendritic cell
ST3GAL6,0.0032722411904179435,0.12345286464228611,0.397,0.369,1,Dendritic cell
TFCP2,0.0032995405649124195,0.20845018057276476,0.694,0.676,1,Dendritic cell
PCMTD1,0.003324691658314203,0.1614687885020185,0.891,0.877,1,Dendritic cell
RWDD3,0.0033388209337596483,0.17524501055689556,0.219,0.197,1,Dendritic cell
BMPR1A,0.0033601703582779325,0.6447278680240927,0.032,0.022,1,Dendritic cell
SIRT1,0.0033730204607633936,0.18620369393297231,0.397,0.365,1,Dendritic cell
ZRANB3,0.0033853436281825002,-0.31183080889394743,0.055,0.07,1,Dendritic cell
GPATCH8,0.003401514401571383,0.8331659346731513,0.435,0.415,1,Dendritic cell
PPP4R3B,0.0034103139931973355,0.38393112623957126,0.778,0.776,1,Dendritic cell
TGFB1,0.003413849100353167,-0.1509030549438135,0.582,0.589,1,Dendritic cell
CYTH1,0.0034519510024880427,1.344470644545451,0.905,0.894,1,Dendritic cell
USP1,0.0034630155976998916,3.632758083253592,0.579,0.555,1,Dendritic cell
C2orf68,0.003473120068629631,0.27127698445029935,0.683,0.655,1,Dendritic cell
TNFSF9,0.0035044250214836107,-0.5486652373350889,0.06,0.075,1,Dendritic cell
SSR3,0.003541325514676643,0.2323578011122649,0.852,0.84,1,Dendritic cell
PARP11,0.003572317290485189,0.3406512410109011,0.311,0.308,1,Dendritic cell
ADRB2,0.0035750884327427185,-1.0900837220195316,0.451,0.43,1,Dendritic cell
LAX1,0.0035917837094633902,1.2592753435129453,0.023,0.016,1,Dendritic cell
NCAPH2,0.0036084080478380755,0.29572684784334247,0.246,0.225,1,Dendritic cell
CD52,0.003639914795589399,-14.926187111072224,0.915,0.906,1,Dendritic cell
APH1B,0.0037350626422373435,0.3086241315319418,0.194,0.173,1,Dendritic cell
THAP6,0.0037375393278512572,0.19571737942476936,0.253,0.228,1,Dendritic cell
MAP2K3,0.003797531966239968,-0.3018823916755302,0.843,0.851,1,Dendritic cell
ZMYM6,0.0038486574446076303,-0.7374753599628296,0.427,0.398,1,Dendritic cell
LANCL1,0.003898422916936025,0.27543532547214533,0.394,0.375,1,Dendritic cell
XRCC4,0.003954977609761014,-0.10348380427657783,0.246,0.225,1,Dendritic cell
NUBP1,0.003969610173483938,0.24260294348388212,0.435,0.407,1,Dendritic cell
CBR4,0.0039900626408585485,0.43482803967941724,0.274,0.26,1,Dendritic cell
GIMAP4,0.004014191704674006,-8.270849906998706,0.577,0.553,1,Dendritic cell
GIMAP5,0.004053116868108226,0.42660091677891865,0.118,0.106,1,Dendritic cell
TUBGCP5,0.004057764666421331,0.2439038744187879,0.264,0.24,1,Dendritic cell
ZNF558,0.004058382525134761,0.2414600964806154,0.167,0.147,1,Dendritic cell
RMI1,0.004076720786010109,-0.7357681281253287,0.313,0.289,1,Dendritic cell
ELOA,0.00411658433717494,-0.3000313867759965,0.429,0.438,1,Dendritic cell
MT-CO3,0.004117113293180751,-26.06205230674641,0.894,0.876,1,Dendritic cell
ZMYND12,0.0041261160580142115,1.0692675024290264,0.01,0.005,1,Dendritic cell
GLYCTK,0.004142648464476563,0.2683840384364452,0.325,0.302,1,Dendritic cell
B3GNT5,0.004149417570221943,-0.9436946894639304,0.125,0.109,1,Dendritic cell
TLR2,0.004176576878075768,-5.841490749926539,0.654,0.631,1,Dendritic cell
EMP1,0.004215794262657401,47.16730971805388,0.229,0.21,1,Dendritic cell
FCRLB,0.0042246369946871785,-0.4166723256588085,0.01,0.009,1,Dendritic cell
ARHGAP17,0.004256377426693133,1.1583197654586606,0.856,0.842,1,Dendritic cell
SLC12A7,0.004328091254698145,-2.767373145540817,0.712,0.715,1,Dendritic cell
TCF7,0.004331199492173805,2.8025207485991466,0.1,0.09,1,Dendritic cell
OXGR1,0.004333198611237089,0.6496270448441983,0.04,0.031,1,Dendritic cell
TMEM187,0.004333453881763818,0.11050914248560506,0.059,0.049,1,Dendritic cell
NOP53,0.004349964233879311,-1.6989505484626992,0.93,0.942,1,Dendritic cell
WDR20,0.00439269358006756,0.1746363550204102,0.46,0.451,1,Dendritic cell
PPRC1,0.0044034681163387926,0.3217503847067834,0.321,0.297,1,Dendritic cell
TSPYL1,0.004427534849165723,-0.22183102189396475,0.532,0.508,1,Dendritic cell
CAPNS1,0.004484481544027628,1.3377930427062044,0.928,0.924,1,Dendritic cell
ATP5F1C,0.004514990190691293,-0.22090071877800366,0.595,0.6,1,Dendritic cell
CST3,0.004531031478667171,-44.81850930599347,0.997,0.996,1,Dendritic cell
SNAPC1,0.004544808979266192,-0.20831150746234095,0.155,0.151,1,Dendritic cell
HERPUD1,0.0045710904109827356,17.023008991393816,0.768,0.793,1,Dendritic cell
TGS1,0.004588786509216735,0.2972580401012561,0.39,0.364,1,Dendritic cell
NISCH,0.00460232811432678,-0.1908696081110446,0.439,0.434,1,Dendritic cell
TMEM107,0.004606301523918107,0.3674659848103148,0.126,0.109,1,Dendritic cell
VEGFA,0.004619751287469964,-1.0613207726273375,0.221,0.253,1,Dendritic cell
ARHGAP42,0.004662739125709155,-0.5046906410574117,0.02,0.02,1,Dendritic cell
SDHAF3,0.004675481148123256,0.1780685579594491,0.334,0.309,1,Dendritic cell
SEPTIN3,0.004771900523063703,-0.8355718576268252,0.06,0.058,1,Dendritic cell
NXPE3,0.004796846795392513,0.19796739842452316,0.49,0.464,1,Dendritic cell
GPER1,0.0048121247020602295,1.2817786569393554,0.06,0.049,1,Dendritic cell
C1RL,0.004877699806306443,0.48768931309385277,0.329,0.303,1,Dendritic cell
FPR3,0.004905918464402303,2.6335193791361,0.177,0.156,1,Dendritic cell
ZC3HAV1,0.004961891040231686,-6.313894071684816,0.691,0.714,1,Dendritic cell
CDC37,0.004980749925451663,1.0904097725072468,0.89,0.887,1,Dendritic cell
RASGRF2,0.005004505728201347,0.37587429122013827,0.023,0.015,1,Dendritic cell
DYRK1B,0.0050222461703932,0.7514949380621755,0.249,0.245,1,Dendritic cell
NDUFA4,0.005036878798715338,-0.3203689940965777,0.913,0.905,1,Dendritic cell
MANSC1,0.005049490735949467,0.24590258804865917,0.027,0.018,1,Dendritic cell
GCLC,0.005067732698023922,0.3342834415467455,0.507,0.482,1,Dendritic cell
ST8SIA6,0.005116142186759741,1.4918162528447545,0.018,0.014,1,Dendritic cell
BCL11B,0.005121501902285087,3.8072168511766495,0.082,0.07,1,Dendritic cell
PRKACB,0.0051928208722909494,1.2924928109512779,0.757,0.739,1,Dendritic cell
CAVIN2,0.005344067777606306,-3.4333607781834274,0.08,0.067,1,Dendritic cell
ZNF644,0.005350111416232969,1.1429505852265942,0.782,0.793,1,Dendritic cell
COA8,0.005380561150000864,-0.37087891453688493,0.285,0.29,1,Dendritic cell
SNRPB2,0.00538414592492757,0.5185247225727752,0.725,0.711,1,Dendritic cell
ST6GAL1,0.005391232445602042,-0.923627168511131,0.703,0.691,1,Dendritic cell
THUMPD2,0.005422038561754529,-0.2836443658241641,0.154,0.157,1,Dendritic cell
AFF1,0.00542943129503097,2.1617837227322756,0.767,0.744,1,Dendritic cell
KATNB1,0.005492404121422896,-0.25713608788514675,0.138,0.145,1,Dendritic cell
CTSF,0.005606438719103906,0.5705865137562807,0.034,0.029,1,Dendritic cell
MT-ND6,0.005615546248453235,-1.4287588472531283,0.59,0.569,1,Dendritic cell
CHSY1,0.005619292307790299,-0.19415594305762318,0.374,0.355,1,Dendritic cell
FOSL1,0.0056205213193935705,-0.6264214086240436,0.022,0.028,1,Dendritic cell
YME1L1,0.00564468935655621,-0.12910006478831004,0.632,0.652,1,Dendritic cell
PABPN1L,0.005731591718418054,-0.18904015360125115,0.037,0.049,1,Dendritic cell
ZNF382,0.005747584266457443,0.502994202986502,0.047,0.036,1,Dendritic cell
PLAUR,0.005756050112244463,-2.304667548443594,0.428,0.444,1,Dendritic cell
ARRDC3,0.005765548639901409,-9.176407467426095,0.645,0.655,1,Dendritic cell
EGLN1,0.005799426739547907,0.4217300619633466,0.615,0.589,1,Dendritic cell
MAN2B2,0.005862058995801209,-0.24725166714333824,0.377,0.38,1,Dendritic cell
GRAMD4,0.0059372649934768245,-0.8195705305613461,0.665,0.654,1,Dendritic cell
VIM,0.005948807482230734,17.217311952639648,1,0.998,1,Dendritic cell
CSF2RA,0.005950339212582496,27.300406768042627,0.967,0.965,1,Dendritic cell
ANKLE2,0.005979347879969258,0.951032123443738,0.606,0.578,1,Dendritic cell
ASAH1,0.005982996355572599,-5.333682281119949,0.661,0.673,1,Dendritic cell
MUC20,0.005987830447395138,0.10059635598530425,0.036,0.03,1,Dendritic cell
FOSL2,0.006011063277848379,-2.3150073600780825,0.558,0.585,1,Dendritic cell
TAPBP,0.006025904991132134,-0.5383977331391065,0.98,0.984,1,Dendritic cell
OAS3,0.006058595456087702,2.2420206423025384,0.377,0.351,1,Dendritic cell
USP53,0.006073291157645247,-0.10976134633660839,0.145,0.125,1,Dendritic cell
GNL2,0.0060780945590116755,-0.8923699541824681,0.558,0.531,1,Dendritic cell
ERLEC1,0.006102316173001731,0.11465836883830693,0.496,0.481,1,Dendritic cell
ALDH2,0.006172405055689053,7.735415514436287,0.918,0.911,1,Dendritic cell
RAB38,0.006235634578746097,-0.8069943355721096,0.1,0.117,1,Dendritic cell
WDR27,0.006254209102304193,0.27987916950860803,0.258,0.246,1,Dendritic cell
TMBIM4,0.006310019820864337,-0.27551282395626764,0.831,0.812,1,Dendritic cell
CCNH,0.006317923800062822,0.1489479759735327,0.403,0.376,1,Dendritic cell
ZNF227,0.006341497884471033,0.12801474872855012,0.154,0.133,1,Dendritic cell
DCTN6,0.00639401619139229,-0.6258353902572198,0.576,0.553,1,Dendritic cell
NCR1,0.006398781599962237,2.5372429800047405,0.012,0.007,1,Dendritic cell
COG1,0.006428874042059926,0.3822143039513219,0.303,0.303,1,Dendritic cell
DDX46,0.006465830362810203,0.7907221170136847,0.795,0.778,1,Dendritic cell
MED26,0.006490863657534527,0.32856289119018123,0.169,0.148,1,Dendritic cell
CXCR4,0.006503748000186513,-15.894488662560235,0.821,0.845,1,Dendritic cell
NDUFAF6,0.006553766161047679,0.12265833956717198,0.192,0.169,1,Dendritic cell
RAD21,0.006562052456930295,0.19720294319052423,0.476,0.492,1,Dendritic cell
TSC22D3,0.006587009949542907,-5.1844087453018375,0.76,0.736,1,Dendritic cell
CD2AP,0.006606346917922176,-2.062352632587217,0.568,0.592,1,Dendritic cell
H1-4,0.0066835311279025075,1.0163656295458168,0.565,0.567,1,Dendritic cell
TTYH2,0.006727928902682218,-0.3999620945318214,0.464,0.485,1,Dendritic cell
CYP51A1,0.006734311654329011,1.6000248221153703,0.276,0.289,1,Dendritic cell
PODXL2,0.0067529372280676955,0.4439756998247004,0.016,0.01,1,Dendritic cell
POLR2K,0.0068147726190038995,0.22691451137491514,0.494,0.471,1,Dendritic cell
FAM111A,0.0068534937505623375,2.8764938301427003,0.631,0.616,1,Dendritic cell
ELMO1,0.006876994594882951,-0.31924557495510353,0.794,0.784,1,Dendritic cell
CEP63,0.006908842192468189,-0.2335920618552838,0.502,0.473,1,Dendritic cell
ZNF678,0.006917199640310173,0.31714702457664545,0.166,0.147,1,Dendritic cell
ECE1,0.006973163820576007,0.7087550627379284,0.141,0.125,1,Dendritic cell
CHST14,0.007005829369070967,0.49515868056435475,0.349,0.322,1,Dendritic cell
MSANTD4,0.00701273480224133,0.2229116563067098,0.285,0.26,1,Dendritic cell
BCL2,0.007014630027145154,1.1753238743204741,0.241,0.223,1,Dendritic cell
CASC3,0.007065050084975126,0.1578992834886188,0.728,0.724,1,Dendritic cell
EIF2A,0.007129742635145771,-4.016113190620825,0.87,0.852,1,Dendritic cell
KANSL3,0.007137720590692209,-0.13490711798496113,0.321,0.299,1,Dendritic cell
CLPB,0.007141653296280889,-0.2895489992257152,0.477,0.457,1,Dendritic cell
RNASE3,0.007180288884713086,0.13013059523820858,0.043,0.056,1,Dendritic cell
VAMP8,0.007218815529478202,7.109177776434272,0.994,0.991,1,Dendritic cell
COG5,0.007251782089237445,-0.10069085849661019,0.456,0.48,1,Dendritic cell
PRDM1,0.00726755395946769,0.7925010644184836,0.11,0.098,1,Dendritic cell
CEACAM4,0.0072888852168311235,0.923473797725236,0.251,0.233,1,Dendritic cell
ZNF675,0.00731753320228381,0.18197653491006882,0.129,0.128,1,Dendritic cell
MGRN1,0.0073284606352796286,-0.39906212919771167,0.55,0.57,1,Dendritic cell
CDC42EP3,0.007371088269246525,0.2307737896592128,0.431,0.412,1,Dendritic cell
CCDC88C,0.007430056626483031,2.4829341274560566,0.593,0.579,1,Dendritic cell
CMTR2,0.007455301403554419,0.2492838516791256,0.402,0.378,1,Dendritic cell
DOCK4,0.00754916449751009,0.3294523721602065,0.056,0.044,1,Dendritic cell
WDFY2,0.007575472715802291,0.6595756567257993,0.846,0.827,1,Dendritic cell
CFAP68,0.007583881337140449,0.2690801266419417,0.239,0.217,1,Dendritic cell
SNX14,0.007639143955842396,-0.1097432153746496,0.691,0.666,1,Dendritic cell
VPS13A,0.007664158005461564,-0.23319294149115535,0.252,0.248,1,Dendritic cell
CDH23,0.007672062284473768,1.134479727170889,0.239,0.233,1,Dendritic cell
PLSCR3,0.007688612272202278,-0.8504961328446299,0.357,0.343,1,Dendritic cell
ZNF841,0.007745902157720234,0.39520477983525076,0.219,0.197,1,Dendritic cell
POLR2H,0.007766156670779803,0.11711420934938177,0.501,0.472,1,Dendritic cell
NOL9,0.007812034247881441,0.1527753937999191,0.263,0.24,1,Dendritic cell
LANCL2,0.007816264220522177,0.2152890497365737,0.229,0.207,1,Dendritic cell
NDUFAF5,0.007817028623928314,0.23078986495806642,0.142,0.124,1,Dendritic cell
BAIAP2,0.007879709016416492,-2.4709175912648735,0.375,0.403,1,Dendritic cell
C4BPB,0.007880829382765289,0.6835148697079001,0.015,0.014,1,Dendritic cell
MFSD13A,0.007882569852160673,0.11365921010688917,0.13,0.111,1,Dendritic cell
ADAT1,0.008030308757801355,0.11913693755060528,0.385,0.358,1,Dendritic cell
DYNLT3,0.008224383803931135,0.12465821180013004,0.234,0.212,1,Dendritic cell
TUBG1,0.0082556886439794,0.3250595327299328,0.136,0.129,1,Dendritic cell
FAM162A,0.008258926069530945,0.1537404973384775,0.521,0.494,1,Dendritic cell
RIC8A,0.008282925278419478,-0.11023871328091284,0.397,0.425,1,Dendritic cell
PKIA,0.008318870027151802,0.40872845170995875,0.05,0.038,1,Dendritic cell
CILK1,0.008364029493916243,0.12698451873815886,0.2,0.199,1,Dendritic cell
MARCHF3,0.00840646149052,-0.5531882687987144,0.01,0.016,1,Dendritic cell
RHOB,0.008414196475084589,-23.178138788725846,0.458,0.438,1,Dendritic cell
GCNT4,0.008481479045708064,1.1068121957794919,0.013,0.008,1,Dendritic cell
S1PR1,0.00852407823880757,-1.6180769554275902,0.068,0.054,1,Dendritic cell
BTBD9,0.008613025517400544,0.6310152355890024,0.489,0.461,1,Dendritic cell
CTSO,0.008616788622821692,0.29481707767654575,0.443,0.421,1,Dendritic cell
NHSL1,0.008649713421750437,0.443225755008378,0.081,0.072,1,Dendritic cell
TSPAN5,0.008678941413764641,0.6763489850336599,0.01,0.006,1,Dendritic cell
DDX10,0.008729595890924712,-0.22978458881869912,0.265,0.281,1,Dendritic cell
RASAL2,0.008730140320916086,0.46290913841361014,0.042,0.038,1,Dendritic cell
RBM3,0.008733132741994443,0.18379308962762764,0.482,0.466,1,Dendritic cell
GNAI1,0.00878007323987308,0.3926576634948413,0.104,0.094,1,Dendritic cell
MDM2,0.008795947506145135,19.815545052228693,0.572,0.551,1,Dendritic cell
H1-3,0.008805710942921863,43.10840062699479,0.739,0.757,1,Dendritic cell
CAPZA1,0.008849206125997568,0.4850953597772518,0.875,0.861,1,Dendritic cell
GSAP,0.008932439252879959,-0.21206422949206427,0.542,0.517,1,Dendritic cell
TAF1D,0.008977111615388297,-0.1357644661314552,0.65,0.623,1,Dendritic cell
SYTL2,0.00899351113065161,0.9541710871701001,0.048,0.042,1,Dendritic cell
TRBC2,0.008995277481775052,45.616691301348794,0.177,0.167,1,Dendritic cell
CSRNP1,0.009033864617790542,10.627021175216523,0.451,0.48,1,Dendritic cell
GSTCD,0.009036522269857506,0.3065092789141412,0.186,0.168,1,Dendritic cell
FBXL3,0.009049559496185,0.3489702806548993,0.714,0.694,1,Dendritic cell
THOC2,0.00910576388609332,-0.16402079075468978,0.494,0.49,1,Dendritic cell
NUDT1,0.00911268760778914,2.202484847603701,0.559,0.536,1,Dendritic cell
AFF4,0.009118535105937926,-0.27389119574307985,0.56,0.58,1,Dendritic cell
ENTPD1,0.00913477096826295,3.4230029966257476,0.692,0.68,1,Dendritic cell
TMUB1,0.009179519310746079,0.2873362950014625,0.334,0.315,1,Dendritic cell
SLFN5,0.009203455275938334,-1.806091397973864,0.373,0.344,1,Dendritic cell
C1orf198,0.009204589883416416,0.19286686328198055,0.079,0.066,1,Dendritic cell
ACP6,0.00926471213628811,-0.20204805133964632,0.089,0.084,1,Dendritic cell
FBXO11,0.009273856851567515,0.20431226506482014,0.68,0.657,1,Dendritic cell
AMN,0.009279136431219689,-0.31525645632090793,0.018,0.025,1,Dendritic cell
IRF2,0.009315454721930787,-1.490873863145234,0.665,0.644,1,Dendritic cell
SLX4,0.00934956189620213,0.17689298183039126,0.092,0.078,1,Dendritic cell
KYNU,0.009353656316915301,28.724171381481895,0.799,0.78,1,Dendritic cell
DUSP6,0.00938237172176197,3.407771590973306,0.281,0.261,1,Dendritic cell
PPP2R3B,0.009412032579031926,0.3030613555905479,0.127,0.116,1,Dendritic cell
PSMB8,0.009419599845310416,-1.6149673005963798,0.939,0.93,1,Dendritic cell
GDI1,0.009524643793502445,-0.4076615120751663,0.645,0.662,1,Dendritic cell
OSTM1,0.009532591208570206,0.18812176786809454,0.404,0.384,1,Dendritic cell
FOS,0.009569936139519536,-13.079064027718033,0.859,0.859,1,Dendritic cell
PARP1,0.00961801653371038,0.40218428434119147,0.434,0.406,1,Dendritic cell
SLX9,0.009639949603339224,-0.2410024217892961,0.146,0.159,1,Dendritic cell
TLR1,0.009675013787168205,0.3582685123081495,0.65,0.625,1,Dendritic cell
ZFYVE26,0.009708660528532248,0.7639620024382843,0.347,0.349,1,Dendritic cell
RIPK1,0.009766968327288624,-0.18445673653088257,0.38,0.361,1,Dendritic cell
FMN1,0.009898309960484967,-0.40891256515407903,0.502,0.483,1,Dendritic cell
ZBTB47,0.009936145090518522,0.3380533747037496,0.2,0.193,1,Dendritic cell
EXOC3,0.009970328367578496,0.1896676607675456,0.751,0.734,1,Dendritic cell
CBX3,0.010074410031048244,0.7093501696381845,0.629,0.642,1,Dendritic cell
ZNF526,0.010081181497366256,0.1984807804749651,0.159,0.14,1,Dendritic cell
C1orf115,0.010108455470363046,0.5098457450953982,0.019,0.012,1,Dendritic cell
LYRM9,0.010113416784533855,0.3865327998287902,0.113,0.096,1,Dendritic cell
MTMR9,0.010183098813493947,-0.3002540059272534,0.352,0.365,1,Dendritic cell
MT-ND1,0.01025016141785033,-1.3669790382685816,0.214,0.225,1,Dendritic cell
TNFAIP8,0.01027851449915653,-0.5581274976374075,0.851,0.838,1,Dendritic cell
ZNF274,0.010388830252447032,0.13084440400532849,0.173,0.153,1,Dendritic cell
SLC25A53,0.010395488498292775,0.36080176163436484,0.017,0.011,1,Dendritic cell
DENND4A,0.010422930937337876,-2.398812718167065,0.631,0.612,1,Dendritic cell
MTRFR,0.010446462388311036,0.34630139791919534,0.129,0.117,1,Dendritic cell
FAM193B,0.010449850092692115,0.47721223029055215,0.491,0.472,1,Dendritic cell
TRDMT1,0.01045529944445783,0.18986777481700445,0.325,0.301,1,Dendritic cell
ZDHHC2,0.01046267594713374,0.21763049257274636,0.406,0.432,1,Dendritic cell
SPARC,0.0104892448781877,-7.251706134297353,0.059,0.047,1,Dendritic cell
HMGN3,0.010565321705181211,8.075130915082209,0.784,0.78,1,Dendritic cell
LY75,0.010582643262678838,18.465285657232368,0.624,0.604,1,Dendritic cell
SLC43A2,0.010633729544447794,-1.0642079158037294,0.728,0.715,1,Dendritic cell
PCYT1A,0.01067503064188755,0.7723440279142566,0.58,0.56,1,Dendritic cell
RUFY4,0.010711074398501266,0.3630410042875982,0.069,0.06,1,Dendritic cell
MICU3,0.010765012934384446,0.6745741256034128,0.019,0.013,1,Dendritic cell
LRRFIP2,0.010772601457647319,0.39181525847647247,0.466,0.439,1,Dendritic cell
BIRC3,0.01077318304704762,-21.73537291490151,0.257,0.233,1,Dendritic cell
ITGA1,0.010809323013853971,0.548586273820451,0.01,0.01,1,Dendritic cell
OSCAR,0.010811926577549813,-0.5100691547579205,0.327,0.318,1,Dendritic cell
CDRT4,0.010844044879295436,0.3312846510778438,0.076,0.077,1,Dendritic cell
RAMP1,0.010917693380010569,1.083152775938422,0.012,0.008,1,Dendritic cell
RNF157,0.010928937214512713,0.371277532609934,0.03,0.021,1,Dendritic cell
ZNF426,0.010965452267523539,0.2393709724414459,0.163,0.143,1,Dendritic cell
UBE2A,0.011030807998057616,0.41351641045636445,0.788,0.778,1,Dendritic cell
CD3D,0.011063439760289652,1.6758883319004578,0.103,0.092,1,Dendritic cell
PLXNA3,0.011082793398851116,0.5954241844538541,0.073,0.065,1,Dendritic cell
IKZF3,0.011088225813665786,-0.1733886135365177,0.071,0.057,1,Dendritic cell
SLCO4C1,0.011145646142057044,0.3066777876534714,0.069,0.056,1,Dendritic cell
DERA,0.011156666184585785,-0.2619628524545923,0.514,0.49,1,Dendritic cell
GTF2E1,0.011240084691629893,-0.1523720889920126,0.19,0.172,1,Dendritic cell
PINX1,0.011322347914616063,-0.11761142745362063,0.146,0.134,1,Dendritic cell
IPP,0.011412200985964856,0.1411146450719074,0.049,0.039,1,Dendritic cell
QTRT2,0.011413475178565719,0.11150895641752923,0.338,0.321,1,Dendritic cell
TMEM237,0.01147387886784029,0.44094438791961776,0.047,0.038,1,Dendritic cell
HVCN1,0.011516693562786416,-2.484036832423211,0.674,0.65,1,Dendritic cell
PIGC,0.011520163575451506,0.18337618605282946,0.21,0.189,1,Dendritic cell
SNX22,0.011603410785888835,-0.1405188440881373,0.016,0.022,1,Dendritic cell
SLC35B2,0.011647239192419502,-0.22109326754538738,0.362,0.382,1,Dendritic cell
SEC62,0.011657794780921025,0.44466158066471095,0.768,0.776,1,Dendritic cell
ZCCHC7,0.01170703752221731,0.8267129394376624,0.47,0.464,1,Dendritic cell
DNAAF5,0.011710614821956416,0.2576316062309033,0.195,0.174,1,Dendritic cell
PI4K2A,0.011751921629842616,-0.412027054511855,0.198,0.207,1,Dendritic cell
PGBD2,0.011769370009315572,0.2810571992946953,0.151,0.135,1,Dendritic cell
NFS1,0.011785937017261605,0.15185457074861658,0.246,0.223,1,Dendritic cell
ARHGEF17,0.011981791876125029,-0.5389976396770289,0.019,0.026,1,Dendritic cell
CEP85,0.011988667317658377,0.4139101175989948,0.287,0.281,1,Dendritic cell
ZNF10,0.01204744972233654,0.12682193759539073,0.049,0.039,1,Dendritic cell
NDUFS7,0.01210742561585181,0.3097576372639206,0.591,0.57,1,Dendritic cell
EZR,0.012198561293461063,-8.731818833607818,0.919,0.915,1,Dendritic cell
DNAJB4,0.012506832005190791,7.258773897234281,0.193,0.212,1,Dendritic cell
ARHGAP30,0.012510815540886823,-1.3154164495398462,0.947,0.936,1,Dendritic cell
CASP4,0.012520362797941676,-0.41791341906415447,0.678,0.651,1,Dendritic cell
LDHC,0.01258814726972376,-1.0618757832927521,0.005,0.011,1,Dendritic cell
MS4A6A,0.012637531024867258,-17.215692714592166,0.752,0.742,1,Dendritic cell
GOLGA7B,0.012780291109523285,-0.42627441381484843,0.013,0.009,1,Dendritic cell
TASOR,0.01279915942005864,0.19043009417110834,0.824,0.806,1,Dendritic cell
ANKRD40,0.012852827186372847,0.12297045072960866,0.424,0.399,1,Dendritic cell
GPCPD1,0.01290802251470485,7.104690606011616,0.768,0.746,1,Dendritic cell
DUSP5,0.012932677863125295,11.338089767603492,0.278,0.301,1,Dendritic cell
PPIP5K2,0.012943877430976707,-0.17655153484504593,0.646,0.624,1,Dendritic cell
TERF2,0.013017623609998918,0.39242480140006997,0.609,0.583,1,Dendritic cell
ZAP70,0.013037031299789031,1.1787124134581144,0.086,0.073,1,Dendritic cell
NOTCH1,0.013069984783637915,0.5821171751990892,0.354,0.379,1,Dendritic cell
ELAPOR2,0.013082942679646202,0.4697090377100679,0.063,0.051,1,Dendritic cell
PRMT3,0.013084420653946152,0.2688742042788513,0.255,0.24,1,Dendritic cell
GOLM2,0.013122450494087926,-0.29443324198984344,0.631,0.618,1,Dendritic cell
NFIC,0.013186592118968542,-0.45235916856520075,0.333,0.35,1,Dendritic cell
MS4A7,0.013196600436428613,18.86578935764792,0.514,0.488,1,Dendritic cell
ATP6AP2,0.01320393852779085,-0.24422643255039134,0.9,0.898,1,Dendritic cell
SLC38A1,0.01323390445991189,4.155821134643627,0.87,0.863,1,Dendritic cell
CWC15,0.013235124123551692,-0.1350379123840293,0.721,0.707,1,Dendritic cell
NRP1,0.01326158469764769,1.5570027870811103,0.262,0.263,1,Dendritic cell
CD247,0.013288541747700354,3.856113996129155,0.078,0.065,1,Dendritic cell
CEP85L,0.013306019644859309,0.7320316905395652,0.488,0.465,1,Dendritic cell
ACADVL,0.013379507544777796,0.3652298980426547,0.841,0.835,1,Dendritic cell
IGSF6,0.01338774552231389,-1.712298877623546,0.739,0.722,1,Dendritic cell
KNL1,0.013401571713451712,-1.790921232970482,0.026,0.019,1,Dendritic cell
SERBP1,0.013429483659698021,0.36514943435666236,0.843,0.856,1,Dendritic cell
SHLD3,0.013501965304850806,-0.3857185636412792,0.136,0.148,1,Dendritic cell
ALAS1,0.013533453305153358,0.2112086577712767,0.316,0.294,1,Dendritic cell
SYNE2,0.013687950214083762,-8.107608427218238,0.16,0.142,1,Dendritic cell
ANKDD1B,0.013693604580668206,-0.4485735792791772,0.014,0.016,1,Dendritic cell
WIPI2,0.013739870305418574,-0.35648235713174437,0.561,0.543,1,Dendritic cell
CNOT6L,0.013764707996701122,0.5475167087730926,0.7,0.693,1,Dendritic cell
MPZL2,0.013819151212458941,-0.5853197859260638,0.158,0.179,1,Dendritic cell
GRAMD1B,0.013829320915806484,-0.5505187103930922,0.539,0.555,1,Dendritic cell
LDHB,0.01387312263923259,5.648205746080748,0.916,0.919,1,Dendritic cell
MCOLN1,0.013893798750760702,-0.40839910888288583,0.274,0.276,1,Dendritic cell
KBTBD8,0.013943581284080561,0.22959224186675153,0.141,0.127,1,Dendritic cell
BAX,0.013963536150710554,1.4264926405466145,0.894,0.877,1,Dendritic cell
CATSPER2,0.013970869241321736,0.19308227451593352,0.061,0.049,1,Dendritic cell
POLR1G,0.013987366229840401,0.23421611416338894,0.133,0.137,1,Dendritic cell
RNF141,0.013998683746809296,-3.6660685203606684,0.508,0.504,1,Dendritic cell
PPP3CC,0.014022801429774757,0.22266472711722707,0.465,0.442,1,Dendritic cell
PDGFC,0.0140318093945301,0.3299866789669217,0.151,0.135,1,Dendritic cell
MIIP,0.014154621300507972,-0.20907807856449034,0.35,0.372,1,Dendritic cell
WTAP,0.014176889040287648,0.18105580172466074,0.423,0.398,1,Dendritic cell
ITK,0.014276331393996233,0.7584593768200816,0.076,0.065,1,Dendritic cell
ZBTB39,0.014395650790278637,-0.286613840006009,0.155,0.165,1,Dendritic cell
INF2,0.014482763214743928,-2.11295727093232,0.645,0.669,1,Dendritic cell
PFDN4,0.014561694025368818,-0.2865398632561398,0.066,0.071,1,Dendritic cell
CXCR2,0.014595236257154372,1.8894938321591497,0.077,0.067,1,Dendritic cell
SERPINB8,0.014608790465664776,0.2320401681043993,0.607,0.582,1,Dendritic cell
TIGIT,0.014682860330224819,2.6396699203367584,0.03,0.022,1,Dendritic cell
LAPTM4A,0.01473562666209211,-0.4632264860965276,0.614,0.638,1,Dendritic cell
CAMSAP1,0.01480602520632217,0.2362847297530115,0.232,0.228,1,Dendritic cell
ZC3H12D,0.01481036718885984,0.23606646876837,0.139,0.122,1,Dendritic cell
HPGD,0.014815633089562689,1.684028270074851,0.039,0.03,1,Dendritic cell
IL6ST,0.014976848231271529,-1.736932809711857,0.467,0.445,1,Dendritic cell
ZNF581,0.014982737997849098,-0.33809351994720727,0.401,0.388,1,Dendritic cell
MAL,0.015005686555422747,-1.4735758406823125,0.054,0.044,1,Dendritic cell
SVIL,0.015108854320176262,0.22255640247694697,0.177,0.157,1,Dendritic cell
RCAN1,0.015128017024531948,0.21578513313020542,0.41,0.387,1,Dendritic cell
ANKH,0.015204142219638906,0.5633688201580431,0.184,0.169,1,Dendritic cell
TCFL5,0.015233386453506647,1.4040318388922692,0.143,0.125,1,Dendritic cell
RIMOC1,0.015268094804537521,-0.12441288967732167,0.384,0.375,1,Dendritic cell
SLC44A2,0.015380210012135347,5.271408440695334,0.415,0.43,1,Dendritic cell
S100A6,0.015396265032562558,17.217321844127582,0.989,0.984,1,Dendritic cell
HBS1L,0.015403988345852746,-0.3834748127862113,0.757,0.735,1,Dendritic cell
PITPNM2,0.01540611028036963,-0.6522617516157947,0.034,0.026,1,Dendritic cell
ADAMTS4,0.015459117015073036,0.1838825005995166,0.031,0.038,1,Dendritic cell
STAMBPL1,0.01551313178471752,0.5778628928954181,0.174,0.156,1,Dendritic cell
CIITA,0.01551762893000785,-6.857081184076982,0.983,0.98,1,Dendritic cell
SIPA1L1,0.015555772282380543,0.2716620725218333,0.129,0.12,1,Dendritic cell
BDH1,0.015571226761518191,-0.14969159017825184,0.073,0.085,1,Dendritic cell
ARMCX6,0.015607439882845952,-0.3804667365395453,0.14,0.144,1,Dendritic cell
MLX,0.015642069493935307,-0.38925140316928175,0.726,0.706,1,Dendritic cell
EOGT,0.015675366776802705,0.29523194213347215,0.196,0.18,1,Dendritic cell
HTATSF1,0.015715108248944256,0.25056571291720336,0.376,0.352,1,Dendritic cell
RASA1,0.015813176457979167,0.4391055780729931,0.449,0.424,1,Dendritic cell
BCL9,0.01582436295843772,0.37512999560806115,0.028,0.02,1,Dendritic cell
C19orf25,0.015838678713322018,-0.17803559018416548,0.328,0.305,1,Dendritic cell
ARL5C,0.015932718123636,0.3298942839788075,0.057,0.045,1,Dendritic cell
DPH2,0.015955903154011106,0.1896413289376795,0.178,0.159,1,Dendritic cell
IFT172,0.015997965382321712,0.24746025107194858,0.174,0.159,1,Dendritic cell
CENPE,0.01603239791733455,-5.814120861525858,0.038,0.029,1,Dendritic cell
TBC1D9B,0.016060294778346022,-0.7636842242158224,0.856,0.854,1,Dendritic cell
PHKG1,0.01611479703670425,0.39374513709098924,0.016,0.016,1,Dendritic cell
CPM,0.016120023095591945,-1.3944837880774203,0.206,0.192,1,Dendritic cell
MRTFA,0.0161334365983963,0.5604549479864831,0.83,0.824,1,Dendritic cell
PNP,0.01616206611446082,3.207485069259678,0.572,0.549,1,Dendritic cell
ZFPL1,0.01618569028845834,-0.11737939260762476,0.124,0.141,1,Dendritic cell
ETV5,0.01619078853627804,-0.41687922223376495,0.048,0.038,1,Dendritic cell
WDR97,0.016193257019959682,-0.43565748380081804,0.034,0.043,1,Dendritic cell
SART3,0.016240899552638202,0.18198721427929743,0.439,0.413,1,Dendritic cell
CLBA1,0.016282344052845826,0.9603935395875247,0.01,0.006,1,Dendritic cell
PTPA,0.01629229578164891,-0.2917567605284468,0.696,0.673,1,Dendritic cell
PTPN23,0.01635121944690803,-0.2725351658242443,0.474,0.482,1,Dendritic cell
ZNF597,0.01641098502655624,-0.18401882676864245,0.049,0.045,1,Dendritic cell
GPKOW,0.01643169573176421,0.2425271121327912,0.279,0.262,1,Dendritic cell
STRAP,0.016433015018583578,-0.15035585098398663,0.682,0.667,1,Dendritic cell
RNF167,0.01644323069690091,-0.6368073140144022,0.679,0.654,1,Dendritic cell
AGFG2,0.016461579975212682,0.27332766172419554,0.062,0.05,1,Dendritic cell
STK38L,0.016477559838352418,1.010470582153662,0.756,0.735,1,Dendritic cell
LINC02898,0.016497002917239382,-1.2103292300406414,0.017,0.011,1,Dendritic cell
IKZF1,0.016578583274327333,4.436034370725984,0.955,0.965,1,Dendritic cell
CHUK,0.016623300819019547,0.12365542215770142,0.382,0.357,1,Dendritic cell
AUP1,0.016641075195451334,-0.6680464042500698,0.593,0.603,1,Dendritic cell
TULP3,0.016664288827093057,-0.3740522154560888,0.062,0.063,1,Dendritic cell
ASB3,0.016701782396463166,-0.3850231823715847,0.345,0.33,1,Dendritic cell
CCR1,0.016771306255345796,0.6169643074221867,0.326,0.321,1,Dendritic cell
EIF2S3,0.01679595939794449,0.24396939585103627,0.838,0.855,1,Dendritic cell
RNLS,0.016803934157582894,0.22846537629051866,0.109,0.108,1,Dendritic cell
TRAPPC8,0.01682864991663505,-0.11297062098291111,0.685,0.661,1,Dendritic cell
GPR132,0.016844574872197482,0.8097815515279312,0.415,0.393,1,Dendritic cell
INTS5,0.016853264232851193,0.1394153934608673,0.173,0.155,1,Dendritic cell
OR52K2,0.016968102368101416,-0.527406061235693,0.014,0.016,1,Dendritic cell
VSIG1,0.016986766654013618,0.8949173190945805,0.011,0.007,1,Dendritic cell
SLC25A5,0.017058469383220497,0.5668370581741566,0.659,0.648,1,Dendritic cell
PHF11,0.017117964409242743,0.8110804146586292,0.647,0.624,1,Dendritic cell
KLF6,0.017293700405056817,2.790536912457725,0.889,0.886,1,Dendritic cell
CYBRD1,0.01731233406270823,-0.3929614962002468,0.374,0.392,1,Dendritic cell
XKR8,0.017315347312432252,0.31833202143864286,0.176,0.195,1,Dendritic cell
TMEM41A,0.01736247853915605,0.13097160106236583,0.117,0.103,1,Dendritic cell
TIGAR,0.017364681626542762,5.152444855787136,0.526,0.5,1,Dendritic cell
CYTIP,0.017369745499524507,5.5039694004513,0.898,0.892,1,Dendritic cell
NDUFB9,0.017406938159697086,0.10043204790057203,0.73,0.708,1,Dendritic cell
COX11,0.01743892694609558,0.2465698475965683,0.158,0.143,1,Dendritic cell
EPB41L3,0.01750210385157995,-1.8009718831211057,0.354,0.33,1,Dendritic cell
OSBPL9,0.01754020214292122,-0.16914298629117486,0.625,0.6,1,Dendritic cell
RAB27B,0.01758170522419888,-20.733334993608707,0.02,0.014,1,Dendritic cell
SMC5,0.017591853920525095,-0.14681146581931936,0.473,0.457,1,Dendritic cell
CRK,0.017615867253041085,-0.10997984273628614,0.559,0.537,1,Dendritic cell
FTCDNL1,0.017682434160744758,0.3960874001576915,0.137,0.125,1,Dendritic cell
KIAA1191,0.017772838537232813,-0.2504059580692104,0.175,0.188,1,Dendritic cell
RAB44,0.01777551168742571,-0.6592715387239727,0.09,0.101,1,Dendritic cell
HABP4,0.01779906766336126,0.3257626490456833,0.082,0.068,1,Dendritic cell
VPS54,0.01780126278579378,-0.2758340930067187,0.434,0.436,1,Dendritic cell
RPGRIP1,0.01781001645726679,-0.307134492011099,0.012,0.017,1,Dendritic cell
PDE9A,0.01782018232898099,0.3408832274460165,0.01,0.006,1,Dendritic cell
SKOR1,0.017901629156129546,-0.5477552076275298,0.01,0.015,1,Dendritic cell
ARHGAP27,0.017906348406012376,-1.542359874778061,0.833,0.836,1,Dendritic cell
CPT1A,0.017911458228444015,0.10498091123256792,0.344,0.321,1,Dendritic cell
CST7,0.017922223589844508,-4.784717691636768,0.265,0.254,1,Dendritic cell
BCDIN3D,0.017967384109074135,0.2698788593117718,0.1,0.085,1,Dendritic cell
SEPTIN10,0.018012855574642505,0.6789704160882684,0.024,0.017,1,Dendritic cell
RNASEH2B,0.018037211438322473,0.20308280685755567,0.29,0.267,1,Dendritic cell
ARL2BP,0.018080103461284032,0.7834532028496524,0.594,0.57,1,Dendritic cell
ABRACL,0.018129426915758622,1.306510009857595,0.846,0.828,1,Dendritic cell
RIPOR2,0.018184524490592293,-3.324525885737149,0.919,0.913,1,Dendritic cell
OLFML3,0.018263330266560573,-0.8904585743880169,0.009,0.014,1,Dendritic cell
ZNF404,0.01826786364891549,0.31659115544715055,0.04,0.031,1,Dendritic cell
CRYL1,0.018360933683337993,0.3733857381922241,0.372,0.352,1,Dendritic cell
ARHGAP22,0.01837518790582399,5.343256070001114,0.108,0.093,1,Dendritic cell
PEDS1,0.01837764824407331,-0.39845856563231585,0.503,0.482,1,Dendritic cell
RNASE6,0.018481895308088865,0.2619825736344161,0.89,0.873,1,Dendritic cell
EREG,0.018481966648684792,-2.7180554733424174,0.046,0.057,1,Dendritic cell
ENHO,0.01856106432439907,2.2804530931072273,0.368,0.344,1,Dendritic cell
PRKCZ,0.018562220495815043,0.6348121929232331,0.039,0.031,1,Dendritic cell
TRIM56,0.018661367713914825,0.37779924169067536,0.384,0.369,1,Dendritic cell
SH2D2A,0.01870370690099045,0.8054037635233122,0.023,0.016,1,Dendritic cell
ICA1,0.018707598168758846,0.24058022975867344,0.067,0.056,1,Dendritic cell
CD40LG,0.018743890594982982,1.4040918491990366,0.041,0.033,1,Dendritic cell
FLAD1,0.018779928367470403,0.18625756518601372,0.338,0.313,1,Dendritic cell
TBL1XR1,0.018800785875503438,-0.29118494655438454,0.85,0.866,1,Dendritic cell
C1orf162,0.018819623338925905,1.9634323639329807,0.923,0.922,1,Dendritic cell
UTP23,0.018856363044531615,0.20089457557287838,0.426,0.4,1,Dendritic cell
RPP21,0.01889264085099971,0.1745498366816626,0.29,0.28,1,Dendritic cell
NHP2,0.019031737406897082,-0.8934210394770314,0.852,0.835,1,Dendritic cell
NLRC3,0.019077889603801884,1.1285296707241854,0.054,0.047,1,Dendritic cell
CD1C,0.019166182983955653,18.160002728051502,0.591,0.569,1,Dendritic cell
LILRA4,0.019179645955176867,-23.689348152340294,0.286,0.296,1,Dendritic cell
THAP8,0.019281879971932866,0.4297650816864791,0.037,0.028,1,Dendritic cell
ZNF543,0.019287498859219803,0.2861381657376969,0.144,0.125,1,Dendritic cell
SLFN12L,0.01935088164332039,1.265980627705582,0.061,0.05,1,Dendritic cell
DTNA,0.01941345348540041,-0.22790014062795638,0.352,0.333,1,Dendritic cell
HOXA10,0.019419917264037502,-0.23565898718423117,0.027,0.025,1,Dendritic cell
THSD1,0.019456221776749584,0.6951220270624239,0.022,0.017,1,Dendritic cell
OR1R1P,0.01950586281542563,0.26906223320688927,0.03,0.031,1,Dendritic cell
GLA,0.01954679732865671,-0.6794899110771646,0.298,0.315,1,Dendritic cell
PPP2R2D,0.019585227166832173,0.11666382924635221,0.464,0.442,1,Dendritic cell
TMEM131,0.019591656099335907,-1.321745367756682,0.7,0.679,1,Dendritic cell
ZCWPW2,0.01960920097265276,-0.14032496503337022,0.012,0.018,1,Dendritic cell
CD1E,0.01961330957613793,7.108839133431001,0.298,0.275,1,Dendritic cell
AARS2,0.019720129749056473,0.21042035750165033,0.226,0.205,1,Dendritic cell
PPAN,0.019880169519902215,0.38264598043993814,0.232,0.211,1,Dendritic cell
SOD2,0.019942236741121888,-24.62084423004856,0.606,0.617,1,Dendritic cell
AGFG1,0.019970342239779785,0.19028506498467745,0.651,0.637,1,Dendritic cell
SLC25A40,0.02028830369121361,0.13450900558219048,0.438,0.418,1,Dendritic cell
RPGRIP1L,0.020386443997561652,0.1637937810175325,0.043,0.035,1,Dendritic cell
SEMA4F,0.020394877835251467,0.40528509484667996,0.019,0.013,1,Dendritic cell
CLHC1,0.02041893693194451,0.28710780359538823,0.056,0.053,1,Dendritic cell
ZC3H6,0.020435787013345797,0.3276547628095488,0.228,0.206,1,Dendritic cell
DYNC2LI1,0.020524501595689318,0.14487261017146214,0.131,0.115,1,Dendritic cell
PIM3,0.020576513244620072,-0.21756517051476745,0.229,0.251,1,Dendritic cell
FBXO45,0.020581552126439005,0.29593356471771903,0.269,0.248,1,Dendritic cell
ZDHHC9,0.02062459248878132,-0.43030754898861323,0.038,0.048,1,Dendritic cell
TPK1,0.0206607646081046,0.28819987407300474,0.433,0.406,1,Dendritic cell
ZSCAN26,0.020674247699295108,0.2962891285203325,0.203,0.181,1,Dendritic cell
CAPN3,0.02079585138456922,0.14646509256788165,0.352,0.332,1,Dendritic cell
EEF1AKMT3,0.020813789155351488,-0.13739374557284822,0.057,0.053,1,Dendritic cell
HOXC4,0.02112448101010668,-0.23460838708262788,0.016,0.014,1,Dendritic cell
FAM151B,0.021220320042822743,-0.1732891364340281,0.094,0.089,1,Dendritic cell
PDCD10,0.021240272648890127,0.141356260155455,0.604,0.578,1,Dendritic cell
CEBPB,0.02132275997294069,6.184646107944205,0.39,0.416,1,Dendritic cell
PTPN4,0.021325466852901563,0.6878110591598938,0.166,0.152,1,Dendritic cell
SSR1,0.02138518111869018,-0.2930862148526092,0.84,0.83,1,Dendritic cell
MOB3C,0.021555563999749883,-0.33118257122197914,0.06,0.071,1,Dendritic cell
RIN3,0.02161695079389496,6.166667010477369,0.805,0.803,1,Dendritic cell
THEM4,0.021633044763380672,-0.16681690811684735,0.166,0.149,1,Dendritic cell
IER3,0.02164562644979785,6.211728475648469,0.124,0.137,1,Dendritic cell
GDPGP1,0.021756657147040802,0.12600634744067873,0.081,0.066,1,Dendritic cell
FAM168B,0.02182008557663037,0.14289289651136472,0.573,0.552,1,Dendritic cell
PTGS2,0.021849504196858317,15.763508903663281,0.18,0.164,1,Dendritic cell
PSMA1,0.02185593115869802,-0.23855393543999337,0.444,0.449,1,Dendritic cell
AP1G2,0.021959248443677103,0.706236876997246,0.682,0.662,1,Dendritic cell
AQP3,0.02196987988676419,0.5902708012313649,0.052,0.043,1,Dendritic cell
TM6SF1,0.02203123839647688,2.2270981706422166,0.372,0.368,1,Dendritic cell
SOWAHD,0.02208294087923228,-0.11413846863279842,0.044,0.04,1,Dendritic cell
PLA2G15,0.022210522730365403,0.17426775618575818,0.139,0.124,1,Dendritic cell
ZNF8,0.022233525502785588,0.17736301475620975,0.146,0.13,1,Dendritic cell
YAF2,0.022258499718070656,-0.11411018696788966,0.346,0.369,1,Dendritic cell
SUDS3,0.022331978897866117,-0.16901190732098242,0.338,0.338,1,Dendritic cell
PPP1R11,0.02259323162543553,-0.42338702959820107,0.415,0.416,1,Dendritic cell
TXNDC15,0.02263833234737117,0.33165332570746653,0.561,0.544,1,Dendritic cell
NUDT18,0.0227044754298606,0.27714698560432804,0.073,0.061,1,Dendritic cell
TSPAN32,0.02275970204294947,-0.1275557005458225,0.257,0.26,1,Dendritic cell
DHRS12,0.02278937377944113,0.13278279456681585,0.128,0.113,1,Dendritic cell
ESYT2,0.022796329989977382,4.600789444081263,0.82,0.814,1,Dendritic cell
LCORL,0.022847693893273555,-0.9799972962507093,0.393,0.39,1,Dendritic cell
FUT11,0.02286596696593611,-0.32625101639603954,0.326,0.32,1,Dendritic cell
NDUFAF3,0.02288322475975146,-0.2230875987564518,0.52,0.494,1,Dendritic cell
HAUS3,0.022918276175368787,0.1409285902212015,0.306,0.284,1,Dendritic cell
CSTF2T,0.022926211466237894,0.2152387751354743,0.542,0.517,1,Dendritic cell
CCDC88B,0.023000000800220317,0.3087632791303063,0.749,0.727,1,Dendritic cell
YIPF6,0.023075100057693143,0.23339001063304665,0.24,0.223,1,Dendritic cell
GHRL,0.023098868861741187,0.14114898131659914,0.285,0.265,1,Dendritic cell
ZNF200,0.023170808861026994,-0.22720634032910692,0.09,0.087,1,Dendritic cell
HDDC3,0.023244756156508437,0.4860785226079208,0.3,0.285,1,Dendritic cell
CKB,0.02340069498985429,60.497626200106566,0.027,0.02,1,Dendritic cell
SCAPER,0.023494201576602602,-0.15887237980798896,0.123,0.119,1,Dendritic cell
ZNF830,0.023544170668478567,-0.2024190560714022,0.379,0.361,1,Dendritic cell
CALCRL,0.02356262518057809,1.661838722091997,0.205,0.186,1,Dendritic cell
RBBP8,0.02363630902464507,0.24520181392792506,0.146,0.13,1,Dendritic cell
FNTA,0.023754396281036743,-0.2182600977388729,0.839,0.823,1,Dendritic cell
CLN3,0.023758987816832628,-0.518260039620472,0.479,0.499,1,Dendritic cell
RFLNB,0.023768164513796895,1.693071100031303,0.373,0.393,1,Dendritic cell
PYGO2,0.023798842574306565,-0.10217618629321423,0.488,0.465,1,Dendritic cell
CD209,0.02379904469133755,3.653601522455295,0.088,0.075,1,Dendritic cell
P2RY13,0.023866028111312037,1.7975392198091162,0.527,0.507,1,Dendritic cell
SDF4,0.023918145550073048,-1.0600867165298737,0.715,0.732,1,Dendritic cell
PEA15,0.023955792352090718,8.553800192893675,0.931,0.927,1,Dendritic cell
FGD4,0.02398208044085521,3.7276355482487906,0.583,0.558,1,Dendritic cell
BCL10,0.0240153358989466,0.1302952355305549,0.605,0.582,1,Dendritic cell
PTGR1,0.0241343640238708,-3.0669084149649697,0.035,0.044,1,Dendritic cell
CDR2,0.02414287685089097,0.5137596715869832,0.129,0.124,1,Dendritic cell
WWP1,0.02417037324502684,0.5240503861587112,0.312,0.3,1,Dendritic cell
AHR,0.02418772807962246,-25.565749194977535,0.833,0.83,1,Dendritic cell
ATOH8,0.0242840278321147,-0.8702654620585752,0.015,0.016,1,Dendritic cell
FES,0.02428994236406839,0.16203951204187472,0.791,0.802,1,Dendritic cell
PLXNB2,0.024392068046674664,0.9987144752791011,0.959,0.964,1,Dendritic cell
TAF9,0.024417772342649375,7.343928758290076,0.339,0.319,1,Dendritic cell
RNF10,0.024433256940391716,-0.20289041484860704,0.619,0.601,1,Dendritic cell
NCK2,0.024514956224252503,-0.2644660789783906,0.152,0.138,1,Dendritic cell
ABLIM1,0.024533626714098384,1.0732454953592756,0.049,0.04,1,Dendritic cell
TNFRSF10C,0.024689820156774983,0.1040557829406712,0.042,0.033,1,Dendritic cell
TOLLIP,0.02476800157388476,0.16948547257033209,0.349,0.327,1,Dendritic cell
METTL7A,0.02478863390010186,1.4634639624719235,0.834,0.848,1,Dendritic cell
TMEM176A,0.02479495969916763,-5.725698330383586,0.098,0.095,1,Dendritic cell
FKBP14,0.024811768108113003,-0.19993719981041802,0.148,0.166,1,Dendritic cell
ZFP36,0.024833523493748996,-32.486327889310324,0.879,0.894,1,Dendritic cell
SPATS2L,0.02488058504809648,3.367807971757859,0.508,0.501,1,Dendritic cell
PRICKLE3,0.025053140031647915,0.259476865421731,0.191,0.179,1,Dendritic cell
YARS2,0.025167197280850886,0.240213007599672,0.397,0.377,1,Dendritic cell
HSPA4,0.02519489876035858,-0.13311962703354868,0.357,0.342,1,Dendritic cell
HRH2,0.025279599903878392,0.38990569608545766,0.409,0.401,1,Dendritic cell
FAM167A,0.025346881039620697,-0.1148503852775713,0.011,0.014,1,Dendritic cell
H2BC26,0.025395883568077565,-0.1537278487376743,0.035,0.031,1,Dendritic cell
HSF4,0.02542068640769906,-0.39995891469324407,0.04,0.047,1,Dendritic cell
ZNF710,0.025438699653937174,0.1438803757675335,0.266,0.246,1,Dendritic cell
CYTH4,0.025452170387457125,-4.159228935790203,0.904,0.894,1,Dendritic cell
NEK6,0.02548990510306946,0.22953057491730977,0.609,0.604,1,Dendritic cell
CEBPG,0.025613233501939794,0.18724962617253738,0.674,0.655,1,Dendritic cell
LDOC1,0.025626920497589866,0.3365193875465504,0.024,0.027,1,Dendritic cell
CFAP70,0.02566693499595964,0.6224655288506291,0.01,0.007,1,Dendritic cell
GZMA,0.02569979576002327,37.38856024079199,0.072,0.068,1,Dendritic cell
CATSPER3,0.025710023054500725,0.8289885841380347,0.017,0.013,1,Dendritic cell
CD200R1,0.025828322501027467,0.30164433386597356,0.444,0.413,1,Dendritic cell
CCDC50,0.025901533410182018,-2.9204422256481166,0.821,0.803,1,Dendritic cell
ZDHHC7,0.025944190312628394,-0.12924874697266642,0.507,0.506,1,Dendritic cell
RTL10,0.025996685214019984,0.23481787739393623,0.2,0.182,1,Dendritic cell
FAM120AOS,0.02610359716064411,0.1738260203688089,0.369,0.384,1,Dendritic cell
DCTN2,0.02612934565387307,0.518525976732235,0.73,0.728,1,Dendritic cell
RCC2,0.026138342506563755,-0.3528791637509392,0.538,0.528,1,Dendritic cell
IGHG1,0.02616150145299424,31.191817853629196,0.034,0.043,1,Dendritic cell
TEX9,0.026191184801863485,-0.10295712702215987,0.015,0.01,1,Dendritic cell
RNF8,0.026217363162770225,0.3515484688324633,0.244,0.235,1,Dendritic cell
RAB9A,0.02622543128960224,18.420111043496835,0.349,0.329,1,Dendritic cell
MBNL3,0.026246924556922,-0.23054124342799698,0.569,0.566,1,Dendritic cell
URM1,0.02626236509339785,0.22990549330159732,0.366,0.352,1,Dendritic cell
GIMAP2,0.026274817331980116,-0.6890319531706979,0.554,0.533,1,Dendritic cell
ACAA2,0.02628079797435714,-0.30090900471928617,0.57,0.547,1,Dendritic cell
RTTN,0.0262943169203759,0.22732036265197086,0.059,0.048,1,Dendritic cell
SEPTIN8,0.02641510883792185,0.46554483814027203,0.1,0.092,1,Dendritic cell
ALKBH1,0.02642171543711702,0.24876249943728013,0.16,0.156,1,Dendritic cell
ZNF594,0.026438644842977088,0.4630935386163504,0.067,0.058,1,Dendritic cell
MICOS13,0.02651938875810213,0.16917139474780732,0.299,0.285,1,Dendritic cell
TNFSF13B,0.026569628326560745,1.1308067456192235,0.521,0.517,1,Dendritic cell
ZNF396,0.026583483607161194,0.5404940043256321,0.018,0.012,1,Dendritic cell
SMAD3,0.026642459770501583,-0.1128068152463797,0.57,0.548,1,Dendritic cell
CHD9,0.02666624332760165,2.15455190140824,0.588,0.584,1,Dendritic cell
ZNF347,0.026771822454730695,0.13977013238214386,0.057,0.048,1,Dendritic cell
RAB4B,0.02680071095995603,0.9842015390391436,0.779,0.77,1,Dendritic cell
FBXL16,0.026843053234815072,1.095159588639612,0.018,0.014,1,Dendritic cell
NFE2L2,0.0268583177769807,2.0044212671869266,0.699,0.679,1,Dendritic cell
GNAQ,0.026907123408330805,0.928422721852507,0.781,0.762,1,Dendritic cell
CACNA2D4,0.026938646620219178,0.2967891881474943,0.184,0.171,1,Dendritic cell
KATNA1,0.026989795818895233,0.1253292764438165,0.302,0.281,1,Dendritic cell
PON2,0.026995654173731558,-0.2938476907776213,0.584,0.566,1,Dendritic cell
CDC27,0.027115304058167613,-0.23575842245985545,0.388,0.367,1,Dendritic cell
IMMP1L,0.027128267294691293,0.20734487926479783,0.091,0.077,1,Dendritic cell
DNAJC11,0.02715713247430036,-0.38969759135082316,0.458,0.445,1,Dendritic cell
PGM2L1,0.0271951819035981,-0.12656137668150036,0.069,0.06,1,Dendritic cell
TRAPPC5,0.02724901565814279,0.7786222578623843,0.783,0.763,1,Dendritic cell
ZNF747,0.02733531898915433,-0.37574380278289565,0.05,0.06,1,Dendritic cell
ANKRD50,0.027369690363949473,-0.16614658446729558,0.343,0.365,1,Dendritic cell
BECN1,0.02737171316860706,0.27478907227825244,0.58,0.556,1,Dendritic cell
SLC22A15,0.027422152801244222,-0.5085459254890414,0.099,0.092,1,Dendritic cell
MCOLN2,0.027661723837924538,-2.8416322225637147,0.494,0.477,1,Dendritic cell
KIF5C,0.027669783814837597,0.9044992576202286,0.011,0.007,1,Dendritic cell
SEC31A,0.027713236769516363,0.9016376313693142,0.807,0.805,1,Dendritic cell
PAQR4,0.02775910395273582,0.4797556525524951,0.034,0.027,1,Dendritic cell
COX16,0.02782200416778723,-0.5827096989515592,0.789,0.768,1,Dendritic cell
CD47,0.02792180181852077,0.3014045326246464,0.882,0.873,1,Dendritic cell
PLEKHB1,0.028033767130262358,1.1168660313114858,0.014,0.011,1,Dendritic cell
RPAP1,0.028075864821863458,0.2298661403925369,0.229,0.213,1,Dendritic cell
PIGR,0.02809731164332791,0.3468576997837136,0.01,0.012,1,Dendritic cell
PSPH,0.02828171049238576,0.2643046302991521,0.182,0.174,1,Dendritic cell
AP2S1,0.02834869110431661,0.13376010310966535,0.785,0.772,1,Dendritic cell
EIF3J,0.028419249049807405,-0.214424154267717,0.731,0.714,1,Dendritic cell
INCENP,0.028427757222641625,7.690674757299144,0.219,0.232,1,Dendritic cell
PIK3C2A,0.02852364549056785,-0.1184405153690673,0.392,0.368,1,Dendritic cell
COL6A2,0.028553716083010532,0.30732635338845715,0.02,0.013,1,Dendritic cell
BLTP3B,0.028556090861181126,-0.36491900868896465,0.603,0.583,1,Dendritic cell
FRY,0.02860370742920554,-0.28986478885522726,0.263,0.254,1,Dendritic cell
MDFIC,0.028648804473087652,2.537512821650374,0.767,0.755,1,Dendritic cell
CHMP5,0.02865630586753268,0.31990579053378276,0.592,0.571,1,Dendritic cell
PARP9,0.028682559891735557,-12.652996283482976,0.466,0.45,1,Dendritic cell
HIPK2,0.028688810572137617,-3.013105360833174,0.499,0.485,1,Dendritic cell
BCAR3,0.028740298882476513,0.24769452441173812,0.071,0.06,1,Dendritic cell
SCN7A,0.0287760598232497,-0.9032912013316885,0.008,0.011,1,Dendritic cell
ANTXR2,0.028813862165844216,0.35519374139647475,0.736,0.755,1,Dendritic cell
PLB1,0.0290266904840193,0.19890994327598097,0.255,0.24,1,Dendritic cell
EPHX1,0.029096387311528596,0.6051700202900971,0.092,0.104,1,Dendritic cell
TMEM219,0.029142523149818262,-0.6902272097394899,0.802,0.792,1,Dendritic cell
RAD54L2,0.029179638671959458,0.20355510656084808,0.307,0.312,1,Dendritic cell
TMEM106A,0.029334700989039425,0.38983727273605595,0.605,0.593,1,Dendritic cell
ISCA1,0.029373316278169682,-0.2613600312325084,0.15,0.166,1,Dendritic cell
HERC6,0.02942630583459784,0.5795145904577745,0.1,0.092,1,Dendritic cell
OTUD4,0.02947977767707758,0.21462584892527703,0.513,0.535,1,Dendritic cell
TMEM167B,0.02950744782114395,1.1349479155916429,0.69,0.672,1,Dendritic cell
SLC44A1,0.02964918666066512,0.16440240346377072,0.288,0.265,1,Dendritic cell
DNPEP,0.029775978330760955,-0.20368696527677965,0.501,0.522,1,Dendritic cell
C16orf86,0.02988778350572462,0.17120163709723957,0.127,0.111,1,Dendritic cell
FCGRT,0.02991401237651282,-7.87100800199196,0.982,0.98,1,Dendritic cell
OST4,0.029973844282171216,0.31341019693791683,0.839,0.842,1,Dendritic cell
FUNDC2,0.029987248714761612,-0.2475306672566404,0.095,0.099,1,Dendritic cell
BZW2,0.02998929876517406,-4.393444101093425,0.688,0.665,1,Dendritic cell
SPART,0.030235745213438105,0.22655837200059992,0.409,0.391,1,Dendritic cell
DDHD1,0.030253465722722216,0.11347803484287389,0.46,0.436,1,Dendritic cell
WDR81,0.030259081450977377,0.14506775878552847,0.498,0.474,1,Dendritic cell
TTLL4,0.03049870492542648,-0.1242965271195415,0.27,0.27,1,Dendritic cell
CLEC1A,0.030534331077574597,-1.1801327239681418,0.054,0.05,1,Dendritic cell
C3AR1,0.03058389873059808,-0.8611165548707915,0.133,0.119,1,Dendritic cell
TXNL1,0.030663546988406634,-0.730258031873638,0.644,0.622,1,Dendritic cell
FAM20C,0.030694142304981034,-5.462664907563369,0.418,0.4,1,Dendritic cell
WDR82,0.030712764492889427,-0.8998923802044425,0.85,0.837,1,Dendritic cell
PLEKHD1,0.03076716731423079,1.588381701989804,0.097,0.097,1,Dendritic cell
FHIP1B,0.030811874435184322,-4.29036633054567,0.487,0.47,1,Dendritic cell
PRKCH,0.03084853677990762,1.7364552668601343,0.181,0.167,1,Dendritic cell
MFSD12,0.030869027906624803,-0.2622867073235996,0.302,0.309,1,Dendritic cell
TCEA3,0.030918135668571857,2.1501095113850237,0.155,0.14,1,Dendritic cell
DYNC1I2,0.03100811194202245,-0.15993294882565356,0.723,0.703,1,Dendritic cell
SAP25,0.03109677312855048,-0.1849016473786834,0.313,0.332,1,Dendritic cell
PNPLA2,0.03110606946587155,0.5098364554367549,0.788,0.778,1,Dendritic cell
AIFM1,0.031163550204743717,-0.21002475438610813,0.402,0.405,1,Dendritic cell
MDC1,0.031225650580489945,0.24080019373767492,0.16,0.144,1,Dendritic cell
JUN,0.031228452394161197,24.30132772065666,0.426,0.408,1,Dendritic cell
FBXL22,0.031235086209509193,-0.678844553490543,0.009,0.013,1,Dendritic cell
GPAA1,0.031323683362882604,-0.18693103658234683,0.364,0.383,1,Dendritic cell
SGK1,0.03133908239297027,88.33111173633452,0.229,0.231,1,Dendritic cell
IKBIP,0.03147913834501211,-0.21301278275926855,0.225,0.231,1,Dendritic cell
STAT5A,0.03155465945063305,0.2519568842328965,0.518,0.507,1,Dendritic cell
BCL7C,0.031594285065787146,-0.1588998574767504,0.459,0.459,1,Dendritic cell
USP4,0.0316035220598252,-0.10136747908043997,0.746,0.728,1,Dendritic cell
ZNF71,0.03163025909637143,0.15233164324180293,0.136,0.12,1,Dendritic cell
CD300E,0.03168413934142557,4.422000002416057,0.446,0.423,1,Dendritic cell
ATP6V0A1,0.03174360241155836,0.12010235748309173,0.472,0.478,1,Dendritic cell
RIMKLB,0.0317936051505729,0.308457404349741,0.072,0.065,1,Dendritic cell
SPN,0.03197032588995356,2.457205143454658,0.939,0.932,1,Dendritic cell
NIT2,0.03213254130048809,0.10255317740027592,0.406,0.381,1,Dendritic cell
TUBD1,0.032141773355418915,0.4401106328170996,0.123,0.113,1,Dendritic cell
C6orf47,0.03214505616739628,-0.17941442191633383,0.116,0.131,1,Dendritic cell
TPCN1,0.032150208587543624,0.2522155497965195,0.469,0.459,1,Dendritic cell
LEF1,0.032172516755714475,-3.4278964642434784,0.061,0.051,1,Dendritic cell
NME2,0.03223044646453399,0.1629244684211688,0.93,0.919,1,Dendritic cell
CXCL8,0.032233561713539964,10.140255551994045,0.037,0.031,1,Dendritic cell
TSPO,0.03223617164388456,1.4875982988150334,0.82,0.814,1,Dendritic cell
PSMD1,0.032282621589121895,0.30306680646635,0.527,0.502,1,Dendritic cell
SRCAP,0.03239839642962454,0.23057273915823862,0.715,0.72,1,Dendritic cell
JAZF1,0.03244459204209124,-0.5562490600942009,0.464,0.489,1,Dendritic cell
GBE1,0.032469882942715314,0.26011008316337036,0.373,0.351,1,Dendritic cell
KIAA0753,0.032529106262341914,-0.26118031585867785,0.084,0.091,1,Dendritic cell
RTN4RL2,0.03254349132538231,0.4407561637022437,0.038,0.035,1,Dendritic cell
PIP4K2A,0.03256499950523392,3.3120771905216273,0.905,0.892,1,Dendritic cell
INSIG1,0.03259450267604586,3.031426163561825,0.465,0.487,1,Dendritic cell
MOGS,0.03281266555659499,0.29618564043144247,0.6,0.577,1,Dendritic cell
NOP16,0.03283151681717965,0.5156801718398443,0.502,0.492,1,Dendritic cell
SHPRH,0.03288225533696679,0.22429317567296686,0.364,0.345,1,Dendritic cell
LMNA,0.03289737253071297,-4.247866037495001,0.377,0.363,1,Dendritic cell
AXL,0.032969723536981604,3.2608579209582054,0.12,0.109,1,Dendritic cell
GMEB2,0.033087768102216225,0.23021025606756626,0.224,0.208,1,Dendritic cell
FBXO6,0.03310120694905596,-0.16026989633335198,0.388,0.374,1,Dendritic cell
ANXA11,0.03324973084021083,-0.35422753081417824,0.938,0.941,1,Dendritic cell
XNDC1N,0.033260733523958134,0.10178286461291153,0.142,0.127,1,Dendritic cell
NUAK2,0.03329515883145098,-0.2526534940511619,0.255,0.275,1,Dendritic cell
MTFR1L,0.033340769270117206,-0.28877046366696124,0.442,0.442,1,Dendritic cell
KLRF1,0.03341143021867268,0.10449230402527387,0.048,0.038,1,Dendritic cell
SDR39U1,0.033435217348551226,-0.5988936479924338,0.624,0.602,1,Dendritic cell
FER,0.033443709752762944,-1.0063003365251153,0.503,0.485,1,Dendritic cell
RCAN3,0.03363785198133407,-0.9035292251391365,0.486,0.477,1,Dendritic cell
CXCR3,0.033718343893033596,3.1454599524848303,0.256,0.254,1,Dendritic cell
RPIA,0.03375032303419446,0.103097297632327,0.479,0.46,1,Dendritic cell
NELL2,0.03385296953271988,-0.3967044228802745,0.048,0.038,1,Dendritic cell
RBM6,0.033866278055477504,1.0000219412106155,0.804,0.788,1,Dendritic cell
DNAJA4,0.03388555702581827,0.25728764702657947,0.295,0.279,1,Dendritic cell
C1orf159,0.03392495718792423,0.3758237279576808,0.044,0.037,1,Dendritic cell
MAP3K3,0.03397798200036603,-1.228050119851046,0.706,0.705,1,Dendritic cell
YIPF5,0.03398671950303799,-0.18529374741919757,0.484,0.464,1,Dendritic cell
ITM2A,0.03401308894888799,3.2002893362675877,0.063,0.061,1,Dendritic cell
LMAN2,0.03402578237342532,0.6273335875193098,0.911,0.912,1,Dendritic cell
SHMT1,0.03404379198398719,-0.6247443846585423,0.11,0.123,1,Dendritic cell
MANBAL,0.03407537848653555,0.20192701296188023,0.3,0.302,1,Dendritic cell
TMED4,0.03412200729433206,0.19236934400011663,0.625,0.619,1,Dendritic cell
LIN54,0.03422677332450761,-0.2123003491615243,0.151,0.149,1,Dendritic cell
CORO7,0.034247510456008635,-0.47153616782988017,0.726,0.744,1,Dendritic cell
PDCD1LG2,0.034252639123449384,0.8189074005872179,0.013,0.008,1,Dendritic cell
ANKRD13A,0.0342801377093264,-0.2691266159175032,0.588,0.562,1,Dendritic cell
FGFBP2,0.03428446055898614,4.636117362770674,0.025,0.021,1,Dendritic cell
POLG2,0.03443558061060311,-0.2906971826139896,0.348,0.348,1,Dendritic cell
SIAH1,0.034448985506073046,-0.2824719981594037,0.554,0.534,1,Dendritic cell
CLOCK,0.03447815531240494,0.21635102119663524,0.259,0.238,1,Dendritic cell
SLC39A13,0.03450372673905192,-0.18523377902519567,0.063,0.064,1,Dendritic cell
NFYB,0.03452917980887325,-0.3061076124152297,0.321,0.304,1,Dendritic cell
CHPT1,0.03458318837620377,2.1011550021446457,0.684,0.673,1,Dendritic cell
TMOD2,0.03460308702824174,-0.30313396175285623,0.242,0.24,1,Dendritic cell
SIDT2,0.03469718019242994,0.17734344468259788,0.313,0.288,1,Dendritic cell
TPM2,0.03470192099622147,5.1475421014325455,0.267,0.275,1,Dendritic cell
AMPD2,0.034719128657120485,-0.9522649204138842,0.608,0.62,1,Dendritic cell
ADGRE5,0.03486081272682076,20.10270073839986,0.908,0.913,1,Dendritic cell
PITPNB,0.03490606840942504,-0.21867067824028374,0.406,0.426,1,Dendritic cell
HPS6,0.034908245572243375,0.32086254571375383,0.298,0.28,1,Dendritic cell
MAN2A1,0.03493449104781752,1.5210012577186554,0.668,0.674,1,Dendritic cell
ACCS,0.03500240671218085,0.1794177747234511,0.113,0.096,1,Dendritic cell
CCT4,0.03501146550643923,0.21635351702631622,0.621,0.599,1,Dendritic cell
TNFRSF1B,0.03501493591414984,3.9209058298465678,0.703,0.692,1,Dendritic cell
NUF2,0.03510946739973938,-1.5574520030527084,0.016,0.013,1,Dendritic cell
KPNA5,0.03512944454468393,0.23931548464037733,0.174,0.157,1,Dendritic cell
RGL1,0.03521066196056885,2.1941252991739213,0.108,0.098,1,Dendritic cell
SDHAF4,0.03521178620434632,0.23518474601488248,0.21,0.192,1,Dendritic cell
SPSB3,0.03521826935308661,0.17161766010064428,0.557,0.57,1,Dendritic cell
PJA1,0.0353192377192586,-0.33377279385082526,0.075,0.079,1,Dendritic cell
HNRNPK,0.03537602093503052,0.7075786404161057,0.904,0.909,1,Dendritic cell
IL2RB,0.03538265617587478,-4.4251517104943225,0.048,0.039,1,Dendritic cell
SH3GLB1,0.03546509403137051,-0.7395033027930173,0.817,0.81,1,Dendritic cell
ITGB2,0.03548184219176911,-1.0759010573797738,0.947,0.95,1,Dendritic cell
SPOPL,0.03548611332472629,0.1852784557974516,0.546,0.527,1,Dendritic cell
P2RY2,0.03552540686436923,-0.7730614938304399,0.144,0.155,1,Dendritic cell
TMEM209,0.035550557498154195,0.16814496648502664,0.262,0.241,1,Dendritic cell
ZNF620,0.03562720812034121,0.2542346261911228,0.052,0.042,1,Dendritic cell
PHLDA2,0.035636436483299644,-0.20889274066871355,0.042,0.052,1,Dendritic cell
TRBC1,0.03563710636132091,-13.079158666498913,0.081,0.072,1,Dendritic cell
TOP3A,0.03577358180080992,-0.10809487414799189,0.294,0.314,1,Dendritic cell
SLC7A11,0.03582667925174457,0.6620989705176237,0.111,0.122,1,Dendritic cell
SEPTIN7,0.03593786255664221,-0.3467128271022224,0.573,0.598,1,Dendritic cell
CHERP,0.03603773221174783,-0.45652501481292673,0.525,0.522,1,Dendritic cell
TNIK,0.03606035002069566,3.0971858090219433,0.078,0.066,1,Dendritic cell
BTF3,0.036220704926302194,-0.4403789079096452,0.467,0.481,1,Dendritic cell
ITGB3,0.03625906747483476,-34.70965783314153,0.04,0.031,1,Dendritic cell
FSD1L,0.036263648267963626,0.27194709363396224,0.154,0.138,1,Dendritic cell
ITPR3,0.03633677204091776,0.5334873453737257,0.043,0.038,1,Dendritic cell
SLAMF8,0.03645904633817386,-11.38869570716502,0.21,0.192,1,Dendritic cell
TPMT,0.03646106147813496,-1.1852184621442587,0.531,0.512,1,Dendritic cell
NIBAN2,0.03646736384101376,0.634135153757919,0.468,0.487,1,Dendritic cell
TIMMDC1,0.036504300610498405,0.19429513805650478,0.602,0.579,1,Dendritic cell
DDX5,0.03651826643987849,2.750784789113009,0.994,0.994,1,Dendritic cell
MCC,0.03660689776104235,0.5388996632936897,0.108,0.103,1,Dendritic cell
ITM2B,0.03662619367827979,-0.2622902352779004,0.824,0.811,1,Dendritic cell
NSMCE2,0.036853633011468795,-0.1747844080208556,0.322,0.315,1,Dendritic cell
CMTM1,0.0368998752869371,-0.10803763620938067,0.034,0.029,1,Dendritic cell
FAHD1,0.036913758239991296,0.2811446806399247,0.11,0.106,1,Dendritic cell
OSTF1,0.036935855519349525,1.7834965475359557,0.941,0.931,1,Dendritic cell
C3orf33,0.03698454848226444,0.2931533614343875,0.052,0.042,1,Dendritic cell
MCCC1,0.037070388088164784,-0.29192269771702684,0.468,0.485,1,Dendritic cell
PIK3R4,0.03708522021641334,0.11345239350847547,0.351,0.33,1,Dendritic cell
GNAZ,0.03713359663365092,-0.3863058549628273,0.033,0.026,1,Dendritic cell
ACP1,0.037204568343972774,-0.19869789664809845,0.434,0.452,1,Dendritic cell
CA5B,0.037237715011320054,0.18133896828460908,0.204,0.188,1,Dendritic cell
TTC1,0.03726824120458299,-0.29636426996702814,0.502,0.484,1,Dendritic cell
CD6,0.03733860931987831,-3.8799631768200653,0.081,0.07,1,Dendritic cell
SNAP47,0.037375605444345615,0.15953518265907843,0.268,0.248,1,Dendritic cell
SQLE,0.037398906728559576,1.0427609173378032,0.131,0.129,1,Dendritic cell
PELI3,0.03748064001530066,-0.3554492570990775,0.087,0.099,1,Dendritic cell
CD53,0.03750290995542463,-0.1984226565874394,0.981,0.982,1,Dendritic cell
MCL1,0.03752181500522123,-31.69704295013844,0.988,0.989,1,Dendritic cell
SIRPB2,0.0377838798024053,1.8403754810999033,0.377,0.358,1,Dendritic cell
ZNF625,0.037837146116153596,-0.22217341444991678,0.065,0.061,1,Dendritic cell
KSR1,0.03785878345200666,0.5165625243949966,0.3,0.3,1,Dendritic cell
GTF2A2,0.03789948159381518,0.15869786045495182,0.764,0.75,1,Dendritic cell
RNF38,0.037912984424433895,0.13576555894300357,0.616,0.602,1,Dendritic cell
GTF2IRD1,0.03791530853066867,0.24943807644982563,0.012,0.013,1,Dendritic cell
PPP6R2,0.03792385329879772,0.25447432364374833,0.704,0.708,1,Dendritic cell
POLR3K,0.037973264594634036,0.33455093647957407,0.318,0.298,1,Dendritic cell
DUSP8,0.03800206074917085,-0.2917752120422481,0.017,0.018,1,Dendritic cell
HRAS,0.038056529080643865,-0.17279538963099572,0.132,0.126,1,Dendritic cell
S100A10,0.0380670472083633,17.226958151677763,0.916,0.915,1,Dendritic cell
MIOS,0.03811349647384425,0.506045985351468,0.501,0.49,1,Dendritic cell
KIF17,0.03814672278140729,0.19524612389921758,0.098,0.082,1,Dendritic cell
CREBZF,0.038195983508449646,0.5387490905954144,0.651,0.635,1,Dendritic cell
FLOT2,0.03826609440520759,1.7752521343420398,0.884,0.878,1,Dendritic cell
HMGA1,0.03836072062313916,-0.4579324342796207,0.018,0.024,1,Dendritic cell
PLEKHF1,0.038419860234570426,0.9654598263153864,0.024,0.02,1,Dendritic cell
TMEM53,0.03842391486945545,0.38586432032400264,0.067,0.06,1,Dendritic cell
UBA3,0.03865051503626232,1.2395865284114915,0.785,0.776,1,Dendritic cell
RNF215,0.03874001287541182,-0.3667568673025441,0.059,0.069,1,Dendritic cell
FNIP2,0.038832524123991914,9.397915633671525,0.467,0.446,1,Dendritic cell
NEU1,0.03886354002316421,-0.24550292728607187,0.288,0.296,1,Dendritic cell
KDM4B,0.03889063487908033,-0.2880513410866483,0.453,0.452,1,Dendritic cell
SCPEP1,0.03889662298667142,1.2136533925620192,0.584,0.601,1,Dendritic cell
RNF145,0.03892335945989701,0.1943643678599245,0.442,0.418,1,Dendritic cell
URB2,0.038932793770855546,-0.11127828660919081,0.12,0.113,1,Dendritic cell
TMCO1,0.039035737210146415,0.2708804924603898,0.801,0.784,1,Dendritic cell
PHC2,0.03910657489534011,1.5569808246927277,0.609,0.596,1,Dendritic cell
LNPEP,0.03920905863598241,-0.18646975000586874,0.714,0.694,1,Dendritic cell
CEP57L1,0.03926174212542292,0.1347727587373564,0.074,0.063,1,Dendritic cell
NUBP2,0.039268557110120374,0.1356911631355548,0.273,0.254,1,Dendritic cell
MTARC1,0.0393645267334709,-1.9446935717777807,0.024,0.024,1,Dendritic cell
PRDM8,0.039521049178272476,0.40301097330566016,0.03,0.027,1,Dendritic cell
STMP1,0.03967506961853901,0.15710116710639888,0.856,0.848,1,Dendritic cell
MMP15,0.03968761677016764,0.4632305970639954,0.042,0.035,1,Dendritic cell
RMDN1,0.03968887626029852,0.24176104233810136,0.456,0.44,1,Dendritic cell
DEK,0.03975217413940409,-1.274518449256898,0.664,0.66,1,Dendritic cell
ATP13A1,0.03978443033217108,0.20197364991949973,0.582,0.567,1,Dendritic cell
CUX1,0.03983762330886784,0.9657068663012307,0.724,0.743,1,Dendritic cell
PHYKPL,0.03984964215481283,1.4327827507008344,0.602,0.585,1,Dendritic cell
ZNF300,0.039854605893578664,-0.11246203269036181,0.052,0.047,1,Dendritic cell
EIF1AD,0.03997544961155588,0.1974407621819967,0.348,0.328,1,Dendritic cell
SMPD2,0.04003983057016665,-0.4465696686924346,0.243,0.243,1,Dendritic cell
KCNMB4,0.04005194247198289,0.926889447814252,0.059,0.052,1,Dendritic cell
MICALL2,0.04009860266345851,-0.29821562239619537,0.028,0.027,1,Dendritic cell
FIZ1,0.04011647299389716,0.386835921491266,0.032,0.027,1,Dendritic cell
GADD45A,0.04014097434721073,-2.724752113018173,0.133,0.148,1,Dendritic cell
NUDC,0.04016493257626313,0.2589012542724203,0.688,0.694,1,Dendritic cell
SORBS3,0.04019404304360572,0.31091816126141714,0.345,0.335,1,Dendritic cell
ERCC5,0.04031966555942728,-0.37299158107606223,0.553,0.548,1,Dendritic cell
SQSTM1,0.040323148889140584,73.06608925976492,0.858,0.865,1,Dendritic cell
SLC25A1,0.040490642580627956,0.11554891047678584,0.337,0.317,1,Dendritic cell
IL2RA,0.04050237070801917,-0.5280207554221437,0.021,0.016,1,Dendritic cell
MCTP2,0.040553655165793935,-0.5721947160946517,0.043,0.033,1,Dendritic cell
CNTRL,0.04057822268319395,2.130378304340196,0.841,0.839,1,Dendritic cell
SLC20A2,0.04059163782156111,0.12056642095380854,0.203,0.209,1,Dendritic cell
DLGAP4,0.04075842763955808,-2.3993323500047006,0.55,0.548,1,Dendritic cell
BCCIP,0.0408282713709308,-0.1996137719639277,0.673,0.655,1,Dendritic cell
POLRMT,0.0409444278376742,-0.1221563570809483,0.017,0.021,1,Dendritic cell
GP1BB,0.04119211558563916,1.0488107715291761,0.039,0.03,1,Dendritic cell
DHX16,0.04121426135823794,0.13176520010684478,0.361,0.348,1,Dendritic cell
IWS1,0.041295861407967885,0.14745177746125826,0.627,0.604,1,Dendritic cell
ARID5B,0.04157307047597327,-1.4512709325403443,0.187,0.17,1,Dendritic cell
BRD2,0.04160892432778397,0.6008070867416677,0.91,0.9,1,Dendritic cell
NUP107,0.041656244560233986,0.11754527384914204,0.295,0.278,1,Dendritic cell
RBFA,0.04171245306180841,0.20039279757445194,0.168,0.167,1,Dendritic cell
CCL5,0.04175822504508396,-32.76844298281082,0.208,0.187,1,Dendritic cell
FBN2,0.04179736393431693,-0.39457570080477744,0.049,0.058,1,Dendritic cell
RSBN1L,0.041939143760204765,0.5050101791905997,0.542,0.52,1,Dendritic cell
TOMM7,0.042058217389795136,5.837388887532068,0.968,0.966,1,Dendritic cell
TRIM21,0.042072570645030984,0.160910119509857,0.376,0.351,1,Dendritic cell
SUFU,0.04208278272041949,-0.18059899337770002,0.245,0.237,1,Dendritic cell
STAG3,0.042112922828581915,0.19812542336261973,0.04,0.033,1,Dendritic cell
TDP2,0.04221423915364588,0.2907844409991637,0.341,0.323,1,Dendritic cell
ELF1,0.04222119139360602,0.41471423970476984,0.925,0.917,1,Dendritic cell
NXT1,0.04228146368992181,2.1655916100143333,0.49,0.51,1,Dendritic cell
TRAPPC1,0.042389968303827616,-0.2877347847591838,0.772,0.754,1,Dendritic cell
TNRC6B,0.04253934725278368,0.14458944323839829,0.653,0.671,1,Dendritic cell
MYL9,0.04267588370943136,2.8024892899501666,0.024,0.018,1,Dendritic cell
MAML1,0.04278442359369086,0.1620710587821632,0.696,0.681,1,Dendritic cell
OAS1,0.04292121745659259,-2.9794265212987234,0.735,0.719,1,Dendritic cell
LYG1,0.04311516565145931,-0.17298764143473688,0.046,0.042,1,Dendritic cell
AK1,0.04312824653127037,0.22483139234515193,0.063,0.053,1,Dendritic cell
AP4B1,0.04327135975781188,0.1939134047837705,0.407,0.386,1,Dendritic cell
FAM200C,0.043623753265278856,-0.6418833495076983,0.02,0.024,1,Dendritic cell
TUBGCP3,0.04373227574927862,0.22979264713859138,0.564,0.552,1,Dendritic cell
DPYD,0.04375931795210612,1.2766058225533143,0.706,0.69,1,Dendritic cell
NUDT17,0.043763048007854057,1.0225290271203353,0.172,0.173,1,Dendritic cell
SGMS1,0.04393296874450259,0.14459621072759643,0.286,0.274,1,Dendritic cell
KIFC2,0.043968317089915214,-0.137862299200036,0.139,0.129,1,Dendritic cell
AP3M2,0.044015531947224906,0.7717219623564301,0.168,0.159,1,Dendritic cell
TMEM128,0.044151881122476165,-0.2534839581703665,0.388,0.369,1,Dendritic cell
MIS18BP1,0.04418464614399076,-1.839629925309124,0.831,0.836,1,Dendritic cell
PRMT2,0.044213791299776026,-1.4697393628551243,0.864,0.852,1,Dendritic cell
UBE2D4,0.044228063378646126,0.17564900823495178,0.132,0.116,1,Dendritic cell
WNT10B,0.04447138008827207,1.1617945661763747,0.012,0.008,1,Dendritic cell
RUSC1,0.044483664495826705,0.23072594800817853,0.216,0.207,1,Dendritic cell
ALCAM,0.04452107608967113,-3.965737245725075,0.753,0.734,1,Dendritic cell
CTSL,0.04453402111225963,4.478207485506445,0.048,0.041,1,Dendritic cell
ZNF765,0.04460041996501602,0.16379514848572518,0.106,0.094,1,Dendritic cell
SLC39A6,0.04461717439558178,0.857431319287568,0.509,0.513,1,Dendritic cell
PFN1,0.04462950990884902,7.091966291881903,0.997,0.996,1,Dendritic cell
SLC12A9,0.044723065269558,0.7920006402508752,0.77,0.787,1,Dendritic cell
TAGAP,0.04485440164649854,-1.5028485397674487,0.71,0.69,1,Dendritic cell
MCUR1,0.04485609494032343,-0.2474197681902166,0.407,0.387,1,Dendritic cell
ZNF550,0.04485945864085826,0.10544601414345478,0.104,0.091,1,Dendritic cell
IFITM3,0.04492554799811945,-10.154519221051803,0.306,0.323,1,Dendritic cell
TNFAIP8L2,0.04495349361073505,0.2390989829079304,0.63,0.61,1,Dendritic cell
TMEM250,0.04495530179478386,-0.18301110105038365,0.485,0.465,1,Dendritic cell
EXOSC7,0.044973359769022225,-0.26956997592065973,0.3,0.312,1,Dendritic cell
CCNL1,0.04508153665100801,-2.096164226771543,0.803,0.807,1,Dendritic cell
CAPN7,0.04519049176936513,0.393590557613634,0.333,0.312,1,Dendritic cell
DNAJB11,0.04536795628293612,1.2780255239422003,0.587,0.612,1,Dendritic cell
GPR27,0.045412144534268784,-0.5202171091930494,0.033,0.04,1,Dendritic cell
ITGB1,0.04557243168520863,0.1300260012200688,0.352,0.337,1,Dendritic cell
AATF,0.045578733158025894,0.36923019212842245,0.675,0.695,1,Dendritic cell
SUSD4,0.04559611349054798,1.9784116107660412,0.01,0.007,1,Dendritic cell
TXLNB,0.045692101502507916,0.3373499052018687,0.02,0.015,1,Dendritic cell
SCART1,0.045725548543939336,0.2945194481540323,0.024,0.018,1,Dendritic cell
ERBB2,0.045729238205557014,-1.4639694013398024,0.019,0.014,1,Dendritic cell
PPIP5K1,0.045851083398594304,0.16200712652193427,0.105,0.093,1,Dendritic cell
GPANK1,0.04587614381068602,0.16725694957450954,0.171,0.156,1,Dendritic cell
DRAM1,0.04590288058620746,0.17794369053106462,0.141,0.132,1,Dendritic cell
SETD7,0.04591554950175946,-0.4003946787121434,0.37,0.365,1,Dendritic cell
LCK,0.045937373048461905,0.38463783723209244,0.064,0.054,1,Dendritic cell
ARMC5,0.045971827703650006,0.5737902543995226,0.019,0.013,1,Dendritic cell
C2CD5,0.04602218252883605,0.1528587149967615,0.499,0.475,1,Dendritic cell
DDX18,0.04615010795829937,0.39583739964388664,0.699,0.68,1,Dendritic cell
CZIB,0.0462102287468045,0.1682364574826476,0.511,0.491,1,Dendritic cell
HACD3,0.04629992179801992,0.45826781798936567,0.228,0.222,1,Dendritic cell
FAIM,0.04646810560615869,0.2573182557083058,0.103,0.092,1,Dendritic cell
FBXW2,0.04648954102441191,0.41499560893572296,0.712,0.721,1,Dendritic cell
SHANK1,0.046611807359788385,-0.7211237892405693,0.014,0.014,1,Dendritic cell
VPS33B,0.046645216792802105,0.15953497507826842,0.122,0.107,1,Dendritic cell
ZCCHC24,0.046779869575693515,-0.13550590832306864,0.256,0.276,1,Dendritic cell
CHMP2B,0.04694826373885107,0.17804389361412243,0.556,0.54,1,Dendritic cell
PLAG1,0.04697746573648769,-0.16851605691149985,0.036,0.029,1,Dendritic cell
PRKACA,0.04709499925418394,1.0696823172806162,0.867,0.853,1,Dendritic cell
ARSB,0.04713715674418718,0.10541484677488278,0.691,0.672,1,Dendritic cell
DNAAF9,0.047210899484815286,0.1232205578853417,0.302,0.282,1,Dendritic cell
SELENOK,0.04728904667649865,-0.1850623840625687,0.641,0.627,1,Dendritic cell
PPP1R8,0.04749225508476127,0.2611682054747998,0.277,0.273,1,Dendritic cell
CWF19L2,0.04752796680987321,0.16904318856560052,0.412,0.391,1,Dendritic cell
FPR1,0.04753698983919517,1.6782063678394223,0.33,0.343,1,Dendritic cell
CEP70,0.047678144788352285,0.43979443493363846,0.04,0.034,1,Dendritic cell
PKIB,0.04771565651076227,0.8676610367010014,0.304,0.278,1,Dendritic cell
GEM,0.04789495977784004,-2.404142501973502,0.061,0.053,1,Dendritic cell
SLC35B4,0.047923693662717676,0.12424871822567102,0.242,0.223,1,Dendritic cell
TGFB3,0.047935432716357355,-0.11101720457706898,0.031,0.028,1,Dendritic cell
NTAN1,0.048033021730759046,0.12058158017619075,0.28,0.282,1,Dendritic cell
RRM1,0.04829465150046855,1.821654237839369,0.237,0.22,1,Dendritic cell
CD3E,0.048388819966362726,3.397487908708058,0.127,0.113,1,Dendritic cell
VPS37B,0.04843321564785999,0.3116832431102261,0.098,0.089,1,Dendritic cell
ICMT,0.04845093535090187,0.178470361612736,0.369,0.351,1,Dendritic cell
MICAL2,0.04845402717445956,-0.5100337361078742,0.575,0.588,1,Dendritic cell
FAM174C,0.04849283299541405,0.2571867386812774,0.434,0.446,1,Dendritic cell
TMEM59,0.04851834302361697,-0.22063962733097942,0.669,0.678,1,Dendritic cell
POLR3H,0.04853397198876315,-0.9203869779724079,0.338,0.317,1,Dendritic cell
C15orf39,0.04860555105275964,-6.105597971032898,0.849,0.858,1,Dendritic cell
PTGES2,0.0486135137023094,-0.8381648276766853,0.698,0.682,1,Dendritic cell
VAMP2,0.048655040361452226,-1.217041884190011,0.637,0.657,1,Dendritic cell
TMEM204,0.048766189133760615,0.34023291772278386,0.05,0.042,1,Dendritic cell
CD27,0.048788363636336964,0.9658356518539652,0.06,0.052,1,Dendritic cell
ARHGEF9,0.048815281156638746,-0.20173682333580967,0.129,0.126,1,Dendritic cell
ITGB5,0.04887199588709704,0.7437465163080694,0.099,0.086,1,Dendritic cell
ST3GAL5,0.04894399393239011,-5.834818722402325,0.401,0.376,1,Dendritic cell
SH3RF2,0.04899231881300696,0.931957535042093,0.011,0.012,1,Dendritic cell
DPF2,0.04906121842181936,-0.10828307947595928,0.436,0.456,1,Dendritic cell
SNX21,0.049111844100588053,-0.6277113491573898,0.044,0.047,1,Dendritic cell
DHPS,0.049116552132683476,0.21460524931716884,0.391,0.398,1,Dendritic cell
CD2BP2,0.049136523752712324,0.9081152000580414,0.411,0.391,1,Dendritic cell
ATAD2,0.049215586459447666,-0.2005729419756801,0.089,0.098,1,Dendritic cell
PGRMC2,0.04927728628800773,0.1462708832258155,0.563,0.573,1,Dendritic cell
EMC6,0.049391825417337415,-0.2862570425348625,0.175,0.183,1,Dendritic cell
NR4A1,0.04942697646822637,-14.040104565885157,0.286,0.307,1,Dendritic cell
POPDC2,0.04945474903514749,0.22192730083430323,0.042,0.034,1,Dendritic cell
NLRP12,0.0495434849384725,-0.46247470867985296,0.214,0.225,1,Dendritic cell
QPCT,0.049664779253654874,-1.0980936640135912,0.268,0.253,1,Dendritic cell
TCAP,0.04974021988974069,0.25146994332096373,0.024,0.023,1,Dendritic cell
RNASEH1,0.04974396876456719,0.203155253928345,0.408,0.391,1,Dendritic cell
NDFIP1,0.04999290148458093,1.7067643193559503,0.842,0.828,1,Dendritic cell
EPCAM,0.0500850943036745,3.3256114703760016,0.014,0.012,1,Dendritic cell
TOPORS,0.05011743133465111,0.24521118047685297,0.345,0.328,1,Dendritic cell
BAZ2B,0.05018065064966603,-0.7192794396908253,0.742,0.734,1,Dendritic cell
PDE5A,0.05018169574471289,-1.0472987567492602,0.016,0.017,1,Dendritic cell
TMA7,0.050306596590608287,0.32313230824628203,0.742,0.735,1,Dendritic cell
EXOC1,0.050368738437635154,0.16601669835235366,0.57,0.551,1,Dendritic cell
ARHGAP5,0.0504385818599039,0.9174064946827083,0.547,0.543,1,Dendritic cell
JAML,0.050439609950057814,9.932419755447,0.991,0.993,1,Dendritic cell
PTGS1,0.05046433012684544,-0.8165464606670549,0.439,0.444,1,Dendritic cell
TMIGD2,0.05048921035581696,-0.4770077052613937,0.039,0.042,1,Dendritic cell
R3HDM4,0.05053263609297233,0.21622158042734085,0.717,0.704,1,Dendritic cell
FCGR1A,0.050671878179862725,-2.2304536875620564,0.07,0.076,1,Dendritic cell
ATG4A,0.05070645886496569,0.22950046292890924,0.179,0.166,1,Dendritic cell
PROC,0.050786260048660804,-1.5897857961554314,0.127,0.133,1,Dendritic cell
LARP4,0.05092999708625668,0.12631017779263676,0.652,0.629,1,Dendritic cell
GAS8,0.05094206638465502,0.3063089994160828,0.049,0.04,1,Dendritic cell
ATXN3,0.05095635016971078,0.14393209561941323,0.612,0.607,1,Dendritic cell
AKAP7,0.0510164999516917,0.24423413448070105,0.213,0.191,1,Dendritic cell
ZC3H12A,0.051107496812425116,-0.1638663630137659,0.164,0.153,1,Dendritic cell
SCNM1,0.051180450585648754,-1.2623754042780169,0.782,0.777,1,Dendritic cell
CD207,0.05121440519588155,-1.9755704327390333,0.051,0.042,1,Dendritic cell
SUMO4,0.05124937473862864,0.22809737816254616,0.075,0.063,1,Dendritic cell
PAG1,0.05129641772629066,-0.8616315631383658,0.38,0.364,1,Dendritic cell
RGS2,0.05129783711478587,8.379342668042035,0.691,0.707,1,Dendritic cell
PLCL2,0.05138586322328119,0.1274297262707238,0.538,0.557,1,Dendritic cell
PIK3R5,0.051396154826883395,-1.1528128558714545,0.646,0.659,1,Dendritic cell
ITGAV,0.05145847369710622,-0.1396231177151357,0.181,0.174,1,Dendritic cell
PPP1R3F,0.05151222306072976,-0.10272094696249567,0.05,0.045,1,Dendritic cell
DOCK10,0.05156809425097848,8.657530151685538,0.824,0.815,1,Dendritic cell
ACVRL1,0.051670766042496694,0.3568061272445697,0.05,0.041,1,Dendritic cell
POLR1D,0.05167214472355206,0.5136294660030307,0.767,0.758,1,Dendritic cell
BTG3,0.05185673626439189,-0.3257373979214555,0.05,0.059,1,Dendritic cell
FAM172A,0.051939235929414754,0.1787369969503252,0.421,0.407,1,Dendritic cell
VRK1,0.05208270661796717,1.7483116894621649,0.506,0.492,1,Dendritic cell
TXNDC9,0.052086544383198305,0.12820211182988106,0.301,0.284,1,Dendritic cell
KCNC3,0.05212766517158961,-0.585911165151547,0.408,0.398,1,Dendritic cell
ZBTB7B,0.05221475855858004,-3.0853434617767324,0.663,0.655,1,Dendritic cell
PIGF,0.05225563470112757,0.1456035644430581,0.367,0.353,1,Dendritic cell
UFSP1,0.052283911541830576,-0.5168031872681436,0.011,0.015,1,Dendritic cell
MARS2,0.05228394886813894,0.10397499020459344,0.034,0.029,1,Dendritic cell
TALDO1,0.05234094576949399,1.635453549923147,0.763,0.775,1,Dendritic cell
UBOX5,0.052351372816636946,0.1891442223734111,0.215,0.197,1,Dendritic cell
RBM39,0.05245733557361481,-0.7025968572314572,0.819,0.833,1,Dendritic cell
ZBTB4,0.05253958545885861,0.1446438901017965,0.309,0.3,1,Dendritic cell
PEX6,0.05304549382880417,-0.18977965803657618,0.236,0.246,1,Dendritic cell
NR4A2,0.053088730591148915,2.59260739201914,0.256,0.275,1,Dendritic cell
TRAF5,0.05317441616858552,0.20073954311184272,0.165,0.152,1,Dendritic cell
CSTF1,0.05318338127142872,0.14169296731120204,0.278,0.259,1,Dendritic cell
TXK,0.05320002561082392,0.4801342113959779,0.055,0.05,1,Dendritic cell
ZNF613,0.05326159469465638,0.13074130078618396,0.072,0.061,1,Dendritic cell
DSG2,0.05331988993930187,0.2775329070558419,0.033,0.028,1,Dendritic cell
ADD1,0.05332639544749227,-0.3345396242229235,0.909,0.903,1,Dendritic cell
TMEM141,0.0534224351543961,0.6459872441291545,0.381,0.362,1,Dendritic cell
KLHL8,0.05343998468493978,-0.1451928074163159,0.359,0.34,1,Dendritic cell
SOAT1,0.05347125204695918,-0.2379040049899439,0.661,0.681,1,Dendritic cell
GPR183,0.0535982601701538,-33.27341872062672,0.79,0.805,1,Dendritic cell
METTL15,0.05370236513051825,0.1041554070976689,0.215,0.197,1,Dendritic cell
OXLD1,0.053776959062750616,0.1850024058629049,0.301,0.281,1,Dendritic cell
SLC12A2,0.0537881104859189,-0.35755482714639686,0.233,0.242,1,Dendritic cell
P2RX5,0.05385773732059737,5.417414434372712,0.159,0.152,1,Dendritic cell
ANGEL1,0.05387446526163078,0.6262691582720202,0.368,0.355,1,Dendritic cell
ATG10,0.05393751854752373,-0.11084679175381873,0.192,0.191,1,Dendritic cell
SLC41A2,0.05399902290322113,-1.4285434825198227,0.548,0.557,1,Dendritic cell
UVRAG,0.05403498195518722,-4.966124126816946,0.739,0.722,1,Dendritic cell
SNX12,0.05413324574289915,0.3496357409754107,0.485,0.473,1,Dendritic cell
PAAF1,0.05415874495152749,-0.1495297966445357,0.198,0.184,1,Dendritic cell
DNAJB1,0.05419629549708085,0.12292989038116459,0.322,0.305,1,Dendritic cell
CCT6B,0.05431956407200572,0.35362072454728066,0.068,0.061,1,Dendritic cell
UPF3A,0.054392854546298476,0.1698076067993723,0.341,0.322,1,Dendritic cell
LRRFIP1,0.05450075353076927,-0.718008606076892,0.85,0.862,1,Dendritic cell
HCLS1,0.054709586608443384,4.730916380529671,0.983,0.982,1,Dendritic cell
POC1A,0.054764440958004985,0.721797881113118,0.034,0.03,1,Dendritic cell
TC2N,0.05483641609570118,5.52162192025102,0.092,0.079,1,Dendritic cell
ZNF493,0.054978764811698985,0.15311724446807157,0.282,0.261,1,Dendritic cell
FXR1,0.05502448766635243,-0.27152180199900244,0.422,0.436,1,Dendritic cell
MPRIP,0.05502784632061526,-2.1090017552174087,0.674,0.657,1,Dendritic cell
MAGIX,0.05505361227716182,-0.14966530800714128,0.018,0.016,1,Dendritic cell
MIX23,0.05520067705035254,0.17716160388625202,0.099,0.086,1,Dendritic cell
VCL,0.055273127407860626,-1.344479249943241,0.676,0.658,1,Dendritic cell
EHF,0.05549267831736602,0.5389939646405317,0.076,0.066,1,Dendritic cell
C15orf62,0.0556098700645175,-0.5538454276855962,0.009,0.014,1,Dendritic cell
TRANK1,0.05564561387827003,0.14823422441054598,0.214,0.195,1,Dendritic cell
ILVBL,0.055749356071851046,0.17215434707401567,0.195,0.179,1,Dendritic cell
CDC25B,0.05596578578922823,1.0669109992478276,0.233,0.228,1,Dendritic cell
SOCS2,0.05601791527670609,1.0401380387033634,0.027,0.021,1,Dendritic cell
DOCK8,0.05619939857316064,-0.48830022495800485,0.922,0.916,1,Dendritic cell
ARNT,0.05622385012034386,0.16301211325693887,0.445,0.424,1,Dendritic cell
CD80,0.05623504883357972,2.802408925227091,0.019,0.016,1,Dendritic cell
LTBR,0.056381806403197274,-0.2546822819982504,0.636,0.641,1,Dendritic cell
ZNF143,0.05643128567339229,-0.36212137201757066,0.294,0.285,1,Dendritic cell
GFRA2,0.056493465209282015,2.7718250717012802,0.146,0.131,1,Dendritic cell
ZMIZ2,0.056644337725759615,0.31365423076189725,0.755,0.741,1,Dendritic cell
DNAJC10,0.05671752407207908,-1.07749238198011,0.78,0.771,1,Dendritic cell
NR3C2,0.056775240163773354,0.4319242311114917,0.087,0.081,1,Dendritic cell
ZEB2,0.0568062668763165,-1.2372989335486224,0.915,0.906,1,Dendritic cell
C9orf40,0.05697580058642991,0.10111357089259432,0.056,0.048,1,Dendritic cell
DAPP1,0.057052640684424644,-6.642672877960949,0.84,0.832,1,Dendritic cell
NRF1,0.057138937673904475,0.13693826512421642,0.239,0.225,1,Dendritic cell
UNC5CL,0.057182175775466665,0.25639755573352474,0.028,0.022,1,Dendritic cell
SLC27A4,0.0571886735579514,0.16608254966561856,0.265,0.246,1,Dendritic cell
ZDHHC16,0.05720893675839918,0.19159399838745828,0.356,0.337,1,Dendritic cell
ENSG00000290797,0.057241130294928236,0.28557274377108666,0.015,0.01,1,Dendritic cell
NUP210,0.05725751862382485,-0.4587629891024081,0.841,0.854,1,Dendritic cell
AMH,0.05726518142031954,0.3163774871526277,0.022,0.024,1,Dendritic cell
THUMPD1,0.05734698629495957,0.18106624726356735,0.556,0.535,1,Dendritic cell
LRRC25,0.057374861785688014,-1.3461255225875757,0.748,0.736,1,Dendritic cell
TCP11L2,0.057455192269917,-1.5053001141513156,0.395,0.377,1,Dendritic cell
PTX3,0.05745676470234057,0.5797276762916201,0.027,0.024,1,Dendritic cell
SH3BP5L,0.05746579185692517,0.22202227463597413,0.439,0.421,1,Dendritic cell
HEATR5B,0.05769948131148464,0.37540740343655,0.73,0.739,1,Dendritic cell
TRGC1,0.05770352411352789,-2.129750629141262,0.016,0.011,1,Dendritic cell
LTA,0.05779798560499993,0.6968583243787272,0.01,0.007,1,Dendritic cell
CUZD1,0.05787610709829466,-0.12882000997013687,0.013,0.011,1,Dendritic cell
H3C10,0.0579022743575379,1.7389361621690198,0.103,0.09,1,Dendritic cell
SLC16A10,0.057918147148972386,0.8007806063825287,0.011,0.007,1,Dendritic cell
SLC11A1,0.057922453338544386,-3.5171050542351736,0.21,0.216,1,Dendritic cell
DMAC1,0.05804682530318059,0.22889285655110936,0.373,0.351,1,Dendritic cell
BICDL1,0.058055757348703566,0.9436793411301614,0.039,0.034,1,Dendritic cell
CSK,0.05818171292126008,-3.286247290269987,0.948,0.95,1,Dendritic cell
DYNLT2B,0.058263509125683316,0.21686080797527352,0.177,0.162,1,Dendritic cell
HNRNPUL2,0.058442690686614035,-2.394126092083571,0.798,0.782,1,Dendritic cell
MCM8,0.05844277799753453,2.2643576530418486,0.062,0.069,1,Dendritic cell
KCTD17,0.05847260412245458,0.25295156653780726,0.305,0.291,1,Dendritic cell
ZNF555,0.058483938966653555,0.4894217083323027,0.23,0.213,1,Dendritic cell
GALNT1,0.05850333403384604,0.2463255606725312,0.79,0.774,1,Dendritic cell
RRM2,0.05852859535863758,-5.859180204194436,0.023,0.017,1,Dendritic cell
SPATA1,0.05852957709261069,0.22597521510327212,0.012,0.009,1,Dendritic cell
ZNF600,0.058618420184089935,1.2641010324488862,0.142,0.13,1,Dendritic cell
RFX5,0.05875615160141609,0.35440422555974394,0.777,0.761,1,Dendritic cell
ENPP2,0.05879036004347404,0.8696147398455119,0.153,0.149,1,Dendritic cell
MTMR1,0.058891543029519794,-1.7652848000550172,0.608,0.599,1,Dendritic cell
RESF1,0.05897400913503921,-1.8577161630566827,0.821,0.819,1,Dendritic cell
HCFC1R1,0.05904972343537141,0.10643803958455866,0.338,0.335,1,Dendritic cell
PMEPA1,0.059155225833579864,-0.43965875423609146,0.053,0.063,1,Dendritic cell
CDKN2D,0.05916648049666025,-0.722268121262049,0.639,0.642,1,Dendritic cell
SRRM2,0.059231492138979956,-0.23923190400022545,0.315,0.314,1,Dendritic cell
AHCYL2,0.059329108065046106,-0.1168698577682099,0.397,0.387,1,Dendritic cell
RBBP6,0.0593749021395749,1.8337080774338164,0.622,0.642,1,Dendritic cell
UBE2V1,0.059424136717777735,0.10985490761887773,0.721,0.707,1,Dendritic cell
CCP110,0.05951407709413413,0.22966994766406748,0.304,0.287,1,Dendritic cell
CXCL16,0.05951543607681938,4.232875630191476,0.425,0.432,1,Dendritic cell
ANKS1A,0.05959165945943587,0.18539784234540024,0.375,0.362,1,Dendritic cell
ASAP1,0.05960226672444162,-1.7568468617290804,0.637,0.619,1,Dendritic cell
ADAM28,0.05974389754659009,1.7675775339110524,0.577,0.566,1,Dendritic cell
ACLY,0.05981341540918318,-0.13879276566697862,0.407,0.407,1,Dendritic cell
RUNX1,0.059816728433164205,-2.039128540743799,0.677,0.689,1,Dendritic cell
PEX19,0.05992063333825653,0.42461229150934376,0.485,0.464,1,Dendritic cell
EML4,0.0599802731780616,4.255839687904642,0.511,0.492,1,Dendritic cell
SLC6A16,0.06055351267483859,0.6171769435056822,0.016,0.011,1,Dendritic cell
SRSF10,0.06055847639281857,-0.1703150521416371,0.192,0.21,1,Dendritic cell
NDUFB5,0.060594249379081665,2.4953253070331423,0.833,0.816,1,Dendritic cell
DERL1,0.0606162035622612,-0.31073897893330704,0.588,0.585,1,Dendritic cell
UBASH3A,0.060697164711537216,1.0517712776062926,0.022,0.017,1,Dendritic cell
MPHOSPH8,0.0607964415588061,0.8712181760265829,0.545,0.527,1,Dendritic cell
TMSB4X,0.06088670686287516,-65.00661717518847,1,0.999,1,Dendritic cell
ODAD3,0.06122469846667656,0.48132882889306483,0.01,0.006,1,Dendritic cell
SYNGR2,0.06178366427161883,9.907289412991936,0.977,0.974,1,Dendritic cell
RELT,0.061982180056842556,0.49334411689602575,0.741,0.754,1,Dendritic cell
ZNF154,0.06213359017522193,-0.41873970777465486,0.049,0.054,1,Dendritic cell
TRIAP1,0.062201974792997064,-0.5580961115359133,0.353,0.355,1,Dendritic cell
IQSEC1,0.06221095171349353,0.9980979664654335,0.864,0.874,1,Dendritic cell
SIGLEC12,0.06223229030819927,-0.6857376761175313,0.009,0.014,1,Dendritic cell
FGD2,0.06229365588265769,4.434648465969847,0.957,0.952,1,Dendritic cell
ZNF496,0.06241634992874424,0.19634395661788395,0.134,0.12,1,Dendritic cell
SLC22A23,0.06247252060228244,13.021668882287896,0.066,0.065,1,Dendritic cell
MLLT11,0.06257994278549503,0.5370789426446487,0.023,0.017,1,Dendritic cell
MFF,0.06284959811246471,0.2064323159817274,0.73,0.719,1,Dendritic cell
SYK,0.06287789293558531,0.30133285113291564,0.958,0.957,1,Dendritic cell
SNX13,0.06290445184389164,0.34661504524921627,0.636,0.635,1,Dendritic cell
C1QTNF4,0.06303064742947244,-1.0542137556918405,0.006,0.01,1,Dendritic cell
FMNL2,0.06320714086909363,-3.6161205369743508,0.159,0.164,1,Dendritic cell
PRKAA1,0.06333074678092947,0.12669307695995524,0.552,0.534,1,Dendritic cell
ENO3,0.06343789884304989,0.42148843948842085,0.045,0.037,1,Dendritic cell
RABIF,0.06356455293658649,0.11076646592735168,0.249,0.262,1,Dendritic cell
ZNF790,0.0635842781341118,-0.18405560857195447,0.057,0.055,1,Dendritic cell
MEF2C,0.06365922871920128,-1.5490296880696448,0.859,0.843,1,Dendritic cell
HIF1AN,0.06366316582127307,-0.1400342540567288,0.336,0.34,1,Dendritic cell
C17orf58,0.06372965455524106,0.3025706578150662,0.051,0.042,1,Dendritic cell
VCPIP1,0.06381734944968488,-0.10182612208435726,0.653,0.643,1,Dendritic cell
C5orf34,0.06401651377280668,0.23066912700848707,0.037,0.03,1,Dendritic cell
TCP1,0.06404572053165213,-0.14376372882599586,0.504,0.503,1,Dendritic cell
MYLIP,0.06433843811833134,0.6443957691205167,0.284,0.301,1,Dendritic cell
ACKR2,0.06445401387426512,0.6156787837218696,0.017,0.012,1,Dendritic cell
MINAR1,0.06446832380545131,-0.6040273172045674,0.023,0.025,1,Dendritic cell
FBXL18,0.06476970560890383,-0.22119480724316276,0.159,0.169,1,Dendritic cell
TMEM17,0.0647913382508346,-0.12589417865956243,0.013,0.012,1,Dendritic cell
ANXA1,0.06480023908299959,26.86409006468466,0.81,0.806,1,Dendritic cell
CABLES2,0.06482976027376205,0.13009493242427927,0.089,0.093,1,Dendritic cell
BBIP1,0.06484556383240209,0.1823680747760732,0.168,0.157,1,Dendritic cell
CWC22,0.06485929622021454,0.23584041589177024,0.367,0.349,1,Dendritic cell
CTSS,0.06490119385009545,-23.177607851830203,0.996,0.996,1,Dendritic cell
MIS12,0.06492467746602602,0.29157500210867127,0.194,0.18,1,Dendritic cell
TBC1D25,0.0649772367362841,0.22281754477146043,0.112,0.1,1,Dendritic cell
CSNK1G1,0.06499209113289353,-0.11969481513790764,0.311,0.297,1,Dendritic cell
GATB,0.06511283314222495,0.15030648595168938,0.203,0.187,1,Dendritic cell
PBX3,0.06518944597431496,0.14898489422298145,0.448,0.426,1,Dendritic cell
MGA,0.06527369220871707,0.1707359049844137,0.442,0.423,1,Dendritic cell
TBC1D32,0.06531678300963252,0.22819676606494887,0.076,0.065,1,Dendritic cell
H2AC25,0.06536278726744948,0.7001653688205899,0.126,0.123,1,Dendritic cell
SYCP2,0.06536554393373584,-0.391350941571599,0.028,0.034,1,Dendritic cell
ALDH3B1,0.06546455452438936,-0.1302731325024875,0.415,0.392,1,Dendritic cell
VIPR2,0.06551159095555531,0.44303869522029427,0.043,0.045,1,Dendritic cell
SLC25A6,0.06575540949349726,-0.1826732963234642,0.266,0.281,1,Dendritic cell
TEDC1,0.06581012443906997,-0.20447850419031632,0.132,0.125,1,Dendritic cell
CCDC7,0.06592299398886857,0.36202124363110477,0.227,0.211,1,Dendritic cell
ZNF367,0.06603079049083471,0.3783557881780535,0.023,0.019,1,Dendritic cell
R3HCC1L,0.0663027757512958,-0.1989416846333029,0.277,0.264,1,Dendritic cell
AAAS,0.06638506399747943,0.2782990825804068,0.396,0.376,1,Dendritic cell
ZNF45,0.06652123486611947,0.194778304792242,0.095,0.083,1,Dendritic cell
ETAA1,0.06657982736602537,-0.20363236700848442,0.182,0.178,1,Dendritic cell
CD3G,0.06660806714433977,-2.9282021132293625,0.09,0.079,1,Dendritic cell
PHF2,0.06665415603866799,0.16517846241814338,0.475,0.461,1,Dendritic cell
AJAP1,0.0667245745415938,-0.9618480653267093,0.073,0.077,1,Dendritic cell
GYPE,0.06687027497876764,0.5811738517599876,0.016,0.011,1,Dendritic cell
EIF3E,0.06702399387911921,-0.19192576917656012,0.589,0.592,1,Dendritic cell
EOLA1,0.06714081800438013,-0.23304790194660763,0.155,0.169,1,Dendritic cell
ARSG,0.0672011491935917,0.24025763923761514,0.267,0.249,1,Dendritic cell
CAPZA2,0.06722775495651706,0.5648884408786436,0.825,0.827,1,Dendritic cell
YPEL5,0.06726675137075269,-4.361006389135973,0.905,0.907,1,Dendritic cell
RNF187,0.06768301390777579,-0.2034248924109514,0.561,0.575,1,Dendritic cell
CMTM6,0.06768451810336318,36.93721565131838,0.941,0.935,1,Dendritic cell
COX6B1,0.06773094191327007,-0.16500260967496816,0.657,0.649,1,Dendritic cell
TBCB,0.06775269964130926,-2.5314119874938488,0.789,0.781,1,Dendritic cell
MX2,0.0678025051534905,1.5531573261138512,0.536,0.546,1,Dendritic cell
ATP2C1,0.06780952874768018,-0.3031724804943119,0.648,0.628,1,Dendritic cell
ROBO3,0.06785690266439941,-0.1750450652652844,0.121,0.13,1,Dendritic cell
BTF3L4,0.06786687135205649,-0.5379601941813927,0.732,0.721,1,Dendritic cell
M6PR,0.06792170682748971,-3.778099754967249,0.917,0.926,1,Dendritic cell
WDR55,0.06804832920935405,-0.4027532830382168,0.374,0.375,1,Dendritic cell
STYXL1,0.0680519784327039,0.16378598547359968,0.2,0.207,1,Dendritic cell
UBXN6,0.06815411596244936,-0.24519622504297578,0.603,0.608,1,Dendritic cell
SPCS1,0.06855925204715385,5.39106431908607,0.874,0.867,1,Dendritic cell
TRIM35,0.06860884921993156,0.2498452437964861,0.228,0.212,1,Dendritic cell
TIMM9,0.06875695516223479,-0.2009098892879546,0.548,0.529,1,Dendritic cell
CEP120,0.06883625093290614,0.1856670698611913,0.46,0.443,1,Dendritic cell
MGAT4B,0.06889200342143093,0.4979154118937923,0.598,0.582,1,Dendritic cell
MEF2A,0.06899258217802429,-5.782176229790272,0.778,0.766,1,Dendritic cell
KMT2D,0.06909387604580078,0.3194024678293004,0.631,0.618,1,Dendritic cell
IDS,0.06912700182495905,4.802986112307513,0.738,0.725,1,Dendritic cell
CD302,0.06916158638506684,1.478230182242367,0.831,0.832,1,Dendritic cell
GEMIN6,0.0692113510300958,-0.1925516695085464,0.198,0.203,1,Dendritic cell
MXI1,0.06929891340140573,-0.44866915986975764,0.18,0.194,1,Dendritic cell
ZFP69B,0.06939231942735072,0.49217537023030067,0.039,0.035,1,Dendritic cell
RAB3D,0.06948679348356238,-0.23380355780124676,0.203,0.218,1,Dendritic cell
TRAF1,0.06957500274059625,13.862768582786785,0.213,0.196,1,Dendritic cell
GLYR1,0.06965437947934772,0.259047090991801,0.535,0.526,1,Dendritic cell
AKR1B1,0.06968208418437598,0.6158553216136959,0.55,0.535,1,Dendritic cell
AMOTL1,0.06973218452282674,-0.14324205598424067,0.072,0.068,1,Dendritic cell
KLHL2,0.06991241160671617,0.22754414145686117,0.287,0.275,1,Dendritic cell
REPIN1,0.07009935351925031,-0.4171394738404315,0.589,0.566,1,Dendritic cell
GINS2,0.07021069334041538,2.5523506371527183,0.009,0.01,1,Dendritic cell
CYP20A1,0.07044338279808128,-0.4946397967810737,0.373,0.36,1,Dendritic cell
TM9SF2,0.07082205445299723,7.567581054894422,0.964,0.969,1,Dendritic cell
ADORA3,0.07083491663485846,-0.15661593756422132,0.082,0.076,1,Dendritic cell
TIMD4,0.07095325357820763,-6.469192352432494,0.015,0.02,1,Dendritic cell
VHL,0.07098903274959971,-2.478747414983097,0.803,0.813,1,Dendritic cell
CHP1,0.07117100009629602,0.31642989466722593,0.764,0.767,1,Dendritic cell
NAXD,0.07127508617316089,0.22439428978003972,0.132,0.119,1,Dendritic cell
ID1,0.07134578726628714,-1.3755830997721077,0.077,0.086,1,Dendritic cell
KCNN4,0.0713881677568561,-0.5652906946845746,0.241,0.224,1,Dendritic cell
AXIN2,0.0713909592463341,0.40263474806115696,0.01,0.007,1,Dendritic cell
TNFRSF14,0.07148702359756848,-0.18928669135246823,0.455,0.462,1,Dendritic cell
GOLGA8B,0.07170860402936267,0.14812328737806407,0.227,0.227,1,Dendritic cell
C12orf57,0.07180324219746226,8.573363429850616,0.605,0.605,1,Dendritic cell
PCCA,0.07194086466532232,0.3955358407912448,0.334,0.314,1,Dendritic cell
IDE,0.07203807735754128,-0.13378407587415886,0.334,0.327,1,Dendritic cell
ATF3,0.0720931051577159,3.167965052367411,0.091,0.105,1,Dendritic cell
SMARCA5,0.07211613021974449,-0.49471981668553777,0.762,0.744,1,Dendritic cell
CMC1,0.07213946386183338,0.5818546258395505,0.268,0.251,1,Dendritic cell
NEK10,0.07224443215340784,-0.15380254344093913,0.011,0.009,1,Dendritic cell
AGPAT2,0.0724854101127133,-0.2208099179497227,0.455,0.472,1,Dendritic cell
RTN1,0.07255183483539213,6.20482806319521,0.643,0.63,1,Dendritic cell
SPATA13,0.07279896195271227,0.6283621971693361,0.271,0.255,1,Dendritic cell
SMS,0.07281208113957491,0.7532610195534826,0.56,0.547,1,Dendritic cell
FLVCR2,0.07287544892246565,-0.24711334707564836,0.079,0.089,1,Dendritic cell
MTURN,0.07296266829497496,-0.7640255758711822,0.304,0.291,1,Dendritic cell
FN3KRP,0.07302511748482649,-0.2817654467757964,0.324,0.311,1,Dendritic cell
RANBP9,0.07312808203865287,0.30298176566393,0.542,0.528,1,Dendritic cell
CAB39L,0.07315059719555946,-0.2962092696141627,0.071,0.075,1,Dendritic cell
PTTG1IP,0.07316871792338744,-1.6426923012591423,0.866,0.867,1,Dendritic cell
TRPM2,0.07328988098002827,-0.45925401767496754,0.21,0.226,1,Dendritic cell
USP24,0.0733976524085294,-3.7218019564355185,0.689,0.687,1,Dendritic cell
DAPK1,0.0736391127699714,2.1768033808676126,0.541,0.561,1,Dendritic cell
LHFPL6,0.07368795017454868,0.27681534588555934,0.095,0.09,1,Dendritic cell
TMC8,0.07370669114563501,1.412965435802831,0.562,0.573,1,Dendritic cell
SLC2A11,0.07376403763248458,0.7135676329238148,0.164,0.155,1,Dendritic cell
RBM45,0.07380807835819145,0.22110304948479909,0.199,0.185,1,Dendritic cell
PITPNC1,0.07381400668761132,-0.37847381465090724,0.364,0.347,1,Dendritic cell
ABHD10,0.07387226194137136,0.44605218797857793,0.565,0.548,1,Dendritic cell
PANK3,0.07409841977260917,-0.3588415794323745,0.55,0.57,1,Dendritic cell
NHERF1,0.07414226190596264,-2.3665734828116776,0.704,0.715,1,Dendritic cell
MAF,0.0742183559157233,-2.516991900438959,0.061,0.055,1,Dendritic cell
ANK3,0.07424368922526883,0.6147878613249711,0.034,0.031,1,Dendritic cell
MCM6,0.07430271314711144,2.571970720891506,0.225,0.209,1,Dendritic cell
TSPAN3,0.07431970738432589,-0.8087764610264649,0.669,0.686,1,Dendritic cell
STK17A,0.07434353730019742,2.9720717263250087,0.311,0.3,1,Dendritic cell
C2orf42,0.07437759318948203,0.30613914686945454,0.112,0.105,1,Dendritic cell
CCDC34,0.07453215219321264,-0.333063700024403,0.02,0.02,1,Dendritic cell
SNRPN,0.0745725020802914,0.31771577560003195,0.468,0.456,1,Dendritic cell
FBXL15,0.07462424048792994,-0.2265823411496437,0.355,0.354,1,Dendritic cell
RBP7,0.07466772615311718,-5.253612853996113,0.042,0.043,1,Dendritic cell
PLEKHN1,0.07469866963891714,0.8300938238620947,0.017,0.014,1,Dendritic cell
ENO2,0.07473752740285997,0.11416625360442412,0.049,0.04,1,Dendritic cell
CAPN5,0.07484398608784903,-0.5767666282297261,0.008,0.013,1,Dendritic cell
MSH6,0.07487253334086734,1.2569035439327887,0.386,0.37,1,Dendritic cell
PTDSS1,0.07500562464855887,-1.5346282393180113,0.765,0.752,1,Dendritic cell
SHISAL2A,0.07501507087064545,0.7136018400811528,0.016,0.012,1,Dendritic cell
AKAP13,0.0750931014323956,0.4038567071289627,0.865,0.864,1,Dendritic cell
RFPL4A,0.07521897897725803,3.4656098868442604,0.008,0.011,1,Dendritic cell
USP28,0.07522718218355079,-0.17884296263179456,0.277,0.296,1,Dendritic cell
PILRA,0.0752348362463931,-0.3025785226729223,0.481,0.477,1,Dendritic cell
FBXW7,0.07525171152215666,-1.3970795294980398,0.791,0.776,1,Dendritic cell
GRB10,0.07527117421459903,0.6335592227953537,0.017,0.012,1,Dendritic cell
GRB2,0.07534712834070338,-1.0278680506880136,0.95,0.955,1,Dendritic cell
PHPT1,0.07534833522803419,-1.1163378184741806,0.624,0.626,1,Dendritic cell
EFR3A,0.07546096607905264,0.5017351039829863,0.675,0.657,1,Dendritic cell
BACH1,0.07547068215893057,-1.779440064212162,0.794,0.78,1,Dendritic cell
SNX11,0.07547070908627425,0.11371515487482417,0.243,0.226,1,Dendritic cell
NUP37,0.0754711193503367,0.25620246397779806,0.272,0.256,1,Dendritic cell
SLC49A4,0.07551232087501508,0.12299708900086914,0.356,0.35,1,Dendritic cell
ELK1,0.07551583470794228,-0.16737267689754876,0.184,0.183,1,Dendritic cell
STX12,0.07559466215171214,0.6891686117440785,0.502,0.484,1,Dendritic cell
PRR7,0.07559527155536462,1.168223376566121,0.075,0.083,1,Dendritic cell
CPEB2,0.07566074067114435,1.0719498347383452,0.26,0.268,1,Dendritic cell
TLR7,0.07585165625729338,-0.8672533145274581,0.469,0.456,1,Dendritic cell
INPP5D,0.07594635430208599,0.9382553887973515,0.778,0.783,1,Dendritic cell
ENOSF1,0.0759638704886039,0.2022076066385785,0.094,0.081,1,Dendritic cell
ITIH4,0.07600008799444492,-0.2080759545527071,0.042,0.045,1,Dendritic cell
ORC3,0.07603924212045463,0.1623731275278203,0.226,0.212,1,Dendritic cell
TENM4,0.07609203542953505,0.38784696387001016,0.089,0.078,1,Dendritic cell
LNPK,0.07618689131949616,0.2004041882030464,0.354,0.34,1,Dendritic cell
MAF1,0.07631284798191057,0.19167894374745043,0.847,0.831,1,Dendritic cell
ZGRF1,0.07634233905627531,0.6583716635982583,0.122,0.109,1,Dendritic cell
TRIM34,0.07636397485748628,0.4974518649343851,0.387,0.373,1,Dendritic cell
ARPC4,0.07638597003451177,-0.2680758834297734,0.957,0.956,1,Dendritic cell
KLHL5,0.0765274635669674,-0.26214641605702305,0.67,0.653,1,Dendritic cell
NDUFA12,0.076611941997113,-1.4341609775305928,0.618,0.603,1,Dendritic cell
DEGS2,0.07662048865492188,0.2622800612921443,0.011,0.008,1,Dendritic cell
PCYT2,0.07670863683387313,-0.3455170321048185,0.191,0.2,1,Dendritic cell
CAND1,0.07699709478521638,-1.4119450168752428,0.696,0.682,1,Dendritic cell
ATP5MF,0.0770108532338623,0.16391464278862777,0.669,0.65,1,Dendritic cell
TRABD,0.07720554842201086,-1.3946178769949569,0.831,0.827,1,Dendritic cell
PIGK,0.07720836397712835,0.34753444314152837,0.415,0.396,1,Dendritic cell
CD68,0.07724332641434037,25.873095585297165,0.902,0.892,1,Dendritic cell
SLC1A5,0.07726439826341441,-7.8615742391887355,0.819,0.831,1,Dendritic cell
KCNJ2,0.07736543897864172,0.3907149050529055,0.025,0.023,1,Dendritic cell
PPP3R1,0.0775890303654488,1.7915748575886337,0.916,0.908,1,Dendritic cell
STX1A,0.0776490586269255,0.4173079046652619,0.013,0.009,1,Dendritic cell
LRATD2,0.07765338231472961,0.5937673806783197,0.017,0.013,1,Dendritic cell
HIPK3,0.07766741215954695,1.4955084893449175,0.892,0.891,1,Dendritic cell
VAV1,0.07769868051872202,0.4851067091895578,0.673,0.687,1,Dendritic cell
ZBTB12,0.07772879625198878,-0.29172775058801914,0.016,0.021,1,Dendritic cell
YKT6,0.0777407715621498,0.4138731314765165,0.644,0.627,1,Dendritic cell
DTWD2,0.07776603987667371,0.30466243907328705,0.154,0.14,1,Dendritic cell
RAD23A,0.07785948033809485,0.13156195078452404,0.674,0.687,1,Dendritic cell
SRPRB,0.07788904702943544,-0.3134446895912386,0.448,0.453,1,Dendritic cell
CCNA2,0.07798501584198111,-0.46680762122847774,0.017,0.016,1,Dendritic cell
KIAA1328,0.07802109419572674,0.23899195418117802,0.168,0.155,1,Dendritic cell
TLR3,0.0781961370490001,-0.2703534972749373,0.065,0.06,1,Dendritic cell
VEZF1,0.07836272479829959,0.4141558540036083,0.691,0.688,1,Dendritic cell
MECP2,0.07841401462809046,0.13712501958083667,0.422,0.428,1,Dendritic cell
SMG6,0.07845288667196733,-0.12329902991664632,0.188,0.203,1,Dendritic cell
HUS1,0.0785833583056835,0.3220177491739826,0.515,0.499,1,Dendritic cell
USP38,0.0786871481204546,-0.22974508257511816,0.481,0.499,1,Dendritic cell
SLC15A4,0.07871961970297058,-7.162201326734802,0.588,0.577,1,Dendritic cell
COX5B,0.07876991416834314,-0.5020601947654528,0.737,0.733,1,Dendritic cell
IL16,0.07877661089875018,0.38511935761643556,0.929,0.931,1,Dendritic cell
ROCK1,0.0787899920199541,-0.8185213018314075,0.848,0.833,1,Dendritic cell
ACBD6,0.07883459550714271,0.5765596144089862,0.518,0.51,1,Dendritic cell
UBE2B,0.07890011685789375,0.18776900651636996,0.675,0.663,1,Dendritic cell
L3MBTL4,0.07890284240853636,0.2477927178276076,0.045,0.044,1,Dendritic cell
RCBTB2,0.07896948265475044,-0.2681853552036797,0.362,0.357,1,Dendritic cell
FAM83H,0.078993899389883,0.24466000500751495,0.04,0.032,1,Dendritic cell
PSMC3,0.07900502465286828,0.11130891896395359,0.362,0.35,1,Dendritic cell
PROSER3,0.07902940019868569,-0.14151969867419045,0.119,0.121,1,Dendritic cell
ARL4C,0.07904403105617806,0.6798429331088869,0.729,0.748,1,Dendritic cell
CERT1,0.07906938914193323,0.42603690236125313,0.749,0.74,1,Dendritic cell
IRF4,0.07930205085003422,-50.57613914118643,0.674,0.664,1,Dendritic cell
GATAD1,0.0793384176908188,0.14640183408715535,0.444,0.426,1,Dendritic cell
SLC25A32,0.07934443177940623,-0.15122215042507764,0.339,0.351,1,Dendritic cell
PANK2,0.07949153476756823,-0.1614949533450858,0.162,0.166,1,Dendritic cell
FPGT,0.07964423065212378,0.19382751020595898,0.266,0.25,1,Dendritic cell
SPRY3,0.0796467876898528,0.2957150176274883,0.06,0.055,1,Dendritic cell
GPR35,0.07974887479411057,-0.24347507593444484,0.316,0.333,1,Dendritic cell
NKG7,0.07978950099860048,-10.190321654864874,0.26,0.271,1,Dendritic cell
HIF1A,0.07980622308827917,-0.508732167792886,0.54,0.55,1,Dendritic cell
HSP90B1,0.07981215678413846,-8.704693333268619,0.8,0.802,1,Dendritic cell
VPS39,0.07996076557402577,0.2019429035485789,0.624,0.605,1,Dendritic cell
CCDC102B,0.0800407971465566,0.6464312674234194,0.078,0.074,1,Dendritic cell
DRAP1,0.08009338314623962,3.3695733275169033,0.912,0.902,1,Dendritic cell
LRR1,0.08015440334276798,0.20118951139242036,0.183,0.178,1,Dendritic cell
OMG,0.08025021038270656,0.15514052152924052,0.015,0.016,1,Dendritic cell
PAIP2,0.08026464363096159,-0.11185953407714433,0.446,0.449,1,Dendritic cell
STRADB,0.08030708038604437,0.12108194267387751,0.186,0.171,1,Dendritic cell
BABAM2,0.08040828202102128,-0.17312078000211972,0.451,0.43,1,Dendritic cell
DNAJC16,0.08042700781589625,-0.1474426742308701,0.144,0.143,1,Dendritic cell
HSF5,0.08052979450964846,-0.1816616993052813,0.011,0.011,1,Dendritic cell
RASA3,0.08070986541265655,-2.740926696235068,0.364,0.346,1,Dendritic cell
ATP6V1F,0.08080673999154094,-0.18808659613097545,0.494,0.482,1,Dendritic cell
OSER1,0.08084763161909746,-0.38846439899488017,0.447,0.457,1,Dendritic cell
NINJ1,0.080892991969158,0.9604894689578236,0.241,0.258,1,Dendritic cell
FTH1,0.08097743196736981,2.720264277522432,0.987,0.987,1,Dendritic cell
MAGOHB,0.08099314341657757,0.1878724313895761,0.094,0.084,1,Dendritic cell
MZT1,0.08108558236897925,-0.3415898831454195,0.365,0.345,1,Dendritic cell
C1orf21,0.08116252561005509,-0.28850230204489913,0.107,0.104,1,Dendritic cell
RALGAPB,0.08121268853319208,0.1143977979464128,0.55,0.533,1,Dendritic cell
ITGA2B,0.08122826224542828,2.2831229439831056,0.031,0.024,1,Dendritic cell
KDM4C,0.08131710397718252,0.40361069172240516,0.632,0.63,1,Dendritic cell
MFSD11,0.0813259030865489,-0.16870332899753307,0.307,0.294,1,Dendritic cell
WNT6,0.0813760035044996,-0.47463653352556623,0.026,0.03,1,Dendritic cell
MED7,0.0814062677599154,0.135690888864893,0.199,0.188,1,Dendritic cell
GMPPB,0.0814456162813303,0.9963795055488682,0.34,0.328,1,Dendritic cell
RASGRF1,0.08157575653632643,0.6925538228697175,0.021,0.015,1,Dendritic cell
GHDC,0.0817458471048357,0.18821004783673878,0.155,0.141,1,Dendritic cell
HK1,0.08179631196480623,-0.24125506232841687,0.653,0.636,1,Dendritic cell
PF4,0.08183705872980511,-26.811366269322455,0.042,0.035,1,Dendritic cell
IL23A,0.08186758442298665,0.34678848749075897,0.024,0.018,1,Dendritic cell
BLOC1S1,0.08189888743698324,1.3056857522962275,0.87,0.864,1,Dendritic cell
KLHL15,0.08204312606130212,0.10487793142977767,0.237,0.254,1,Dendritic cell
TAB2,0.08212909751422544,0.6911242698946154,0.909,0.899,1,Dendritic cell
TXNIP,0.08223599160565155,35.78902736245297,0.993,0.994,1,Dendritic cell
PDE3B,0.08239326537433195,0.24786448311311446,0.169,0.163,1,Dendritic cell
TMEM150B,0.08246669337760847,-0.16652997943313963,0.019,0.025,1,Dendritic cell
APBB1IP,0.08253846227955178,-0.5886337852938084,0.96,0.957,1,Dendritic cell
DDX24,0.08257534404328218,-0.20108690483681402,0.646,0.628,1,Dendritic cell
SLC7A1,0.08265572925338834,0.32924154417284046,0.243,0.236,1,Dendritic cell
CRTC2,0.0827734294904353,-0.32738289897239836,0.633,0.618,1,Dendritic cell
LIAS,0.08281936669284828,0.11221068730276942,0.237,0.22,1,Dendritic cell
BCOR,0.08284096660334518,1.5732502664939934,0.495,0.483,1,Dendritic cell
DNAJC4,0.08284692413130243,-0.6428553260259235,0.646,0.651,1,Dendritic cell
ITSN2,0.08294756021905583,-0.6101645321108764,0.81,0.806,1,Dendritic cell
CCDC18,0.08312116604672268,0.11440777016599468,0.166,0.154,1,Dendritic cell
DNAJC13,0.08312691343998063,-1.6731496269769597,0.683,0.669,1,Dendritic cell
RHOG,0.08314114995447236,1.3612050939677474,0.903,0.891,1,Dendritic cell
EIF6,0.0831751443678941,-0.35788584694914594,0.694,0.677,1,Dendritic cell
USP10,0.08325691641140132,1.5875785536675657,0.714,0.696,1,Dendritic cell
ZNF850,0.08328997748984965,0.24363766129272868,0.033,0.026,1,Dendritic cell
MTF2,0.08354280798807467,-0.1924154756313583,0.432,0.412,1,Dendritic cell
TUSC2,0.08364327476567693,0.1628061583818221,0.259,0.245,1,Dendritic cell
CBLN3,0.08369929976873285,0.5544825896776535,0.032,0.027,1,Dendritic cell
FCGR3A,0.08370617136362385,7.617899544442864,0.043,0.035,1,Dendritic cell
PAXIP1,0.0837488160330414,0.14992021255006371,0.212,0.211,1,Dendritic cell
WDFY1,0.08378000704440293,-0.22509083111473283,0.394,0.399,1,Dendritic cell
TRIM63,0.08380329236363303,0.9197421760983246,0.01,0.006,1,Dendritic cell
GTF2H3,0.08383629570160324,0.2903078896713782,0.365,0.348,1,Dendritic cell
SPACDR,0.08385375825981019,-0.31046214532291394,0.029,0.036,1,Dendritic cell
CLU,0.08388029744220013,-3.0088322599905126,0.046,0.037,1,Dendritic cell
ZNF669,0.08397482270441728,-0.16578284486579875,0.093,0.091,1,Dendritic cell
ANO5,0.08406106918661974,0.25309053852764407,0.044,0.036,1,Dendritic cell
CNKSR2,0.08412770773502305,0.3309936253668475,0.013,0.013,1,Dendritic cell
RASD1,0.08413390433575138,-8.759518817612973,0.074,0.084,1,Dendritic cell
NSL1,0.08416149721174879,0.1282262771234306,0.614,0.602,1,Dendritic cell
NSFL1C,0.0842051395167189,0.11240274028119668,0.572,0.585,1,Dendritic cell
FBXO32,0.08424571276822061,-0.4458900067965601,0.046,0.044,1,Dendritic cell
TUBB,0.08425621210657634,5.675740012102878,0.359,0.347,1,Dendritic cell
ARSD,0.08433385017828392,-0.1257143859755571,0.261,0.246,1,Dendritic cell
OLFML2A,0.08452954424926087,-0.3206008874712143,0.076,0.067,1,Dendritic cell
OR3A3,0.084635312440652255,-0.6672784929752273,0.015,0.019,1,Dendritic cell
ISG20,0.08463597010087244,-4.291306561756265,0.229,0.214,1,Dendritic cell
JMJD4,0.08477270065522459,0.21308890177534323,0.164,0.152,1,Dendritic cell
EXOG,0.08479751290752562,0.1212600432118549,0.024,0.02,1,Dendritic cell
DCTPP1,0.08484264557016803,0.23318008889477837,0.342,0.332,1,Dendritic cell
RIOK2,0.08487814800739582,0.14416381786914595,0.294,0.282,1,Dendritic cell
GLMN,0.0848871092335876,0.158749280068476,0.232,0.215,1,Dendritic cell
CTSH,0.08500520435665798,-5.808100710089398,0.842,0.838,1,Dendritic cell
CMTM2,0.08510571042256228,0.4654232462465435,0.013,0.009,1,Dendritic cell
ATP6V0C,0.08517944422375738,-0.4772280320707818,0.72,0.723,1,Dendritic cell
CYBB,0.0853649243988837,4.232345492786635,0.928,0.928,1,Dendritic cell
ACP5,0.08549913011719878,-1.1746097417532448,0.137,0.14,1,Dendritic cell
TERF2IP,0.08551214193179817,0.2067649758418857,0.676,0.663,1,Dendritic cell
UCHL5,0.08555803507222437,-0.12709789804582683,0.355,0.349,1,Dendritic cell
CFAP418,0.08563515133754696,0.25005959686841805,0.054,0.046,1,Dendritic cell
CTDSPL,0.08567642644533921,0.504091967809611,0.014,0.018,1,Dendritic cell
APRT,0.08573798638228823,-0.3440009999199045,0.829,0.814,1,Dendritic cell
TNRC6C,0.0857597965478462,0.28837139220052044,0.134,0.126,1,Dendritic cell
NUDT7,0.08577426270116588,0.18668914659810643,0.106,0.097,1,Dendritic cell
IGFBP7,0.0857827739785058,2.4220770888784595,0.482,0.482,1,Dendritic cell
ZNF883,0.08583520069806783,0.3232650084555413,0.012,0.009,1,Dendritic cell
IL1B,0.08594472519315864,-5.865245245427939,0.185,0.174,1,Dendritic cell
MDM1,0.0860186109819488,-0.25781110424450576,0.172,0.159,1,Dendritic cell
FCRL6,0.08607384343115068,3.2552185366225066,0.094,0.081,1,Dendritic cell
AGAP3,0.08619741772046069,-0.14713387810978146,0.223,0.228,1,Dendritic cell
APOA1,0.08630286108432222,-0.7872687169549444,0.015,0.02,1,Dendritic cell
TIPARP,0.08664866316631996,-1.6760565336995716,0.321,0.322,1,Dendritic cell
METAP1D,0.08669287827543008,-0.4269600722214886,0.02,0.026,1,Dendritic cell
DENND2D,0.08690596722180878,0.6773371790321013,0.251,0.236,1,Dendritic cell
RILPL1,0.08693358750641311,-0.6287056768052537,0.01,0.014,1,Dendritic cell
DGAT2,0.0869687640338874,-0.9094891343273427,0.104,0.112,1,Dendritic cell
FYB1,0.08696883248735658,2.83864869055742,0.837,0.828,1,Dendritic cell
JMJD1C,0.08699481049048832,0.12888812328420762,0.855,0.855,1,Dendritic cell
SKI,0.08705187924384225,-0.5880334751598748,0.422,0.44,1,Dendritic cell
CLEC4E,0.08714029541132548,-2.142995339797043,0.147,0.135,1,Dendritic cell
GAB2,0.08739403976662448,-0.4594033354101237,0.492,0.514,1,Dendritic cell
U2SURP,0.0875891262520374,1.7889254917406303,0.762,0.767,1,Dendritic cell
ANXA9,0.08760458741103581,-0.3563600770563209,0.017,0.023,1,Dendritic cell
GPRC5C,0.08764825658507712,0.43824344459219633,0.059,0.05,1,Dendritic cell
LRRN3,0.08768507603723986,-0.6477832776286871,0.02,0.017,1,Dendritic cell
SH2D1B,0.08773509195822382,-0.40732633598033585,0.017,0.012,1,Dendritic cell
ADTRP,0.0877909838204064,0.18228420947291113,0.011,0.008,1,Dendritic cell
MIDN,0.0880500990261944,1.0053057784746233,0.666,0.681,1,Dendritic cell
SIN3A,0.08838280837101462,0.9947888211927993,0.628,0.62,1,Dendritic cell
DAP,0.08841424198997387,-0.37562792252780586,0.735,0.73,1,Dendritic cell
SYMPK,0.08851913123883659,0.26369476586192864,0.702,0.684,1,Dendritic cell
GSPT2,0.08853248963826851,0.14021112588366724,0.231,0.214,1,Dendritic cell
LPCAT2,0.08870407401736718,-0.32701534028428547,0.553,0.56,1,Dendritic cell
DIS3,0.08884749549439996,0.16202503342967467,0.479,0.491,1,Dendritic cell
RPAP3,0.08886825811971251,0.15866885454682755,0.548,0.541,1,Dendritic cell
AKNA,0.08932394753579338,-0.7292830240597254,0.962,0.955,1,Dendritic cell
CCNE1,0.08939952924071422,0.29835947824067155,0.018,0.014,1,Dendritic cell
ZNF799,0.08975189131887551,-0.20669158331065685,0.051,0.051,1,Dendritic cell
CLASRP,0.08976050208772887,1.696791855931906,0.727,0.724,1,Dendritic cell
UNG,0.08980876856817593,0.17700718579138108,0.052,0.044,1,Dendritic cell
APOBEC3D,0.08985815647625933,0.3229854585504137,0.067,0.066,1,Dendritic cell
SFSWAP,0.08993594667090703,-0.12116394899970229,0.358,0.345,1,Dendritic cell
IFNGR2,0.08998457812455159,-3.9240047549762647,0.736,0.72,1,Dendritic cell
PNRC1,0.09008394447171862,25.873482200731075,0.995,0.994,1,Dendritic cell
EIF4A3,0.0900954912984499,-0.2837914121364893,0.79,0.803,1,Dendritic cell
IGF2R,0.0902784820368841,0.26282620225080366,0.313,0.309,1,Dendritic cell
SSNA1,0.09034922581949119,-0.19023218285574484,0.378,0.36,1,Dendritic cell
RFC2,0.09040748551256916,-0.17411994729692876,0.247,0.229,1,Dendritic cell
IQCE,0.09049024143708699,-0.4358686462099943,0.276,0.273,1,Dendritic cell
GPALPP1,0.09057194606587432,0.22239886278115117,0.389,0.378,1,Dendritic cell
FAM131B,0.09063447187296811,-1.0954680501473355,0.014,0.019,1,Dendritic cell
OVGP1,0.09083101497067154,-0.2690662045838166,0.033,0.034,1,Dendritic cell
SATB1,0.09084921650180526,9.614960269432068,0.769,0.782,1,Dendritic cell
STAU2,0.09094575475725938,-0.3113739617922393,0.716,0.704,1,Dendritic cell
COMMD1,0.09097856576172188,0.30999356160232905,0.515,0.503,1,Dendritic cell
FUS,0.09103484475833493,-0.1126004189510792,0.556,0.539,1,Dendritic cell
GTF2A1,0.09106202512916554,0.3122303036237515,0.471,0.464,1,Dendritic cell
ATP6V0D1,0.09107506609947831,-0.9543548578772159,0.816,0.826,1,Dendritic cell
MGST3,0.09110133839552115,0.5890477773947174,0.628,0.61,1,Dendritic cell
DHCR7,0.09120560095013472,-0.72237591496747,0.054,0.057,1,Dendritic cell
NT5C2,0.09131953291466767,-0.1358099226400884,0.593,0.609,1,Dendritic cell
CTC1,0.09144874151681917,0.195181904254778,0.099,0.092,1,Dendritic cell
KLHL11,0.09147055319302941,-0.2647817882406889,0.057,0.06,1,Dendritic cell
ATG14,0.09147155991085541,-0.1636148898785037,0.312,0.33,1,Dendritic cell
FLCN,0.09155298809327825,0.2651387089757543,0.247,0.23,1,Dendritic cell
ATP8B4,0.09165426938507448,0.577389021964354,0.523,0.515,1,Dendritic cell
ABHD5,0.09183115579132008,-0.38614297024407546,0.195,0.201,1,Dendritic cell
SLC15A3,0.09183928273313213,4.423351457353206,0.754,0.74,1,Dendritic cell
CLPTM1L,0.09185529468677998,-0.23124118563294305,0.678,0.68,1,Dendritic cell
THEMIS,0.09191492603612446,0.3438571659568863,0.061,0.053,1,Dendritic cell
MS4A4A,0.09201565606484285,-0.10136735878730141,0.242,0.23,1,Dendritic cell
PAQR7,0.09212976027827384,0.1507743580490229,0.216,0.203,1,Dendritic cell
DOCK1,0.09214507065731418,0.35298981886963987,0.113,0.121,1,Dendritic cell
ATP6V0E1,0.09217501638576842,0.3929998647877486,0.913,0.903,1,Dendritic cell
SMARCE1,0.0921953272225574,-0.15974412064892962,0.587,0.577,1,Dendritic cell
BUB1B,0.0922381915569967,0.5265842157698257,0.021,0.024,1,Dendritic cell
RBM15,0.09228189681996428,0.5724292614068389,0.496,0.49,1,Dendritic cell
RELL2,0.09228455000276266,-0.20526792799903593,0.082,0.086,1,Dendritic cell
PSMG1,0.09228998150010191,0.17525822191660004,0.289,0.276,1,Dendritic cell
HYOU1,0.09244347239594004,4.673454518527877,0.552,0.572,1,Dendritic cell
BMP2K,0.09251588493287934,13.12535977903691,0.51,0.498,1,Dendritic cell
NBR1,0.09256975565071619,0.2722747585748637,0.661,0.657,1,Dendritic cell
ABR,0.09267013954648995,0.7274404302324391,0.614,0.616,1,Dendritic cell
MT-ND3,0.09283291972703692,-10.462807474774635,0.974,0.97,1,Dendritic cell
BBS10,0.09316052015313521,0.2482896669172017,0.234,0.218,1,Dendritic cell
SPCS3,0.09321155731686134,-0.4300212752661139,0.798,0.784,1,Dendritic cell
SREBF2,0.09329260429850628,-2.4149650188568756,0.624,0.638,1,Dendritic cell
PLAC8,0.09348539293927094,-9.343400835315705,0.679,0.685,1,Dendritic cell
MPZ,0.09373814398253753,0.23453923997643944,0.044,0.036,1,Dendritic cell
ZC3H8,0.09377234887156385,-0.18992921363963933,0.152,0.153,1,Dendritic cell
NKRF,0.09380963078225363,-0.14815736333221408,0.231,0.219,1,Dendritic cell
AGK,0.09400016948991485,0.264523816610694,0.217,0.212,1,Dendritic cell
LEO1,0.09408454101051518,0.22420467297083635,0.366,0.354,1,Dendritic cell
CXXC1,0.0940850322639633,0.40886007762706966,0.456,0.449,1,Dendritic cell
DENND6B,0.09411956811458908,-0.11255840134673267,0.147,0.145,1,Dendritic cell
CHKA,0.09416799608110471,-0.26428863553646,0.264,0.266,1,Dendritic cell
SFR1,0.09433328525074235,0.45945924981848574,0.019,0.014,1,Dendritic cell
ACSS2,0.09441320586300944,0.4066703990685112,0.461,0.459,1,Dendritic cell
KLLN,0.09459660570732635,0.27285693358790475,0.014,0.01,1,Dendritic cell
MSTO1,0.09459905032104907,-0.32635300849965476,0.261,0.247,1,Dendritic cell
REPS2,0.09461050601770998,-0.26737907456740884,0.268,0.268,1,Dendritic cell
SAMD13,0.09482937450885207,0.3120514009383162,0.029,0.023,1,Dendritic cell
ZRANB1,0.09491429690961438,0.42713861497609007,0.442,0.441,1,Dendritic cell
GNG11,0.0952053028965114,-11.284547433125415,0.097,0.085,1,Dendritic cell
MRRF,0.09525618204443248,0.14190470149817722,0.275,0.276,1,Dendritic cell
KCNRG,0.09533757311968923,0.4318033951868072,0.016,0.013,1,Dendritic cell
GNLY,0.09535940938123785,-15.962851482818635,0.097,0.092,1,Dendritic cell
PNKD,0.09538634063810544,-0.11558281191883069,0.33,0.327,1,Dendritic cell
PORCN,0.09546435849678597,-0.24547037210076383,0.135,0.128,1,Dendritic cell
ZNF135,0.09552800432537752,-0.25088055088054695,0.025,0.025,1,Dendritic cell
MSL3,0.09553278751000684,-0.13499866153293505,0.084,0.085,1,Dendritic cell
TP53INP2,0.09553510970675709,-0.24569820920699748,0.037,0.045,1,Dendritic cell
LDAH,0.09557055995612761,-0.12421482705994963,0.279,0.264,1,Dendritic cell
TMCO6,0.0955985771349538,0.21100580555088078,0.107,0.095,1,Dendritic cell
PLD3,0.0956278886923231,1.5417462526848045,0.792,0.791,1,Dendritic cell
RAB10,0.09573054865819375,35.11659083821307,0.919,0.914,1,Dendritic cell
NAXE,0.09577480983159914,0.13167891921712543,0.314,0.297,1,Dendritic cell
H1-5,0.09584000488867533,196.1114970246027,0.562,0.58,1,Dendritic cell
ARHGAP10,0.09589458853983629,16.48288890360884,0.233,0.223,1,Dendritic cell
CYP1B1,0.09591607261692538,-1.256522044217236,0.03,0.031,1,Dendritic cell
LMO2,0.09593748747131577,-4.6723299257239965,0.744,0.74,1,Dendritic cell
S100A9,0.09612174519942349,24.430787159932606,0.713,0.727,1,Dendritic cell
RCC1,0.0961701331524507,-0.23721427823727043,0.267,0.283,1,Dendritic cell
SWI5,0.09631126385476453,0.16318036975046124,0.166,0.16,1,Dendritic cell
ZNF180,0.09633520776079581,0.2827810539596227,0.098,0.09,1,Dendritic cell
COX18,0.09640272786941846,0.14333844945295482,0.336,0.323,1,Dendritic cell
ATG9A,0.09663530368107702,-0.15428468550998933,0.256,0.266,1,Dendritic cell
HDDC2,0.09667030951766477,-1.1656032973327606,0.293,0.279,1,Dendritic cell
CFLAR,0.09680133260386023,8.551722569357004,0.87,0.871,1,Dendritic cell
XPO7,0.09685109832514412,0.13847983724713442,0.415,0.397,1,Dendritic cell
EVA1C,0.0968615017604403,0.18302349286268882,0.019,0.019,1,Dendritic cell
DDX59,0.09690075162548624,0.20212854111887513,0.38,0.363,1,Dendritic cell
ATAD3B,0.0969855866886009,-0.16557194343304094,0.116,0.126,1,Dendritic cell
PPP1R9B,0.09704455488207636,0.3816447781242296,0.98,0.983,1,Dendritic cell
PPP2R5E,0.09709488653541519,0.43119949264501933,0.62,0.601,1,Dendritic cell
SIRT2,0.09719503577161778,-0.11930790766865185,0.424,0.432,1,Dendritic cell
MAN2A2,0.09721654481989135,0.3397221030338575,0.615,0.626,1,Dendritic cell
DDX42,0.09722553149798106,-0.18515396046307342,0.496,0.478,1,Dendritic cell
ATM,0.09729218392612049,0.20004431563345548,0.824,0.815,1,Dendritic cell
ACO1,0.09733083786555752,0.11841636305470904,0.129,0.117,1,Dendritic cell
MAP4K4,0.097406342980559,-0.2124446255498098,0.593,0.585,1,Dendritic cell
PDP1,0.09745399619809302,-0.17758963241462844,0.374,0.36,1,Dendritic cell
GZMK,0.09750900299524694,6.1894235169700895,0.023,0.023,1,Dendritic cell
EIF4A2,0.09765169905476018,0.5661694067117846,0.786,0.8,1,Dendritic cell
BCKDHB,0.09768533076683233,0.18584285121324895,0.196,0.182,1,Dendritic cell
POLR3F,0.09774168016389634,-0.13842806409281494,0.185,0.189,1,Dendritic cell
CHI3L2,0.0978673796835486,0.3102718560015969,0.018,0.014,1,Dendritic cell
SIGLEC7,0.09795009382377112,0.2480909729092695,0.262,0.243,1,Dendritic cell
GMNN,0.09804747002287145,0.4256950591464761,0.108,0.106,1,Dendritic cell
RAB28,0.0981825509163512,-0.15186985646597484,0.193,0.186,1,Dendritic cell
DENND10,0.09839648634976539,0.4051458769206584,0.556,0.538,1,Dendritic cell
ARL13B,0.09849201798501832,0.10983178682636363,0.1,0.09,1,Dendritic cell
CCDC85B,0.09855984359552437,-0.20765864637155196,0.525,0.512,1,Dendritic cell
CD300LF,0.09856547867764472,0.577836605372192,0.571,0.58,1,Dendritic cell
ZFP64,0.09858039963671406,0.10553601665879753,0.223,0.206,1,Dendritic cell
MKKS,0.0987065223729223,0.4404888772057227,0.343,0.323,1,Dendritic cell
ZZEF1,0.09878151223901299,-0.1355666445886965,0.526,0.511,1,Dendritic cell
ANP32B,0.09881582610658593,-0.3419061952321567,0.529,0.53,1,Dendritic cell
MFSD2A,0.0989306348725189,0.3912079293761551,0.184,0.182,1,Dendritic cell
MTFR2,0.0990472484188467,0.20277265331259775,0.043,0.036,1,Dendritic cell
DDX6,0.09911029222984558,-0.4396221220610439,0.856,0.846,1,Dendritic cell
ATG7,0.0991832147543553,0.5776355217110805,0.551,0.534,1,Dendritic cell
FAM53A,0.09938409164528395,0.41460249270507576,0.038,0.03,1,Dendritic cell
QSER1,0.09949451408461885,-0.23432296487229776,0.55,0.532,1,Dendritic cell
ITPRID2,0.09953190055859013,0.21887515554064008,0.626,0.615,1,Dendritic cell
DNAAF4,0.09956330503744622,0.4721131357297734,0.022,0.018,1,Dendritic cell
MAN1A2,0.0997905350508464,0.47860636036052195,0.498,0.488,1,Dendritic cell
TOP1MT,0.10007878043175843,-0.2566493786270634,0.533,0.551,1,Dendritic cell
SZRD1,0.10009654116532393,-0.14255038557973299,0.581,0.588,1,Dendritic cell
SPAG7,0.1001184675365726,-0.2964875202965569,0.694,0.709,1,Dendritic cell
LSM7,0.1001606925420007,-0.47108563480175514,0.649,0.66,1,Dendritic cell
IER5L,0.10023718679583991,-1.6743266507785046,0.15,0.161,1,Dendritic cell
RABEP2,0.10039097626009945,0.4082673221891084,0.318,0.303,1,Dendritic cell
C11orf65,0.10047901333555076,-0.32501496559927556,0.011,0.012,1,Dendritic cell
TRAPPC13,0.10058727690044714,0.20351292521202025,0.319,0.308,1,Dendritic cell
SLC25A44,0.10075263039810928,0.1876203455125265,0.41,0.395,1,Dendritic cell
ING5,0.10093638475579922,-0.1994572127757811,0.186,0.19,1,Dendritic cell
TMEM50B,0.10095116040713908,0.3789214012552904,0.478,0.462,1,Dendritic cell
ZNF25,0.10096770576375383,0.22283221613911597,0.197,0.192,1,Dendritic cell
GDI2,0.10109763154482247,-0.3722058241328221,0.5,0.502,1,Dendritic cell
CTSA,0.10120894215746708,-1.9101066249873249,0.691,0.681,1,Dendritic cell
PCGF6,0.10122500440030274,-0.37329393653845333,0.141,0.128,1,Dendritic cell
QKI,0.10126996310092505,-3.5776810963577557,0.957,0.962,1,Dendritic cell
UBE2M,0.10135467471001583,-0.18027579402260074,0.184,0.194,1,Dendritic cell
NDUFS2,0.10144821342110624,-0.1250290028704839,0.726,0.719,1,Dendritic cell
ZWILCH,0.10157886945487993,0.2608840455348975,0.093,0.085,1,Dendritic cell
KIAA0825,0.10167698831651001,0.17877105074686606,0.137,0.124,1,Dendritic cell
FARP2,0.10168250038668902,0.5851544795976713,0.354,0.344,1,Dendritic cell
OTOA,0.1017966729186923,-0.7918428389838761,0.013,0.016,1,Dendritic cell
TMX1,0.10181773532455908,-0.42330941064999283,0.741,0.746,1,Dendritic cell
TNFRSF17,0.10185568064717028,1.01916727184382,0.069,0.074,1,Dendritic cell
DOCK9,0.10202759750296556,0.48167537549611583,0.042,0.035,1,Dendritic cell
METTL2A,0.10208242731993783,0.15375117909954472,0.162,0.149,1,Dendritic cell
FTL,0.10209295697684326,110.35509622481119,0.985,0.986,1,Dendritic cell
NEK11,0.10210832914624066,0.4262423186770219,0.024,0.021,1,Dendritic cell
ZNF292,0.10220827837615647,0.10434828132463414,0.497,0.512,1,Dendritic cell
ANKHD1,0.1024002958788562,0.39990984600908597,0.809,0.798,1,Dendritic cell
RNF125,0.10257263048404713,0.2660993008651866,0.637,0.649,1,Dendritic cell
PLK4,0.10258411103363542,0.40827833451644135,0.029,0.024,1,Dendritic cell
UTRN,0.10264006262463746,-1.1436811553354964,0.803,0.797,1,Dendritic cell
HNRNPL,0.10265496556540432,0.21668716023968138,0.87,0.86,1,Dendritic cell
TAOK3,0.10268117123386582,-0.8129758879039359,0.775,0.76,1,Dendritic cell
MIF,0.10277425817194778,0.8039343854800229,0.776,0.762,1,Dendritic cell
SCYL3,0.10285671591719436,0.44000539758838664,0.294,0.277,1,Dendritic cell
PRR14L,0.10292295350961385,-0.1731948913096033,0.52,0.502,1,Dendritic cell
TASOR2,0.10315182829565711,0.11213748832334391,0.48,0.465,1,Dendritic cell
HSD17B13,0.10322311690516572,0.3440650258072222,0.029,0.024,1,Dendritic cell
NENF,0.10327180389157596,0.10359581454812461,0.527,0.508,1,Dendritic cell
AIFM3,0.10332693886727407,-0.2943868980935752,0.223,0.225,1,Dendritic cell
UBTD2,0.1033719188700511,-0.3381667306615337,0.398,0.395,1,Dendritic cell
ENOX1,0.10352546722388585,-2.311482133739816,0.014,0.016,1,Dendritic cell
ANKRD28,0.10352993142232922,-0.9004444937079212,0.206,0.202,1,Dendritic cell
PDIA4,0.10363580827662668,-0.33199776392530705,0.2,0.206,1,Dendritic cell
SARS2,0.10366742743289468,-0.1446331407372219,0.132,0.13,1,Dendritic cell
NUP42,0.1036803789173102,-0.21219995625249033,0.499,0.509,1,Dendritic cell
MESD,0.103731597791971,0.1038857632598289,0.427,0.435,1,Dendritic cell
LRRC24,0.10375452520177905,-0.37959341681427183,0.024,0.03,1,Dendritic cell
HDHD3,0.10376049605510827,0.27834739407330666,0.167,0.156,1,Dendritic cell
POP4,0.10378989925159461,0.28169045768965995,0.439,0.429,1,Dendritic cell
APH1A,0.10388211481887728,-0.7585198596994855,0.776,0.763,1,Dendritic cell
UQCRB,0.1039711164569218,-0.20056725719031787,0.682,0.694,1,Dendritic cell
BMAL1,0.10399834853185395,-0.1537767864751597,0.206,0.191,1,Dendritic cell
NBDY,0.10400921465374346,-0.14272294829021392,0.16,0.169,1,Dendritic cell
POT1,0.10440053192206426,0.14791192809113968,0.288,0.27,1,Dendritic cell
KMT5B,0.1044562553343173,-0.36115203127465056,0.668,0.652,1,Dendritic cell
RAC2,0.104496272928182,1.9482950226455706,0.916,0.926,1,Dendritic cell
TMEM131L,0.10462897082124435,0.555971991716044,0.597,0.578,1,Dendritic cell
SAMHD1,0.10490211781559708,-6.209023657984332,0.998,0.999,1,Dendritic cell
SMIM29,0.10495705501792611,-0.27246930779488776,0.266,0.259,1,Dendritic cell
GALNT3,0.10503908113840066,-0.23279206593479063,0.367,0.349,1,Dendritic cell
ALDH16A1,0.10513284976948402,-0.12339050835857757,0.504,0.487,1,Dendritic cell
CCDC22,0.10514444997939967,-0.25453723692312236,0.213,0.213,1,Dendritic cell
NBN,0.1051653359019791,0.17120998046711033,0.582,0.569,1,Dendritic cell
SEMA4C,0.1052106852763661,-1.036776818188647,0.072,0.062,1,Dendritic cell
CLEC4F,0.10541016354069281,2.520359366145362,0.051,0.045,1,Dendritic cell
EVC,0.10544221416241197,-0.37046799742431524,0.019,0.02,1,Dendritic cell
ATP10A,0.10545864413610888,-0.45128695946194197,0.249,0.236,1,Dendritic cell
LYSMD2,0.10552602946617093,0.24719191479832414,0.636,0.623,1,Dendritic cell
NQO1,0.1055324011452996,-0.26030950080643755,0.021,0.022,1,Dendritic cell
APC,0.1056234832939523,-0.1612932317506146,0.421,0.409,1,Dendritic cell
EXOSC1,0.10588887708820045,-0.15978099621104036,0.334,0.325,1,Dendritic cell
CDK13,0.10592559498513206,-0.1544148208917342,0.653,0.639,1,Dendritic cell
CCNY,0.1059300842785769,-0.6358174299053978,0.868,0.855,1,Dendritic cell
PKP4,0.10595259114264956,0.1439936736436933,0.061,0.062,1,Dendritic cell
ZNF518B,0.106012255473332,-0.13651907272239217,0.241,0.231,1,Dendritic cell
KIF3C,0.10604612073394248,-0.4436807441904822,0.022,0.026,1,Dendritic cell
KIF26B,0.10607667499062873,0.5540388443272048,0.018,0.014,1,Dendritic cell
FAM53C,0.10607892448856832,-0.44847409092046653,0.419,0.423,1,Dendritic cell
SERPINH1,0.10621515453140314,0.21569832116554633,0.101,0.092,1,Dendritic cell
U2AF2,0.10645880667044222,-0.20995674597662517,0.468,0.461,1,Dendritic cell
TOMM22,0.10655496317083472,0.33857326831945667,0.751,0.75,1,Dendritic cell
PRPSAP2,0.10669332515238279,0.18279265089823993,0.406,0.386,1,Dendritic cell
FMO5,0.10673602745270348,0.1729595458610924,0.092,0.082,1,Dendritic cell
CDK6,0.10675734041186112,-0.29548662073859555,0.294,0.28,1,Dendritic cell
GNRH1,0.10687089753579472,0.3421117047065221,0.038,0.032,1,Dendritic cell
GIMAP6,0.10691689557695178,0.7932823189361177,0.267,0.258,1,Dendritic cell
TIMM44,0.106925868049361,-0.10729656060443604,0.311,0.319,1,Dendritic cell
DDX51,0.10696400375847723,-0.16170740205937206,0.177,0.174,1,Dendritic cell
XPNPEP3,0.10696642933985699,-0.12276543075570956,0.084,0.094,1,Dendritic cell
AP3D1,0.10719741274636613,-0.34921456155622455,0.747,0.737,1,Dendritic cell
SLC27A1,0.10720755483606273,-0.12693528531221876,0.146,0.156,1,Dendritic cell
TOP1,0.1073293648706772,-0.8727095595759318,0.771,0.763,1,Dendritic cell
PATZ1,0.10733402362978797,0.40100455784047173,0.455,0.448,1,Dendritic cell
EXOSC8,0.10743352909508522,0.18575967410269223,0.338,0.322,1,Dendritic cell
ENDOD1,0.10744493940693987,0.815491416732677,0.142,0.129,1,Dendritic cell
BCKDHA,0.1074820354613634,0.7121021359300159,0.673,0.664,1,Dendritic cell
ANXA7,0.10760558506206892,-0.20402230599589366,0.715,0.699,1,Dendritic cell
CUL2,0.10766060024589273,-0.10351897405388422,0.418,0.426,1,Dendritic cell
DUSP16,0.10780226124182225,0.4768655055706412,0.132,0.119,1,Dendritic cell
APBA2,0.10791842681104986,0.8435266147342282,0.025,0.02,1,Dendritic cell
OXSM,0.10799139215079573,0.11744285760239281,0.168,0.152,1,Dendritic cell
SNRPG,0.10804849644954632,0.18420699091379356,0.495,0.477,1,Dendritic cell
IRF9,0.10808522997882351,-0.2620523163102648,0.541,0.537,1,Dendritic cell
UNC50,0.10824150390533106,-0.32521148622332996,0.571,0.554,1,Dendritic cell
SAR1A,0.10826460733994812,0.25924169908488626,0.03,0.024,1,Dendritic cell
PIGL,0.10828539861317948,0.38583005039268303,0.298,0.283,1,Dendritic cell
EMC7,0.10834298762247836,0.7710222482711186,0.736,0.721,1,Dendritic cell
BCL2A1,0.10840374221286615,6.091275994053735,0.19,0.177,1,Dendritic cell
FCGR2B,0.10851476356236109,0.1348055898952456,0.364,0.349,1,Dendritic cell
AKAP11,0.1085551475417794,0.4366294124976968,0.666,0.652,1,Dendritic cell
TMEM216,0.10856347925122839,0.2355686095555647,0.179,0.164,1,Dendritic cell
HEXIM1,0.10887921107330752,-2.9922743631104542,0.523,0.539,1,Dendritic cell
FRYL,0.10888710307368757,0.12850099114420654,0.666,0.649,1,Dendritic cell
SPIDR,0.10896914462120973,-0.2130247680619468,0.265,0.264,1,Dendritic cell
DOC2A,0.10903526552259397,0.2674479948656563,0.011,0.012,1,Dendritic cell
FARSB,0.1090408118949601,0.20166602917241438,0.407,0.387,1,Dendritic cell
CFAP410,0.10928362666165807,0.30906382154247236,0.139,0.128,1,Dendritic cell
SAMD9L,0.10935156523890557,5.675833594063086,0.493,0.468,1,Dendritic cell
CACNA1I,0.10949879160725795,0.9894770929036887,0.014,0.01,1,Dendritic cell
METTL6,0.10953089413239446,-0.23535278334578735,0.181,0.184,1,Dendritic cell
TRMT10C,0.1095510571790457,0.160963504090476,0.368,0.352,1,Dendritic cell
NCDN,0.10972513886063581,0.2067472808862254,0.141,0.131,1,Dendritic cell
CIAO1,0.10977423811900903,-0.15473294397917936,0.628,0.613,1,Dendritic cell
ARL4A,0.1098125112722699,0.12166105769880686,0.135,0.123,1,Dendritic cell
ERLIN1,0.11004442859130749,-0.38483703553670845,0.17,0.177,1,Dendritic cell
FAM91A1,0.11012624583417972,0.13425944851734561,0.587,0.588,1,Dendritic cell
ACKR3,0.11033167665874141,0.338838069578578,0.056,0.048,1,Dendritic cell
AAMP,0.110470338034588,-1.9726309910601385,0.776,0.776,1,Dendritic cell
SPG7,0.11047223732439274,1.0993708471094843,0.649,0.63,1,Dendritic cell
ZSCAN32,0.11050891014003228,0.14501219808427646,0.153,0.14,1,Dendritic cell
CNOT2,0.11077271114285013,0.3523626250726193,0.669,0.654,1,Dendritic cell
TMEM63A,0.11085688613972734,-1.024390583072396,0.555,0.542,1,Dendritic cell
MED27,0.11097975554186323,-0.25858989367687135,0.036,0.039,1,Dendritic cell
IFRD1,0.1110388400257375,0.9183931128534919,0.428,0.417,1,Dendritic cell
NF1,0.11104237132344684,-0.33318801236092765,0.547,0.552,1,Dendritic cell
RBL1,0.11105641713136646,0.8741551099171598,0.268,0.281,1,Dendritic cell
BATF3,0.11112915082031992,-0.8099389653220657,0.269,0.252,1,Dendritic cell
ANKRD27,0.11122960550326752,0.18777541368589384,0.348,0.338,1,Dendritic cell
DNAJC25,0.11143593540455597,-0.3992169607056413,0.19,0.197,1,Dendritic cell
FAM20B,0.11144295189553795,0.13544934157436722,0.265,0.253,1,Dendritic cell
TRIM26,0.11149772437895332,0.20277130092488926,0.534,0.556,1,Dendritic cell
SH3BP1,0.11166392095936636,0.6552565858846924,0.737,0.751,1,Dendritic cell
TIMM13,0.11178179455149327,0.32112654506366534,0.67,0.654,1,Dendritic cell
HAVCR2,0.1117846671878858,-0.30140335543937,0.574,0.556,1,Dendritic cell
BAHD1,0.11183551143020831,-0.12107459015071266,0.282,0.266,1,Dendritic cell
SRD5A1,0.11207629447833192,-0.14176959392187216,0.35,0.336,1,Dendritic cell
PPP1CA,0.11218405099429885,-0.3622675832054334,0.804,0.806,1,Dendritic cell
SPACA6,0.11218754900622958,-0.22107654368272955,0.044,0.053,1,Dendritic cell
ATP2A3,0.11234954940100275,-2.2903512477025707,0.586,0.602,1,Dendritic cell
PJA2,0.11256633359537525,-0.7209122411182536,0.862,0.852,1,Dendritic cell
UEVLD,0.11265483329541859,0.19713486508651434,0.436,0.418,1,Dendritic cell
FAM53B,0.11272961379803612,-0.11541565035113965,0.462,0.471,1,Dendritic cell
YPEL1,0.11287770016699784,1.3503131682201628,0.125,0.12,1,Dendritic cell
TGOLN2,0.11294375675079099,1.8577632760494254,0.925,0.924,1,Dendritic cell
TNFRSF25,0.11296395883668459,-2.1084593997733387,0.073,0.062,1,Dendritic cell
MGLL,0.11315610984622107,5.623003179678147,0.231,0.223,1,Dendritic cell
SPOP,0.11331324537222089,0.20294215302680252,0.522,0.527,1,Dendritic cell
SEC24B,0.11332230785448104,0.1974702109372226,0.528,0.51,1,Dendritic cell
BMERB1,0.11332985121613734,0.9234129870747028,0.01,0.007,1,Dendritic cell
SP140,0.1133459733336881,-0.6915934253874507,0.33,0.311,1,Dendritic cell
ATP5F1D,0.11340524288731314,0.14567306073206243,0.816,0.8,1,Dendritic cell
JPT2,0.11347380566015271,0.20390058495219293,0.341,0.328,1,Dendritic cell
RPRD1A,0.11362692923608136,0.47802943109659823,0.54,0.526,1,Dendritic cell
KLHL25,0.11366156207024843,0.272798596435639,0.037,0.035,1,Dendritic cell
LRP1,0.11374593611490807,-2.2152232581792024,0.578,0.578,1,Dendritic cell
ARL6IP5,0.11376650685804765,10.440095605631292,0.912,0.909,1,Dendritic cell
ZNF829,0.11380596107801429,-0.3648997995956247,0.01,0.011,1,Dendritic cell
THOC6,0.11388247955323846,0.34335747389465726,0.346,0.336,1,Dendritic cell
PELI1,0.11398123609284551,-1.172131380861532,0.196,0.191,1,Dendritic cell
ZNF771,0.11409605427692923,0.41633688526786017,0.02,0.016,1,Dendritic cell
KRBOX4,0.11413010201092692,0.20971875481084057,0.107,0.098,1,Dendritic cell
SLC38A2,0.11422687468137542,5.802221236032963,0.835,0.821,1,Dendritic cell
SEC24C,0.11432082244827921,0.32933723996028164,0.61,0.592,1,Dendritic cell
ITGB1BP2,0.11433876560029901,-0.32323152362230534,0.03,0.033,1,Dendritic cell
GIN1,0.11448303037002874,0.184672655082609,0.101,0.089,1,Dendritic cell
IRF1,0.11460597107242741,4.130566128921949,0.555,0.54,1,Dendritic cell
SRGN,0.11461703954552104,69.15415255992315,0.998,0.997,1,Dendritic cell
INSYN2A,0.11467907515277324,0.8585392604843588,0.04,0.038,1,Dendritic cell
TSEN2,0.11469001366555737,0.24698849165223713,0.079,0.071,1,Dendritic cell
RALGPS2,0.11489479352934649,-2.1502337382599883,0.167,0.161,1,Dendritic cell
TTC9,0.1148972865741968,0.17397728701854187,0.061,0.053,1,Dendritic cell
ANKRD24,0.11494082255507233,0.5803343643026784,0.017,0.012,1,Dendritic cell
UACA,0.11495996700892283,0.2789319925873701,0.055,0.047,1,Dendritic cell
OARD1,0.11497136598720355,0.29469255704320507,0.452,0.439,1,Dendritic cell
PHF20,0.11511847113139474,-0.13930546899826712,0.391,0.393,1,Dendritic cell
MGAT5,0.11512942478999597,0.1853927446618615,0.353,0.341,1,Dendritic cell
YTHDF1,0.11514352104740985,-0.21300508369108606,0.189,0.195,1,Dendritic cell
CCND2,0.11519622551371676,2.6548352404002085,0.345,0.348,1,Dendritic cell
ZDHHC8,0.11521487630456186,-0.16544139857671114,0.471,0.458,1,Dendritic cell
NDUFB10,0.11530880549460962,-0.47803807483317584,0.804,0.816,1,Dendritic cell
PEX12,0.11531313369367387,0.5189296351517498,0.03,0.027,1,Dendritic cell
CLEC2D,0.11539458009454544,21.533557888991666,0.565,0.549,1,Dendritic cell
CDKL3,0.11544855227442152,0.15580285840465047,0.035,0.029,1,Dendritic cell
SNU13,0.11588018887445324,-0.1242714330950836,0.912,0.915,1,Dendritic cell
ZNF782,0.11604301303943336,0.1746714636965634,0.192,0.177,1,Dendritic cell
KATNIP,0.11612667068397987,-0.1227834281418132,0.215,0.213,1,Dendritic cell
ST6GALNAC4,0.11619802538125168,-0.1927047850534893,0.297,0.315,1,Dendritic cell
GPSM3,0.11625073338452127,-1.7399067078630956,0.923,0.928,1,Dendritic cell
CPSF1,0.11646216626155145,0.15324461237589926,0.183,0.177,1,Dendritic cell
ZNF786,0.11659409671216943,0.1561325208652371,0.135,0.123,1,Dendritic cell
VPS72,0.1166323933622648,-0.13111607630337596,0.394,0.382,1,Dendritic cell
FCRLA,0.11669131477029647,0.7032420352968431,0.055,0.049,1,Dendritic cell
SRP19,0.1167613205155399,0.23998074262969382,0.569,0.555,1,Dendritic cell
DENND2B,0.11709236790824283,-0.1659879428564386,0.015,0.013,1,Dendritic cell
ECHDC1,0.11713101213228191,0.1783156548487228,0.642,0.625,1,Dendritic cell
NFATC1,0.11719381677600293,0.14308995254229506,0.357,0.342,1,Dendritic cell
CENPB,0.11739141161896341,0.1173643582269337,0.51,0.496,1,Dendritic cell
CKAP5,0.11764588238829103,0.2289201797339082,0.421,0.408,1,Dendritic cell
HSCB,0.11766043859537884,0.14880405656730072,0.234,0.218,1,Dendritic cell
PRDX2,0.11769181606672197,-9.29785050124076,0.581,0.561,1,Dendritic cell
RPA4,0.11776556356981861,-0.11761734285888847,0.076,0.069,1,Dendritic cell
POR,0.11778255880937592,-0.34084421991275926,0.542,0.56,1,Dendritic cell
RRM2B,0.11785847030566615,0.15468608298611675,0.188,0.174,1,Dendritic cell
EIF5,0.11800956611822408,-1.9066614663417312,0.836,0.838,1,Dendritic cell
DIPK1A,0.11803093343560776,-0.16004405758286266,0.176,0.167,1,Dendritic cell
RP2,0.11804172828737886,-0.23642569992632012,0.768,0.754,1,Dendritic cell
NT5DC1,0.11832470839386959,0.16696243455588355,0.384,0.382,1,Dendritic cell
NAGK,0.11833037804910025,-4.7710870265523155,0.965,0.957,1,Dendritic cell
TYK2,0.11851262555480728,-0.9180428756336516,0.82,0.806,1,Dendritic cell
FAM13A,0.11859941923388573,0.23401041724228755,0.133,0.126,1,Dendritic cell
MEF2D,0.11865845975571329,0.33411674308670847,0.696,0.707,1,Dendritic cell
KLHL42,0.11876100502007303,-0.151404680080098,0.204,0.205,1,Dendritic cell
ZFP14,0.11878032125884362,0.35844440541300837,0.184,0.18,1,Dendritic cell
NCAPG2,0.11903776015278685,5.561457556252742,0.134,0.121,1,Dendritic cell
ARAF,0.11911700194565553,1.060187576845463,0.733,0.717,1,Dendritic cell
LRRC39,0.11912400107333115,0.19192469420101332,0.025,0.02,1,Dendritic cell
PHLDB3,0.11914938739265875,0.10707858368967615,0.103,0.094,1,Dendritic cell
ATP5F1E,0.11915888193020636,-0.6998747787498942,0.788,0.782,1,Dendritic cell
CYB561D2,0.11918039440341918,0.1892947300727832,0.376,0.358,1,Dendritic cell
CCDC180,0.11962696957408009,0.3281144631602997,0.035,0.03,1,Dendritic cell
PSMA5,0.11964337992246915,0.1765338170817754,0.314,0.299,1,Dendritic cell
UBXN11,0.11965451297263945,3.4193641083700435,0.589,0.573,1,Dendritic cell
ANKRD63,0.11968924240586992,-0.2565318500970193,0.011,0.015,1,Dendritic cell
RASSF3,0.11974817250354138,-0.598172474538317,0.762,0.747,1,Dendritic cell
NT5E,0.11976132346101018,1.5930091675889466,0.01,0.008,1,Dendritic cell
ADISSP,0.11976675628367922,-0.18210605703189575,0.136,0.139,1,Dendritic cell
TRAPPC4,0.11997424758354765,0.1435273825798422,0.518,0.496,1,Dendritic cell
SMOX,0.120077463684695,-0.1304313767144103,0.182,0.194,1,Dendritic cell
CCDC163,0.12014423610207747,0.32285723791858834,0.031,0.026,1,Dendritic cell
FAM171A2,0.12016875630229536,-0.4529846171579699,0.009,0.011,1,Dendritic cell
UBA7,0.12034284239764363,0.132392913741036,0.61,0.591,1,Dendritic cell
SH2D3A,0.12039675050772797,0.6826005370456265,0.015,0.014,1,Dendritic cell
DAP3,0.12041931062061659,-0.17930143669207954,0.754,0.738,1,Dendritic cell
MYOF,0.12064078828340989,-3.022003528585574,0.508,0.492,1,Dendritic cell
BLTP1,0.12074760814262284,0.22000107266344604,0.53,0.511,1,Dendritic cell
COX8A,0.12077908150377722,1.186851432686507,0.785,0.772,1,Dendritic cell
ENY2,0.12088598215672258,-0.3516164073004493,0.78,0.77,1,Dendritic cell
ATG101,0.12093440802278904,0.11398972901538684,0.558,0.575,1,Dendritic cell
MTCH2,0.12102375840097451,-0.19726008458491778,0.362,0.379,1,Dendritic cell
LRRC59,0.1210469784477555,-0.21231501299315925,0.621,0.603,1,Dendritic cell
EID3,0.12112498014164028,0.13350580489019492,0.047,0.04,1,Dendritic cell
CMPK2,0.12114384393174853,13.851717361024441,0.373,0.361,1,Dendritic cell
PSME3IP1,0.12128127861235527,0.17831883382097674,0.39,0.39,1,Dendritic cell
ZNF507,0.12140810118974343,0.2567809665543379,0.066,0.06,1,Dendritic cell
TRIP10,0.12140959115362986,5.3711804474694285,0.283,0.292,1,Dendritic cell
GPSM2,0.12143609440094226,-0.8860373789931006,0.084,0.091,1,Dendritic cell
EXT2,0.12158237930267814,0.11131223923209471,0.29,0.275,1,Dendritic cell
NLRP1,0.12161207958683505,0.15294242270066594,0.647,0.633,1,Dendritic cell
STAG2,0.12167209892576321,-1.5974323455258546,0.874,0.861,1,Dendritic cell
AKR1A1,0.121758506407327,-0.5425226868199378,0.705,0.691,1,Dendritic cell
URI1,0.12178363341904373,1.2556761828236875,0.669,0.659,1,Dendritic cell
MPC2,0.12179310378147576,0.3474143857259589,0.359,0.35,1,Dendritic cell
WWC3,0.12182588243439227,0.3131374500933384,0.125,0.128,1,Dendritic cell
SCMH1,0.12190794317725452,0.20991919370920548,0.209,0.202,1,Dendritic cell
PA2G4,0.12193624744731524,-0.2666670035374339,0.478,0.477,1,Dendritic cell
ASAP2,0.1225763894851804,0.7498247111405133,0.218,0.207,1,Dendritic cell
CCDC121,0.12258090361260703,-0.1472126783664942,0.021,0.018,1,Dendritic cell
PTPRC,0.1227492788599295,-0.9931973937438414,0.858,0.857,1,Dendritic cell
EBI3,0.12287984896551223,7.596272021165413,0.018,0.015,1,Dendritic cell
ELF4,0.12289383077976251,-0.2578944012051474,0.47,0.487,1,Dendritic cell
ARHGAP21,0.12314285206573018,0.1363912621973335,0.314,0.298,1,Dendritic cell
SEC61B,0.12332426529464198,22.163839675211804,0.767,0.782,1,Dendritic cell
POLK,0.12339368054853908,-0.12325332299060587,0.661,0.66,1,Dendritic cell
DNAJB12,0.12341339231318874,0.193770631758996,0.578,0.56,1,Dendritic cell
CTNS,0.12342905134860911,0.9270954559766018,0.279,0.265,1,Dendritic cell
TNFRSF10D,0.12351456809262547,-0.2494835673787339,0.158,0.163,1,Dendritic cell
SH3BP4,0.12356255476117711,-0.23114907356714043,0.411,0.417,1,Dendritic cell
BCL2L2,0.12361677710351635,-0.13424106043831951,0.19,0.201,1,Dendritic cell
GFI1,0.12363718890990012,0.3378952779414588,0.045,0.041,1,Dendritic cell
ORMDL1,0.12366766034885221,0.7825824965685335,0.712,0.703,1,Dendritic cell
CFD,0.1237326969356791,5.850890552572812,0.234,0.252,1,Dendritic cell
UGGT2,0.12378466424571778,0.14046565658145788,0.222,0.21,1,Dendritic cell
SNX3,0.12386772911164373,-1.5391914786568321,0.981,0.977,1,Dendritic cell
TIMM10,0.12387588053835255,0.5738555237009408,0.553,0.536,1,Dendritic cell
DACH1,0.12393017304499061,-0.22997779398266194,0.177,0.192,1,Dendritic cell
SYAP1,0.12395768523746603,0.9639237766959647,0.611,0.604,1,Dendritic cell
ECHDC2,0.12451171507552374,0.2808400929596312,0.156,0.138,1,Dendritic cell
ERCC4,0.12476634320198969,-0.1042153626584118,0.17,0.167,1,Dendritic cell
LRRC23,0.12485073097547605,0.2567853794760797,0.056,0.048,1,Dendritic cell
RAB11FIP5,0.1248870211831431,-0.49150883228395514,0.016,0.019,1,Dendritic cell
LUC7L2,0.12510700554950355,0.1718757165845366,0.844,0.837,1,Dendritic cell
FBXO48,0.12524872062476214,0.3727266884604923,0.051,0.043,1,Dendritic cell
TNFAIP1,0.12534740832508745,0.15471024014900214,0.107,0.097,1,Dendritic cell
OLFM1,0.1254193259987413,0.468145610074572,0.103,0.093,1,Dendritic cell
EIF4EBP1,0.1254400484059208,0.13912391171484262,0.479,0.497,1,Dendritic cell
IMP4,0.12553859031419634,0.4329756620742051,0.544,0.526,1,Dendritic cell
KLHL18,0.12571505537721722,-0.13632340365030687,0.283,0.277,1,Dendritic cell
SETD1A,0.125817077867381,-0.1091955005068192,0.266,0.275,1,Dendritic cell
ZNF609,0.12584407827078334,0.6484462581685277,0.645,0.654,1,Dendritic cell
NDUFS3,0.1260371182404875,-0.7482479647098308,0.682,0.685,1,Dendritic cell
BLOC1S5,0.12609260269428002,0.43188495553964157,0.334,0.318,1,Dendritic cell
SPAG16,0.1261129046356473,0.13231823556006184,0.099,0.089,1,Dendritic cell
ZBP1,0.12615178530430735,5.47821973011298,0.148,0.133,1,Dendritic cell
THAP10,0.12645656281746648,-1.0125870470850904,0.008,0.01,1,Dendritic cell
TJP2,0.12646613865855208,-0.4044524828741931,0.062,0.06,1,Dendritic cell
GBA2,0.12648401189159028,0.3130790663378602,0.567,0.576,1,Dendritic cell
ARMCX3,0.12655909991736067,-0.46364862446069544,0.388,0.4,1,Dendritic cell
SPHK1,0.12660098367864805,0.11280922438914115,0.163,0.156,1,Dendritic cell
JAG2,0.12668034215094673,0.27837658079005667,0.011,0.008,1,Dendritic cell
PLTP,0.12671318061064674,2.8338030391422047,0.028,0.022,1,Dendritic cell
SLFN13,0.12677465990161296,-0.4177192600150228,0.017,0.017,1,Dendritic cell
PDK2,0.12680399825229077,0.14465466246998615,0.313,0.302,1,Dendritic cell
PPP2R3C,0.12691605399754877,-0.44834461005953563,0.456,0.441,1,Dendritic cell
HPSE,0.12700003665196402,-0.5014578734304513,0.089,0.094,1,Dendritic cell
FBXW9,0.12719970961147953,-0.13622713585804247,0.041,0.044,1,Dendritic cell
SOX4,0.12725864944675225,-3.1248302358066917,0.338,0.355,1,Dendritic cell
SAP30,0.12738494315929147,-0.538979067777809,0.373,0.382,1,Dendritic cell
APEH,0.12740699193384097,0.2500521706449239,0.506,0.497,1,Dendritic cell
ZNRF1,0.1275172437792977,-0.30197339505443743,0.083,0.082,1,Dendritic cell
NUP62,0.1275572056714234,3.0067403389286085,0.721,0.728,1,Dendritic cell
AMBRA1,0.1276756181081559,0.1870195956117321,0.396,0.381,1,Dendritic cell
BTBD10,0.12814321867673473,0.10173683291372781,0.213,0.198,1,Dendritic cell
BAK1,0.1281503124832867,-0.22442088046188013,0.54,0.532,1,Dendritic cell
SRPRA,0.12815913234313125,-0.7066634508255198,0.804,0.793,1,Dendritic cell
PQBP1,0.1282879323963835,0.16511674797633225,0.659,0.645,1,Dendritic cell
FCGR1BP,0.12832199439844486,-0.48759927551753135,0.035,0.042,1,Dendritic cell
ATOSB,0.12843213610136217,0.2475406612070009,0.205,0.191,1,Dendritic cell
TTC24,0.12851293165113586,-0.13716153117388385,0.086,0.088,1,Dendritic cell
ZNF77,0.1286088264443083,-0.32236648194727424,0.047,0.051,1,Dendritic cell
GARIN1A,0.1286335754100185,-0.2569325812597274,0.017,0.021,1,Dendritic cell
MTDH,0.1287107352705588,2.9299448862319863,0.914,0.922,1,Dendritic cell
DOK3,0.12884627278137678,-0.14111412151615643,0.081,0.087,1,Dendritic cell
UBE2G2,0.12885921112635906,-0.274368483328872,0.681,0.698,1,Dendritic cell
TIMM17A,0.12888237710138215,-0.20016519294745683,0.589,0.573,1,Dendritic cell
DGKA,0.12901013986845103,-1.4732460283262885,0.586,0.58,1,Dendritic cell
TSHZ3,0.12973229466356545,-1.2709165120777013,0.016,0.019,1,Dendritic cell
PRDX3,0.13002083325535876,0.47246480997859,0.612,0.605,1,Dendritic cell
BCAS4,0.13004873017523197,0.41318958390895855,0.086,0.08,1,Dendritic cell
ADSS2,0.13038626540464865,-0.54227921251917,0.677,0.67,1,Dendritic cell
CEP131,0.13039389025084788,-0.25000498735135923,0.206,0.212,1,Dendritic cell
MTHFD2,0.13048830404899434,0.5506717011775799,0.518,0.532,1,Dendritic cell
ZFP82,0.13050915678742564,0.24839050136842644,0.062,0.053,1,Dendritic cell
ACTR3B,0.13051489228687216,0.23895387726214157,0.075,0.071,1,Dendritic cell
PDCD4,0.13057695116602236,-4.2882261279637035,0.863,0.863,1,Dendritic cell
SMIM3,0.1305865552169464,-0.17741440300910472,0.155,0.17,1,Dendritic cell
CDCA8,0.13063497997826573,-0.1281518861729074,0.014,0.01,1,Dendritic cell
NDUFA3,0.13067319728819762,0.14501670278825252,0.738,0.75,1,Dendritic cell
LTO1,0.13073379221750528,-0.1314607369081271,0.095,0.098,1,Dendritic cell
CHAC2,0.13076153356048598,0.43768198723113505,0.029,0.027,1,Dendritic cell
ZDHHC13,0.13081788253405816,-0.19054054302738438,0.247,0.232,1,Dendritic cell
RAB3A,0.13082502474305904,-0.24064788904354195,0.074,0.083,1,Dendritic cell
NDUFS1,0.13108678479950414,-0.8675629387830583,0.553,0.537,1,Dendritic cell
SLC39A3,0.1311139450568481,0.22432396168724555,0.377,0.359,1,Dendritic cell
CTRC,0.13149692951627828,0.4608416203763639,0.018,0.014,1,Dendritic cell
CHD4,0.13160753070436837,0.1976059803741972,0.631,0.65,1,Dendritic cell
CCNDBP1,0.13199127349773396,0.30824723642571694,0.759,0.753,1,Dendritic cell
ELAC2,0.13199839318857376,0.17612961815733663,0.531,0.519,1,Dendritic cell
VSIG10,0.1320149173128882,0.2514314305353822,0.039,0.034,1,Dendritic cell
MORC4,0.13202382960109604,0.17105874891596784,0.081,0.083,1,Dendritic cell
ABCD2,0.13205230708776153,0.40635289886626236,0.089,0.079,1,Dendritic cell
NRP2,0.1320626238568209,2.355762619263288,0.019,0.015,1,Dendritic cell
DMWD,0.13207456358485112,-0.17860554239170856,0.057,0.059,1,Dendritic cell
HUWE1,0.1320978723456013,-0.16461423656266816,0.496,0.48,1,Dendritic cell
CRYZ,0.13221885846035125,-1.22429125055877,0.232,0.217,1,Dendritic cell
C1QA,0.13249547421559288,47.05933046909159,0.049,0.041,1,Dendritic cell
DUSP1,0.13259247929174373,18.63348369631214,0.808,0.813,1,Dendritic cell
CD63,0.13259326150085016,-1.774181748529715,0.648,0.667,1,Dendritic cell
BST1,0.1326473287480707,0.5930489928389608,0.366,0.372,1,Dendritic cell
SLC25A37,0.1326715105279549,0.2830809967377841,0.327,0.317,1,Dendritic cell
HACE1,0.13269524701042884,0.2804906422195823,0.136,0.129,1,Dendritic cell
NUMB,0.13274430227324585,-1.1987867075725394,0.836,0.821,1,Dendritic cell
CCDC62,0.13275725094464225,0.33815513527769125,0.027,0.021,1,Dendritic cell
LEAP2,0.1328881309880979,0.1779976837694628,0.028,0.023,1,Dendritic cell
HYAL2,0.13299075041243533,0.5931411662735061,0.191,0.182,1,Dendritic cell
RAB13,0.13302561118611023,-1.2304462782945083,0.217,0.221,1,Dendritic cell
EIF4EBP3,0.1331136970718111,-0.10709689458933225,0.118,0.118,1,Dendritic cell
DPH5,0.13313764135147724,0.40301442074876936,0.404,0.393,1,Dendritic cell
GRINA,0.13325976721018548,5.510336139969523,0.867,0.865,1,Dendritic cell
TES,0.13326226816494616,1.9414210955297717,0.744,0.731,1,Dendritic cell
NPHP3,0.13332464616924264,0.10246702726180734,0.241,0.226,1,Dendritic cell
MARCKSL1,0.13361443047218102,-2.9804186169454354,0.36,0.344,1,Dendritic cell
MTX3,0.13377728501068548,-0.1672852447559251,0.173,0.17,1,Dendritic cell
RAB29,0.1338621753380919,-1.2452800039824883,0.414,0.395,1,Dendritic cell
ADGRE3,0.13387669826739668,0.6201238193856774,0.087,0.088,1,Dendritic cell
BUB3,0.1342050301591375,-0.10744854154796313,0.58,0.567,1,Dendritic cell
EIF4EBP2,0.13422778090445764,0.5340902701910935,0.919,0.922,1,Dendritic cell
PRDX4,0.13422852551374245,-0.11080560672218542,0.355,0.342,1,Dendritic cell
NSMCE4A,0.13440800539862102,0.1603161397356727,0.531,0.513,1,Dendritic cell
PGD,0.13447792355875027,0.9054016579116206,0.626,0.643,1,Dendritic cell
POLR1C,0.13452441024548356,-0.19388053379818881,0.108,0.109,1,Dendritic cell
CYBA,0.1348606643737169,0.890132177858689,0.988,0.99,1,Dendritic cell
ZNF345,0.13507565990621215,0.14033316212630487,0.18,0.166,1,Dendritic cell
ZNF48,0.13523379609692174,-0.23684001981444291,0.041,0.045,1,Dendritic cell
CD1B,0.13526731736997538,-3.6530341581555077,0.076,0.076,1,Dendritic cell
PGAP6,0.13543091888978395,-0.20461941721275168,0.29,0.293,1,Dendritic cell
SEPHS1,0.1354533097486448,-0.20746736211969563,0.316,0.303,1,Dendritic cell
PAFAH1B3,0.13547131527179815,-0.49877332398248364,0.295,0.293,1,Dendritic cell
MT-ND4,0.13553045285555798,-5.946674699709618,0.865,0.877,1,Dendritic cell
CCR7,0.13572878938531469,95.12284415035066,0.097,0.091,1,Dendritic cell
ELF3,0.13574843213380644,-0.26736306503646556,0.021,0.023,1,Dendritic cell
EOMES,0.13587404498778824,2.2844103540015595,0.018,0.014,1,Dendritic cell
CHST13,0.1359066165830897,-0.41383766239389885,0.02,0.025,1,Dendritic cell
UGGT1,0.13591614028209237,0.5069731857362334,0.604,0.588,1,Dendritic cell
TICAM2,0.1361349403388169,0.11525367475477721,0.425,0.438,1,Dendritic cell
SH3BGRL3,0.13618043014843836,-3.03539912846999,0.986,0.99,1,Dendritic cell
CREBBP,0.1361906962764522,-0.5585933403943506,0.704,0.709,1,Dendritic cell
RECQL5,0.1362722036646643,0.5928031647554937,0.313,0.299,1,Dendritic cell
SEC11A,0.13651247973333155,-0.3582341872643511,0.88,0.873,1,Dendritic cell
CLIC2,0.13658714055220264,2.8133076702413504,0.596,0.586,1,Dendritic cell
CD7,0.136657302878837,8.722658790859906,0.143,0.132,1,Dendritic cell
GSKIP,0.136729376712806,0.3133431342130538,0.208,0.198,1,Dendritic cell
AGMAT,0.1368000725776071,0.7516078749310235,0.012,0.009,1,Dendritic cell
STN1,0.1368290052756124,0.7562994340323304,0.403,0.384,1,Dendritic cell
EHD3,0.1373612404566714,-1.687223164875285,0.034,0.033,1,Dendritic cell
RIOK3,0.1374146812743596,-0.45971383660516585,0.651,0.668,1,Dendritic cell
STPG1,0.13756697720149627,0.2868671340775042,0.046,0.041,1,Dendritic cell
SLAMF6,0.1377275058987808,0.2477523464788559,0.069,0.059,1,Dendritic cell
GINS3,0.13775710426304788,0.10457655446867298,0.083,0.074,1,Dendritic cell
PRELID3B,0.13777912691826139,0.10883204125752521,0.379,0.362,1,Dendritic cell
WRN,0.1377956175053631,0.1911956973168577,0.258,0.247,1,Dendritic cell
CEP83,0.13780523720283147,0.3115206313515009,0.366,0.356,1,Dendritic cell
UHMK1,0.13784638629103574,-0.3997546908933103,0.874,0.877,1,Dendritic cell
ANK1,0.13803387562016886,0.23729946460469709,0.02,0.015,1,Dendritic cell
ARHGEF18,0.13817218480614357,-1.0038895424562195,0.575,0.561,1,Dendritic cell
SLC35E4,0.13821181017412154,0.24418173470349558,0.046,0.039,1,Dendritic cell
TMEM177,0.13822837785976763,0.1780841383787668,0.055,0.048,1,Dendritic cell
ZNF260,0.13833186155160274,0.1371540171614899,0.208,0.197,1,Dendritic cell
ATF7IP2,0.13845345206949,0.17417698284800576,0.157,0.143,1,Dendritic cell
EPHB4,0.1384920157361096,-0.4921430285036865,0.029,0.033,1,Dendritic cell
DCAF17,0.138763188095911,0.1410819990433161,0.274,0.257,1,Dendritic cell
DYNC1LI1,0.13878757523567983,-0.27158465195823034,0.648,0.634,1,Dendritic cell
RAB14,0.13879505233622216,0.4444521281342393,0.9,0.89,1,Dendritic cell
CLDND1,0.13893132508848274,9.811568225785404,0.747,0.732,1,Dendritic cell
CMTM7,0.13895069286424294,-0.4600868123578815,0.375,0.39,1,Dendritic cell
C18orf32,0.13903438375397265,1.0147725917992698,0.763,0.748,1,Dendritic cell
C16orf74,0.13914783430868677,0.21511776055477883,0.147,0.151,1,Dendritic cell
MGAT1,0.13915348616599013,0.6681660285048547,0.919,0.918,1,Dendritic cell
ZNF264,0.13920313410201848,-0.11553289433298586,0.454,0.443,1,Dendritic cell
GABPA,0.13928919553356645,0.127520273664937,0.453,0.436,1,Dendritic cell
CLEC4A,0.13940282444449126,-2.2501525115252896,0.769,0.753,1,Dendritic cell
TRAP1,0.13940903500033808,-0.6045942095994972,0.396,0.379,1,Dendritic cell
ZNF160,0.13947148695541012,0.12942563565055118,0.296,0.284,1,Dendritic cell
TAF1,0.1396664414217829,0.12006910425797801,0.427,0.409,1,Dendritic cell
EPB41,0.13978783908276432,1.1496019030881737,0.668,0.684,1,Dendritic cell
CAMK4,0.13985071919704334,1.6058280478499298,0.049,0.045,1,Dendritic cell
RRP1,0.13994399565647675,0.12332919470833298,0.255,0.24,1,Dendritic cell
ASH1L,0.13997346125612906,0.15122318808523616,0.717,0.701,1,Dendritic cell
TST,0.14010564180913734,-0.35177012183093054,0.231,0.24,1,Dendritic cell
BTN2A2,0.14017164037081262,-0.18988139423226025,0.299,0.281,1,Dendritic cell
LENG8,0.14019945381572485,0.49547993836732296,0.945,0.951,1,Dendritic cell
YTHDF3,0.1403094884313225,-0.24124655129717,0.657,0.64,1,Dendritic cell
AHNAK,0.14041925861747437,22.986691364398666,0.988,0.987,1,Dendritic cell
JAG1,0.140514773146586,-2.387165416848429,0.044,0.044,1,Dendritic cell
MICU2,0.14062617864695312,0.14158028390561617,0.633,0.621,1,Dendritic cell
TPPP3,0.1407604318163783,18.302810779927132,0.232,0.234,1,Dendritic cell
SH3BGRL2,0.140769257687381,-1.1053808405840293,0.034,0.028,1,Dendritic cell
PPP1CB,0.1408564875043984,-1.4154433094370802,0.896,0.897,1,Dendritic cell
ACTR6,0.1408628772706725,0.15362228561654662,0.283,0.267,1,Dendritic cell
FBXO21,0.1408782400019882,-0.1608166886783307,0.281,0.275,1,Dendritic cell
PAK1IP1,0.14089360780781834,0.21688479241756214,0.345,0.33,1,Dendritic cell
CEPT1,0.14094754754920863,0.5287303670155841,0.68,0.679,1,Dendritic cell
CBFA2T2,0.14111432358574208,0.11691418242249596,0.344,0.329,1,Dendritic cell
KPNA2,0.14112455770808208,-1.7568692628258136,0.456,0.461,1,Dendritic cell
S100A4,0.14126997394342056,-16.556386988583412,0.931,0.922,1,Dendritic cell
HMGN1,0.14133348162297726,5.6588056891269805,0.847,0.858,1,Dendritic cell
INPP5B,0.14136534832040396,0.43770150716487954,0.592,0.588,1,Dendritic cell
TMEM236,0.14140150183935962,0.1366399796023403,0.025,0.02,1,Dendritic cell
NCR3,0.14141594856936782,1.3193152639096546,0.014,0.01,1,Dendritic cell
RORA,0.1415039486723801,1.4764088995364988,0.076,0.068,1,Dendritic cell
TKT,0.14153546441559733,-1.8593797775584235,0.789,0.802,1,Dendritic cell
GAS6,0.1415753305469929,-1.085710938294997,0.41,0.423,1,Dendritic cell
PRSS57,0.14160236755006156,-1.1641617999877658,0.011,0.01,1,Dendritic cell
ZNF267,0.14172241675009165,0.1939514955719076,0.373,0.362,1,Dendritic cell
UBA52,0.1419347492428274,-2.3628044775692203,0.993,0.991,1,Dendritic cell
DYSF,0.14200559396048387,-1.0089735989220692,0.025,0.029,1,Dendritic cell
KRT10,0.14206123426101547,-0.16737252556350057,0.095,0.1,1,Dendritic cell
SGSH,0.1423326542208609,-0.12037110999308265,0.376,0.371,1,Dendritic cell
CXCR5,0.14234331822306906,-2.0683902225861757,0.013,0.012,1,Dendritic cell
MEIKIN,0.1423693335585905,0.3300407404242147,0.019,0.015,1,Dendritic cell
MCM2,0.14241435880749706,4.084054932919286,0.085,0.076,1,Dendritic cell
ARL6IP1,0.1425411091313269,0.5579453747289129,0.612,0.631,1,Dendritic cell
PSAP,0.14266930844491982,7.27407994326019,0.987,0.988,1,Dendritic cell
FABP5,0.14271079545441195,12.414724025478584,0.351,0.361,1,Dendritic cell
ITGB7,0.14273736691150593,-2.809698536535805,0.757,0.765,1,Dendritic cell
FANCL,0.14316827177924196,0.1671226117967355,0.094,0.091,1,Dendritic cell
RTF1,0.14329456732961474,0.18985251252609325,0.618,0.615,1,Dendritic cell
BIN2,0.1434333900081951,-1.8809140095410157,0.765,0.78,1,Dendritic cell
RAI1,0.14349073540316112,-0.17867028623714992,0.345,0.353,1,Dendritic cell
SMIM15,0.14372283548796008,0.21707284955590778,0.569,0.567,1,Dendritic cell
GATAD2B,0.14372482543439255,0.6248486649689515,0.655,0.664,1,Dendritic cell
RB1CC1,0.14378176675137153,-0.12740886161753462,0.463,0.461,1,Dendritic cell
MME,0.14383095388916908,1.433710101898283,0.039,0.035,1,Dendritic cell
TARBP2,0.1439948029492428,0.1275488401520386,0.157,0.166,1,Dendritic cell
NECTIN2,0.1440996421707749,-0.2556791720116385,0.105,0.117,1,Dendritic cell
JCHAIN,0.14410066816141712,-68.8706232753913,0.258,0.266,1,Dendritic cell
CCNF,0.144136775942493,0.5261970831680531,0.03,0.03,1,Dendritic cell
NBEAL2,0.1442430586355177,4.6232604703107585,0.545,0.559,1,Dendritic cell
ZBTB8OS,0.14425150808385315,0.11212930277747735,0.269,0.263,1,Dendritic cell
MAP3K1,0.1443938123197216,1.527127639398845,0.835,0.824,1,Dendritic cell
CPSF3,0.14463760298702705,0.20399934844891687,0.493,0.482,1,Dendritic cell
NBPF1,0.14469674649913017,-0.3212434367476753,0.013,0.017,1,Dendritic cell
MAPK9,0.14476041484307045,0.6550258371418529,0.538,0.525,1,Dendritic cell
PCGF5,0.14494683182159426,0.13010286325308362,0.469,0.47,1,Dendritic cell
SMARCC1,0.14508136197561236,-0.5520119111001147,0.669,0.663,1,Dendritic cell
ARFGAP3,0.14508393513926882,-0.35589374503882265,0.624,0.637,1,Dendritic cell
TMEM126A,0.14514728381905423,0.32870817229215166,0.417,0.398,1,Dendritic cell
MYEF2,0.14521410655806716,0.5942841914297728,0.108,0.104,1,Dendritic cell
ST18,0.14539123186296743,0.2959370845615199,0.051,0.045,1,Dendritic cell
BORCS6,0.14549243495879363,0.15364717904009667,0.276,0.264,1,Dendritic cell
PSMA4,0.14555637737339922,-2.01240729087057,0.778,0.768,1,Dendritic cell
ZNF19,0.1455817642014426,0.38772991737783213,0.057,0.049,1,Dendritic cell
ZNF337,0.14561763678185408,-0.25396556266514403,0.273,0.271,1,Dendritic cell
SPIN4,0.14565225550703065,-0.20647751784625767,0.127,0.122,1,Dendritic cell
FAM118B,0.14565956192559468,0.1612042261835689,0.32,0.316,1,Dendritic cell
MICAL1,0.14588101847943036,-1.300202709239631,0.873,0.866,1,Dendritic cell
RUNX3,0.14606126785411044,2.6100381317484205,0.33,0.322,1,Dendritic cell
SLAMF9,0.1465429378368043,0.3125814149425632,0.033,0.032,1,Dendritic cell
ICOS,0.14654346791831424,0.6023832839117307,0.026,0.021,1,Dendritic cell
SHC1,0.14656186316031566,0.12452142709322356,0.478,0.489,1,Dendritic cell
JUP,0.14665080810823755,-3.9778655812870847,0.48,0.458,1,Dendritic cell
CELF1,0.1467821216394905,0.5269377515680871,0.846,0.834,1,Dendritic cell
DGKE,0.14691490355120307,0.12968754256359571,0.194,0.195,1,Dendritic cell
KIAA2026,0.1469485245809051,-0.8414579893305483,0.613,0.599,1,Dendritic cell
SETD9,0.14698994224416598,-0.19822464141979212,0.112,0.118,1,Dendritic cell
SRC,0.14724275275031048,2.093541376285574,0.374,0.366,1,Dendritic cell
HDAC3,0.14760841648202846,-0.366506627152996,0.669,0.668,1,Dendritic cell
SYTL3,0.14772015139029757,0.3657945967170333,0.071,0.065,1,Dendritic cell
ZMAT5,0.14791216385837083,0.14350999985230473,0.302,0.303,1,Dendritic cell
KCTD7,0.1481996257300288,0.14347291145886895,0.221,0.207,1,Dendritic cell
STRN4,0.1482779415534356,0.17133840950474077,0.497,0.488,1,Dendritic cell
CALM1,0.14848935393160698,1.6537748454030048,0.825,0.823,1,Dendritic cell
SLC9B1,0.1486924600474427,0.4938844895140093,0.018,0.015,1,Dendritic cell
POLB,0.14878858406153436,-2.139496686201296,0.451,0.434,1,Dendritic cell
TBC1D16,0.1489783892671446,-0.34776167132835667,0.046,0.051,1,Dendritic cell
PRUNE2,0.14898277009072075,0.1345222484938482,0.025,0.02,1,Dendritic cell
LPP,0.1490177159702926,1.107519435194718,0.485,0.5,1,Dendritic cell
CLCN7,0.1490253944077596,-2.0272634375294687,0.639,0.632,1,Dendritic cell
METTL16,0.1492069753590577,0.1945609271622412,0.283,0.273,1,Dendritic cell
MAP3K20,0.14927831652042078,0.4375060353540867,0.542,0.525,1,Dendritic cell
PDIK1L,0.1492809380512916,-0.2612783808079287,0.259,0.263,1,Dendritic cell
TMEM121B,0.14935353778646815,-0.5371254359081497,0.034,0.037,1,Dendritic cell
DDT,0.14959606011382853,0.35745670751760494,0.629,0.619,1,Dendritic cell
HDAC10,0.1496700350386106,-0.17681404194325429,0.235,0.229,1,Dendritic cell
BTG2,0.14969072939487704,-24.61946365816182,0.833,0.829,1,Dendritic cell
GPATCH4,0.14969121188754328,-0.21346290254607525,0.255,0.269,1,Dendritic cell
GAA,0.14978067163213662,3.0001272817820315,0.593,0.57,1,Dendritic cell
C2orf92,0.1498098729181657,-0.18706436134097926,0.079,0.076,1,Dendritic cell
RHOBTB1,0.1500317152431483,0.14659342367104733,0.06,0.051,1,Dendritic cell
USB1,0.15020523680342135,2.509585978818997,0.371,0.356,1,Dendritic cell
B4GAT1,0.15028523487490839,-0.18643063300602458,0.063,0.07,1,Dendritic cell
SLC66A2,0.15040457753319186,-0.2054751537196453,0.412,0.428,1,Dendritic cell
HARBI1,0.15040602485595003,-0.28908786495442174,0.049,0.052,1,Dendritic cell
HNRNPUL1,0.1504196196912249,0.14866459254027298,0.818,0.803,1,Dendritic cell
AK4,0.15057716911116756,0.41473042440916696,0.114,0.105,1,Dendritic cell
RNF11,0.1506491369247694,-1.9623490875708924,0.559,0.547,1,Dendritic cell
ENPP1,0.15068508402312447,1.8228606127661493,0.027,0.032,1,Dendritic cell
CLCN4,0.1507337684731624,-0.26121129553364786,0.039,0.046,1,Dendritic cell
NUDT19,0.15075024149894792,-0.2747701155543444,0.21,0.211,1,Dendritic cell
CDC42SE1,0.15076804624596093,4.130599604786646,0.881,0.882,1,Dendritic cell
CRY1,0.15090359785258517,0.1496192153358351,0.158,0.147,1,Dendritic cell
IFT140,0.15091221645707445,0.20826230153054404,0.036,0.03,1,Dendritic cell
ZRANB2,0.15092418151176024,-0.6103017145986342,0.767,0.755,1,Dendritic cell
BCL7A,0.15101184899999062,-0.2918223844496528,0.407,0.421,1,Dendritic cell
SNRNP40,0.15131591704671524,0.20892650512929922,0.655,0.638,1,Dendritic cell
GATA3,0.15155271568410542,-1.2869944548488648,0.03,0.025,1,Dendritic cell
IKBKG,0.15156734283917067,0.2934393147483667,0.613,0.595,1,Dendritic cell
KIF21B,0.15157410311508518,0.24414875198703512,0.088,0.078,1,Dendritic cell
STAM2,0.15176967826664914,-0.11976141519437644,0.378,0.367,1,Dendritic cell
COQ7,0.15195332243212062,0.21074750834477834,0.215,0.201,1,Dendritic cell
TREML4,0.15204533729073458,-0.29674657157252327,0.01,0.01,1,Dendritic cell
P4HTM,0.15216354505960517,0.1705303544857132,0.182,0.168,1,Dendritic cell
RNF126,0.15217778187994765,0.38774139787862705,0.331,0.316,1,Dendritic cell
ZBED1,0.15237806240899993,0.37653345146498785,0.513,0.506,1,Dendritic cell
SECTM1,0.15249481617317215,-1.1835320470654027,0.384,0.401,1,Dendritic cell
EEF1AKMT4,0.15304903451619592,-0.12017039828969622,0.132,0.122,1,Dendritic cell
TRIM3,0.1531799253066147,0.15247340916001817,0.141,0.128,1,Dendritic cell
DNAJC1,0.15325423794020265,0.13003362109898597,0.368,0.358,1,Dendritic cell
ACSM3,0.1533577292785968,0.6778148865940392,0.02,0.018,1,Dendritic cell
ASB2,0.1534861791575482,-0.1915946027170765,0.054,0.047,1,Dendritic cell
BRWD1,0.15357686986086763,-0.11147343185463376,0.445,0.429,1,Dendritic cell
THOC7,0.1535776153776795,-0.5618643991179697,0.775,0.76,1,Dendritic cell
GTF3C2,0.1536100635635444,0.18310721820845788,0.524,0.506,1,Dendritic cell
CDK2,0.15390912216271946,-0.1679288368570655,0.111,0.122,1,Dendritic cell
CDC5L,0.1539618889533899,0.11035459988817786,0.659,0.654,1,Dendritic cell
OIP5,0.15403418525816,-0.31772993064529054,0.017,0.015,1,Dendritic cell
PI4KB,0.15424824177905064,0.2026598364709864,0.642,0.629,1,Dendritic cell
SESN1,0.15426492837389383,0.5938966172428309,0.246,0.232,1,Dendritic cell
TCP11L1,0.15437957274117275,-0.31061225858838837,0.426,0.41,1,Dendritic cell
UBXN4,0.1543968708718801,-0.23274745377460881,0.852,0.843,1,Dendritic cell
ABCA7,0.15443328949248403,0.8220687623520928,0.556,0.551,1,Dendritic cell
KATNAL2,0.15444061636856982,-0.28642211218426183,0.013,0.013,1,Dendritic cell
INTS6,0.154467101198475,1.194764811782866,0.569,0.551,1,Dendritic cell
ZNF217,0.15450011543435754,0.8621357498450246,0.772,0.76,1,Dendritic cell
RNF114,0.1548105183982743,-0.4679303946288078,0.658,0.658,1,Dendritic cell
CRYBG1,0.15490118556365973,0.3604681410139676,0.656,0.638,1,Dendritic cell
SNRNP200,0.15505879577698142,0.13306631231219201,0.72,0.718,1,Dendritic cell
BLZF1,0.15506327607910797,0.4090113885529829,0.308,0.298,1,Dendritic cell
MIS18A,0.15513795192771443,0.13204706958803936,0.149,0.14,1,Dendritic cell
CCDC30,0.15514292336597515,-0.22146959703143487,0.057,0.066,1,Dendritic cell
DEPP1,0.1552095495492971,-0.49541403187619437,0.016,0.015,1,Dendritic cell
TGFBR2,0.1552129050188667,2.201746356756523,0.919,0.909,1,Dendritic cell
SCD5,0.1556355003751588,-0.8512464262434811,0.009,0.011,1,Dendritic cell
TRNT1,0.15567468540326365,0.16248190036892562,0.365,0.347,1,Dendritic cell
PSEN2,0.15577824992015102,0.2935322572964978,0.067,0.062,1,Dendritic cell
LZTFL1,0.1559329826708395,-0.25669214222669895,0.258,0.25,1,Dendritic cell
AKAP1,0.1559668470670722,2.1739849300373906,0.263,0.275,1,Dendritic cell
PBX2,0.15601469035398208,-0.32064829022596086,0.933,0.934,1,Dendritic cell
HIPK1,0.15617135154852796,-2.01018463171044,0.665,0.656,1,Dendritic cell
CTTN,0.15634445967561889,-7.196727016814195,0.016,0.013,1,Dendritic cell
CAPZB,0.15660183084383508,-1.1562143926785673,0.96,0.961,1,Dendritic cell
PLIN2,0.15684319908906127,0.3167785738807951,0.043,0.037,1,Dendritic cell
PDLIM5,0.1568567150976242,0.18416812851142272,0.144,0.134,1,Dendritic cell
TUBA1B,0.15714236526329736,89.3507490316326,0.861,0.87,1,Dendritic cell
ACAT2,0.1572128401907187,0.98703632593509,0.196,0.184,1,Dendritic cell
TCEAL3,0.15756131866697007,0.13437904255844524,0.081,0.072,1,Dendritic cell
GIT1,0.15768023805333214,0.18182687112544937,0.484,0.496,1,Dendritic cell
SEPTIN5,0.15794105895605604,1.4939602651967867,0.014,0.01,1,Dendritic cell
VPS26B,0.1580670180941541,-0.25507307908860577,0.524,0.54,1,Dendritic cell
RNF121,0.15815931909362074,-0.17142731811913703,0.113,0.122,1,Dendritic cell
C1QTNF6,0.15819437377689693,-0.11717767347482866,0.033,0.038,1,Dendritic cell
DCTN1,0.1582731484550761,-1.7832929540161881,0.674,0.69,1,Dendritic cell
SELENOS,0.15836556370844493,2.0639431893703133,0.537,0.554,1,Dendritic cell
RAB31,0.158386958927121,3.1164960943448694,0.782,0.779,1,Dendritic cell
LRCH1,0.15870052330801815,-0.14118533424161228,0.349,0.335,1,Dendritic cell
UXT,0.1587127475296859,2.8959017360560466,0.92,0.914,1,Dendritic cell
TVP23C,0.15875498837318486,-0.42570926712514634,0.015,0.018,1,Dendritic cell
HENMT1,0.15883301935951627,0.3162496049656943,0.23,0.218,1,Dendritic cell
GPR15,0.15897844222015067,0.8033293138162332,0.012,0.009,1,Dendritic cell
ACTR1B,0.1591331817582933,0.13341673069492588,0.623,0.605,1,Dendritic cell
MED31,0.159243987763587,-0.13347313472993783,0.089,0.096,1,Dendritic cell
CFAP45,0.1592734565819057,-0.11222243775584673,0.019,0.019,1,Dendritic cell
GPBP1,0.159275158807223,10.050766180550308,0.81,0.798,1,Dendritic cell
RPA1,0.15942802881391088,-0.4653420940642783,0.511,0.494,1,Dendritic cell
CYSLTR2,0.1594310340211113,0.19164948680618732,0.193,0.188,1,Dendritic cell
HDAC9,0.1594665782246805,1.4813770087094476,0.761,0.772,1,Dendritic cell
NCR3LG1,0.15951735589671395,0.4169776458498258,0.027,0.022,1,Dendritic cell
BTBD7,0.1595685910151883,0.6503498193268076,0.651,0.635,1,Dendritic cell
ALG3,0.15960172197059305,0.14743314258886847,0.269,0.282,1,Dendritic cell
VSIG4,0.15971383932745403,22.387877416010127,0.099,0.092,1,Dendritic cell
RBM10,0.16004482857989719,0.10074800301957723,0.296,0.284,1,Dendritic cell
RALGDS,0.1600971661702491,0.2198513844690222,0.312,0.326,1,Dendritic cell
SMARCAD1,0.16021556752755525,-0.1904651233255965,0.449,0.435,1,Dendritic cell
NEDD9,0.16029659392956008,0.3132182048820191,0.379,0.369,1,Dendritic cell
MUSTN1,0.16054701517493203,0.12314076225543436,0.117,0.123,1,Dendritic cell
CDNF,0.16059435370223854,0.19879011687970927,0.011,0.009,1,Dendritic cell
GLT1D1,0.16059555847465012,-0.33693242662142575,0.158,0.173,1,Dendritic cell
SCAF1,0.16078718907959838,0.14509553780459045,0.309,0.293,1,Dendritic cell
CFP,0.16082969321250673,9.812301572774317,0.786,0.78,1,Dendritic cell
FADS1,0.16088597137948535,0.5721130696702037,0.316,0.334,1,Dendritic cell
DECR1,0.160919415190626,-1.354267963493733,0.79,0.781,1,Dendritic cell
GZMH,0.1609865894204449,2.4410115706197253,0.029,0.031,1,Dendritic cell
WDR45,0.16108726200295204,0.1216483821691812,0.346,0.33,1,Dendritic cell
CLYBL,0.16130746244850858,-0.12631932613980656,0.145,0.136,1,Dendritic cell
CHCHD1,0.16138599584202934,0.15302223049508867,0.429,0.425,1,Dendritic cell
RPH3A,0.1614083219483461,-0.2224342789450917,0.027,0.022,1,Dendritic cell
CSNK1G2,0.16152686006655725,-0.5012770248287,0.637,0.625,1,Dendritic cell
CTPS1,0.1616713506104978,-0.19337664095113327,0.426,0.412,1,Dendritic cell
TOM1,0.1618984240622881,-0.5308803835509883,0.374,0.378,1,Dendritic cell
POU5F2,0.1619780204488139,0.13966429845678974,0.095,0.086,1,Dendritic cell
ZNF708,0.1619908797210097,0.1928643027615906,0.214,0.2,1,Dendritic cell
ELF2,0.16207015616246964,0.1792141553021498,0.538,0.532,1,Dendritic cell
SNW1,0.16208447514238652,-0.18869152980719806,0.483,0.492,1,Dendritic cell
SLC35E1,0.1621002788279402,-0.1102203960192294,0.492,0.507,1,Dendritic cell
ZFHX2,0.16222886613010337,-0.6371928859962024,0.013,0.016,1,Dendritic cell
FAM81A,0.16228602722596364,0.18151897219300706,0.111,0.118,1,Dendritic cell
HELZ,0.16229092571573236,0.3626790834816047,0.634,0.619,1,Dendritic cell
AMIGO2,0.162323899692891,-0.4512265669244018,0.187,0.186,1,Dendritic cell
GLE1,0.16236838557114172,-0.15589971072180175,0.379,0.362,1,Dendritic cell
MTA1,0.16239926878897054,0.16205078917304894,0.549,0.559,1,Dendritic cell
CSF3R,0.16260135206711593,1.891879011493792,0.75,0.736,1,Dendritic cell
SKIC3,0.16266767161257484,0.11074102789862783,0.667,0.664,1,Dendritic cell
ZNF85,0.16301862436021086,0.20173237963768376,0.091,0.08,1,Dendritic cell
TRAF3IP3,0.16314621263835294,1.8389752896797393,0.808,0.8,1,Dendritic cell
TCF4,0.16315458756937673,-9.148923297860243,0.547,0.534,1,Dendritic cell
RAB2A,0.1633658876422545,0.5393114034679725,0.818,0.809,1,Dendritic cell
STYX,0.16361608725776644,0.16879026260785368,0.532,0.515,1,Dendritic cell
ERCC8,0.16366127067218067,-0.18559506637151502,0.307,0.291,1,Dendritic cell
ACTB,0.1636949650477068,83.58128383635756,1,0.999,1,Dendritic cell
ANXA4,0.16375285775325174,-1.934080876605572,0.631,0.635,1,Dendritic cell
COMTD1,0.16386191977346118,-0.10319593503710167,0.106,0.116,1,Dendritic cell
TPST2,0.1640006922118508,-0.18062756349458353,0.139,0.136,1,Dendritic cell
PEX13,0.16405380178371534,0.15718887406594417,0.515,0.504,1,Dendritic cell
SURF4,0.1641191708479398,-0.1127541871146065,0.526,0.514,1,Dendritic cell
KAT2A,0.16435768351501343,-0.16935534249282513,0.112,0.118,1,Dendritic cell
NAGS,0.16437952390816024,0.14466463948966934,0.087,0.078,1,Dendritic cell
RBPJ,0.1644132757957257,-0.9877260913915586,0.71,0.695,1,Dendritic cell
FAM168A,0.16464503284954843,0.22007803552681104,0.409,0.399,1,Dendritic cell
TMEM214,0.16475196064070177,0.15920792440610576,0.363,0.348,1,Dendritic cell
PTGDR,0.1648419316151165,1.6727375425304176,0.014,0.011,1,Dendritic cell
PCBP4,0.1650208538343664,0.42514381554380254,0.01,0.009,1,Dendritic cell
ZKSCAN5,0.1650820015115264,0.26101116435658067,0.134,0.124,1,Dendritic cell
CRISPLD2,0.16514111359933953,0.7616786928887527,0.042,0.046,1,Dendritic cell
RAB5A,0.16516470263863214,0.15696505064743427,0.667,0.653,1,Dendritic cell
CADM1,0.16519165431332575,-2.9702829713528303,0.032,0.038,1,Dendritic cell
ANXA6,0.16519880310504154,2.5783856529238243,0.892,0.883,1,Dendritic cell
MAGI3,0.16521890986715823,0.25834327066567475,0.033,0.031,1,Dendritic cell
DTHD1,0.16555771866703173,2.3428049505162813,0.011,0.008,1,Dendritic cell
PBDC1,0.16566187243842154,0.18130679393264093,0.375,0.363,1,Dendritic cell
PDE4B,0.16569598638818211,0.974803874167053,0.309,0.327,1,Dendritic cell
ZWINT,0.16580598115534856,3.7865801419807363,0.022,0.025,1,Dendritic cell
CXorf65,0.1658271581831144,0.3487785686833842,0.089,0.079,1,Dendritic cell
ZBTB17,0.16594517618530416,0.1522493373310012,0.262,0.269,1,Dendritic cell
THAP4,0.16607871293448123,-0.14927451015469329,0.184,0.186,1,Dendritic cell
SELENOT,0.16607941717035501,-0.19194298869503512,0.41,0.425,1,Dendritic cell
THEM6,0.1660851159415657,0.23526876312457112,0.039,0.034,1,Dendritic cell
STON2,0.16612330459263355,-0.6228319103347882,0.155,0.145,1,Dendritic cell
TAGLN2,0.1661635531126628,-3.022478613020607,0.717,0.715,1,Dendritic cell
GOLM1,0.1663841747992263,-0.5762125932404736,0.045,0.04,1,Dendritic cell
SMIM27,0.16644326768906131,0.17846160727228133,0.217,0.204,1,Dendritic cell
VDAC1,0.16652617050715388,-0.1683065398426673,0.544,0.528,1,Dendritic cell
SHROOM1,0.16655568035825208,0.4795868412816642,0.016,0.014,1,Dendritic cell
PDRG1,0.16668803764547518,0.21942193107482955,0.117,0.112,1,Dendritic cell
SFMBT2,0.1666943299887458,-1.1780663989564317,0.569,0.574,1,Dendritic cell
PTP4A3,0.1667088748647865,6.803411185155778,0.084,0.077,1,Dendritic cell
ZFP30,0.16672249271106906,0.262658675408886,0.126,0.117,1,Dendritic cell
AIMP2,0.1668000541051336,-0.3410043302311263,0.395,0.379,1,Dendritic cell
TMBIM1,0.16689204730291735,-0.32272558797991024,0.589,0.572,1,Dendritic cell
SF3B3,0.16727609377806488,0.38136657090655746,0.693,0.682,1,Dendritic cell
SPTBN1,0.16733243500780826,-0.14296685071316179,0.247,0.237,1,Dendritic cell
RTN4,0.16745849364989715,0.21351867683297776,0.84,0.845,1,Dendritic cell
DYRK2,0.1677905269900433,-0.21526518242086645,0.585,0.574,1,Dendritic cell
APPL1,0.16809422471326632,-1.1896064992064694,0.768,0.762,1,Dendritic cell
RAB11FIP4,0.16851629583908653,0.343198049192841,0.358,0.348,1,Dendritic cell
CLK1,0.16865387122645767,0.937299028392597,0.752,0.745,1,Dendritic cell
POLD3,0.1688397567744441,0.26160301151991483,0.309,0.296,1,Dendritic cell
RIPK2,0.16889579163259488,0.2593709154621302,0.427,0.441,1,Dendritic cell
TENT5C,0.16907575184933404,0.44762787372128576,0.03,0.03,1,Dendritic cell
HCN3,0.16919787758706045,0.12871128153406008,0.012,0.013,1,Dendritic cell
CARS1,0.16929420315331972,-0.2019612553376131,0.044,0.044,1,Dendritic cell
WDR25,0.16934289284106435,0.23340174278231052,0.141,0.14,1,Dendritic cell
RNF213,0.16936444357562497,-2.016920652076612,0.748,0.744,1,Dendritic cell
RAB32,0.16942482407101978,5.923658516555754,0.729,0.713,1,Dendritic cell
HS3ST3B1,0.1694348199847122,-1.6980635123505143,0.256,0.248,1,Dendritic cell
EFCAB11,0.16972829011069399,0.15891504066209672,0.067,0.059,1,Dendritic cell
SNX24,0.16988955427206823,0.19996537216299148,0.089,0.079,1,Dendritic cell
OR56B1,0.17000143360207604,-0.39751142867657485,0.015,0.015,1,Dendritic cell
DENND1A,0.17009784904688346,-0.24852536139231152,0.605,0.601,1,Dendritic cell
SLC9A7,0.17011275673045237,0.363998352624777,0.742,0.731,1,Dendritic cell
CCDC149,0.17015317468131197,-0.23375407300143353,0.136,0.138,1,Dendritic cell
GNB1,0.1701718470124429,-0.5865347444409288,0.849,0.859,1,Dendritic cell
ANKRD37,0.1701932980894667,0.3026932249516605,0.046,0.039,1,Dendritic cell
COMMD10,0.17039367741850833,-0.1414415420330748,0.56,0.55,1,Dendritic cell
MAP2K7,0.1704427257085121,0.15653377496821297,0.49,0.473,1,Dendritic cell
IRS2,0.170573551760428,-1.4035640301107244,0.189,0.199,1,Dendritic cell
WDR41,0.17060627153169228,0.26919451823124296,0.634,0.617,1,Dendritic cell
HECA,0.17082164044971299,1.6961748508191503,0.724,0.716,1,Dendritic cell
LGALS4,0.17100408567315967,-0.34103949572394754,0.015,0.02,1,Dendritic cell
RHOA,0.17104860544929346,-4.381287526718875,0.98,0.981,1,Dendritic cell
REM2,0.17105841805408142,-0.13666284810483909,0.013,0.016,1,Dendritic cell
CDK2AP2,0.17108988938615013,0.6050664162302124,0.222,0.235,1,Dendritic cell
PHF3,0.17129374816015416,-0.16548852798241187,0.59,0.593,1,Dendritic cell
PTPN1,0.17131874240696243,-0.624020128680939,0.673,0.665,1,Dendritic cell
WBP2NL,0.1714116973999477,0.2513775389815054,0.038,0.032,1,Dendritic cell
ZNF225,0.17148853506570147,-0.19885618929974846,0.069,0.062,1,Dendritic cell
SLC25A15,0.17152107448265363,0.26973587379975394,0.138,0.126,1,Dendritic cell
FRRS1,0.17165629845755587,0.16806876348572142,0.132,0.12,1,Dendritic cell
ZNF667,0.17176248419685894,-0.5440841630399702,0.019,0.023,1,Dendritic cell
RAD9A,0.17176385466700567,0.21987891135020354,0.137,0.129,1,Dendritic cell
METTL23,0.17188642510793645,0.4775572929378429,0.615,0.599,1,Dendritic cell
BANK1,0.1719852994387188,2.282739508275135,0.274,0.26,1,Dendritic cell
IL7,0.1722199775827392,0.14827360089853858,0.07,0.062,1,Dendritic cell
LYPLAL1,0.1723104820149849,0.2471892553138263,0.395,0.386,1,Dendritic cell
GTPBP8,0.17232435122903436,0.9767391144263013,0.301,0.288,1,Dendritic cell
ZNF471,0.17259494418836663,0.3465011474264772,0.016,0.013,1,Dendritic cell
CD86,0.17282396273811057,-2.168761194815776,0.787,0.772,1,Dendritic cell
ABCF3,0.17287983436525878,0.11922238421486808,0.426,0.412,1,Dendritic cell
TFEB,0.17311921794894272,-0.3663128050251703,0.584,0.582,1,Dendritic cell
THBS3,0.17332748930998781,0.14297816555335596,0.126,0.115,1,Dendritic cell
EEF2KMT,0.1735753668636416,0.22437903673251203,0.069,0.063,1,Dendritic cell
ZNF250,0.1736066240950805,-0.30872643746237793,0.056,0.062,1,Dendritic cell
SLC39A8,0.1736661330185357,1.0761903771871075,0.148,0.148,1,Dendritic cell
ADA2,0.1736906905745565,-1.0463699956075416,0.978,0.976,1,Dendritic cell
SLC8A1,0.17371823875631398,0.5230866910078369,0.742,0.746,1,Dendritic cell
APIP,0.17385758479544997,0.3718161536432414,0.451,0.452,1,Dendritic cell
CHST15,0.17404958397143538,-0.7046762525529635,0.225,0.234,1,Dendritic cell
TNFRSF21,0.17419217330033004,2.4153897417962433,0.345,0.341,1,Dendritic cell
SLC25A45,0.1742296468846541,0.15474565676042124,0.284,0.268,1,Dendritic cell
LCP2,0.17426191847457345,-1.0624111351614651,0.811,0.798,1,Dendritic cell
WIPF2,0.17429544992247964,0.10715109086640262,0.408,0.392,1,Dendritic cell
MOXD1,0.1743282416062881,-0.4956459944883349,0.028,0.032,1,Dendritic cell
HARS1,0.17446671910967956,-0.1036860468759484,0.45,0.434,1,Dendritic cell
BRD4,0.17448475783854636,2.007942245084693,0.894,0.883,1,Dendritic cell
LTB4R,0.1746051378482374,0.13517687538410517,0.556,0.542,1,Dendritic cell
SUMO3,0.174683626566187,-0.736445344720881,0.89,0.883,1,Dendritic cell
SPTY2D1,0.17474098171775673,-0.10255222447277546,0.341,0.351,1,Dendritic cell
H1-1,0.17485291856138244,0.7157635927630146,0.023,0.019,1,Dendritic cell
WDR47,0.1752249089815647,0.3785164329053926,0.247,0.235,1,Dendritic cell
YES1,0.17539867158105946,0.18888917684435702,0.223,0.212,1,Dendritic cell
CUEDC2,0.17546509374152167,0.2560122902222237,0.53,0.512,1,Dendritic cell
DDB1,0.17548263523200405,0.36691266135575873,0.545,0.536,1,Dendritic cell
SRPX,0.17608864992240558,0.6364945635060957,0.048,0.045,1,Dendritic cell
CDC42EP1,0.17635692379873416,-0.3792178812358622,0.037,0.042,1,Dendritic cell
CYBC1,0.176553100817061,0.3828094782635496,0.834,0.826,1,Dendritic cell
BICC1,0.17670059373430605,0.16294587951020256,0.039,0.04,1,Dendritic cell
ZC3H3,0.17670087685504707,0.10610632111231566,0.388,0.385,1,Dendritic cell
GABBR1,0.17681816058265595,0.10935748441418092,0.588,0.571,1,Dendritic cell
SOS2,0.17695501740727002,0.4976014824606172,0.603,0.613,1,Dendritic cell
LASP1NB,0.17725917142737296,-0.19125104581070085,0.065,0.059,1,Dendritic cell
MOCS2,0.177418966550021,0.41617333144331314,0.401,0.391,1,Dendritic cell
GIGYF2,0.17742422550949336,0.15184269260274963,0.394,0.387,1,Dendritic cell
ZNF714,0.17745841359798012,0.14665787500062555,0.092,0.086,1,Dendritic cell
ING3,0.17749371032770198,0.18277566111894014,0.293,0.278,1,Dendritic cell
NDRG2,0.17751444622666973,-2.1721085227344403,0.679,0.671,1,Dendritic cell
MAST4,0.17760752407674293,0.2501296317009958,0.039,0.033,1,Dendritic cell
STX11,0.17765595536783457,1.8191624730634341,0.575,0.579,1,Dendritic cell
RMND1,0.17765900217211897,0.4270713486881065,0.299,0.291,1,Dendritic cell
CCDC9B,0.1777504640998319,0.19907917461409452,0.048,0.049,1,Dendritic cell
DGLUCY,0.1777578408851369,-0.33435405126765105,0.452,0.454,1,Dendritic cell
SCAMP5,0.17779572483933934,4.024856482290554,0.221,0.223,1,Dendritic cell
ERGIC2,0.1778380498549292,0.2221372256933305,0.452,0.442,1,Dendritic cell
CASD1,0.17783876880984306,-0.1706286897968361,0.331,0.322,1,Dendritic cell
PPM1G,0.17783932466016383,-0.7685413399865038,0.689,0.691,1,Dendritic cell
CBLL1,0.17786157705930486,-0.20966363043619696,0.501,0.513,1,Dendritic cell
ZNHIT2,0.17789277819190036,-0.2021964111112342,0.115,0.125,1,Dendritic cell
MAX,0.1780590855196953,-12.29465686198188,0.908,0.912,1,Dendritic cell
AURKAIP1,0.17806708300461413,0.6780894869219583,0.552,0.535,1,Dendritic cell
RPF2,0.17816375779107263,0.16287263507137345,0.298,0.285,1,Dendritic cell
CEP78,0.17843566946012207,0.8832919114239516,0.223,0.211,1,Dendritic cell
SNX5,0.1784384172037042,-0.29834457027312267,0.676,0.661,1,Dendritic cell
CPTP,0.17867904849456592,0.2355654590212799,0.171,0.16,1,Dendritic cell
TSHZ2,0.17875755893427928,1.1018852220055964,0.015,0.011,1,Dendritic cell
ZNF442,0.17876451020875583,-0.56439769342244706,0.008,0.01,1,Dendritic cell
PPARA,0.178792311858463,0.22537111981855984,0.205,0.202,1,Dendritic cell
ABCA9,0.1788553149708619,-0.44632677856162495,0.008,0.011,1,Dendritic cell
KAT5,0.1789553498166512,-0.16095522782458604,0.484,0.467,1,Dendritic cell
GNG10,0.17896288082519632,-1.1049010765359046,0.748,0.734,1,Dendritic cell
IGHD,0.17904373544173222,-14.974303262018903,0.041,0.037,1,Dendritic cell
ATP5ME,0.1790822820106357,-0.9814234484482984,0.784,0.796,1,Dendritic cell
GPATCH11,0.17912367707078564,1.2653534900066603,0.461,0.471,1,Dendritic cell
YBX3,0.17914464233392743,-0.21983879347062185,0.549,0.565,1,Dendritic cell
PTER,0.17922029133355802,0.21981095132864026,0.333,0.32,1,Dendritic cell
DTX4,0.17926334290143942,-0.10720523053140196,0.12,0.111,1,Dendritic cell
SHD,0.1793794371809548,0.711968818922136,0.129,0.144,1,Dendritic cell
DPEP2,0.17941720908417993,-0.16233060403632593,0.335,0.329,1,Dendritic cell
LY6G5C,0.1795613997884849,0.29282995103159415,0.031,0.028,1,Dendritic cell
NUP133,0.1796248581681792,0.24848552908217036,0.516,0.501,1,Dendritic cell
FMC1,0.1797600980773323,-0.18779256620570672,0.344,0.347,1,Dendritic cell
CHN2,0.1797729688076003,0.11887641639334934,0.072,0.074,1,Dendritic cell
ING1,0.17986293693760616,-0.1578827954920996,0.152,0.162,1,Dendritic cell
GPAT4,0.17994125866338223,0.7098559751293139,0.635,0.622,1,Dendritic cell
TM7SF3,0.17994684074453715,0.17146482670779006,0.578,0.564,1,Dendritic cell
AIFM2,0.17996385918744098,-0.3358556963681152,0.027,0.031,1,Dendritic cell
SLC3A2,0.18010253780279123,0.39967177339371673,0.555,0.566,1,Dendritic cell
STAP2,0.18010369500932374,0.5713431887117784,0.012,0.009,1,Dendritic cell
DEF6,0.1802484815602075,0.4632517368573925,0.753,0.738,1,Dendritic cell
FARSA,0.18028436368373313,0.12967787345616788,0.505,0.492,1,Dendritic cell
H2BC9,0.18035135355621376,93.6801491225802,0.323,0.333,1,Dendritic cell
ZNF837,0.18037494062990575,0.3988946599150571,0.018,0.014,1,Dendritic cell
ARF6,0.18050610436388345,7.311904372912014,0.974,0.975,1,Dendritic cell
LETM1,0.18094183882372694,-0.14397822861557774,0.127,0.132,1,Dendritic cell
SCOC,0.18094326137647107,-0.1048079453897246,0.146,0.144,1,Dendritic cell
SLC1A3,0.18110443097823486,-0.146216154414323,0.029,0.024,1,Dendritic cell
PKN1,0.1811609802523017,-0.585195152618998,0.777,0.764,1,Dendritic cell
H3-3B,0.18116323908076062,-0.10308236416378094,0.303,0.316,1,Dendritic cell
MYADM,0.1812122385003251,3.3668540705186025,0.705,0.711,1,Dendritic cell
NFATC2,0.18122785272141795,-0.46519171649392277,0.47,0.461,1,Dendritic cell
RAB3GAP1,0.18123007634021038,0.9234201268910116,0.583,0.569,1,Dendritic cell
CYP2R1,0.18125743495967772,0.2025177331746181,0.218,0.209,1,Dendritic cell
RAD50,0.1815517289502883,0.13529727488355148,0.459,0.44,1,Dendritic cell
ARHGAP15,0.1818032388329133,1.104142636782079,0.948,0.944,1,Dendritic cell
ADD3,0.1818644845633794,0.5224174825137622,0.74,0.728,1,Dendritic cell
NXT2,0.18188933987199807,0.20801731880195262,0.262,0.247,1,Dendritic cell
SCNN1A,0.18196881106028373,0.6048078604969591,0.011,0.008,1,Dendritic cell
SYNCRIP,0.1820139560515741,-0.12112036676749272,0.214,0.223,1,Dendritic cell
ZKSCAN3,0.18215607868003922,-0.2185980439819044,0.077,0.083,1,Dendritic cell
VTI1A,0.18215992830312017,-0.21526466039233205,0.479,0.49,1,Dendritic cell
CYB561,0.18228187542420543,0.21548114254602124,0.062,0.058,1,Dendritic cell
ZNF892,0.18256005085455748,0.2424723116316745,0.038,0.033,1,Dendritic cell
TLE1,0.1825828945447,0.9070636080040746,0.057,0.049,1,Dendritic cell
PIGT,0.1826289272053659,-0.23907640975043898,0.481,0.494,1,Dendritic cell
MTHFD2L,0.1826863253836867,0.18831878983805828,0.16,0.148,1,Dendritic cell
GLIPR2,0.1828671455357078,-0.36506438061394064,0.726,0.715,1,Dendritic cell
SCYL1,0.1828831136174732,-0.49612010644878124,0.553,0.568,1,Dendritic cell
IAH1,0.18291197939962672,-0.1408038392457689,0.663,0.654,1,Dendritic cell
GID4,0.18296302176236934,0.251652990145969,0.291,0.287,1,Dendritic cell
CAMP,0.1830426447018641,-2.9098826248403697,0.027,0.024,1,Dendritic cell
FAM110B,0.18310997293208928,-0.37262512784780544,0.016,0.015,1,Dendritic cell
PGP,0.18323753672377358,0.17868719787408027,0.474,0.462,1,Dendritic cell
CARD19,0.18325967270643184,-0.9773489967129576,0.491,0.493,1,Dendritic cell
PUS7L,0.183277645577404,0.12002236881224265,0.294,0.28,1,Dendritic cell
PARP4,0.18333764393507196,-0.3404828089006644,0.743,0.749,1,Dendritic cell
RCVRN,0.1834183288970363,-0.48074984628882067,0.016,0.018,1,Dendritic cell
TM7SF2,0.18345864804186315,-0.18772499208869076,0.093,0.092,1,Dendritic cell
EPHB1,0.18350811464266964,-1.2553184687551973,0.205,0.213,1,Dendritic cell
MSH3,0.183531264409061,-0.12116811796444282,0.209,0.215,1,Dendritic cell
MBOAT7,0.1836499595209437,-2.699677824069239,0.767,0.776,1,Dendritic cell
HERC3,0.18370764741336543,0.2972346096440921,0.692,0.682,1,Dendritic cell
EFNB1,0.183717968711997,0.391859883359154,0.472,0.487,1,Dendritic cell
TRMT10A,0.18381046020275324,0.32831315909399583,0.106,0.108,1,Dendritic cell
CXorf38,0.18385582443577694,-0.4557165557294516,0.534,0.521,1,Dendritic cell
SYP,0.18402937927679866,0.36556995049609053,0.017,0.016,1,Dendritic cell
KLF12,0.18408910539046888,0.34964377213479114,0.448,0.437,1,Dendritic cell
PTPN22,0.18413420600477717,-0.2383704549853598,0.537,0.531,1,Dendritic cell
FAHD2B,0.1842196312374362,0.5041298816140136,0.013,0.01,1,Dendritic cell
METTL1,0.1842373429783608,-0.19913846393696066,0.114,0.107,1,Dendritic cell
GPRIN3,0.18432300019403577,0.9200382099370445,0.451,0.451,1,Dendritic cell
ANAPC11,0.18450655730635304,1.3482015014809736,0.81,0.803,1,Dendritic cell
HECTD2,0.18453735346814226,-0.18897493546667699,0.034,0.032,1,Dendritic cell
NUP160,0.18462248166564735,0.5424182634257086,0.462,0.452,1,Dendritic cell
MANBA,0.18464742734166606,-0.4858269391767025,0.584,0.588,1,Dendritic cell
DGCR8,0.18477375472444976,0.236025118655171,0.306,0.292,1,Dendritic cell
PRDX6,0.18481768108767155,-0.23726249356917073,0.696,0.681,1,Dendritic cell
CNPPD1,0.18494621789030075,2.117725984094978,0.847,0.84,1,Dendritic cell
SUMF2,0.18506042847535706,-0.36134292295067905,0.715,0.705,1,Dendritic cell
GMDS,0.18511976529524715,0.1959534332607302,0.306,0.29,1,Dendritic cell
RAC1,0.18520105251567792,-0.7696897873164286,0.703,0.689,1,Dendritic cell
APOBEC3A,0.18520495404253692,1.339897870857964,0.054,0.055,1,Dendritic cell
SEPTIN1,0.18522410190266717,3.689799622111206,0.352,0.337,1,Dendritic cell
ZNF248,0.18525363746726253,-0.21928810157078504,0.117,0.126,1,Dendritic cell
CNTROB,0.1853654143228009,1.0208560224177312,0.219,0.225,1,Dendritic cell
ACTR2,0.185461055717654,0.6334849040311159,0.882,0.876,1,Dendritic cell
PLEKHO2,0.18563393095142292,1.5322595515988349,0.587,0.573,1,Dendritic cell
UQCC3,0.1858515964956409,0.11016233392044772,0.21,0.201,1,Dendritic cell
ZNF556,0.1858788784480086,-0.1332885767764891,0.033,0.039,1,Dendritic cell
MRC2,0.1858831465948928,1.0006038546905356,0.032,0.036,1,Dendritic cell
KIF15,0.18597968440197074,2.0371114404493955,0.013,0.011,1,Dendritic cell
TGIF2,0.1860334880391906,0.10931860863973486,0.219,0.223,1,Dendritic cell
BEX3,0.18604186334520242,-0.28710683053319985,0.064,0.057,1,Dendritic cell
ZNF662,0.18622750883886968,0.34925809199531255,0.011,0.008,1,Dendritic cell
SCHIP1,0.18642425972516286,0.3257570273104422,0.028,0.023,1,Dendritic cell
SHF,0.18684054395229963,-0.3936108807211225,0.03,0.037,1,Dendritic cell
TMED9,0.18687086980262818,-0.20713795405711677,0.646,0.647,1,Dendritic cell
DCPS,0.18709465755853355,0.11776263816262789,0.355,0.337,1,Dendritic cell
DENND1B,0.18710610061768868,-0.8021951606348732,0.364,0.371,1,Dendritic cell
DZIP1L,0.1871702526980623,0.21681412760146435,0.038,0.032,1,Dendritic cell
EIF4G3,0.18724541368577532,-1.686186952280666,0.692,0.706,1,Dendritic cell
KAT6A,0.18726067958364387,0.44408306701138134,0.708,0.711,1,Dendritic cell
TMLHE,0.187266448287685,0.19591033920086742,0.37,0.356,1,Dendritic cell
IFI35,0.18729833147731423,-1.999206116925595,0.346,0.349,1,Dendritic cell
MBD4,0.1873383043522735,0.12044770224353885,0.469,0.454,1,Dendritic cell
DDHD2,0.1874180919973764,0.1378461174785519,0.25,0.234,1,Dendritic cell
KCNK1,0.18745513017512166,-0.16271763461204536,0.031,0.036,1,Dendritic cell
STRBP,0.1874609764914239,0.374137048257424,0.318,0.332,1,Dendritic cell
TPP2,0.18753730957740244,0.33355151191624666,0.542,0.526,1,Dendritic cell
LPCAT1,0.18759367355032622,0.29252885684389973,0.572,0.585,1,Dendritic cell
SRSF2,0.1876545706503481,0.3387572588126142,0.834,0.845,1,Dendritic cell
OGDH,0.18795198639849764,0.49450332400632613,0.662,0.646,1,Dendritic cell
WDR36,0.1879553803514991,0.11405476760331656,0.316,0.303,1,Dendritic cell
ALDH1A1,0.1882394753260647,-5.087283246474932,0.025,0.028,1,Dendritic cell
KDM4A,0.1884105509647039,0.15276829911930467,0.402,0.386,1,Dendritic cell
IL10RA,0.1884352821617768,2.002494763998957,0.932,0.927,1,Dendritic cell
ZKSCAN7,0.18855902833469965,0.22045963505097355,0.047,0.041,1,Dendritic cell
PRELID3A,0.18860041627653742,0.34987646671429706,0.038,0.033,1,Dendritic cell
PSTPIP1,0.18871501870702223,0.24631390507336803,0.643,0.651,1,Dendritic cell
ZNF485,0.18878880696148034,0.22441640764290316,0.04,0.034,1,Dendritic cell
MPIG6B,0.1888995095120399,-2.0346952125569335,0.047,0.045,1,Dendritic cell
ANGEL2,0.18901148006337679,-0.1524046507253377,0.352,0.339,1,Dendritic cell
RABL6,0.18924089156570872,0.1281235294198373,0.691,0.681,1,Dendritic cell
CCDC6,0.1893078665198187,-3.4472368401470526,0.777,0.765,1,Dendritic cell
SIGLEC1,0.18930801487791007,2.1992287666849744,0.102,0.095,1,Dendritic cell
TMEM229B,0.18931175878706205,0.13691068335448114,0.218,0.236,1,Dendritic cell
RYBP,0.1893737033493171,-1.3106617253258648,0.653,0.638,1,Dendritic cell
CAPS,0.1894452277776145,0.19981393455075547,0.159,0.149,1,Dendritic cell
PYHIN1,0.18950357838790732,4.666249198403981,0.044,0.036,1,Dendritic cell
GMPPA,0.1896383892155085,-0.2325453585323337,0.251,0.262,1,Dendritic cell
SND1,0.18970127171440487,2.569394431903312,0.801,0.813,1,Dendritic cell
CA3,0.19005129491956865,0.19744732784015984,0.011,0.012,1,Dendritic cell
EIF4B,0.19015565749149746,-0.23903024741756163,0.902,0.898,1,Dendritic cell
STK40,0.19034257819077013,0.6796143203907974,0.698,0.71,1,Dendritic cell
NRDE2,0.19039549887851567,-0.16014591518841081,0.07,0.076,1,Dendritic cell
TFB1M,0.19063006690014253,0.149677349411803,0.233,0.229,1,Dendritic cell
JAK2,0.19080300379384058,-2.931841190023526,0.887,0.892,1,Dendritic cell
ADGRG1,0.19111362678907198,9.994019576231985,0.027,0.027,1,Dendritic cell
NARF,0.19118389446100018,-0.14927094054762824,0.398,0.416,1,Dendritic cell
NLRP7,0.1912445359765246,-0.2771478466060846,0.041,0.047,1,Dendritic cell
CWC27,0.1912764826493698,-0.33228259996357923,0.424,0.426,1,Dendritic cell
TMEM268,0.19132513113208066,-1.3437165241775726,0.509,0.492,1,Dendritic cell
BRI3,0.19133715725438794,-0.3968560272682531,0.953,0.955,1,Dendritic cell
ZNF831,0.19150483826357673,0.18448221493206152,0.019,0.015,1,Dendritic cell
FAM110A,0.191559685632995,-0.15915800843378636,0.167,0.179,1,Dendritic cell
FBXO33,0.19160660105939115,-0.12568298853427484,0.201,0.21,1,Dendritic cell
TRUB2,0.1916222221130447,0.18624526152682386,0.217,0.206,1,Dendritic cell
ZNF285,0.19168767790362182,0.16617134906646136,0.023,0.018,1,Dendritic cell
NEURL1,0.19180655565418753,-0.14224444404216285,0.043,0.04,1,Dendritic cell
CAP1,0.19222610840907095,0.21775404050955205,0.323,0.311,1,Dendritic cell
LIMD2,0.19240922369894572,5.858748877064972,0.905,0.899,1,Dendritic cell
TIGD2,0.19250844007529866,0.11240322795010171,0.111,0.099,1,Dendritic cell
RBM25,0.19310880286932128,-0.5026905515629165,0.797,0.784,1,Dendritic cell
TGFBI,0.19320998806596343,-16.13324345095372,0.986,0.983,1,Dendritic cell
RAB21,0.19337451723200016,-0.3024379736760263,0.775,0.779,1,Dendritic cell
TAX1BP3,0.1933878320219224,1.7330430825754002,0.558,0.547,1,Dendritic cell
ME2,0.19383222192345378,0.7909573960309535,0.699,0.694,1,Dendritic cell
SNRNP48,0.19389145166901314,0.23399068609830465,0.271,0.26,1,Dendritic cell
BEX4,0.19391970609849232,-0.8054616225722411,0.615,0.601,1,Dendritic cell
WDR49,0.19416355321092932,-1.281155142367003,0.225,0.211,1,Dendritic cell
ZNF879,0.194211875426093,-0.19380375059343757,0.04,0.046,1,Dendritic cell
YWHAZ,0.19460737468888714,0.5317087389099306,0.981,0.981,1,Dendritic cell
TMEM30A,0.1950319167767943,-0.21347394102757544,0.576,0.585,1,Dendritic cell
PANX1,0.19527351149176794,0.11076944674932099,0.132,0.122,1,Dendritic cell
DUSP14,0.1955168805862817,0.28235266785134083,0.042,0.039,1,Dendritic cell
SLC35F3,0.19558348872602327,0.2705150315002265,0.144,0.156,1,Dendritic cell
HEATR6,0.1956642571251961,-0.12246748893415549,0.225,0.221,1,Dendritic cell
RNASEK,0.1957173161454789,2.173987675630835,0.924,0.916,1,Dendritic cell
ATP6V1D,0.19575925777555284,0.1894537821343638,0.529,0.545,1,Dendritic cell
TBC1D14,0.1959454119078963,0.5223640345450473,0.728,0.717,1,Dendritic cell
TRADD,0.1959540898483522,0.19510652202770606,0.205,0.204,1,Dendritic cell
EAF1,0.19600232328665176,-0.2912554829499804,0.298,0.305,1,Dendritic cell
PPP4R3A,0.19602142838628428,-0.13726475575032637,0.621,0.61,1,Dendritic cell
LAMC1,0.1961645586383463,0.27851961104952894,0.039,0.035,1,Dendritic cell
ZNF670,0.19625231319977576,0.2251603076709543,0.048,0.042,1,Dendritic cell
SNPH,0.1962777215793979,0.29905820867382804,0.013,0.01,1,Dendritic cell
ZNF513,0.1962995451550135,0.1206436139848579,0.196,0.188,1,Dendritic cell
UBE2D1,0.19642317147070593,-0.12017826286253075,0.36,0.357,1,Dendritic cell
KMT5C,0.19645425024193075,-0.2967933375824443,0.09,0.099,1,Dendritic cell
ELK3,0.19654416700124225,0.17031159769515414,0.277,0.273,1,Dendritic cell
NBEAL1,0.19656545984102697,0.12659386959602692,0.161,0.16,1,Dendritic cell
ZNF780A,0.19675832505209515,0.14742433637034624,0.238,0.226,1,Dendritic cell
WDPCP,0.1967895868969253,-0.2401868292163749,0.122,0.126,1,Dendritic cell
ABI2,0.19687526352673704,-0.32232899278911975,0.402,0.401,1,Dendritic cell
GAS7,0.19689315707236546,14.951122178502299,0.619,0.629,1,Dendritic cell
CLEC5A,0.19692298529095553,3.0841191328336945,0.019,0.022,1,Dendritic cell
CENPW,0.19696419451363312,0.22800496099838563,0.137,0.128,1,Dendritic cell
ARAP2,0.19699412571532438,0.3613643282284911,0.261,0.261,1,Dendritic cell
AMOT,0.19707691890229714,0.21842849118210017,0.05,0.043,1,Dendritic cell
SEPHS2,0.1970819173336594,-0.42224790165621173,0.49,0.502,1,Dendritic cell
CLK2,0.19711381912552414,-0.16516060274750366,0.096,0.101,1,Dendritic cell
POLA1,0.197282331813404,-0.26421106132376937,0.17,0.163,1,Dendritic cell
MMAB,0.19730755884369,0.15625179811073653,0.097,0.105,1,Dendritic cell
RHOC,0.19736146381076414,12.67955620873358,0.637,0.641,1,Dendritic cell
CMIP,0.19742508548850013,-0.6898299633254545,0.797,0.798,1,Dendritic cell
ACSF2,0.1974540452360406,0.3075485463815679,0.371,0.362,1,Dendritic cell
ZNF229,0.19746225815151874,0.3019621500435674,0.029,0.023,1,Dendritic cell
CDCP1,0.19755344766857805,-0.5786490010102345,0.111,0.103,1,Dendritic cell
POGLUT3,0.19785114121670724,0.16166417433603053,0.122,0.113,1,Dendritic cell
SLCO3A1,0.19790916101189024,-0.4956663042277656,0.321,0.314,1,Dendritic cell
CHIC2,0.19809658539092428,-0.10211924222339341,0.597,0.584,1,Dendritic cell
CHST11,0.1980981003707712,-0.17026606752671736,0.7,0.712,1,Dendritic cell
BOLA1,0.1981237018048378,0.15164303786967626,0.05,0.044,1,Dendritic cell
ZNF638,0.198215793208639,-1.3220685907794305,0.681,0.683,1,Dendritic cell
MARCHF8,0.198293839968779,0.1625512837516062,0.374,0.36,1,Dendritic cell
NSUN4,0.19829822841956637,-0.11388728127790329,0.307,0.298,1,Dendritic cell
POMGNT2,0.19841382460526547,0.2269876192491762,0.05,0.048,1,Dendritic cell
ZNF75A,0.19843924679905134,0.30416938539828875,0.328,0.311,1,Dendritic cell
PPFIA4,0.19844931985396938,0.508056267755741,0.018,0.015,1,Dendritic cell
ATP5IF1,0.19855799347845246,0.18206057252944774,0.57,0.573,1,Dendritic cell
GPR89B,0.1986495576478224,-0.17886870292290213,0.114,0.113,1,Dendritic cell
IER2,0.19868992818774317,36.94125591156422,0.857,0.868,1,Dendritic cell
MAGEH1,0.19882539609049502,0.1740290687653025,0.23,0.226,1,Dendritic cell
ELMOD2,0.1988622900582831,0.18618521362599222,0.268,0.253,1,Dendritic cell
MLC1,0.1989392620544864,-0.19357479879535155,0.02,0.018,1,Dendritic cell
ADPRH,0.19900201318212568,0.18445789478533814,0.328,0.313,1,Dendritic cell
THRB,0.1990586809761633,-0.5012214254556229,0.007,0.01,1,Dendritic cell
DDX17,0.1990890806769705,0.9718968145595621,0.9,0.902,1,Dendritic cell
C10orf88,0.1991183434043708,-0.17869419657546204,0.137,0.144,1,Dendritic cell
FSTL3,0.1991666590141593,-0.22560775587806914,0.049,0.055,1,Dendritic cell
GAREM2,0.19920232399409965,0.22441706979152665,0.032,0.027,1,Dendritic cell
CCR9,0.19941379405275084,0.2949045069552687,0.01,0.009,1,Dendritic cell
PLIN3,0.19957331242593784,-0.3535545429777325,0.52,0.534,1,Dendritic cell
PRSS23,0.19976414096462722,2.628610472487871,0.024,0.019,1,Dendritic cell
CENPT,0.20025625767952515,0.15045515791362193,0.281,0.272,1,Dendritic cell
PLXDC1,0.2002752856709924,0.5223190927482806,0.037,0.032,1,Dendritic cell
GPR34,0.2004288892597721,0.48543144497644275,0.058,0.057,1,Dendritic cell
ADRB1,0.20042965962266443,0.646116988979955,0.029,0.024,1,Dendritic cell
RPA2,0.2004640780554282,-0.145166327060342,0.319,0.331,1,Dendritic cell
EIF3A,0.2004947306503137,-0.2923273011727723,0.923,0.914,1,Dendritic cell
IQCN,0.2006898050797219,0.1272917789874889,0.147,0.136,1,Dendritic cell
RSAD2,0.2007016332022084,-17.068879814247815,0.068,0.059,1,Dendritic cell
RC3H2,0.20070539101756327,-0.1960530453956788,0.638,0.622,1,Dendritic cell
SPTLC2,0.2012564051370477,-0.28925057390009723,0.77,0.765,1,Dendritic cell
FLT3,0.20132210355078953,-8.54614752182881,0.824,0.817,1,Dendritic cell
SNRNP70,0.20134391720094724,0.1276211886982208,0.443,0.448,1,Dendritic cell
STIMATE,0.20156811950565667,0.12148442604936416,0.485,0.467,1,Dendritic cell
CISD2,0.20163742056241138,-0.2578490979186785,0.418,0.425,1,Dendritic cell
CBY1,0.20163751888995468,0.20145134931477537,0.053,0.05,1,Dendritic cell
LYST,0.2017947152679446,1.7081244733798346,0.701,0.689,1,Dendritic cell
ACSL5,0.2020850385439478,-0.4284724658308967,0.644,0.629,1,Dendritic cell
KIF1C,0.20210388718656092,-0.19532306594461016,0.249,0.239,1,Dendritic cell
SCML1,0.20217855904825638,0.1844587432769873,0.119,0.114,1,Dendritic cell
MXD3,0.20224588455542047,-0.14587224339900562,0.025,0.029,1,Dendritic cell
NVL,0.20234047583410547,0.12823806794789072,0.209,0.197,1,Dendritic cell
OCLN,0.20244496212407923,0.15287504674611663,0.059,0.059,1,Dendritic cell
RNF227,0.20259021891622367,0.219655821020037,0.093,0.084,1,Dendritic cell
NIF3L1,0.20259277641336407,0.19428691604253995,0.223,0.222,1,Dendritic cell
WIPI1,0.2026709606901817,0.2520224619749838,0.091,0.084,1,Dendritic cell
ARL4D,0.20277905478942365,0.53276413417833,0.052,0.047,1,Dendritic cell
PLXNC1,0.20309088922153765,-0.9922724764731967,0.652,0.649,1,Dendritic cell
CDC16,0.2034277951253364,0.3271452856260071,0.637,0.621,1,Dendritic cell
MGST1,0.20352046594085216,2.258928266297813,0.379,0.392,1,Dendritic cell
PHC3,0.20352346668937346,0.5308513882355372,0.703,0.713,1,Dendritic cell
CCNB1IP1,0.2036670941200226,0.43435148488814557,0.506,0.495,1,Dendritic cell
EIF2S1,0.20374579121437816,0.6815038198284658,0.713,0.699,1,Dendritic cell
PSMB1,0.20375109629891477,-0.8197371343227999,0.871,0.878,1,Dendritic cell
ALDH9A1,0.2037908563367271,0.14772802399577656,0.448,0.441,1,Dendritic cell
TIMM8A,0.20408184438449486,0.204773685624432,0.185,0.193,1,Dendritic cell
GRWD1,0.20426185874137318,0.1229145104533679,0.323,0.307,1,Dendritic cell
AP1S3,0.2046968118491202,-2.401456032748414,0.375,0.369,1,Dendritic cell
STAT6,0.2048715976572449,0.47904797379600517,0.789,0.788,1,Dendritic cell
SMO,0.20490341130145456,-0.11394080227853687,0.02,0.023,1,Dendritic cell
TBC1D5,0.20522383072435232,-0.7782143233601171,0.659,0.645,1,Dendritic cell
ZNF17,0.20542456681233562,0.2511062456198414,0.107,0.107,1,Dendritic cell
DBNL,0.20544395590961292,-0.895291038057703,0.957,0.954,1,Dendritic cell
SAMD9,0.20548075336212035,-16.690328919015407,0.404,0.388,1,Dendritic cell
KDM7A,0.20549566810275904,1.8809647442202029,0.567,0.552,1,Dendritic cell
DDR1,0.20549663841973373,-0.335224229219782,0.043,0.049,1,Dendritic cell
DTX3,0.20554652696787157,0.17254023592230716,0.038,0.033,1,Dendritic cell
INKA2,0.2055861647206399,0.5315569728283467,0.087,0.079,1,Dendritic cell
SLC43A1,0.20563371457765284,-0.2528692077483825,0.073,0.082,1,Dendritic cell
PTGDR2,0.20594702638650308,0.3062970507183378,0.075,0.068,1,Dendritic cell
NCBP2,0.20614619765697645,0.23256776321143935,0.566,0.553,1,Dendritic cell
CAPG,0.2065031166866459,17.106697635588453,0.958,0.949,1,Dendritic cell
TRIM36,0.20684882859049436,0.26099395077077625,0.153,0.141,1,Dendritic cell
DVL1,0.20685828705382633,-0.1724395841089752,0.084,0.093,1,Dendritic cell
PGLS,0.2068803910304072,-0.37647036212809937,0.776,0.762,1,Dendritic cell
PRRG4,0.2069143748638964,-0.15774297023989847,0.075,0.073,1,Dendritic cell
METTL26,0.20693819001157607,0.11139063101161017,0.585,0.579,1,Dendritic cell
PMPCA,0.20704156094565623,-0.11815406724287003,0.318,0.311,1,Dendritic cell
ZNF491,0.20705765199309775,-0.1459402749822134,0.024,0.022,1,Dendritic cell
SLAMF1,0.2072773028629665,0.3126441971499605,0.033,0.03,1,Dendritic cell
SLC25A46,0.20729773754851294,0.225915329127512,0.533,0.527,1,Dendritic cell
TRAPPC11,0.20748165889005654,0.12172157005815132,0.566,0.549,1,Dendritic cell
C15orf40,0.2075781025221249,-0.23342906408151465,0.185,0.18,1,Dendritic cell
ZNF532,0.2075871347209134,0.2368683149914898,0.307,0.289,1,Dendritic cell
CBX6,0.20759208274004237,0.6601127186749802,0.562,0.579,1,Dendritic cell
ZNF329,0.20764740543551474,0.15384709697130816,0.144,0.137,1,Dendritic cell
OLIG1,0.20766301342116117,-3.848058606992353,0.021,0.023,1,Dendritic cell
DGKQ,0.20787247089323146,0.11520944399998645,0.141,0.129,1,Dendritic cell
HK2,0.207925841711939,0.31442674219016453,0.561,0.552,1,Dendritic cell
TMPO,0.20797431424614782,5.644038857963529,0.533,0.545,1,Dendritic cell
ADPGK,0.20800893023723757,0.12335297271024537,0.867,0.863,1,Dendritic cell
ZNF391,0.20811323358374106,0.310656747231016,0.027,0.025,1,Dendritic cell
ZNF408,0.2085613559958541,-0.20469721815618191,0.075,0.083,1,Dendritic cell
CASP9,0.20869140842222544,-0.12261306013075834,0.332,0.349,1,Dendritic cell
UTF1,0.20886823354027528,0.654259132293987,0.018,0.015,1,Dendritic cell
CERCAM,0.20903128072639723,0.44281041252475006,0.018,0.02,1,Dendritic cell
TMEM258,0.209037872123957,0.2659027362485604,0.584,0.597,1,Dendritic cell
MARCHF1,0.20920252317920873,-4.5160311393695665,0.896,0.889,1,Dendritic cell
AP2A1,0.20921371284314094,-2.1061173938727675,0.686,0.698,1,Dendritic cell
PSMG3,0.2092288473280422,0.15192112040380512,0.41,0.408,1,Dendritic cell
BST2,0.20924568332120594,-8.89609813199926,0.934,0.926,1,Dendritic cell
GPR157,0.20926097019686066,5.128589948977939,0.04,0.034,1,Dendritic cell
C17orf67,0.20929566051042608,0.5468960763107384,0.013,0.012,1,Dendritic cell
STIM1,0.2093264472665518,0.13343139202701648,0.614,0.612,1,Dendritic cell
GLIPR1L2,0.20938260769897885,-0.4843140738564813,0.012,0.016,1,Dendritic cell
ARL10,0.20951882596498947,-0.23869558487362852,0.044,0.05,1,Dendritic cell
SNX27,0.2096605658382522,-1.1247914915824664,0.583,0.587,1,Dendritic cell
RBM5,0.2096771435907837,0.2647159782982831,0.635,0.637,1,Dendritic cell
LRRC34,0.2098343461406534,0.16007581420312222,0.068,0.061,1,Dendritic cell
SARM1,0.20992674560557736,0.156080529854425,0.118,0.108,1,Dendritic cell
PRF1,0.20995152768909364,13.471064081488727,0.062,0.054,1,Dendritic cell
ILDR2,0.21013258791341582,-0.5174286031756017,0.013,0.012,1,Dendritic cell
PHETA1,0.2103340769175113,0.5981272482071938,0.152,0.142,1,Dendritic cell
METTL9,0.21057027346330204,-2.139862648208867,0.777,0.782,1,Dendritic cell
CSRNP2,0.21060405837345506,0.17966904125317873,0.104,0.095,1,Dendritic cell
ANKRD13C,0.21075650332674825,0.30161672846678467,0.295,0.282,1,Dendritic cell
MAN1C1,0.2107993740349492,-0.1414441503284285,0.089,0.082,1,Dendritic cell
SCAMP3,0.21092280003775254,0.12015579173855673,0.512,0.499,1,Dendritic cell
GABARAPL2,0.21101413144001277,-11.366173221465967,0.678,0.669,1,Dendritic cell
FADD,0.21106948726626965,0.14652231387948006,0.279,0.262,1,Dendritic cell
CCNB2,0.211574445483957,-11.55806284764921,0.041,0.038,1,Dendritic cell
CUL5,0.21161250368328968,0.11055254147219706,0.505,0.493,1,Dendritic cell
ZC4H2,0.21162996866930153,-0.25591931186559425,0.04,0.04,1,Dendritic cell
SLC66A3,0.21163721268996494,-0.7402656314359675,0.694,0.683,1,Dendritic cell
LCP1,0.21167659565035166,-30.391623193403632,0.998,0.999,1,Dendritic cell
EIF5B,0.21197150566132916,-0.28043377723060736,0.588,0.574,1,Dendritic cell
TMEM254,0.21235405038852478,0.10461214752282677,0.181,0.169,1,Dendritic cell
NDUFS4,0.2123898025030434,-0.3914571991647606,0.651,0.632,1,Dendritic cell
RSPRY1,0.2125657618479629,-0.11696205760844691,0.377,0.363,1,Dendritic cell
CYB5RL,0.21268284502937146,0.29780728458821004,0.072,0.068,1,Dendritic cell
EGLN2,0.2127462236348065,-0.12580936447549274,0.444,0.43,1,Dendritic cell
TRAPPC3,0.2129558195369592,-0.14208453213601313,0.695,0.681,1,Dendritic cell
TIAM1,0.2129789138934913,0.32401452318564283,0.37,0.358,1,Dendritic cell
TXLNA,0.2130760916179781,-0.1714399402618314,0.569,0.563,1,Dendritic cell
RAB27A,0.21321699856171877,0.8159821762178447,0.498,0.481,1,Dendritic cell
AKAP9,0.2132546905873294,-0.42052001336001865,0.778,0.784,1,Dendritic cell
MTERF4,0.21326051422660836,0.6043274361942945,0.424,0.415,1,Dendritic cell
ZNF333,0.2133347999296928,0.11486589951230658,0.243,0.229,1,Dendritic cell
BCS1L,0.21345432247231763,0.11655443840289581,0.202,0.214,1,Dendritic cell
GPR84,0.21354794183258496,2.8426076679485375,0.063,0.058,1,Dendritic cell
EMILIN2,0.21375323623485698,12.043779913817264,0.74,0.742,1,Dendritic cell
IQCG,0.21375486208068112,0.20865114235461313,0.156,0.144,1,Dendritic cell
BRI3BP,0.21396786520955335,-0.7366874323044339,0.593,0.606,1,Dendritic cell
ENSG00000284691,0.2140634794694821,-0.25139689228084494,0.051,0.054,1,Dendritic cell
DUS2,0.2142970498115873,-0.30018523673263586,0.181,0.176,1,Dendritic cell
WLS,0.21440301584251892,-0.882657181673109,0.021,0.023,1,Dendritic cell
POLDIP3,0.21440834133172565,0.27446453067579,0.645,0.631,1,Dendritic cell
KIAA0319L,0.21443218985008589,-0.17790622668183148,0.308,0.31,1,Dendritic cell
LSM6,0.2145696335519636,4.943199228379658,0.708,0.691,1,Dendritic cell
SLF1,0.21466576396157364,-1.092697544624301,0.101,0.104,1,Dendritic cell
WDR5,0.21479224697538898,0.23600583026981958,0.041,0.036,1,Dendritic cell
HDAC4,0.21480099977637945,0.2192039245617492,0.353,0.346,1,Dendritic cell
OASL,0.21482015575919255,-7.545117307839425,0.07,0.067,1,Dendritic cell
CDKN1A,0.21483826925682947,1.332522647533379,0.254,0.269,1,Dendritic cell
RASSF8,0.21483862742275847,-0.1572703543253393,0.077,0.085,1,Dendritic cell
NEDD8,0.21490411171693072,0.12235585498784873,0.737,0.741,1,Dendritic cell
ANXA5,0.21505864256447574,-0.9300405194348471,0.889,0.879,1,Dendritic cell
DDAH2,0.2150754030620295,0.5726434791007806,0.473,0.476,1,Dendritic cell
RAD9B,0.2151876159341607,0.12130487868628981,0.053,0.047,1,Dendritic cell
HUS1B,0.21564305741898024,-0.1690364125079693,0.011,0.011,1,Dendritic cell
NRL,0.21573775223794617,0.3301206210268819,0.028,0.025,1,Dendritic cell
SPATA2,0.2157395358543741,0.2190659950717757,0.068,0.061,1,Dendritic cell
PLEKHM2,0.21574258161028073,-0.9147381339016891,0.529,0.533,1,Dendritic cell
KLF3,0.21607409365422547,4.717945765754224,0.631,0.617,1,Dendritic cell
TLR10,0.21613529320579447,1.2955109644244995,0.35,0.335,1,Dendritic cell
ENSA,0.2161375935557401,-0.19954488078601917,0.656,0.652,1,Dendritic cell
MATK,0.21615878201161656,-6.244276170766863,0.074,0.077,1,Dendritic cell
ERLIN2,0.21635249626262534,0.15239751843535676,0.385,0.368,1,Dendritic cell
RTF2,0.21635716961592683,0.3672352848833187,0.868,0.864,1,Dendritic cell
MAGOH,0.2164124859996941,0.1815963730831336,0.47,0.465,1,Dendritic cell
PRPF4B,0.2165744525289649,0.14436802572619545,0.796,0.785,1,Dendritic cell
ZNF440,0.2165748707119445,0.13216279029795208,0.077,0.07,1,Dendritic cell
LSM3,0.21657950054697486,0.14771884231945354,0.029,0.028,1,Dendritic cell
LSM8,0.21670493693116458,0.25233995512253493,0.603,0.586,1,Dendritic cell
NUDT12,0.21682802459869052,0.18754196170748916,0.05,0.046,1,Dendritic cell
ADGRG5,0.21696038362739803,0.6045080266984568,0.297,0.311,1,Dendritic cell
PRKCE,0.21700546873649454,0.9031062938896764,0.289,0.285,1,Dendritic cell
ZNF672,0.2170734696967359,0.17127225597050222,0.35,0.335,1,Dendritic cell
HADH,0.21719420798813946,0.4094584174201681,0.515,0.504,1,Dendritic cell
USP54,0.21721480724294573,0.1946558640707603,0.024,0.03,1,Dendritic cell
OTUD6B,0.21736952289460862,-0.2542005934866505,0.519,0.504,1,Dendritic cell
ANKRD26,0.2174864708932775,0.17863022324509764,0.254,0.239,1,Dendritic cell
TRMU,0.21749775734479634,0.13311850727481506,0.29,0.278,1,Dendritic cell
DERL2,0.2175240837510666,0.10107263472228806,0.358,0.343,1,Dendritic cell
ESCO2,0.21769435758988206,1.2102669657272118,0.014,0.012,1,Dendritic cell
ICAM3,0.2177019252262817,-0.4101416041459256,0.683,0.668,1,Dendritic cell
ZIK1,0.21778913628133814,0.1913027524630766,0.078,0.07,1,Dendritic cell
RTRAF,0.21779307507306783,-0.23913256369986735,0.655,0.652,1,Dendritic cell
FICD,0.21790060862315908,0.14390602280814546,0.048,0.05,1,Dendritic cell
GTSE1,0.21799059285194491,-0.5157645751628266,0.01,0.009,1,Dendritic cell
DEPDC7,0.2180354923860621,0.21162993659636253,0.044,0.038,1,Dendritic cell
CTBP2,0.21808856696896817,2.50396749955814,0.749,0.761,1,Dendritic cell
FKRP,0.21813648921959328,0.21254172044495512,0.092,0.088,1,Dendritic cell
ZNF595,0.2182676864384867,4.2243621215812475,0.299,0.286,1,Dendritic cell
KTN1,0.21831660363313227,0.17988315506889352,0.695,0.705,1,Dendritic cell
MAPK1,0.2185951317662994,5.58827753050806,0.924,0.924,1,Dendritic cell
MCM7,0.21860590095982563,11.24466330981178,0.323,0.329,1,Dendritic cell
GTDC1,0.2186914010711872,0.18802504019864896,0.128,0.119,1,Dendritic cell
GUF1,0.2187080398736073,0.10605887017353488,0.346,0.333,1,Dendritic cell
PRDM2,0.21900781794968513,-0.7963686530677379,0.593,0.583,1,Dendritic cell
MED10,0.219103873983266,-0.2172973702394947,0.449,0.438,1,Dendritic cell
GPR33,0.2191191029467513,0.769536801346792,0.046,0.045,1,Dendritic cell
LAYN,0.2191877309223202,-0.7401436517158824,0.125,0.115,1,Dendritic cell
MFHAS1,0.21935042220737988,0.5808449419079996,0.196,0.197,1,Dendritic cell
SFXN4,0.21937269185797925,0.13489848587054243,0.187,0.191,1,Dendritic cell
TMEM176B,0.21940687696793099,-11.063764180592955,0.151,0.152,1,Dendritic cell
RETREG2,0.21948884623531761,0.24883085528899018,0.482,0.475,1,Dendritic cell
LIMK1,0.21956096784887963,-0.1403514584850445,0.462,0.475,1,Dendritic cell
ZBED3,0.2196276369740766,-0.20367870310338332,0.104,0.103,1,Dendritic cell
IGF2BP3,0.219873798264448,-1.0438352315592896,0.036,0.038,1,Dendritic cell
ATP10D,0.2199309921851458,-0.18910355780805066,0.351,0.347,1,Dendritic cell
FDXR,0.21995864272283724,-0.10163476526670534,0.06,0.066,1,Dendritic cell
RRAGB,0.22014557454417688,-0.16517284170100233,0.074,0.078,1,Dendritic cell
TRPC6,0.2202030708206358,1.1133316939656326,0.038,0.035,1,Dendritic cell
SFT2D3,0.22038282028614048,0.16876623787386036,0.14,0.137,1,Dendritic cell
SAPCD2,0.22040566671028994,-0.2968543370240333,0.018,0.022,1,Dendritic cell
CABP1,0.22042070442884762,0.2731250500412119,0.034,0.028,1,Dendritic cell
CBR3,0.2204763590603008,0.44356738632412007,0.032,0.03,1,Dendritic cell
TPCN2,0.22053123518832876,0.12948591537592424,0.077,0.068,1,Dendritic cell
H2AX,0.2205971063489107,2.105302001823541,0.165,0.153,1,Dendritic cell
DESI1,0.22060240991157865,0.37199106757931677,0.352,0.343,1,Dendritic cell
BAG1,0.22077173973884906,-0.7771270016134468,0.657,0.672,1,Dendritic cell
CD244,0.22089886921486737,-0.26103368611866973,0.349,0.351,1,Dendritic cell
DMD,0.22090503408635975,0.38158194275893287,0.045,0.042,1,Dendritic cell
IREB2,0.22099978164847398,-0.15503156377059435,0.634,0.618,1,Dendritic cell
ETF1,0.22102004119740315,0.11470993247359029,0.198,0.196,1,Dendritic cell
ADAM19,0.22105516531745042,-18.448336564522748,0.464,0.479,1,Dendritic cell
ARL16,0.2211309243732857,-0.15445341484431752,0.298,0.311,1,Dendritic cell
TRIP13,0.22114415250788413,0.1530119893642743,0.017,0.016,1,Dendritic cell
XPC,0.22118931622469368,0.16714108861565924,0.441,0.436,1,Dendritic cell
FNBP1,0.22136432408001808,-20.215026731891385,0.954,0.958,1,Dendritic cell
PRKAR2B,0.22170557589946593,-12.894859236554463,0.409,0.397,1,Dendritic cell
PPP1R10,0.22170843331683754,-0.5022191631798689,0.577,0.559,1,Dendritic cell
FANCC,0.22181380036220616,0.3051313912220477,0.079,0.074,1,Dendritic cell
PF4V1,0.22213677914215468,-1.2268949703407421,0.024,0.018,1,Dendritic cell
DCAF12,0.22222390622727997,0.2007136163526244,0.612,0.597,1,Dendritic cell
GJC2,0.22232666754839844,-0.40911204299415704,0.009,0.012,1,Dendritic cell
ADNP,0.22269811645731438,-0.21588373424096896,0.481,0.494,1,Dendritic cell
CLEC7A,0.2227230173619669,-9.332739865967028,0.643,0.63,1,Dendritic cell
REL,0.22289727146580984,12.8622222399765,0.867,0.858,1,Dendritic cell
PPP1R3B,0.22298875573449398,-0.343462008227549,0.106,0.108,1,Dendritic cell
ZZZ3,0.22303985609170823,-0.1062726610258995,0.379,0.368,1,Dendritic cell
FMNL1,0.22304166262140857,-1.5351237132702806,0.908,0.908,1,Dendritic cell
LILRB2,0.22307397431735412,6.849188171646755,0.64,0.647,1,Dendritic cell
KLHL7,0.22309862268551375,0.20334648978480918,0.216,0.205,1,Dendritic cell
USP5,0.22314355498518515,0.1515300322764871,0.436,0.434,1,Dendritic cell
MED1,0.22315176485756183,-0.3112879493459191,0.475,0.461,1,Dendritic cell
TDG,0.22320209719615067,0.10500831720125592,0.23,0.224,1,Dendritic cell
RNF149,0.2232250413806902,-0.47814236427752377,0.743,0.733,1,Dendritic cell
CARNMT1,0.2232554731592108,0.16107658437843247,0.331,0.318,1,Dendritic cell
CETN3,0.22326987230244497,0.37955917326702504,0.239,0.227,1,Dendritic cell
SAXO2,0.2233411900688932,0.5832268941289973,0.019,0.013,1,Dendritic cell
WNK1,0.22339008676970099,0.7810910846625854,0.762,0.759,1,Dendritic cell
ZNF564,0.22345019725380338,-0.13606886576424237,0.061,0.063,1,Dendritic cell
AP3S2,0.2234503791834541,0.11958056187182886,0.448,0.458,1,Dendritic cell
CDYL,0.2236457081608163,0.8066218928271929,0.489,0.474,1,Dendritic cell
DAZAP1,0.22388680463348734,0.19933248474544651,0.5,0.486,1,Dendritic cell
RABGGTB,0.22396924465990747,2.0120947784254044,0.824,0.813,1,Dendritic cell
GALNS,0.22397050133128796,0.18794927399336636,0.367,0.349,1,Dendritic cell
ST8SIA4,0.22405141203084092,-2.430007685318923,0.75,0.736,1,Dendritic cell
CD38,0.22410666091459974,2.012620978366484,0.354,0.358,1,Dendritic cell
FAM76B,0.22413301876764025,-0.6781098212528425,0.393,0.379,1,Dendritic cell
RLF,0.2241534405572916,-0.13882715211345925,0.266,0.262,1,Dendritic cell
BLOC1S2,0.22421657015268057,-1.5402702066669631,0.653,0.657,1,Dendritic cell
SUCLG1,0.2244011168314794,-0.13068668934561423,0.612,0.598,1,Dendritic cell
B3GALT9,0.2244760243813018,0.2325272732146324,0.048,0.042,1,Dendritic cell
FPR2,0.22448389599470023,-0.5470876497945754,0.024,0.025,1,Dendritic cell
LITAF,0.22454519133828277,-20.707453027499607,0.865,0.867,1,Dendritic cell
ELAPOR1,0.22463260595493612,0.503967431748225,0.013,0.01,1,Dendritic cell
SYNJ2,0.22476933900998702,0.10745091673962648,0.044,0.038,1,Dendritic cell
INO80E,0.2250314922698448,-0.2691656466117536,0.604,0.608,1,Dendritic cell
SENP1,0.22504413189298694,0.12372515984314952,0.29,0.277,1,Dendritic cell
HSBP1L1,0.225069115451798,0.12876747637065256,0.048,0.041,1,Dendritic cell
ARHGAP11B,0.2252346813082247,-0.1431656557322094,0.165,0.176,1,Dendritic cell
GSR,0.22532874066245012,-0.25656900656459714,0.633,0.648,1,Dendritic cell
ALDH6A1,0.22593567488002164,-0.11483340117977034,0.259,0.267,1,Dendritic cell
TOR1A,0.2260806231948333,-0.12669993152568004,0.63,0.62,1,Dendritic cell
COPG1,0.22618402711211333,1.2812324830358799,0.723,0.71,1,Dendritic cell
GDPD3,0.22620352770579924,-0.17135344838058586,0.064,0.071,1,Dendritic cell
ZNF684,0.2262314830649653,-0.32114128863228775,0.038,0.044,1,Dendritic cell
LAMB2,0.2262783977577577,-0.1528201470597823,0.098,0.091,1,Dendritic cell
NCF2,0.22655096009531117,-0.7454003339758231,0.729,0.731,1,Dendritic cell
GOPC,0.22682675915713052,-0.44981596175352223,0.499,0.483,1,Dendritic cell
C15orf48,0.22693524898747744,61.38604955694297,0.04,0.035,1,Dendritic cell
SWSAP1,0.22710327877853834,0.20100071003939557,0.144,0.132,1,Dendritic cell
AGPAT3,0.22711762106664077,0.5718199155469623,0.698,0.694,1,Dendritic cell
FFAR4,0.2271330482850921,-0.3956880968179961,0.009,0.012,1,Dendritic cell
JKAMP,0.22713307171870012,-0.12030549396082213,0.182,0.193,1,Dendritic cell
TMEM63B,0.22717340789811788,-0.1123174131332001,0.094,0.103,1,Dendritic cell
XXYLT1,0.22730159459878638,-0.17988472229818048,0.214,0.227,1,Dendritic cell
DZANK1,0.22746880696031302,0.20864255708991486,0.019,0.015,1,Dendritic cell
SIN3B,0.22766487040931743,-0.2050706475652777,0.481,0.472,1,Dendritic cell
FASTKD5,0.22768519337241983,-0.13241321444259713,0.398,0.394,1,Dendritic cell
NIBAN3,0.22783259444047246,7.102171361180886,0.255,0.264,1,Dendritic cell
IFI6,0.22805960263826983,-15.774546584099397,0.412,0.392,1,Dendritic cell
ZNF568,0.2280840974590158,0.11752868572654762,0.111,0.102,1,Dendritic cell
MSRB2,0.2282531935229582,-0.2785539286359642,0.331,0.329,1,Dendritic cell
PIGB,0.22845890926180842,0.12920910655517326,0.152,0.15,1,Dendritic cell
HSPA1A,0.2284783596042782,-0.16558853590854183,0.147,0.136,1,Dendritic cell
HNRNPH2,0.228587739408123,0.8961893391432563,0.743,0.739,1,Dendritic cell
SPRTN,0.22861741903378158,0.13603538357954303,0.186,0.175,1,Dendritic cell
TIMM29,0.228727715024318,-0.13015891833151305,0.152,0.161,1,Dendritic cell
KMT2E,0.22895391087655229,0.26084946010055354,0.844,0.847,1,Dendritic cell
STAMBP,0.22917095505206567,-0.2882805104510415,0.443,0.429,1,Dendritic cell
STX10,0.22918127935051244,-0.25400788628479765,0.521,0.533,1,Dendritic cell
DCAKD,0.22937473539093264,-0.10411039364791966,0.256,0.254,1,Dendritic cell
GSDME,0.229718199317785,0.9289385671168449,0.062,0.065,1,Dendritic cell
BEND5,0.22973581183463132,-0.7797141789583334,0.103,0.096,1,Dendritic cell
ABTB1,0.22978780851072186,-0.25930937513509306,0.338,0.345,1,Dendritic cell
TMEFF1,0.22981482256096494,0.385543579825641,0.018,0.015,1,Dendritic cell
PPIL1,0.22997353210503735,-0.16597479541075205,0.206,0.201,1,Dendritic cell
ANG,0.23009048144571087,-0.1548750128120273,0.09,0.097,1,Dendritic cell
MARCHF7,0.2301219306330833,-2.801651040877611,0.903,0.897,1,Dendritic cell
IRF2BP1,0.23021126580078155,0.20528388667548303,0.218,0.207,1,Dendritic cell
DRAM2,0.23022883875992095,0.5424316135110221,0.783,0.769,1,Dendritic cell
RNASE4,0.23028220084586162,-2.14301221602379,0.178,0.175,1,Dendritic cell
TCEAL4,0.23028452178793787,0.10304222087768175,0.258,0.244,1,Dendritic cell
CHKB,0.2304025677914187,-0.319126667598399,0.501,0.489,1,Dendritic cell
PSMD2,0.2305736461773658,0.12903564285265934,0.489,0.478,1,Dendritic cell
LAP3,0.23120796377641284,2.902994590123008,0.702,0.697,1,Dendritic cell
DNAJC18,0.23136987029926925,0.2463393932781095,0.048,0.044,1,Dendritic cell
COL5A1,0.23145838829993562,0.5975157088700733,0.01,0.008,1,Dendritic cell
TBC1D2,0.23155331072459281,-0.2889871091534302,0.109,0.116,1,Dendritic cell
GTF2H4,0.23165373776134038,-0.11644372816135298,0.241,0.253,1,Dendritic cell
REPS1,0.2317077604064443,-0.13602137939497938,0.621,0.612,1,Dendritic cell
ZNF350,0.23171750635121877,0.12323201940917117,0.137,0.127,1,Dendritic cell
CD79A,0.2318898782595892,-2.4200449652493,0.106,0.097,1,Dendritic cell
PBRM1,0.23189500678564334,0.20017700294135032,0.713,0.705,1,Dendritic cell
RNF144B,0.23197569642130994,-1.3836701530486901,0.463,0.481,1,Dendritic cell
RYR1,0.23211972222281324,0.1706799800104304,0.138,0.128,1,Dendritic cell
CNBP,0.23212641928280076,0.33155230609984443,0.909,0.917,1,Dendritic cell
PHF14,0.23223683861801445,0.19533848282680033,0.496,0.506,1,Dendritic cell
XYLT1,0.2324614189342687,-0.15263531863969315,0.3,0.298,1,Dendritic cell
ZNF221,0.2326447602814625,0.2660811595343535,0.026,0.022,1,Dendritic cell
ABCD4,0.23265921076448345,-0.15140123889994217,0.153,0.157,1,Dendritic cell
RNFT2,0.23269420381546177,0.4085828344528064,0.022,0.019,1,Dendritic cell
PYCR2,0.23277642972351045,-0.2881002087937521,0.638,0.624,1,Dendritic cell
ZBTB40,0.23284263471820774,-0.141876204689797,0.199,0.197,1,Dendritic cell
HOXA5,0.2329501375891619,-0.5263074520649598,0.009,0.012,1,Dendritic cell
CARS2,0.23305826744757674,1.3320788431413577,0.613,0.627,1,Dendritic cell
CRTC1,0.23337512942995836,-0.1963796356713352,0.118,0.124,1,Dendritic cell
PET117,0.23350282347169235,0.19661850648409473,0.189,0.187,1,Dendritic cell
GPR68,0.23352145290268161,0.3922063746993727,0.019,0.015,1,Dendritic cell
MED18,0.2338603403726584,-0.16411606461754846,0.29,0.278,1,Dendritic cell
LGALS3BP,0.23387166052555125,0.4617474508377313,0.061,0.055,1,Dendritic cell
STXBP2,0.23389206808475047,-2.5733353926464666,0.799,0.806,1,Dendritic cell
SAMD3,0.2339891401865636,6.842820434973991,0.057,0.05,1,Dendritic cell
CTDSP1,0.23426772034887577,0.6469837422662286,0.805,0.795,1,Dendritic cell
PPP1R14A,0.23434061757945615,1.6137695108818244,0.167,0.159,1,Dendritic cell
SCLT1,0.2344132906482447,2.2330661139317938,0.636,0.626,1,Dendritic cell
ZNF700,0.23443607057267296,0.11451029044884775,0.437,0.421,1,Dendritic cell
BNIP3L,0.23449940927680984,0.7173530325629356,0.736,0.743,1,Dendritic cell
MAP2K6,0.23459361384682617,-0.3895723401563189,0.396,0.41,1,Dendritic cell
ZMYND19,0.23477723135093626,-0.23188064917505602,0.172,0.165,1,Dendritic cell
COMT,0.23488801889107047,-0.2431703983213387,0.794,0.799,1,Dendritic cell
GRPEL2,0.23507790733774092,-0.1166772061764938,0.036,0.041,1,Dendritic cell
RXYLT1,0.23508145233480218,0.4419408795770334,0.216,0.203,1,Dendritic cell
XAB2,0.2352225220270363,0.22926743727819265,0.545,0.549,1,Dendritic cell
RSF1,0.2353454088931278,0.11305827521243628,0.39,0.397,1,Dendritic cell
CD24,0.23544901448253946,9.069641043524813,0.012,0.01,1,Dendritic cell
CLEC17A,0.2354668686112345,2.8449244697884875,0.194,0.197,1,Dendritic cell
UQCR10,0.235609592708034,0.18101759384719962,0.82,0.831,1,Dendritic cell
HECW2,0.23605458783891445,-0.10828904274744744,0.009,0.01,1,Dendritic cell
NICN1,0.23608334719397375,0.2963840116214847,0.222,0.217,1,Dendritic cell
ANLN,0.23609945609473382,-5.942764599462128,0.01,0.008,1,Dendritic cell
NFX1,0.23614691090851128,0.6193495680844814,0.625,0.626,1,Dendritic cell
CEP57,0.2361502982563571,-0.25187149908061945,0.477,0.467,1,Dendritic cell
CYYR1,0.23615759581043913,0.4053516649862869,0.12,0.118,1,Dendritic cell
ZNRF2,0.23631224908326645,5.19106743301143,0.867,0.86,1,Dendritic cell
IZUMO4,0.23638396941456177,-0.31686765246453197,0.046,0.053,1,Dendritic cell
ADSL,0.23650151605907282,0.1276842653962138,0.668,0.656,1,Dendritic cell
YEATS4,0.23656764672758102,0.5753868403122482,0.256,0.245,1,Dendritic cell
PEX3,0.23666584006632382,0.13299182410720756,0.192,0.18,1,Dendritic cell
ORC6,0.23671676479590706,0.5674834253406023,0.059,0.058,1,Dendritic cell
OPN3,0.23677165580686418,-1.759288571507886,0.672,0.683,1,Dendritic cell
TMEM245,0.23698312649432718,0.1111871140150964,0.418,0.43,1,Dendritic cell
RBM26,0.23702728283098046,0.16458110802149872,0.492,0.48,1,Dendritic cell
PPP1R32,0.237089660061327,-0.25894843144399893,0.03,0.033,1,Dendritic cell
CLDN12,0.23714542448903123,0.31698702270676327,0.037,0.034,1,Dendritic cell
SLC46A2,0.2371674706111061,-0.6154183868295808,0.146,0.143,1,Dendritic cell
HAMP,0.23734503952765992,2.120887960796731,0.017,0.016,1,Dendritic cell
NT5C,0.23743256829182266,0.24353425246161486,0.362,0.348,1,Dendritic cell
VPS41,0.23764072454306148,0.859084015498788,0.514,0.5,1,Dendritic cell
ABCB7,0.23771124327502302,-0.15119898231991202,0.549,0.552,1,Dendritic cell
VPS35,0.23806006892668236,-0.2820696955230977,0.618,0.624,1,Dendritic cell
ZKSCAN2,0.2388795587083723,0.16761400287812211,0.031,0.027,1,Dendritic cell
PNPLA4,0.23888710855478051,-0.17937414004196273,0.187,0.176,1,Dendritic cell
PCED1B,0.2389188749661606,-0.9949293605423244,0.247,0.243,1,Dendritic cell
WRNIP1,0.23902119714142453,-0.10223146788140114,0.382,0.393,1,Dendritic cell
SBF1,0.23902617324127043,0.38623867114418853,0.44,0.446,1,Dendritic cell
SESN3,0.23903230334615677,-0.11199784812967128,0.35,0.337,1,Dendritic cell
NDUFA10,0.23933371487080912,-0.47224137609914774,0.824,0.829,1,Dendritic cell
MFSD9,0.23935330067071117,-0.14105935890982013,0.105,0.109,1,Dendritic cell
TMEM106C,0.2394608068370645,3.8535688043752705,0.097,0.088,1,Dendritic cell
PLCG1,0.23961051188056312,-0.5652270765309836,0.068,0.061,1,Dendritic cell
NOD2,0.23990187687668119,-0.2909303360481319,0.52,0.524,1,Dendritic cell
AS3MT,0.23995071435280763,0.2637155966294733,0.016,0.015,1,Dendritic cell
CLEC4C,0.24024428894279443,-5.8527765587503495,0.345,0.353,1,Dendritic cell
CCDC126,0.24024510035564392,-0.5920471591061934,0.14,0.132,1,Dendritic cell
HIBADH,0.24083300313625386,-0.18483665860414566,0.166,0.165,1,Dendritic cell
ZMYND11,0.2409046486182244,-0.5293561804776279,0.392,0.405,1,Dendritic cell
TP53I11,0.24104007354359738,0.15938186160289847,0.15,0.158,1,Dendritic cell
PMM2,0.24104462929971945,-0.10539099033409105,0.401,0.388,1,Dendritic cell
INSM1,0.24116664583800623,0.6473866677026363,0.009,0.01,1,Dendritic cell
SRP9,0.24130678783100024,-0.25104369901628676,0.717,0.711,1,Dendritic cell
ANKRD11,0.24153688673055917,-0.1117704345609658,0.711,0.704,1,Dendritic cell
EIF3B,0.24158465955362424,0.12011487339821958,0.762,0.775,1,Dendritic cell
ZBTB33,0.2416323950761361,0.8486476201060267,0.679,0.683,1,Dendritic cell
BCL3,0.2416928626212762,3.6545050337737823,0.614,0.623,1,Dendritic cell
TIMP2,0.24170524310698618,0.8826818967989745,0.68,0.67,1,Dendritic cell
BRMS1L,0.24197882341378804,-0.33687417719562607,0.091,0.095,1,Dendritic cell
SLC35E3,0.24202840888035324,0.2637524098288382,0.189,0.182,1,Dendritic cell
C19orf12,0.2422139555099438,0.3779747918476848,0.304,0.292,1,Dendritic cell
LGALS12,0.24223975699093694,0.46222814198825146,0.045,0.042,1,Dendritic cell
NFKBIE,0.2423065700324773,0.30137414864034695,0.412,0.402,1,Dendritic cell
BDH2,0.24235502369215664,0.14472357500457256,0.171,0.164,1,Dendritic cell
CASP6,0.24237407126673832,0.2479886485908052,0.207,0.21,1,Dendritic cell
NR5A1,0.24291059075246219,-0.4792092470407807,0.008,0.01,1,Dendritic cell
LRP5,0.2429681119413674,-0.346909227177032,0.09,0.098,1,Dendritic cell
PLEKHA2,0.2432477527703183,-0.3334309787111054,0.598,0.606,1,Dendritic cell
HSF2,0.24346157715710984,0.14514167050875348,0.181,0.17,1,Dendritic cell
LIPT2,0.2434640873770676,0.4278985054142055,0.013,0.01,1,Dendritic cell
C3orf14,0.24348780940084647,0.17316209435766883,0.052,0.047,1,Dendritic cell
KHDC4,0.24356529634184684,0.12152116073754043,0.349,0.352,1,Dendritic cell
IL3RA,0.24361284997059726,-10.009617382175598,0.351,0.346,1,Dendritic cell
TNFAIP2,0.24390753549240043,22.837657245369773,0.711,0.698,1,Dendritic cell
PKN2,0.24390832333973403,-0.12871279908968436,0.525,0.527,1,Dendritic cell
VMA21,0.2439209780248522,-0.11358911996494614,0.65,0.647,1,Dendritic cell
KRTAP5-9,0.24416658961336193,0.3281952783955502,0.01,0.008,1,Dendritic cell
CCT2,0.24434374082942367,0.30034766731932194,0.451,0.447,1,Dendritic cell
PEPD,0.2444282108091216,0.1597234702697432,0.361,0.373,1,Dendritic cell
PLOD3,0.2444703381007061,-0.12531841177978253,0.419,0.404,1,Dendritic cell
ZNF445,0.24455312602744042,-0.16387822124336937,0.165,0.164,1,Dendritic cell
ABCG1,0.24494200032219324,-0.39693961612109696,0.07,0.065,1,Dendritic cell
POLR3B,0.2450289830731289,0.25614546125486615,0.115,0.11,1,Dendritic cell
PLSCR1,0.2451165219149333,-5.028806406865014,0.633,0.646,1,Dendritic cell
ABCB4,0.2453614287667693,0.5560950848939055,0.086,0.089,1,Dendritic cell
HSD17B11,0.24543123504864672,-1.2178529367964028,0.849,0.839,1,Dendritic cell
CPNE1,0.2460261547276236,1.827275088310202,0.774,0.761,1,Dendritic cell
TMED7,0.2460415120107363,0.23851510468950288,0.77,0.777,1,Dendritic cell
NETO2,0.2460786074895471,0.2101790427849004,0.07,0.075,1,Dendritic cell
TRMT13,0.2461933689039143,0.2748960384962944,0.302,0.289,1,Dendritic cell
SNRPD1,0.24627920483658255,0.1440799776094548,0.075,0.068,1,Dendritic cell
ABTB2,0.24636626998564362,-0.42310588620316825,0.008,0.01,1,Dendritic cell
TRIM25,0.24657668371379793,-0.46125674611464174,0.651,0.664,1,Dendritic cell
FAM117A,0.24665510714550481,-0.32530869128048034,0.286,0.299,1,Dendritic cell
ADPRM,0.24665884490355955,0.13641324434716728,0.166,0.156,1,Dendritic cell
ITGA10,0.246662988176381,-0.3285602564646899,0.022,0.026,1,Dendritic cell
PLCB4,0.24673981631300146,0.42508001821644914,0.022,0.018,1,Dendritic cell
ITGA7,0.24677028591850475,0.38303286929901326,0.01,0.008,1,Dendritic cell
PEBP1,0.24693158017777242,-0.7630511905334951,0.731,0.721,1,Dendritic cell
SPATA20,0.2470093773741826,-0.166863136277144,0.337,0.325,1,Dendritic cell
LIPA,0.2471049484056931,44.602329284812406,0.77,0.781,1,Dendritic cell
TAS2R30,0.2471938120218703,0.1566978116046036,0.149,0.141,1,Dendritic cell
TCEAL1,0.24724812003450627,0.22530153596048835,0.241,0.231,1,Dendritic cell
KRT18,0.2473308309459392,0.2306756976801827,0.013,0.013,1,Dendritic cell
CPD,0.24736176089908435,-0.34281361040276725,0.359,0.365,1,Dendritic cell
TOX4,0.2475197330561511,-0.3989472612675544,0.661,0.646,1,Dendritic cell
NEU3,0.24765672039076458,-0.13381555761383646,0.102,0.11,1,Dendritic cell
SP1,0.2476891768646183,-0.31481725083207657,0.744,0.753,1,Dendritic cell
UGCG,0.2477001138789203,-9.55565690617091,0.615,0.607,1,Dendritic cell
PTPN2,0.24776107541469977,-0.1788542038082377,0.441,0.425,1,Dendritic cell
AMMECR1,0.2478522488848556,0.17205211227935502,0.107,0.097,1,Dendritic cell
PHACTR4,0.24793515991379841,-0.12094994542771609,0.486,0.473,1,Dendritic cell
NCAM1,0.24798159754422322,-0.11110057061744616,0.025,0.02,1,Dendritic cell
ECHS1,0.24805187111155166,-0.4433424747598833,0.713,0.699,1,Dendritic cell
B4GALT2,0.24812742094508644,1.2466721459966115,0.011,0.01,1,Dendritic cell
PER3,0.24835938326192947,0.136871069235867,0.033,0.031,1,Dendritic cell
TXLNG,0.24839526264506562,0.14490998761760288,0.192,0.188,1,Dendritic cell
SERPINI2,0.24840182080860804,0.1850540588739027,0.079,0.07,1,Dendritic cell
MSMO1,0.2488818419243606,0.31072764621379617,0.155,0.147,1,Dendritic cell
PGBD1,0.24893275432859543,-0.21417893070589145,0.04,0.045,1,Dendritic cell
GPM6B,0.2489808558039364,-0.32392443106513524,0.085,0.092,1,Dendritic cell
DRG2,0.24909216628949318,0.19340619833892414,0.182,0.173,1,Dendritic cell
SAMM50,0.24909777601832253,0.13279222455293982,0.364,0.356,1,Dendritic cell
EEIG2,0.24918973576866424,-0.7733529801453609,0.515,0.505,1,Dendritic cell
RNF7,0.249280694453058,-0.7760707137807206,0.827,0.821,1,Dendritic cell
ROR1,0.24929514087078983,1.0308787006678388,0.023,0.019,1,Dendritic cell
KIF21A,0.24947859084225332,0.6533691360100606,0.016,0.012,1,Dendritic cell
STAM,0.24952463972340388,-0.20442225967950922,0.351,0.365,1,Dendritic cell
STX6,0.24963888024370773,-0.2740030011362089,0.56,0.545,1,Dendritic cell
FAM50B,0.24995379317532873,0.14161261232554923,0.134,0.122,1,Dendritic cell
XCR1,0.2502925667747293,-18.849669425311987,0.026,0.031,1,Dendritic cell
HELLS,0.25034019031217747,3.3974863676305045,0.191,0.184,1,Dendritic cell
PPP2R5D,0.2509113554488054,-0.29012802677458327,0.402,0.41,1,Dendritic cell
PAM,0.25092914455505955,0.1588859493642638,0.072,0.076,1,Dendritic cell
SP110,0.2509622568601538,-0.14744162184478782,0.832,0.823,1,Dendritic cell
POU6F1,0.25097467557309244,0.2797312062573569,0.027,0.023,1,Dendritic cell
BASP1,0.2510844474464562,61.59304427916153,0.539,0.538,1,Dendritic cell
NUDT16L1,0.25113372478153867,0.22593725295653977,0.31,0.297,1,Dendritic cell
UBL5,0.2512576029700503,-0.1690241357985951,0.469,0.472,1,Dendritic cell
PPM1J,0.2512643700766986,-0.890921448982037,0.283,0.295,1,Dendritic cell
CKAP4,0.2513055181544017,-0.9718920620971248,0.175,0.176,1,Dendritic cell
PALD1,0.25143000232592666,1.6433147842440092,0.227,0.221,1,Dendritic cell
CKS1B,0.25148587099781794,1.3242319037485668,0.228,0.227,1,Dendritic cell
TRO,0.25155988351419384,-0.29621379356949884,0.022,0.025,1,Dendritic cell
TIGD7,0.25175748021907707,0.26660420446243416,0.051,0.045,1,Dendritic cell
C3orf62,0.2518839336724751,-0.2194271257660394,0.067,0.074,1,Dendritic cell
ILF3,0.25202629818243294,-0.5330952777057147,0.807,0.819,1,Dendritic cell
NCOA3,0.25236635758134657,-3.975241273929244,0.84,0.849,1,Dendritic cell
NFATC2IP,0.25243636348381343,0.47153297523399296,0.537,0.545,1,Dendritic cell
CCNC,0.2526624025173852,0.3617226970138918,0.621,0.61,1,Dendritic cell
PDIA5,0.25287711485935144,0.4311319091013226,0.149,0.151,1,Dendritic cell
PPM1K,0.2529498389072856,0.5976375153650331,0.459,0.474,1,Dendritic cell
THUMPD3,0.25303231223613115,-0.12035473141119213,0.372,0.385,1,Dendritic cell
FADS2,0.2530630931751246,2.483166124937439,0.516,0.533,1,Dendritic cell
GPAT2,0.2531442661450387,-0.3083274822940387,0.012,0.016,1,Dendritic cell
TLR6,0.2533635266345709,-0.24842284597993292,0.567,0.552,1,Dendritic cell
UQCC4,0.2534409390702417,0.21684818794735605,0.048,0.046,1,Dendritic cell
RAB8B,0.25346490456500703,8.919119662010793,0.691,0.677,1,Dendritic cell
CRYM,0.2535419048409974,3.3634003584101513,0.042,0.045,1,Dendritic cell
METTL4,0.25355514286306596,0.13453833307570906,0.159,0.147,1,Dendritic cell
FCRL1,0.2539026761002509,7.625211269376862,0.017,0.017,1,Dendritic cell
KCNC4,0.2540586842276624,-0.16186934900222116,0.018,0.018,1,Dendritic cell
ITPA,0.25415232902435825,-0.28132455689040514,0.411,0.395,1,Dendritic cell
FGGY,0.2544768246465097,0.10874368843729565,0.047,0.042,1,Dendritic cell
BAZ2A,0.25463730905398435,-0.4616014915493527,0.612,0.625,1,Dendritic cell
TRIB3,0.2546388542547787,0.16450790903570534,0.057,0.061,1,Dendritic cell
SNAPIN,0.2546898135101059,0.254452843238794,0.494,0.488,1,Dendritic cell
ARHGAP24,0.25470836673787817,0.9377863401666364,0.191,0.179,1,Dendritic cell
TNS1,0.2548558151655005,-0.3372097406906276,0.013,0.016,1,Dendritic cell
PDE1B,0.2548873794087182,0.15476009263341872,0.101,0.096,1,Dendritic cell
ARFIP1,0.25495150072054396,-0.1826530729409488,0.394,0.378,1,Dendritic cell
SH2D1A,0.25514527048036545,0.3820001315031092,0.048,0.043,1,Dendritic cell
UTP3,0.25546412883428177,0.2749439512388978,0.691,0.682,1,Dendritic cell
GRK4,0.2554971041463724,-0.13982721573208456,0.04,0.044,1,Dendritic cell
EPHA2,0.25567117192421324,-1.8434787500847438,0.209,0.216,1,Dendritic cell
MT-CO2,0.2556900938800549,-98.197585750411,0.959,0.959,1,Dendritic cell
PYROXD2,0.2558168968681383,0.13373853277408987,0.06,0.061,1,Dendritic cell
NUP188,0.25593953937750735,0.27730043267056104,0.509,0.525,1,Dendritic cell
CDS1,0.25615101468387275,-0.2532676163215637,0.054,0.053,1,Dendritic cell
ZNF665,0.25646770731667334,-0.20932777592421736,0.014,0.012,1,Dendritic cell
RAPGEF1,0.2564749664469308,0.48769673523709933,0.723,0.709,1,Dendritic cell
EHD1,0.25666969221743646,3.487955652468141,0.319,0.328,1,Dendritic cell
CALML4,0.25670986609212876,-0.1198660256367996,0.163,0.155,1,Dendritic cell
C1orf109,0.2567680648848588,0.23387936316223934,0.152,0.148,1,Dendritic cell
CEACAM21,0.2568561542224513,0.11154674412500087,0.048,0.046,1,Dendritic cell
ZNF821,0.2568927934366602,0.1746494667233005,0.028,0.024,1,Dendritic cell
TTLL9,0.2569585102028514,0.3166709276743873,0.026,0.021,1,Dendritic cell
P2RY10,0.2571880022604687,4.202309557939342,0.194,0.181,1,Dendritic cell
GPR39,0.25726218365649556,-0.12728500374485918,0.024,0.022,1,Dendritic cell
TMEM123,0.2573925867572811,0.8144586821576745,0.828,0.827,1,Dendritic cell
SPECC1,0.25746705699082717,-0.30549215773330385,0.689,0.691,1,Dendritic cell
POLE2,0.25755715631796505,-0.4847369386300713,0.017,0.017,1,Dendritic cell
APCDD1,0.2576851266622759,0.1861769443213468,0.053,0.06,1,Dendritic cell
NHLRC3,0.25773098242916864,0.23640967550544026,0.301,0.294,1,Dendritic cell
ELOVL5,0.2577542807930169,2.3567979241124952,0.839,0.835,1,Dendritic cell
LILRA6,0.25785825841084614,-0.14192876523945452,0.031,0.036,1,Dendritic cell
ATP5MG,0.2579314954831763,-0.3413144006480433,0.93,0.933,1,Dendritic cell
CLEC11A,0.2579996893824765,-0.3324121898591361,0.065,0.07,1,Dendritic cell
EGFL7,0.25803728382367935,0.48468880305736306,0.01,0.007,1,Dendritic cell
SMAGP,0.25804319730822084,-0.20309921793373586,0.047,0.053,1,Dendritic cell
CARM1,0.25807884130005476,-0.6766625014925225,0.533,0.548,1,Dendritic cell
FAM216A,0.2580960111782437,0.49326362074606056,0.11,0.102,1,Dendritic cell
ZNF793,0.2581539637097248,0.16331602146673063,0.024,0.02,1,Dendritic cell
EP300,0.25820618787346966,0.6266375772201762,0.894,0.888,1,Dendritic cell
PTPDC1,0.2585125386239026,0.1431590616329812,0.052,0.046,1,Dendritic cell
TBC1D2B,0.25857918677471087,0.10082610193945385,0.598,0.612,1,Dendritic cell
SMCHD1,0.2586177691012326,-5.129216333509844,0.69,0.68,1,Dendritic cell
KRBOX5,0.2586292565613508,0.16750838742973073,0.018,0.017,1,Dendritic cell
OAF,0.2586667578621683,-0.5148122400171946,0.448,0.465,1,Dendritic cell
ANXA2,0.25876044533456044,28.618534355889693,0.911,0.905,1,Dendritic cell
ZNF18,0.25889390915562943,0.15620272758117815,0.125,0.117,1,Dendritic cell
AP4M1,0.259080658995216,0.10034717085925382,0.152,0.141,1,Dendritic cell
IDH2,0.2591931091587845,15.602815570779983,0.775,0.77,1,Dendritic cell
CDH1,0.2594100051850571,-4.386650924020573,0.124,0.13,1,Dendritic cell
ATP1A2,0.2594245331609078,0.299564663334948,0.012,0.014,1,Dendritic cell
ENTPD5,0.2595630017211272,0.24673166074287034,0.133,0.139,1,Dendritic cell
BTD,0.25981432479409805,-0.1933295846200047,0.208,0.198,1,Dendritic cell
TTC17,0.2598869153729281,-0.31133433734164395,0.648,0.651,1,Dendritic cell
BTN3A2,0.2598879624435006,0.24969771978735178,0.48,0.483,1,Dendritic cell
PLA2G2D,0.25992353556155995,-0.6300344966108966,0.008,0.01,1,Dendritic cell
PRG2,0.25994237781892565,-0.3516901294555761,0.027,0.026,1,Dendritic cell
CYC1,0.2600263497957936,0.8444771157319666,0.801,0.801,1,Dendritic cell
ZNF385C,0.2602423875416422,0.38609536832740643,0.037,0.038,1,Dendritic cell
MAP2K1,0.26025563683842873,-0.3425824899802983,0.943,0.937,1,Dendritic cell
MEAF6,0.2602806542442842,-0.1918661978683187,0.64,0.65,1,Dendritic cell
LMTK3,0.2604122006892362,-0.564503813558364,0.01,0.012,1,Dendritic cell
GALNT11,0.2605813976303858,-0.17037041314365087,0.301,0.288,1,Dendritic cell
ATAD2B,0.26062459266814947,0.38531315882354233,0.575,0.588,1,Dendritic cell
DARS2,0.26092521776538563,-0.10044314981202762,0.18,0.171,1,Dendritic cell
ZFP69,0.2612050601871694,0.21228381524818274,0.098,0.089,1,Dendritic cell
ZNF567,0.26126920305617024,0.12582866817747285,0.185,0.175,1,Dendritic cell
PIK3CB,0.26129470492052775,-1.1643902838722187,0.454,0.449,1,Dendritic cell
DCUN1D3,0.2613296294447359,-0.15430719869571607,0.075,0.074,1,Dendritic cell
CHAF1A,0.2613600388206095,4.199204410383163,0.325,0.336,1,Dendritic cell
CD99,0.26144442090826364,1.4635686316649839,0.84,0.852,1,Dendritic cell
KCTD5,0.2614984195607301,0.8040315287062882,0.419,0.415,1,Dendritic cell
ACIN1,0.2618125817225296,-0.1693645277017506,0.472,0.474,1,Dendritic cell
EVI2A,0.2619061305204277,1.3776904844112252,0.84,0.829,1,Dendritic cell
CEBPA,0.2621019548251894,0.11802590230468324,0.15,0.141,1,Dendritic cell
RBMX,0.2621059308856505,-0.41855667167446153,0.623,0.617,1,Dendritic cell
S100A11,0.2621948314197586,-4.9200861089071175,0.897,0.888,1,Dendritic cell
ROBO4,0.2623938464753705,0.11884827790027241,0.018,0.014,1,Dendritic cell
C2orf49,0.2626272740888114,-0.11535820087064041,0.412,0.401,1,Dendritic cell
RAVER1,0.2626580315916058,-0.8894881833619461,0.732,0.743,1,Dendritic cell
AQP9,0.2627804378045029,7.990216309515707,0.013,0.016,1,Dendritic cell
CORO1A,0.2631210656310888,-16.866129668910197,0.997,0.997,1,Dendritic cell
MFSD1,0.26331912630064963,0.9981039674589862,0.924,0.919,1,Dendritic cell
DNAJB6,0.2635210746746635,-0.1442333241222561,0.192,0.202,1,Dendritic cell
GPX4,0.2635232337428264,9.788941656338,0.881,0.873,1,Dendritic cell
MTR,0.26356514922410834,0.1562787976821014,0.443,0.433,1,Dendritic cell
ANKRD13B,0.2635877220941565,0.2520617401179406,0.022,0.018,1,Dendritic cell
SIL1,0.26360933316869545,-0.22408539143207218,0.459,0.444,1,Dendritic cell
SUSD3,0.263958863175765,0.9448732049493669,0.251,0.233,1,Dendritic cell
LAGE3,0.2640585969553255,0.10723486884985126,0.256,0.27,1,Dendritic cell
PLXNA4,0.2645787323133797,-6.20468020659602,0.243,0.247,1,Dendritic cell
TOM1L2,0.26467654792546447,-0.17053200138930452,0.245,0.243,1,Dendritic cell
PCID2,0.2646945902922374,4.1413651946773316,0.384,0.371,1,Dendritic cell
SDC4,0.26473218511136765,0.33758915440021564,0.047,0.05,1,Dendritic cell
GNGT2,0.26483903237220674,-0.35149802717547773,0.245,0.23,1,Dendritic cell
ALDOC,0.26499127449964704,0.15413230374155806,0.112,0.105,1,Dendritic cell
NAF1,0.2650276726165984,-0.10497149484104873,0.121,0.121,1,Dendritic cell
RAB7A,0.26511313068636566,-1.8099705452577144,0.819,0.827,1,Dendritic cell
RFX3,0.26521346406504204,0.3732806445067216,0.396,0.386,1,Dendritic cell
POMC,0.26555944638111073,-0.3056223803959517,0.016,0.019,1,Dendritic cell
CSKMT,0.26558123718959276,0.16271710592325306,0.025,0.021,1,Dendritic cell
OTULINL,0.26558949200956816,0.1778018860406405,0.902,0.895,1,Dendritic cell
TEX10,0.2656600733458385,0.17330169055158284,0.213,0.202,1,Dendritic cell
FBP1,0.26566504879285285,7.133127216056099,0.621,0.611,1,Dendritic cell
TRIM71,0.26582997931162133,-0.554148471561815,0.014,0.017,1,Dendritic cell
KIFC1,0.26584494795496816,8.175741251761206,0.016,0.013,1,Dendritic cell
FAM169A,0.2658738177581911,0.28321379241187783,0.034,0.03,1,Dendritic cell
SMAD2,0.2660043111627643,0.39205956995929636,0.768,0.773,1,Dendritic cell
STIP1,0.26625019805412364,-0.1282901602744453,0.16,0.163,1,Dendritic cell
EIF2AK3,0.26641084490424105,-0.16230192237326796,0.219,0.232,1,Dendritic cell
HIBCH,0.26652919168080436,-0.12172091775262994,0.148,0.152,1,Dendritic cell
RSPH3,0.2665482950726988,-0.6822329151934676,0.247,0.254,1,Dendritic cell
VPS13D,0.26663099942117857,0.2769074928959032,0.425,0.425,1,Dendritic cell
PSMA3,0.26669156874174843,0.2488386917098684,0.467,0.45,1,Dendritic cell
NUMBL,0.2667199511886417,-0.2966004873817272,0.087,0.089,1,Dendritic cell
PCGF3,0.26678115576485545,0.20175992017997363,0.258,0.263,1,Dendritic cell
UCHL3,0.26679447515296545,0.20499793226652585,0.517,0.507,1,Dendritic cell
DNMBP,0.26710467464824034,0.188176032040261,0.066,0.059,1,Dendritic cell
TCF12,0.2672326412322984,-0.1649809584423072,0.588,0.595,1,Dendritic cell
LRRK2,0.26732992532556255,-3.365437174419281,0.624,0.61,1,Dendritic cell
CEP97,0.267539280357477,0.16470912491704803,0.126,0.119,1,Dendritic cell
LNX2,0.26771852101040583,0.19017666600883132,0.056,0.053,1,Dendritic cell
MYH9,0.2678820994410828,1.3909389317342988,0.904,0.904,1,Dendritic cell
ALS2CL,0.2679383676167857,-0.29539363616235725,0.041,0.038,1,Dendritic cell
GUCY1B1,0.26794594146072304,-1.342466802585394,0.051,0.047,1,Dendritic cell
EDEM3,0.26799832013224156,-0.4061802464261217,0.583,0.588,1,Dendritic cell
TBC1D9,0.26812070786326386,7.11818861165759,0.738,0.737,1,Dendritic cell
CENPC,0.26840376585597303,0.12720027143649273,0.29,0.277,1,Dendritic cell
ATL3,0.26847712927278633,-0.6861156303587284,0.567,0.565,1,Dendritic cell
SCML4,0.26853245758257827,0.5879797452349798,0.03,0.025,1,Dendritic cell
SCO1,0.26858552951365683,0.1685492800276862,0.126,0.124,1,Dendritic cell
MOSMO,0.26865510637684825,0.11991931140927381,0.162,0.153,1,Dendritic cell
OPTN,0.2687808884807975,0.7414579812647751,0.09,0.086,1,Dendritic cell
SFT2D2,0.2688822688175515,2.4864899832006024,0.916,0.909,1,Dendritic cell
PSD4,0.269184706852145,0.39932046524489895,0.718,0.724,1,Dendritic cell
SLC38A5,0.26931902636019495,-0.39892359911508346,0.08,0.088,1,Dendritic cell
THBS1,0.26937176127744694,-4.015308594776436,0.013,0.017,1,Dendritic cell
ALDH5A1,0.26948198363683373,0.4129203429732893,0.169,0.17,1,Dendritic cell
EXTL2,0.26951544456684334,-0.42048853327040425,0.068,0.076,1,Dendritic cell
CHST12,0.2695432164739382,0.2760573480617827,0.405,0.394,1,Dendritic cell
CEP76,0.26972023526647004,-0.14785336404632377,0.08,0.081,1,Dendritic cell
S100Z,0.26982794793488063,-0.22445348645158925,0.305,0.299,1,Dendritic cell
MTA2,0.2701423621751174,-1.1106951864972423,0.766,0.756,1,Dendritic cell
TAOK2,0.27025126816993617,0.2541060213163424,0.37,0.377,1,Dendritic cell
LONP1,0.2703814496179498,-0.10492987219526007,0.44,0.454,1,Dendritic cell
IGFBP3,0.27052387137311446,-6.431102758609766,0.071,0.067,1,Dendritic cell
CLEC12B,0.27071943907574314,-0.10731761712457932,0.112,0.117,1,Dendritic cell
CTTNBP2NL,0.27074002314581286,0.20010477782242464,0.363,0.36,1,Dendritic cell
SEC61A1,0.27091233212856913,0.5583233938834615,0.762,0.77,1,Dendritic cell
AGTRAP,0.2709192124929564,-1.399232703555449,0.533,0.527,1,Dendritic cell
ABCB1,0.27093085892650876,0.5823930006297209,0.019,0.015,1,Dendritic cell
CLCN5,0.27094272831964905,-0.3439205000600012,0.602,0.602,1,Dendritic cell
LPAR1,0.2709740730636967,0.2068657648194958,0.091,0.084,1,Dendritic cell
TNKS1BP1,0.27131349709539837,-0.29393376757420686,0.041,0.044,1,Dendritic cell
OSBPL10,0.2713320990675258,0.6279233587730746,0.011,0.012,1,Dendritic cell
CLCN2,0.27141422009218263,0.27034399094557493,0.02,0.016,1,Dendritic cell
RAB39B,0.271415141434813,-1.070562560745879,0.155,0.161,1,Dendritic cell
PLP2,0.27154560553405727,0.5542294432756893,0.621,0.634,1,Dendritic cell
DPH7,0.27156731870090933,-0.11454499978123553,0.257,0.26,1,Dendritic cell
IL20RB,0.2717747559196836,0.22431742232258145,0.019,0.015,1,Dendritic cell
ZNF257,0.2722581229382269,0.37404744634010445,0.021,0.018,1,Dendritic cell
FKBP11,0.27235198626509344,0.21295205636397974,0.36,0.348,1,Dendritic cell
CDK20,0.2723892172063505,0.32921495179914917,0.019,0.015,1,Dendritic cell
IL2RG,0.2724002110218352,-1.045395605469107,0.835,0.834,1,Dendritic cell
CD151,0.2726693728346554,1.4385421063963355,0.301,0.296,1,Dendritic cell
ST6GALNAC6,0.27278243552837284,0.5800049924499837,0.369,0.357,1,Dendritic cell
ZNF544,0.2728061291355604,0.25967620823517323,0.204,0.197,1,Dendritic cell
DARS1,0.27290613885365184,-0.11166985991816913,0.657,0.644,1,Dendritic cell
WFS1,0.2732726287326206,-0.5404611449253016,0.008,0.01,1,Dendritic cell
ST20,0.2733672294788365,-0.16939814077972315,0.072,0.08,1,Dendritic cell
OXA1L,0.27364598592057376,-2.048755886037579,0.875,0.865,1,Dendritic cell
TTI1,0.2736517012171416,0.17383739293729528,0.208,0.2,1,Dendritic cell
PGGT1B,0.27380477387648977,0.11233967662966116,0.605,0.593,1,Dendritic cell
DUSP2,0.2738995122225293,-0.2337989995124954,0.134,0.145,1,Dendritic cell
ZNF101,0.27401878963901927,0.28678350023564614,0.26,0.251,1,Dendritic cell
NATD1,0.2741228908741772,-0.23859799739855703,0.056,0.059,1,Dendritic cell
RAB43,0.27417065414353714,0.4294518647913623,0.012,0.01,1,Dendritic cell
ZSCAN25,0.274241071633107,-0.22892857757800456,0.13,0.137,1,Dendritic cell
COL24A1,0.2742659563488409,0.16841980991463834,0.101,0.107,1,Dendritic cell
TAPT1,0.27446274715623153,-1.6720806898976988,0.447,0.458,1,Dendritic cell
SEPTIN11,0.2744650350712696,-0.4859667562454213,0.541,0.548,1,Dendritic cell
TXNDC5,0.27459244375995623,-5.049885289878151,0.496,0.5,1,Dendritic cell
RNASET2,0.27496634493497873,-0.22008090493286936,0.887,0.897,1,Dendritic cell
MACROD1,0.2750110632164623,0.17022046494371557,0.093,0.086,1,Dendritic cell
TRPS1,0.27502578972900327,-0.22997187949061182,0.556,0.555,1,Dendritic cell
CAPN15,0.2750610987683217,-0.19905588434321536,0.202,0.198,1,Dendritic cell
BAD,0.27514369811518413,-0.18768066105501768,0.086,0.093,1,Dendritic cell
PPP2R3A,0.27514770339287825,-0.41384939191056613,0.022,0.023,1,Dendritic cell
ALMS1,0.2754835133371218,-0.10817306581653777,0.284,0.278,1,Dendritic cell
AVL9,0.2755328959978582,-0.2113080800637155,0.49,0.496,1,Dendritic cell
ADCY4,0.27566708852665844,0.14154740429918933,0.042,0.036,1,Dendritic cell
ISG15,0.27570320620037586,-13.080533212158002,0.324,0.32,1,Dendritic cell
SLC22A18AS,0.27591531108382933,0.415107501735537,0.056,0.051,1,Dendritic cell
HMBOX1,0.276163364983137,-0.12214975998858302,0.53,0.54,1,Dendritic cell
DNAJC28,0.2762564160139525,0.26844829311974294,0.018,0.016,1,Dendritic cell
NMRAL1,0.2763810010648937,0.14751003371464844,0.454,0.439,1,Dendritic cell
DGKZ,0.27639733310929726,-0.22674900573255008,0.14,0.146,1,Dendritic cell
NOP9,0.2764883457735867,0.2106379330420538,0.467,0.47,1,Dendritic cell
UBE2E2,0.2770390864193227,0.4299301125024888,0.69,0.703,1,Dendritic cell
PKP2,0.277089750308619,-0.4461189895170543,0.057,0.05,1,Dendritic cell
EFCAB14,0.27711104042325607,-0.31578577216749437,0.817,0.804,1,Dendritic cell
IMMP2L,0.2773316073230011,0.8608333388186349,0.436,0.43,1,Dendritic cell
CEP20,0.2773575111635507,0.6835850598274771,0.586,0.571,1,Dendritic cell
CDH26,0.27739275728043167,0.26735655037509787,0.011,0.014,1,Dendritic cell
TATDN1,0.2774366718957223,0.21483079256199233,0.192,0.183,1,Dendritic cell
FKBP3,0.27745978051324366,-0.13495787389481662,0.444,0.437,1,Dendritic cell
GARRE1,0.2778142653643124,-0.2488487816860655,0.219,0.21,1,Dendritic cell
RUVBL1,0.2778996954749461,0.5929031329634016,0.402,0.397,1,Dendritic cell
CEACAM3,0.27808250391222655,0.29199869129180644,0.035,0.03,1,Dendritic cell
PRIMPOL,0.278228575313819,-0.1159258733040156,0.135,0.13,1,Dendritic cell
GNA13,0.2782528106033125,1.647821961676672,0.628,0.636,1,Dendritic cell
HAUS6,0.2784943908173713,0.13133269363761507,0.309,0.299,1,Dendritic cell
RGMB,0.2785536969094212,0.3443050286468763,0.014,0.011,1,Dendritic cell
DMXL2,0.2787853620966447,1.882600455788638,0.442,0.43,1,Dendritic cell
CLEC6A,0.27910523013548366,-0.5838131518498824,0.07,0.073,1,Dendritic cell
PRPF38A,0.2792060061486313,-0.7524135152841369,0.641,0.637,1,Dendritic cell
CHCHD10,0.2792743550732076,-0.14652079397017026,0.046,0.052,1,Dendritic cell
RNFT1,0.2794459143107245,-0.4505762438648543,0.354,0.347,1,Dendritic cell
NAA10,0.2795104217650349,-0.11596577895820614,0.371,0.37,1,Dendritic cell
WDR11,0.27969155329900613,-10.355429184925853,0.57,0.556,1,Dendritic cell
CCNB1,0.2800941030918907,-14.616529108119918,0.092,0.089,1,Dendritic cell
PIK3R2,0.28021467483869605,0.17138996379315108,0.357,0.344,1,Dendritic cell
TMEM129,0.2802991667698501,0.1373706766727334,0.357,0.346,1,Dendritic cell
LMAN1,0.2803773396066833,-0.2082997567443048,0.408,0.417,1,Dendritic cell
GNMT,0.28042296926064464,0.16820905378593398,0.11,0.101,1,Dendritic cell
KIAA1522,0.28062761403645564,0.18895709117014253,0.231,0.229,1,Dendritic cell
HOMER3,0.280735680730837,-0.8485666949766575,0.032,0.033,1,Dendritic cell
SLC43A3,0.280754664501627,0.40929610068153055,0.461,0.456,1,Dendritic cell
PPIG,0.2807715742204701,0.1295805263980876,0.6,0.596,1,Dendritic cell
TSPAN33,0.280786580164844,3.292992590211094,0.565,0.559,1,Dendritic cell
PRIM1,0.28079244174784923,-0.10012133106385557,0.207,0.205,1,Dendritic cell
FOXJ2,0.28080825882538646,0.145116150499641,0.387,0.373,1,Dendritic cell
WBP1L,0.2810446469874949,-0.15238810078764398,0.224,0.216,1,Dendritic cell
DMTN,0.28141663585145643,-0.6163906310002676,0.013,0.011,1,Dendritic cell
MYO1E,0.28147052222932906,-5.804330450331536,0.67,0.66,1,Dendritic cell
ZNF547,0.28191424214542793,0.23911531413240183,0.028,0.024,1,Dendritic cell
NDFIP2,0.2820149213485936,0.564210769349871,0.01,0.009,1,Dendritic cell
UQCRC1,0.28209332850649393,-0.18092316048502433,0.839,0.831,1,Dendritic cell
HGF,0.2821655232683669,0.2791192685090089,0.071,0.066,1,Dendritic cell
VASH2,0.2822490514367725,-22.328652923343846,0.063,0.061,1,Dendritic cell
NTPCR,0.2822832176042669,-0.12983378176999671,0.203,0.207,1,Dendritic cell
TCTN3,0.2824254871896563,0.22434121445842586,0.239,0.228,1,Dendritic cell
SERPINB1,0.2825882272383772,22.173832901432828,0.924,0.916,1,Dendritic cell
LRP11,0.2827938971212461,-0.29423947949890517,0.028,0.032,1,Dendritic cell
RHEBL1,0.28284712690322755,0.3643368180325002,0.021,0.017,1,Dendritic cell
FAM89A,0.2830662205507031,0.35467423956243405,0.022,0.019,1,Dendritic cell
APOL1,0.2830966123240082,0.5052445889149717,0.185,0.19,1,Dendritic cell
GUSB,0.2832450127794574,0.994852050905104,0.723,0.712,1,Dendritic cell
P2RX7,0.28325751151174555,2.716449016237609,0.254,0.25,1,Dendritic cell
MAP4K1,0.2834656899304447,0.8279576122448695,0.866,0.865,1,Dendritic cell
LRRC56,0.2835456637069583,0.16229875095747825,0.016,0.016,1,Dendritic cell
MTCH1,0.28371343359360385,0.11313367096646143,0.74,0.745,1,Dendritic cell
SAT1,0.2838931978060846,-0.5442112113115201,0.833,0.84,1,Dendritic cell
RIC1,0.28405689320023203,-0.7238223516459135,0.572,0.583,1,Dendritic cell
FBXW4,0.28426465899292536,-0.2782039190531106,0.332,0.333,1,Dendritic cell
ATN1,0.2845686416663473,0.22188403426973058,0.368,0.373,1,Dendritic cell
CHAF1B,0.28503689267237237,-0.30414494142103,0.014,0.017,1,Dendritic cell
ASTL,0.2851439253380323,-1.2213392455967806,0.02,0.021,1,Dendritic cell
NEURL4,0.28535997415274544,0.14183404646197872,0.192,0.18,1,Dendritic cell
CD1A,0.28540520596055924,0.9408174723971412,0.074,0.067,1,Dendritic cell
SLC2A9,0.285603332695236,-0.15387429061163904,0.359,0.362,1,Dendritic cell
CHD7,0.28561032031107475,0.339318329008661,0.111,0.102,1,Dendritic cell
NAT8L,0.28564952668897203,-4.036010787488833,0.106,0.11,1,Dendritic cell
TLK1,0.28579002016864874,0.35974823490498764,0.694,0.689,1,Dendritic cell
ABCA10,0.28588322616305306,-0.45846937923688014,0.013,0.017,1,Dendritic cell
ROM1,0.28589780362783423,0.6196198900215784,0.014,0.013,1,Dendritic cell
NT5C3A,0.2861149019762798,-0.9941927265722545,0.303,0.291,1,Dendritic cell
SIRPB1,0.28626240255297386,3.206585961712219,0.354,0.375,1,Dendritic cell
PBX4,0.28647055775948044,0.46636101621572923,0.014,0.012,1,Dendritic cell
FRMD4A,0.28648185041453017,-0.6507959011455786,0.035,0.033,1,Dendritic cell
PABPC4,0.2866747146937142,1.5794745159064134,0.529,0.525,1,Dendritic cell
H2AC8,0.28707087356428307,-0.41612736918376303,0.029,0.033,1,Dendritic cell
CDPF1,0.28709494095461846,-0.19539478267911736,0.103,0.106,1,Dendritic cell
MARCHF6,0.28714297123217025,0.4160621812452865,0.578,0.572,1,Dendritic cell
ARAP3,0.28719624569802804,-0.25645996155947826,0.06,0.063,1,Dendritic cell
C9orf78,0.2872108844057194,0.17118058166268746,0.616,0.618,1,Dendritic cell
NUDT8,0.28741476362026086,0.1349714177449317,0.054,0.054,1,Dendritic cell
ABCC1,0.2874221285502434,0.21489288912452587,0.534,0.539,1,Dendritic cell
ATG3,0.28775675358577846,1.0078572748601093,0.786,0.79,1,Dendritic cell
ANO9,0.2877610289990801,1.1772210959207845,0.029,0.026,1,Dendritic cell
MMP23B,0.2878611844352853,-0.34306976164122904,0.013,0.016,1,Dendritic cell
KRT10-AS1,0.28808962043364855,0.1968817915358696,0.037,0.038,1,Dendritic cell
ELAVL4,0.2882165256019671,-0.36304843863176117,0.024,0.02,1,Dendritic cell
SPC24,0.2882784319381808,1.0249087164000787,0.015,0.013,1,Dendritic cell
TWF1,0.2882810305407361,-0.10664734983418933,0.169,0.171,1,Dendritic cell
TTC21A,0.288281432259235,-0.10090361878665322,0.118,0.113,1,Dendritic cell
PLCD3,0.28854663017670135,-0.3257651126625065,0.012,0.014,1,Dendritic cell
GGH,0.2888937400443702,0.12917160997781255,0.127,0.129,1,Dendritic cell
SEM1,0.28906263254612974,0.149252817811524,0.591,0.594,1,Dendritic cell
UBA1,0.2891962792073021,0.26259878610430487,0.733,0.722,1,Dendritic cell
NEFH,0.2892729018400653,0.40334337945613896,0.022,0.019,1,Dendritic cell
UBALD2,0.28928930250507084,-0.10466815711958333,0.157,0.167,1,Dendritic cell
KCNK7,0.2893067703939527,-0.3293515255661914,0.009,0.01,1,Dendritic cell
PPP4R1,0.2895351054330393,-0.48557433273404005,0.496,0.484,1,Dendritic cell
GOLT1B,0.28967598255096694,-0.10023456691303467,0.519,0.509,1,Dendritic cell
PYCARD,0.28967970267514564,-0.11444112756950098,0.84,0.828,1,Dendritic cell
RTN4IP1,0.2897915276524981,0.19337672187038502,0.135,0.129,1,Dendritic cell
ZMYND15,0.28982336429108363,0.4482498174979366,0.034,0.03,1,Dendritic cell
ZSCAN22,0.2898659725306834,-0.2039348353444086,0.039,0.043,1,Dendritic cell
ZNF343,0.29008594987344477,0.16743857243331695,0.132,0.121,1,Dendritic cell
UBL7,0.29008716178437965,1.8476376315078866,0.76,0.751,1,Dendritic cell
MSL2,0.29008855962767227,1.0818581227691348,0.745,0.751,1,Dendritic cell
PRKAR1A,0.2902364002176582,2.772576525532468,0.962,0.957,1,Dendritic cell
HIP1R,0.2902482978006417,0.6737686550423869,0.024,0.023,1,Dendritic cell
PRAM1,0.29036521853835934,0.887982216067134,0.521,0.519,1,Dendritic cell
RRBP1,0.2904540457135784,-0.2342196784244024,0.483,0.495,1,Dendritic cell
ZNF623,0.2907301039837796,0.40505551985878796,0.325,0.314,1,Dendritic cell
GSTO1,0.29075998828163285,0.9588801107456622,0.729,0.716,1,Dendritic cell
SKA3,0.290976841722695,-0.23658415951656786,0.132,0.136,1,Dendritic cell
CYB5R1,0.2910738956815483,-0.1932029235445385,0.343,0.348,1,Dendritic cell
BRCC3,0.29125551922185133,0.16194063807271655,0.307,0.298,1,Dendritic cell
TXN2,0.2913198441077967,-0.20509416208516384,0.704,0.695,1,Dendritic cell
ERC1,0.2913894514304031,-0.17791856700364772,0.356,0.355,1,Dendritic cell
SCARB2,0.2915036405064493,0.6559905496660177,0.57,0.562,1,Dendritic cell
PDK1,0.29162988125482475,0.1308085019112507,0.203,0.196,1,Dendritic cell
LRFN3,0.2917500234934532,0.21369159339642518,0.013,0.01,1,Dendritic cell
PHF20L1,0.29184353226044857,-0.34543198515061757,0.609,0.606,1,Dendritic cell
WDR37,0.2918597795581661,0.15324589792804977,0.574,0.561,1,Dendritic cell
STX2,0.29191808760200827,0.6987475525296449,0.277,0.268,1,Dendritic cell
EIF4E2,0.2919256701664702,-0.1014921276206806,0.743,0.729,1,Dendritic cell
TLE3,0.2920486170408085,-0.11263531228246015,0.192,0.204,1,Dendritic cell
ABL2,0.29246075097965196,-0.2015843809413913,0.115,0.124,1,Dendritic cell
CEBPE,0.29265137653796597,0.3323628616966037,0.016,0.013,1,Dendritic cell
SPINT2,0.292666189665863,-0.11304521751443097,0.925,0.927,1,Dendritic cell
PXDC1,0.292718356727844,1.2124760746253698,0.046,0.044,1,Dendritic cell
NCOR2,0.2927242955960907,-2.750915623884035,0.905,0.896,1,Dendritic cell
RBX1,0.29280815817971884,0.13073099707365987,0.659,0.671,1,Dendritic cell
B4GALT6,0.2928622006368626,-0.1750678813895501,0.113,0.111,1,Dendritic cell
MX1,0.2931269974096997,20.09863308992221,0.431,0.438,1,Dendritic cell
A2M,0.2933611558659747,-5.860319311689398,0.04,0.036,1,Dendritic cell
FBRS,0.29337511828973317,0.27190923542897316,0.739,0.731,1,Dendritic cell
NUFIP2,0.2935151443538289,-0.20166629766457866,0.798,0.796,1,Dendritic cell
SCGB3A1,0.293753776715107,-0.16213896421214313,0.033,0.03,1,Dendritic cell
GPR162,0.2938340782370223,-0.36623865434934255,0.233,0.241,1,Dendritic cell
ATG5,0.29413926991719946,0.17291346609923464,0.442,0.429,1,Dendritic cell
C17orf113,0.2942014417606444,0.2905658223205325,0.081,0.072,1,Dendritic cell
UNC119B,0.29431376739383003,-0.2158295162867886,0.3,0.313,1,Dendritic cell
ABHD18,0.2943570046201222,-0.15291271339565948,0.344,0.339,1,Dendritic cell
PLA2G4B,0.2945334893160381,-0.14140868152681896,0.121,0.124,1,Dendritic cell
UBE2E3,0.2948611248267883,-2.3215762380849476,0.575,0.562,1,Dendritic cell
PNPLA8,0.2948731054292131,-0.1549709611309259,0.344,0.356,1,Dendritic cell
INTS3,0.29503836470887396,-0.3407109737240326,0.563,0.577,1,Dendritic cell
SERPINB6,0.29529732550171756,-0.35257563193381714,0.693,0.68,1,Dendritic cell
CNIH4,0.2953917765186789,0.5303620162155872,0.319,0.31,1,Dendritic cell
EHHADH,0.29544759629811607,0.19687841731969202,0.069,0.064,1,Dendritic cell
NPEPPS,0.295685113387483,0.5140264669549941,0.752,0.754,1,Dendritic cell
ODF2,0.29570082004463477,0.13127406463099217,0.229,0.225,1,Dendritic cell
USP32,0.2959349156888338,0.5493068161698949,0.736,0.735,1,Dendritic cell
EPS8L2,0.2960821213065908,-2.77041562164473,0.101,0.103,1,Dendritic cell
PCOLCE,0.2964309447453475,0.17857891281909044,0.03,0.029,1,Dendritic cell
FAM135A,0.29663809947637404,0.2990525478519548,0.158,0.147,1,Dendritic cell
F13A1,0.296728432453712,-13.98011330690855,0.507,0.523,1,Dendritic cell
RHBDL1,0.2968391146521341,-0.27550496544387393,0.015,0.018,1,Dendritic cell
FKBPL,0.29697108897831903,-0.10352682595896123,0.038,0.038,1,Dendritic cell
TRIR,0.29703361473942347,2.337752234036518,0.963,0.958,1,Dendritic cell
BYSL,0.29712018851342803,0.1915177844547659,0.229,0.223,1,Dendritic cell
MAST3,0.2972061863506093,-0.7850187678755143,0.554,0.566,1,Dendritic cell
MOB1B,0.2972170009184223,0.12313984138391931,0.509,0.502,1,Dendritic cell
TMEM241,0.29735982031615077,0.14822106535744006,0.101,0.095,1,Dendritic cell
IL18BP,0.2974299580512371,0.6469072879374722,0.427,0.411,1,Dendritic cell
COPS7A,0.2974972866476901,0.373710516745017,0.612,0.601,1,Dendritic cell
ALDH4A1,0.2978367775170209,-0.2172107343379186,0.088,0.087,1,Dendritic cell
KCTD12,0.29792333965845397,11.198685417081478,0.957,0.952,1,Dendritic cell
SP3,0.29801792095031027,0.8582393315149996,0.885,0.877,1,Dendritic cell
LRRC47,0.29822082256739707,-0.27040724090919177,0.533,0.543,1,Dendritic cell
CALML6,0.29828288745283865,-0.35760381794046125,0.016,0.017,1,Dendritic cell
ATP6V1C1,0.2983838749289236,0.24653115228142441,0.545,0.531,1,Dendritic cell
ZNF484,0.29838704985798953,0.11410170438636658,0.164,0.153,1,Dendritic cell
LPAR3,0.2984975890105218,-0.1577925045621167,0.027,0.03,1,Dendritic cell
METTL7B,0.29853390034116134,-0.2640990363417117,0.009,0.011,1,Dendritic cell
SCD,0.29860694054151105,6.835590878238126,0.231,0.226,1,Dendritic cell
GRAP,0.2987270898933804,0.10630930604524824,0.032,0.028,1,Dendritic cell
ZEB1,0.2987637905644332,3.9189248385358635,0.222,0.224,1,Dendritic cell
MAVS,0.2994192423481654,0.531246708184189,0.593,0.589,1,Dendritic cell
SASS6,0.299483726195767,-0.22302834093756818,0.073,0.079,1,Dendritic cell
ZNF436,0.2995526884363783,0.12986999449483339,0.117,0.114,1,Dendritic cell
DNM1L,0.2997113455147417,-0.3757282199367684,0.668,0.676,1,Dendritic cell
UTS2,0.2997181644423674,0.6636178113569531,0.071,0.059,1,Dendritic cell
ALG2,0.29990502205512953,0.1447398179173751,0.539,0.527,1,Dendritic cell
RBMS1,0.2999788350843628,-0.22729903228649784,0.634,0.643,1,Dendritic cell
HERC5,0.30011129845558826,-5.700875403763153,0.115,0.118,1,Dendritic cell
PIGW,0.30045103784411964,0.1908233777162629,0.131,0.125,1,Dendritic cell
SPOCK1,0.30046465425528684,-0.47296537830094465,0.012,0.014,1,Dendritic cell
GRPR,0.3005457184493095,0.36766213694126826,0.017,0.014,1,Dendritic cell
APOL2,0.30056983044178465,-7.54101917892627,0.406,0.397,1,Dendritic cell
ZNF57,0.3007283347958304,0.294907573093385,0.039,0.039,1,Dendritic cell
EIF3F,0.30074435480731215,-1.6961109524438465,0.865,0.861,1,Dendritic cell
LBH,0.30074645587017634,-3.4342144710587914,0.172,0.163,1,Dendritic cell
ASS1,0.3008881553662137,0.1753662092934718,0.011,0.011,1,Dendritic cell
H2AJ,0.3009869064534264,-0.17762270569693883,0.456,0.446,1,Dendritic cell
DIAPH1,0.3010910048188033,3.234672922486876,0.907,0.908,1,Dendritic cell
CPT1B,0.3011145217754687,0.1562027831042898,0.038,0.037,1,Dendritic cell
ROGDI,0.3011278400276399,-1.3593149710491506,0.418,0.425,1,Dendritic cell
C18orf54,0.3012053268239201,0.22590335621512292,0.032,0.028,1,Dendritic cell
IRF8,0.3013464816881894,14.331921873687293,0.945,0.942,1,Dendritic cell
ACAP2,0.3013561513453269,-0.15543636006267292,0.755,0.758,1,Dendritic cell
TUBG2,0.301551204606979,-0.1316968533646452,0.09,0.09,1,Dendritic cell
ZNF473,0.30165635443475075,0.21718929811670318,0.04,0.035,1,Dendritic cell
GNPDA2,0.3016652625646571,0.1854318200870797,0.149,0.142,1,Dendritic cell
SPEF2,0.3017047269854971,-0.20058409538686028,0.073,0.067,1,Dendritic cell
TSPYL5,0.3017557885998957,0.13571815476413973,0.145,0.137,1,Dendritic cell
IRS1,0.30190885736193523,0.2190060562740408,0.028,0.023,1,Dendritic cell
MCMDC2,0.3019203799971269,0.22717190061162906,0.018,0.015,1,Dendritic cell
PCED1A,0.30206589126962735,0.12015618305005038,0.475,0.487,1,Dendritic cell
YY2,0.3021811697073653,0.3141281532690199,0.02,0.017,1,Dendritic cell
MOSPD2,0.30228295407346917,0.18684695223779357,0.331,0.321,1,Dendritic cell
FKBP15,0.30250800207808054,0.725727629145295,0.706,0.704,1,Dendritic cell
TMX2,0.3025532541417912,-1.3722490299806918,0.626,0.641,1,Dendritic cell
SETD6,0.3026865543096133,0.2032102503459996,0.104,0.097,1,Dendritic cell
MBD2,0.3030510921103434,-0.5574625805815909,0.907,0.905,1,Dendritic cell
HROB,0.3031843157771061,0.2626562684725551,0.011,0.011,1,Dendritic cell
SAMD1,0.3031847885726846,2.4196058161146823,0.368,0.383,1,Dendritic cell
PPCDC,0.3032203133865684,-0.379617352273239,0.307,0.295,1,Dendritic cell
SIVA1,0.30328309952983196,0.9429410920517671,0.458,0.47,1,Dendritic cell
TEX12,0.3033667192972143,-0.18754299797071639,0.026,0.027,1,Dendritic cell
UBE2C,0.3035411190514135,-0.11232333556893348,0.019,0.018,1,Dendritic cell
QARS1,0.3036365879651569,-1.2266591257606265,0.903,0.895,1,Dendritic cell
TGFBR1,0.3037607083793131,-0.7702977083842253,0.553,0.537,1,Dendritic cell
SLC35F5,0.3038050798231655,0.8656043146469257,0.543,0.534,1,Dendritic cell
PAK4,0.3039033241909034,-0.22564121091877132,0.047,0.052,1,Dendritic cell
PHACTR1,0.30411742253455626,4.293649361435428,0.744,0.751,1,Dendritic cell
ZNF280C,0.30413300021561784,-0.17023866263431597,0.103,0.105,1,Dendritic cell
ASH2L,0.3041879172820949,0.13765984519500063,0.422,0.407,1,Dendritic cell
C18orf25,0.3045011203165042,-1.8313535781157615,0.53,0.543,1,Dendritic cell
PPP2R5C,0.3045697141325488,0.1270713484935322,0.594,0.579,1,Dendritic cell
MRI1,0.304613754453858,0.12868141065122915,0.262,0.268,1,Dendritic cell
DLD,0.30479994500944263,-0.10646353411215337,0.531,0.539,1,Dendritic cell
CASTOR2,0.30483721315633083,0.302879603479119,0.02,0.016,1,Dendritic cell
CAMK1,0.3050530248943297,-4.9717927405528135,0.393,0.381,1,Dendritic cell
SEPTIN6,0.30520413984312306,7.353505588258859,0.845,0.843,1,Dendritic cell
NOL3,0.3052041532745463,-0.36383963421398047,0.013,0.016,1,Dendritic cell
ZBTB48,0.30549073023130385,0.1867941128781891,0.276,0.264,1,Dendritic cell
SLC24A4,0.30553384474781675,4.778409395691054,0.166,0.178,1,Dendritic cell
COQ4,0.30557506521088745,-0.122448848906555,0.317,0.312,1,Dendritic cell
ALS2,0.30562332307128925,0.10486226673516325,0.221,0.21,1,Dendritic cell
UBFD1,0.3056625703907715,0.1464800948543492,0.079,0.073,1,Dendritic cell
PPDPF,0.3057085433463752,0.7267067507861462,0.787,0.804,1,Dendritic cell
DPP7,0.30572139639201423,-0.14049300014918265,0.689,0.684,1,Dendritic cell
DIS3L2,0.3059055544120451,0.10855970619694089,0.385,0.383,1,Dendritic cell
MKLN1,0.3060009547411107,1.1607056749277715,0.749,0.748,1,Dendritic cell
IL11RA,0.3060043915689871,0.24880408213636002,0.231,0.223,1,Dendritic cell
CCT6A,0.30605892333431045,0.7624387635536589,0.775,0.764,1,Dendritic cell
PIM2,0.306060326508904,1.3178778440121377,0.278,0.288,1,Dendritic cell
TNFRSF9,0.3061815452572756,2.445045666579036,0.036,0.039,1,Dendritic cell
FAM221A,0.3062365796895593,0.20729824052715662,0.086,0.082,1,Dendritic cell
SLC5A6,0.3063207575976888,0.32686337226779494,0.206,0.214,1,Dendritic cell
TECPR2,0.3063894342757885,-0.1971625781467763,0.101,0.107,1,Dendritic cell
RBIS,0.3065311197287328,-0.13419230234805413,0.258,0.26,1,Dendritic cell
ARHGAP45,0.306536594905824,0.702593746489347,0.829,0.839,1,Dendritic cell
H4C16,0.3065690910007795,0.16090238426362324,0.125,0.117,1,Dendritic cell
CSNK2A1,0.30661146602126227,-0.12829419977931134,0.185,0.192,1,Dendritic cell
KANSL1L,0.3068678195131486,-0.1322067168277936,0.244,0.257,1,Dendritic cell
PLEKHA7,0.306882976147233,0.3534763163764154,0.015,0.012,1,Dendritic cell
TTC38,0.3069240554309076,-0.17522942554203524,0.077,0.083,1,Dendritic cell
RCSD1,0.30703164243230874,-0.14560206927831665,0.907,0.902,1,Dendritic cell
DOHH,0.30705108964266514,-0.228633449425663,0.146,0.153,1,Dendritic cell
COX7A2L,0.3073485781740639,-0.3050312024921622,0.711,0.719,1,Dendritic cell
FASTKD3,0.307417196979704,0.35745900921809737,0.074,0.07,1,Dendritic cell
WRAP53,0.3074585815117554,0.26488681240164325,0.119,0.118,1,Dendritic cell
CD14,0.3075153356326107,4.242196984335827,0.355,0.363,1,Dendritic cell
TTC28,0.30764466679494257,0.3824733698201572,0.055,0.053,1,Dendritic cell
MSC,0.3076708591908773,0.47779300116027024,0.014,0.011,1,Dendritic cell
ADGRA3,0.3079462334814392,0.15764063875144108,0.088,0.085,1,Dendritic cell
ZNF681,0.3080565204739083,-0.16495482113658877,0.034,0.039,1,Dendritic cell
NSMF,0.3080682091216379,10.737162631498784,0.531,0.507,1,Dendritic cell
TMEM109,0.3081017730001179,5.199541383632125,0.863,0.871,1,Dendritic cell
EXOSC10,0.30817514420751724,-0.20595888843911836,0.512,0.498,1,Dendritic cell
PFN2,0.30820580139239406,0.19166227515531808,0.01,0.011,1,Dendritic cell
NDUFA5,0.3083668386401838,-0.129557570671734,0.632,0.619,1,Dendritic cell
KCND1,0.3085576566455472,-0.31282297602665476,0.021,0.024,1,Dendritic cell
DDX56,0.3090248970196698,-0.14385599780347746,0.455,0.451,1,Dendritic cell
CRTC3,0.3090369207535415,-0.13383275246549747,0.28,0.291,1,Dendritic cell
GEMIN5,0.30918074254781736,0.23720440228990325,0.185,0.181,1,Dendritic cell
GALNT2,0.30989427323674723,0.7532860613264414,0.6,0.604,1,Dendritic cell
PISD,0.3099509830876337,-0.3514976534808433,0.304,0.316,1,Dendritic cell
SEMA4A,0.310152085693611,1.4615370659671587,0.747,0.748,1,Dendritic cell
AGPAT5,0.31032591590784137,0.15556595463536893,0.391,0.377,1,Dendritic cell
LSP1,0.31046327502452686,40.72235883502023,0.998,0.997,1,Dendritic cell
LOXL3,0.31054852867586186,0.21969043790819365,0.113,0.106,1,Dendritic cell
SRSF7,0.310636075479862,-0.7949856890456108,0.559,0.555,1,Dendritic cell
VPS18,0.31073135399073926,-0.10397000121222333,0.161,0.17,1,Dendritic cell
PRSS36,0.3108327918173349,-0.11967032863011262,0.035,0.035,1,Dendritic cell
PKIG,0.31083786499213306,0.22825292481411408,0.058,0.055,1,Dendritic cell
KLRK1,0.3108471190968223,-25.481290069599353,0.083,0.076,1,Dendritic cell
HMMR,0.3110013030320858,-1.6590584272748243,0.012,0.014,1,Dendritic cell
LRMDA,0.31102219998322045,-0.2739135824910206,0.429,0.412,1,Dendritic cell
TRIM44,0.311060970880746,-0.6033883199170731,0.828,0.836,1,Dendritic cell
STARD4,0.3111896565328606,0.2477157106117715,0.228,0.241,1,Dendritic cell
HSPH1,0.31151799938989116,-8.2322944583489,0.607,0.601,1,Dendritic cell
PNPT1,0.311735205578764,0.19754111136781938,0.163,0.155,1,Dendritic cell
CAB39,0.3119778886346572,-2.8633994957703974,0.813,0.806,1,Dendritic cell
MAGEE1,0.3120363350357518,0.5386171587519524,0.012,0.009,1,Dendritic cell
C2orf69,0.3126851645491081,-0.14935453470679727,0.158,0.159,1,Dendritic cell
CDK9,0.3127003000952857,-0.5699604067906616,0.611,0.619,1,Dendritic cell
LIG1,0.312764464779279,-0.25759462098615815,0.098,0.1,1,Dendritic cell
ZNF800,0.3128054675515126,0.19889936785158957,0.539,0.533,1,Dendritic cell
ASF1A,0.31284523780922296,-0.259819796362033,0.474,0.479,1,Dendritic cell
ATP5MC3,0.3128784289513016,0.32603122378561267,0.736,0.733,1,Dendritic cell
KCNQ1,0.3129641036609759,-0.22776527084629095,0.482,0.494,1,Dendritic cell
FAM177B,0.31298266274136544,-0.820011414718774,0.011,0.012,1,Dendritic cell
SLC25A25,0.3130694828161634,-0.10333482960138304,0.25,0.238,1,Dendritic cell
ADGRE2,0.31311308470407834,-1.1920234346611402,0.458,0.446,1,Dendritic cell
TCF25,0.313268656774926,0.550071852903808,0.856,0.852,1,Dendritic cell
MPV17,0.31329359456409284,-0.3432989743387713,0.737,0.737,1,Dendritic cell
RFXAP,0.31337362746554326,0.14794229108149315,0.211,0.204,1,Dendritic cell
ZBTB34,0.31339744383857554,-0.11832555560298341,0.225,0.234,1,Dendritic cell
FOXN2,0.31358869055085437,1.6452712266086076,0.713,0.705,1,Dendritic cell
VASH1,0.31362044610280265,-1.5404039606670636,0.606,0.614,1,Dendritic cell
SIPA1,0.313718789929249,-0.9087755701454325,0.792,0.797,1,Dendritic cell
GPR18,0.31410095988986214,-0.6482018760614243,0.22,0.206,1,Dendritic cell
ARL5B,0.3148351724742423,-5.10938178196605,0.236,0.228,1,Dendritic cell
NAPSA,0.3151023466560416,0.45902222634105616,0.014,0.012,1,Dendritic cell
TNNT1,0.3151043322015558,-1.5195265770904829,0.07,0.071,1,Dendritic cell
BORCS5,0.3153509250864122,0.6015394412278947,0.316,0.307,1,Dendritic cell
PPIB,0.31537034814725384,2.2157686795789626,0.871,0.881,1,Dendritic cell
VKORC1L1,0.31539241508571975,-0.12812034572323427,0.118,0.124,1,Dendritic cell
BRICD5,0.31554825226795524,-0.19178289984075736,0.035,0.036,1,Dendritic cell
SQOR,0.3156082679229003,-0.5624819761890332,0.515,0.512,1,Dendritic cell
IRAK1BP1,0.31567947144457237,0.24200788491161918,0.047,0.041,1,Dendritic cell
SEMA6C,0.3158549931150241,-0.24476425321732798,0.016,0.02,1,Dendritic cell
GLCE,0.31587535571187975,0.18066320308086103,0.324,0.32,1,Dendritic cell
LYRM1,0.3159603802903485,-0.6095393194137887,0.28,0.267,1,Dendritic cell
IFNAR1,0.31604902039064564,0.9654140142694638,0.801,0.803,1,Dendritic cell
DHX58,0.3160852796643805,-1.1130069157437565,0.257,0.25,1,Dendritic cell
CHRAC1,0.31628236182417374,0.2654914894742535,0.533,0.531,1,Dendritic cell
SEC16B,0.31642018255150683,-0.2066926204070576,0.016,0.019,1,Dendritic cell
SELL,0.3166510033817363,-14.348775978393661,0.977,0.979,1,Dendritic cell
SSBP1,0.3166843438172702,-0.12356861139912123,0.122,0.129,1,Dendritic cell
NDEL1,0.31686308391373885,-0.1658421622674351,0.576,0.571,1,Dendritic cell
LOXL2,0.3168980433373092,-0.10890879109515517,0.021,0.023,1,Dendritic cell
ZNF521,0.31691011573162714,0.35207519198842574,0.032,0.029,1,Dendritic cell
IL4R,0.3169537799669703,0.11418379266655654,0.075,0.068,1,Dendritic cell
ESR1,0.3169547373476414,0.15744634838391836,0.026,0.025,1,Dendritic cell
CDIPT,0.31705188576982934,0.3146102579578032,0.668,0.662,1,Dendritic cell
YY1,0.31715195500162385,-0.1488176714647489,0.63,0.64,1,Dendritic cell
GADD45G,0.31730936268689636,-0.4268337245215257,0.01,0.013,1,Dendritic cell
HSH2D,0.31730950444063716,-3.649166338886834,0.323,0.332,1,Dendritic cell
POMT2,0.31736990050993075,-0.1634479663354078,0.046,0.051,1,Dendritic cell
DPY19L3,0.3175504621658409,-0.12314974940410495,0.223,0.213,1,Dendritic cell
CNR2,0.3176374134223567,-0.4197974546588181,0.041,0.044,1,Dendritic cell
SNX20,0.3178316387168679,1.3305653859356958,0.858,0.859,1,Dendritic cell
C2orf88,0.31785412785408784,-0.1549428078829378,0.038,0.033,1,Dendritic cell
FRA10AC1,0.3178903071627562,0.15012454153619342,0.232,0.223,1,Dendritic cell
SLC18A2,0.31789408902408,-1.950922470701073,0.053,0.053,1,Dendritic cell
ZNF703,0.318196193775963,1.1314306012042468,0.166,0.176,1,Dendritic cell
ARHGAP25,0.3182076159174202,4.517297433554015,0.569,0.558,1,Dendritic cell
CAMTA1,0.31821280144363545,0.19150066496818918,0.508,0.498,1,Dendritic cell
ERG,0.31842319672334574,-0.32739956287094607,0.014,0.015,1,Dendritic cell
C16orf46,0.31896861325390174,-0.3127296580351251,0.018,0.017,1,Dendritic cell
MORC3,0.3190283709641603,-0.31167561376250674,0.731,0.719,1,Dendritic cell
CD320,0.3190715080686902,0.19115090074786267,0.118,0.11,1,Dendritic cell
MTO1,0.3190954640582378,0.1091833914297754,0.346,0.332,1,Dendritic cell
ATAD1,0.3191028827298137,-0.24972292286748732,0.481,0.469,1,Dendritic cell
C12orf29,0.3191275666871043,-0.1321263692410477,0.148,0.157,1,Dendritic cell
CPT2,0.3192203961448966,-0.1391462033804121,0.281,0.29,1,Dendritic cell
CCDC24,0.31933042088437774,0.29855440779606557,0.041,0.036,1,Dendritic cell
SLC25A12,0.3196230664864961,0.24236121356799264,0.258,0.247,1,Dendritic cell
BSPRY,0.3196277394944086,0.3506824574789502,0.075,0.072,1,Dendritic cell
TUBA1A,0.31968697239801075,0.844174773610173,0.37,0.363,1,Dendritic cell
KCNAB2,0.3197511977517319,-0.1681322455865999,0.837,0.845,1,Dendritic cell
VRK2,0.3198764327539302,0.1756257357764741,0.531,0.519,1,Dendritic cell
LEKR1,0.31994993349837325,-0.37813315605398046,0.01,0.011,1,Dendritic cell
RCCD1,0.3199610417332136,0.20735396808041995,0.127,0.121,1,Dendritic cell
MIA3,0.31998344158994363,-0.37835864595769353,0.637,0.642,1,Dendritic cell
SIGLEC5,0.32008763412420566,-0.5658972146488561,0.341,0.333,1,Dendritic cell
TIMM22,0.320124380704987,0.25804801251827403,0.233,0.226,1,Dendritic cell
KLHL3,0.32016943034115836,0.20938799716809386,0.049,0.043,1,Dendritic cell
VPS4B,0.3202839064481114,-0.25065752775245587,0.669,0.657,1,Dendritic cell
ALOX5,0.32031891129419865,-0.7366909584270687,0.661,0.655,1,Dendritic cell
ARCN1,0.3203682306434936,1.0434138783926832,0.855,0.851,1,Dendritic cell
MMP17,0.32053561611163917,-0.2048643357635236,0.073,0.068,1,Dendritic cell
ACOT13,0.32067235113761894,-5.352253835008648,0.205,0.194,1,Dendritic cell
LRPPRC,0.320790728698504,0.14464289578857858,0.726,0.734,1,Dendritic cell
MAGED2,0.3208617480998355,-0.5545515577928541,0.381,0.367,1,Dendritic cell
ZNF20,0.320930839918068,0.13730904475408146,0.025,0.025,1,Dendritic cell
ECH1,0.32093598934100925,0.48358829500506584,0.779,0.784,1,Dendritic cell
ASB8,0.3215297312831047,0.3919998282602828,0.522,0.508,1,Dendritic cell
IMPA2,0.32153714050924176,-0.11247837615282563,0.719,0.707,1,Dendritic cell
SAMD12,0.32170934095885995,0.2012525381426591,0.043,0.039,1,Dendritic cell
CDK1,0.32202324899185847,4.228467473980346,0.029,0.025,1,Dendritic cell
FAM98B,0.32211603680344325,0.41575220185370254,0.603,0.598,1,Dendritic cell
LTA4H,0.3222545444013869,5.606075523858934,0.889,0.896,1,Dendritic cell
DLG4,0.32229151359035696,0.708826270129304,0.407,0.412,1,Dendritic cell
CDC42SE2,0.32238001053968446,-2.760505900370589,0.963,0.959,1,Dendritic cell
AQR,0.3224799619454809,-0.30536553803127786,0.561,0.549,1,Dendritic cell
IRAG2,0.3230568880640122,1.340047833535679,0.718,0.706,1,Dendritic cell
MED24,0.3232924907156394,0.10316681489866286,0.45,0.438,1,Dendritic cell
PROB1,0.32345182639803416,0.28086591470857236,0.011,0.01,1,Dendritic cell
ACOX1,0.32346652561168987,-0.17190604708887092,0.414,0.421,1,Dendritic cell
PEX1,0.3235841051325021,0.10746718395341892,0.148,0.136,1,Dendritic cell
TSC2,0.32414213803430736,0.1797567363748495,0.351,0.34,1,Dendritic cell
PLA2G7,0.32418618985005726,1.0254439584518051,0.119,0.118,1,Dendritic cell
PSMA2,0.3245388708194725,0.19494293557360853,0.655,0.646,1,Dendritic cell
RNF181,0.32456549371759463,-0.14590323229587754,0.134,0.139,1,Dendritic cell
GOLGA3,0.3245726979989898,0.17791487154530672,0.476,0.469,1,Dendritic cell
TSPAN17,0.32471682799474455,-0.12303454511054146,0.139,0.142,1,Dendritic cell
EIF4ENIF1,0.32497000023861633,-0.45262062512256274,0.402,0.41,1,Dendritic cell
MAP3K2,0.3250578580130922,-0.22843032640130456,0.759,0.759,1,Dendritic cell
SNX9,0.32526352634000927,-4.415008761533024,0.453,0.44,1,Dendritic cell
PLK2,0.3253120508142614,-0.22815893524629027,0.05,0.046,1,Dendritic cell
POC5,0.32533450990114265,-0.12055400201886579,0.122,0.124,1,Dendritic cell
SAE1,0.3254824049143834,0.1592210847320314,0.303,0.292,1,Dendritic cell
CCDC137,0.32562924653051656,0.10699960573628564,0.136,0.128,1,Dendritic cell
NET1,0.3257457374531665,-1.3932524654751148,0.25,0.244,1,Dendritic cell
C1orf56,0.32583293100376026,0.3096674788304057,0.016,0.012,1,Dendritic cell
HHLA3,0.3258365594291929,0.17882110520143213,0.052,0.045,1,Dendritic cell
GPA33,0.3258943474427974,0.6495231415370091,0.017,0.014,1,Dendritic cell
PLAGL2,0.3259828144362073,-1.5711555421453998,0.25,0.242,1,Dendritic cell
EXOC6B,0.3261364374731589,0.12719412391421991,0.206,0.196,1,Dendritic cell
PPP1R15A,0.32646770148021714,32.05886648236487,0.684,0.686,1,Dendritic cell
SRRM5,0.32670737600661187,0.19899761474239952,0.018,0.018,1,Dendritic cell
TMF1,0.3268951866526016,0.180502254393212,0.583,0.578,1,Dendritic cell
PAQR6,0.3269336203272737,0.18989768927323958,0.043,0.042,1,Dendritic cell
MPP7,0.3270268897258697,-0.6346988177800679,0.443,0.432,1,Dendritic cell
GALNT7,0.32710909342187444,0.2503892116248996,0.455,0.454,1,Dendritic cell
NEMF,0.327435610074551,-0.38310438688809434,0.808,0.809,1,Dendritic cell
OS9,0.3275432205917687,-4.3704104490742495,0.979,0.98,1,Dendritic cell
MGME1,0.32769836191690427,-0.1350306941891002,0.423,0.409,1,Dendritic cell
CCL3,0.32771774088464906,1.232289693217369,0.015,0.014,1,Dendritic cell
POLG,0.32784728603169633,0.16282236376769843,0.401,0.398,1,Dendritic cell
ENO1,0.32792749431395063,5.914431165810393,0.878,0.87,1,Dendritic cell
EIF4E3,0.32795672541661225,-1.8605550869078842,0.36,0.344,1,Dendritic cell
RNF144A,0.32798046448854207,0.20056940936344758,0.081,0.074,1,Dendritic cell
NAPRT,0.3280028341972891,-0.7956273270051835,0.748,0.736,1,Dendritic cell
VLDLR,0.32806787131085136,0.5073638277278922,0.019,0.019,1,Dendritic cell
PGBD4,0.32832240764611315,0.2216810597615959,0.122,0.118,1,Dendritic cell
IDI1,0.32844969660586393,0.20474930090186094,0.197,0.205,1,Dendritic cell
PADI4,0.32847770370158197,0.209303237911722,0.061,0.056,1,Dendritic cell
HAUS2,0.32863833325399344,0.1300406368248107,0.331,0.324,1,Dendritic cell
GPAT3,0.32881151850248763,0.24435073132552532,0.644,0.631,1,Dendritic cell
MDK,0.3290262902020788,-0.431759557421338,0.031,0.034,1,Dendritic cell
DENND3,0.32913700364633447,-0.9473795397149907,0.514,0.504,1,Dendritic cell
CRACR2A,0.3292382270750875,0.30750445946420707,0.2,0.195,1,Dendritic cell
TRDC,0.32932778816829894,-8.271072422102542,0.026,0.021,1,Dendritic cell
CDKL1,0.3294156734535414,0.4649836461893164,0.022,0.019,1,Dendritic cell
EFHD2,0.32947157579180403,5.131845446450576,0.958,0.958,1,Dendritic cell
AHI1,0.3301238557009035,0.12811493323984213,0.171,0.166,1,Dendritic cell
MAPRE3,0.3301525013956274,0.23060643997493124,0.088,0.082,1,Dendritic cell
FAF1,0.33027117928548394,-0.1198717265345296,0.406,0.392,1,Dendritic cell
PROK2,0.33033777562724276,1.166296648345849,0.02,0.021,1,Dendritic cell
RUBCN,0.3305063704648606,-3.0954991300657024,0.539,0.537,1,Dendritic cell
ZNF470,0.3306670033432771,0.1509126872535851,0.072,0.066,1,Dendritic cell
CHCHD5,0.3307315069828172,0.282963114966843,0.429,0.416,1,Dendritic cell
H6PD,0.33082669957347427,-0.1804810043475258,0.202,0.204,1,Dendritic cell
PTPRS,0.3308447796141077,-4.641867367291688,0.241,0.249,1,Dendritic cell
AUTS2,0.3308534449063632,0.1893966942112415,0.29,0.28,1,Dendritic cell
PIEZO1,0.3311684390335451,-0.22051566661427152,0.303,0.303,1,Dendritic cell
DIAPH2,0.33127282929598756,0.42823577702024096,0.507,0.515,1,Dendritic cell
ZNF419,0.33173425284011265,-0.17682080729412508,0.021,0.021,1,Dendritic cell
CC2D2A,0.3318651547575548,-0.1990924650100423,0.072,0.067,1,Dendritic cell
SNAI1,0.3320251654554036,0.27173648986249344,0.01,0.01,1,Dendritic cell
ARPP19,0.33218956924233656,-0.16509495824114806,0.579,0.565,1,Dendritic cell
LONRF1,0.33220341379696744,-0.4039314444810871,0.312,0.31,1,Dendritic cell
BTG1,0.33303806266185587,-4.239978972163378,0.87,0.867,1,Dendritic cell
DHX9,0.33304917084361313,0.5843161404248356,0.771,0.779,1,Dendritic cell
NOTCH2,0.3330498764134564,-0.3836931177941336,0.682,0.675,1,Dendritic cell
CDK12,0.33357743147286834,0.13133758487960662,0.364,0.353,1,Dendritic cell
CERS2,0.33372609728350616,1.721564540488318,0.871,0.872,1,Dendritic cell
CENPL,0.3338864549844203,0.46118195131931916,0.046,0.042,1,Dendritic cell
KLRG1,0.33398677499329527,13.790203489326272,0.124,0.125,1,Dendritic cell
GNA11,0.3341725426752858,-0.11570557290157035,0.043,0.043,1,Dendritic cell
CYFIP1,0.3342644548754733,-1.2179529569797571,0.622,0.622,1,Dendritic cell
IPO4,0.33437525760026987,-0.16730417579011547,0.032,0.033,1,Dendritic cell
LILRB1,0.3345169967428425,0.9012794996198563,0.468,0.482,1,Dendritic cell
S100B,0.33457445220400106,-17.40736902587465,0.073,0.069,1,Dendritic cell
TBC1D8B,0.3346008782308319,0.5064600970283584,0.016,0.013,1,Dendritic cell
RDH10,0.3346115930824113,-1.4265885811365147,0.091,0.083,1,Dendritic cell
BBOF1,0.33462818930166793,0.29638607807805606,0.028,0.023,1,Dendritic cell
DIPK1B,0.3348082615152076,-0.5679854337706964,0.026,0.024,1,Dendritic cell
GALE,0.3350098803480324,-0.2492837745739085,0.151,0.155,1,Dendritic cell
LAMTOR2,0.33502258482447783,0.4712021178024832,0.783,0.773,1,Dendritic cell
PCSK6,0.3351203314124641,-0.7422868537840879,0.01,0.007,1,Dendritic cell
OAZ1,0.33532216778397717,-7.698640039745527,0.999,0.999,1,Dendritic cell
BSDC1,0.3353320816758489,-0.17314084169585264,0.533,0.538,1,Dendritic cell
CCDC28A,0.33539117682798925,0.11606554154640941,0.342,0.334,1,Dendritic cell
SPAG8,0.335453785457827,-0.10758924150065186,0.031,0.03,1,Dendritic cell
ANKRD6,0.3354670633784342,-0.301209263274004,0.024,0.026,1,Dendritic cell
YJEFN3,0.33550245361634434,0.4857614950346907,0.01,0.008,1,Dendritic cell
YBEY,0.3358439361376006,0.15705076984593758,0.105,0.1,1,Dendritic cell
FNDC10,0.3358640938841892,-0.11450614221504463,0.025,0.029,1,Dendritic cell
PDXDC1,0.33595007006431454,0.12253036983790089,0.252,0.241,1,Dendritic cell
PPARD,0.3360236969943424,1.0278406519366072,0.174,0.169,1,Dendritic cell
FAM3C,0.33603601254890597,-1.425232554015385,0.428,0.415,1,Dendritic cell
ATG16L2,0.33607668155762965,-0.936619093996514,0.771,0.759,1,Dendritic cell
CNOT8,0.3361001325834065,-0.18703506310794182,0.916,0.913,1,Dendritic cell
PPP6R1,0.3363802772140059,-0.2137698078841055,0.847,0.856,1,Dendritic cell
FAM30A,0.3366458163050513,1.38486958041815,0.059,0.063,1,Dendritic cell
C17orf49,0.3367732083552702,1.0375757073579672,0.696,0.684,1,Dendritic cell
TEX2,0.3370801433153656,-1.2397303801608963,0.49,0.497,1,Dendritic cell
G3BP2,0.33720246895064776,-1.3994914640345613,0.813,0.804,1,Dendritic cell
MAP9,0.3373072130052861,0.23037255101478227,0.034,0.033,1,Dendritic cell
INPPL1,0.3374124536889274,0.17650649561719223,0.464,0.466,1,Dendritic cell
MAZ,0.3375362586656766,0.10841140382821668,0.107,0.109,1,Dendritic cell
ZNHIT1,0.33757791858539177,-0.12155864915902903,0.443,0.455,1,Dendritic cell
SEC63,0.3376454694929125,0.17438188434819546,0.651,0.661,1,Dendritic cell
RBM44,0.33812170673511927,-0.12692496665422404,0.033,0.036,1,Dendritic cell
UQCR11,0.3385064618977111,0.10989910082535514,0.641,0.628,1,Dendritic cell
PPP1R3G,0.33875357954914215,-0.20903217526205697,0.011,0.014,1,Dendritic cell
BTBD19,0.33891217314716393,-0.36203170650979866,0.049,0.048,1,Dendritic cell
PLVAP,0.33910361868321276,3.220083475390468,0.122,0.126,1,Dendritic cell
ERCC2,0.3391460522633149,-0.10222085084134169,0.224,0.228,1,Dendritic cell
PLEKHA6,0.33935184571819466,-1.189495998783888,0.044,0.04,1,Dendritic cell
GIPC1,0.33935820987158194,-0.16062953477628983,0.142,0.142,1,Dendritic cell
TMSB15B,0.3394291868695927,0.15071279962569495,0.047,0.042,1,Dendritic cell
FKBP4,0.3399347407932975,-0.10759239227009099,0.096,0.104,1,Dendritic cell
ARID5A,0.3401774297963966,-0.24014447211694812,0.363,0.369,1,Dendritic cell
LSR,0.34081673160042897,0.3159265852411788,0.021,0.017,1,Dendritic cell
SLC2A3,0.3408293883998405,-2.618823675294587,0.248,0.259,1,Dendritic cell
IRF7,0.34084834873636466,-17.407522957526254,0.651,0.659,1,Dendritic cell
GLT8D1,0.3409069708142417,0.23922495058342097,0.35,0.34,1,Dendritic cell
AMD1,0.34141969195269845,0.4016771067082283,0.619,0.613,1,Dendritic cell
CENPF,0.3414491517402667,-8.054972176324178,0.029,0.025,1,Dendritic cell
CPNE3,0.3414983468388814,1.8500285888787644,0.768,0.761,1,Dendritic cell
SRP54,0.34159582151336354,0.14095686702290733,0.633,0.626,1,Dendritic cell
NAA40,0.3416144469214006,0.13107175934551574,0.334,0.326,1,Dendritic cell
ZNF280D,0.3417746356911915,0.2518912725200513,0.505,0.492,1,Dendritic cell
P2RY11,0.34192502267943053,0.13538141863304798,0.163,0.153,1,Dendritic cell
UPK3B,0.3419641424229992,-0.14551527322304292,0.03,0.033,1,Dendritic cell
SRA1,0.3421540595323083,0.28227081006373256,0.541,0.536,1,Dendritic cell
ZNF433,0.34217432360535566,-0.30423157316627236,0.04,0.044,1,Dendritic cell
ZC3H15,0.34226328381024396,-0.5076098490271175,0.825,0.834,1,Dendritic cell
MAP4,0.3424622721449768,2.97834754058867,0.726,0.716,1,Dendritic cell
GTF3C6,0.3425540276747805,0.1841906646956275,0.611,0.601,1,Dendritic cell
RBM47,0.34272224657668793,0.8233229129488042,0.545,0.549,1,Dendritic cell
DIPK2A,0.34274998831657866,-2.4815096404407706,0.755,0.757,1,Dendritic cell
TRIP4,0.3428533005492932,-0.14596736726115034,0.363,0.368,1,Dendritic cell
KHK,0.3430416365448603,-0.14122408581270296,0.05,0.052,1,Dendritic cell
SPATS2,0.34304716964089554,-0.21222014611220033,0.256,0.257,1,Dendritic cell
PDE6B,0.3431659042568781,-0.16266165201783744,0.106,0.113,1,Dendritic cell
PCMTD2,0.34326073813455,0.19540021924661533,0.5,0.484,1,Dendritic cell
EEA1,0.3433230785050845,-0.18747550630187915,0.443,0.439,1,Dendritic cell
S1PR4,0.3433874164165327,-0.9728510140860323,0.464,0.47,1,Dendritic cell
WARS1,0.343414122707082,-13.102888379745295,0.752,0.764,1,Dendritic cell
RBMXL1,0.3435606933099142,0.14392396542146085,0.235,0.224,1,Dendritic cell
OXNAD1,0.34372009969777967,0.2601043250013211,0.247,0.237,1,Dendritic cell
MAD2L1,0.3438885656744459,2.6231490996097038,0.06,0.057,1,Dendritic cell
ABCA3,0.3438949613172617,0.18005575838693577,0.061,0.054,1,Dendritic cell
NPEPL1,0.3441050881865864,-0.14541613457341773,0.512,0.501,1,Dendritic cell
ACP3,0.34450001864403496,1.3984361514256864,0.59,0.583,1,Dendritic cell
DRD4,0.3445688342361085,0.20207635922063627,0.012,0.01,1,Dendritic cell
DUSP22,0.3446544684952859,0.6136438096417187,0.607,0.614,1,Dendritic cell
PHB1,0.3448567835523279,0.1016082548696452,0.205,0.2,1,Dendritic cell
ACE,0.34489169101098816,0.5223555305626264,0.014,0.012,1,Dendritic cell
SUCLG2,0.3450601763640798,0.10904676270783711,0.254,0.246,1,Dendritic cell
PLD1,0.3451830841744291,-0.1771078026887909,0.042,0.047,1,Dendritic cell
SLC5A3,0.34570377066745855,-0.17134565551397385,0.351,0.359,1,Dendritic cell
OLR1,0.3458047521644384,0.4174570576022627,0.018,0.019,1,Dendritic cell
FGR,0.3460253034568063,-18.5715043809129,0.775,0.772,1,Dendritic cell
GAS2L1,0.3461848068043718,0.17295136318230342,0.087,0.083,1,Dendritic cell
PDPK1,0.34628144020528046,0.17048556986692576,0.397,0.385,1,Dendritic cell
PSMB5,0.3463336504762406,-0.26301602212728126,0.41,0.416,1,Dendritic cell
KLHL36,0.3464958253530846,-0.10375109480139966,0.354,0.359,1,Dendritic cell
ZFYVE9,0.3466065230500415,0.3215046228175611,0.018,0.016,1,Dendritic cell
SNAPC5,0.34669862435316295,0.20887014892257855,0.224,0.213,1,Dendritic cell
SGMS2,0.3469001760157021,-1.7954222414713756,0.297,0.287,1,Dendritic cell
NCAPD2,0.3470772310309788,1.2344540217917608,0.415,0.405,1,Dendritic cell
CYB561A3,0.3472314127228084,13.592218881885032,0.64,0.653,1,Dendritic cell
ALKBH4,0.3472837137757761,0.12225946264165577,0.139,0.13,1,Dendritic cell
GNG7,0.34759636903950747,-0.3946263991814527,0.275,0.265,1,Dendritic cell
PTPN6,0.3476369983677293,-1.5391037945780113,0.943,0.945,1,Dendritic cell
NCSTN,0.3480281283579529,-1.5882317980664729,0.871,0.876,1,Dendritic cell
CALCOCO2,0.34820950029855796,-0.8002375456639816,0.754,0.754,1,Dendritic cell
SUCLA2,0.34824953884751203,0.1675195800951057,0.128,0.125,1,Dendritic cell
B3GALNT2,0.3482963191546885,-0.22835482408191043,0.345,0.343,1,Dendritic cell
ERI2,0.34855026213092627,-0.10222242903151857,0.12,0.121,1,Dendritic cell
PDE4D,0.3487881499442466,-2.2541681615952087,0.125,0.128,1,Dendritic cell
ASTE1,0.3490035670560805,0.15884326416833972,0.13,0.124,1,Dendritic cell
TMEM273,0.3490045492584556,-0.5822247918720826,0.383,0.376,1,Dendritic cell
ERGIC3,0.349221914484087,-0.46712642586351194,0.9,0.892,1,Dendritic cell
ADRM1,0.34940111160275894,0.22502614850312597,0.539,0.525,1,Dendritic cell
TMEM127,0.349568593787098,-0.4618078273028985,0.652,0.641,1,Dendritic cell
PARP8,0.3496267290407026,2.5099229683724875,0.604,0.599,1,Dendritic cell
MRE11,0.3496488176712528,0.2794392712721452,0.42,0.411,1,Dendritic cell
NUDCD1,0.34972342325079464,-0.19093524617320218,0.271,0.283,1,Dendritic cell
OR52N4,0.3498676516716544,0.8976619406225819,0.014,0.015,1,Dendritic cell
FDX1,0.3498845445438694,0.28672013565935406,0.338,0.324,1,Dendritic cell
DPY30,0.3500017914867576,-0.16127394186761426,0.314,0.322,1,Dendritic cell
IPPK,0.3500262377281009,-0.2141403751884563,0.094,0.099,1,Dendritic cell
ROBO1,0.35013937667377,-0.7755512485741165,0.039,0.038,1,Dendritic cell
FAM229A,0.35039363409740654,-0.34029577520081933,0.013,0.015,1,Dendritic cell
DUSP23,0.35045388363466884,-0.14004398762806147,0.412,0.409,1,Dendritic cell
GTF2F2,0.35064515875852875,-0.1447047413473258,0.436,0.437,1,Dendritic cell
IL17RA,0.35076067666904515,-0.5559123902321783,0.766,0.762,1,Dendritic cell
TFEC,0.3508990188216108,-0.1272596908984056,0.52,0.512,1,Dendritic cell
UBAC2,0.3509281392118297,-0.19669319067484148,0.55,0.541,1,Dendritic cell
LRRC45,0.3509389725940116,-0.14126235198162984,0.086,0.093,1,Dendritic cell
NOSIP,0.3512706675622127,1.6643448308598332,0.496,0.48,1,Dendritic cell
GCSAM,0.35131742477887135,-1.9975313005630353,0.109,0.104,1,Dendritic cell
ALOX15B,0.3516416881364074,-0.19867487863520994,0.035,0.032,1,Dendritic cell
PDZRN3,0.35167147041721836,-0.7191566884841003,0.011,0.01,1,Dendritic cell
ELOVL7,0.3516730336452124,-0.4122595889316223,0.016,0.015,1,Dendritic cell
SLC30A5,0.35207543479975245,-0.2296079354340037,0.423,0.428,1,Dendritic cell
ACOT7,0.35212917921119713,0.2582342665780746,0.086,0.079,1,Dendritic cell
CYFIP2,0.35221538138655556,-0.880326082080777,0.405,0.415,1,Dendritic cell
IFI27L1,0.352481526814998,0.2844411588386966,0.035,0.031,1,Dendritic cell
XYLB,0.3527363401934808,0.17236365870251769,0.105,0.096,1,Dendritic cell
TIMM8B,0.35325581179415844,-0.5879880351743125,0.62,0.61,1,Dendritic cell
ZNF658,0.35330908611967643,0.43673335965697024,0.013,0.011,1,Dendritic cell
RANBP17,0.35361240164303415,-0.24552556526584102,0.019,0.021,1,Dendritic cell
KDM5C,0.35374084243158566,0.3452434931891535,0.813,0.821,1,Dendritic cell
ERG28,0.3542682508391219,-1.0365767289261962,0.377,0.366,1,Dendritic cell
FGFR1,0.35442697575320187,0.5102549424143454,0.012,0.01,1,Dendritic cell
FRS3,0.3546094373126166,-0.11680312803716086,0.117,0.124,1,Dendritic cell
ASPH,0.3546272700198415,5.570857591039616,0.548,0.564,1,Dendritic cell
C2CD2L,0.35468482103572163,-0.13746183712975302,0.289,0.285,1,Dendritic cell
ITPR2,0.3549912216220167,0.1588479685929629,0.633,0.628,1,Dendritic cell
ESCO1,0.35507680118226015,0.1261139198799035,0.298,0.287,1,Dendritic cell
TMEM33,0.35532794218987973,-0.4813372013832904,0.811,0.804,1,Dendritic cell
BTBD3,0.35538822499807005,-0.2809184262916219,0.188,0.192,1,Dendritic cell
ZNF335,0.3554289823990637,0.113857697189084,0.231,0.221,1,Dendritic cell
GPRASP2,0.35551837652821433,-0.1032157657714059,0.015,0.018,1,Dendritic cell
BAIAP2L1,0.3556407334322596,0.5417334510182457,0.025,0.026,1,Dendritic cell
IFI30,0.3557188459471272,-5.2560825643360545,0.79,0.787,1,Dendritic cell
UBR7,0.3558119843552229,-0.11736216460316748,0.27,0.266,1,Dendritic cell
ZNF230,0.3558366665880529,0.22204624096153314,0.054,0.053,1,Dendritic cell
HORMAD1,0.35600714433183905,-0.3249992486466482,0.078,0.086,1,Dendritic cell
EDN1,0.3561389479934395,0.1990148783417771,0.01,0.008,1,Dendritic cell
NOP14,0.35631809909148465,-0.6402976722791314,0.509,0.511,1,Dendritic cell
SEMA3C,0.35636926527651225,-0.42893707948477433,0.219,0.217,1,Dendritic cell
CYP46A1,0.3566998559863153,0.1667747826160535,0.048,0.046,1,Dendritic cell
MYL11,0.35675313435668216,-0.13118838626749163,0.019,0.019,1,Dendritic cell
IFI44,0.3569044474555075,5.6748003293857465,0.294,0.28,1,Dendritic cell
SCP2,0.35691363915955493,-1.8621312121580385,0.911,0.907,1,Dendritic cell
ASGR1,0.3570330834927855,0.19774798045639508,0.198,0.186,1,Dendritic cell
TTYH3,0.35710803802378593,0.37501485448144845,0.537,0.541,1,Dendritic cell
FAM149A,0.35738598036964325,-0.334472073909855,0.012,0.012,1,Dendritic cell
ZBTB16,0.35745816792724466,1.1363366645293205,0.023,0.019,1,Dendritic cell
RNF115,0.35746392178061154,-1.6365571465464126,0.532,0.519,1,Dendritic cell
VARS1,0.3575547314406116,0.9100440862953647,0.653,0.644,1,Dendritic cell
TXNL4A,0.3578355450705102,0.19276946420881558,0.9,0.9,1,Dendritic cell
UBE2L3,0.35806663755245544,-0.12714502709836273,0.553,0.566,1,Dendritic cell
E2F6,0.358244443679443,-0.10956094441640274,0.167,0.174,1,Dendritic cell
KRCC1,0.35837206416865786,0.3654138911157703,0.514,0.503,1,Dendritic cell
TADA3,0.3587114577815552,0.16879523645083783,0.534,0.522,1,Dendritic cell
ZFYVE21,0.3587534548837228,0.1287262286927669,0.241,0.238,1,Dendritic cell
PMFBP1,0.35913767726241547,-0.2311157049717849,0.027,0.027,1,Dendritic cell
MAFK,0.3591580368607853,0.14417730718061017,0.306,0.298,1,Dendritic cell
ATP6V1B2,0.359223624196372,4.1451069259833435,0.851,0.849,1,Dendritic cell
BTN3A1,0.359350573435236,0.12862321995592796,0.214,0.205,1,Dendritic cell
BBS5,0.3595065320252888,-0.23925547069334385,0.023,0.026,1,Dendritic cell
ADGRE1,0.3595902650961787,0.19130778893392886,0.115,0.109,1,Dendritic cell
TMOD3,0.3596618995717605,-0.2289051046575894,0.716,0.708,1,Dendritic cell
ZMAT3,0.36017543353733483,-0.21280937963301144,0.26,0.262,1,Dendritic cell
CNOT6,0.3604882952496631,-0.22123168327924736,0.443,0.447,1,Dendritic cell
MED23,0.360562372302133,0.12412405294076834,0.44,0.432,1,Dendritic cell
ATP5PF,0.36082640294373286,0.1578203117036776,0.114,0.107,1,Dendritic cell
TIA1,0.36094411919305786,-0.2916981416138196,0.785,0.791,1,Dendritic cell
CLEC16A,0.36121573274423935,0.2189064470891916,0.384,0.371,1,Dendritic cell
ZNF2,0.3613077484214206,-0.17321137390372288,0.04,0.04,1,Dendritic cell
SMIM6,0.36139341453077645,-0.1675160681771639,0.051,0.049,1,Dendritic cell
ZNF268,0.36142076722450533,0.19173905509529626,0.195,0.186,1,Dendritic cell
STAB1,0.36147687073647583,4.888898231225217,0.235,0.247,1,Dendritic cell
KLHL28,0.36189341151596494,0.2169980136003682,0.196,0.187,1,Dendritic cell
ZCCHC4,0.3619988903925005,0.11857327587458649,0.246,0.242,1,Dendritic cell
AGTPBP1,0.36224104739770113,-0.3388258416390517,0.84,0.841,1,Dendritic cell
SCNN1D,0.3625716715095654,0.27714723454065826,0.02,0.018,1,Dendritic cell
PLD4,0.362773315697138,-10.187502514935915,0.926,0.918,1,Dendritic cell
STT3A,0.362938378011816,-3.514995646041733,0.803,0.794,1,Dendritic cell
MAD1L1,0.36302993675719114,0.40739239215484147,0.434,0.431,1,Dendritic cell
LST1,0.36312884251815786,7.645756069658177,0.799,0.792,1,Dendritic cell
TMSB10,0.36334349058375537,-10.187954741989415,0.998,0.997,1,Dendritic cell
IL15,0.36336388402265885,-0.18840291809063914,0.129,0.121,1,Dendritic cell
USP40,0.3633819689504483,0.1139277912960275,0.296,0.285,1,Dendritic cell
HSP90AB1,0.363541305865901,-0.330716992628898,0.816,0.82,1,Dendritic cell
NME3,0.3635659114006298,-0.38039983885959305,0.549,0.542,1,Dendritic cell
SRPK1,0.3636260923296893,0.24497392573697174,0.333,0.328,1,Dendritic cell
NLK,0.36367361397617154,0.3819035821607215,0.441,0.429,1,Dendritic cell
UBL3,0.3636879290633627,0.43660143474852253,0.646,0.636,1,Dendritic cell
PSMC6,0.36382109184470385,-0.20485108781547967,0.485,0.478,1,Dendritic cell
TSKS,0.36421634501475875,0.23232053194912572,0.032,0.027,1,Dendritic cell
KLRB1,0.3642394807644787,5.605190817612918,0.052,0.047,1,Dendritic cell
SELENOI,0.3642762814841589,-0.21508847621049176,0.187,0.189,1,Dendritic cell
MEGF6,0.36429837844296464,-0.19975857963641408,0.051,0.048,1,Dendritic cell
FDFT1,0.3644306308343213,-3.6832650259398925,0.567,0.578,1,Dendritic cell
SLF2,0.36505911615069,0.13391751369376292,0.251,0.246,1,Dendritic cell
PSMB9,0.3652806434404769,-10.082461464998964,0.833,0.825,1,Dendritic cell
ARFRP1,0.36530590228087334,-0.2781265691301018,0.507,0.502,1,Dendritic cell
MFSD14B,0.36551573864039455,0.13598709820763455,0.621,0.613,1,Dendritic cell
STAU1,0.3655550289230922,0.2241356951405451,0.676,0.67,1,Dendritic cell
RND1,0.3655654631508779,-0.3112017431552836,0.017,0.02,1,Dendritic cell
RAPGEF6,0.36557344710574846,1.7655795065577404,0.411,0.399,1,Dendritic cell
SGSM3,0.36559007236642693,0.20465632321395577,0.412,0.409,1,Dendritic cell
VAMP3,0.36562157196787587,1.554426908439801,0.698,0.687,1,Dendritic cell
NUDT3,0.3658612423434311,-0.23331918571899735,0.804,0.795,1,Dendritic cell
PLA2G4C,0.3659445568734924,-0.14417994227260644,0.084,0.082,1,Dendritic cell
KCMF1,0.3661966963420263,-0.12427793370076046,0.665,0.662,1,Dendritic cell
RLIM,0.3664331824182407,0.20014540991964203,0.426,0.418,1,Dendritic cell
PTPN9,0.3664347656008952,0.24424731058610827,0.473,0.469,1,Dendritic cell
A4GALT,0.36656480289035104,-0.3674089274019745,0.031,0.028,1,Dendritic cell
AATK,0.36661466263225495,-0.27371049891235,0.011,0.012,1,Dendritic cell
RBM7,0.3666375222383977,-0.21532699538465405,0.377,0.383,1,Dendritic cell
PDLIM7,0.36665361593626883,-1.050511021182657,0.137,0.141,1,Dendritic cell
RBMX2,0.3666681014741966,0.12398048787483607,0.13,0.127,1,Dendritic cell
S100A13,0.36670680692474233,-0.6568546348460556,0.153,0.151,1,Dendritic cell
TOMM6,0.3669644558014508,0.6761678842038576,0.738,0.74,1,Dendritic cell
GRSF1,0.3670281931259347,-5.479683578257735,0.89,0.895,1,Dendritic cell
ZNF586,0.36710159335737946,-0.19191672372933666,0.167,0.166,1,Dendritic cell
CCR6,0.3671354045280186,-0.8746620064725419,0.23,0.221,1,Dendritic cell
KRI1,0.367321542062241,0.10447506152203223,0.517,0.511,1,Dendritic cell
DENND6A,0.3673652724795808,0.10680605569529344,0.5,0.514,1,Dendritic cell
CTSZ,0.36775065004095114,-11.145997951930909,0.995,0.994,1,Dendritic cell
TRAPPC6A,0.3677531808399936,0.1675249449083427,0.474,0.46,1,Dendritic cell
FYN,0.367871282404528,-0.4023977645643786,0.833,0.829,1,Dendritic cell
NAP1L4,0.36803749234555877,0.12710277281028715,0.624,0.612,1,Dendritic cell
CCDC91,0.3681634284590206,0.3794854722703609,0.551,0.543,1,Dendritic cell
GNPNAT1,0.3682054447656134,0.18536413945783758,0.112,0.107,1,Dendritic cell
RASSF4,0.3683551282995823,42.6902431205007,0.633,0.632,1,Dendritic cell
ATP6V1H,0.3685957941059087,-0.7044983178897053,0.566,0.554,1,Dendritic cell
ZSWIM4,0.36877126133510924,0.1607533807713155,0.058,0.053,1,Dendritic cell
RCOR1,0.36879563670933985,-0.20523605243053744,0.658,0.669,1,Dendritic cell
ASNSD1,0.3690343545032081,0.10284404630991095,0.449,0.435,1,Dendritic cell
SLC31A1,0.3691205509264108,-0.15876962298721997,0.344,0.36,1,Dendritic cell
CITED2,0.3691878509183111,-24.598252610338363,0.599,0.585,1,Dendritic cell
FOXP1,0.36920640515003683,-0.7810823862779976,0.807,0.808,1,Dendritic cell
SH2B1,0.369489902702847,0.11471439960399432,0.445,0.459,1,Dendritic cell
SIDT1,0.36951523978945927,0.22050599845432162,0.057,0.052,1,Dendritic cell
OAZ3,0.3695462892479507,0.4015422920539322,0.012,0.01,1,Dendritic cell
MTMR10,0.36966270625176306,0.6492103670724934,0.673,0.661,1,Dendritic cell
ERO1B,0.3696654112742837,-0.26264906484858913,0.273,0.281,1,Dendritic cell
NDUFAF2,0.36980029733743636,-0.30860807527661804,0.262,0.27,1,Dendritic cell
ITM2C,0.36982580871392506,6.092096664004174,0.627,0.627,1,Dendritic cell
NBPF11,0.36993223676511483,0.24337446302259513,0.059,0.055,1,Dendritic cell
UPF2,0.369958104528157,0.21050350296283948,0.484,0.487,1,Dendritic cell
IGKC,0.36998417480667595,-Inf,0.347,0.362,1,Dendritic cell
VOPP1,0.3700747424189097,-0.27072905888107934,0.549,0.54,1,Dendritic cell
ARF5,0.3702105923987941,-0.20409785773945677,0.564,0.551,1,Dendritic cell
LAT2,0.3702147690779255,-1.2186224918324244,0.679,0.668,1,Dendritic cell
APTX,0.3703123578796497,-0.3081981919554009,0.355,0.34,1,Dendritic cell
ZHX3,0.3703175635299781,0.13377959151160668,0.116,0.115,1,Dendritic cell
CDK5RAP3,0.3705569722107732,-0.7131612666725351,0.798,0.801,1,Dendritic cell
ATP2B4,0.3705934320148855,0.709507189919302,0.629,0.638,1,Dendritic cell
MFSD3,0.37078811696394826,-0.23917551718254781,0.073,0.076,1,Dendritic cell
SLFN11,0.3710464524719251,0.3500183900776177,0.646,0.64,1,Dendritic cell
YWHAE,0.37104666242873596,0.42741854965692205,0.889,0.894,1,Dendritic cell
TMEM138,0.3713433445532801,-0.23163386076538672,0.457,0.457,1,Dendritic cell
GPC2,0.37146757079798653,-0.22994088117000722,0.031,0.032,1,Dendritic cell
SENP3,0.37168150208002937,-0.629369642540399,0.431,0.441,1,Dendritic cell
GBF1,0.3717728864890475,-0.1363970940406638,0.362,0.356,1,Dendritic cell
RHOQ,0.37181649996439514,-0.49640335779050737,0.803,0.801,1,Dendritic cell
CCSER2,0.3720566369287461,-0.6793470812306737,0.533,0.527,1,Dendritic cell
NDE1,0.37211487973908164,7.744387718070381,0.641,0.639,1,Dendritic cell
TPM4,0.3721607591433703,2.863324218140722,0.82,0.818,1,Dendritic cell
GON7,0.37234041988808886,0.116472983927835,0.194,0.187,1,Dendritic cell
SPR,0.3724428038919252,0.16202558575897186,0.061,0.058,1,Dendritic cell
CEP55,0.3727547065036599,-9.534222267858373,0.014,0.012,1,Dendritic cell
TCF19,0.3728183103697452,3.421316874242427,0.067,0.062,1,Dendritic cell
SNX17,0.3729245777617767,-2.2908491357842866,0.883,0.877,1,Dendritic cell
TMEM126B,0.373013610379789,-0.34151368811677996,0.493,0.501,1,Dendritic cell
GPT2,0.37314036375600546,-0.3854016450408486,0.056,0.064,1,Dendritic cell
DNMT3A,0.37332171765002864,0.4650937669182651,0.307,0.296,1,Dendritic cell
ABCB8,0.37337511146514496,0.14440714042065667,0.277,0.267,1,Dendritic cell
LPCAT4,0.373388919511908,-0.22586172928585202,0.199,0.208,1,Dendritic cell
CASP10,0.37379598947249826,-0.1935247951806729,0.29,0.28,1,Dendritic cell
EIF4G1,0.37381023747599007,0.49370739710336764,0.71,0.713,1,Dendritic cell
NOP58,0.3740521108942453,0.7060772521733605,0.586,0.576,1,Dendritic cell
NUCKS1,0.3740602522377265,-0.76680772392555685,0.672,0.661,1,Dendritic cell
FYCO1,0.3746094909599224,-0.24275002283856079,0.181,0.191,1,Dendritic cell
ERI1,0.3746544705078701,0.1396032013188413,0.218,0.213,1,Dendritic cell
KLK1,0.37475623658859936,-0.1213119561695235,0.013,0.011,1,Dendritic cell
NDUFB1,0.3748597575461598,0.19314159578838996,0.657,0.646,1,Dendritic cell
RMC1,0.3749162706686958,-0.3136503834528179,0.483,0.473,1,Dendritic cell
PC,0.3752428339096236,-0.24035266225484486,0.031,0.035,1,Dendritic cell
SVBP,0.375338661187287,0.18682665037640878,0.346,0.35,1,Dendritic cell
PAFAH1B1,0.37562614607272715,0.25278250341138797,0.824,0.823,1,Dendritic cell
SCIMP,0.3760034259820772,-0.32834691612151445,0.687,0.674,1,Dendritic cell
HDAC6,0.37613372656250005,-0.21012476636353417,0.468,0.461,1,Dendritic cell
WDR73,0.3763199647988676,-0.1474616580682111,0.261,0.257,1,Dendritic cell
IFI16,0.37651806928410547,-20.13267533887348,0.931,0.926,1,Dendritic cell
SNX33,0.37654611085682166,0.14115102822323555,0.103,0.099,1,Dendritic cell
OSBP2,0.37657604913617615,0.15248266382028142,0.012,0.009,1,Dendritic cell
IRAK1,0.3767375106378174,-0.11832533591319372,0.539,0.53,1,Dendritic cell
KLHDC4,0.376825709059081,-0.1715200254311886,0.385,0.375,1,Dendritic cell
DGAT1,0.3769230441027954,0.17512904333467283,0.57,0.558,1,Dendritic cell
TMEM231,0.3770894523914272,-0.10329381168437024,0.037,0.036,1,Dendritic cell
MYBPC3,0.3770940929491994,0.273127279134036,0.045,0.039,1,Dendritic cell
ZBTB7A,0.3771916359322211,2.140541751741835,0.732,0.72,1,Dendritic cell
GXYLT2,0.37721730143040044,-0.137391558329496,0.02,0.023,1,Dendritic cell
PDLIM1,0.3773947376113439,-0.19620020616383904,0.249,0.232,1,Dendritic cell
MOB1A,0.3778405295414362,0.20892314951779145,0.792,0.802,1,Dendritic cell
MSH2,0.37793264819519545,2.8642584622831078,0.179,0.172,1,Dendritic cell
ISCU,0.37794325810624313,2.7411967597836284,0.718,0.723,1,Dendritic cell
GLI4,0.37812489062928617,0.1395216499727001,0.218,0.208,1,Dendritic cell
SPPL2B,0.378335092771096,0.2525422217757206,0.333,0.332,1,Dendritic cell
DNAJB5,0.37839940643506437,-0.18466187952241908,0.034,0.039,1,Dendritic cell
MB21D2,0.37840196398983394,0.1334379088590545,0.07,0.063,1,Dendritic cell
ORMDL3,0.37845900286906664,0.11598936507908486,0.288,0.298,1,Dendritic cell
CEP170,0.3787235433458303,-0.18980721126592126,0.562,0.549,1,Dendritic cell
RGP1,0.37873966513455437,0.11761588030511216,0.361,0.349,1,Dendritic cell
VPS53,0.37909188059455573,-0.18198810327414883,0.475,0.483,1,Dendritic cell
GK5,0.3791057258053233,0.1934497650363054,0.17,0.163,1,Dendritic cell
FCRL5,0.37914467433359256,14.18330937824809,0.029,0.032,1,Dendritic cell
KLHL6,0.37919422900401556,-0.19825139191451857,0.697,0.692,1,Dendritic cell
STK17B,0.37919509565373527,14.910285940391162,0.982,0.982,1,Dendritic cell
ZNF563,0.3792774823960667,0.1576585455536499,0.03,0.026,1,Dendritic cell
OGFOD3,0.37928207140472253,-0.2250466122950266,0.314,0.308,1,Dendritic cell
ADAM10,0.37936153259323657,0.31084069342794507,0.828,0.82,1,Dendritic cell
STMN1,0.3794611111173465,13.189782118519865,0.244,0.246,1,Dendritic cell
CYREN,0.37949631205335627,-0.16298876386582467,0.308,0.306,1,Dendritic cell
AGBL5,0.37950822769316345,0.12857583763332503,0.092,0.086,1,Dendritic cell
CAMK2D,0.37972868303541,1.4398791112310878,0.293,0.281,1,Dendritic cell
HAL,0.3799990619196682,-0.1751497559154629,0.062,0.057,1,Dendritic cell
MALT1,0.3800115567739009,-1.3149188235826257,0.769,0.77,1,Dendritic cell
HEBP1,0.380155814547894,0.40060920267817013,0.397,0.384,1,Dendritic cell
IFFO1,0.38028959334875895,0.12936273060129455,0.254,0.247,1,Dendritic cell
ZNF572,0.38032469348305037,0.342885450318029,0.016,0.015,1,Dendritic cell
LAMTOR4,0.38033818029672595,-0.5731928638416317,0.907,0.9,1,Dendritic cell
RAD51D,0.38040862183223484,-0.11625650181250746,0.168,0.159,1,Dendritic cell
ABCB9,0.38049577964184716,0.2531206358881706,0.011,0.008,1,Dendritic cell
APOO,0.38073466207386847,0.1282483040272724,0.155,0.157,1,Dendritic cell
RPUSD3,0.38075364801280664,-0.19061530027453877,0.181,0.185,1,Dendritic cell
NIPA1,0.38084417924156017,-0.23175627748129135,0.183,0.19,1,Dendritic cell
LTB,0.3808879275779575,53.14764468762631,0.484,0.47,1,Dendritic cell
CCDC175,0.38104642718570936,0.3155276591346441,0.017,0.015,1,Dendritic cell
BMI1,0.3812518615063324,-2.0885173148765857,0.476,0.465,1,Dendritic cell
GPR155,0.381370200137682,2.5174311279235857,0.157,0.152,1,Dendritic cell
SLC19A2,0.3818023428216854,0.2227729854436893,0.045,0.04,1,Dendritic cell
DAD1,0.3820988324510663,-0.11288899722970713,0.067,0.073,1,Dendritic cell
PSTPIP2,0.38247424332753105,-0.36869786174125174,0.442,0.433,1,Dendritic cell
IGBP1,0.3824909124899081,0.2236058517081716,0.688,0.699,1,Dendritic cell
PSMC2,0.38286076806028607,0.11978967272219077,0.719,0.706,1,Dendritic cell
NTNG2,0.3829238689615893,0.4793497308715482,0.019,0.015,1,Dendritic cell
ZNF222,0.3829284338933428,-0.10248641070216102,0.024,0.024,1,Dendritic cell
TTC3,0.38297493900965834,-0.28732876317801015,0.768,0.769,1,Dendritic cell
DCBLD2,0.3830539037972302,-0.2034750049068741,0.036,0.041,1,Dendritic cell
NAB2,0.38309507684954486,0.4188159956394525,0.153,0.147,1,Dendritic cell
SOCS1,0.38317163164247564,-1.474098804145876,0.059,0.056,1,Dendritic cell
OPA1,0.38318513250303976,0.17535372758106238,0.59,0.583,1,Dendritic cell
SLC39A11,0.3833840654476941,-0.22552908127600022,0.292,0.294,1,Dendritic cell
COG8,0.3834596508552354,0.11642654032961924,0.291,0.282,1,Dendritic cell
TBL3,0.38351189538174296,0.16835423884093612,0.301,0.289,1,Dendritic cell
DOCK11,0.38367358046110167,1.012031764834254,0.802,0.798,1,Dendritic cell
TGFA,0.3838978260798462,-0.15513870157835097,0.016,0.019,1,Dendritic cell
LRCH3,0.3840060671677166,-0.31846388191689323,0.514,0.51,1,Dendritic cell
MTOR,0.3840903423982009,0.20793944266689324,0.416,0.407,1,Dendritic cell
FZD1,0.3842747941705464,-0.3481352582322096,0.191,0.189,1,Dendritic cell
NGLY1,0.3843348268557932,-0.9513263632780511,0.632,0.624,1,Dendritic cell
PRKCB,0.3843911379477777,3.941548957678794,0.96,0.957,1,Dendritic cell
HCN2,0.3851445415618614,-0.4251635212300169,0.009,0.012,1,Dendritic cell
SGK3,0.3852370595262932,0.8176333676282601,0.71,0.7,1,Dendritic cell
DHODH,0.38533562785905734,0.23743820817524997,0.127,0.123,1,Dendritic cell
PARM1,0.38560006281537873,0.3681004035521722,0.206,0.191,1,Dendritic cell
MTERF2,0.3857423966742788,0.18359408692604512,0.14,0.13,1,Dendritic cell
ABCD3,0.3857774398631407,-0.1370168581239123,0.348,0.34,1,Dendritic cell
EPS8L1,0.38586356702044883,-0.28949549871501823,0.032,0.036,1,Dendritic cell
SCRN3,0.3859195006152579,0.15665494328899726,0.222,0.218,1,Dendritic cell
SLC23A1,0.3859283502196722,-0.3265933908679193,0.014,0.017,1,Dendritic cell
CDC42EP4,0.385937366379932,-0.3365035543891288,0.022,0.025,1,Dendritic cell
MDN1,0.386266374418354,0.1234918406575653,0.23,0.223,1,Dendritic cell
GEN1,0.38627375939006,0.5648433628733864,0.154,0.145,1,Dendritic cell
RGL2,0.38642336337693145,-0.5935163062244682,0.491,0.489,1,Dendritic cell
RAB7B,0.38657481331665033,-3.663798012630769,0.049,0.048,1,Dendritic cell
POLE4,0.3866007213693353,-0.1712283287556911,0.33,0.322,1,Dendritic cell
SLC37A3,0.3871284194931276,-0.20832355225872035,0.118,0.12,1,Dendritic cell
C17orf107,0.38745904385511404,-0.4134976758237121,0.017,0.02,1,Dendritic cell
NFU1,0.3876033516961624,0.1381458766774163,0.328,0.331,1,Dendritic cell
FGFBP3,0.38781895176184594,-0.30217570702113417,0.015,0.017,1,Dendritic cell
MYO7B,0.38789324836415956,-0.24789070393640644,0.054,0.06,1,Dendritic cell
STAT3,0.38789726102611966,0.20262651450305658,0.688,0.701,1,Dendritic cell
CALU,0.38793815087378625,-0.4743451439765054,0.509,0.518,1,Dendritic cell
SYCP3,0.3879545504162952,-0.24598820271461452,0.01,0.01,1,Dendritic cell
PRKCA,0.387998917188171,0.5373744901004123,0.31,0.307,1,Dendritic cell
PHF1,0.3882683154149914,0.3880880417279449,0.263,0.253,1,Dendritic cell
INPP1,0.38848626888220106,-0.13667067983206718,0.196,0.188,1,Dendritic cell
HEXIM2,0.38851441343310594,-0.17197373307978348,0.044,0.046,1,Dendritic cell
TMEM86B,0.38866513048971174,0.14011000725635725,0.152,0.146,1,Dendritic cell
RASSF5,0.3887579740962742,-0.987371443817656,0.789,0.795,1,Dendritic cell
DCAF7,0.38879556290041223,2.034823556738834,0.857,0.849,1,Dendritic cell
UPP1,0.3888337951420604,-0.9561809140525144,0.213,0.222,1,Dendritic cell
EPRS1,0.38900450520260865,0.14270558500372044,0.657,0.662,1,Dendritic cell
HOOK1,0.38906500183143067,0.45532217304553324,0.014,0.011,1,Dendritic cell
LDLRAD3,0.38919295969084183,0.31908054262347396,0.126,0.122,1,Dendritic cell
BRF1,0.38935376475795,0.13374743779128417,0.426,0.433,1,Dendritic cell
ACTR10,0.38961518581311544,0.2080747382492798,0.561,0.551,1,Dendritic cell
CLEC4G,0.38962745184967973,-0.11960813328776876,0.034,0.037,1,Dendritic cell
NUP50,0.3897080015582204,-0.3013043769212518,0.496,0.504,1,Dendritic cell
EAF2,0.3897629027589961,0.2193588085084195,0.543,0.549,1,Dendritic cell
EPHB6,0.3898265044496577,0.29895857760616096,0.215,0.208,1,Dendritic cell
MSLN,0.3901068393472488,-7.294939314651444,0.051,0.056,1,Dendritic cell
LINC02693,0.3902704891407042,0.218420480979038,0.017,0.015,1,Dendritic cell
STAT5B,0.39032456920372455,2.526435820181015,0.715,0.702,1,Dendritic cell
VDR,0.39051162466722256,0.6951991188428355,0.263,0.27,1,Dendritic cell
MEPCE,0.39067108689932284,-0.6065344572962523,0.527,0.537,1,Dendritic cell
COX6C,0.3908985983079673,0.20615100881412118,0.771,0.768,1,Dendritic cell
ZNF587,0.3909312219311532,-0.12928362596409104,0.117,0.124,1,Dendritic cell
IMPDH2,0.39123565078799916,0.19128597345145887,0.338,0.327,1,Dendritic cell
COTL1,0.39144502319292,-10.82323752093177,0.82,0.817,1,Dendritic cell
SLC9C2,0.3915253587857453,0.4124170230481532,0.022,0.018,1,Dendritic cell
GAB1,0.39162729862125145,0.23487062923626123,0.181,0.187,1,Dendritic cell
TLN2,0.3917503798506659,0.37190272715779304,0.01,0.01,1,Dendritic cell
BAG6,0.3919354960844377,1.0106015911796078,0.876,0.876,1,Dendritic cell
CHAMP1,0.3920722086112256,0.1564729280392878,0.407,0.397,1,Dendritic cell
PPFIBP2,0.39212329206655705,-0.22726228167070228,0.152,0.157,1,Dendritic cell
ACO2,0.39217251866165637,-0.18286761889105535,0.353,0.354,1,Dendritic cell
NDUFA8,0.3922113051982753,-0.18786484387732294,0.505,0.506,1,Dendritic cell
HACD4,0.3923630992199522,2.1281500671431584,0.8,0.795,1,Dendritic cell
LGR4,0.3923840979652869,0.2938266932779934,0.023,0.021,1,Dendritic cell
MOSPD3,0.39257757553171785,-0.27624015667211466,0.174,0.171,1,Dendritic cell
CD69,0.392883621022628,6.550215309278728,0.114,0.109,1,Dendritic cell
LGI4,0.39314592378048385,-0.2162146696601166,0.015,0.016,1,Dendritic cell
CALR,0.3931918769463246,-0.30171378069730004,0.669,0.675,1,Dendritic cell
SLC25A26,0.3931978381028285,0.14275121248945782,0.344,0.333,1,Dendritic cell
ITCH,0.39334382927841716,-0.5531309560711604,0.808,0.803,1,Dendritic cell
NCAPH,0.3933487466231426,0.49675542900105363,0.017,0.014,1,Dendritic cell
APOBR,0.39340045823701797,-0.6676935085544589,0.818,0.817,1,Dendritic cell
NIFK,0.3935634453698667,0.28111971914350486,0.488,0.482,1,Dendritic cell
FRMD8,0.3935731578215889,-0.2087235770256859,0.014,0.015,1,Dendritic cell
QRSL1,0.39358550263130565,-0.10226969801070179,0.241,0.233,1,Dendritic cell
TTLL12,0.39366639177696633,-0.21736450618599645,0.334,0.341,1,Dendritic cell
XRN2,0.39371093598044293,0.432006213018747,0.78,0.771,1,Dendritic cell
RGS19,0.3937369192546628,-2.0780469443448135,0.83,0.825,1,Dendritic cell
ZNF106,0.39387965291041194,1.7495756981341462,0.692,0.685,1,Dendritic cell
HLX,0.39392899179106167,-0.92312489922851515,0.209,0.202,1,Dendritic cell
ANKLE1,0.3939503592258626,-0.16742365442711638,0.071,0.074,1,Dendritic cell
MINDY2,0.3939916351510433,0.17867174845887934,0.205,0.199,1,Dendritic cell
PFKFB3,0.3940321011659339,1.5499170803715785,0.388,0.397,1,Dendritic cell
GLRX5,0.3940597582225479,-0.11515598908362262,0.352,0.363,1,Dendritic cell
DEXI,0.3942704199485721,-0.14840465567076544,0.086,0.092,1,Dendritic cell
TMEM156,0.3943478770939335,0.18986782948426922,0.192,0.188,1,Dendritic cell
USE1,0.39444662249031986,-0.18974337468684083,0.237,0.246,1,Dendritic cell
SIRT7,0.39458641375616893,-0.220560479278871,0.388,0.384,1,Dendritic cell
DNTTIP1,0.3947540969208499,0.29114077223919255,0.537,0.535,1,Dendritic cell
AUNIP,0.39480567345495493,0.45778585793961035,0.013,0.016,1,Dendritic cell
EPC2,0.3948364709335137,0.1055205649512625,0.491,0.48,1,Dendritic cell
TNFSF13,0.39503258077212094,-2.476005504127407,0.822,0.826,1,Dendritic cell
LMNB1,0.3961155258374423,5.168727517656556,0.518,0.506,1,Dendritic cell
GMPR,0.39635766112473747,0.10231154873174675,0.047,0.044,1,Dendritic cell
ADORA2A,0.3964540422626334,2.1517110734247478,0.035,0.031,1,Dendritic cell
PUF60,0.3965087915826432,-0.100054121130837,0.672,0.663,1,Dendritic cell
CCDC127,0.3965786673733221,0.1870669723405669,0.132,0.124,1,Dendritic cell
TOX,0.39666850553578253,0.6948011662223371,0.054,0.058,1,Dendritic cell
LILRA2,0.3967115904549032,0.4987392925708267,0.567,0.56,1,Dendritic cell
ZSCAN29,0.3967732563897938,-0.13764487299794276,0.23,0.237,1,Dendritic cell
MYOM1,0.39685605113715766,-0.13988113869986885,0.042,0.045,1,Dendritic cell
DHX15,0.3969007992881224,-1.165683189953322,0.804,0.795,1,Dendritic cell
EPSTI1,0.3969512792281005,-4.167335396020967,0.472,0.456,1,Dendritic cell
CDV3,0.3971013004407964,0.5510884040232291,0.729,0.722,1,Dendritic cell
BIRC5,0.3972788347798437,-3.697473578963771,0.009,0.011,1,Dendritic cell
PJVK,0.39732876545237894,0.12645325685091757,0.039,0.035,1,Dendritic cell
SNRK,0.3973970035143616,-0.5727649191479385,0.511,0.512,1,Dendritic cell
DDX3X,0.39744849516446584,4.134503788571785,0.643,0.652,1,Dendritic cell
MLLT6,0.3976939927728173,-2.0254226583955166,0.583,0.58,1,Dendritic cell
HNRNPH3,0.39775615467271486,-0.7027479837797941,0.794,0.797,1,Dendritic cell
SLC49A3,0.39799088496060575,-0.212766877235111,0.089,0.087,1,Dendritic cell
CCDC159,0.3984234023420422,0.13699758196854317,0.358,0.369,1,Dendritic cell
TOR1AIP2,0.3985144003402033,0.10457274510622416,0.412,0.421,1,Dendritic cell
NEPRO,0.39858984461829894,-0.24917653932520323,0.512,0.502,1,Dendritic cell
AK6,0.3986653197132305,-0.21830852389148359,0.293,0.298,1,Dendritic cell
B3GALT6,0.39918354595600275,-0.10798470949567385,0.091,0.097,1,Dendritic cell
CAMK2G,0.3993041529214289,-0.12423782670569938,0.333,0.325,1,Dendritic cell
SLC4A2,0.39939167485094346,-0.15583131248647986,0.188,0.198,1,Dendritic cell
FBXO46,0.3994658617815399,0.21867043123418559,0.298,0.288,1,Dendritic cell
NAGA,0.39979298025790555,-0.2704166451705241,0.876,0.883,1,Dendritic cell
PAPSS1,0.40042098310719976,-0.1874041525068484,0.489,0.478,1,Dendritic cell
COG7,0.4004806149306651,0.18803646745196212,0.333,0.334,1,Dendritic cell
SP100,0.40077199801523505,-1.2128061464087825,0.791,0.779,1,Dendritic cell
KIAA1958,0.400848442982403,-0.35005289439268095,0.187,0.187,1,Dendritic cell
UFM1,0.4009637885890269,-0.6704932437369617,0.786,0.778,1,Dendritic cell
DNAJB2,0.4011895816726243,-0.10983563197718321,0.218,0.214,1,Dendritic cell
RDH13,0.40131611188961375,0.18320599010810223,0.1,0.096,1,Dendritic cell
SLC16A3,0.40131698713249836,-1.0102904985360404,0.669,0.666,1,Dendritic cell
SDC3,0.40160286501437,-0.4114986572845649,0.033,0.035,1,Dendritic cell
TRMT1,0.4016092275297393,-0.1418678311260564,0.499,0.503,1,Dendritic cell
RACK1,0.4016204824294147,-0.9848623994602388,0.796,0.786,1,Dendritic cell
TUBA4A,0.40189500344236634,-0.2787637954277411,0.16,0.148,1,Dendritic cell
NAIP,0.40201303704343283,-0.6026305367235132,0.503,0.506,1,Dendritic cell
SUN2,0.402127424280047,-1.675777732552831,0.877,0.884,1,Dendritic cell
SIT1,0.40223391751824017,-1.3385033027292987,0.163,0.158,1,Dendritic cell
RTEL1,0.40247794502983075,-0.13416707656777116,0.101,0.106,1,Dendritic cell
C11orf71,0.40261899158044867,0.23677807037055554,0.202,0.191,1,Dendritic cell
DAGLA,0.40268998618411617,0.4624276533129432,0.084,0.078,1,Dendritic cell
TAOK1,0.40299027644625757,-0.2988167448346193,0.734,0.741,1,Dendritic cell
PCNX1,0.40309615290197626,-0.2129534915756457,0.544,0.544,1,Dendritic cell
GCC1,0.40312866397919034,0.11182833695419353,0.245,0.238,1,Dendritic cell
FH,0.4031527465712652,0.3646642206375228,0.6,0.604,1,Dendritic cell
FARS2,0.4031817855452964,-0.10575267812593014,0.136,0.145,1,Dendritic cell
CCND3,0.40342967463740753,4.175718363707361,0.83,0.827,1,Dendritic cell
TTLL1,0.40347135726775213,0.16255214870452594,0.152,0.142,1,Dendritic cell
BUD23,0.4037118862557048,0.2104619963544767,0.48,0.472,1,Dendritic cell
FBXO24,0.40373785216032493,-0.46368969582650266,0.007,0.01,1,Dendritic cell
DYRK3,0.4038126322539024,0.6993589402117735,0.04,0.036,1,Dendritic cell
NKIRAS1,0.4038197424548978,-0.19877858260704162,0.051,0.057,1,Dendritic cell
NIBAN1,0.40417884555043093,-1.9933290529657395,0.47,0.46,1,Dendritic cell
SDCBP,0.4043983561962195,1.7729686369827657,0.769,0.759,1,Dendritic cell
CALM2,0.4045320808123398,-3.2719050019325593,0.973,0.976,1,Dendritic cell
HOXA4,0.4046909683591628,-0.5851583814472301,0.007,0.01,1,Dendritic cell
NRBF2,0.4047536504019374,0.22001837336122143,0.382,0.368,1,Dendritic cell
CDA,0.4052150332915364,-0.9162001617211869,0.052,0.053,1,Dendritic cell
NRARP,0.4053214780316933,0.3544182166634591,0.037,0.039,1,Dendritic cell
FANCD2,0.4055275471027403,0.17681571472678215,0.081,0.077,1,Dendritic cell
TSTD2,0.4056090377101385,0.13745419894446576,0.228,0.223,1,Dendritic cell
INTS14,0.4061724634205626,-0.13217331389806103,0.332,0.321,1,Dendritic cell
FUOM,0.40622598550870614,0.4631397745464625,0.41,0.399,1,Dendritic cell
SMG1,0.4063828207903548,-0.14821451099408467,0.639,0.628,1,Dendritic cell
ACSF3,0.40642572906097757,-0.36232329603405455,0.403,0.413,1,Dendritic cell
PEAK1,0.40655122358769863,0.11930199406222008,0.191,0.186,1,Dendritic cell
ADORA1,0.4066449869629629,0.12810821815696105,0.056,0.053,1,Dendritic cell
NECTIN1,0.4066494481120825,5.12986638898338,0.225,0.223,1,Dendritic cell
ZSCAN21,0.40708068356124233,0.13086177453141112,0.131,0.123,1,Dendritic cell
IFIT3,0.407187625725634,-14.312624981852494,0.097,0.099,1,Dendritic cell
ZNF785,0.40745295700244866,-0.22369355853101114,0.235,0.233,1,Dendritic cell
BIN1,0.4075978575367554,1.2510172117026421,0.665,0.66,1,Dendritic cell
TNPO2,0.4076500853676,0.13460153967457883,0.258,0.25,1,Dendritic cell
ZDHHC21,0.40774532674527125,-0.18129460117392365,0.194,0.2,1,Dendritic cell
TGDS,0.40796852290846247,-0.19025444179978787,0.238,0.237,1,Dendritic cell
MBIP,0.40822541990685185,-0.21276875625958636,0.302,0.315,1,Dendritic cell
H4C2,0.40835671790824707,-0.20838775763666906,0.019,0.019,1,Dendritic cell
LRP1B,0.4084475442802072,0.685158426840714,0.117,0.115,1,Dendritic cell
CCR2,0.4084929618962252,5.652744607234904,0.881,0.874,1,Dendritic cell
CMKLR1,0.4092323046609896,-2.8203306411761115,0.223,0.233,1,Dendritic cell
HIGD2A,0.40937889698181945,1.1623290725728666,0.895,0.898,1,Dendritic cell
H2BC8,0.4095005533175334,0.11219746660973495,0.139,0.133,1,Dendritic cell
SLC12A3,0.4098991808993191,2.566752920053375,0.165,0.164,1,Dendritic cell
GANAB,0.4099579912295586,0.12424990876300468,0.593,0.599,1,Dendritic cell
ZNF566,0.41007746684697466,0.25883088081661043,0.117,0.11,1,Dendritic cell
HSPA5,0.410237745784639,0.801573589322639,0.291,0.302,1,Dendritic cell
IFT43,0.41046578091399716,0.10160845813711972,0.122,0.115,1,Dendritic cell
NSMCE1,0.41049291590483994,1.8232580688139417,0.648,0.643,1,Dendritic cell
SETD3,0.41050312261229754,0.15205788799294373,0.688,0.699,1,Dendritic cell
LACTB,0.4105170704546405,-0.14623805400244816,0.365,0.353,1,Dendritic cell
RHBDD3,0.41057448678466,-0.13651868281768031,0.038,0.038,1,Dendritic cell
CD4,0.41102478744736803,-12.490839015896242,0.985,0.983,1,Dendritic cell
PTPMT1,0.4112975396519541,0.10359367942933884,0.16,0.156,1,Dendritic cell
MPND,0.4113604754665684,-0.1375333036954154,0.182,0.191,1,Dendritic cell
BRD7,0.4114017790383929,0.45551867233774335,0.534,0.528,1,Dendritic cell
CFAP119,0.4115548566909095,-0.18702317458601536,0.106,0.113,1,Dendritic cell
BAHCC1,0.4117223047465638,1.835978177978789,0.316,0.306,1,Dendritic cell
UBE2D2,0.41195593199176894,0.16173691456390626,0.722,0.714,1,Dendritic cell
CLCC1,0.41204516842134703,-0.20209060983134464,0.422,0.416,1,Dendritic cell
ETFA,0.41220640406599257,-1.1718899354243337,0.77,0.759,1,Dendritic cell
BCL9L,0.41226550260435013,0.22931255514003768,0.327,0.337,1,Dendritic cell
STAT1,0.41228610414696354,-5.862908941501303,0.65,0.636,1,Dendritic cell
USP25,0.4124424967362383,0.307762254874274,0.741,0.733,1,Dendritic cell
PTPN12,0.4125571861726519,2.668391348604004,0.663,0.655,1,Dendritic cell
AEBP2,0.4128555893684935,-0.18611179186509696,0.591,0.594,1,Dendritic cell
COL8A2,0.41304068785485426,1.205652938048218,0.2,0.207,1,Dendritic cell
WDR83OS,0.4130600084998099,-1.6279690800567508,0.76,0.767,1,Dendritic cell
DNAAF2,0.41371021418022313,0.12700136559010256,0.092,0.088,1,Dendritic cell
FOXO1,0.41387739820343145,-0.2970284609855285,0.26,0.252,1,Dendritic cell
BCL7B,0.4138966225292648,-1.3765763607398864,0.55,0.553,1,Dendritic cell
LILRA1,0.4141326942804898,-0.1328961057782827,0.521,0.525,1,Dendritic cell
CS,0.4141372305089254,-0.14914213064155568,0.025,0.026,1,Dendritic cell
MAP3K4,0.4144489834673052,1.1645674285663214,0.52,0.511,1,Dendritic cell
NAIF1,0.41457612679571476,0.21756925166471663,0.166,0.16,1,Dendritic cell
CPLANE1,0.414623003915417,0.2517031901534958,0.262,0.256,1,Dendritic cell
TRIB1,0.4150215968328442,1.196819147878098,0.143,0.138,1,Dendritic cell
DNMT3B,0.41507443710220915,0.3054139122636963,0.011,0.01,1,Dendritic cell
MYO19,0.41535024140765847,0.3749645759670025,0.193,0.201,1,Dendritic cell
TNK2,0.41569540334384153,0.187884332093037,0.712,0.712,1,Dendritic cell
CAST,0.41589358515303076,1.9927487739738634,0.805,0.81,1,Dendritic cell
AAK1,0.41591000913611204,0.8048110525858203,0.38,0.381,1,Dendritic cell
ZNF331,0.41604494708135403,7.842221285085432,0.114,0.114,1,Dendritic cell
ANKAR,0.41606994417250354,0.10703613034798143,0.101,0.097,1,Dendritic cell
PDP2,0.4161354077012465,-0.1987081642031252,0.047,0.051,1,Dendritic cell
FZD3,0.41616835816951603,-0.382217642807159,0.172,0.179,1,Dendritic cell
UBR2,0.41620055446304727,-0.43417024756904965,0.785,0.778,1,Dendritic cell
CGAS,0.41642756237598744,-0.1665769700051416,0.409,0.419,1,Dendritic cell
CRYZL1,0.4165731866766689,-0.11819889044558085,0.251,0.252,1,Dendritic cell
PRKDC,0.41657933556018256,1.3530465136941747,0.593,0.586,1,Dendritic cell
USP33,0.41657976424006476,0.2930310547916748,0.726,0.72,1,Dendritic cell
KLRC3,0.41690488049003777,2.1702853991100284,0.013,0.01,1,Dendritic cell
LRPAP1,0.4170133513365498,-0.575216580850884,0.727,0.738,1,Dendritic cell
RGS7,0.417020521367386,-0.18778061466044793,0.057,0.053,1,Dendritic cell
NPDC1,0.41713856302284064,4.074827517597011,0.048,0.043,1,Dendritic cell
NRAS,0.417234601094378,-0.22532657614343066,0.665,0.655,1,Dendritic cell
HNRNPU,0.41747141799225346,1.8471575472771349,0.935,0.93,1,Dendritic cell
MGST2,0.4175787644809522,0.6006468113497165,0.746,0.734,1,Dendritic cell
PPP1R18,0.4175826757433,0.3152293144544025,0.859,0.851,1,Dendritic cell
PHF6,0.4176991653240081,-0.1053191245806695,0.516,0.518,1,Dendritic cell
MCM3AP,0.417971062382987,-0.1110064024778703,0.557,0.567,1,Dendritic cell
WAPL,0.4179912536394223,-0.3275890823575338,0.758,0.768,1,Dendritic cell
UBAP1L,0.41806306146171296,-0.13951677449588118,0.031,0.036,1,Dendritic cell
PPP1R3D,0.418129111044964,0.13607756453415,0.171,0.167,1,Dendritic cell
BMT2,0.4182067461402609,0.3333222497532027,0.182,0.181,1,Dendritic cell
MXRA7,0.4186171935253467,0.42390359933548,0.132,0.149,1,Dendritic cell
CIAO2A,0.4187764336495998,0.9159015394955334,0.777,0.768,1,Dendritic cell
B4GALT4,0.4188959361396686,0.1483306240055995,0.191,0.18,1,Dendritic cell
KLRD1,0.4189121360688745,5.787465600525977,0.046,0.041,1,Dendritic cell
TOR1B,0.4191790256537894,-0.1923369220293393,0.268,0.262,1,Dendritic cell
MYB,0.41922002521142265,0.8453573367722425,0.121,0.128,1,Dendritic cell
MYSM1,0.41923250789495153,0.4024493414217627,0.51,0.507,1,Dendritic cell
DMXL1,0.41924680911384854,0.4231464974961696,0.551,0.544,1,Dendritic cell
JUND,0.41936509456996907,14.715432268589453,0.94,0.946,1,Dendritic cell
CD37,0.41958569461701506,20.50215050976525,0.988,0.99,1,Dendritic cell
SLAMF7,0.4197808860394864,-4.4061102399328895,0.41,0.422,1,Dendritic cell
HSD17B12,0.4201662939365054,-0.1244426150464707,0.348,0.354,1,Dendritic cell
ABCF2,0.42039641148493767,0.19335709283402094,0.307,0.296,1,Dendritic cell
L2HGDH,0.42043839321645926,0.3172440909774874,0.056,0.05,1,Dendritic cell
MACROH2A2,0.42054405487222707,1.6657119562992957,0.144,0.137,1,Dendritic cell
EMC1,0.42064547935369556,0.12328549466354016,0.34,0.338,1,Dendritic cell
KLF13,0.4208341383936153,-0.16975847817642142,0.658,0.651,1,Dendritic cell
KIF11,0.42118309938728166,11.105902181983469,0.043,0.039,1,Dendritic cell
GINS4,0.42118425116104524,0.1560517770429497,0.022,0.018,1,Dendritic cell
PHAF1,0.42122951046433194,0.3587202351774561,0.377,0.376,1,Dendritic cell
TTC39C,0.4212711382623329,-2.581061757102148,0.653,0.641,1,Dendritic cell
MACC1,0.42193285016276616,0.23529706993802968,0.024,0.025,1,Dendritic cell
CLCN3,0.42203221381823475,0.1473046874535131,0.456,0.45,1,Dendritic cell
PSD3,0.4221990115690959,0.4528889900577884,0.02,0.018,1,Dendritic cell
PML,0.42225746853610574,1.068281274587898,0.453,0.462,1,Dendritic cell
SMURF2,0.42249367033168,-0.22526994515619825,0.325,0.327,1,Dendritic cell
NUDT14,0.422878992954013,-0.22118166357899094,0.138,0.137,1,Dendritic cell
UHRF1,0.42301876711785524,10.826255993870383,0.08,0.084,1,Dendritic cell
FAM228A,0.4230888439037174,0.3193727531227708,0.014,0.012,1,Dendritic cell
TYSND1,0.4230928015560531,0.16552752681420646,0.129,0.129,1,Dendritic cell
CENPP,0.4234851620791348,-0.889877196125557,0.144,0.136,1,Dendritic cell
MCEMP1,0.42390203669355614,0.2601239000742448,0.041,0.045,1,Dendritic cell
CTAG2,0.4239608951167081,-0.41859517595617524,0.01,0.016,1,Dendritic cell
S100A8,0.42417690168597333,48.95660252223138,0.554,0.562,1,Dendritic cell
TTC33,0.42425390128909496,-0.20046472455563247,0.191,0.188,1,Dendritic cell
ASL,0.42437770125441987,-0.2143413923053791,0.242,0.253,1,Dendritic cell
SLC35A2,0.4244529267313179,0.11459164041484193,0.038,0.035,1,Dendritic cell
VMP1,0.42447815587668336,4.877979429492097,0.764,0.762,1,Dendritic cell
GZF1,0.4245997241980709,0.5127100647914845,0.247,0.255,1,Dendritic cell
ISOC2,0.4250250613088515,0.325826327803741,0.296,0.304,1,Dendritic cell
NAPA,0.42525365865513504,-2.1445014297155556,0.828,0.824,1,Dendritic cell
GBP2,0.4254373117403177,-3.2240220233538217,0.318,0.311,1,Dendritic cell
GCN1,0.42547100036056806,0.14657869853587635,0.426,0.429,1,Dendritic cell
OAT,0.42556352224807376,-0.28913995181977803,0.168,0.169,1,Dendritic cell
PADI6,0.4257259215520545,-0.3425422391790365,0.012,0.014,1,Dendritic cell
TPP1,0.42603012236801663,-5.2798237746793895,0.979,0.98,1,Dendritic cell
SLC29A3,0.42606107626296474,0.31243039379189064,0.415,0.399,1,Dendritic cell
RNF6,0.42607748989796385,0.21494269486804196,0.452,0.445,1,Dendritic cell
SLC25A3,0.42633428166075815,-1.0659165271881879,0.914,0.921,1,Dendritic cell
NAA38,0.4263385888687535,0.5873661214820114,0.654,0.643,1,Dendritic cell
FAM227B,0.4270371857679035,0.3454542365826372,0.027,0.024,1,Dendritic cell
MELK,0.4270703351436511,-1.3964889917115904,0.016,0.019,1,Dendritic cell
DNAJC21,0.4271121158448482,-0.17232007655312476,0.594,0.592,1,Dendritic cell
VEGFB,0.4272162410059129,0.7998647764148217,0.48,0.491,1,Dendritic cell
LAG3,0.42735635812426204,1.1924558991197105,0.028,0.025,1,Dendritic cell
POLR2E,0.42739554829346843,0.1580799981993074,0.34,0.33,1,Dendritic cell
UQCRHL,0.42739874448974147,0.15449277814537687,0.026,0.022,1,Dendritic cell
CCDC32,0.4276996361630812,-0.18250791017045498,0.504,0.513,1,Dendritic cell
CBX2,0.42786612598824025,0.5093537018685454,0.01,0.008,1,Dendritic cell
CEBPZOS,0.42792085887297604,0.17430993865448974,0.562,0.551,1,Dendritic cell
MRAS,0.4280047516349752,-0.1775473958739373,0.093,0.099,1,Dendritic cell
ZC3H18,0.4284418076591186,0.12136789588117747,0.501,0.501,1,Dendritic cell
RNF130,0.4285104049778495,2.219600497449349,0.96,0.955,1,Dendritic cell
HOPX,0.4285792004634601,2.5943408492161275,0.038,0.034,1,Dendritic cell
UQCRQ,0.4286724327482199,-0.8699613428584456,0.571,0.562,1,Dendritic cell
CENPA,0.42882794589506845,10.104987924268178,0.012,0.01,1,Dendritic cell
LY9,0.4289645080181581,-1.7505764682348124,0.323,0.324,1,Dendritic cell
RNF217,0.42902273941303803,-0.3009589163344042,0.182,0.18,1,Dendritic cell
CISH,0.4290594041112201,10.877344542966952,0.216,0.208,1,Dendritic cell
ZFR,0.42908428481937466,-0.2834038201708089,0.676,0.67,1,Dendritic cell
SLC1A4,0.42916520885800036,-1.256757323533902,0.302,0.291,1,Dendritic cell
AEN,0.42917141162659034,-2.073999589506186,0.227,0.235,1,Dendritic cell
SNRPB,0.4293405514401301,0.3071077213489488,0.475,0.468,1,Dendritic cell
CLIC4,0.42954685108541735,0.7027248051813144,0.439,0.429,1,Dendritic cell
FBXL5,0.4296702376899714,0.3146034733200658,0.855,0.853,1,Dendritic cell
TK1,0.4296706575685197,3.0445740626879196,0.026,0.028,1,Dendritic cell
MAP1S,0.42980647739199684,-0.24571278262440632,0.542,0.554,1,Dendritic cell
WPRE,0.4299896645130538,5.57089954395899,0.045,0.043,1,Dendritic cell
COQ3,0.43065117651575263,0.2033870731007097,0.049,0.044,1,Dendritic cell
SERPING1,0.43066840536843454,3.7400837476901287,0.113,0.116,1,Dendritic cell
SIK3,0.4306727196497751,0.20899212202633866,0.476,0.484,1,Dendritic cell
TOP2A,0.43087984922963113,-4.423106928106172,0.021,0.02,1,Dendritic cell
PDE7B,0.43095233259606325,0.22848498044270116,0.036,0.032,1,Dendritic cell
WDR70,0.43144196553916514,-0.10825686504738297,0.566,0.579,1,Dendritic cell
CHRNA5,0.4316138400862326,-0.128129425218237,0.011,0.012,1,Dendritic cell
TMEM267,0.43166961782252006,0.17330741981260356,0.195,0.193,1,Dendritic cell
OLFML2B,0.4316977830948191,0.6446218942311841,0.014,0.012,1,Dendritic cell
PFKP,0.4317097144167361,0.3891518846611768,0.274,0.269,1,Dendritic cell
MAN1A1,0.4317398036379727,-0.4958104013046949,0.51,0.522,1,Dendritic cell
ABI1,0.431773756755774,0.14008636061415425,0.686,0.683,1,Dendritic cell
KPNA4,0.4319773814638417,-0.23656635163434192,0.711,0.713,1,Dendritic cell
POP5,0.43198840036865993,-0.10369277935775925,0.276,0.268,1,Dendritic cell
UBE2L6,0.4321564251979479,-7.228633806182991,0.698,0.699,1,Dendritic cell
H4C3,0.43256460868195545,4.2330319594506065,0.352,0.359,1,Dendritic cell
GCNT1,0.4327414672271666,-0.16436796805262785,0.243,0.24,1,Dendritic cell
BUD13,0.43283413555689537,0.16879393631660863,0.265,0.254,1,Dendritic cell
OCIAD1,0.4329017895845754,-0.5348862258225324,0.823,0.817,1,Dendritic cell
CYRIA,0.4330455840681151,0.14895706574162482,0.741,0.734,1,Dendritic cell
SS18L1,0.43317912891675725,-0.13265828663753898,0.154,0.162,1,Dendritic cell
NME4,0.4334281178793771,0.42164820033365247,0.334,0.344,1,Dendritic cell
ELL,0.4334554581954623,-0.11741852213486144,0.301,0.307,1,Dendritic cell
AASDH,0.43348831077872885,0.17220622793846413,0.219,0.209,1,Dendritic cell
TIFA,0.43353978518570396,-0.2068790610719184,0.266,0.257,1,Dendritic cell
ATRAID,0.4336877332187439,0.13821128645535996,0.672,0.684,1,Dendritic cell
TSPAN31,0.43370246675265217,-0.15342085845015035,0.322,0.321,1,Dendritic cell
LARS1,0.4337910547361649,-0.7623439902585201,0.767,0.76,1,Dendritic cell
PHEX,0.4339764140379714,-0.34623459433637205,0.192,0.193,1,Dendritic cell
ZXDC,0.4342413026265294,-0.14707882514968973,0.52,0.515,1,Dendritic cell
ACAA1,0.4343443592312686,4.047129473910239,0.823,0.814,1,Dendritic cell
CYP27A1,0.4344022816303801,-7.433893826798416,0.041,0.041,1,Dendritic cell
TTC7A,0.4348428271887798,-1.140075591889036,0.802,0.806,1,Dendritic cell
RAB18,0.4351031314903805,-0.17002166293463716,0.715,0.705,1,Dendritic cell
ZNF711,0.43514223317430706,-0.31089587671210994,0.048,0.045,1,Dendritic cell
MYBPH,0.4351437039782482,4.017071574754315,0.018,0.019,1,Dendritic cell
INO80,0.4352146537141463,-0.28604080584125957,0.311,0.31,1,Dendritic cell
FRAT2,0.4355057755231152,-0.13439767426459492,0.436,0.425,1,Dendritic cell
ST14,0.43553766903371605,-0.18913291394540277,0.717,0.707,1,Dendritic cell
CASP3,0.43559228961486945,0.20554694149549113,0.425,0.42,1,Dendritic cell
BEND6,0.4356888162678663,0.2947734337592315,0.129,0.121,1,Dendritic cell
ANAPC5,0.4357638924355103,-0.11983126606984396,0.77,0.761,1,Dendritic cell
SLC30A1,0.435887091658929,-1.467378796873625,0.583,0.577,1,Dendritic cell
ITGA6,0.4359004356025272,0.5893891626903205,0.048,0.045,1,Dendritic cell
TNFSF14,0.4360116475173712,0.11031243384779232,0.029,0.025,1,Dendritic cell
ZMIZ1,0.43601216715386343,-0.29260262837594286,0.624,0.635,1,Dendritic cell
SYCP2L,0.4362752137278535,0.8806472517265199,0.151,0.139,1,Dendritic cell
B3GLCT,0.4363499029527702,-0.2719008716607072,0.046,0.05,1,Dendritic cell
PUDP,0.4366601454564652,-0.16747152483864847,0.03,0.034,1,Dendritic cell
MEX3B,0.43671585731405355,-0.2622049191035356,0.061,0.063,1,Dendritic cell
KCNK17,0.43677893027415615,-0.7826465496020949,0.071,0.071,1,Dendritic cell
CTSW,0.4369572465892664,7.497211923325413,0.213,0.205,1,Dendritic cell
B3GALNT1,0.43700344327311236,0.24024886530398337,0.032,0.027,1,Dendritic cell
CXCL5,0.43727347667437394,-0.8561806263803282,0.015,0.015,1,Dendritic cell
CNIH1,0.4372892081857616,-0.45451457327763434,0.587,0.596,1,Dendritic cell
MAPKAPK2,0.43775450899308066,4.19998395669375,0.845,0.838,1,Dendritic cell
ABCA2,0.43801453227962667,-1.530718857166736,0.263,0.268,1,Dendritic cell
PDGFB,0.43816136907162984,-0.8339601684364251,0.029,0.025,1,Dendritic cell
RNPEP,0.43843863820820894,2.106016603522037,0.74,0.726,1,Dendritic cell
LGMN,0.438527778979671,0.9570201855189016,0.466,0.471,1,Dendritic cell
ZKSCAN4,0.4387684858639551,0.13131700626305776,0.109,0.102,1,Dendritic cell
TBC1D1,0.4387913034875186,0.567617804998132,0.491,0.481,1,Dendritic cell
MAP7,0.4392190981604468,0.11283812822730255,0.078,0.071,1,Dendritic cell
C17orf97,0.439223441144606,0.22578957421034307,0.039,0.035,1,Dendritic cell
F5,0.43933529739435623,0.6873749768283801,0.041,0.039,1,Dendritic cell
PMPCB,0.43946734798523907,0.4082808211099729,0.69,0.699,1,Dendritic cell
ORC1,0.43996046884608825,0.2983846678863449,0.024,0.02,1,Dendritic cell
ASRGL1,0.4405762227255539,-0.21158230223046637,0.068,0.07,1,Dendritic cell
AMZ2,0.44058221613199605,-0.11837638830086689,0.302,0.294,1,Dendritic cell
CLEC9A,0.4406812791068896,5.469667144246934,0.057,0.061,1,Dendritic cell
TMEM94,0.4409939404758183,0.4220502830518895,0.359,0.357,1,Dendritic cell
CTR9,0.4411699143772319,0.13777215379506602,0.558,0.549,1,Dendritic cell
TMX4,0.44124142791528465,13.424171348825652,0.442,0.449,1,Dendritic cell
FGFR1OP2,0.44127928039451547,0.2713180259913406,0.579,0.569,1,Dendritic cell
SEMA7A,0.4414046111528944,11.445481400866298,0.248,0.259,1,Dendritic cell
CSNK1E,0.4414688315875781,-0.3123180634787286,0.418,0.418,1,Dendritic cell
SART1,0.4419780361842306,-0.12635151654667798,0.619,0.616,1,Dendritic cell
ERAL1,0.44204721590466717,-0.139033746806281,0.338,0.349,1,Dendritic cell
ZC3HC1,0.44205045792811515,0.1503527530982789,0.166,0.155,1,Dendritic cell
MT-ND5,0.44206656298100105,-0.87570259011996,0.437,0.447,1,Dendritic cell
C15orf61,0.44207584129138877,-0.10245548161141876,0.296,0.286,1,Dendritic cell
PARD6B,0.4421267408417681,0.1530107516861845,0.06,0.058,1,Dendritic cell
SMG7,0.4421623793310296,0.13896064400408864,0.276,0.273,1,Dendritic cell
SYVN1,0.44227752440694673,0.1329420447784272,0.35,0.362,1,Dendritic cell
MVD,0.44236621726407516,0.29912618521732376,0.215,0.225,1,Dendritic cell
UROD,0.44249798401616963,0.10628001439932289,0.371,0.38,1,Dendritic cell
SMPD1,0.44262895972791594,0.1621687135156979,0.276,0.268,1,Dendritic cell
PTRHD1,0.4426718421155461,-1.8926442547631241,0.64,0.645,1,Dendritic cell
CEP128,0.4427770060710253,0.1959607726346171,0.394,0.389,1,Dendritic cell
CARMIL2,0.4429233471563639,-0.4416706187725865,0.228,0.227,1,Dendritic cell
C11orf80,0.44337600934241284,0.16182102607841486,0.109,0.104,1,Dendritic cell
CHMP2A,0.44340207523619907,0.3343382522597045,0.716,0.706,1,Dendritic cell
NDUFAF1,0.4435381883593019,0.12830440236853569,0.235,0.231,1,Dendritic cell
NAA15,0.44362937481155573,-0.41147130688630984,0.676,0.67,1,Dendritic cell
UTP11,0.44388074170975317,-0.14783054309477972,0.169,0.177,1,Dendritic cell
SCN9A,0.4439653363655251,-1.903080552904525,0.406,0.407,1,Dendritic cell
HLCS,0.44406654074024826,0.11397941222884134,0.164,0.155,1,Dendritic cell
INO80D,0.4441512060462133,-0.2448968801172493,0.443,0.433,1,Dendritic cell
PRELID1,0.4441701192934744,-3.4460384032227207,0.72,0.729,1,Dendritic cell
ULK4,0.44442771959187266,0.26487656553065764,0.257,0.266,1,Dendritic cell
PPARGC1B,0.4444300561804359,-0.1283824105695196,0.299,0.291,1,Dendritic cell
MAPK1IP1L,0.4444433315124344,-0.40115278657752906,0.844,0.848,1,Dendritic cell
CEP104,0.4444973962687761,-0.11543483507057178,0.329,0.34,1,Dendritic cell
GNAI2,0.4446962427435104,0.48640239958971865,0.729,0.733,1,Dendritic cell
MTPN,0.44517905396215984,0.35580994207404437,0.832,0.831,1,Dendritic cell
ELOF1,0.44561317107734877,-0.10661957788920651,0.453,0.46,1,Dendritic cell
CPVL,0.44566719446581643,-18.667124884720636,0.817,0.812,1,Dendritic cell
GGNBP2,0.4463545414209593,-0.3990605224523893,0.806,0.797,1,Dendritic cell
SNRNP35,0.44641436537900414,0.19846441582984561,0.308,0.301,1,Dendritic cell
ACOT9,0.4464707252674904,-0.21429718136187548,0.568,0.564,1,Dendritic cell
DNAJB9,0.44685010567939026,-5.916312462670736,0.358,0.35,1,Dendritic cell
PLXDC2,0.447033607510693,-2.5524071274279496,0.66,0.647,1,Dendritic cell
BAG3,0.4474716295786829,-0.15071955959214645,0.073,0.076,1,Dendritic cell
OPRL1,0.4474999927371405,-0.2330270471202165,0.053,0.057,1,Dendritic cell
CHML,0.44819536210924205,-3.8009332883719953,0.451,0.462,1,Dendritic cell
GRIP1,0.4482015403803702,0.12832900557816096,0.09,0.091,1,Dendritic cell
CA8,0.448815213504697,-0.5829771056356217,0.078,0.084,1,Dendritic cell
NUDT9,0.44884031929182744,-0.2135255422090359,0.273,0.284,1,Dendritic cell
MYLK,0.448852685476007,0.2784741434645954,0.085,0.08,1,Dendritic cell
TPRKB,0.4489448927325807,0.17544820750397583,0.455,0.444,1,Dendritic cell
LRRC1,0.4492011499280888,0.14806152572028441,0.047,0.042,1,Dendritic cell
CIB2,0.4492748661264943,0.8272048193661992,0.171,0.167,1,Dendritic cell
HIVEP2,0.4493178185326956,-0.13119677542739305,0.416,0.403,1,Dendritic cell
ARPC3,0.44931951322340974,0.3642151984160069,0.874,0.874,1,Dendritic cell
PCBD1,0.44944964027596734,-0.15406057142715723,0.411,0.424,1,Dendritic cell
SFXN2,0.44949386689997983,0.1674953652228468,0.087,0.081,1,Dendritic cell
CDK14,0.4494971347079323,-2.489212650443609,0.18,0.186,1,Dendritic cell
GAS1,0.4496137852721756,0.2892390995713905,0.017,0.014,1,Dendritic cell
UBP1,0.44966648375552737,0.12230986397201704,0.726,0.723,1,Dendritic cell
AURKB,0.44972509306492253,-0.23136520777410396,0.011,0.013,1,Dendritic cell
SLC50A1,0.4500460416720332,0.15125802248004183,0.314,0.303,1,Dendritic cell
BCL2L11,0.45007374694536784,-7.249317039213786,0.256,0.261,1,Dendritic cell
CCNG2,0.45025415264706065,-2.5765523755828355,0.615,0.606,1,Dendritic cell
HGSNAT,0.4503322198504648,1.2213813988345494,0.645,0.635,1,Dendritic cell
TKTL2,0.45052561142915004,-0.2561442129302076,0.01,0.012,1,Dendritic cell
TTC7B,0.45069760627872413,1.1267025151451535,0.054,0.05,1,Dendritic cell
PECAM1,0.45076382615087845,3.4146558507148725,0.911,0.915,1,Dendritic cell
FLOT1,0.4509523567370886,-0.2646867836315048,0.744,0.755,1,Dendritic cell
CDC14B,0.4512898712200742,1.6567451809453,0.01,0.008,1,Dendritic cell
ANGPT1,0.4517714275328177,-0.18565154919639193,0.021,0.023,1,Dendritic cell
ZNF677,0.45182830156109755,0.12824204283214913,0.114,0.108,1,Dendritic cell
PGM1,0.4518366069212613,1.0570963052584466,0.451,0.441,1,Dendritic cell
PER2,0.45195876576122573,0.1099417787755661,0.162,0.155,1,Dendritic cell
SIRT5,0.4520494220403287,0.10643683734696463,0.134,0.126,1,Dendritic cell
IFI44L,0.4521204751021046,16.815115585178006,0.158,0.15,1,Dendritic cell
GNAO1,0.45218042582569035,-0.7272265483742872,0.01,0.011,1,Dendritic cell
ZNF384,0.45268960739269315,0.17092735008176208,0.602,0.591,1,Dendritic cell
ZNF804A,0.4527931087137992,0.31484773272663436,0.032,0.028,1,Dendritic cell
RBM18,0.4529514339445994,-0.13792145790468174,0.287,0.294,1,Dendritic cell
TCN2,0.4531054874580096,-0.114788285991128,0.09,0.084,1,Dendritic cell
CYLD,0.45325943551959014,-3.4190637658704777,0.77,0.777,1,Dendritic cell
GNPTAB,0.4532921094263756,0.5498965603002604,0.526,0.525,1,Dendritic cell
FLII,0.4534142401648342,-1.3973057928275878,0.857,0.849,1,Dendritic cell
ZNF326,0.45384135936213577,-0.20714563636604133,0.436,0.429,1,Dendritic cell
MMRN1,0.45388199766693976,0.15886268050700525,0.075,0.07,1,Dendritic cell
COMMD7,0.45395777492005407,-0.10957752196451231,0.589,0.578,1,Dendritic cell
KNTC1,0.4542089315866988,-1.7503578777198534,0.162,0.17,1,Dendritic cell
TNFSF12,0.4542176339873448,-0.26540015900748903,0.457,0.469,1,Dendritic cell
USF1,0.45455688650931436,0.15799576435418583,0.687,0.675,1,Dendritic cell
TCF20,0.45464862388281063,0.2629394241437866,0.35,0.347,1,Dendritic cell
BCAP31,0.45488805142852085,-0.740954113346322,0.807,0.818,1,Dendritic cell
USP7,0.4553232250004168,-0.113722530002065,0.48,0.475,1,Dendritic cell
PYM1,0.45593492508126665,0.159662676066742,0.363,0.35,1,Dendritic cell
ZNF835,0.45604700565186407,-0.25213129420519387,0.017,0.019,1,Dendritic cell
NDUFV3,0.45617552398422906,0.38335156095412826,0.591,0.576,1,Dendritic cell
DERL3,0.45641940847810747,3.8299748183433113,0.207,0.216,1,Dendritic cell
HIP1,0.45658135826211466,-0.10566863278984262,0.314,0.324,1,Dendritic cell
B2M,0.45662912323424903,34.323444654284714,0.999,0.999,1,Dendritic cell
ZNF501,0.45665186841203037,0.3431166026169912,0.03,0.026,1,Dendritic cell
TMEM210,0.45672767606802256,0.18711675536836836,0.016,0.014,1,Dendritic cell
PRELID2,0.45678640185991093,0.10616323421991103,0.118,0.127,1,Dendritic cell
KDSR,0.45688166319855955,0.12277238907707244,0.417,0.406,1,Dendritic cell
ABHD17B,0.4570816808681525,0.15720015495007522,0.366,0.365,1,Dendritic cell
SLC37A1,0.4573217006405138,0.16186260205633646,0.217,0.218,1,Dendritic cell
KCTD1,0.4579193683675764,-0.19052944160598617,0.014,0.014,1,Dendritic cell
AKIRIN2,0.4579833461988422,-1.7340122766479382,0.876,0.87,1,Dendritic cell
ZNF664,0.45828344024197004,-0.14010870405904763,0.411,0.416,1,Dendritic cell
IGFLR1,0.4584627674954632,1.4803852248756808,0.874,0.867,1,Dendritic cell
R3HDM1,0.4584744708058394,-0.1818810452318531,0.494,0.492,1,Dendritic cell
RFC3,0.4588553216555867,0.47664246210529915,0.164,0.173,1,Dendritic cell
HAGH,0.4589643492550991,0.1108106203250252,0.437,0.427,1,Dendritic cell
ALKBH5,0.4591810219851482,0.11643777695893265,0.673,0.672,1,Dendritic cell
ATP2B1,0.4591888648783471,-7.941442361972811,0.737,0.729,1,Dendritic cell
NSMAF,0.45939243616487135,-0.8653837237752633,0.673,0.661,1,Dendritic cell
SLAIN2,0.4594819714648652,-0.1609865064227738,0.581,0.583,1,Dendritic cell
TYW3,0.4595195210604169,0.2158703082510407,0.409,0.399,1,Dendritic cell
MYL12A,0.4598315140345798,1.9006396976384288,0.817,0.812,1,Dendritic cell
CASP8AP2,0.45987757589778744,0.11108555112127066,0.29,0.279,1,Dendritic cell
RTP4,0.4600292868327855,-0.18089460203382224,0.073,0.073,1,Dendritic cell
IL1RN,0.46019129478912113,-50.589351705493414,0.338,0.341,1,Dendritic cell
WWOX,0.4602430971305506,-0.450071604695635,0.346,0.336,1,Dendritic cell
NHSL2,0.4604711296209434,-0.1452180603516915,0.318,0.311,1,Dendritic cell
MTMR14,0.46061535480736376,1.0543097528815526,0.803,0.801,1,Dendritic cell
DDX39A,0.46080729722024866,0.1928172969838875,0.54,0.539,1,Dendritic cell
TMCC3,0.46092311416335313,0.13873640040054055,0.121,0.122,1,Dendritic cell
UBXN1,0.4609361206171875,0.49203685769501293,0.681,0.671,1,Dendritic cell
SEL1L3,0.46093834335207334,-2.312872065492108,0.523,0.509,1,Dendritic cell
ACY3,0.46111627224932145,-26.266782772766568,0.031,0.029,1,Dendritic cell
DLGAP5,0.4611704107231098,-4.595750642781626,0.014,0.015,1,Dendritic cell
NQO2,0.4612833254506524,0.22441012920645642,0.419,0.42,1,Dendritic cell
ABCA5,0.4613729851822334,-0.3066679736557212,0.143,0.141,1,Dendritic cell
ZDHHC4,0.46138701146233285,-0.17029208737319235,0.381,0.372,1,Dendritic cell
GTF2F1,0.46149626430488055,-0.3237401722466382,0.595,0.59,1,Dendritic cell
P2RY14,0.46150069486253065,-5.502771521593623,0.521,0.508,1,Dendritic cell
DNASE1,0.46161061174929363,0.11888505785674308,0.066,0.061,1,Dendritic cell
EXPH5,0.4617865760507623,0.2471885665276119,0.042,0.039,1,Dendritic cell
TRAF4,0.46181943381441937,6.21676562183449,0.443,0.455,1,Dendritic cell
SIRPA,0.46182061231205157,0.453015654140966,0.526,0.517,1,Dendritic cell
RAP2B,0.4621454679683584,-0.4758476822331019,0.746,0.748,1,Dendritic cell
NYNRIN,0.4621590679572223,-5.852420017779153,0.025,0.027,1,Dendritic cell
TP53,0.46231304518694627,-0.20806543313263237,0.77,0.762,1,Dendritic cell
YPEL3,0.46237215688993527,-0.7130447911647506,0.512,0.517,1,Dendritic cell
GZMM,0.4625756692869343,1.0784047981670026,0.036,0.033,1,Dendritic cell
SESN2,0.46257993703325795,0.233352012347813,0.171,0.174,1,Dendritic cell
PDS5B,0.46275680559645677,0.10315923913448488,0.52,0.511,1,Dendritic cell
PLEKHB2,0.4627704196498755,-1.292781518810724,0.864,0.857,1,Dendritic cell
ALYREF,0.46284111792958366,-0.11653781395678897,0.501,0.511,1,Dendritic cell
METTL27,0.4630017578038372,0.11933819698369685,0.012,0.012,1,Dendritic cell
MYO18A,0.4632548168447947,-0.15361179267207659,0.574,0.568,1,Dendritic cell
SERINC2,0.46337381653700355,0.3868839335167542,0.036,0.035,1,Dendritic cell
AGO4,0.4635254561399958,0.16949421461510727,0.562,0.552,1,Dendritic cell
TCP10L,0.46359216014041743,-0.2428315813803783,0.016,0.019,1,Dendritic cell
LRRC8C,0.4636417317284472,-0.237725562039091,0.534,0.528,1,Dendritic cell
EDEM2,0.46395712336617806,3.160204630251595,0.626,0.635,1,Dendritic cell
ZNF385A,0.46411020088306965,-2.9438361870671805,0.793,0.785,1,Dendritic cell
RAB6B,0.4641103722000827,-0.3349521714194861,0.009,0.011,1,Dendritic cell
RABGAP1L,0.46431558383074917,3.461548897692701,0.859,0.853,1,Dendritic cell
IMPG2,0.4643225209544305,0.4900278758851009,0.01,0.008,1,Dendritic cell
FERMT3,0.464324247982747,-10.513742108627886,0.928,0.93,1,Dendritic cell
SNAPC2,0.46439057664699745,0.14372823664117762,0.348,0.349,1,Dendritic cell
PAICS,0.4645112868921548,0.27184832515079504,0.153,0.152,1,Dendritic cell
CYP2E1,0.4645316432949406,1.3257435345955721,0.066,0.07,1,Dendritic cell
TAF13,0.4645437166172194,0.10591691000291514,0.496,0.497,1,Dendritic cell
ABHD3,0.46474979831992447,-0.23379947613071494,0.403,0.413,1,Dendritic cell
LDLR,0.46476661651977486,0.5891696680536029,0.093,0.097,1,Dendritic cell
RNF165,0.4647872090783514,0.2663107756594485,0.031,0.028,1,Dendritic cell
USP8,0.4650883675762483,-0.2249358889192261,0.603,0.593,1,Dendritic cell
RAB9B,0.4652637943813781,-0.37864693011010786,0.011,0.014,1,Dendritic cell
SUSD1,0.4652860885267166,-8.191529116604212,0.647,0.652,1,Dendritic cell
DCLRE1B,0.46541103294201785,0.1231314862416295,0.09,0.084,1,Dendritic cell
CHST7,0.46550201406902636,-0.21367219066107168,0.035,0.034,1,Dendritic cell
TRAIP,0.46595074584208374,-0.19200556890162357,0.01,0.01,1,Dendritic cell
CMSS1,0.46606714488853096,0.11396442057134315,0.184,0.176,1,Dendritic cell
SLC52A2,0.46634227192390143,0.10441736547243119,0.223,0.22,1,Dendritic cell
OGA,0.46661361723466716,1.0754865597254835,0.9,0.896,1,Dendritic cell
PBXIP1,0.4666738842328776,0.20516694733498195,0.251,0.261,1,Dendritic cell
CCDC138,0.4671187155158679,-0.11035426563694362,0.104,0.102,1,Dendritic cell
GALM,0.4671520180885332,-0.17461135672385497,0.089,0.094,1,Dendritic cell
PTAFR,0.467219860082975,1.3306557336201568,0.54,0.529,1,Dendritic cell
MPC1,0.46725513187349405,-0.30489911533657965,0.604,0.611,1,Dendritic cell
PLCXD2,0.46745899105466654,-0.20251112834481377,0.103,0.102,1,Dendritic cell
CCER2,0.46759890690135597,0.35619417858846436,0.016,0.014,1,Dendritic cell
MBOAT2,0.46772766095945306,0.569417678008757,0.25,0.252,1,Dendritic cell
YIPF3,0.4677320301353454,-0.1226003245857874,0.662,0.651,1,Dendritic cell
TYW5,0.46812154138332185,0.1828893813685446,0.12,0.119,1,Dendritic cell
PID1,0.4682079658419911,-5.739007278799225,0.453,0.46,1,Dendritic cell
RAB11FIP2,0.4682832466681229,0.15612136153592027,0.444,0.435,1,Dendritic cell
NIT1,0.46835248825814263,0.10356987684012675,0.416,0.403,1,Dendritic cell
TEP1,0.468388532037326,0.7234370532900583,0.641,0.639,1,Dendritic cell
SLC26A2,0.4684546291205175,0.41261285792991187,0.293,0.282,1,Dendritic cell
FKBP1B,0.46852430678863255,1.1880591670518603,0.098,0.104,1,Dendritic cell
MAPKAP1,0.46857494431917646,0.31540599079729637,0.623,0.613,1,Dendritic cell
CALHM6,0.46892876319019905,-5.676758944792546,0.68,0.667,1,Dendritic cell
DZIP3,0.4692344581068561,0.20217540062589956,0.067,0.062,1,Dendritic cell
SNX1,0.469450600998745,0.4025124493416552,0.901,0.897,1,Dendritic cell
KDM3A,0.46947862099169396,-0.5553392856787256,0.518,0.523,1,Dendritic cell
PIP5K1C,0.469819457953205,-0.10093027645035546,0.358,0.361,1,Dendritic cell
FUCA1,0.46983581790625045,-6.877374679317521,0.318,0.317,1,Dendritic cell
SACS,0.4702088672555281,-0.1834484524289925,0.256,0.256,1,Dendritic cell
PHC1,0.4702136272934889,-0.35140441664447264,0.22,0.216,1,Dendritic cell
GIMAP1,0.4702351131984095,-0.17224870910124201,0.236,0.226,1,Dendritic cell
DHX8,0.4707191673324221,0.17552180096948056,0.519,0.518,1,Dendritic cell
ERAP2,0.4707811744598087,-0.3349585599876579,0.417,0.394,1,Dendritic cell
PRKAG2,0.4707814440059118,-0.262629077654952,0.377,0.376,1,Dendritic cell
NR3C1,0.4711481755262429,1.347669008805557,0.745,0.754,1,Dendritic cell
ZNF565,0.47163604795340686,-0.32735892692220947,0.067,0.069,1,Dendritic cell
TMEM182,0.4720068961110635,-0.1553684637026682,0.079,0.085,1,Dendritic cell
TMTC1,0.4722007595316461,0.32538954786729946,0.018,0.017,1,Dendritic cell
PRKD3,0.47220331026704004,0.37798252526694487,0.595,0.585,1,Dendritic cell
NOM1,0.47224350240469964,0.17198522977447228,0.284,0.275,1,Dendritic cell
ACOT11,0.4723071870722281,-0.10207255999765552,0.105,0.113,1,Dendritic cell
DTD1,0.47231624018330004,0.28819112154278104,0.389,0.382,1,Dendritic cell
KLRF2,0.4725496685311652,-0.4354960374452084,0.009,0.01,1,Dendritic cell
RGS3,0.4726426771175407,0.5420354904418888,0.252,0.253,1,Dendritic cell
ANP32E,0.472727231910377,0.5995342068808946,0.409,0.395,1,Dendritic cell
PLBD2,0.47287452526826934,-0.7753945849427861,0.579,0.573,1,Dendritic cell
DIDO1,0.47298439960392313,0.19259195069161317,0.63,0.624,1,Dendritic cell
MPPE1,0.4730679718049948,-0.22786081516390233,0.477,0.481,1,Dendritic cell
CCDC153,0.4732375806182139,-0.1378355829180995,0.02,0.023,1,Dendritic cell
ENTPD7,0.473381131995113,-2.00169823490356,0.336,0.346,1,Dendritic cell
DDX11,0.4735872514983793,0.23124382297178592,0.018,0.015,1,Dendritic cell
GFM2,0.47373721703011046,0.1367963702117817,0.206,0.197,1,Dendritic cell
TMX3,0.4737633531586906,0.7021607770482023,0.531,0.535,1,Dendritic cell
UCKL1,0.47381916141750574,0.2736089746995094,0.348,0.342,1,Dendritic cell
CCDC78,0.4739290987013467,-0.31033827084175325,0.011,0.014,1,Dendritic cell
PSMD9,0.47423153819312736,-0.2309907437285772,0.653,0.642,1,Dendritic cell
CDC42BPG,0.47434099167763366,-0.14974179418234979,0.015,0.014,1,Dendritic cell
CDC40,0.4746832375283113,-0.10289632335248886,0.32,0.316,1,Dendritic cell
MASTL,0.47488236351059365,0.12197530185188143,0.154,0.146,1,Dendritic cell
USP11,0.4748962834993403,0.1390189580679373,0.255,0.261,1,Dendritic cell
CD300LD,0.4749491253479497,-0.3400335509935708,0.011,0.011,1,Dendritic cell
ODF3B,0.4749825576432236,-0.35351668322375085,0.347,0.35,1,Dendritic cell
DDRGK1,0.47521758192897434,-0.23126652558471705,0.502,0.506,1,Dendritic cell
FEM1A,0.47523615009494546,0.10851706563931501,0.347,0.337,1,Dendritic cell
JPH4,0.4753096045445437,0.15775492030615101,0.048,0.043,1,Dendritic cell
AHDC1,0.4757977066445658,-0.2158491208807071,0.221,0.226,1,Dendritic cell
HASPIN,0.4761357935633687,-1.3202467548766128,0.01,0.009,1,Dendritic cell
E2F1,0.4763847664407887,2.9677481024425676,0.021,0.018,1,Dendritic cell
PHKA2,0.47647046885558064,0.1403267045670692,0.274,0.271,1,Dendritic cell
BLTP2,0.4771048141589473,0.24563442497724175,0.884,0.883,1,Dendritic cell
ACSL4,0.47711965509942733,-0.39403379795899873,0.731,0.74,1,Dendritic cell
KLHL26,0.4773961110799061,-0.15411928592559176,0.062,0.066,1,Dendritic cell
BBC3,0.47755849194681005,0.13107065682039473,0.216,0.22,1,Dendritic cell
N4BP2L2,0.4776939156447325,0.5385739175238129,0.909,0.904,1,Dendritic cell
ZNF589,0.47792330049383364,-0.19790204608099682,0.423,0.417,1,Dendritic cell
CEP350,0.4780243609951187,0.46553253866101496,0.692,0.685,1,Dendritic cell
E2F3,0.47815315724531215,-0.6085828295821447,0.389,0.386,1,Dendritic cell
MAPRE1,0.47816808531535004,0.10339329488073101,0.111,0.103,1,Dendritic cell
ZNF653,0.47825796229281303,0.10953914093302153,0.091,0.085,1,Dendritic cell
ARHGDIB,0.47831353518189457,9.989126941200567,0.994,0.995,1,Dendritic cell
IDO2,0.4784924936291369,2.07846520293284,0.052,0.048,1,Dendritic cell
PRNP,0.4785559105591745,-0.2662529184220608,0.68,0.689,1,Dendritic cell
CYB5R3,0.47905112096105695,-3.3564229180704146,0.843,0.838,1,Dendritic cell
ZNF649,0.4791546323038788,0.10223212754772382,0.118,0.111,1,Dendritic cell
AKT1S1,0.47918724057977247,-0.17356903037043048,0.134,0.127,1,Dendritic cell
INO80C,0.4792326053266163,0.39641661528016625,0.372,0.36,1,Dendritic cell
ICAM4,0.47947168191678835,0.20244041915967248,0.069,0.07,1,Dendritic cell
LGALSL,0.4798449878419252,-3.7024756851092535,0.013,0.011,1,Dendritic cell
PMP22,0.4802905428469151,0.2324679041557574,0.157,0.162,1,Dendritic cell
MNDA,0.48046832146931606,8.59883078597435,0.767,0.757,1,Dendritic cell
NIPAL2,0.4807330299612518,0.22219610025946512,0.36,0.349,1,Dendritic cell
DERPC,0.4809100300185584,-0.19714709236091954,0.031,0.035,1,Dendritic cell
SNHG32,0.4813084402501601,-0.23366525130965865,0.72,0.723,1,Dendritic cell
RHOF,0.48167759212285505,3.0741141537893037,0.622,0.61,1,Dendritic cell
CEP192,0.48174014663283,0.1981215637655076,0.407,0.41,1,Dendritic cell
KMO,0.48211841129865235,0.12574373310988118,0.301,0.294,1,Dendritic cell
PODNL1,0.48212416277259157,1.8867015657853705,0.01,0.008,1,Dendritic cell
HSPD1,0.4821912643481352,7.569620172011767,0.63,0.626,1,Dendritic cell
HNRNPDL,0.4826557947792003,0.4192891185749552,0.826,0.832,1,Dendritic cell
CLN6,0.4826760523654559,-0.17542924129411497,0.425,0.414,1,Dendritic cell
CPSF4,0.48270518521534383,0.19334245672829486,0.351,0.343,1,Dendritic cell
NFKBIA,0.4828098510744336,-4.274093745418213,0.84,0.836,1,Dendritic cell
TREML1,0.4831051176259914,1.760552160837379,0.012,0.01,1,Dendritic cell
MT2A,0.4831685237043448,14.298981249496007,0.171,0.172,1,Dendritic cell
TMEM35B,0.48345495904490576,0.11905065449108665,0.353,0.345,1,Dendritic cell
MED29,0.4834677538641131,-0.1711482437973898,0.311,0.309,1,Dendritic cell
RBM42,0.4838032830334625,0.21219620089450109,0.573,0.564,1,Dendritic cell
TFPI,0.4839371763398548,0.2526151468270301,0.023,0.02,1,Dendritic cell
NFAT5,0.48421523936775007,1.2733078371309685,0.45,0.459,1,Dendritic cell
ANPEP,0.48426038388379833,-8.146840822213345,0.484,0.487,1,Dendritic cell
SLC22A5,0.48469495783603245,0.21294420866204078,0.122,0.128,1,Dendritic cell
PRC1,0.4848602775946436,-4.599871256585345,0.074,0.071,1,Dendritic cell
UVSSA,0.4848633999407549,0.14808661549819174,0.276,0.276,1,Dendritic cell
POGZ,0.4849510480949364,0.10648918191530221,0.541,0.53,1,Dendritic cell
SNX2,0.48506094501313524,-1.7456072188001155,0.826,0.825,1,Dendritic cell
JAM3,0.48511114461060756,0.8774742682771182,0.013,0.013,1,Dendritic cell
NFKB1,0.4851782187720336,9.386804581485883,0.744,0.741,1,Dendritic cell
KDELR1,0.4853091511044796,-0.11318318798452154,0.594,0.59,1,Dendritic cell
SLC7A5,0.48535559116345756,-5.862342151553097,0.285,0.292,1,Dendritic cell
ARL6IP4,0.485357828607742,1.33785239821656,0.853,0.86,1,Dendritic cell
SRSF8,0.4855034955632427,-0.6883150591406055,0.663,0.657,1,Dendritic cell
ARMCX5,0.4855999460513501,-0.11557641756198078,0.164,0.166,1,Dendritic cell
MAGED1,0.4856403829180884,0.42324466206311406,0.308,0.307,1,Dendritic cell
INTS8,0.48586126473833957,0.13217582782798853,0.548,0.541,1,Dendritic cell
TMEM143,0.48591178089248305,-0.11937038601505545,0.063,0.068,1,Dendritic cell
SRD5A3,0.48616839218456065,0.19157803481878222,0.301,0.289,1,Dendritic cell
RASGRP3,0.4864377880328967,0.9533263688172635,0.026,0.027,1,Dendritic cell
TRA2A,0.48670679469800904,-0.5627280617893877,0.739,0.739,1,Dendritic cell
RBKS,0.486952449168348,-0.20800696586175338,0.033,0.032,1,Dendritic cell
CD48,0.48704281834853713,-2.93785703526423,0.918,0.916,1,Dendritic cell
SMIM26,0.48715885618970683,-0.2130922927749812,0.63,0.639,1,Dendritic cell
TMEM91,0.48722814606180115,-0.18023474593623412,0.069,0.073,1,Dendritic cell
USP22,0.4875570362264266,-0.1042155774551845,0.547,0.539,1,Dendritic cell
PFAS,0.4876438716665992,-0.10954696570402256,0.222,0.221,1,Dendritic cell
CD300LB,0.48767876600978627,-1.914234360505743,0.727,0.717,1,Dendritic cell
GABPB1,0.4877506644325095,-0.21859441150351,0.325,0.316,1,Dendritic cell
PLCB2,0.48784575998479907,-1.02098766739336,0.914,0.913,1,Dendritic cell
ZNF83,0.4879438198822411,0.16734374941178098,0.332,0.326,1,Dendritic cell
ZNF22,0.48800452624012625,-0.1975560012583477,0.59,0.577,1,Dendritic cell
CENPO,0.4880492651009828,0.1522996441412987,0.082,0.079,1,Dendritic cell
KIAA0040,0.48847476603440115,-0.16663315543260737,0.222,0.221,1,Dendritic cell
AGRN,0.48854500721353633,-0.2395951885403398,0.028,0.032,1,Dendritic cell
DEDD,0.48867464015337264,0.22130511328493307,0.624,0.613,1,Dendritic cell
SLC7A6,0.4887628031709445,0.15330531720519502,0.658,0.657,1,Dendritic cell
RBMS3,0.4892259015703435,-0.45777169627623926,0.07,0.07,1,Dendritic cell
CPNE2,0.48936811106848266,0.24973965571412182,0.123,0.122,1,Dendritic cell
PLCB3,0.4895051575004769,0.6397463384708977,0.466,0.478,1,Dendritic cell
PARP15,0.48973384629715255,-1.6121732176357035,0.238,0.231,1,Dendritic cell
OSM,0.48993980852644725,0.6547621412684699,0.04,0.037,1,Dendritic cell
B3GNT8,0.48997970791547996,-0.18595634531106242,0.038,0.038,1,Dendritic cell
CCNL2,0.4901734023958425,-0.4340970356590299,0.792,0.784,1,Dendritic cell
TMEM25,0.49042508988437983,0.3319875011245301,0.032,0.03,1,Dendritic cell
PKM,0.490685764352262,-0.8629302736908482,0.758,0.764,1,Dendritic cell
MGAT2,0.49085858020702694,-0.12266729719536729,0.642,0.634,1,Dendritic cell
HIC1,0.4910932351788766,0.6207894799623821,0.024,0.024,1,Dendritic cell
PCDHGC3,0.49121977166866293,-0.1104475859725298,0.074,0.077,1,Dendritic cell
SERPINA1,0.4913663194429571,5.54665293045781,0.622,0.618,1,Dendritic cell
GON4L,0.49153760922844997,0.11690011146821999,0.453,0.444,1,Dendritic cell
DUS4L,0.49184919145653294,-0.12921709770129608,0.084,0.087,1,Dendritic cell
RAB1A,0.4920116449425253,-0.808236067918608,0.679,0.67,1,Dendritic cell
BATF,0.4920662149058202,-0.1062488527508163,0.114,0.111,1,Dendritic cell
NIPSNAP3A,0.4921251995264664,0.18612163613896548,0.704,0.704,1,Dendritic cell
PELI2,0.49226539612614395,0.6822041774518208,0.421,0.414,1,Dendritic cell
SLC36A1,0.49262442542408724,-0.16537223922528596,0.174,0.169,1,Dendritic cell
DDX21,0.4928306494364401,-1.2669299490655659,0.685,0.688,1,Dendritic cell
PRPS1,0.4930832312797224,0.132127505717455,0.333,0.327,1,Dendritic cell
RUBCNL,0.49327485048464503,1.3313088648022653,0.275,0.279,1,Dendritic cell
CCDC191,0.49339444757796713,0.1382656133048621,0.056,0.053,1,Dendritic cell
LGALS8,0.49354171259326757,-0.46308681271062113,0.713,0.709,1,Dendritic cell
EIF5A2,0.49361196074514874,0.2160473901373572,0.034,0.03,1,Dendritic cell
MED22,0.4938632822440062,0.15026584329428105,0.383,0.376,1,Dendritic cell
MED13,0.49434244425962326,-0.25180208088228895,0.619,0.625,1,Dendritic cell
RBM48,0.49446308154577545,-0.22269651638317445,0.026,0.029,1,Dendritic cell
ADAM8,0.4945107449388319,-1.618722631436217,0.688,0.677,1,Dendritic cell
C19orf33,0.4945667595811628,0.1804362357169489,0.06,0.056,1,Dendritic cell
USP42,0.4947115816031418,0.10034055236707884,0.147,0.148,1,Dendritic cell
DPM2,0.4947176860040954,0.1351850875791092,0.122,0.114,1,Dendritic cell
NDUFB11,0.49481616182449534,-0.6129829695252589,0.8,0.798,1,Dendritic cell
GRPEL1,0.4948654984830163,0.24925290004624623,0.528,0.522,1,Dendritic cell
AMFR,0.4949174009016243,-0.9110881860245703,0.706,0.703,1,Dendritic cell
ENG,0.49493574727153977,0.9511720513161439,0.383,0.387,1,Dendritic cell
GMFG,0.49508604578133597,-0.49497276310747207,0.766,0.758,1,Dendritic cell
LSM11,0.49511762687752925,0.116331658030711,0.078,0.073,1,Dendritic cell
NRG1,0.4951279580735227,1.6606529375703243,0.09,0.095,1,Dendritic cell
ETFDH,0.49530675251889345,0.25802835270871133,0.218,0.21,1,Dendritic cell
NFE2,0.4954250186539741,2.019121793317537,0.308,0.298,1,Dendritic cell
ST7,0.49552879900972374,5.549881374689185,0.286,0.28,1,Dendritic cell
CSF1R,0.4958355598232196,-5.850351669246571,0.693,0.686,1,Dendritic cell
STAT2,0.49592152475081275,4.0847317402828445,0.81,0.807,1,Dendritic cell
UBC,0.49597121544078393,-0.49797383085700453,0.62,0.631,1,Dendritic cell
RANGRF,0.4960655583559861,4.6963566792706795,0.291,0.291,1,Dendritic cell
PRX,0.49625305492102995,0.15279622796208603,0.033,0.03,1,Dendritic cell
COL18A1,0.4964356770010387,-1.4500021733541173,0.018,0.021,1,Dendritic cell
PCDH9,0.49644361072025456,-0.36076335816261595,0.03,0.031,1,Dendritic cell
RPGR,0.4966167540159403,-0.1281023875686584,0.247,0.237,1,Dendritic cell
ATP5MJ,0.49668187252432844,-0.14037403898269996,0.388,0.398,1,Dendritic cell
PTCD1,0.49672723145835374,1.826537828494387,0.173,0.176,1,Dendritic cell
LSM1,0.49680911456334553,5.11111134097747,0.599,0.591,1,Dendritic cell
PGRMC1,0.49689739898170243,-0.99203604424136,0.425,0.421,1,Dendritic cell
NDN,0.4969450744976093,0.2982039839146351,0.026,0.024,1,Dendritic cell
ARMC1,0.4973328031025839,0.1390800696192397,0.313,0.302,1,Dendritic cell
TSPYL2,0.4973817668817701,0.12422681153271009,0.22,0.225,1,Dendritic cell
GSE1,0.49749275470748255,-0.3538541225228409,0.493,0.49,1,Dendritic cell
COPA,0.49753197442361663,1.3055996726014811,0.858,0.862,1,Dendritic cell
MTHFD1,0.4975849197028526,2.2535189131182345,0.376,0.377,1,Dendritic cell
PLCG2,0.49762647018751593,-16.304785210861702,0.72,0.725,1,Dendritic cell
OBSL1,0.49769362309512377,0.20057914271941568,0.072,0.072,1,Dendritic cell
WNT10A,0.4978745499255701,2.576745356299556,0.098,0.102,1,Dendritic cell
SIGIRR,0.4980229612084654,-0.40197699994195,0.524,0.512,1,Dendritic cell
COMMD4,0.49836623926782453,-0.1630791472635006,0.179,0.185,1,Dendritic cell
FN3K,0.49849368321619164,-0.1366887279222908,0.03,0.033,1,Dendritic cell
ACSL1,0.49850722149466115,5.659084989493692,0.285,0.279,1,Dendritic cell
DLG1,0.4990503758502666,-0.17789747770566566,0.42,0.411,1,Dendritic cell
LMAN2L,0.4990852064853525,0.11056800932164235,0.129,0.122,1,Dendritic cell
SULT1B1,0.4991137530543432,0.8092746191231561,0.212,0.203,1,Dendritic cell
SEC16A,0.49911530978767915,-0.13327231172521659,0.483,0.487,1,Dendritic cell
AP1S2,0.49924627027509233,1.8410252613429137,0.956,0.953,1,Dendritic cell
CDCA3,0.49955470171603444,-1.0940003189692304,0.012,0.014,1,Dendritic cell
KIF23,0.49966233644314256,-12.81763443828821,0.013,0.014,1,Dendritic cell
NUP85,0.49978410978550736,-0.6568977883043732,0.405,0.417,1,Dendritic cell
FBXO5,0.49988898186533903,0.2245212943735826,0.065,0.068,1,Dendritic cell
DCP2,0.5001580968869305,-0.31764026196297745,0.683,0.676,1,Dendritic cell
CAPRIN2,0.5004274313437973,0.267428995555005,0.204,0.2,1,Dendritic cell
DYNC2I2,0.50048846996948,0.8517510438893678,0.028,0.027,1,Dendritic cell
VNN2,0.500547751239273,0.872523621236331,0.141,0.141,1,Dendritic cell
PALS1,0.5005966970293647,0.10348615758639634,0.145,0.138,1,Dendritic cell
BTN2A1,0.5008010600858569,-0.14777488291399454,0.241,0.243,1,Dendritic cell
STARD3,0.5008534337372577,0.14257552627978676,0.481,0.493,1,Dendritic cell
ITPKC,0.5008550842416241,0.3033933306692631,0.161,0.161,1,Dendritic cell
RIGI,0.5008971616553308,4.51152420595538,0.221,0.213,1,Dendritic cell
SMARCB1,0.5009458555739373,0.18817537669721762,0.735,0.731,1,Dendritic cell
SRSF5,0.5010049907585911,-3.221061170480236,0.876,0.883,1,Dendritic cell
FXYD2,0.5011003331503047,0.18786043556096121,0.018,0.015,1,Dendritic cell
FOLR3,0.501446411493779,-3.6188788279362205,0.014,0.014,1,Dendritic cell
UBE2D3,0.5017240532480344,2.0947886954061747,0.919,0.924,1,Dendritic cell
SDF2L1,0.5018248245967613,2.791619845965606,0.458,0.471,1,Dendritic cell
SFXN3,0.5018413112434567,-0.7834867326901731,0.341,0.35,1,Dendritic cell
DNAJC5B,0.5019159206899148,0.6663427372005835,0.018,0.015,1,Dendritic cell
TFAP2E,0.5020766751488197,-0.2058837286938453,0.027,0.03,1,Dendritic cell
S1PR3,0.5020867622866935,0.709696826459397,0.011,0.013,1,Dendritic cell
ARHGAP23,0.5022435441141839,0.26419420419152395,0.038,0.035,1,Dendritic cell
THRA,0.5023937871521984,-0.14883620133538011,0.091,0.098,1,Dendritic cell
NT5C3B,0.5026713151090834,-0.12327115366882113,0.286,0.284,1,Dendritic cell
KATNAL1,0.502675222704938,0.1778238229027309,0.155,0.155,1,Dendritic cell
CHCHD7,0.5026847585314083,-0.9116140303112439,0.549,0.539,1,Dendritic cell
FCER1G,0.5027582608871848,-2.980550662255382,0.993,0.991,1,Dendritic cell
LPAR6,0.5030886654924568,-0.8785915097799055,0.494,0.485,1,Dendritic cell
LENG1,0.5038709415748445,-0.10375303617589338,0.182,0.179,1,Dendritic cell
SUV39H2,0.5041729757349156,-0.35705466988446766,0.051,0.047,1,Dendritic cell
ACSS1,0.5041823974967772,0.11792503504259133,0.328,0.328,1,Dendritic cell
POM121C,0.5045174714265176,-0.11664560839846416,0.021,0.021,1,Dendritic cell
COQ9,0.5046049764224783,-0.14714324277036123,0.295,0.301,1,Dendritic cell
MYO9B,0.5049824611752363,-0.5248013329974714,0.762,0.758,1,Dendritic cell
CD8B2,0.5050548766546122,0.6138319240095917,0.011,0.009,1,Dendritic cell
SEC14L1,0.5051020797644156,0.2486061155510444,0.618,0.616,1,Dendritic cell
F2RL1,0.5051789876466308,0.12244696138641586,0.03,0.031,1,Dendritic cell
MICU1,0.5052713383233775,0.5302962028243896,0.458,0.451,1,Dendritic cell
SLC40A1,0.5055060066695843,-3.9498599756866923,0.474,0.474,1,Dendritic cell
GGA1,0.5055337841694688,0.11294219182128973,0.376,0.366,1,Dendritic cell
SH3KBP1,0.5058278597702205,0.5856950066771933,0.917,0.921,1,Dendritic cell
KDM5B,0.5059618330034352,-0.22619188118938294,0.334,0.33,1,Dendritic cell
ANKRD53,0.5059800209995823,0.1731099943685268,0.029,0.03,1,Dendritic cell
MFNG,0.5060820553497103,0.1685908191703689,0.59,0.593,1,Dendritic cell
ZNF599,0.5064531116531358,0.13193589635854686,0.037,0.037,1,Dendritic cell
INPP4A,0.5065332417069456,3.665546273412186,0.775,0.781,1,Dendritic cell
SLC25A24,0.5068809666832792,0.1934177268768491,0.557,0.552,1,Dendritic cell
SELP,0.5069889791835311,-0.7118050023576483,0.01,0.011,1,Dendritic cell
DAZAP2,0.5070249655981078,-1.6002986436236881,0.957,0.962,1,Dendritic cell
CUBN,0.5070458478905222,-0.22271568153272492,0.07,0.069,1,Dendritic cell
ZNF439,0.5073401922211379,0.13759599292897584,0.141,0.134,1,Dendritic cell
NCOA7,0.5076582642994206,-0.35033531873761836,0.457,0.447,1,Dendritic cell
PTTG1,0.507705303908552,-1.950742494582554,0.066,0.06,1,Dendritic cell
VPS35L,0.5078524531413462,-0.14058077956562354,0.67,0.66,1,Dendritic cell
STEAP3,0.507935334893874,-0.12293386122199856,0.162,0.167,1,Dendritic cell
ABCF1,0.5082981661209496,-0.4969771888524066,0.461,0.464,1,Dendritic cell
PPP1R15B,0.5085422793923027,-0.2946347825512343,0.693,0.687,1,Dendritic cell
ZNF503,0.5086442671365348,0.2367247842794722,0.112,0.109,1,Dendritic cell
EXT1,0.5086753463266065,-0.4173174873554506,0.306,0.301,1,Dendritic cell
CELSR1,0.5087085091809563,0.1796208476305301,0.017,0.016,1,Dendritic cell
PLS3,0.5087768890996379,-0.8336485566937359,0.048,0.045,1,Dendritic cell
SLC14A1,0.5088858578983814,0.4149252802245593,0.01,0.009,1,Dendritic cell
PDPR,0.5089454951835503,0.1307916405632712,0.491,0.488,1,Dendritic cell
HAGHL,0.5090472642997973,-0.13616048065993525,0.058,0.054,1,Dendritic cell
SUSD6,0.5090914122623407,1.4699960492823267,0.757,0.759,1,Dendritic cell
HSD3B7,0.509100156792108,0.3482163888281926,0.016,0.013,1,Dendritic cell
SIKE1,0.5093309894562094,0.6037115789539345,0.464,0.455,1,Dendritic cell
ZFP36L2,0.5094400132104634,11.169628048471658,0.958,0.958,1,Dendritic cell
SF3A3,0.509520867405016,0.12941446580499294,0.594,0.597,1,Dendritic cell
LAMTOR1,0.5095247176222857,-1.0867868635714864,0.947,0.946,1,Dendritic cell
MYC,0.5096872597715502,0.7113777324089235,0.134,0.127,1,Dendritic cell
CREM,0.5097613372506805,0.3591028405593111,0.293,0.283,1,Dendritic cell
CDH17,0.5098674330175764,7.858547502898543,0.009,0.011,1,Dendritic cell
GNA15,0.5098962400183252,0.2423068017646619,0.646,0.649,1,Dendritic cell
MAP3K10,0.510243507585894,-0.2115441573026764,0.155,0.163,1,Dendritic cell
GUCD1,0.510300178595603,-0.11492028136308141,0.504,0.494,1,Dendritic cell
TNFRSF13C,0.5103579338702677,0.804080954574701,0.034,0.036,1,Dendritic cell
RAP1A,0.5105933132233336,1.1806733995806535,0.925,0.926,1,Dendritic cell
RXRA,0.510754387279516,0.9069623011892167,0.543,0.542,1,Dendritic cell
PRPF19,0.5107635776540282,5.104403107664812,0.815,0.824,1,Dendritic cell
TRAK1,0.5108202932759762,-0.532715493750378,0.668,0.658,1,Dendritic cell
PEX11A,0.5108407872820656,0.2480192515575217,0.04,0.037,1,Dendritic cell
IRAK3,0.5111385239586481,-1.9695343346120948,0.534,0.542,1,Dendritic cell
LYL1,0.511624943397842,-0.2039453241400766,0.306,0.307,1,Dendritic cell
ATPSCKMT,0.5116666192185702,-0.205535909312076,0.184,0.179,1,Dendritic cell
SHISA5,0.5117672657881551,0.14751159609611364,0.201,0.201,1,Dendritic cell
CTNNAL1,0.5117861813302229,0.4004630051115865,0.024,0.024,1,Dendritic cell
FNDC3B,0.5118050312392939,0.15419218397933854,0.367,0.375,1,Dendritic cell
GCA,0.5118952588164288,-6.647004428599411,0.806,0.802,1,Dendritic cell
DHX40,0.5121135799729887,0.14148704805235846,0.412,0.417,1,Dendritic cell
PRUNE1,0.5122005739355496,-0.11403090042329089,0.169,0.167,1,Dendritic cell
MMP11,0.5123226359652201,0.1048612425225548,0.068,0.064,1,Dendritic cell
CDC34,0.5123453133876613,0.2729302978044565,0.325,0.333,1,Dendritic cell
GPX3,0.5124305562062577,0.19049183038918205,0.022,0.023,1,Dendritic cell
AMPD3,0.5125635827552539,1.186033131838486,0.411,0.421,1,Dendritic cell
SRP68,0.5127445504960566,0.17832440882564748,0.556,0.546,1,Dendritic cell
GBP1,0.5132315652050301,12.853705382070551,0.392,0.383,1,Dendritic cell
GNB5,0.51324694247093,-0.17631093530676184,0.271,0.28,1,Dendritic cell
SMAD5,0.5134129375813843,0.1362385902140839,0.461,0.461,1,Dendritic cell
DAXX,0.5134632031187649,0.31347244503572336,0.503,0.5,1,Dendritic cell
TESC,0.5134884618993272,-0.4221382720610487,0.242,0.245,1,Dendritic cell
SIRT4,0.513597347488277,-0.40914591838672987,0.014,0.015,1,Dendritic cell
THRAP3,0.5136740750597714,0.18459407581104958,0.644,0.635,1,Dendritic cell
NCF1,0.5137202211695118,-2.438668932540958,0.369,0.376,1,Dendritic cell
RTL8A,0.5141160194557359,-0.15673974341412622,0.04,0.043,1,Dendritic cell
JAK1,0.5142855434386455,-0.8209946006241466,0.931,0.932,1,Dendritic cell
ITGAX,0.5143628134879173,6.763196747221585,0.768,0.758,1,Dendritic cell
PTGR2,0.5145921877703049,-0.13848872756859176,0.073,0.072,1,Dendritic cell
OGT,0.5147931247495184,5.591070588073805,0.94,0.942,1,Dendritic cell
SIPA1L3,0.5150586176570331,-0.12972666720949766,0.411,0.411,1,Dendritic cell
NOP10,0.5155226054938443,0.10777856280885345,0.522,0.51,1,Dendritic cell
TRPM7,0.515859810196338,0.17177311954551744,0.546,0.545,1,Dendritic cell
HK3,0.515869225933231,6.108960138207564,0.357,0.357,1,Dendritic cell
PRPF38B,0.5160592178899585,1.0255348492103185,0.808,0.801,1,Dendritic cell
DBP,0.5161083385065521,-0.49164777953884675,0.469,0.475,1,Dendritic cell
TMEM69,0.516109679407885,-0.29001360736961423,0.409,0.408,1,Dendritic cell
TFPT,0.5164059476324352,0.11678490252411583,0.292,0.286,1,Dendritic cell
MS4A4E,0.5164899943873562,1.326684250519472,0.43,0.425,1,Dendritic cell
ARL8B,0.516499973459093,0.22803694706308608,0.593,0.584,1,Dendritic cell
ESAM,0.5165317562184648,0.15587450174964346,0.015,0.012,1,Dendritic cell
IFT25,0.5166862124693345,0.10551910918857221,0.362,0.356,1,Dendritic cell
EPHA4,0.5168874363636913,-0.2647660252476447,0.023,0.023,1,Dendritic cell
PCM1,0.5171347631878326,-0.44407563332933986,0.757,0.76,1,Dendritic cell
AP1B1,0.517319472921739,-0.238415428107551,0.664,0.658,1,Dendritic cell
YBX1,0.5173311737245019,-3.0251431074353228,0.946,0.947,1,Dendritic cell
SMIM7,0.5174103768655718,0.1887054201950591,0.412,0.41,1,Dendritic cell
ZBTB14,0.5176049957652532,-0.1092225068843925,0.302,0.294,1,Dendritic cell
ACSL3,0.5181174954135881,-0.14925081506479443,0.401,0.403,1,Dendritic cell
SMIM12,0.5182750038001674,0.11358053733113938,0.47,0.458,1,Dendritic cell
SIGLEC15,0.5184600493757504,-0.17001099685389232,0.012,0.012,1,Dendritic cell
CNOT11,0.5186033224302214,-0.3670203300447681,0.67,0.664,1,Dendritic cell
GNE,0.5190663714077988,-0.163416669468893,0.161,0.167,1,Dendritic cell
DNAL4,0.5192386194479266,0.16682325245177743,0.157,0.151,1,Dendritic cell
AGPAT4,0.5192667667971661,0.44573218304808815,0.182,0.178,1,Dendritic cell
ZDHHC18,0.519414921689558,0.14225324101445747,0.478,0.487,1,Dendritic cell
ANKDD1A,0.5194839837345586,-0.3285954388616079,0.068,0.067,1,Dendritic cell
CTNNBIP1,0.5197820413980555,-0.22061846768606141,0.529,0.526,1,Dendritic cell
AKTIP,0.5198928678278972,-0.24873778930209522,0.098,0.097,1,Dendritic cell
PMS1,0.5199825956246699,0.28224472841485404,0.35,0.34,1,Dendritic cell
APLP2,0.5202933668426124,-4.404792118796735,0.847,0.855,1,Dendritic cell
RNASE1,0.520472730089184,8.23288419670177,0.038,0.035,1,Dendritic cell
GORASP1,0.5205403958385475,-0.15941033111296926,0.334,0.325,1,Dendritic cell
RIPOR1,0.5206363624686777,1.7446308747230548,0.747,0.755,1,Dendritic cell
FEN1,0.5206552195067198,0.7435715342318272,0.13,0.123,1,Dendritic cell
ARPC5L,0.5206921912851348,-3.0335562050892912,0.61,0.6,1,Dendritic cell
TRIM72,0.5207568416295847,-0.4770135722875457,0.014,0.015,1,Dendritic cell
ATP23,0.5208202965110943,0.1090385810657688,0.16,0.15,1,Dendritic cell
MFAP3L,0.5209620946333708,0.25483490836318134,0.016,0.013,1,Dendritic cell
NAT14,0.5209715469762374,0.157003891807181,0.06,0.058,1,Dendritic cell
SLC18B1,0.5209946624299672,-0.1573157764204831,0.527,0.525,1,Dendritic cell
PTTG2,0.5210922901731819,-0.10833048237846032,0.033,0.035,1,Dendritic cell
INPP5F,0.5213901977379367,1.2245919941994927,0.446,0.437,1,Dendritic cell
PECR,0.521851408931507,0.20960286602066347,0.045,0.043,1,Dendritic cell
PHF12,0.5218973042374144,-0.2172915429572364,0.602,0.603,1,Dendritic cell
GALNT12,0.5218989026384282,0.18088178764435536,0.031,0.027,1,Dendritic cell
TARBP1,0.5220578799131843,0.7023504330438959,0.611,0.598,1,Dendritic cell
ARAP1,0.5221092063735583,-2.728084653708681,0.853,0.849,1,Dendritic cell
MED4,0.5222857261546581,-0.2337680716993753,0.708,0.709,1,Dendritic cell
RBM19,0.5223986604182183,-0.9830373972797989,0.387,0.384,1,Dendritic cell
MCMBP,0.5227364660259914,-0.32246455813152686,0.763,0.754,1,Dendritic cell
FAR1,0.5227617290255364,0.9524080109698811,0.864,0.858,1,Dendritic cell
STARD3NL,0.5228514286023813,0.2139438554968902,0.448,0.439,1,Dendritic cell
SKAP2,0.5228730373440563,-0.30000102659358063,0.852,0.856,1,Dendritic cell
MIF4GD,0.5229648102295651,-1.1652679793555816,0.583,0.576,1,Dendritic cell
KIDINS220,0.5230829856382249,0.35000942104335886,0.655,0.655,1,Dendritic cell
ADAM9,0.5231203587403008,0.17007649448476114,0.335,0.331,1,Dendritic cell
DDX54,0.5232082090773557,-0.3253754554656618,0.599,0.593,1,Dendritic cell
HELZ2,0.5233946481313795,-0.4187268303200216,0.176,0.18,1,Dendritic cell
TECPR1,0.5236840692018987,0.10076310534867045,0.324,0.326,1,Dendritic cell
DNLZ,0.5237704158617759,0.18784280786114893,0.031,0.031,1,Dendritic cell
LMNTD2,0.5239175573964516,0.18746913598243342,0.037,0.034,1,Dendritic cell
ZNF579,0.524024355617156,0.11332878305544547,0.054,0.052,1,Dendritic cell
MARS1,0.5240372890388857,0.18401625965478252,0.155,0.149,1,Dendritic cell
WDR33,0.5246438939661333,0.39217343309531216,0.801,0.793,1,Dendritic cell
HMGN5,0.5246949816884796,-0.22193146856460233,0.055,0.056,1,Dendritic cell
CHMP7,0.5247162421629475,0.5676411840073938,0.448,0.439,1,Dendritic cell
PHKB,0.5247810689376498,-0.8490522311441788,0.641,0.649,1,Dendritic cell
NDUFB2,0.5249671016959846,0.29712715565688863,0.538,0.53,1,Dendritic cell
GZMB,0.5250662494704642,-7.306304721697586,0.253,0.257,1,Dendritic cell
CROT,0.5250932734439152,0.18959249415382295,0.121,0.116,1,Dendritic cell
AASS,0.5253178853021779,-0.26733364848556995,0.025,0.027,1,Dendritic cell
MND1,0.5254191956406851,0.8622101693826254,0.035,0.034,1,Dendritic cell
SDHA,0.5257163031220141,-0.12060453054910214,0.194,0.201,1,Dendritic cell
AOAH,0.5258429593306422,4.167475030573126,0.733,0.726,1,Dendritic cell
SIPA1L2,0.5258561736361996,0.18001469230707645,0.102,0.098,1,Dendritic cell
CLIC3,0.5260749158422479,8.373169212811,0.266,0.27,1,Dendritic cell
LMLN,0.5262048432271899,0.1402020696392814,0.028,0.027,1,Dendritic cell
EXOC7,0.5262959846814341,-0.23253844799931578,0.626,0.615,1,Dendritic cell
COX6A1,0.5262984361287681,0.4539349851435097,0.749,0.741,1,Dendritic cell
VPS36,0.5264104351310219,-0.495690116374929,0.74,0.733,1,Dendritic cell
ERMP1,0.5271474703907066,-0.10988214733422186,0.169,0.166,1,Dendritic cell
BBS1,0.5271816565752857,-0.21938508449957617,0.114,0.119,1,Dendritic cell
SETDB1,0.5275162090527077,0.2242452062643201,0.63,0.618,1,Dendritic cell
MYL5,0.527611486549307,-0.21000837874413358,0.091,0.094,1,Dendritic cell
GSTP1,0.5279679239774028,-0.7340334609799957,0.732,0.725,1,Dendritic cell
PNPO,0.5283402285534048,0.13769616196744633,0.301,0.301,1,Dendritic cell
FASTKD1,0.5283454059103567,0.11625414889031549,0.429,0.438,1,Dendritic cell
DNHD1,0.5284592125935661,-0.10022544450959572,0.232,0.232,1,Dendritic cell
BOP1,0.5285032141945317,-0.1340754021294422,0.268,0.26,1,Dendritic cell
SHISA4,0.528614179887294,0.2979826444966296,0.017,0.016,1,Dendritic cell
RIT1,0.5287454553405091,-0.14542478701754447,0.428,0.431,1,Dendritic cell
DDX39B,0.5288684888150966,0.13757304238856283,0.52,0.512,1,Dendritic cell
EMILIN1,0.5289259554305263,-0.19267697171372022,0.054,0.059,1,Dendritic cell
ZNF438,0.528931953087822,0.24218360422974428,0.097,0.097,1,Dendritic cell
EEF1B2,0.5289589129564058,-6.0241615301698275,0.98,0.978,1,Dendritic cell
PSME4,0.5291383609187715,0.16446940617600303,0.618,0.62,1,Dendritic cell
ZDHHC17,0.5291520175713263,-2.059298336361717,0.63,0.622,1,Dendritic cell
RMDN2,0.5291805924217731,0.175224397458704,0.126,0.12,1,Dendritic cell
CDK19,0.529609957767103,-0.12937087495294763,0.35,0.351,1,Dendritic cell
GPR146,0.529726583375001,-0.1476601465010683,0.008,0.01,1,Dendritic cell
KLHDC2,0.5297679660969191,0.14409639796259865,0.443,0.436,1,Dendritic cell
SLC17A9,0.5298583450390582,0.23357887281374934,0.104,0.1,1,Dendritic cell
HMOX2,0.5300264049272478,0.12427064157705758,0.355,0.355,1,Dendritic cell
ABI3,0.5300588456475593,0.40470608491744997,0.48,0.48,1,Dendritic cell
TICAM1,0.5301873130603381,0.11088236256961448,0.376,0.372,1,Dendritic cell
MFSD10,0.5303049092803204,-0.11327442179170089,0.293,0.296,1,Dendritic cell
CRTAM,0.5304184484327188,0.16947475815634538,0.076,0.07,1,Dendritic cell
FAR2,0.5308195411901605,0.34596512773424626,0.098,0.097,1,Dendritic cell
TMBIM6,0.5311628394846493,-0.3928844831697367,0.876,0.881,1,Dendritic cell
CRIPT,0.5315781444344009,0.14170764026682248,0.511,0.514,1,Dendritic cell
SLC35G1,0.5320126801111855,0.24253053467334862,0.018,0.016,1,Dendritic cell
COQ5,0.5320738184169802,-0.13931317053554362,0.294,0.3,1,Dendritic cell
SAAL1,0.5324112632847964,0.11445316535637207,0.152,0.144,1,Dendritic cell
SNRPD3,0.5325717187739646,-0.16990625148260197,0.021,0.024,1,Dendritic cell
C6orf120,0.5327796597216109,0.14313618523188887,0.425,0.415,1,Dendritic cell
INSL3,0.5330074226204062,-0.18636517364762106,0.018,0.017,1,Dendritic cell
C11orf58,0.5333015348788617,2.3822291094745367,0.914,0.91,1,Dendritic cell
MS4A1,0.5333611783978137,4.233362253173482,0.028,0.026,1,Dendritic cell
FOCAD,0.5333670482676947,0.10596193083728722,0.2,0.197,1,Dendritic cell
PAK1,0.533399468468459,2.5143139435988573,0.805,0.801,1,Dendritic cell
TMC6,0.5336286801953588,0.29310000259140745,0.451,0.437,1,Dendritic cell
STX4,0.5338637710848797,-0.3972711233548978,0.55,0.548,1,Dendritic cell
MIER2,0.5343736319674522,0.11923685239761728,0.181,0.178,1,Dendritic cell
YPEL2,0.5344696764399139,0.25485248812897643,0.415,0.415,1,Dendritic cell
H3-3A,0.5344785891871989,8.881668101148396,0.968,0.971,1,Dendritic cell
ORAI2,0.5345648192926113,0.1809864413993787,0.374,0.368,1,Dendritic cell
CIBAR1,0.5345835710933522,-0.1302597346741159,0.017,0.017,1,Dendritic cell
LRRC41,0.5348213571586982,-0.30697323994480286,0.565,0.568,1,Dendritic cell
SH3TC1,0.5348776781571866,-0.46605068382955306,0.57,0.581,1,Dendritic cell
GLS,0.5349394578320761,0.12437728261997272,0.543,0.534,1,Dendritic cell
EIF1,0.5354499242880134,-4.019425696028794,0.994,0.994,1,Dendritic cell
ZNF707,0.5355367018010475,-0.12400658001842846,0.102,0.105,1,Dendritic cell
DYM,0.5356091258542754,-0.5674759497159751,0.767,0.759,1,Dendritic cell
BTBD8,0.535636411025247,-0.36464569007729697,0.064,0.066,1,Dendritic cell
THAP5,0.5356469215686308,0.1030593466840169,0.237,0.235,1,Dendritic cell
AKR1C3,0.5356811271717138,-0.24652020926647955,0.073,0.07,1,Dendritic cell
MAPK13,0.5357261807000696,0.23031357342313852,0.041,0.042,1,Dendritic cell
CIC,0.5358724000492322,0.23397142869042797,0.609,0.599,1,Dendritic cell
TRIM8,0.5358860534544421,-2.074506592630107,0.808,0.813,1,Dendritic cell
ZNF582,0.5361560279106545,0.2780906438604771,0.059,0.055,1,Dendritic cell
CIDEB,0.5361817694756941,-2.202272927813273,0.552,0.546,1,Dendritic cell
SLC6A6,0.5363895535496098,-0.15056418015891015,0.656,0.647,1,Dendritic cell
GBP4,0.5364045546471159,-12.037436412563032,0.234,0.225,1,Dendritic cell
GTPBP2,0.5365472049382446,-0.18070904106431662,0.425,0.431,1,Dendritic cell
DHRS11,0.5368168708154906,-0.10829269606582326,0.021,0.02,1,Dendritic cell
ELP6,0.53691859471513,0.11733510826766845,0.286,0.276,1,Dendritic cell
MICOS10,0.5371757952008599,-1.7002467661318597,0.671,0.664,1,Dendritic cell
CAT,0.5372103329561855,-10.508855199195997,0.949,0.944,1,Dendritic cell
NUS1,0.5372111653936705,-3.0093077266115085,0.802,0.797,1,Dendritic cell
BVES,0.5372494304868658,-0.4186752395068547,0.018,0.021,1,Dendritic cell
ATOX1,0.5373070783940205,-1.5353754324867417,0.721,0.725,1,Dendritic cell
DYNLL2,0.5375116329965959,1.5002284550138825,0.608,0.617,1,Dendritic cell
ZDHHC14,0.5381098362355006,0.21448552353817285,0.215,0.211,1,Dendritic cell
CCDC167,0.5381931787543235,0.32713133466430544,0.176,0.174,1,Dendritic cell
NCALD,0.5383297377410458,-0.3156915583272313,0.098,0.094,1,Dendritic cell
GNB2,0.5385289806833329,-0.5410600789140982,0.894,0.897,1,Dendritic cell
N4BP3,0.5387070816975783,0.17331736273177922,0.033,0.031,1,Dendritic cell
DDX52,0.5387871586178208,-0.10661202900395939,0.407,0.397,1,Dendritic cell
AGA,0.5388163878476878,-0.6911775229958897,0.242,0.234,1,Dendritic cell
SIGLEC6,0.5388262112735113,2.720480647396215,0.22,0.225,1,Dendritic cell
SRXN1,0.5388761077501274,0.12198377708416763,0.098,0.097,1,Dendritic cell
COA6,0.5388852607904231,-0.1174183111158491,0.375,0.373,1,Dendritic cell
TSR3,0.539286831138384,-0.21514283827018366,0.561,0.561,1,Dendritic cell
USF2,0.5397153921810328,0.7824294615892171,0.951,0.955,1,Dendritic cell
BTLA,0.5401344369509836,-0.18475142486445906,0.056,0.055,1,Dendritic cell
KIF14,0.5402543393565475,-0.2398750089500945,0.016,0.018,1,Dendritic cell
TLR4,0.5405708376769881,-0.20394224311325582,0.409,0.403,1,Dendritic cell
FBXO41,0.5407926847133915,0.10981084444788622,0.29,0.285,1,Dendritic cell
RNF5,0.5411603473768906,5.04541386893907,0.743,0.735,1,Dendritic cell
COASY,0.5412148640378737,0.2581127841141839,0.498,0.495,1,Dendritic cell
FAM200B,0.5414494254358851,0.100438461315564,0.377,0.369,1,Dendritic cell
LRCH4,0.5416439002535987,0.17882199267677734,0.832,0.831,1,Dendritic cell
HNRNPF,0.5417232921177495,1.675516176204468,0.814,0.807,1,Dendritic cell
FANCM,0.5417358916926499,0.11944492635712445,0.102,0.096,1,Dendritic cell
ETS2,0.5417362874207041,1.404573082167646,0.653,0.652,1,Dendritic cell
GNPTG,0.5418631273354853,0.19996346756154004,0.639,0.635,1,Dendritic cell
USP49,0.5426094164365635,0.1406581870295378,0.058,0.054,1,Dendritic cell
SLC25A4,0.5427903076485937,-0.16862115373035902,0.067,0.067,1,Dendritic cell
EML2,0.5428530051074961,-0.18345331084925687,0.266,0.267,1,Dendritic cell
IL21R,0.5431556372996972,0.11780908269308665,0.103,0.097,1,Dendritic cell
S100A12,0.5434300952752154,-10.193816318356461,0.362,0.371,1,Dendritic cell
ACTL10,0.5434767007020549,0.3167112806626329,0.033,0.03,1,Dendritic cell
TOMM20,0.5435749840267791,0.32057270592769793,0.805,0.8,1,Dendritic cell
AFDN,0.543947912324929,-0.25465838647025285,0.123,0.117,1,Dendritic cell
DNAJA1,0.5441182638923198,1.0027825565278485,0.754,0.745,1,Dendritic cell
SNX19,0.5441707490210199,0.3211187112910272,0.517,0.519,1,Dendritic cell
PLD2,0.5445195845584119,-0.12001096204775041,0.238,0.24,1,Dendritic cell
C16orf54,0.5445230944880183,0.186208406896758,0.371,0.366,1,Dendritic cell
IFIT1,0.5447998834764793,-41.9331845586173,0.053,0.049,1,Dendritic cell
PKD2,0.5449100774673866,0.13383362162318,0.272,0.266,1,Dendritic cell
MYO1G,0.5449691727278236,-2.613751100607171,0.768,0.766,1,Dendritic cell
NSUN6,0.5449940051198289,0.13792397594611813,0.28,0.275,1,Dendritic cell
C10orf105,0.5450794960276147,-0.6264145949326623,0.026,0.025,1,Dendritic cell
GLCCI1,0.5451218754067215,1.5441655771284577,0.168,0.164,1,Dendritic cell
ERMN,0.5452270131049495,-0.9558129384027525,0.072,0.067,1,Dendritic cell
TMEM186,0.5452846009520462,0.1233312254457477,0.136,0.129,1,Dendritic cell
SPACA9,0.5452892581553445,0.2428629836608449,0.017,0.014,1,Dendritic cell
CTSC,0.5456103498574381,6.86777916922351,0.918,0.914,1,Dendritic cell
SWAP70,0.5458112286295821,29.569090637727616,0.463,0.464,1,Dendritic cell
SCN4B,0.5460964940374399,0.365087220945123,0.022,0.023,1,Dendritic cell
ICA1L,0.5461148571001317,-0.1547363728199438,0.114,0.115,1,Dendritic cell
RGCC,0.5464841384606057,34.338575006510695,0.161,0.154,1,Dendritic cell
CCDC136,0.5464921070309343,-0.39739007315680963,0.021,0.024,1,Dendritic cell
BACH2,0.5465080606495251,-0.38488985509670515,0.1,0.095,1,Dendritic cell
KIF5B,0.546561155833579,-4.493520262376437,0.921,0.916,1,Dendritic cell
IL15RA,0.5465861743566403,-0.2887097431782344,0.031,0.033,1,Dendritic cell
GATAD2A,0.5467001557993161,-0.10711946113469528,0.593,0.599,1,Dendritic cell
RIN2,0.5468280567784857,-0.6392793920546405,0.297,0.3,1,Dendritic cell
LSG1,0.5470132035758472,-0.15926258767474027,0.33,0.332,1,Dendritic cell
ANO10,0.5470322194481474,0.3245580222123985,0.281,0.278,1,Dendritic cell
CAVIN3,0.5471487852261404,0.5806435788338375,0.041,0.038,1,Dendritic cell
ZBTB10,0.547401680511101,4.137469156399515,0.444,0.448,1,Dendritic cell
C21orf58,0.5476366426014901,-0.2855491296948225,0.017,0.02,1,Dendritic cell
FAAP100,0.548024257139546,-0.2174305314948778,0.191,0.198,1,Dendritic cell
EXOC2,0.548028271034099,-0.11905745948392532,0.571,0.578,1,Dendritic cell
NACC1,0.5484290492545502,-0.2976599758834788,0.577,0.584,1,Dendritic cell
PPA2,0.5485197053036784,-2.228671245908031,0.56,0.546,1,Dendritic cell
TRPV1,0.5485715262266233,0.20116805516580372,0.087,0.091,1,Dendritic cell
LY96,0.5486868957034825,0.1544111210003578,0.498,0.495,1,Dendritic cell
CALM3,0.5487787162313624,0.8162243753109455,0.595,0.583,1,Dendritic cell
TNIP1,0.5488462219542919,0.14694689615084044,0.789,0.79,1,Dendritic cell
PFDN5,0.5489719870995938,1.7042859257850749,0.855,0.849,1,Dendritic cell
SPTAN1,0.5492661911970622,0.8788930694073525,0.621,0.625,1,Dendritic cell
GEMIN4,0.5493570341600063,0.2028968785263151,0.176,0.174,1,Dendritic cell
HNRNPD,0.549393503388357,0.45687177596097683,0.919,0.915,1,Dendritic cell
ANKRD55,0.5494112554368826,1.7063396816605585,0.013,0.011,1,Dendritic cell
KIAA0513,0.5494666758156868,-0.9438817060739373,0.443,0.436,1,Dendritic cell
EIF2B5,0.549490883163402,-0.20976046154517203,0.453,0.446,1,Dendritic cell
PPP1R12B,0.5504043630649682,0.10540608784362027,0.32,0.314,1,Dendritic cell
LYN,0.5507432530622585,4.163018119462297,0.928,0.929,1,Dendritic cell
P4HA1,0.5508635824559944,-0.4627570932958378,0.497,0.503,1,Dendritic cell
USP14,0.5508821363691306,0.11839971931854443,0.556,0.548,1,Dendritic cell
ZBTB3,0.5512991529973427,0.1334214630758166,0.136,0.132,1,Dendritic cell
ZNF608,0.5513454011368217,0.2977725724360538,0.044,0.047,1,Dendritic cell
KCNG2,0.5515844744342291,0.18300670933503627,0.038,0.036,1,Dendritic cell
TGM2,0.5517024013232182,-1.1425377204819513,0.08,0.076,1,Dendritic cell
GABARAPL1,0.5519643741460583,-0.16942481661372444,0.094,0.102,1,Dendritic cell
G0S2,0.5520487948245418,0.5101940713694866,0.039,0.042,1,Dendritic cell
DHRS4,0.5521631398474723,-0.1434602602126116,0.021,0.023,1,Dendritic cell
SH3BP2,0.5522818083711181,-0.5253170442523203,0.698,0.689,1,Dendritic cell
TRIP12,0.5523595412631753,0.31016261197309447,0.889,0.883,1,Dendritic cell
RCN1,0.5525878824614324,0.4209396473879168,0.383,0.387,1,Dendritic cell
EIF2B3,0.5527606535221351,-0.17770736149027822,0.365,0.362,1,Dendritic cell
CCDC194,0.5529431171801154,-0.10630027666141917,0.046,0.049,1,Dendritic cell
CENPU,0.5530460280371484,0.132658020546788,0.051,0.048,1,Dendritic cell
R3HDM2,0.5531134539321171,-0.29670676541289365,0.447,0.449,1,Dendritic cell
REEP6,0.5531782698015315,-0.1191184563966976,0.036,0.039,1,Dendritic cell
URB1,0.5535182817379064,0.17701360997666002,0.245,0.247,1,Dendritic cell
BROX,0.5536373069654374,0.3357487136952453,0.566,0.559,1,Dendritic cell
LRRC61,0.5537237686986772,0.26365023407883825,0.057,0.052,1,Dendritic cell
BLTP3A,0.5537975255325669,0.11595773735058335,0.201,0.2,1,Dendritic cell
PRXL2B,0.5538763791113905,0.21697652546322033,0.064,0.058,1,Dendritic cell
RET,0.5539273368005964,0.9565865400380527,0.02,0.02,1,Dendritic cell
CETN2,0.5540998908072255,-0.1566543444237415,0.252,0.26,1,Dendritic cell
DNAJC3,0.5542148602537276,-0.720356372113077,0.658,0.658,1,Dendritic cell
IDH3A,0.5542176287394918,-0.9925759461636314,0.671,0.669,1,Dendritic cell
SLC35A4,0.5542675791572707,0.35202575406316194,0.675,0.666,1,Dendritic cell
ANKS6,0.5543434143217041,-0.104706797189555,0.027,0.025,1,Dendritic cell
ARHGEF1,0.5545011899155623,-0.9761845003096212,0.896,0.894,1,Dendritic cell
PEX14,0.5545284250792906,0.11137481815844441,0.141,0.135,1,Dendritic cell
ZNF263,0.5545320534315679,0.16663271635472765,0.362,0.363,1,Dendritic cell
LGALS2,0.5548965864567562,1.2647848368487047,0.706,0.688,1,Dendritic cell
MARCHF5,0.5549838202377658,-0.5551157515846712,0.403,0.4,1,Dendritic cell
RUFY1,0.5550272917393337,-3.8160010288189863,0.68,0.673,1,Dendritic cell
VIPR1,0.5552696096877398,-0.10720889177670334,0.362,0.352,1,Dendritic cell
LRRCC1,0.5553286672308998,0.24455987979673588,0.087,0.085,1,Dendritic cell
FIS1,0.5554065959615573,-1.2072048860726792,0.81,0.804,1,Dendritic cell
HERPUD2,0.5554681477990343,0.21104702140443132,0.605,0.596,1,Dendritic cell
ATXN7,0.5556905448276213,-0.11833872232805698,0.558,0.569,1,Dendritic cell
GKAP1,0.5563256930177923,0.12172074438438907,0.082,0.078,1,Dendritic cell
APMAP,0.5564559935974663,-1.6029363801315126,0.607,0.613,1,Dendritic cell
IFIH1,0.5565762771601017,4.099424963454696,0.448,0.452,1,Dendritic cell
IL17RC,0.5567021020217228,-0.11489644453547587,0.054,0.057,1,Dendritic cell
PLEK,0.5568046061271925,15.564910685193027,0.95,0.95,1,Dendritic cell
NRDC,0.5568373620257925,-1.4916288719960837,0.881,0.877,1,Dendritic cell
ACTN1,0.5568671826066841,-10.072294948345714,0.501,0.5,1,Dendritic cell
SETX,0.5569169604207476,-0.5059002576390803,0.713,0.71,1,Dendritic cell
SPIB,0.5569802808221653,28.080562126799663,0.392,0.4,1,Dendritic cell
CHMP1B,0.5570903816798292,5.863420746368019,0.798,0.803,1,Dendritic cell
CD164,0.5571508148021871,0.9703968115600805,0.836,0.842,1,Dendritic cell
IL10RB,0.5572008095349048,0.14352447759005482,0.738,0.731,1,Dendritic cell
NDUFA9,0.5573212365239524,0.23434523030188636,0.395,0.389,1,Dendritic cell
ZER1,0.5576276986248418,-0.18774141259635657,0.405,0.399,1,Dendritic cell
NCOR1,0.5578862102949436,-0.19335050326358427,0.819,0.813,1,Dendritic cell
PGAM1,0.5579283898647568,0.13397927528229092,0.203,0.194,1,Dendritic cell
LGALS9,0.5581314913212414,-0.791742764649118,0.602,0.6,1,Dendritic cell
WDR89,0.5581751238151225,0.11991539935537088,0.19,0.182,1,Dendritic cell
FAM174B,0.5582108017651966,-0.11582132607409079,0.022,0.024,1,Dendritic cell
ID2,0.5582757987080378,15.236375954673356,0.691,0.695,1,Dendritic cell
RABAC1,0.5585098314300717,1.2284543324150556,0.594,0.587,1,Dendritic cell
DAAM1,0.55861791007511985,-2.345258492017341,0.316,0.312,1,Dendritic cell
STK11IP,0.5587016802370205,0.20546641487670003,0.607,0.598,1,Dendritic cell
MMACHC,0.5588686259975999,0.11061729971512069,0.071,0.067,1,Dendritic cell
ZNF692,0.5589353624885007,-0.30912980541476487,0.13,0.134,1,Dendritic cell
TEX264,0.5589900129683202,-0.11593141986009611,0.319,0.329,1,Dendritic cell
ARHGEF4,0.559085323179874,0.2317821368643216,0.016,0.015,1,Dendritic cell
ILF2,0.5591775785524784,0.19005107003627142,0.596,0.605,1,Dendritic cell
TADA2A,0.559606346609492,-0.12843546193268007,0.239,0.241,1,Dendritic cell
SYF2,0.5600680926134419,0.2889470494888977,0.737,0.734,1,Dendritic cell
SASH3,0.5601591895237705,2.583486916285926,0.88,0.88,1,Dendritic cell
KCNH8,0.5601933492643271,-0.17850654910337838,0.05,0.052,1,Dendritic cell
P3H2,0.5602795311470857,-0.34756017640269476,0.252,0.256,1,Dendritic cell
SPON2,0.5604236623797243,-11.549512907462264,0.059,0.054,1,Dendritic cell
TXNRD2,0.5604458898736376,-0.28336312349911075,0.407,0.402,1,Dendritic cell
BLMH,0.5605037663831792,-0.12809800198319243,0.316,0.312,1,Dendritic cell
HNRNPC,0.5605254568047227,-0.46259223044728337,0.845,0.851,1,Dendritic cell
SPA17,0.5606323703879328,0.11728367061129319,0.026,0.023,1,Dendritic cell
FGD6,0.5608202203757037,-0.4947096092335468,0.12,0.126,1,Dendritic cell
PALM2AKAP2,0.5610856261550841,4.800247269172138,0.301,0.297,1,Dendritic cell
TSR1,0.5613666985816775,0.16599895460160763,0.374,0.366,1,Dendritic cell
SHFL,0.5614525769523704,-0.1356122229031817,0.272,0.275,1,Dendritic cell
UNC119,0.5614557269377897,-3.1086649185439974,0.64,0.645,1,Dendritic cell
ZNF467,0.5615256938181831,0.13339608840361583,0.436,0.434,1,Dendritic cell
LACC1,0.5615320963703487,1.3403785334744485,0.127,0.125,1,Dendritic cell
CABIN1,0.5617534479393416,-0.16173063263667986,0.379,0.371,1,Dendritic cell
TMEM179B,0.5618532786343129,0.22691966146901876,0.637,0.63,1,Dendritic cell
CTSB,0.5618773047717132,58.60214920246085,0.976,0.974,1,Dendritic cell
KLRC4,0.562243347093671,1.421004836569857,0.045,0.04,1,Dendritic cell
COPS2,0.5623084651559782,-0.1586189825111317,0.661,0.667,1,Dendritic cell
PRKAB1,0.5624633760422436,0.13296418839345692,0.39,0.381,1,Dendritic cell
ZDHHC12,0.5626001685386323,0.13587609994544736,0.231,0.226,1,Dendritic cell
NPC2,0.5627755087223127,-5.320625197445331,0.976,0.976,1,Dendritic cell
FBF1,0.5629800017535618,0.32669789499232094,0.096,0.091,1,Dendritic cell
CSNK1A1,0.5630908125461693,-0.1468179641890841,0.438,0.445,1,Dendritic cell
HS3ST1,0.5632209326109284,1.4127564773870818,0.113,0.109,1,Dendritic cell
PHLPP2,0.5632335716857331,0.10234335171983933,0.193,0.187,1,Dendritic cell
FCMR,0.5632873547444575,-10.281024538910541,0.157,0.15,1,Dendritic cell
DCTD,0.5633767643159003,-0.8804993907277736,0.658,0.655,1,Dendritic cell
GFOD2,0.5634550974353477,0.18886871031718622,0.122,0.117,1,Dendritic cell
MFGE8,0.563459509813673,0.13375799831593937,0.013,0.011,1,Dendritic cell
RNASE2,0.5635684414266746,-5.423105397649664,0.295,0.299,1,Dendritic cell
PLK1,0.5636453903028954,-10.819200348721857,0.031,0.033,1,Dendritic cell
EIF2B1,0.5637246223457529,-0.3091544566072608,0.626,0.623,1,Dendritic cell
TMEM60,0.5638243844702129,0.21717811129194953,0.32,0.311,1,Dendritic cell
BDP1,0.563843973383161,0.1804080492939808,0.573,0.566,1,Dendritic cell
ZNF205,0.5639378906153887,0.15435328323001896,0.035,0.034,1,Dendritic cell
SLC19A1,0.5640034737866682,-0.7975739287885358,0.26,0.267,1,Dendritic cell
ZFAND1,0.5640884996751107,0.4439292658469589,0.52,0.524,1,Dendritic cell
CBLB,0.5641457610314627,0.163124067680108,0.312,0.306,1,Dendritic cell
OPLAH,0.5643594724736134,-0.22465303755015897,0.026,0.026,1,Dendritic cell
ID3,0.5643949312318487,-1.4718837489316954,0.094,0.091,1,Dendritic cell
BCL6,0.5646114430003105,0.11769097515980675,0.481,0.481,1,Dendritic cell
SELENOF,0.5646232365692015,-0.6395434262206123,0.919,0.915,1,Dendritic cell
NEURL1B,0.56474479656725,-0.22929476890400124,0.017,0.018,1,Dendritic cell
SAC3D1,0.5648330859455925,0.1291537096453026,0.125,0.122,1,Dendritic cell
NCAPG,0.5651499580227104,-0.7171933427524158,0.012,0.011,1,Dendritic cell
TPGS2,0.5651757347256392,-0.2593076621142518,0.398,0.406,1,Dendritic cell
ZNF177,0.5654042594452627,-0.1753177301890796,0.024,0.026,1,Dendritic cell
PACSIN1,0.5656043180029502,4.576484156793493,0.228,0.232,1,Dendritic cell
SLTM,0.5660295955261043,-0.22376140258517374,0.809,0.803,1,Dendritic cell
ARHGEF10L,0.5660364814225471,-0.9576037785952356,0.392,0.39,1,Dendritic cell
KDM1B,0.5662957816749529,-0.8980208905839042,0.632,0.63,1,Dendritic cell
KAT2B,0.5663025096388766,0.7732533223124549,0.576,0.578,1,Dendritic cell
WASHC5,0.5664864506631784,0.16057528534736298,0.334,0.342,1,Dendritic cell
TTC27,0.5666486091121496,-0.18827063478051245,0.302,0.311,1,Dendritic cell
MYLK4,0.5667143190812077,0.15277082966488997,0.019,0.018,1,Dendritic cell
L3MBTL1,0.567087874269652,-0.258055086993326,0.073,0.077,1,Dendritic cell
PUM1,0.5671779768319604,-0.270976020914631,0.756,0.762,1,Dendritic cell
CLNS1A,0.5674453715149107,0.29515085220168036,0.598,0.603,1,Dendritic cell
PPM1F,0.5674754919501473,0.25932028868681734,0.697,0.689,1,Dendritic cell
EGR1,0.5677039823641066,38.857733677967104,0.117,0.117,1,Dendritic cell
BMAL2,0.5679739394985427,-0.8448672253257745,0.062,0.058,1,Dendritic cell
TRIM11,0.5682874173017973,0.14706369427523502,0.223,0.219,1,Dendritic cell
HDLBP,0.5683627933852168,-0.5926301476624385,0.617,0.616,1,Dendritic cell
FAH,0.5687879283880006,-0.1973938036303977,0.206,0.199,1,Dendritic cell
ZNF410,0.569194801803005,0.17642975473920908,0.55,0.556,1,Dendritic cell
FAM120B,0.5695083204063702,-0.18775797708231734,0.345,0.342,1,Dendritic cell
CBX5,0.5695479429273352,-0.11009760813599734,0.355,0.363,1,Dendritic cell
USP19,0.5696113912095891,-0.625509007542282,0.416,0.416,1,Dendritic cell
ELK4,0.5698836530734539,-2.7592023483157933,0.814,0.813,1,Dendritic cell
MSS51,0.5699325456735753,0.17499539498073502,0.131,0.125,1,Dendritic cell
MAP3K11,0.5699664519159289,-0.10469828975495332,0.681,0.683,1,Dendritic cell
SUMO2,0.5699950489209847,-0.13972244524890187,0.39,0.392,1,Dendritic cell
SURF1,0.5700006127138768,-0.21088651830749372,0.572,0.574,1,Dendritic cell
FBLN2,0.5700800563922289,-0.5981427345782824,0.21,0.205,1,Dendritic cell
CADM4,0.5701204863784672,0.35193757977778106,0.157,0.165,1,Dendritic cell
ANTKMT,0.5703337487457116,-0.1629395889968454,0.275,0.283,1,Dendritic cell
CBFA2T3,0.5703720716163544,1.9018069086069644,0.847,0.839,1,Dendritic cell
CD79B,0.5703923088674765,-2.0578600856260145,0.172,0.181,1,Dendritic cell
TANGO2,0.5708739523787041,-0.3810927223795062,0.451,0.445,1,Dendritic cell
DPH1,0.5709787310576422,-0.12094968712657561,0.035,0.038,1,Dendritic cell
CHTF18,0.5712538085514716,0.10868999286340664,0.026,0.028,1,Dendritic cell
MAP4K3,0.5712697920674649,0.20828774586307985,0.208,0.211,1,Dendritic cell
ZNF527,0.5714390654624923,-0.1869613253836131,0.057,0.055,1,Dendritic cell
ABHD6,0.5715721841122756,0.3381377916587489,0.285,0.287,1,Dendritic cell
SYNE1,0.5717762615058652,2.6493155031484523,0.072,0.066,1,Dendritic cell
PHYHD1,0.5719050938191728,0.14215553138001846,0.05,0.053,1,Dendritic cell
FAN1,0.5721629323168089,0.12141210322606766,0.203,0.201,1,Dendritic cell
WDR43,0.5721665880451337,-0.5096126258067497,0.597,0.591,1,Dendritic cell
PSPC1,0.5723063193526405,-2.4831822602418563,0.61,0.616,1,Dendritic cell
LIPE,0.5723726613499391,-0.2524490935467938,0.012,0.015,1,Dendritic cell
PABPC1L,0.5723931288331267,0.3271554246893028,0.25,0.261,1,Dendritic cell
ARPC1A,0.5727208571570852,-0.12431313748475203,0.432,0.424,1,Dendritic cell
BET1,0.5727278166197065,0.10052542200280501,0.266,0.26,1,Dendritic cell
PREP,0.5728078318890307,-0.17412624840557134,0.375,0.383,1,Dendritic cell
STXBP5,0.5729655593222577,-0.19108948167629958,0.426,0.415,1,Dendritic cell
DUSP18,0.5730557631539216,-0.11731319579069927,0.282,0.277,1,Dendritic cell
MACROH2A1,0.5730722738420769,-0.9858094795216346,0.889,0.884,1,Dendritic cell
SF3B1,0.5735525049339886,-0.38419421311850455,0.661,0.655,1,Dendritic cell
ENTREP3,0.5739269288878789,-0.14815922958605854,0.154,0.162,1,Dendritic cell
DTWD1,0.5739391256686937,0.10901833739004779,0.248,0.242,1,Dendritic cell
DNASE1L1,0.5743254222535844,0.9582153818692123,0.531,0.524,1,Dendritic cell
BCL11A,0.574351773114521,-13.760394204763415,0.87,0.871,1,Dendritic cell
SYNRG,0.5746664311156346,-0.8099587321813209,0.689,0.688,1,Dendritic cell
DPP4,0.5748758021629978,-0.5009525221448231,0.185,0.181,1,Dendritic cell
DDX49,0.5751545492146454,-0.34022855216739756,0.442,0.449,1,Dendritic cell
ETFB,0.5753258421265056,0.1674011824063586,0.52,0.512,1,Dendritic cell
VBP1,0.5755515589639847,-0.32744418481801585,0.651,0.644,1,Dendritic cell
MKS1,0.5755557383500772,-0.10796049682283693,0.101,0.101,1,Dendritic cell
PCBD2,0.5757997122631441,-0.17537553891520652,0.008,0.01,1,Dendritic cell
EEF2,0.5758062344231228,2.346134850841956,0.997,0.997,1,Dendritic cell
IFT20,0.5759343643670989,-0.16283305966080786,0.611,0.606,1,Dendritic cell
ATP5F1B,0.5766304752381946,-0.3850099344189246,0.922,0.919,1,Dendritic cell
NSRP1,0.577271519465675,0.11786014501778097,0.252,0.246,1,Dendritic cell
PAWR,0.5772840272011346,-0.5136925239606993,0.034,0.038,1,Dendritic cell
TTC30B,0.5774222855099528,-0.12460702451500083,0.028,0.028,1,Dendritic cell
IVNS1ABP,0.5779263672316778,0.4842706396725003,0.698,0.688,1,Dendritic cell
SRI,0.5781411955514673,0.11166322717514943,0.619,0.621,1,Dendritic cell
GPR141,0.5783935161140269,-0.1844694590843985,0.353,0.353,1,Dendritic cell
CAMK1D,0.5784892013323077,-1.1954700022348295,0.548,0.55,1,Dendritic cell
USP21,0.5787146245480765,-0.134361122345597,0.212,0.208,1,Dendritic cell
MPO,0.5787699277384629,-0.137978011944357,0.018,0.018,1,Dendritic cell
RSU1,0.5788785226079555,-0.4191675099606478,0.758,0.75,1,Dendritic cell
NEIL1,0.5790785990980138,0.13587416028035815,0.016,0.014,1,Dendritic cell
ASIP,0.5794961573549136,-0.14369593521124968,0.086,0.083,1,Dendritic cell
TRA2B,0.5795490286164614,0.4109944689317713,0.751,0.751,1,Dendritic cell
PTGER3,0.5795842026024773,0.76733808860843,0.016,0.016,1,Dendritic cell
CDC6,0.5796161276998469,3.975217700408848,0.014,0.014,1,Dendritic cell
GAMT,0.580023507146705,-0.2781915768438772,0.054,0.054,1,Dendritic cell
TLR8,0.5800367647722632,-0.5597157676410276,0.359,0.349,1,Dendritic cell
WIPF1,0.5801280015762907,-0.5584383659992653,0.93,0.935,1,Dendritic cell
SPIN3,0.5802149377134452,-0.4058595487895609,0.081,0.079,1,Dendritic cell
TUT4,0.5803790083162045,2.660169182069179,0.485,0.491,1,Dendritic cell
EFNA4,0.5803877355049565,-0.1093577108336552,0.05,0.05,1,Dendritic cell
LETM2,0.5804638113111867,0.10964959910215377,0.046,0.043,1,Dendritic cell
ALG9,0.5810435938508322,0.1287530508789152,0.209,0.212,1,Dendritic cell
ESPL1,0.5813154417163933,-0.17316274844479818,0.011,0.013,1,Dendritic cell
CTH,0.5813507998552269,0.1789608134813534,0.017,0.016,1,Dendritic cell
MLST8,0.5815004534214265,-0.1655679940578849,0.288,0.298,1,Dendritic cell
GADD45GIP1,0.5815537795583202,-0.29415005582568376,0.433,0.444,1,Dendritic cell
BRIP1,0.5819936493650901,0.5043266681484195,0.024,0.023,1,Dendritic cell
SUPT5H,0.5824022472291006,2.9193649513376227,0.758,0.752,1,Dendritic cell
MSL1,0.5824410670415658,0.3746894635353275,0.718,0.727,1,Dendritic cell
ZNF14,0.5825862882335918,0.1815149374264069,0.129,0.124,1,Dendritic cell
TMEM208,0.5827741482307162,0.5291649598134953,0.415,0.41,1,Dendritic cell
WDSUB1,0.5828527849965163,0.17718152044806323,0.327,0.328,1,Dendritic cell
DUSP19,0.5829989300440933,-0.2211723466345532,0.01,0.011,1,Dendritic cell
TSC22D1,0.5833033007652716,-1.5492474437553159,0.166,0.167,1,Dendritic cell
NRM,0.5834870508157343,0.576589502748501,0.27,0.276,1,Dendritic cell
DYNC2I1,0.5835477361505281,0.11267252958606194,0.222,0.215,1,Dendritic cell
CUEDC1,0.5835869463000951,-0.4872104350727291,0.322,0.322,1,Dendritic cell
NDUFAB1,0.5836628205468203,-0.844087577273855,0.706,0.699,1,Dendritic cell
ADORA2B,0.5836869600429901,0.2396623498730719,0.096,0.098,1,Dendritic cell
RBM34,0.5837067302232053,-0.10778308291031147,0.045,0.046,1,Dendritic cell
LRBA,0.5838529955271397,-0.4090098520772587,0.646,0.654,1,Dendritic cell
SEZ6L,0.5843609343125766,0.349694793341759,0.193,0.187,1,Dendritic cell
DPP9,0.5844299712875028,-0.1396788939129685,0.504,0.514,1,Dendritic cell
MAPKAPK3,0.5846862854810502,-1.4631519469423182,0.828,0.827,1,Dendritic cell
MTMR4,0.584905757518112,1.5978808897729784,0.371,0.372,1,Dendritic cell
RAB3IP,0.5851978672843167,0.43847966887621576,0.233,0.237,1,Dendritic cell
PRXL2A,0.5853860118523584,0.16811619347802775,0.178,0.185,1,Dendritic cell
CLNK,0.585526251788633,-5.765714389555512,0.07,0.074,1,Dendritic cell
PTPRJ,0.5858508757421748,0.29057117507122765,0.715,0.708,1,Dendritic cell
SLC39A10,0.5858931277691738,0.1911230985689607,0.455,0.46,1,Dendritic cell
KLF5,0.5860246651568718,-0.9548887012986547,0.019,0.017,1,Dendritic cell
ARID3B,0.5860354518689949,0.12289341775439516,0.21,0.201,1,Dendritic cell
IQSEC2,0.5862534093493961,0.18794601261156463,0.409,0.404,1,Dendritic cell
RFX2,0.5862788266500698,0.3040809384999865,0.056,0.055,1,Dendritic cell
SCARF1,0.586318388631955,-1.4399844270471067,0.161,0.163,1,Dendritic cell
TESPA1,0.5864992882255851,-1.0557558341142603,0.171,0.165,1,Dendritic cell
ABHD2,0.5867188063131576,-0.12477905257205713,0.562,0.556,1,Dendritic cell
POLE3,0.5867373578185613,-0.16058405188534852,0.642,0.641,1,Dendritic cell
CD163,0.5868170889826849,-2.0296187600885265,0.515,0.509,1,Dendritic cell
EXD3,0.5869905504884636,0.12587190138459126,0.11,0.104,1,Dendritic cell
FBXO10,0.5873302076120197,0.16965532558450747,0.033,0.031,1,Dendritic cell
FCAR,0.5875851312149065,-0.9243274987307699,0.043,0.042,1,Dendritic cell
NXF1,0.5876856650409886,0.10795680140863384,0.556,0.559,1,Dendritic cell
ITGAM,0.5878336556879606,0.9128708966038594,0.375,0.376,1,Dendritic cell
USP51,0.5878773311037581,0.21897910914841212,0.016,0.014,1,Dendritic cell
TRGC2,0.5878955094243494,-3.997612788742426,0.025,0.026,1,Dendritic cell
PNOC,0.5881551949244724,2.7999825458745464,0.083,0.088,1,Dendritic cell
JOSD1,0.5881796802765539,1.2542189066095255,0.425,0.431,1,Dendritic cell
DYNLT1,0.5882151546723512,-0.40711692584182746,0.523,0.513,1,Dendritic cell
EIF2AK4,0.5883375923477719,0.17779622316657484,0.704,0.697,1,Dendritic cell
UBE2Z,0.5889480162650578,0.2790315884032397,0.552,0.546,1,Dendritic cell
DISP1,0.5892814461715734,-0.17166264484533933,0.026,0.027,1,Dendritic cell
EFHC1,0.5893063429730279,0.16952156991515166,0.186,0.179,1,Dendritic cell
TRIM62,0.5894895069288695,0.16121915318060465,0.041,0.039,1,Dendritic cell
S100PBP,0.5896436461557139,-0.5475466809444174,0.549,0.543,1,Dendritic cell
LRGUK,0.5897543938846421,-0.17770736408582888,0.037,0.039,1,Dendritic cell
TMEM144,0.5898445782796545,0.3446922599580583,0.228,0.219,1,Dendritic cell
RSAD1,0.5899405140657089,0.15007841580032882,0.319,0.312,1,Dendritic cell
PPP1R14B,0.5899566319285066,-0.9955290346471619,0.412,0.422,1,Dendritic cell
CLEC4D,0.590330015072902,-1.5314593528749667,0.074,0.071,1,Dendritic cell
AMDHD2,0.5904536642757485,-0.153612631090202,0.247,0.25,1,Dendritic cell
KANSL1,0.5908240691095141,0.524150599793999,0.741,0.739,1,Dendritic cell
IDH3B,0.5908678320484406,0.17835259314053697,0.702,0.698,1,Dendritic cell
WDR77,0.5909166055659538,-2.934258674612847,0.602,0.591,1,Dendritic cell
HADHA,0.5909194145594635,1.9031391123357881,0.955,0.954,1,Dendritic cell
CD40,0.5909681389666425,-2.0514384009229096,0.175,0.174,1,Dendritic cell
KMT2C,0.5912496348189269,-1.0482264042389868,0.902,0.898,1,Dendritic cell
ZCWPW1,0.5914583366652881,0.13881164700155058,0.048,0.047,1,Dendritic cell
LAMB3,0.5914845670277287,0.11998612933787456,0.016,0.014,1,Dendritic cell
PLXNA2,0.5917766550834507,-0.29058460706299627,0.021,0.022,1,Dendritic cell
SH3D19,0.5918744593201198,0.26842179953750955,0.041,0.039,1,Dendritic cell
CCSER1,0.5920093282847844,-0.891143231836315,0.456,0.45,1,Dendritic cell
RNGTT,0.5920683086250069,0.15507473411505046,0.485,0.49,1,Dendritic cell
TOE1,0.592854727576129,0.16017883383262027,0.203,0.198,1,Dendritic cell
CD226,0.5929420303130727,-12.10102918431693,0.184,0.177,1,Dendritic cell
ETV2,0.5931268271896536,-0.17150585567159826,0.01,0.011,1,Dendritic cell
SPNS1,0.5931640212267896,2.3891583388677535,0.589,0.583,1,Dendritic cell
NCKAP1L,0.5932817285102149,-0.2431613070339349,0.953,0.954,1,Dendritic cell
LDB1,0.5933200722358835,-0.15919174185812235,0.681,0.678,1,Dendritic cell
RASGEF1A,0.5933738980795217,0.5697937792133466,0.094,0.094,1,Dendritic cell
MYMX,0.5934383882567037,0.4315392097996984,0.024,0.024,1,Dendritic cell
RSRP1,0.5934810772969014,-3.2294825995423366,0.966,0.964,1,Dendritic cell
CHD8,0.5935138838368957,-0.10232241036310041,0.572,0.575,1,Dendritic cell
IL12RB1,0.5938741288287054,0.11840130454364606,0.21,0.21,1,Dendritic cell
PYGL,0.5939251254842762,-0.4806021446785813,0.331,0.341,1,Dendritic cell
P2RY8,0.5939607905868237,0.42187120225259345,0.299,0.297,1,Dendritic cell
RAB1B,0.593973903772651,-0.803947426629521,0.734,0.73,1,Dendritic cell
TMEM38B,0.5940028571213095,0.11511706645030334,0.279,0.271,1,Dendritic cell
ZNF691,0.5941034850454905,-0.12071229957283913,0.058,0.059,1,Dendritic cell
SAMD4A,0.5943322553173012,0.21268048869695244,0.072,0.069,1,Dendritic cell
KEAP1,0.5944468024844567,0.3818220750803655,0.379,0.386,1,Dendritic cell
SELPLG,0.5944909735160115,1.1715715456800737,0.932,0.935,1,Dendritic cell
TXNRD3,0.5945469384928126,-0.2124272982551254,0.021,0.022,1,Dendritic cell
KIF1B,0.5945581417637638,-0.1460588924504327,0.406,0.413,1,Dendritic cell
PANX2,0.5945663495080138,-0.22570180477146717,0.021,0.024,1,Dendritic cell
HAPLN3,0.5945692252066053,5.121723602932836,0.048,0.05,1,Dendritic cell
WASF1,0.5946837263874551,1.3284942377511437,0.069,0.065,1,Dendritic cell
SPOUT1,0.5947586903327038,-0.16648231417354697,0.287,0.286,1,Dendritic cell
JUNB,0.5948585520057712,4.6756596485111,0.899,0.901,1,Dendritic cell
MYZAP,0.5949034162615445,-0.15901027860993366,0.01,0.012,1,Dendritic cell
SERINC1,0.5949999109178955,0.21861233438114613,0.802,0.8,1,Dendritic cell
MGAT4A,0.5951994824464503,2.2776370246990165,0.443,0.445,1,Dendritic cell
ATP5PD,0.5953194726789912,-0.5020282481251988,0.767,0.762,1,Dendritic cell
DCTN3,0.5953509965315311,0.11741765990423203,0.476,0.475,1,Dendritic cell
FAM161A,0.5954412896333572,-0.1698876843838537,0.019,0.022,1,Dendritic cell
LIN7C,0.595744881243955,-0.19735182660060735,0.615,0.612,1,Dendritic cell
DPH3,0.5959478296183309,-0.20632984688420763,0.449,0.444,1,Dendritic cell
ZHX1,0.5959861922785203,-0.1578378601216962,0.392,0.394,1,Dendritic cell
PSMD10,0.5959918401982774,-0.12103775019442042,0.435,0.428,1,Dendritic cell
EHBP1,0.5961415506073313,-0.16635821072274753,0.227,0.23,1,Dendritic cell
TACSTD2,0.5961903346824455,8.561141727297283,0.052,0.052,1,Dendritic cell
CA11,0.5962396980015228,-0.21978645114035888,0.035,0.035,1,Dendritic cell
GLRX,0.596628848787199,1.9413557855294172,0.764,0.769,1,Dendritic cell
EHMT1,0.5966818074473608,-0.18762796132770676,0.704,0.702,1,Dendritic cell
KLF8,0.5966902900577631,0.2667803253001466,0.127,0.122,1,Dendritic cell
COPS7B,0.5967493508824595,0.17970765945370393,0.41,0.403,1,Dendritic cell
SAMSN1,0.5968267359760988,11.534053391545937,0.31,0.3,1,Dendritic cell
FAM219B,0.5971734100774432,0.12543144737717266,0.25,0.243,1,Dendritic cell
STXBP1,0.5972210034535043,-0.21631620013202646,0.019,0.021,1,Dendritic cell
ARF1,0.5972378267517725,-0.5456088751450965,0.832,0.839,1,Dendritic cell
HBP1,0.597436102108825,0.15138738759051895,0.6,0.606,1,Dendritic cell
DOCK2,0.597547432372578,0.522146786873515,0.96,0.961,1,Dendritic cell
DKC1,0.5977147905701327,0.8492619655340534,0.547,0.548,1,Dendritic cell
CLDN7,0.5978128699504941,0.12040073947263519,0.033,0.029,1,Dendritic cell
MIDEAS,0.5981427859630404,0.5166710404694586,0.802,0.799,1,Dendritic cell
CLTB,0.5981495264429518,-0.39561095781881717,0.551,0.543,1,Dendritic cell
CXXC5,0.5982075162575397,-0.24063810227889038,0.374,0.374,1,Dendritic cell
CALHM2,0.5982513175156158,-0.8198049137668129,0.676,0.675,1,Dendritic cell
ZSCAN20,0.5985283146373395,0.2235550864492355,0.018,0.016,1,Dendritic cell
MIER1,0.598960761144143,-0.25121162368839967,0.665,0.673,1,Dendritic cell
TULP2,0.5990200204855624,-0.405789123655957,0.009,0.011,1,Dendritic cell
ZNF766,0.5992644032136542,0.16365455925920713,0.192,0.186,1,Dendritic cell
CENPI,0.5993424982216126,-0.15028922042084059,0.025,0.025,1,Dendritic cell
ZNF16,0.5994000178483865,0.1360512254391928,0.061,0.058,1,Dendritic cell
IQGAP1,0.5996736277023421,-0.35851498678502125,0.829,0.837,1,Dendritic cell
NID1,0.6000190220532313,41.73955308586661,0.188,0.196,1,Dendritic cell
INTS12,0.600234595497328,-0.1117958111643127,0.209,0.202,1,Dendritic cell
PPCS,0.6007639243583689,-0.1623145966396644,0.523,0.513,1,Dendritic cell
KLF4,0.6014357427433992,16.12241625017839,0.69,0.686,1,Dendritic cell
STS,0.6016758796148999,-0.10799843527978581,0.167,0.163,1,Dendritic cell
LCN12,0.6016877619166108,-0.22919606476704857,0.021,0.021,1,Dendritic cell
CRADD,0.6017580950155783,0.12233644347655104,0.097,0.093,1,Dendritic cell
HDAC1,0.6018966758143303,-0.4616808578751641,0.698,0.69,1,Dendritic cell
C7orf25,0.6019011461340417,0.15969584984408858,0.16,0.155,1,Dendritic cell
LRP8,0.6020078407172458,0.6016262079286958,0.283,0.281,1,Dendritic cell
ATP13A2,0.6021389680261946,-0.3975690054422678,0.256,0.258,1,Dendritic cell
TFRC,0.6030749340094421,0.8597071590055165,0.504,0.497,1,Dendritic cell
TP53I3,0.6031087054360654,0.30632723398367023,0.207,0.205,1,Dendritic cell
PPP4C,0.603140647607997,-2.0503193657158016,0.892,0.886,1,Dendritic cell
FBXO27,0.6031714237686904,-2.544964872640084,0.016,0.018,1,Dendritic cell
UBB,0.6032045005999233,-0.16273412974865042,0.759,0.761,1,Dendritic cell
PPP2R2B,0.6037891990929403,0.38626214848707807,0.01,0.008,1,Dendritic cell
AKIP1,0.6038899141986948,0.1501885493227694,0.256,0.248,1,Dendritic cell
FCER2,0.6039446635930528,-0.9800882816472298,0.028,0.031,1,Dendritic cell
YPEL4,0.6041984933324468,-0.4270549220673363,0.011,0.013,1,Dendritic cell
SSR2,0.6043257751252753,1.7212872337098837,0.94,0.942,1,Dendritic cell
GBP3,0.6045262167467618,1.6323984771027193,0.326,0.316,1,Dendritic cell
OBSCN,0.6048126822295197,-2.3062667069064684,0.162,0.163,1,Dendritic cell
AP2M1,0.604930300222551,-0.37159384053343913,0.76,0.761,1,Dendritic cell
CCDC171,0.6050238586843081,0.18936631748837618,0.033,0.031,1,Dendritic cell
NME8,0.6051575190451753,0.39039038724032715,0.145,0.14,1,Dendritic cell
TOMM5,0.6053645199681187,0.19598077670517577,0.57,0.58,1,Dendritic cell
GAPT,0.605452010437205,-2.4789051548754344,0.727,0.722,1,Dendritic cell
PSMG2,0.6055237707769425,0.22612543917634742,0.631,0.64,1,Dendritic cell
NEDD1,0.6056895775620409,0.11276816279072374,0.233,0.225,1,Dendritic cell
SEPTIN4,0.6058370665142483,-0.30575504017415334,0.015,0.016,1,Dendritic cell
PPIF,0.6060718181397569,1.1190013305523139,0.529,0.524,1,Dendritic cell
ISY1,0.606373899341229,-0.28604334846064194,0.595,0.594,1,Dendritic cell
FRMD3,0.6064591997913253,-0.7385544556298913,0.016,0.014,1,Dendritic cell
REC8,0.6071415955302983,0.6671106921138783,0.378,0.375,1,Dendritic cell
CHFR,0.6072622466795037,0.2154977215767619,0.341,0.347,1,Dendritic cell
IQSEC3,0.6073561725173863,0.4469136141687482,0.017,0.015,1,Dendritic cell
AKIRIN1,0.6073904735797209,-0.15866299032716213,0.846,0.851,1,Dendritic cell
MBNL1,0.6078219119834817,-3.356437146777786,0.953,0.949,1,Dendritic cell
MAPK8IP3,0.608034573710623,0.10200528648800633,0.564,0.566,1,Dendritic cell
DUSP10,0.6089603658904141,1.110417453954574,0.21,0.215,1,Dendritic cell
PIM1,0.6089865844673544,1.2642372629185603,0.194,0.191,1,Dendritic cell
MCTP1,0.608987263072114,0.6398421886629411,0.649,0.652,1,Dendritic cell
NEGR1,0.6090273487915924,0.11741991590147667,0.207,0.208,1,Dendritic cell
CREBL2,0.6092594183240143,-0.6907668092351065,0.539,0.537,1,Dendritic cell
FAM229B,0.6094353812642398,0.2318116849337688,0.012,0.01,1,Dendritic cell
GNG5,0.6097472301019612,-0.12301195271314047,0.322,0.316,1,Dendritic cell
SMC1A,0.6097567375438333,6.623544093603786,0.79,0.785,1,Dendritic cell
SNX30,0.6101453587505717,0.1137741432846715,0.648,0.653,1,Dendritic cell
HMGCS1,0.6104809612778924,2.741564036413468,0.408,0.419,1,Dendritic cell
RBM15B,0.6106072957870479,-0.35985788001169405,0.633,0.625,1,Dendritic cell
C19orf44,0.6108323437005198,0.26673050376708973,0.032,0.031,1,Dendritic cell
SERINC3,0.6109735518681894,-1.228711625072151,0.847,0.843,1,Dendritic cell
NRBP2,0.6110187104764114,-0.10942309128249272,0.057,0.06,1,Dendritic cell
KDM5A,0.6110466557353469,0.2596955956437821,0.6,0.594,1,Dendritic cell
MECR,0.6112527345552268,0.11237131809619982,0.134,0.131,1,Dendritic cell
FIGNL2,0.611538763765808,0.2689890843366509,0.019,0.016,1,Dendritic cell
RECQL4,0.6118936960155267,0.32139607539764903,0.017,0.015,1,Dendritic cell
GNPDA1,0.6119043324982698,0.20556793757799396,0.296,0.301,1,Dendritic cell
NEK8,0.612066954151926,0.1839450227348114,0.051,0.048,1,Dendritic cell
CKAP2,0.6120916400027945,-0.5242146900123791,0.358,0.366,1,Dendritic cell
MED20,0.6121097439215734,0.14403212700390225,0.285,0.291,1,Dendritic cell
SYNE3,0.6123463491249554,-1.056845777157176,0.626,0.628,1,Dendritic cell
PRPF39,0.6123531663463327,0.14343264131803846,0.485,0.481,1,Dendritic cell
ALG12,0.6124180686600423,0.11102489837210294,0.269,0.266,1,Dendritic cell
OAS2,0.6127309899628144,20.434290587315424,0.661,0.654,1,Dendritic cell
WDR45B,0.6128196049731269,0.1003731463192381,0.462,0.465,1,Dendritic cell
BLVRA,0.6128344566259252,0.7893997901313488,0.344,0.352,1,Dendritic cell
NMI,0.6130307039646596,0.13200359979384846,0.65,0.648,1,Dendritic cell
FBXO7,0.6133045685997249,0.26618680008649953,0.813,0.808,1,Dendritic cell
CRTAP,0.6135026699436372,4.036498619207844,0.905,0.91,1,Dendritic cell
KANTR,0.6135734004366542,-0.11238310030758836,0.065,0.068,1,Dendritic cell
MELTF,0.6135865384546675,-0.21921415887374707,0.015,0.013,1,Dendritic cell
CYP2U1,0.6138918861677468,0.3594320456705003,0.214,0.209,1,Dendritic cell
DOCK5,0.6148627359232335,0.3653923785654305,0.713,0.705,1,Dendritic cell
ZFTRAF1,0.6154877713021855,-0.2099170500450739,0.31,0.318,1,Dendritic cell
NEB,0.6157719903536248,0.2329022267866767,0.018,0.017,1,Dendritic cell
ATP9B,0.6164818506605126,0.18788196080402164,0.68,0.67,1,Dendritic cell
EFL1,0.6165363826365124,-0.2768871675451035,0.276,0.272,1,Dendritic cell
SNN,0.6166261394490922,-0.45215786724234786,0.438,0.44,1,Dendritic cell
RALGPS1,0.616813565745122,-0.16576281608170496,0.178,0.18,1,Dendritic cell
PTK2B,0.6170092574727082,10.757631152023304,0.783,0.78,1,Dendritic cell
RPP30,0.6170486350753378,0.11125232784383221,0.482,0.475,1,Dendritic cell
FCGBP,0.6172478701762459,1.8069964943193355,0.18,0.169,1,Dendritic cell
RIMS3,0.6172776321613196,-0.5553614865515514,0.132,0.129,1,Dendritic cell
CTNND1,0.6172948277292726,-6.399232933844637,0.718,0.712,1,Dendritic cell
ABCA1,0.6173996134007181,-0.4602639813464572,0.078,0.077,1,Dendritic cell
MT-ND2,0.6175272644891624,-2.228828300816377,0.287,0.296,1,Dendritic cell
ZP3,0.6180063571731136,-0.1442373307810314,0.041,0.043,1,Dendritic cell
LBR,0.6180588096626883,-0.3400227514889229,0.777,0.781,1,Dendritic cell
RICTOR,0.6182016441242526,0.10468943525923657,0.387,0.38,1,Dendritic cell
NMNAT3,0.618508658378766,0.2439953579701557,0.047,0.044,1,Dendritic cell
TET2,0.6187168690582254,0.1310774339548182,0.7,0.694,1,Dendritic cell
ACTA2,0.618739076516111,-0.18145760528023125,0.059,0.058,1,Dendritic cell
ADGRL1,0.618833476990559,-0.6445060034254684,0.091,0.097,1,Dendritic cell
CD5,0.6190552946844378,5.735436910902038,0.168,0.16,1,Dendritic cell
MLH1,0.6192767970834641,0.25556089951516303,0.382,0.377,1,Dendritic cell
DRICH1,0.6193690323454014,0.229227574517326,0.016,0.014,1,Dendritic cell
PCK2,0.6196840370249467,0.18314018049480488,0.238,0.23,1,Dendritic cell
RNF19B,0.61982718872293,4.825629678780988,0.526,0.517,1,Dendritic cell
VILL,0.6200350330134903,-0.10060007035258822,0.148,0.152,1,Dendritic cell
RXRB,0.6203648573370154,-0.2798647878413978,0.427,0.43,1,Dendritic cell
NLRP2,0.6205557222622285,0.20862563095317488,0.114,0.112,1,Dendritic cell
OBI1,0.6205622916175008,0.10099997534921235,0.159,0.154,1,Dendritic cell
TRIM59,0.6209056888208504,-0.1117321641137613,0.175,0.181,1,Dendritic cell
PPP1R12A,0.6211078298505234,-0.49318079006138227,0.801,0.801,1,Dendritic cell
MIGA2,0.6211557835872347,0.1540955389799677,0.29,0.291,1,Dendritic cell
RAB5B,0.6212439691253879,0.4166773311909737,0.647,0.646,1,Dendritic cell
SERPINI1,0.621974675655273,-0.11618437054901154,0.017,0.017,1,Dendritic cell
ALDH3A2,0.6220119102628675,-5.963156573982726,0.451,0.439,1,Dendritic cell
PLPP1,0.6223365441051654,10.372704838264768,0.175,0.174,1,Dendritic cell
ARMC6,0.6225836123481026,-0.16368798670696116,0.41,0.402,1,Dendritic cell
AKT1,0.6226552649247091,-0.6712011870717394,0.766,0.762,1,Dendritic cell
KIT,0.6239758293944543,3.159742962305853,0.084,0.077,1,Dendritic cell
TMEM88,0.6242773703286401,-0.16718245631127715,0.015,0.014,1,Dendritic cell
POLE,0.6244868533822556,0.17044893565550534,0.174,0.174,1,Dendritic cell
ZNF234,0.6246035616126726,0.10671992366290084,0.127,0.122,1,Dendritic cell
GAR1,0.6247329582788032,0.1116717919714959,0.374,0.368,1,Dendritic cell
CCDC51,0.6247991511700977,0.10048572911206488,0.076,0.073,1,Dendritic cell
BTBD1,0.6248891747193113,-0.4228289164544927,0.694,0.687,1,Dendritic cell
AIF1,0.6250269049058029,5.6783406684527336,0.898,0.894,1,Dendritic cell
PSRC1,0.6251583196808056,-0.1325060904428712,0.045,0.048,1,Dendritic cell
NCL,0.625172296908304,0.6589637335888847,0.848,0.852,1,Dendritic cell
MYCL,0.6257945866671164,2.055403807842792,0.644,0.636,1,Dendritic cell
EGLN3,0.6261439276020052,0.21292443812906475,0.122,0.128,1,Dendritic cell
CSTA,0.6262076266727303,-0.46731411175263204,0.688,0.683,1,Dendritic cell
ZNF195,0.6262539096095492,0.2045805550560027,0.249,0.242,1,Dendritic cell
GAPVD1,0.6264571692585412,-0.1834170665032968,0.533,0.528,1,Dendritic cell
ASPM,0.6270198267755827,-0.6526515233841557,0.032,0.029,1,Dendritic cell
NOXA1,0.6270975074464109,0.13292807531838147,0.06,0.054,1,Dendritic cell
MYO1A,0.6271825660460554,0.10862688432128564,0.037,0.037,1,Dendritic cell
B3GALT4,0.6276088261872049,0.1583848883345691,0.157,0.155,1,Dendritic cell
SBNO2,0.6278535224831656,-0.29440496473334044,0.532,0.54,1,Dendritic cell
APBA1,0.6280095454865324,-0.19628738374941657,0.047,0.05,1,Dendritic cell
SH2D3C,0.6280115485831685,-3.871494716274504,0.669,0.662,1,Dendritic cell
ZFAND5,0.6281504964169677,-0.10671628498324393,0.351,0.351,1,Dendritic cell
STK32C,0.628166580070567,0.552651672753585,0.253,0.248,1,Dendritic cell
CD81,0.6282817131308938,1.779272910839266,0.272,0.265,1,Dendritic cell
UXS1,0.6285649421729409,0.1365558731471691,0.362,0.361,1,Dendritic cell
SULF2,0.6286727560436141,-0.5780337135249454,0.905,0.914,1,Dendritic cell
FADS3,0.628786225325344,0.13757574065200906,0.014,0.013,1,Dendritic cell
AMACR,0.6289641066148021,0.2829208992717076,0.082,0.08,1,Dendritic cell
CNNM2,0.6289832724969495,-0.16066689343637863,0.12,0.125,1,Dendritic cell
CCNJ,0.6294587967558684,0.11706199308455734,0.205,0.199,1,Dendritic cell
C22orf39,0.6295277665796191,-0.12045946840722455,0.193,0.198,1,Dendritic cell
POGK,0.6295751167730557,0.1440349334534745,0.636,0.643,1,Dendritic cell
SEMA5A,0.6300531090209944,-2.4457355501487563,0.053,0.057,1,Dendritic cell
RNF20,0.63008856298298,0.26361909075972,0.448,0.44,1,Dendritic cell
SLC29A1,0.6302208179461988,0.568841785338634,0.116,0.111,1,Dendritic cell
SELENON,0.6304851301464772,0.1329061671364813,0.553,0.554,1,Dendritic cell
TPM1,0.6308037219878841,-0.1561201277692708,0.248,0.246,1,Dendritic cell
CHCHD6,0.6309038142969423,-0.10386693756182552,0.068,0.07,1,Dendritic cell
TBC1D31,0.6311618769544016,-0.21819034189604491,0.111,0.115,1,Dendritic cell
TUBA1C,0.6318124106102825,-3.526181725550232,0.407,0.406,1,Dendritic cell
THAP7,0.6318181933171167,-0.11964034944981983,0.182,0.184,1,Dendritic cell
CBL,0.6321851592781429,2.9189677275287984,0.703,0.696,1,Dendritic cell
GOLIM4,0.6322518252207048,-0.23384554594055595,0.499,0.502,1,Dendritic cell
PTK7,0.6322675426724063,-0.267771493038818,0.137,0.145,1,Dendritic cell
CCS,0.6326793685003667,-0.12690845970766174,0.48,0.488,1,Dendritic cell
UPK3A,0.6327674298766829,0.19408998685165782,0.196,0.195,1,Dendritic cell
TMEM71,0.6329474578550438,0.11291075978672849,0.401,0.407,1,Dendritic cell
UNC13D,0.6331675398487379,-0.12724245999197237,0.52,0.52,1,Dendritic cell
MREG,0.6331791016117437,6.54743540710781,0.074,0.076,1,Dendritic cell
MAP1A,0.6332338325947614,-3.0896493442049744,0.193,0.195,1,Dendritic cell
TULP4,0.6340831088612975,0.21361280290929663,0.272,0.278,1,Dendritic cell
PRR5L,0.63439164878113,0.7619858108157848,0.156,0.158,1,Dendritic cell
DCXR,0.634411252656165,-0.7733452501410225,0.554,0.56,1,Dendritic cell
EVA1B,0.6349632182586431,-0.11467064529335114,0.17,0.171,1,Dendritic cell
PLS1,0.6350203169403912,0.14457929444315543,0.01,0.01,1,Dendritic cell
SYNGR1,0.6355690727875007,-0.42891803810872964,0.217,0.224,1,Dendritic cell
WDR46,0.6355904682064618,-0.14521250059650503,0.524,0.528,1,Dendritic cell
PHF13,0.6364628074933357,-0.17197181218460766,0.079,0.083,1,Dendritic cell
ARPC1B,0.6368768690601008,-2.7395493329141445,0.989,0.991,1,Dendritic cell
KDM8,0.6370116637945178,0.19663089127043065,0.022,0.02,1,Dendritic cell
DDX60L,0.6370531255705386,-2.5420840984666815,0.352,0.34,1,Dendritic cell
SBDS,0.6371829595259269,-0.11722702242399231,0.29,0.298,1,Dendritic cell
TPD52,0.6372564671773935,0.11269903007981186,0.138,0.142,1,Dendritic cell
DNAH14,0.6373175000397484,-0.12298859209157786,0.01,0.012,1,Dendritic cell
WHRN,0.6380015471781797,-0.1641209203989611,0.016,0.017,1,Dendritic cell
ERP44,0.6385592993715601,-0.15504353285591943,0.806,0.8,1,Dendritic cell
CLDN15,0.638644735471899,-0.5639255493237838,0.137,0.14,1,Dendritic cell
AHCYL1,0.6391581851001398,0.16484229259151517,0.556,0.559,1,Dendritic cell
PARP12,0.6391839570835586,1.6504500635289885,0.427,0.416,1,Dendritic cell
CLEC12A,0.6394555294683675,1.8035047006197864,0.528,0.528,1,Dendritic cell
DONSON,0.6395006082259964,0.18871394667337382,0.107,0.103,1,Dendritic cell
KLHL13,0.6397631004816329,0.1485070931118111,0.058,0.061,1,Dendritic cell
MED28,0.6398759977043121,0.17813706436215515,0.829,0.833,1,Dendritic cell
HAS3,0.6400878018294118,-0.15146539097046663,0.01,0.01,1,Dendritic cell
ETV6,0.640111505206041,-1.0660455937600695,0.859,0.864,1,Dendritic cell
SCAF8,0.6402545611573709,-0.13102779874183268,0.595,0.587,1,Dendritic cell
PLAU,0.6406169872731745,-0.41404355300118434,0.042,0.044,1,Dendritic cell
CMPK1,0.640671614508493,1.348509905082011,0.881,0.88,1,Dendritic cell
F8,0.640716460802995,-0.23771489665150325,0.031,0.031,1,Dendritic cell
CREB3,0.6408998781138969,0.11881969468106235,0.328,0.321,1,Dendritic cell
EMC2,0.6412598618796523,-0.31397217365202224,0.422,0.414,1,Dendritic cell
PPP2R5A,0.6413385747687708,0.1775394563909689,0.583,0.576,1,Dendritic cell
IKZF4,0.6417498985695307,-0.19906342210949024,0.044,0.043,1,Dendritic cell
MARCO,0.6417969933802892,0.757410379384597,0.103,0.095,1,Dendritic cell
FNBP1L,0.6418979143816562,0.9438471023958385,0.155,0.15,1,Dendritic cell
WEE1,0.6421783417190386,-1.560172801201059,0.055,0.056,1,Dendritic cell
GCH1,0.6424524840875782,-0.11507001554116525,0.114,0.116,1,Dendritic cell
GIMAP8,0.6424761021373899,0.12185479671527233,0.353,0.347,1,Dendritic cell
PIK3AP1,0.6427957374410667,-1.828714498133401,0.838,0.843,1,Dendritic cell
GRAMD1A,0.6429622730724485,-0.12457156564181027,0.44,0.45,1,Dendritic cell
NUMA1,0.6431516401010731,0.386179551792333,0.838,0.843,1,Dendritic cell
AREG,0.6433225915623111,11.92396093780739,0.064,0.069,1,Dendritic cell
SPATA2L,0.6436884051345741,-0.1363569188955278,0.058,0.061,1,Dendritic cell
TIAL1,0.6439784809795723,-1.1476044808095933,0.803,0.802,1,Dendritic cell
SLC23A2,0.6440605419458396,-0.6689650620162917,0.485,0.483,1,Dendritic cell
FAM124B,0.6444489909456483,0.13515584777884593,0.08,0.078,1,Dendritic cell
LXN,0.6446176391798053,-0.11389953093102823,0.117,0.12,1,Dendritic cell
RADX,0.644993231010553,0.17951652420232023,0.017,0.016,1,Dendritic cell
MIA,0.6450203800684262,-0.27726755267516445,0.012,0.012,1,Dendritic cell
FXYD1,0.645158432677796,-0.1383385698619417,0.011,0.013,1,Dendritic cell
QDPR,0.6451952402187935,-0.16487106069232654,0.297,0.306,1,Dendritic cell
TNFSF15,0.6452359433051085,-0.3706794594291354,0.064,0.06,1,Dendritic cell
CAPRIN1,0.6455817265644824,-0.34808438620528803,0.556,0.559,1,Dendritic cell
RBM22,0.6457420427417924,-0.20090805461119965,0.55,0.544,1,Dendritic cell
SEC13,0.645829263516706,-0.2784187848470605,0.823,0.817,1,Dendritic cell
CNTNAP1,0.6458328194043481,0.2661175204005213,0.021,0.02,1,Dendritic cell
HTR7,0.6460030947722397,0.4027180982365829,0.265,0.258,1,Dendritic cell
ETV3,0.6461542377755992,4.161031387767461,0.254,0.258,1,Dendritic cell
PSMD3,0.6463562534206346,-0.1685258870381423,0.768,0.767,1,Dendritic cell
TAS2R14,0.6467656139348529,-0.23316474582869973,0.18,0.187,1,Dendritic cell
ZNF117,0.6468442180457218,-0.9255311234541153,0.29,0.297,1,Dendritic cell
SELENOO,0.6468713280618847,-0.44218090494019435,0.421,0.428,1,Dendritic cell
TATDN2,0.6471388349432049,0.17716126469853855,0.591,0.587,1,Dendritic cell
PSMB10,0.6472887304869493,-1.1873837771530251,0.879,0.873,1,Dendritic cell
NPTN,0.6473384531400438,2.629192412797215,0.733,0.739,1,Dendritic cell
ARHGAP4,0.6473428651153286,2.760828181295782,0.888,0.885,1,Dendritic cell
NOG,0.647433790223483,0.8414412388612968,0.018,0.018,1,Dendritic cell
DNMT1,0.6476256377620323,0.9853063913810542,0.595,0.601,1,Dendritic cell
SLC8B1,0.6478567541482319,-0.10257234603514187,0.21,0.218,1,Dendritic cell
HCCS,0.6487176182175581,0.11328231157261304,0.392,0.385,1,Dendritic cell
HNRNPLL,0.6490569836547929,-1.7820827580075411,0.4,0.404,1,Dendritic cell
BAZ1B,0.6492608108760768,0.29186696230972453,0.633,0.626,1,Dendritic cell
MAD2L2,0.6492800484290889,-1.4840844473792467,0.506,0.51,1,Dendritic cell
CUL1,0.6495936345810067,-0.8678383680121855,0.563,0.558,1,Dendritic cell
MARK2,0.6501586990363384,-0.22528564465291723,0.748,0.742,1,Dendritic cell
HNRNPA2B1,0.6502278732142891,8.489610464542366,0.989,0.99,1,Dendritic cell
SNX15,0.650408315684388,-0.12493062792035592,0.379,0.379,1,Dendritic cell
STUB1,0.6505819877954369,0.10607243972973102,0.632,0.625,1,Dendritic cell
NR1D2,0.6507513943134554,0.2776986773870397,0.295,0.301,1,Dendritic cell
GPD1L,0.6508039761723003,0.11676049961891383,0.325,0.321,1,Dendritic cell
MLEC,0.651270010545858,0.24856219387463252,0.748,0.751,1,Dendritic cell
U2AF1L4,0.6513103829702906,0.20339721472055006,0.417,0.41,1,Dendritic cell
TATDN3,0.6516835161171597,0.4054165439959496,0.444,0.437,1,Dendritic cell
GAK,0.6517403595892459,2.2545050844581267,0.758,0.756,1,Dendritic cell
ARHGAP31,0.6519385682452691,-0.6660179849287671,0.547,0.54,1,Dendritic cell
TIMP1,0.6520006498805533,2.7905438818956085,0.728,0.723,1,Dendritic cell
POLR2B,0.6521916343860416,0.2314896030917435,0.798,0.792,1,Dendritic cell
N4BP2,0.6523505029160618,-0.8157677146341218,0.589,0.589,1,Dendritic cell
GPR153,0.6524618530571694,-0.5553614604796637,0.01,0.011,1,Dendritic cell
ENSG00000285976,0.6525936098627587,0.11259715149600114,0.072,0.069,1,Dendritic cell
ARRDC1,0.6526963771880071,-0.8636497644538901,0.742,0.734,1,Dendritic cell
CDK17,0.6527633916096743,0.13806403714246512,0.29,0.294,1,Dendritic cell
VTI1B,0.652766400196791,0.5228047448826745,0.633,0.638,1,Dendritic cell
VAMP5,0.6529532084595355,0.6692346632161881,0.348,0.338,1,Dendritic cell
LRRC75B,0.6530410047595714,-0.25912813410676616,0.017,0.02,1,Dendritic cell
SAT2,0.6533313878962469,-0.12180376865825648,0.535,0.542,1,Dendritic cell
KPNA3,0.6538625227956318,-0.41647467878999755,0.524,0.527,1,Dendritic cell
SNRPE,0.6540865107918036,-0.12491793392278572,0.693,0.685,1,Dendritic cell
MAP3K9,0.6543249470842422,0.1282268275887981,0.014,0.012,1,Dendritic cell
KLHDC10,0.6546871226105677,0.10756999688887303,0.337,0.336,1,Dendritic cell
TRIT1,0.6549183046095596,-0.5533715358561229,0.513,0.511,1,Dendritic cell
OTUB1,0.6549616359435215,-0.6852963200141993,0.763,0.759,1,Dendritic cell
COL26A1,0.6552730248828804,1.192575471566197,0.084,0.097,1,Dendritic cell
ZNF276,0.6553623945525584,-0.10210696364962546,0.347,0.345,1,Dendritic cell
ZFC3H1,0.6553925314258227,-0.28302206366984617,0.776,0.77,1,Dendritic cell
PCNA,0.6554617657502285,-0.7904509237919208,0.095,0.09,1,Dendritic cell
FAM43A,0.6555393953404041,0.10901737427655345,0.282,0.289,1,Dendritic cell
SPRY2,0.6556627972190698,-0.2914951947539566,0.085,0.087,1,Dendritic cell
UBE2I,0.6556638966475365,1.4659026281760958,0.89,0.891,1,Dendritic cell
ACYP2,0.6557654587103838,0.24893981164214352,0.452,0.447,1,Dendritic cell
PM20D2,0.6559910573282315,0.24789252587501465,0.214,0.222,1,Dendritic cell
NREP,0.656169865507695,-0.9857315241969697,0.766,0.773,1,Dendritic cell
TMED10,0.6564886546845097,-0.41270444378211035,0.714,0.723,1,Dendritic cell
ZNF215,0.6565021844796486,0.1982890338041301,0.021,0.02,1,Dendritic cell
YWHAB,0.6568913565846015,0.1407089644436944,0.396,0.396,1,Dendritic cell
TRMT2B,0.6570027059601078,0.10209474931524609,0.298,0.291,1,Dendritic cell
RNH1,0.6571289868631335,2.536573367312787,0.923,0.921,1,Dendritic cell
ATP6V1FNB,0.6578786504780094,-0.12291358799364271,0.051,0.054,1,Dendritic cell
KMT5A,0.6578893801337206,-0.17622043562917078,0.35,0.351,1,Dendritic cell
METTL14,0.6579035715415188,0.16946374438726178,0.268,0.26,1,Dendritic cell
KLHL21,0.6585839727587897,-0.2547796245698688,0.347,0.353,1,Dendritic cell
ADAM33,0.6588721541559224,-0.6541546609292883,0.012,0.011,1,Dendritic cell
SUPT16H,0.6593394640615479,0.15610871702068607,0.735,0.736,1,Dendritic cell
UBXN10,0.6594776913420836,-1.3118301791755966,0.016,0.014,1,Dendritic cell
BNIP2,0.6596053434066277,1.4128515343126153,0.888,0.894,1,Dendritic cell
SHOC2,0.6596153241520973,0.8210486081035677,0.818,0.819,1,Dendritic cell
MAT2B,0.6596560658346493,-0.15391792960255568,0.788,0.783,1,Dendritic cell
RFTN1,0.6597114241318973,-6.568768090663186,0.497,0.492,1,Dendritic cell
IFNAR2,0.6598050374156001,-1.2339849219080996,0.808,0.808,1,Dendritic cell
NFATC4,0.6599123047401934,1.3194511590290348,0.012,0.011,1,Dendritic cell
SNCA,0.6601372518537252,-0.1526101815524492,0.374,0.381,1,Dendritic cell
EPHB3,0.6601877153342057,0.25079449145691973,0.121,0.115,1,Dendritic cell
MKNK1,0.6602089287995943,0.24447248761725215,0.417,0.413,1,Dendritic cell
PTRH2,0.6602194254848659,0.14524115131633497,0.111,0.106,1,Dendritic cell
G6PD,0.6605689658286286,-0.4745509905800427,0.601,0.608,1,Dendritic cell
MAPRE2,0.6606296159892857,-0.5024060696864838,0.759,0.765,1,Dendritic cell
DNAJC8,0.6607323718251588,-0.13001660027638406,0.681,0.678,1,Dendritic cell
TAF1C,0.6610421431144732,-0.1683791742367604,0.114,0.117,1,Dendritic cell
FBXO25,0.6611242895039242,-0.11415676628405336,0.299,0.291,1,Dendritic cell
ARIH2,0.661268652568958,-0.2527355200397805,0.524,0.526,1,Dendritic cell
RCBTB1,0.6614048875730056,-0.23435472577682837,0.372,0.366,1,Dendritic cell
USO1,0.6616570277817392,0.16792508033200448,0.616,0.609,1,Dendritic cell
HERC2,0.6617765709459086,-0.11750667360532385,0.388,0.39,1,Dendritic cell
FXYD5,0.6620000091651538,10.468518507452416,0.985,0.986,1,Dendritic cell
MAML3,0.6620502353208408,-0.4572998888463924,0.604,0.597,1,Dendritic cell
TUFT1,0.6620985531689437,-0.16221865316598016,0.02,0.02,1,Dendritic cell
OXCT1,0.6621177196307182,0.1534563114851451,0.209,0.208,1,Dendritic cell
RALA,0.6624683667476158,-0.3396586587802166,0.487,0.49,1,Dendritic cell
TLCD1,0.6625193953841366,0.405265179746193,0.026,0.024,1,Dendritic cell
ERO1A,0.6628808008351744,0.2645053542000433,0.706,0.708,1,Dendritic cell
AXIN1,0.6629944493821639,-0.10259248582705194,0.419,0.419,1,Dendritic cell
ACP2,0.6630133928054328,0.1633682171811594,0.221,0.216,1,Dendritic cell
HNMT,0.664143152425327,-0.24629486001438067,0.255,0.256,1,Dendritic cell
HCST,0.6641731647563911,-0.8515968861622474,0.649,0.636,1,Dendritic cell
TSC22D2,0.6643229731837386,3.651076286512797,0.554,0.563,1,Dendritic cell
RNPEPL1,0.6643300400071372,-2.512988169597385,0.896,0.893,1,Dendritic cell
TMPRSS13,0.6644935403976506,0.1568759946090612,0.056,0.054,1,Dendritic cell
PAQR8,0.6653173861878047,-0.4010921484584413,0.411,0.41,1,Dendritic cell
PRKN,0.665324548978339,0.11497258622477968,0.019,0.017,1,Dendritic cell
CD22,0.6655192332956735,-5.8729684685074055,0.152,0.159,1,Dendritic cell
GOLGB1,0.665710548959252,0.10397820302095506,0.461,0.454,1,Dendritic cell
TOGARAM2,0.6660076250588324,1.8057264720848032,0.018,0.017,1,Dendritic cell
DMPK,0.6661421186967181,-0.26901950979652955,0.01,0.011,1,Dendritic cell
PPA1,0.6666557828162744,0.20302594370793559,0.416,0.414,1,Dendritic cell
IL6R,0.6672506062983607,1.0762259389517794,0.862,0.857,1,Dendritic cell
ZG16B,0.6672905724738938,0.22292186721590124,0.013,0.011,1,Dendritic cell
SPPL2A,0.6676106443319613,-0.10089882723108623,0.678,0.671,1,Dendritic cell
PPT1,0.6676198700803722,-1.5411735715209716,0.891,0.887,1,Dendritic cell
RHOXF1,0.6681304916186972,-0.2849357039577596,0.013,0.015,1,Dendritic cell
ING4,0.6682352688232901,0.12966672136310026,0.349,0.342,1,Dendritic cell
ZNF107,0.668280383715042,-0.20521528358178576,0.112,0.113,1,Dendritic cell
C19orf18,0.6686151611669858,-0.1462796641446893,0.014,0.016,1,Dendritic cell
AEBP1,0.6688448521281438,-4.5863323899600434,0.178,0.182,1,Dendritic cell
NTMT1,0.6691452003897146,0.2091979636325888,0.206,0.199,1,Dendritic cell
NR4A3,0.6691675019169323,11.430034769077423,0.054,0.054,1,Dendritic cell
TBC1D8,0.6691676403114337,7.634949154388224,0.28,0.284,1,Dendritic cell
NSA2,0.6693879541726319,0.5741964400422797,0.796,0.806,1,Dendritic cell
MEIS1,0.6698040632107566,0.15248747144584485,0.061,0.059,1,Dendritic cell
ESYT1,0.6699087185317891,-9.500315117293786,0.753,0.76,1,Dendritic cell
ZHX2,0.6699495244183031,-0.30078697325262704,0.206,0.213,1,Dendritic cell
TCL1A,0.6699857383846188,21.95168519189253,0.098,0.099,1,Dendritic cell
STK39,0.670025832238393,-0.10129533718016015,0.484,0.473,1,Dendritic cell
MZB1,0.6700998526828102,-0.1928578320489187,0.228,0.235,1,Dendritic cell
GRN,0.670319442484608,14.314628358256655,0.996,0.996,1,Dendritic cell
DCAF8,0.6705238307528826,0.32162847580020504,0.652,0.646,1,Dendritic cell
PAK2,0.6705475547780845,0.7429694695248177,0.889,0.883,1,Dendritic cell
COLQ,0.6705921313426656,0.19928482787262602,0.026,0.027,1,Dendritic cell
NUDT22,0.670643448289871,0.15766762331262418,0.506,0.498,1,Dendritic cell
UQCC6,0.6707566238886847,-0.12383770836465935,0.019,0.021,1,Dendritic cell
PRR14,0.6707991158263992,-0.2671716812653475,0.567,0.573,1,Dendritic cell
NELFCD,0.6708479901999969,-0.7337660259869718,0.622,0.617,1,Dendritic cell
FSCN1,0.6710098381868514,58.95110210807671,0.149,0.149,1,Dendritic cell
CD9,0.6710243601352898,-2.2043043957343276,0.082,0.086,1,Dendritic cell
BEND4,0.6710778489810013,0.19924196842372588,0.015,0.015,1,Dendritic cell
INTS4,0.6719045170664288,0.19136314286784284,0.609,0.604,1,Dendritic cell
ZFP57,0.6720556515199012,0.10787988502621326,0.043,0.04,1,Dendritic cell
IL18RAP,0.6723330614714607,-0.3899597790362357,0.045,0.046,1,Dendritic cell
TBC1D10C,0.6724424240115005,-3.969374061101207,0.611,0.6,1,Dendritic cell
ZSCAN30,0.6725340535667657,-0.31597995298399884,0.169,0.174,1,Dendritic cell
C2orf81,0.6728227310546634,0.12598082682319278,0.09,0.087,1,Dendritic cell
GPN3,0.6732415041042575,-0.14482677626486692,0.263,0.269,1,Dendritic cell
ZDHHC20,0.6733336442154374,-0.6760216351310397,0.602,0.596,1,Dendritic cell
H2AZ1,0.6734944118514063,0.31881903698572955,0.373,0.365,1,Dendritic cell
ZNF37A,0.673558933290711,-0.16766418248062198,0.022,0.023,1,Dendritic cell
PPP6C,0.6735762268539953,0.4285135360258039,0.797,0.803,1,Dendritic cell
LDLRAD4,0.6737084787815317,-0.16170248975677648,0.544,0.553,1,Dendritic cell
C1GALT1C1,0.6740865945459567,-0.3034507777594453,0.357,0.351,1,Dendritic cell
BRD3,0.674137628177707,-0.33535044202480746,0.478,0.475,1,Dendritic cell
TCEAL8,0.6741590691524257,1.704468001311553,0.505,0.502,1,Dendritic cell
ELP5,0.6742123327239203,0.12557333436053686,0.363,0.357,1,Dendritic cell
LIMK2,0.67422751162695,-0.4847003078041451,0.142,0.136,1,Dendritic cell
STXBP6,0.6742523320144591,-0.5519066357882672,0.016,0.017,1,Dendritic cell
NDST1,0.6743365743218633,0.1950750262344032,0.473,0.477,1,Dendritic cell
TMEM14A,0.6743399515868276,-0.7344818791586443,0.138,0.138,1,Dendritic cell
ASPSCR1,0.674341670854362,0.12043980909329954,0.368,0.362,1,Dendritic cell
TNIP2,0.6743596440234931,-1.5096942801334845,0.486,0.478,1,Dendritic cell
PRPF3,0.6744570074181007,-0.5352311111277217,0.561,0.555,1,Dendritic cell
ASCC3,0.6745961178679609,-0.1324046356436539,0.574,0.578,1,Dendritic cell
DNAJC12,0.6746863631755187,0.22489813067577114,0.044,0.041,1,Dendritic cell
TOR1AIP1,0.6747013668574442,-0.1293331095737571,0.734,0.731,1,Dendritic cell
ZMYND8,0.6747558219940213,0.2479133560790443,0.416,0.409,1,Dendritic cell
SYS1,0.6754773594706504,0.1229405794789793,0.431,0.438,1,Dendritic cell
MATN2,0.675488361151981,0.1422155280472932,0.01,0.011,1,Dendritic cell
SHPK,0.6755020612192026,0.13961012416048924,0.172,0.17,1,Dendritic cell
PSAT1,0.6758205196689072,0.20378814768141673,0.012,0.011,1,Dendritic cell
CCDC146,0.6758277626774197,-0.17357798502415,0.172,0.17,1,Dendritic cell
ARRDC4,0.6759672221673797,-0.9481507165714306,0.243,0.249,1,Dendritic cell
MMD,0.6760753225646474,-6.884453354493839,0.228,0.222,1,Dendritic cell
PPHLN1,0.676081796116566,0.5075449903465588,0.813,0.809,1,Dendritic cell
STOML2,0.6761944306334171,-0.21971078309236258,0.542,0.539,1,Dendritic cell
PCYOX1,0.6762489056916369,-0.18064768676877213,0.247,0.256,1,Dendritic cell
EGFL8,0.6763895401514194,0.12284935893027349,0.035,0.032,1,Dendritic cell
MIPEP,0.6764035273510066,0.12813943440422482,0.108,0.106,1,Dendritic cell
MINK1,0.676571105696151,3.014622607647948,0.651,0.643,1,Dendritic cell
TMCO4,0.6766641755352936,-0.15906297872754793,0.175,0.182,1,Dendritic cell
MVK,0.6768402264449954,-0.11106621312027451,0.155,0.151,1,Dendritic cell
USP18,0.6768494491628404,-3.1568904992504736,0.021,0.022,1,Dendritic cell
ULK1,0.6769490802359217,-0.7279185285110943,0.468,0.478,1,Dendritic cell
ZNF256,0.6771383507249864,0.13402881254489007,0.118,0.113,1,Dendritic cell
SUV39H1,0.6771853015336566,0.1647079197790502,0.099,0.099,1,Dendritic cell
RAB5C,0.6771964653847125,0.14854433475103868,0.841,0.836,1,Dendritic cell
PLPP5,0.677437377386165,-1.6899384552143788,0.199,0.196,1,Dendritic cell
PLEKHH3,0.6776024923020431,-0.18920850726752292,0.018,0.016,1,Dendritic cell
SNORC,0.6777988245266843,-0.20675184771075106,0.01,0.011,1,Dendritic cell
CRAT,0.6780295311222245,-0.12318687554080165,0.068,0.07,1,Dendritic cell
SEC24D,0.6781318777986196,0.3355993575093831,0.372,0.369,1,Dendritic cell
STK25,0.6781364689441559,0.16603747419698922,0.5,0.501,1,Dendritic cell
PDIA6,0.6786615428035969,-0.24033314399638428,0.574,0.583,1,Dendritic cell
FCHSD2,0.6789025083619938,0.870769361826877,0.772,0.777,1,Dendritic cell
DHRS7,0.6792272734071105,0.2903478315860699,0.635,0.633,1,Dendritic cell
CDC25A,0.6793229722045317,1.0982876198699172,0.011,0.009,1,Dendritic cell
RCC1L,0.6795436559946093,0.11459679045643989,0.352,0.348,1,Dendritic cell
SNRNP25,0.6795501186582016,-1.4741245843260824,0.524,0.527,1,Dendritic cell
CTDP1,0.6802025923123662,-0.11893826177539824,0.534,0.526,1,Dendritic cell
CCHCR1,0.6802710433142296,-0.10371878085583663,0.127,0.128,1,Dendritic cell
C16orf95,0.6804339835071412,-0.13541916951205746,0.025,0.027,1,Dendritic cell
TEX261,0.6805981749658075,-0.13358543683375435,0.358,0.353,1,Dendritic cell
STRADA,0.6806220599982452,-0.30082424776950734,0.45,0.449,1,Dendritic cell
PLEKHF2,0.6806850024660617,-0.4311867302386281,0.682,0.672,1,Dendritic cell
MTREX,0.6807028096457352,-0.13384300043806618,0.548,0.547,1,Dendritic cell
ARHGAP18,0.6809366610786792,0.4628461860422728,0.409,0.406,1,Dendritic cell
CLSPN,0.6810302429161221,0.11585797944661902,0.019,0.02,1,Dendritic cell
NCBP3,0.6812728790121148,-0.15976395735095072,0.408,0.411,1,Dendritic cell
CD83,0.6812779079436617,33.08695740524381,0.283,0.285,1,Dendritic cell
C4orf33,0.6814121087871887,-0.2172406960505272,0.321,0.311,1,Dendritic cell
CKLF,0.681937235606564,10.727421668820988,0.824,0.828,1,Dendritic cell
BCL2L13,0.6819722280425465,-0.7923043717620293,0.588,0.595,1,Dendritic cell
STOM,0.6821709518496204,0.21822804614559965,0.346,0.349,1,Dendritic cell
DSC2,0.6822683245041099,-0.21627595154924517,0.016,0.018,1,Dendritic cell
SELENOH,0.6824265387860999,-0.9336389486117689,0.922,0.925,1,Dendritic cell
DHRS1,0.6825709723748402,-0.12206495243076976,0.143,0.148,1,Dendritic cell
IDO1,0.6826130863744446,-10.193890231508064,0.057,0.06,1,Dendritic cell
HOXB2,0.6826832197668068,0.26702011013722693,0.116,0.117,1,Dendritic cell
EPB41L1,0.6828844615660092,-0.24740267414407358,0.021,0.019,1,Dendritic cell
RASSF1,0.6828893846645326,1.8124777889428212,0.571,0.577,1,Dendritic cell
IRF5,0.6829919603983495,-0.3250821782589679,0.502,0.503,1,Dendritic cell
DCK,0.6830712033822459,2.5171720502786954,0.849,0.846,1,Dendritic cell
KIAA1143,0.6837486584844812,-0.17127635603412594,0.41,0.421,1,Dendritic cell
SIGLEC9,0.683800381599891,0.6634843407461544,0.505,0.499,1,Dendritic cell
TBL2,0.6840136233850798,-0.40815214968138164,0.307,0.308,1,Dendritic cell
OTUD1,0.6843523420696838,0.1429700976281012,0.171,0.177,1,Dendritic cell
SLC38A7,0.6845253558322709,0.3228601756121951,0.173,0.168,1,Dendritic cell
CNPY3,0.6847387713482467,-8.724304290400482,0.992,0.994,1,Dendritic cell
NARS1,0.6850068560255206,0.6519314647695458,0.833,0.839,1,Dendritic cell
VAC14,0.6850427355689128,-10.130011309439901,0.466,0.472,1,Dendritic cell
ZSCAN12,0.6851886110197883,0.14261130064021188,0.073,0.069,1,Dendritic cell
DDOST,0.6855000331940652,-0.2616632826539762,0.747,0.747,1,Dendritic cell
AIM2,0.68569347701694106,0.405706789609593,0.051,0.048,1,Dendritic cell
ANKRD17,0.6857389660105215,-0.11077738531581094,0.689,0.686,1,Dendritic cell
SCT,0.6859250422730174,0.44317303413186515,0.202,0.209,1,Dendritic cell
PNPLA6,0.6859989850840968,-0.5819903835106279,0.61,0.616,1,Dendritic cell
KCNK10,0.6861750594083772,0.1978320010040273,0.128,0.125,1,Dendritic cell
TENT5A,0.6861957094762177,0.7237883435600414,0.35,0.351,1,Dendritic cell
L3HYPDH,0.6863848551879035,-0.12514197133967042,0.17,0.164,1,Dendritic cell
APOL3,0.686478690680495,0.6032250629602469,0.423,0.414,1,Dendritic cell
ALAD,0.6867088281818697,-0.13593242469644484,0.41,0.413,1,Dendritic cell
TSPAN13,0.6870710724618715,8.967568581836218,0.265,0.272,1,Dendritic cell
SLC9A9,0.6872146806337106,0.33922127317798845,0.245,0.24,1,Dendritic cell
MBD3,0.6875335691463486,0.1258248737554094,0.391,0.386,1,Dendritic cell
RASSF2,0.6875705777282816,0.49570911533172257,0.94,0.937,1,Dendritic cell
ATP6V0A2,0.6878023307270936,0.13057298638044657,0.477,0.469,1,Dendritic cell
GPBAR1,0.6878986533661744,0.38111585798542774,0.148,0.143,1,Dendritic cell
RAB33A,0.6880175289433981,0.1311562313370933,0.064,0.062,1,Dendritic cell
JAM2,0.6881009895879521,0.41047608161572846,0.01,0.009,1,Dendritic cell
WARS2,0.6889028558282355,0.13125196490428392,0.172,0.177,1,Dendritic cell
CCDC122,0.6889945461136309,-0.13766246249455127,0.043,0.044,1,Dendritic cell
TACC1,0.6892231580023778,0.9032453474573447,0.883,0.886,1,Dendritic cell
RBM43,0.6895644157975533,-0.1796488686244575,0.123,0.128,1,Dendritic cell
CERS6,0.6895906888353983,2.80241066444135,0.554,0.561,1,Dendritic cell
LTV1,0.689648871694932,0.35083717703645023,0.557,0.559,1,Dendritic cell
CARMIL1,0.6899801327602113,-0.3312429310398197,0.081,0.077,1,Dendritic cell
CC2D1A,0.6901917527012202,-0.15780609503797308,0.239,0.239,1,Dendritic cell
SIAH2,0.6903610963911208,-0.1647766604236196,0.311,0.305,1,Dendritic cell
CDT1,0.69056366345703,-0.14156028133495457,0.017,0.019,1,Dendritic cell
BLNK,0.6906382480979192,1.5077673936419753,0.429,0.431,1,Dendritic cell
MEFV,0.6907473167875571,-4.726083113959597,0.564,0.569,1,Dendritic cell
RUSF1,0.6907589934173817,1.0265255297080387,0.435,0.429,1,Dendritic cell
IFITM2,0.6909708835558548,1.3143591381082071,0.593,0.586,1,Dendritic cell
VSTM1,0.6914042587756081,1.2009567457322055,0.056,0.059,1,Dendritic cell
MAP3K14,0.6914265488042314,0.1881261139702861,0.256,0.257,1,Dendritic cell
DHX32,0.6917417107614479,-0.2274493698812856,0.191,0.198,1,Dendritic cell
PITPNM1,0.6924485234728137,-0.3238677114771562,0.558,0.566,1,Dendritic cell
UTP18,0.6925813736955514,-0.24816856973884827,0.411,0.411,1,Dendritic cell
SUB1,0.6929020142897733,6.764527433542069,0.903,0.898,1,Dendritic cell
ZNF69,0.6929195816215171,-0.11434061145343755,0.106,0.11,1,Dendritic cell
LMBRD1,0.6929570308842403,-0.9500784234625526,0.729,0.724,1,Dendritic cell
DHCR24,0.6931298704665981,1.8397618127235043,0.084,0.085,1,Dendritic cell
PCLAF,0.6932755573564274,6.60883614681543,0.027,0.028,1,Dendritic cell
ACTN4,0.6934474436863047,0.4420352406974626,0.588,0.582,1,Dendritic cell
GSN,0.6935469537858965,18.198936287836545,0.978,0.979,1,Dendritic cell
PXK,0.693569275318457,-1.3734515139996142,0.583,0.577,1,Dendritic cell
CDKN2C,0.6937297041113488,-0.21084342406429368,0.164,0.16,1,Dendritic cell
ZBED5,0.6937513943299644,-0.1987710744355321,0.352,0.344,1,Dendritic cell
NDUFAF8,0.6938363052382033,0.4085203922067211,0.525,0.529,1,Dendritic cell
TAF4,0.6938891846800581,0.19350073475250995,0.421,0.419,1,Dendritic cell
ATF6,0.6939350048829142,-0.3264504292800776,0.604,0.599,1,Dendritic cell
CLTA,0.6940771416446243,0.11902032377660565,0.473,0.465,1,Dendritic cell
ALOX15,0.6944213282052216,0.2572563829756582,0.013,0.011,1,Dendritic cell
B9D2,0.6948443403396088,-0.14001920226987252,0.193,0.19,1,Dendritic cell
ESRRA,0.6949774403189718,0.14650131055255022,0.322,0.315,1,Dendritic cell
NOP2,0.6954508974201584,-0.30231933889628104,0.417,0.415,1,Dendritic cell
ARRB2,0.6955884317236365,4.159855780569096,0.928,0.932,1,Dendritic cell
ATP6V0E2,0.6956077243456205,-0.14643758275803442,0.031,0.034,1,Dendritic cell
ABCC4,0.6961914802182264,-5.445416364986144,0.269,0.265,1,Dendritic cell
PATJ,0.696598680137166,-0.6042532024425034,0.084,0.08,1,Dendritic cell
CNDP2,0.6967080247089854,2.405813405421803,0.946,0.946,1,Dendritic cell
TNFRSF10B,0.6969537526765476,0.6052683264492522,0.492,0.487,1,Dendritic cell
PPM1A,0.6970230933448388,0.4429355004613238,0.622,0.619,1,Dendritic cell
METRN,0.6971333924293343,0.16810498969439625,0.014,0.014,1,Dendritic cell
ELAVL1,0.6971701824762137,1.0583524740660808,0.764,0.765,1,Dendritic cell
CLUAP1,0.6974023376308018,0.2233534619631936,0.101,0.097,1,Dendritic cell
EHD4,0.6974098137418565,-0.4908833559616812,0.428,0.43,1,Dendritic cell
SLC35C2,0.6975237343434713,-0.18136021125458512,0.545,0.541,1,Dendritic cell
PROCR,0.6980357508726254,-0.2574457584342591,0.046,0.048,1,Dendritic cell
IRAG1,0.6981092462201408,0.28110577096334843,0.012,0.012,1,Dendritic cell
LEPROTL1,0.6983640947088556,1.0022858263119563,0.789,0.783,1,Dendritic cell
ACACB,0.6985076036844213,-0.24438568105985992,0.049,0.053,1,Dendritic cell
ASCC2,0.6988200678862987,0.27282757031597793,0.545,0.542,1,Dendritic cell
ANKRD13D,0.6988921563768121,-2.6876429903566024,0.752,0.746,1,Dendritic cell
RTCB,0.6989343385966111,0.25498912282300257,0.618,0.612,1,Dendritic cell
ITPK1,0.6989898353355614,-0.33660860207140253,0.711,0.705,1,Dendritic cell
CEP72,0.699006567831196,0.1242566288202962,0.056,0.053,1,Dendritic cell
ATP6V1G1,0.6991639163660092,-0.3885899524011993,0.736,0.731,1,Dendritic cell
ABO,0.6992505905922402,-0.13603658335499258,0.01,0.01,1,Dendritic cell
C7orf31,0.6993408735843221,0.20078946488819738,0.145,0.141,1,Dendritic cell
NEMP2,0.6996277434083236,-0.8313283257764006,0.185,0.184,1,Dendritic cell
USP3,0.6996500330888393,-1.1991721552416,0.801,0.796,1,Dendritic cell
DAGLB,0.6999568494876957,-0.21834037817731833,0.435,0.429,1,Dendritic cell
CEACAM19,0.7005451709481803,-0.12574099533524485,0.024,0.025,1,Dendritic cell
FGFRL1,0.7006103336391898,0.16609596468034837,0.016,0.014,1,Dendritic cell
CARD11,0.7006335676062041,0.5629258138725106,0.295,0.296,1,Dendritic cell
ZFP62,0.7009018035102903,0.4874791698137853,0.172,0.171,1,Dendritic cell
MAPK3,0.7014669784795277,-0.21944737242991263,0.39,0.386,1,Dendritic cell
ERBIN,0.7021828187848691,1.404699246571453,0.815,0.82,1,Dendritic cell
EDF1,0.7024700195783314,1.2888267117416374,0.787,0.789,1,Dendritic cell
IFT122,0.7025015926598162,0.13400041431617726,0.073,0.07,1,Dendritic cell
TXNRD1,0.7028156235412241,-0.11175592341588692,0.642,0.637,1,Dendritic cell
UBR3,0.7030139842625565,-0.27244519506145215,0.399,0.405,1,Dendritic cell
SLC29A2,0.7037312570491523,-0.142746016291329,0.025,0.027,1,Dendritic cell
CCDC134,0.7039185849684546,-0.16047698597310522,0.204,0.21,1,Dendritic cell
SCML2,0.7040893740313537,-0.2229094324580938,0.081,0.082,1,Dendritic cell
PPP1R12C,0.7042728356327026,0.1383830075829072,0.303,0.296,1,Dendritic cell
SPG21,0.7043388373748749,-0.6322250255618016,0.91,0.91,1,Dendritic cell
GAL3ST4,0.7046195897145385,-0.1213507074554876,0.028,0.031,1,Dendritic cell
HHEX,0.7050668419886559,1.1505677225180264,0.746,0.754,1,Dendritic cell
MCM5,0.705114696867779,-5.245132560903238,0.593,0.593,1,Dendritic cell
SFT2D1,0.7054444125025597,0.41503252404007007,0.712,0.706,1,Dendritic cell
MED13L,0.7056384052056233,-0.2541445287026032,0.692,0.687,1,Dendritic cell
SPATA5,0.705822502036528,-0.12684531962413037,0.144,0.148,1,Dendritic cell
NHLRC4,0.7058867168487177,0.1122333719880726,0.03,0.03,1,Dendritic cell
GTPBP6,0.7063746737011012,-0.12887384294217874,0.51,0.502,1,Dendritic cell
DIAPH3,0.7065040157299018,0.4074107960691684,0.012,0.012,1,Dendritic cell
PLEC,0.7066094495357955,-1.1682944884138138,0.733,0.728,1,Dendritic cell
ALOX5AP,0.7069168892855093,-7.378175326409483,0.57,0.579,1,Dendritic cell
QRICH1,0.7073440312535574,0.5129228861937096,0.686,0.69,1,Dendritic cell
CCND1,0.7074731219283885,1.4939179586120988,0.027,0.028,1,Dendritic cell
PHLDB2,0.7076763233825608,-0.4270337430905764,0.026,0.028,1,Dendritic cell
RAB6A,0.7076874443586367,-0.18256677186486092,0.676,0.678,1,Dendritic cell
SLC2A1,0.7078756968702749,0.2137916828586217,0.524,0.53,1,Dendritic cell
BUB1,0.7079308124933712,-2.4533619569742426,0.036,0.033,1,Dendritic cell
LIN52,0.7081753112165405,0.12032201729681313,0.077,0.076,1,Dendritic cell
KCNE5,0.708220911274585,0.2671136293799199,0.015,0.014,1,Dendritic cell
SLITRK5,0.7083093672835806,-0.43821499029971783,0.062,0.066,1,Dendritic cell
WDR24,0.7083101733011362,-0.133425394015666,0.177,0.182,1,Dendritic cell
DPYSL2,0.7087742759937888,3.5192018460178467,0.978,0.978,1,Dendritic cell
TAF11,0.7089350160291533,-0.19464330824117404,0.459,0.466,1,Dendritic cell
COBLL1,0.7089501555388149,-0.5305629389940965,0.195,0.198,1,Dendritic cell
SMU1,0.7092321204843642,-0.13520126971817525,0.633,0.63,1,Dendritic cell
CCDC96,0.709391434684737,-0.19753644078237276,0.017,0.019,1,Dendritic cell
CYRIB,0.7094429820809284,9.504126200751895,0.977,0.976,1,Dendritic cell
USP12,0.7094538526482332,6.6600505151373195,0.63,0.629,1,Dendritic cell
C14orf93,0.7098261211182298,0.11686812022226456,0.103,0.098,1,Dendritic cell
ABHD4,0.7101024735194081,0.12260274068518173,0.063,0.06,1,Dendritic cell
TBC1D4,0.7108426032487956,-0.5749233695454814,0.323,0.328,1,Dendritic cell
PIP5KL1,0.7108878242985657,-0.11351008323686607,0.009,0.01,1,Dendritic cell
VCP,0.7109870124982921,0.12135831977246647,0.439,0.444,1,Dendritic cell
RIOX2,0.7115435083040181,-0.1260629981497532,0.456,0.457,1,Dendritic cell
MAP2K2,0.7121163546389366,-0.40589515710748625,0.756,0.755,1,Dendritic cell
MED12L,0.7126216760312798,0.8146794657844301,0.138,0.144,1,Dendritic cell
APEX1,0.7127281906536117,0.5797916325779227,0.855,0.849,1,Dendritic cell
FRAT1,0.7131516562018001,0.1099621001077371,0.088,0.083,1,Dendritic cell
CD55,0.713174040364583,0.4424588301436696,0.837,0.844,1,Dendritic cell
WIZ,0.7133970675777823,0.12712984173750147,0.352,0.355,1,Dendritic cell
ACAP1,0.7136659652531421,-0.5833403975248208,0.659,0.665,1,Dendritic cell
SAP30L,0.7136695239951711,-0.17619849791469644,0.578,0.574,1,Dendritic cell
PSMC5,0.713890670889971,-0.27031246784410357,0.736,0.739,1,Dendritic cell
PSMB4,0.7142083001539877,1.257757123804649,0.823,0.818,1,Dendritic cell
HSPG2,0.7143549705953235,0.12385825488104718,0.04,0.037,1,Dendritic cell
HEBP2,0.7145367889183357,0.4789411663139651,0.686,0.677,1,Dendritic cell
XRCC2,0.7146651778560662,-0.2999003116171277,0.011,0.012,1,Dendritic cell
TRUB1,0.7146929340849952,0.13473384031630203,0.247,0.241,1,Dendritic cell
NUP43,0.7152438879262499,0.15357846122696395,0.449,0.446,1,Dendritic cell
XBP1,0.7153500326613161,-0.12314810189271341,0.765,0.767,1,Dendritic cell
HAT1,0.7154626021980286,0.140161371725954,0.442,0.437,1,Dendritic cell
TCF7L2,0.715919549920709,1.1636421219425994,0.062,0.06,1,Dendritic cell
GMFB,0.7164739217573118,-0.664759991898171,0.456,0.456,1,Dendritic cell
PAPSS2,0.7169192926183978,-0.4344807857869699,0.121,0.118,1,Dendritic cell
RRAGD,0.7170462054935403,0.2451395491141447,0.156,0.152,1,Dendritic cell
HACD2,0.7170548784470309,-0.2956861124913801,0.6,0.602,1,Dendritic cell
CD1D,0.7173253489600799,-9.53607046404527,0.691,0.688,1,Dendritic cell
SLC35D1,0.7176123872532856,-0.15730752147741178,0.19,0.191,1,Dendritic cell
ZNF185,0.7177084862545258,-1.1873996971445393,0.119,0.125,1,Dendritic cell
SLC6A12,0.7181433891301928,0.20724228023118663,0.029,0.03,1,Dendritic cell
VDAC2,0.718514191200304,0.566996425130716,0.7,0.694,1,Dendritic cell
SPAG9,0.7185558344541461,0.22893219249533514,0.575,0.572,1,Dendritic cell
SPAST,0.7186180301827779,-0.19901528943228608,0.482,0.484,1,Dendritic cell
ACTR5,0.7187423410109599,-0.26956296300443783,0.143,0.148,1,Dendritic cell
STAP1,0.7190785019763882,0.32988316831495557,0.06,0.061,1,Dendritic cell
PSEN1,0.7190990220226716,-0.4454799766009412,0.788,0.782,1,Dendritic cell
OAZ2,0.719204874332292,0.24059523555672868,0.659,0.653,1,Dendritic cell
CSGALNACT1,0.719536305495778,-0.22922911718818928,0.077,0.086,1,Dendritic cell
BIK,0.7204777051278418,-0.27891488478246895,0.071,0.075,1,Dendritic cell
THOC1,0.7207116232934437,-0.29018411809371863,0.321,0.324,1,Dendritic cell
NAAA,0.7207314633307768,-4.347220720250812,0.777,0.773,1,Dendritic cell
NUP88,0.7207576935890215,0.15075384908475753,0.424,0.417,1,Dendritic cell
TTC30A,0.7207747400348311,0.14388270540038306,0.026,0.024,1,Dendritic cell
GPR160,0.7208655253735363,-0.9073208352490405,0.411,0.401,1,Dendritic cell
SHKBP1,0.7211226503311602,0.46166804187001986,0.748,0.745,1,Dendritic cell
FXN,0.7217994157565483,0.20608433080639288,0.204,0.201,1,Dendritic cell
PLEKHO1,0.7218175030921556,3.0193275023227777,0.962,0.958,1,Dendritic cell
PTGER2,0.7219388364429931,-2.616926156955507,0.193,0.191,1,Dendritic cell
PTPRE,0.7220851615924126,11.908372277676957,0.952,0.951,1,Dendritic cell
RIBC2,0.7221236114874728,0.15522564503327807,0.024,0.022,1,Dendritic cell
PTPN18,0.7221336775696712,0.12716256896916978,0.398,0.406,1,Dendritic cell
MXD1,0.7223595148486489,2.850426485216108,0.265,0.272,1,Dendritic cell
E2F2,0.7223747581458527,0.12206980967547154,0.071,0.074,1,Dendritic cell
FBXL13,0.7224937961793118,0.3684083230606001,0.011,0.009,1,Dendritic cell
HOXA9,0.7226188089911472,-0.3456673859959045,0.105,0.106,1,Dendritic cell
TRNP1,0.7226546397066349,0.20491222535057485,0.02,0.018,1,Dendritic cell
BLOC1S3,0.7231589612401486,0.12861254470040562,0.083,0.083,1,Dendritic cell
IFITM10,0.7234137277242747,-0.1275037768728149,0.017,0.019,1,Dendritic cell
ZBTB11,0.7238075894716213,-0.25613532517175663,0.56,0.567,1,Dendritic cell
MLKL,0.7241278802425167,-0.21016935399568837,0.358,0.351,1,Dendritic cell
MCM9,0.7241371147523772,-0.11198589975299994,0.259,0.262,1,Dendritic cell
CDKN1B,0.7243259556847145,0.6438960203926474,0.748,0.753,1,Dendritic cell
KDM2B,0.7245173272589956,23.056869100713836,0.583,0.575,1,Dendritic cell
FGF11,0.7246102829673853,-0.13603707088636252,0.018,0.019,1,Dendritic cell
CCDC141,0.7247120570901058,-0.2625059014512101,0.026,0.026,1,Dendritic cell
NIPAL3,0.7250160037236487,0.1292588399320351,0.274,0.268,1,Dendritic cell
NUSAP1,0.7250367335099499,-0.12441144001256799,0.118,0.117,1,Dendritic cell
MPHOSPH9,0.7256274475271646,4.645073595954206,0.435,0.434,1,Dendritic cell
B4GALT1,0.7258032463800521,-11.278151537907519,0.904,0.908,1,Dendritic cell
ZNF219,0.7259521435260702,-0.1291088991265532,0.071,0.073,1,Dendritic cell
TOPBP1,0.7260803578886236,-0.6796644778860179,0.388,0.396,1,Dendritic cell
C11orf54,0.7264846091419647,-0.13562535606657677,0.338,0.347,1,Dendritic cell
ZNF280B,0.726724398938022,0.12484051351334902,0.011,0.009,1,Dendritic cell
NCKIPSD,0.726880666479419,-0.13874654412641835,0.222,0.219,1,Dendritic cell
PAX5,0.727281617607005,-0.9526228128714077,0.013,0.015,1,Dendritic cell
MYO1C,0.7273849465888269,0.10100477283653264,0.125,0.126,1,Dendritic cell
PRIM2,0.7279821195969794,-0.10405291154969143,0.291,0.286,1,Dendritic cell
DTD2,0.7281235303585287,0.12668290692379663,0.235,0.24,1,Dendritic cell
ZFHX3,0.7283633943625899,0.1838316189416962,0.425,0.427,1,Dendritic cell
ERCC1,0.7284389485315126,1.7999113436189278,0.735,0.729,1,Dendritic cell
GASK1A,0.728645083708372,-0.13344168083177,0.026,0.027,1,Dendritic cell
PSMD4,0.7289710367315685,-0.11212664068534561,0.582,0.582,1,Dendritic cell
PRKAR1B,0.7290704266441105,-0.11563509701733565,0.068,0.072,1,Dendritic cell
DDO,0.729112369413332,0.34232445496006036,0.053,0.048,1,Dendritic cell
BID,0.729238398081718,-4.178103838965564,0.665,0.668,1,Dendritic cell
TSGA10,0.7294393409464743,-0.10438714324105058,0.034,0.036,1,Dendritic cell
AHRR,0.7294535974242241,1.2589689770235561,0.014,0.013,1,Dendritic cell
TTC13,0.7295625441589553,-0.1785507164169131,0.394,0.397,1,Dendritic cell
LASP1,0.730089109638964,0.1491436960519703,0.926,0.929,1,Dendritic cell
GPR65,0.730196335071264,0.4660325710041775,0.511,0.504,1,Dendritic cell
DSTYK,0.7312069672674304,0.18063218333787046,0.199,0.194,1,Dendritic cell
PRPF4,0.7313546434219261,0.1783435696755209,0.393,0.397,1,Dendritic cell
ZYG11B,0.7321494716013415,0.17707790627187858,0.436,0.445,1,Dendritic cell
TAF6L,0.7329770320159663,-0.12129468995065196,0.161,0.163,1,Dendritic cell
HHAT,0.7331173118186717,-1.407237587288358,0.145,0.148,1,Dendritic cell
AHCY,0.733470755400022,1.1322763340596687,0.455,0.454,1,Dendritic cell
VDAC3,0.7335618030988621,0.13022239184016549,0.681,0.677,1,Dendritic cell
AP1G1,0.7337565127831612,-0.1076976481895855,0.663,0.661,1,Dendritic cell
SENP2,0.7340907446802297,-0.637281594595589,0.433,0.43,1,Dendritic cell
KDM3B,0.7343165196917009,-1.5602259846749353,0.659,0.667,1,Dendritic cell
SNX6,0.7344789243856797,0.5876918461097951,0.778,0.778,1,Dendritic cell
AFF3,0.7346709218195231,-0.219816191446899,0.555,0.555,1,Dendritic cell
PNISR,0.7347724414139353,0.552765785931447,0.945,0.948,1,Dendritic cell
ZNF428,0.7349430166780997,-0.3477504700828504,0.28,0.282,1,Dendritic cell
AIDA,0.735403670992389,-0.17347780662888906,0.362,0.358,1,Dendritic cell
ATP8B3,0.7355498336311739,-0.2013603535948132,0.05,0.056,1,Dendritic cell
IL31RA,0.7360155486315367,0.18426524089769902,0.013,0.012,1,Dendritic cell
GNAI3,0.7362385656411327,-0.2659805088613574,0.85,0.85,1,Dendritic cell
KLHDC3,0.7369019590041218,-0.3441522029305655,0.616,0.619,1,Dendritic cell
SEPTIN9,0.7370985096140377,6.311100327254845,0.978,0.977,1,Dendritic cell
MYCBP,0.7370997658699189,0.2544792120486141,0.633,0.636,1,Dendritic cell
BNIPL,0.7373771864020184,-0.4950864412077669,0.01,0.012,1,Dendritic cell
TMEM43,0.7377361080067705,-1.3876025945858856,0.568,0.563,1,Dendritic cell
MVP,0.7378075525410746,-0.21216625601760541,0.415,0.418,1,Dendritic cell
IGF2BP2,0.7378945162717458,0.16022886942888837,0.19,0.184,1,Dendritic cell
DEGS1,0.7380908193036851,-1.8250865466211543,0.866,0.861,1,Dendritic cell
CLN8,0.738505223672675,1.2613344865737783,0.721,0.717,1,Dendritic cell
ICAM1,0.7386564431821747,4.468324159959087,0.36,0.353,1,Dendritic cell
LARP7,0.7386628507775785,-0.10856607836932275,0.557,0.555,1,Dendritic cell
MIB2,0.7389058137859659,0.112455297920945,0.17,0.167,1,Dendritic cell
ENTPD3,0.7391015153124099,0.11490740434104119,0.013,0.011,1,Dendritic cell
IGHM,0.7394037529360253,18.664352381721102,0.29,0.294,1,Dendritic cell
PAQR3,0.7395530621999318,0.14829555614428935,0.158,0.157,1,Dendritic cell
PARVG,0.7396417105250442,-4.38371547659148,0.948,0.951,1,Dendritic cell
ADHFE1,0.7397123672671241,-0.16876399976434953,0.134,0.132,1,Dendritic cell
PPP5C,0.7397412481753218,0.1549702483818714,0.317,0.316,1,Dendritic cell
FECH,0.7400657505595789,-0.1358518597693188,0.363,0.359,1,Dendritic cell
ALDH1L2,0.7403336367580502,-0.30886014560216957,0.015,0.016,1,Dendritic cell
TNFRSF1A,0.7403575091045492,-3.7736075392947868,0.869,0.864,1,Dendritic cell
SPAG1,0.7406051743491305,0.19306659211202337,0.012,0.012,1,Dendritic cell
DEPDC4,0.7408140025527833,0.7805680585625225,0.013,0.013,1,Dendritic cell
DBN1,0.7416847282519387,1.386433290537511,0.041,0.04,1,Dendritic cell
PXN,0.7417850517369153,-0.13547966227744634,0.533,0.525,1,Dendritic cell
H4C5,0.741993428293613,-0.16870675415528869,0.011,0.01,1,Dendritic cell
UBE4A,0.7420479629908228,0.14932067574584718,0.687,0.685,1,Dendritic cell
CBFB,0.7420491557779055,-1.7827636923198558,0.694,0.688,1,Dendritic cell
TRAPPC12,0.7422112892414663,-0.22461110797616568,0.669,0.667,1,Dendritic cell
CTU1,0.742778906587208,-0.11116816853952205,0.023,0.024,1,Dendritic cell
SGTA,0.7430481710137828,-0.15777117597876567,0.465,0.456,1,Dendritic cell
RRAGC,0.7431676056634037,-1.1122500798689658,0.513,0.507,1,Dendritic cell
PGM2,0.7434663266435156,-0.3742442447153995,0.489,0.496,1,Dendritic cell
CCDC69,0.7435183159441416,-3.403515645650282,0.812,0.818,1,Dendritic cell
TPD52L2,0.7435374241797521,0.702483402681052,0.623,0.63,1,Dendritic cell
PEG3,0.743687189650334,-0.30914406751608414,0.022,0.024,1,Dendritic cell
DLG5,0.7438373770897222,0.2347987138724541,0.015,0.013,1,Dendritic cell
TRRAP,0.7440633896849168,0.26172553040802304,0.664,0.657,1,Dendritic cell
STK4,0.744225320590733,0.27757607654202054,0.858,0.855,1,Dendritic cell
SPDL1,0.7445264559826905,0.11232890016923225,0.037,0.034,1,Dendritic cell
ARMCX2,0.7446144502564147,-0.15112630824139117,0.036,0.034,1,Dendritic cell
NAA25,0.7446215239557245,0.5458950819665348,0.266,0.267,1,Dendritic cell
IRF2BPL,0.744683994335174,2.776148604859933,0.298,0.303,1,Dendritic cell
PPTC7,0.7449128926669139,0.27391113733292816,0.522,0.522,1,Dendritic cell
FAM228B,0.7452574865851251,0.29612019014648183,0.288,0.281,1,Dendritic cell
UBTD1,0.7455248780914667,0.1299340238049207,0.071,0.07,1,Dendritic cell
NEXN,0.7456019892907683,0.20239768767655164,0.031,0.029,1,Dendritic cell
PVR,0.7460538097081848,-0.1909530098674621,0.119,0.121,1,Dendritic cell
ELOVL1,0.7462653462104444,0.2575358689009293,0.617,0.618,1,Dendritic cell
CHEK1,0.7463110294023785,0.9384829540851323,0.036,0.036,1,Dendritic cell
HMGB2,0.7463811096892704,-5.8669939026725295,0.506,0.512,1,Dendritic cell
INSR,0.7463887729141667,-0.125816262343807,0.317,0.319,1,Dendritic cell
TNFAIP3,0.7465697533538065,15.770796404182231,0.621,0.618,1,Dendritic cell
PRPS2,0.7466689344807758,-2.8973407646333067,0.349,0.354,1,Dendritic cell
MDM4,0.746677519478141,6.548787768890044,0.985,0.984,1,Dendritic cell
FLNB,0.7468070685378991,-1.2364402203342575,0.336,0.332,1,Dendritic cell
XRN1,0.74696124854859125,-0.16575285359059588,0.694,0.689,1,Dendritic cell
TMEM256,0.7473557269321128,0.16723475458671155,0.313,0.308,1,Dendritic cell
BEST1,0.7473722453958398,-0.1733597955722419,0.082,0.085,1,Dendritic cell
ZNF548,0.7476030282778998,-0.1190777004371828,0.191,0.191,1,Dendritic cell
FXYD6,0.7480120580958904,0.6667921867105322,0.051,0.049,1,Dendritic cell
TCTN1,0.7482651039815184,-0.20352145700900448,0.097,0.101,1,Dendritic cell
CARD9,0.7485851674824013,-0.3753723492763559,0.352,0.346,1,Dendritic cell
KBTBD7,0.7486562858438681,-0.10516120357387893,0.114,0.117,1,Dendritic cell
SLC32A1,0.7488540889936427,-0.43812876369338927,0.01,0.011,1,Dendritic cell
TXNDC11,0.7495031062068722,-0.2541920984070898,0.64,0.648,1,Dendritic cell
RAD17,0.7497602202395,0.10991008291426763,0.219,0.216,1,Dendritic cell
SLA2,0.7499738539757386,0.404282064504617,0.184,0.19,1,Dendritic cell
TANC1,0.7501193344694319,-0.20961667681392981,0.009,0.01,1,Dendritic cell
ARHGAP6,0.7501452205105176,-0.7533484563754316,0.017,0.017,1,Dendritic cell
MCU,0.7503757326991275,0.10240146707692921,0.191,0.19,1,Dendritic cell
PMAIP1,0.7506002964340157,1.534234535254921,0.361,0.351,1,Dendritic cell
HINT1,0.7509826333096898,0.6730947116648114,0.901,0.905,1,Dendritic cell
SLC37A2,0.7510874494482387,-0.12149838124896783,0.37,0.365,1,Dendritic cell
GLG1,0.7512632114081339,-0.16611717387211167,0.621,0.629,1,Dendritic cell
FEM1B,0.7513692053196519,-0.11665795860500805,0.473,0.476,1,Dendritic cell
TMEM87A,0.751749539199095,-0.15638041501894362,0.606,0.611,1,Dendritic cell
USP27X,0.7518706919735026,-0.20110726993675865,0.021,0.023,1,Dendritic cell
VASP,0.7521798502887307,2.4631685889156287,0.896,0.894,1,Dendritic cell
TYMP,0.7522532942485869,-27.50620291864078,0.845,0.837,1,Dendritic cell
FOXM1,0.752512663123508,1.0379748867624374,0.013,0.012,1,Dendritic cell
SCARB1,0.7525493104184029,1.4415312728029432,0.468,0.468,1,Dendritic cell
MTSS2,0.7527066048453205,-0.1308144157579152,0.034,0.036,1,Dendritic cell
IL1R1,0.7529280747234638,-0.8447503385137654,0.078,0.074,1,Dendritic cell
AIG1,0.7533414533782535,0.22414136518212188,0.246,0.241,1,Dendritic cell
ZSWIM7,0.7535933360696421,0.16584309086486448,0.481,0.474,1,Dendritic cell
KCTD15,0.7536214325227817,0.2709199718378019,0.257,0.262,1,Dendritic cell
KMT2B,0.7536348817407086,-0.1482161579189767,0.508,0.504,1,Dendritic cell
EEF1G,0.7537914946744573,3.1774857767729827,0.994,0.995,1,Dendritic cell
SCARA5,0.7538046231189196,-0.7758617018068374,0.013,0.014,1,Dendritic cell
PLEKHM1,0.7540084597720801,0.15882931697368052,0.081,0.077,1,Dendritic cell
PINK1,0.7540564245316289,0.22472082181639558,0.249,0.246,1,Dendritic cell
KAT8,0.7542018859580408,0.2625793061429955,0.591,0.587,1,Dendritic cell
GAB3,0.7542888296276713,0.20493226338601156,0.597,0.596,1,Dendritic cell
ZYX,0.754298956294437,11.38087689393419,0.859,0.86,1,Dendritic cell
MAP3K5,0.7543340289606991,0.8213458871681825,0.667,0.675,1,Dendritic cell
HTRA2,0.7544231622271065,0.10130145646252994,0.255,0.251,1,Dendritic cell
HELQ,0.7547395705652092,-0.258613387317586,0.31,0.308,1,Dendritic cell
ADA,0.7548243520440316,0.5137999933150201,0.402,0.4,1,Dendritic cell
ADAM15,0.7548878017421206,-1.0581593775271898,0.659,0.654,1,Dendritic cell
AP3B1,0.7551581595862327,-0.3933685456732272,0.8,0.796,1,Dendritic cell
MT-CO1,0.7552088987379212,-15.975447230124274,0.99,0.989,1,Dendritic cell
HDGFL2,0.755229966106363,-0.13971496760220725,0.426,0.424,1,Dendritic cell
EIF3L,0.7557553132467579,0.432079779780409,0.972,0.97,1,Dendritic cell
CCDC183,0.7558594698106522,-0.10304425277063978,0.145,0.15,1,Dendritic cell
KRAS,0.7559345003597064,0.4729110183585332,0.538,0.535,1,Dendritic cell
SRRD,0.7561597910210879,0.10513672855280443,0.236,0.234,1,Dendritic cell
CARHSP1,0.7564906685247634,2.290676771027181,0.36,0.355,1,Dendritic cell
SCN1B,0.7569768067304269,0.27218167578233743,0.061,0.061,1,Dendritic cell
E2F7,0.7570839449682841,0.28476791572092264,0.014,0.013,1,Dendritic cell
ZNF655,0.7576378873642422,0.2799617754810919,0.743,0.739,1,Dendritic cell
NDUFAF4,0.7581012337204911,-0.1192707453439501,0.213,0.217,1,Dendritic cell
ESD,0.758258377230651,-0.3272608348924324,0.821,0.819,1,Dendritic cell
UBE2R2,0.758516130235168,-1.5838636456794006,0.884,0.886,1,Dendritic cell
TIFAB,0.7592121437504636,-0.817603094693168,0.485,0.487,1,Dendritic cell
PYCR3,0.7600613072438807,0.15013537600073468,0.03,0.027,1,Dendritic cell
CAMKK2,0.760405382439427,3.960467534876952,0.554,0.558,1,Dendritic cell
MPEG1,0.7605493030018703,-6.109531577854682,0.997,0.997,1,Dendritic cell
CRCP,0.7607659713243626,0.12639454900325453,0.415,0.418,1,Dendritic cell
DPF3,0.7608512422981782,-0.20253534882886548,0.011,0.013,1,Dendritic cell
ATP6V0B,0.7613775628826298,-0.3405937849812215,0.909,0.907,1,Dendritic cell
BTBD2,0.7614672281851458,0.41860405943877854,0.672,0.675,1,Dendritic cell
CARMIL3,0.7615448286888785,-0.2200649474516725,0.014,0.013,1,Dendritic cell
RAF1,0.7621500852162909,0.11075744031523316,0.653,0.661,1,Dendritic cell
IER5,0.7621746465971162,10.169407616884914,0.626,0.625,1,Dendritic cell
TUBB4B,0.7624573738132089,-4.162239578610839,0.347,0.354,1,Dendritic cell
PXYLP1,0.7627511895320439,-0.34041638473271396,0.062,0.063,1,Dendritic cell
EXOC5,0.7630430873708922,-0.1342515109291238,0.578,0.573,1,Dendritic cell
COPS5,0.7630741273222306,-0.3096731665798589,0.656,0.65,1,Dendritic cell
CYP2S1,0.7633449949533123,-0.24955659893947102,0.415,0.415,1,Dendritic cell
C1QB,0.7633502599365423,50.3964881849227,0.026,0.023,1,Dendritic cell
TMEM218,0.7633617907157683,0.15626997950132204,0.355,0.352,1,Dendritic cell
ASGR2,0.7633705680551336,0.5055425186009739,0.306,0.309,1,Dendritic cell
GSTM3,0.763533769295995,-0.46464421111328225,0.012,0.011,1,Dendritic cell
ACBD5,0.7636785471162554,-0.23171072438147733,0.457,0.451,1,Dendritic cell
KLF11,0.7643129291572017,-0.3819812997839285,0.426,0.435,1,Dendritic cell
TDRD9,0.7644203077214629,0.21944524340811666,0.024,0.026,1,Dendritic cell
TDRD1,0.7644317808299551,12.38345212655539,0.029,0.029,1,Dendritic cell
GOLGA7,0.7647337331359911,-0.21495623313120316,0.691,0.688,1,Dendritic cell
FGL2,0.7649590833912098,3.618124306223649,0.796,0.792,1,Dendritic cell
C12orf75,0.7650069698384384,4.84082217912194,0.579,0.585,1,Dendritic cell
DDX19A,0.765261382875034,-0.12989839353752897,0.305,0.307,1,Dendritic cell
CD200,0.7658313590602874,-1.0120097093990963,0.035,0.037,1,Dendritic cell
NRIP1,0.7658518763232444,-0.5508710479005643,0.512,0.512,1,Dendritic cell
ADM5,0.7658818622764632,-0.10782577026593954,0.043,0.043,1,Dendritic cell
PPIAL4G,0.7661177340377673,0.1784214682560643,0.014,0.012,1,Dendritic cell
PCP2,0.7661215521617043,0.18286297954297748,0.023,0.021,1,Dendritic cell
PRR22,0.7662291953978866,-0.15768669948818692,0.028,0.03,1,Dendritic cell
CORO1C,0.7666214449849826,1.0865824885556705,0.87,0.876,1,Dendritic cell
PSME2,0.7668907566926875,0.1864861989317106,0.199,0.202,1,Dendritic cell
PAFAH2,0.766980437025815,-0.4071285483591658,0.246,0.236,1,Dendritic cell
IKZF2,0.767073399709483,0.9047999491222021,0.04,0.042,1,Dendritic cell
TPRG1L,0.7676549743627931,0.25809909383096685,0.349,0.341,1,Dendritic cell
GPBP1L1,0.7678687544176133,-0.6148549139115573,0.834,0.834,1,Dendritic cell
HSP90AA1,0.7679009390497571,2.810789058332915,0.848,0.851,1,Dendritic cell
RINT1,0.768089140063319,-0.14314506455504838,0.194,0.198,1,Dendritic cell
MTM1,0.7682604879066819,0.2804485484219137,0.443,0.448,1,Dendritic cell
MTA3,0.7682699372426475,0.11588612169673085,0.159,0.157,1,Dendritic cell
PRDX1,0.768451162200068,0.23187696863565188,0.528,0.523,1,Dendritic cell
LAT,0.7685939621305545,-1.0020178377343627,0.109,0.111,1,Dendritic cell
CRABP2,0.7687695402335945,-0.14788401344464308,0.016,0.017,1,Dendritic cell
GOLPH3,0.7689779053529354,-0.29452642753361413,0.792,0.79,1,Dendritic cell
SH3PXD2A,0.7689803452239367,0.10366001011217296,0.115,0.114,1,Dendritic cell
RECQL,0.7692337473964573,-3.190217970230395,0.617,0.611,1,Dendritic cell
ADGRG6,0.7696701457992592,0.10095880213177755,0.155,0.153,1,Dendritic cell
CD93,0.770535951352169,-2.378564779664739,0.665,0.662,1,Dendritic cell
CCDC47,0.7705371404165944,-0.5081428642135508,0.757,0.752,1,Dendritic cell
TNKS,0.7711016217296384,-0.12690394806402175,0.31,0.307,1,Dendritic cell
GEMIN7,0.7711852945507696,1.2026347448796941,0.545,0.548,1,Dendritic cell
VPS13C,0.7714195426000168,-0.11858498922232386,0.859,0.855,1,Dendritic cell
IPMK,0.7714683252979364,0.1548768240244061,0.276,0.272,1,Dendritic cell
MITD1,0.7714974327837258,-0.1222216559927477,0.389,0.393,1,Dendritic cell
NRROS,0.7716570525445371,3.972644846049228,0.7,0.704,1,Dendritic cell
SYTL1,0.7719089391291506,-1.4260946167782018,0.565,0.558,1,Dendritic cell
SLC35A3,0.7722299705024565,-0.23408249429669126,0.475,0.473,1,Dendritic cell
EIF2AK1,0.7723025764178189,0.8242159583077653,0.738,0.734,1,Dendritic cell
LFNG,0.772480639875802,-6.28534399462018,0.539,0.536,1,Dendritic cell
REEP5,0.7725087747045984,-1.181286442919136,0.886,0.89,1,Dendritic cell
WDFY4,0.772661822971037,9.552333190932671,0.851,0.851,1,Dendritic cell
IGSF8,0.773099723709013,0.1335334705447957,0.216,0.216,1,Dendritic cell
MTMR11,0.7732585945675983,-0.11927004072329628,0.124,0.129,1,Dendritic cell
CASP2,0.7733379608406912,1.1932027968919985,0.517,0.511,1,Dendritic cell
SMARCA2,0.7735453576770374,1.2829277070074614,0.877,0.877,1,Dendritic cell
CDC123,0.773688065819899,-0.3396816142729051,0.756,0.751,1,Dendritic cell
SMC6,0.773859969558995,1.4874292381516279,0.423,0.428,1,Dendritic cell
HLTF,0.7738921378798347,0.12606652935233398,0.274,0.273,1,Dendritic cell
UAP1,0.7742048693403641,0.15029584082947603,0.259,0.266,1,Dendritic cell
PRSS53,0.774214191189031,-0.11373747190566474,0.03,0.033,1,Dendritic cell
TPGS1,0.7744326286216301,0.2221630970784123,0.416,0.409,1,Dendritic cell
CNN2,0.7744829754327471,-1.1428327181799283,0.928,0.925,1,Dendritic cell
MYO5C,0.7745246838266164,0.8532011217693776,0.07,0.067,1,Dendritic cell
HOOK3,0.7746685386902811,0.5733013512716347,0.743,0.748,1,Dendritic cell
PSMB2,0.7748469709685664,-0.25976450416183106,0.769,0.765,1,Dendritic cell
WNT5B,0.7748526862046998,-0.4204443334345571,0.018,0.017,1,Dendritic cell
FMNL3,0.7754936047733394,0.34460768023306176,0.39,0.395,1,Dendritic cell
NEDD4L,0.7756498666569805,-0.42257510432901335,0.096,0.095,1,Dendritic cell
CFL1,0.7757289232502657,7.118246331739606,0.992,0.992,1,Dendritic cell
SDC2,0.7757700007401144,2.5273802599653,0.01,0.009,1,Dendritic cell
DPEP3,0.776262047591759,-0.18003920244896943,0.011,0.012,1,Dendritic cell
EIF2AK2,0.7764268994934324,-2.006800621594337,0.515,0.518,1,Dendritic cell
BRWD3,0.7766287821912309,0.6002631979253343,0.428,0.432,1,Dendritic cell
FUBP3,0.7767034269393062,0.3695191749963902,0.546,0.542,1,Dendritic cell
PSMF1,0.7767045760400615,-0.12246413310367821,0.811,0.815,1,Dendritic cell
SLC46A3,0.7770561561377334,0.5221163963519513,0.323,0.32,1,Dendritic cell
ECSIT,0.7772367984504643,-0.10408789047569456,0.372,0.371,1,Dendritic cell
HPGDS,0.7773472799291125,0.13990529246527839,0.011,0.009,1,Dendritic cell
TIGD3,0.7774328350228564,-0.30170608202131977,0.064,0.063,1,Dendritic cell
ARMT1,0.7775684433504052,-0.11764882130326174,0.304,0.301,1,Dendritic cell
POU2F2,0.7779098978413432,-1.0539979527557781,0.631,0.635,1,Dendritic cell
ALKBH2,0.7779882338156434,-0.13560008618498465,0.051,0.052,1,Dendritic cell
NUP93,0.7786473658797665,0.3836982352320639,0.604,0.598,1,Dendritic cell
ZNF704,0.7786485877232961,-0.17737351136238289,0.009,0.01,1,Dendritic cell
RAB11FIP3,0.778712526633121,0.12781333638876957,0.178,0.178,1,Dendritic cell
RRP7A,0.7791063391395409,0.10728626109813094,0.25,0.245,1,Dendritic cell
DGKH,0.7791539779439579,-0.13067120112543051,0.029,0.029,1,Dendritic cell
SMAD4,0.7791558713383979,-0.15493134297598843,0.558,0.552,1,Dendritic cell
NAGLU,0.7792707881760106,0.13946093116861258,0.104,0.1,1,Dendritic cell
H2AC6,0.7800919670364109,0.43283098056080105,0.023,0.022,1,Dendritic cell
C9orf72,0.7805595496501514,0.7569826643846476,0.757,0.753,1,Dendritic cell
UBA2,0.7809920610680887,0.13675991365356266,0.625,0.62,1,Dendritic cell
ZNF502,0.7810047830603509,-0.11661913447424688,0.031,0.029,1,Dendritic cell
FFAR2,0.7811439826733426,-0.2777321236809991,0.023,0.023,1,Dendritic cell
SPRED2,0.7816633171592401,0.25593202935543014,0.14,0.145,1,Dendritic cell
TEX30,0.7816696921676167,0.11692466597835449,0.135,0.131,1,Dendritic cell
MXD4,0.7816705213407406,1.950743525967697,0.776,0.782,1,Dendritic cell
TSPAN2,0.781717016622611,-0.2674462864317363,0.07,0.069,1,Dendritic cell
NME1,0.7823062107283345,0.21068921902285442,0.483,0.487,1,Dendritic cell
TGM1,0.7824037725468288,0.1460998534000697,0.03,0.029,1,Dendritic cell
DBI,0.7824063493511118,9.398036445491375,0.675,0.669,1,Dendritic cell
SGO1,0.7832305470663719,0.3296138500674197,0.038,0.039,1,Dendritic cell
TBX21,0.7836612199212262,0.7022949227517035,0.024,0.022,1,Dendritic cell
ACADM,0.7837998946041466,0.10956425795660718,0.51,0.507,1,Dendritic cell
YRDC,0.7838938288322259,0.19046231812795755,0.231,0.228,1,Dendritic cell
LIMCH1,0.7839701654772651,1.637443354884554,0.066,0.065,1,Dendritic cell
XRRA1,0.784513081536693,0.23502225405604138,0.096,0.09,1,Dendritic cell
SLU7,0.7848579479282378,0.30359874119204155,0.65,0.644,1,Dendritic cell
CCNK,0.785017650781389,0.19171270994175016,0.651,0.65,1,Dendritic cell
MYBL1,0.7850977587737936,-1.0726501262372228,0.05,0.05,1,Dendritic cell
MAGEF1,0.78517761736766,-1.2584969408164035,0.413,0.408,1,Dendritic cell
WDR17,0.7851894859393748,0.12010300699159648,0.037,0.034,1,Dendritic cell
TUT7,0.7851963294300737,3.063365382400768,0.874,0.876,1,Dendritic cell
SPAG5,0.7855657248518,-8.39714454823301,0.085,0.087,1,Dendritic cell
MYCBPAP,0.785756974991063,0.13518100980576353,0.013,0.012,1,Dendritic cell
PMVK,0.7857918706340072,-0.31757099627820584,0.449,0.442,1,Dendritic cell
EIF3K,0.7858237611587939,0.5079229551677624,0.861,0.859,1,Dendritic cell
PAFAH1B2,0.7861529804564247,0.29837542482250257,0.633,0.637,1,Dendritic cell
PATL2,0.7865139371586277,0.2920992537473248,0.055,0.058,1,Dendritic cell
NFKB2,0.7865902627359378,-0.9382734867225735,0.495,0.5,1,Dendritic cell
HIVEP3,0.7866484214940618,-0.2055079192528413,0.285,0.287,1,Dendritic cell
NCOA4,0.7867157026691545,6.174388258461068,0.96,0.962,1,Dendritic cell
ZFP91,0.7872266103055219,0.2819585250592165,0.676,0.676,1,Dendritic cell
AGGF1,0.78759278848618,0.39342704743611145,0.517,0.511,1,Dendritic cell
HEXD,0.7880808296798981,-0.14566150829584412,0.423,0.414,1,Dendritic cell
LY86,0.7881501125523841,-0.854098114881225,0.757,0.755,1,Dendritic cell
C6orf226,0.7881613015599352,0.20098978649958643,0.144,0.138,1,Dendritic cell
SEMA4B,0.7887470968587513,0.2430491609092219,0.203,0.198,1,Dendritic cell
BAG2,0.7888416944999369,-0.1843342489119555,0.151,0.156,1,Dendritic cell
CARD16,0.7892128131136106,0.20358673048944437,0.266,0.26,1,Dendritic cell
ANKRD36,0.7892414140849578,0.11868791011655722,0.106,0.106,1,Dendritic cell
RSKR,0.789411261629168,0.13028396285582033,0.022,0.021,1,Dendritic cell
RAB15,0.7894539218761706,0.9847331045241765,0.107,0.112,1,Dendritic cell
DUSP4,0.7895299888479951,4.477601866666965,0.016,0.015,1,Dendritic cell
LAIR1,0.7897176783602081,1.128185947965754,0.439,0.448,1,Dendritic cell
TNFSF10,0.7897273049834759,-4.5048613524792245,0.542,0.536,1,Dendritic cell
GRHPR,0.7903660456938851,-0.34800005623122887,0.592,0.586,1,Dendritic cell
PTBP3,0.7903903081786703,3.1338859877606424,0.956,0.959,1,Dendritic cell
KCNH3,0.7907236705491587,0.11033940554300159,0.028,0.028,1,Dendritic cell
GTF3C3,0.7909006620106811,0.45035884523194536,0.53,0.531,1,Dendritic cell
PFDN6,0.7909624686815266,-0.23359510249739612,0.542,0.536,1,Dendritic cell
ATP5PB,0.791295428683239,0.8131753165210993,0.824,0.824,1,Dendritic cell
CGGBP1,0.7913604438529778,0.36087138546959885,0.768,0.766,1,Dendritic cell
GBP5,0.7915677520849661,-8.75122302594174,0.153,0.147,1,Dendritic cell
HAPSTR1,0.7917445862564642,-0.2338261941003923,0.848,0.85,1,Dendritic cell
RALBP1,0.7918806353664948,-0.20767329260060352,0.502,0.504,1,Dendritic cell
PGGHG,0.7919236021558405,1.109931180553519,0.135,0.138,1,Dendritic cell
FAM3B,0.7920648923012908,-0.30166036296206844,0.008,0.01,1,Dendritic cell
STX7,0.7922184495952096,2.1497193751769252,0.913,0.913,1,Dendritic cell
PLXND1,0.7923469090491093,9.933675725707792,0.632,0.636,1,Dendritic cell
GM2A,0.7924658899537523,-1.0110271516928337,0.534,0.539,1,Dendritic cell
SPRED1,0.7926603102982256,0.11778649240778893,0.072,0.069,1,Dendritic cell
RGS10,0.792682479068837,-7.920257906032976,0.816,0.814,1,Dendritic cell
NOP56,0.7927560755139951,0.4054883879598896,0.513,0.508,1,Dendritic cell
SF3A2,0.7928679432837353,-0.41013332525069046,0.696,0.694,1,Dendritic cell
RNF4,0.7939664136024422,-0.8212977061706539,0.812,0.816,1,Dendritic cell
RFFL,0.7940358804729474,0.13756440961921945,0.338,0.337,1,Dendritic cell
ATOSA,0.7941617394233969,-1.9035274646618374,0.584,0.58,1,Dendritic cell
CHMP4B,0.794706201973872,-0.3447478038798577,0.866,0.869,1,Dendritic cell
ACVR2B,0.7948128677113183,-0.12255893153290875,0.043,0.045,1,Dendritic cell
TRIM24,0.7953224567340613,0.1050437241641321,0.329,0.33,1,Dendritic cell
ARMC10,0.7954019295349466,0.28494335670011983,0.63,0.635,1,Dendritic cell
ADAMTS10,0.7959515217789019,-0.3537670853289514,0.05,0.049,1,Dendritic cell
PRICKLE1,0.7960062759477005,0.37689596005067516,0.031,0.029,1,Dendritic cell
MAMSTR,0.7963953035323097,-0.12078004840280077,0.025,0.026,1,Dendritic cell
AKAP8L,0.796650288690956,-0.2591445094241629,0.468,0.471,1,Dendritic cell
ATP8B2,0.7967861509408423,2.6993450338450313,0.192,0.191,1,Dendritic cell
KCNMB1,0.7968104770734347,-0.3826129469366315,0.27,0.263,1,Dendritic cell
IRF6,0.7977167579027045,0.29114020959402076,0.01,0.008,1,Dendritic cell
ANKEF1,0.7980839069868346,-0.10873388848621612,0.033,0.036,1,Dendritic cell
ZNF362,0.7984681634087932,0.2647953137568493,0.551,0.547,1,Dendritic cell
AP1M1,0.79848895027426,0.27415673799846196,0.73,0.726,1,Dendritic cell
EFTUD2,0.798535153315386,-0.2856530976587228,0.751,0.75,1,Dendritic cell
ADAR,0.7986221344165776,-1.8365049875369053,0.873,0.876,1,Dendritic cell
FANCA,0.7991583998223792,0.4671759067482415,0.027,0.025,1,Dendritic cell
CTNNBL1,0.7995198970147488,-0.25045065823644674,0.381,0.378,1,Dendritic cell
F8A1,0.7995331053204627,0.1528498027674967,0.019,0.017,1,Dendritic cell
RAP2C,0.7995445534297535,-0.12050301383120976,0.639,0.634,1,Dendritic cell
NPC1,0.7996326211400993,-0.7331269585158164,0.37,0.37,1,Dendritic cell
MYO1F,0.799974929199475,-9.427399261558215,0.879,0.875,1,Dendritic cell
RUFY3,0.7999864572606387,0.9610126327762822,0.774,0.769,1,Dendritic cell
LAMP5,0.8001283942061552,-1.5242645899897909,0.222,0.226,1,Dendritic cell
ZCCHC2,0.800308319088956,-0.15426585460176923,0.303,0.307,1,Dendritic cell
ARMC12,0.8004903594560244,0.1481515370669717,0.023,0.022,1,Dendritic cell
TBC1D12,0.8005117771239595,-0.11346851654526943,0.255,0.255,1,Dendritic cell
HTR3A,0.8017879959390085,-1.1133578653717218,0.04,0.039,1,Dendritic cell
DACT1,0.8018496398014596,0.15090591399400322,0.076,0.08,1,Dendritic cell
BRK1,0.8019465135021216,0.11172613268189924,0.742,0.743,1,Dendritic cell
PLEKHG4B,0.8022766420629832,-0.1326696001525196,0.018,0.02,1,Dendritic cell
PACRGL,0.8024476628134511,0.19850848256876844,0.216,0.214,1,Dendritic cell
EZH2,0.8024635653862204,2.1422264854238255,0.27,0.267,1,Dendritic cell
DCAF6,0.8027796788747963,0.21611064783903178,0.413,0.415,1,Dendritic cell
HHLA2,0.8030902232261921,0.3053295682382484,0.03,0.03,1,Dendritic cell
PTGDS,0.803186653967446,21.54521898627587,0.104,0.101,1,Dendritic cell
MID1IP1,0.8032475569341763,1.4728964743769906,0.611,0.607,1,Dendritic cell
GSDMD,0.803360614745564,-0.7911411555299415,0.709,0.703,1,Dendritic cell
DNAJC5,0.8035498353071817,0.45135037653683074,0.731,0.735,1,Dendritic cell
DENND1C,0.8037894746544887,0.2782141633818176,0.555,0.55,1,Dendritic cell
TMEM225B,0.8038180353940129,-0.1250922240546153,0.02,0.021,1,Dendritic cell
GPATCH2L,0.804065568858584,0.19739256216001344,0.724,0.719,1,Dendritic cell
C10orf95,0.8042097024169262,0.20579352193063016,0.014,0.013,1,Dendritic cell
CHMP3,0.8044539786231665,-0.1823061114598521,0.604,0.61,1,Dendritic cell
SNRPA,0.8044594776270728,0.27693649858326097,0.734,0.736,1,Dendritic cell
SLC38A9,0.8045726526556412,0.10412137678755928,0.322,0.324,1,Dendritic cell
ATXN10,0.8046004406779665,0.30356169320413273,0.585,0.594,1,Dendritic cell
FAM199X,0.8048054476652388,0.1618750353799855,0.366,0.371,1,Dendritic cell
ELL2,0.805156507215855,-0.9598435459537045,0.084,0.087,1,Dendritic cell
GATM,0.8055192264453707,-0.2138228308674166,0.257,0.258,1,Dendritic cell
YWHAQ,0.8063683535268218,0.126222358270206,0.476,0.478,1,Dendritic cell
FUCA2,0.8066082872776873,-0.30636304528266667,0.481,0.479,1,Dendritic cell
PTCH1,0.8069715564999216,0.13643988279231234,0.013,0.012,1,Dendritic cell
PCF11,0.8074866517018511,0.38324782252759837,0.661,0.657,1,Dendritic cell
LIMD1,0.8074870112070498,0.6415570684373808,0.851,0.855,1,Dendritic cell
MKI67,0.807746457990886,11.446208557399373,0.042,0.044,1,Dendritic cell
PIK3CD,0.8081054219838006,2.6131332672069902,0.904,0.903,1,Dendritic cell
SMIM14,0.8083510384678686,-1.8319003143949786,0.658,0.654,1,Dendritic cell
DNASE2,0.8084905568553973,0.2872098036353896,0.193,0.19,1,Dendritic cell
CERK,0.8087741458744429,-0.52594207954761,0.681,0.683,1,Dendritic cell
TRIM6,0.8091808868123516,-0.10430607223745003,0.017,0.018,1,Dendritic cell
MT-ATP6,0.8094078099883388,-50.58838674007569,0.966,0.966,1,Dendritic cell
MMP24OS,0.8094387368983742,-0.278701226750274,0.532,0.526,1,Dendritic cell
ATP11A,0.8095503507868684,-0.10963000797785671,0.574,0.573,1,Dendritic cell
ING2,0.8097609952952121,-0.11024908108584763,0.176,0.174,1,Dendritic cell
ERICH5,0.8098071052075366,0.82841225462733,0.009,0.01,1,Dendritic cell
TMEM164,0.810065320785311,0.10760043086563043,0.475,0.478,1,Dendritic cell
PACS1,0.8107197249385298,-1.6950272542651161,0.607,0.603,1,Dendritic cell
OSBPL8,0.8110310889194325,-0.2477895695086687,0.841,0.844,1,Dendritic cell
CTNNA1,0.8112396515033156,-0.5189925842300278,0.675,0.678,1,Dendritic cell
DNASE1L3,0.8119800024101285,-27.30959723068422,0.287,0.284,1,Dendritic cell
LY6E,0.8120078775342223,5.4892383145171095,0.547,0.543,1,Dendritic cell
VAPA,0.812069217252992,-0.29365190758421367,0.727,0.724,1,Dendritic cell
C14orf28,0.8129232779676638,-0.13154001639141155,0.052,0.055,1,Dendritic cell
LTK,0.8129630985741272,4.8961778719337925,0.199,0.195,1,Dendritic cell
ARID3A,0.813022014059023,0.31870274973042045,0.426,0.425,1,Dendritic cell
HSPA9,0.8130881149755318,-0.2573538229343888,0.574,0.579,1,Dendritic cell
NLRP3,0.8141674855030283,-0.8476668025251834,0.56,0.555,1,Dendritic cell
KCNIP2,0.8143857339624163,0.14313048234949965,0.055,0.058,1,Dendritic cell
MAPK14,0.8147017371131207,0.11024980588966038,0.808,0.804,1,Dendritic cell
CD36,0.8148813894675979,-4.117230701522473,0.872,0.871,1,Dendritic cell
TRIM58,0.8150110899466683,-2.8036466526714934,0.056,0.054,1,Dendritic cell
H2BK1,0.8151627791240967,-0.11739097257520115,0.026,0.029,1,Dendritic cell
H2BC21,0.815227624880582,-11.048610843407872,0.555,0.548,1,Dendritic cell
ANAPC15,0.815888416905904,0.3456587839948595,0.557,0.554,1,Dendritic cell
CTLA4,0.8161712079165876,-0.13560546730668133,0.009,0.01,1,Dendritic cell
TTC39A,0.8162544660000484,0.8200645365822408,0.131,0.13,1,Dendritic cell
CFAP97,0.8168177665050248,0.12198084594811542,0.321,0.316,1,Dendritic cell
MAP3K21,0.8173321890476786,0.14697353637065913,0.151,0.144,1,Dendritic cell
PHETA2,0.8175685843455883,0.1563892967968723,0.118,0.115,1,Dendritic cell
ARHGAP1,0.8176827395351174,2.6194766732142867,0.832,0.832,1,Dendritic cell
SAFB,0.8177731227643593,0.4203411745570609,0.828,0.83,1,Dendritic cell
HYAL3,0.8177865968589633,-0.11122921357640525,0.026,0.027,1,Dendritic cell
TRIQK,0.8179081815586723,-0.2825404134852791,0.285,0.283,1,Dendritic cell
PLD6,0.8179423084194067,-0.1308646259477344,0.019,0.019,1,Dendritic cell
BCL2L1,0.8180167145449414,0.2895510679637092,0.341,0.337,1,Dendritic cell
VCAN,0.8183381104021635,-15.892370954897089,0.553,0.556,1,Dendritic cell
VPS11,0.8186470186640443,0.13734903317332003,0.488,0.484,1,Dendritic cell
XPO4,0.8187497480829572,-0.17332322043578174,0.373,0.368,1,Dendritic cell
GNG2,0.8187597906015888,6.617949566961492,0.633,0.635,1,Dendritic cell
MRM3,0.8187610124546194,-0.11329282983424149,0.111,0.113,1,Dendritic cell
CCDC59,0.8189237698142033,0.21445423314150425,0.545,0.541,1,Dendritic cell
CRLF3,0.8192069671547196,-0.14121475813852502,0.607,0.6,1,Dendritic cell
TPX2,0.8192111262588144,-2.66332721082361,0.03,0.029,1,Dendritic cell
ATG13,0.819369935753736,0.1277324127357149,0.406,0.407,1,Dendritic cell
NPM3,0.8197805061013876,0.12219462538242298,0.249,0.244,1,Dendritic cell
PTGIR,0.819855545437463,-0.5654598752333755,0.214,0.214,1,Dendritic cell
PIAS4,0.8200809353484833,-0.2637105586800892,0.274,0.27,1,Dendritic cell
FANCI,0.8202958007358307,0.8343022203046992,0.097,0.1,1,Dendritic cell
CDCA7L,0.8203260543229692,1.4505105150561093,0.362,0.366,1,Dendritic cell
TMEM87B,0.8203362941890007,0.1531489680644751,0.365,0.361,1,Dendritic cell
PSME1,0.8204012142974052,-1.5397705462137523,0.981,0.982,1,Dendritic cell
CNP,0.8205623353958533,2.871615216718739,0.648,0.643,1,Dendritic cell
LDLRAP1,0.8207315582329118,-0.18007036311419009,0.188,0.184,1,Dendritic cell
NDC1,0.8211356969556711,0.2414190979971514,0.252,0.246,1,Dendritic cell
SETMAR,0.82123213142625,-0.12368306581823774,0.039,0.041,1,Dendritic cell
PCSK5,0.8212407580659803,-0.2058816539013476,0.137,0.141,1,Dendritic cell
PI4KA,0.8213044590875086,-0.7432937837513354,0.728,0.734,1,Dendritic cell
SSRP1,0.8215262294593556,1.6533482781164586,0.673,0.668,1,Dendritic cell
TLR5,0.8216893068506144,0.17015420927568722,0.207,0.211,1,Dendritic cell
SOCS3,0.8220154547247579,0.3588667365683813,0.242,0.248,1,Dendritic cell
NOL4L,0.822164554401154,0.2911251190159746,0.221,0.216,1,Dendritic cell
HADHB,0.8222454536938841,-0.20710037396655423,0.798,0.794,1,Dendritic cell
DDX60,0.8223418765721594,-0.1474884588500102,0.155,0.15,1,Dendritic cell
WDR26,0.8223496011691753,-0.860911817613828,0.827,0.824,1,Dendritic cell
SLC2A4RG,0.8226579681229069,0.18730250140962357,0.167,0.171,1,Dendritic cell
FBRSL1,0.822670551918947,0.15154458436959306,0.429,0.429,1,Dendritic cell
S1PR5,0.8226906655225489,-1.914075584759428,0.016,0.014,1,Dendritic cell
RC3H1,0.8229778617229531,0.1001283674154072,0.578,0.574,1,Dendritic cell
NFATC3,0.8232011208264206,-2.7359536292822613,0.666,0.663,1,Dendritic cell
MICAL3,0.8232356975529062,0.5814019927297909,0.167,0.165,1,Dendritic cell
MTMR8,0.8232728620629665,0.1016020036874874,0.022,0.02,1,Dendritic cell
IL4I1,0.8243862574799006,7.499633787788536,0.05,0.05,1,Dendritic cell
NME7,0.8245058102459417,-0.12130104561842092,0.088,0.092,1,Dendritic cell
DHRSX,0.8252149674711236,-0.2398733495755223,0.41,0.404,1,Dendritic cell
EMC10,0.8252772701561207,0.10744810027086782,0.828,0.825,1,Dendritic cell
TREM1,0.8253016853458933,-5.242865675240214,0.203,0.201,1,Dendritic cell
LATS1,0.8258472311792088,-0.23638063284478328,0.61,0.604,1,Dendritic cell
MOV10,0.8258568142399476,-1.34514405555441,0.325,0.319,1,Dendritic cell
NFXL1,0.8259982368497791,4.008819656815903,0.214,0.214,1,Dendritic cell
APOL6,0.8261058198077118,-1.6083990681100993,0.444,0.435,1,Dendritic cell
AURKA,0.8262568210739594,-1.203219617558675,0.06,0.063,1,Dendritic cell
NOL10,0.8266296101285289,0.1380382377545586,0.163,0.158,1,Dendritic cell
ITPRIPL1,0.8268375155429428,0.4427050210705086,0.052,0.053,1,Dendritic cell
RAD51B,0.8269302617648471,-0.14315294947845675,0.295,0.29,1,Dendritic cell
CEMIP2,0.8269721953762387,-0.3329597794032975,0.172,0.171,1,Dendritic cell
DNM2,0.82701195518868,-0.6256996983041638,0.861,0.864,1,Dendritic cell
KIF18A,0.8271774976982897,-0.15072722420541673,0.03,0.031,1,Dendritic cell
DAPK2,0.82742669849177,0.2770453062542071,0.166,0.165,1,Dendritic cell
RARS1,0.8275290722094532,-0.21276568940497853,0.615,0.609,1,Dendritic cell
MLF2,0.8275604742661442,0.18756889210957173,0.79,0.785,1,Dendritic cell
TM2D3,0.8275878971720849,0.11090592201298666,0.338,0.333,1,Dendritic cell
NPR2,0.8276839296914984,-0.12709634253346103,0.029,0.027,1,Dendritic cell
TYROBP,0.8283273967203182,1.15848698808394,0.904,0.9,1,Dendritic cell
PPIL3,0.828374499428091,0.15632375655765607,0.493,0.501,1,Dendritic cell
LPAR2,0.8283969937531303,0.11339494684788792,0.212,0.208,1,Dendritic cell
HNRNPAB,0.8287826338787551,0.3278139399940576,0.624,0.618,1,Dendritic cell
NT5DC2,0.8288228675391899,0.45871988327297153,0.206,0.212,1,Dendritic cell
SLC36A4,0.8290910891547164,0.23993008470274624,0.249,0.247,1,Dendritic cell
SLC25A19,0.8291014833951472,0.16149263463966437,0.247,0.249,1,Dendritic cell
DHX36,0.8291602441640786,-0.295686633609062,0.585,0.583,1,Dendritic cell
ZNF610,0.829409062135327,0.14701343337452766,0.011,0.01,1,Dendritic cell
BTN3A3,0.8296642049773346,0.1211375773898864,0.361,0.361,1,Dendritic cell
PRCP,0.8298180858186887,-1.7867121238614931,0.866,0.869,1,Dendritic cell
NDC80,0.8298529331671752,4.438578895509597,0.017,0.018,1,Dendritic cell
CRELD2,0.8298980244683247,0.4469109994125786,0.303,0.305,1,Dendritic cell
ZFAT,0.8299825086542375,4.094435159902432,0.337,0.34,1,Dendritic cell
AKAP6,0.8303620195850099,0.565282548675675,0.059,0.061,1,Dendritic cell
SIGLEC14,0.8305454620485196,0.4559649545445188,0.415,0.424,1,Dendritic cell
ICAM2,0.8306795847876183,0.1121181301324441,0.469,0.464,1,Dendritic cell
CDC14A,0.8308119962721314,1.619914027516312,0.345,0.342,1,Dendritic cell
ANKFY1,0.8312090263665344,0.23697429731778574,0.482,0.481,1,Dendritic cell
RSPH1,0.8315341136609505,-0.1260557626046852,0.01,0.011,1,Dendritic cell
RO60,0.8318903906126814,0.24298801716701224,0.614,0.609,1,Dendritic cell
NDUFA2,0.8319573615159285,-0.45382199166234205,0.84,0.843,1,Dendritic cell
KCNK6,0.8325602342969527,0.5430151075579932,0.51,0.506,1,Dendritic cell
DDX23,0.8327458286766958,-0.36812138576544706,0.583,0.585,1,Dendritic cell
GRK6,0.8329498608897185,-0.30564837828350777,0.321,0.323,1,Dendritic cell
C3orf18,0.8329810146937865,0.17609783752996666,0.014,0.013,1,Dendritic cell
AK5,0.8331127389440113,-7.005099924669954,0.049,0.049,1,Dendritic cell
ARMH1,0.8331833596337693,0.19509975586827633,0.012,0.011,1,Dendritic cell
SMIM5,0.8331866806430631,-0.7059416461300994,0.148,0.151,1,Dendritic cell
ARL8A,0.8332324528853587,-0.525687696072568,0.745,0.746,1,Dendritic cell
THAP12,0.8335806744008738,0.4487858058116876,0.513,0.511,1,Dendritic cell
WDR76,0.8336675068365293,0.8108327765760744,0.085,0.084,1,Dendritic cell
UCP3,0.8339240654944866,-0.21710979044339096,0.031,0.033,1,Dendritic cell
APOBEC3G,0.8339305377749315,0.8015667062763621,0.441,0.439,1,Dendritic cell
ABL1,0.8339903785288112,-0.2462740486836723,0.403,0.409,1,Dendritic cell
CYSTM1,0.8342776932276299,-0.14579850515342452,0.142,0.146,1,Dendritic cell
HNRNPA0,0.8343849368494313,-0.45087577127484657,0.913,0.912,1,Dendritic cell
GPRASP1,0.8344374312580974,0.1028766325855881,0.041,0.039,1,Dendritic cell
H2AC11,0.8344629534872473,0.38848120366125816,0.066,0.065,1,Dendritic cell
RASGRP2,0.8351493985635903,1.963663798553176,0.805,0.807,1,Dendritic cell
RPAIN,0.8353549729903527,-0.20825345138442009,0.545,0.545,1,Dendritic cell
TIMELESS,0.8354043749018372,0.144220363797118,0.05,0.051,1,Dendritic cell
COPB2,0.8354316528905354,-0.11231736912258494,0.711,0.707,1,Dendritic cell
ST3GAL1,0.8354455732545971,-0.22754687163603826,0.3,0.304,1,Dendritic cell
ADAMTSL4,0.8354654743074484,-0.8391341864792083,0.244,0.243,1,Dendritic cell
SH2B3,0.8354792698597742,-5.8858878335393765,0.872,0.874,1,Dendritic cell
ABCD1,0.8358933598448336,-0.19000056146327204,0.382,0.384,1,Dendritic cell
CRLS1,0.8363187316892999,-0.18288875379383374,0.568,0.566,1,Dendritic cell
TCERG1,0.8364285407724334,-2.063814444564593,0.723,0.726,1,Dendritic cell
NR1H3,0.836463876953292,0.36038352829195874,0.099,0.099,1,Dendritic cell
WDR35,0.8366788585220912,0.15175566198130297,0.1,0.097,1,Dendritic cell
CAMTA2,0.8366841285679438,0.26876502674787095,0.487,0.49,1,Dendritic cell
IFNLR1,0.8367262473978482,0.2713445475916254,0.057,0.056,1,Dendritic cell
PRR11,0.8369330970288416,-0.5652559701728899,0.157,0.156,1,Dendritic cell
GSK3B,0.8371716910669291,-0.5894000883401085,0.724,0.728,1,Dendritic cell
ZNF827,0.8373481482715033,0.10659099478975387,0.047,0.046,1,Dendritic cell
PHIP,0.8376163107151547,-0.1906776250238802,0.546,0.549,1,Dendritic cell
TMEM260,0.8376631875547274,0.11431737326156377,0.279,0.278,1,Dendritic cell
SMC4,0.8378928269406629,-5.849418552302259,0.373,0.366,1,Dendritic cell
ZNF469,0.8379325373847455,-0.4492570858731847,0.149,0.149,1,Dendritic cell
RASAL3,0.8380049331255445,-0.4856519607094145,0.532,0.535,1,Dendritic cell
DCP1A,0.8380367991642074,0.13055039489075482,0.379,0.385,1,Dendritic cell
KRT5,0.8380575432848045,41.58261164316899,0.053,0.053,1,Dendritic cell
ZNF706,0.8380599766248011,-0.2249129248265982,0.638,0.642,1,Dendritic cell
AMT,0.8385287171241188,-0.10045634315249763,0.129,0.132,1,Dendritic cell
CPED1,0.838714580726573,-0.5275403903146474,0.665,0.669,1,Dendritic cell
CSRP1,0.8388958358091523,2.862807023539947,0.596,0.589,1,Dendritic cell
EVI5,0.8394217566154633,0.1577833936605555,0.426,0.42,1,Dendritic cell
CUL4A,0.8394513045276393,0.24373921064167692,0.419,0.424,1,Dendritic cell
ASXL1,0.8395113764700362,-0.5047176355156422,0.632,0.632,1,Dendritic cell
NPL,0.8398043174279255,-1.064464929946401,0.049,0.049,1,Dendritic cell
FAS,0.8400265183634777,-1.2299659358229544,0.214,0.214,1,Dendritic cell
DHX29,0.840264084646096,0.13199432368095615,0.331,0.332,1,Dendritic cell
ACD,0.8404713200401106,0.2590053036187214,0.265,0.263,1,Dendritic cell
PIGS,0.8408212941620387,0.160725491139472,0.642,0.638,1,Dendritic cell
LRRC26,0.8411926494802757,1.9727961938840037,0.181,0.179,1,Dendritic cell
SRSF4,0.8412139254523461,-0.23782051540112192,0.694,0.699,1,Dendritic cell
NAB1,0.8413125416399221,0.12796612283884512,0.401,0.403,1,Dendritic cell
SMPD3,0.8414925424798348,3.62319486196885,0.294,0.298,1,Dendritic cell
SPG11,0.8414985362020484,0.3649216930641881,0.699,0.701,1,Dendritic cell
PLPPR2,0.8417427239711535,0.17392309848286036,0.161,0.156,1,Dendritic cell
KIF13A,0.8418106649142325,-0.154518548217574,0.269,0.267,1,Dendritic cell
CELF2,0.8419105331686638,3.429430755210193,0.955,0.956,1,Dendritic cell
GSTM1,0.8420069665352652,0.22560830219641126,0.011,0.01,1,Dendritic cell
CCSAP,0.8421153132546837,0.28504030223422827,0.326,0.326,1,Dendritic cell
ANAPC13,0.8423776057812449,-0.10894295715849012,0.514,0.509,1,Dendritic cell
TMED5,0.8423933118533335,-0.5472601138978517,0.766,0.765,1,Dendritic cell
NLN,0.8429816918785703,-0.10967940211769178,0.239,0.233,1,Dendritic cell
TBC1D17,0.8429900523254586,0.10837689518943172,0.346,0.341,1,Dendritic cell
MISFA,0.8430119115272336,0.16832934353695395,0.033,0.032,1,Dendritic cell
NUCB2,0.8430595158561959,0.22574574692793092,0.444,0.442,1,Dendritic cell
FKBP9,0.8437511790573223,-0.15512637269069085,0.016,0.017,1,Dendritic cell
KYAT3,0.844916552172294,0.3411127342729271,0.351,0.346,1,Dendritic cell
EGR2,0.8454208187498444,2.6660430306136336,0.012,0.011,1,Dendritic cell
DNAAF11,0.8455748009596151,0.3231203229731827,0.025,0.027,1,Dendritic cell
MAFB,0.8462316720997242,1.3549279140173702,0.184,0.187,1,Dendritic cell
LSM4,0.8463768536854452,0.7426590528836847,0.815,0.81,1,Dendritic cell
MTIF2,0.8464335585610218,-0.6979173011802076,0.467,0.47,1,Dendritic cell
PPM1M,0.8465469593650022,0.4744863888296349,0.519,0.519,1,Dendritic cell
TAP2,0.846675107044548,21.67169525853904,0.767,0.768,1,Dendritic cell
GLRX3,0.8472783341530528,-0.6884386711843127,0.658,0.659,1,Dendritic cell
THBD,0.8475534103120783,3.640161214828087,0.256,0.261,1,Dendritic cell
MT-ND4L,0.8478354581278267,-0.3053620513293336,0.193,0.198,1,Dendritic cell
SUMF1,0.8480541621965416,-0.20491344423331992,0.372,0.37,1,Dendritic cell
YIF1B,0.8481870118618138,-0.1585797027720126,0.727,0.725,1,Dendritic cell
LAPTM5,0.8483560098990854,-8.713211954577062,0.996,0.996,1,Dendritic cell
RHBDD1,0.848697172089516,-0.19253131710571292,0.326,0.326,1,Dendritic cell
ATF5,0.848783296413831,-8.748499253516592,0.405,0.41,1,Dendritic cell
N4BP1,0.8489373688420515,-0.6998348079810031,0.51,0.517,1,Dendritic cell
PCTP,0.8491464097593325,-0.21137739515328363,0.243,0.241,1,Dendritic cell
ASF1B,0.8498549757352315,2.5737817909231717,0.019,0.019,1,Dendritic cell
LSS,0.8499219818919401,-1.1347883846543538,0.2,0.199,1,Dendritic cell
SMC2,0.8500378253565538,-0.7975353371092926,0.188,0.192,1,Dendritic cell
PFKFB4,0.8500801311964831,-0.23979997454006274,0.101,0.101,1,Dendritic cell
LINGO3,0.8504470312443436,0.16061258103473364,0.01,0.009,1,Dendritic cell
POLR1A,0.8507250537695898,0.1375858174111827,0.37,0.365,1,Dendritic cell
MMAA,0.8507477875724501,-0.10921102125724924,0.133,0.132,1,Dendritic cell
KHDRBS1,0.8509383912243826,-0.172590921517624,0.721,0.718,1,Dendritic cell
SH3BGRL,0.8513687273524349,-7.234304448590407,0.979,0.978,1,Dendritic cell
PILRB,0.8513831718916295,-0.4331770283632892,0.602,0.6,1,Dendritic cell
TMED3,0.8515105384423189,0.6694756721764685,0.401,0.402,1,Dendritic cell
SERPINB9,0.8518959343961111,3.786562554284295,0.485,0.484,1,Dendritic cell
CD59,0.8520616318852424,0.2973614231392999,0.215,0.213,1,Dendritic cell
CPLANE2,0.8528376986791331,-0.2304559669736559,0.018,0.019,1,Dendritic cell
FKBP7,0.8530721653339951,0.14724652947197958,0.044,0.042,1,Dendritic cell
IDH1,0.8538347497956842,-0.16123662889096968,0.443,0.446,1,Dendritic cell
TBCC,0.8538460029472624,-0.13757684821689553,0.516,0.515,1,Dendritic cell
USP35,0.8539150210206539,-0.1069483616809479,0.068,0.067,1,Dendritic cell
TCTN2,0.8539753744438392,-0.10914952771226005,0.027,0.026,1,Dendritic cell
GPR171,0.8541149236468215,-0.2997773429278743,0.092,0.095,1,Dendritic cell
TTC19,0.8541722139144347,0.19089477249576703,0.434,0.429,1,Dendritic cell
PDIA3,0.8545416306614299,1.2590647151535848,0.811,0.808,1,Dendritic cell
ABHD15,0.8556321050367953,0.5774517093380291,0.334,0.337,1,Dendritic cell
MYCBP2,0.8559834219122556,-0.10310373243099846,0.465,0.462,1,Dendritic cell
DUT,0.856114331079874,1.5649942851589143,0.494,0.491,1,Dendritic cell
SLC39A1,0.8561243656673786,0.11412485254721083,0.277,0.273,1,Dendritic cell
THNSL1,0.8564072153412954,0.10258229734496771,0.08,0.078,1,Dendritic cell
ARL6IP6,0.8565327971795251,0.6718954928671421,0.395,0.396,1,Dendritic cell
DCLK2,0.8565395749049793,-0.6711895332237249,0.106,0.109,1,Dendritic cell
MT-CYB,0.8567460216683925,-31.834295932351843,0.864,0.864,1,Dendritic cell
HSPA13,0.8570627313162904,-0.25042059367330133,0.303,0.306,1,Dendritic cell
SPNS3,0.8572228343688604,-0.2507208310558542,0.557,0.553,1,Dendritic cell
ATP5MC2,0.8573874321153934,-0.3497448481581369,0.946,0.946,1,Dendritic cell
FYTTD1,0.8573965872722867,-0.11563827259971537,0.604,0.609,1,Dendritic cell
MYL6,0.8577939937394611,-1.1902666506320045,0.871,0.869,1,Dendritic cell
MKRN2,0.8578155315982209,-0.11952419601173264,0.342,0.348,1,Dendritic cell
POLR3C,0.857837721709328,-0.13337855954584965,0.522,0.523,1,Dendritic cell
TMEM8B,0.8584028825060533,-0.4316398573825597,0.518,0.523,1,Dendritic cell
RELL1,0.8584508748800248,2.1190240222287393,0.581,0.582,1,Dendritic cell
KIF2A,0.8584985029330858,6.056843060475977,0.461,0.456,1,Dendritic cell
CUTC,0.8585312771626871,-0.12417182950802985,0.383,0.386,1,Dendritic cell
ZNF605,0.8590879223546798,0.11267970338486655,0.117,0.114,1,Dendritic cell
VMO1,0.8595159422956926,2.0675684025095116,0.012,0.012,1,Dendritic cell
BICRAL,0.8596374929234318,-0.1753959121914388,0.396,0.4,1,Dendritic cell
PTCRA,0.8599914162659111,-1.4970734074308614,0.159,0.16,1,Dendritic cell
LRRC40,0.860024899551553,0.15620798410686254,0.416,0.415,1,Dendritic cell
UBE3C,0.86033646932033,0.26645963554912466,0.742,0.742,1,Dendritic cell
SRSF3,0.8605543695629981,1.0821915353986906,0.89,0.89,1,Dendritic cell
TTC26,0.8606527801262391,0.12346988293721584,0.033,0.032,1,Dendritic cell
HID1,0.8607399434000782,0.13979074296691252,0.011,0.01,1,Dendritic cell
PNMA3,0.8608326103869788,0.2710496669688798,0.029,0.03,1,Dendritic cell
FAM161B,0.8610576691153828,-0.14555213023048097,0.011,0.012,1,Dendritic cell
MCM3,0.861271726870939,13.584169075576119,0.327,0.328,1,Dendritic cell
EEIG1,0.8613464474451098,0.7083160118592339,0.114,0.114,1,Dendritic cell
ST3GAL4,0.8618874284354839,-0.4259684798949328,0.506,0.511,1,Dendritic cell
PCBP1,0.8619893290775066,-0.3246660031496047,0.739,0.735,1,Dendritic cell
SRF,0.8629124863368983,4.784464277670119,0.462,0.459,1,Dendritic cell
LMNB2,0.8629415621879236,2.6201612321889662,0.351,0.35,1,Dendritic cell
RGS14,0.8634933933507883,2.3844874177670334,0.615,0.612,1,Dendritic cell
UCK2,0.8634942628653487,-0.5313119321128421,0.558,0.565,1,Dendritic cell
EVI2B,0.8643446847581098,10.737501111700716,0.971,0.971,1,Dendritic cell
RGS12,0.8645938058294,0.11506485772823982,0.107,0.109,1,Dendritic cell
JADE1,0.8650456947561497,-0.14438643912838622,0.26,0.259,1,Dendritic cell
LHFPL2,0.8653824641016306,-0.5583302722323245,0.231,0.228,1,Dendritic cell
ZBTB21,0.8656820807501474,-0.15474050992553312,0.24,0.242,1,Dendritic cell
RAVER2,0.8662077785094329,0.1542836696570149,0.272,0.275,1,Dendritic cell
C3orf38,0.8671394005314644,0.10330131533278109,0.465,0.463,1,Dendritic cell
SNRPC,0.8672853828246178,-0.35712947668901407,0.8,0.802,1,Dendritic cell
KIF2C,0.8676067606263009,-0.4172825857230684,0.01,0.01,1,Dendritic cell
TRIM68,0.8677607872163775,-0.1487149693743044,0.028,0.03,1,Dendritic cell
RARA,0.868300816011665,-7.693123720909476,0.81,0.81,1,Dendritic cell
NECAB3,0.8685174228115079,0.1459321396214186,0.105,0.103,1,Dendritic cell
ADAM22,0.8685784098692872,0.559441997193189,0.043,0.043,1,Dendritic cell
NRBP1,0.8687840311247358,0.22130497498066326,0.737,0.733,1,Dendritic cell
RAB4A,0.8689140765650402,-0.304903801383027,0.721,0.725,1,Dendritic cell
C1GALT1,0.8690717731267223,-0.22447100638297615,0.323,0.326,1,Dendritic cell
MAT2A,0.8695109339299768,16.719354856784832,0.917,0.916,1,Dendritic cell
ECT2,0.8700093583415213,0.3363946787181131,0.096,0.093,1,Dendritic cell
TUFM,0.8701078927494332,-1.3056275131423174,0.893,0.891,1,Dendritic cell
PARPBP,0.870396721909557,-0.160726929526823,0.062,0.061,1,Dendritic cell
HSD17B4,0.8704636593994932,3.5074482419864843,0.785,0.781,1,Dendritic cell
DLG3,0.870475020466666,-0.12343775904791698,0.018,0.018,1,Dendritic cell
HSDL2,0.8708819568994479,0.4073370775359839,0.484,0.48,1,Dendritic cell
GRIPAP1,0.8712030954227522,-0.1667381729976265,0.658,0.661,1,Dendritic cell
OTUB2,0.8713497918451178,0.18101335263516116,0.026,0.024,1,Dendritic cell
CDK2AP1,0.8716487318120534,-3.7980084958995244,0.516,0.514,1,Dendritic cell
TRAM1,0.8720922838888701,-10.274354708938727,0.968,0.968,1,Dendritic cell
STK32B,0.8721499287325254,-0.1631127767844358,0.03,0.032,1,Dendritic cell
TMEM248,0.8722992154337689,-0.4217807382926173,0.834,0.834,1,Dendritic cell
CREB3L2,0.8723124623768818,-0.7377855632955721,0.483,0.478,1,Dendritic cell
GASK1B,0.8724287596761319,-0.10620364440686902,0.337,0.343,1,Dendritic cell
KLF9,0.8727847404253726,0.1456352444118243,0.341,0.344,1,Dendritic cell
SORT1,0.8736265264686429,0.4083256114270699,0.483,0.487,1,Dendritic cell
ARPC2,0.8736662318813728,-0.4891043376735773,0.892,0.889,1,Dendritic cell
DDB2,0.8737408242127824,-0.38561334528535574,0.15,0.149,1,Dendritic cell
SNX18,0.873925327728815,-0.1840652977644563,0.311,0.309,1,Dendritic cell
METRNL,0.8739704562065752,-2.836467811929019,0.647,0.649,1,Dendritic cell
ALDH18A1,0.8739883788303935,0.36092544502686463,0.156,0.16,1,Dendritic cell
CLPTM1,0.8740079363420568,0.4922809168492557,0.648,0.647,1,Dendritic cell
ATXN1,0.8741003027576967,2.0143120315675445,0.238,0.237,1,Dendritic cell
FLI1,0.8744285963025433,-0.5240092009040112,0.869,0.867,1,Dendritic cell
ERN1,0.874450692160567,1.434061167988201,0.422,0.424,1,Dendritic cell
FUT7,0.874462559303033,-18.20754416419571,0.55,0.554,1,Dendritic cell
SKIL,0.8751549539150849,-0.7852758572970946,0.42,0.419,1,Dendritic cell
DIP2A,0.8753292037425697,0.1582396404882198,0.439,0.436,1,Dendritic cell
COX15,0.8757873934338407,-0.12013986754696426,0.412,0.408,1,Dendritic cell
OR7D2,0.8762658981562617,0.8908910946608328,0.01,0.008,1,Dendritic cell
EPM2AIP1,0.876337453678529,0.26819477310749473,0.527,0.53,1,Dendritic cell
PHTF2,0.8764012031779547,0.30002565670021675,0.359,0.354,1,Dendritic cell
CACUL1,0.8765156623289605,-0.1172742276348746,0.533,0.532,1,Dendritic cell
GRK3,0.8767728029025754,-1.1804881508208744,0.85,0.847,1,Dendritic cell
PRSS21,0.8768213714579792,0.6745003472480757,0.016,0.015,1,Dendritic cell
CWF19L1,0.8771607002941008,0.14838384679308547,0.356,0.354,1,Dendritic cell
SRPK2,0.8773143301215525,0.12719958185389535,0.54,0.537,1,Dendritic cell
TENT2,0.8776152015086351,-0.2093115169426576,0.64,0.641,1,Dendritic cell
MLLT1,0.8777478335485683,-0.2730213112202664,0.41,0.412,1,Dendritic cell
STX16,0.8782065710722535,-0.14740317913731538,0.751,0.748,1,Dendritic cell
ADK,0.8783555508924658,0.32509748596961074,0.595,0.599,1,Dendritic cell
PDXP,0.878453647920339,-0.1647270035698315,0.288,0.291,1,Dendritic cell
BCKDK,0.8787992096020889,1.030975700332509,0.553,0.551,1,Dendritic cell
PACSIN2,0.8790292919764506,0.38082932915079226,0.716,0.719,1,Dendritic cell
SLMAP,0.8790981733636557,0.1985708875707881,0.421,0.422,1,Dendritic cell
HPS3,0.8793176226852712,-0.14926041319877026,0.551,0.549,1,Dendritic cell
PLA2G2C,0.8793266674991007,0.2821773038198927,0.014,0.014,1,Dendritic cell
PI4K2B,0.8793500774811729,-0.3799604049206371,0.347,0.345,1,Dendritic cell
ZNF232,0.8794684976712139,-0.2832300548092923,0.055,0.056,1,Dendritic cell
DNM3,0.8797781000104793,-0.1462361231068603,0.031,0.033,1,Dendritic cell
EXOSC4,0.8799362329160171,0.23604533791556914,0.285,0.284,1,Dendritic cell
DSTN,0.8799911462960404,0.12647775268676753,0.428,0.423,1,Dendritic cell
DHRS3,0.8802512525690898,-0.4697893724432003,0.249,0.252,1,Dendritic cell
ARL2,0.8803062848560319,-0.1570445925771471,0.485,0.488,1,Dendritic cell
TUBB6,0.8805085907492599,0.11752651026562083,0.237,0.237,1,Dendritic cell
ATP11B,0.881623497114213,-0.2976909649818884,0.807,0.806,1,Dendritic cell
E2F4,0.8817315757547459,1.5791668705530881,0.679,0.679,1,Dendritic cell
CCDC115,0.882025745066932,0.24557065384781862,0.499,0.499,1,Dendritic cell
LPXN,0.8821155698585275,-0.3931823016458811,0.92,0.919,1,Dendritic cell
HMOX1,0.8828666454339703,-2.9801644434389907,0.404,0.408,1,Dendritic cell
CPSF6,0.8828787479216353,0.10949129388580447,0.382,0.378,1,Dendritic cell
CES1,0.8828808470920964,-0.7845237335179789,0.243,0.242,1,Dendritic cell
RFC4,0.882910385563694,0.26770378023271735,0.095,0.094,1,Dendritic cell
MARCHF2,0.8830267556511295,-0.1384427840546867,0.26,0.26,1,Dendritic cell
ZNF444,0.8830865833973057,0.10646215418564164,0.147,0.147,1,Dendritic cell
SREK1IP1,0.8832932816503163,-0.6245620746916212,0.29,0.287,1,Dendritic cell
RAP1GDS1,0.8835640230342893,-0.6512784363471171,0.7,0.704,1,Dendritic cell
CSDE1,0.883716452385518,-0.2946287441920825,0.863,0.865,1,Dendritic cell
FBL,0.8840050855310885,-0.24030867498142516,0.791,0.794,1,Dendritic cell
TMEM19,0.884182421616883,-0.5615456253531059,0.542,0.54,1,Dendritic cell
NKTR,0.8846075904788069,-0.19142541635598187,0.639,0.643,1,Dendritic cell
ARL15,0.8846899469813972,-0.10700636479724035,0.357,0.355,1,Dendritic cell
BLK,0.8847595308590592,-6.6177141135112105,0.09,0.092,1,Dendritic cell
CHMP4A,0.8848790327418666,0.1468118321919798,0.822,0.819,1,Dendritic cell
RPTOR,0.8849382161182315,0.18461287721326247,0.52,0.517,1,Dendritic cell
KIAA0232,0.8852963393576712,0.13020555733218458,0.257,0.255,1,Dendritic cell
CHCHD3,0.8853942442264386,0.21993471563361533,0.542,0.541,1,Dendritic cell
POGLUT1,0.885754368354358,4.143046658282921,0.353,0.35,1,Dendritic cell
CREB5,0.8858687079231188,0.5931994435927304,0.445,0.443,1,Dendritic cell
SERP1,0.8861092439971489,-0.7919809363588417,0.857,0.859,1,Dendritic cell
TAS2R4,0.8861497424791671,-0.10126287527889,0.059,0.061,1,Dendritic cell
ZNF132,0.8863960969039474,-0.13667421207985342,0.037,0.038,1,Dendritic cell
XAF1,0.8864027085951991,2.598825745382401,0.485,0.476,1,Dendritic cell
SETBP1,0.8868500341532713,-1.993677566252746,0.303,0.3,1,Dendritic cell
FCRL3,0.8871905525760553,-2.536499401069346,0.02,0.02,1,Dendritic cell
TLN1,0.8872442802623153,-13.277983856694657,0.922,0.921,1,Dendritic cell
IMMT,0.887744705578941,0.30099943489086023,0.618,0.613,1,Dendritic cell
ST3GAL2,0.8878778213676474,-0.8603837294984737,0.521,0.522,1,Dendritic cell
HCK,0.8880881511035378,-4.4231134807838615,0.804,0.806,1,Dendritic cell
APOM,0.8880920313673477,-0.16403350274817408,0.036,0.037,1,Dendritic cell
AIP,0.8883953727424122,-0.8224091932099293,0.826,0.826,1,Dendritic cell
CD8A,0.8885224271590235,-1.6068180463286676,0.058,0.056,1,Dendritic cell
BUD31,0.8886973712581224,-0.6855205284546493,0.576,0.572,1,Dendritic cell
CD44,0.8891390160542499,5.209481294747761,0.944,0.946,1,Dendritic cell
KIAA0586,0.8891726580975271,-0.10378697110211055,0.209,0.207,1,Dendritic cell
RHPN1,0.88948662065451,0.21016179738993856,0.102,0.101,1,Dendritic cell
IL18,0.8901604721064523,-0.35938522153802843,0.603,0.599,1,Dendritic cell
SYNJ1,0.8901816249872172,0.12003296441875433,0.176,0.176,1,Dendritic cell
UBE2Q2,0.892487515721639,-1.561193372669262,0.49,0.495,1,Dendritic cell
SHLD2,0.8931713047046983,0.14750122109999042,0.52,0.521,1,Dendritic cell
FBXO34,0.8931739563758143,-0.47847103179199235,0.284,0.288,1,Dendritic cell
BCAP29,0.8934542214687744,0.12628450093026045,0.446,0.45,1,Dendritic cell
LPIN2,0.8942020476111985,-0.1983850853789546,0.342,0.342,1,Dendritic cell
TNFSF4,0.8943903066962932,-0.25922052987807964,0.027,0.027,1,Dendritic cell
FGD3,0.8946302340610262,0.15872213164179172,0.741,0.741,1,Dendritic cell
ACTG1,0.8958256946065343,-14.515132618475505,0.995,0.994,1,Dendritic cell
TP53RK,0.8965475698328877,0.10900689597823393,0.309,0.311,1,Dendritic cell
PIGX,0.8965658236010539,0.14693935181135862,0.249,0.25,1,Dendritic cell
MROH1,0.8970635596226372,0.23126328817279218,0.34,0.337,1,Dendritic cell
NHERF2,0.8974053293617313,-0.13205022687718637,0.047,0.048,1,Dendritic cell
WASF2,0.897596433696124,-0.6860959445294865,0.793,0.794,1,Dendritic cell
ATP5F1A,0.8980949706750493,0.5563861476805085,0.785,0.783,1,Dendritic cell
ARMH3,0.8985837066708586,0.2937442298601103,0.68,0.683,1,Dendritic cell
STARD8,0.8985925830366333,0.4160772669255901,0.314,0.311,1,Dendritic cell
BCLAF1,0.8987978582123881,0.12877955088815707,0.63,0.627,1,Dendritic cell
HM13,0.8991808878179949,-1.3102240815226676,0.896,0.894,1,Dendritic cell
TMEM259,0.8992651689754835,0.2413908307855599,0.616,0.618,1,Dendritic cell
CXCR1,0.899342528245875,1.2872554152715225,0.011,0.01,1,Dendritic cell
GLB1,0.8997613770887645,-0.29089772484603316,0.75,0.751,1,Dendritic cell
CSF2RB,0.9001546051710777,8.390728517849684,0.683,0.687,1,Dendritic cell
MTUS1,0.9001641660037637,-0.25153700089664266,0.017,0.019,1,Dendritic cell
AKAP10,0.9004549570760774,-0.7595376146508444,0.474,0.467,1,Dendritic cell
BTK,0.9006230208134594,-0.5881363175937304,0.849,0.85,1,Dendritic cell
GINM1,0.900800488613504,0.43464740795112844,0.564,0.567,1,Dendritic cell
TRIP6,0.9012101513769286,0.3267581433283879,0.176,0.173,1,Dendritic cell
DTX3L,0.901414903711278,1.4365876702199252,0.557,0.552,1,Dendritic cell
FPGS,0.901415484621521,0.20173569657395363,0.349,0.351,1,Dendritic cell
GPNMB,0.9014928844845173,3.9549945014031227,0.013,0.015,1,Dendritic cell
NLRC5,0.9015139800055845,0.9422694529336839,0.468,0.459,1,Dendritic cell
PLOD1,0.9017107739206929,0.12105188280692025,0.374,0.371,1,Dendritic cell
HAVCR1,0.9018356520772988,-0.26700181359158304,0.012,0.013,1,Dendritic cell
CLASP2,0.9020413832294873,-0.28102969139193856,0.592,0.593,1,Dendritic cell
JAK3,0.9025030595439475,0.7747176669232378,0.481,0.481,1,Dendritic cell
RAB11FIP1,0.9028419708300217,-2.7073431825812957,0.75,0.751,1,Dendritic cell
EHBP1L1,0.9028614200431909,-13.849327599662544,0.904,0.907,1,Dendritic cell
SLC25A13,0.9033611424894338,0.16351267108669165,0.35,0.345,1,Dendritic cell
HES6,0.9041153530338195,-0.47006768921661113,0.029,0.031,1,Dendritic cell
HTT,0.9041584757600996,2.8119667778859094,0.743,0.741,1,Dendritic cell
RNF24,0.9042575659052436,-0.15474906603412963,0.301,0.306,1,Dendritic cell
POLR2G,0.9044349577817047,1.0086228652537805,0.76,0.76,1,Dendritic cell
ZNF415,0.9044377051009906,-0.12972306842094028,0.02,0.021,1,Dendritic cell
L3MBTL3,0.9045247665251123,-0.2091745886950338,0.3,0.302,1,Dendritic cell
PIK3CA,0.9045951348322215,-0.10757450909944224,0.268,0.268,1,Dendritic cell
EFHC2,0.9045955548041407,-0.11030147822546876,0.019,0.018,1,Dendritic cell
CPPED1,0.9046141251580548,-7.9904184009270605,0.808,0.806,1,Dendritic cell
MOB3A,0.9052166502501566,-0.5550487539388751,0.848,0.848,1,Dendritic cell
WDR13,0.9057239792383834,0.11191969298272575,0.429,0.434,1,Dendritic cell
ZFAND3,0.906086813052592,-1.016653772582269,0.768,0.768,1,Dendritic cell
DDX28,0.9061842544546465,2.000263687970757,0.29,0.29,1,Dendritic cell
LMO7,0.9065372669293851,-0.2075686144840434,0.039,0.04,1,Dendritic cell
RMND5A,0.9066592385247426,-9.9660362157342135,0.729,0.734,1,Dendritic cell
ZNF683,0.9067156042826525,5.458152908450677,0.01,0.009,1,Dendritic cell
RPP40,0.906876387090454,0.10230192281777528,0.102,0.1,1,Dendritic cell
DYNC1LI2,0.9071634535874606,-0.1764878147205735,0.528,0.524,1,Dendritic cell
FEZ2,0.9071927641403001,1.0040013568596757,0.641,0.635,1,Dendritic cell
MARCKS,0.9075331952746255,46.071390801777355,0.438,0.438,1,Dendritic cell
IFT27,0.9080134630397272,-0.1654450948067948,0.311,0.312,1,Dendritic cell
LAMP1,0.9082865646018649,0.14848443098795183,0.57,0.569,1,Dendritic cell
TM9SF3,0.9084218201610302,-0.6588867285977464,0.9,0.898,1,Dendritic cell
RTN3,0.9088326650967194,2.637546756263445,0.835,0.839,1,Dendritic cell
SKIC8,0.9090189764740045,0.12834338241111798,0.55,0.544,1,Dendritic cell
CTTNBP2,0.9090975634083368,-0.29703154439079915,0.023,0.023,1,Dendritic cell
STEAP4,0.9091917085808269,16.628178408077936,0.049,0.048,1,Dendritic cell
DBR1,0.9092287235176191,-0.13176120438488326,0.35,0.347,1,Dendritic cell
SAP18,0.9099004605411389,-0.7482433193821834,0.828,0.831,1,Dendritic cell
HEXB,0.9103127035381098,1.784528183050755,0.738,0.744,1,Dendritic cell
BMF,0.91050723851528,0.296756997723453,0.448,0.447,1,Dendritic cell
LCOR,0.9106887069250515,0.4359208842799589,0.625,0.627,1,Dendritic cell
EDEM1,0.9107782650131506,1.3482219144222398,0.841,0.839,1,Dendritic cell
DELE1,0.910862222971147,-0.37710873244536947,0.657,0.653,1,Dendritic cell
CENPM,0.9113684959686228,-4.344174356697438,0.025,0.025,1,Dendritic cell
RNF19A,0.9121459149663531,0.11778126797969002,0.345,0.343,1,Dendritic cell
SMAD7,0.9125650058635627,0.23335551344518657,0.11,0.111,1,Dendritic cell
EIF4A1,0.9125865407827609,-1.0037428576336573,0.944,0.946,1,Dendritic cell
FRMD4B,0.9128243324239057,-0.13992746047834612,0.22,0.22,1,Dendritic cell
PRPF40B,0.9128940938620502,0.12185445917052995,0.022,0.021,1,Dendritic cell
WDTC1,0.9129541682901399,-0.1711706604377401,0.673,0.677,1,Dendritic cell
TMEM140,0.9130884224487296,-1.4912773362392469,0.121,0.122,1,Dendritic cell
NHS,0.913171037614454,0.12428024970383911,0.034,0.033,1,Dendritic cell
ZNF366,0.9135171779705017,10.851869977605109,0.368,0.366,1,Dendritic cell
ADAM20,0.9136637816443592,0.13350709908029224,0.011,0.01,1,Dendritic cell
BMS1,0.914053641338616,0.14689979522723773,0.393,0.396,1,Dendritic cell
CHST2,0.9142708991577472,5.581664473515083,0.233,0.23,1,Dendritic cell
PHKG2,0.9142916416196594,0.2887823891831034,0.465,0.465,1,Dendritic cell
TSR2,0.9149429289904161,-0.10297915834937693,0.328,0.331,1,Dendritic cell
TUBB2A,0.9150365155075848,-1.0006289697454247,0.024,0.025,1,Dendritic cell
C5AR2,0.9152749659253118,0.3552907399268257,0.045,0.046,1,Dendritic cell
ZBTB2,0.9158175467082089,-0.12320347883074467,0.277,0.273,1,Dendritic cell
ZDBF2,0.9161386798562994,-0.14242569845231579,0.018,0.019,1,Dendritic cell
SMDT1,0.9166411926405672,0.20097503985995324,0.87,0.868,1,Dendritic cell
TMEM201,0.9168812897296587,-0.11693978373198721,0.17,0.171,1,Dendritic cell
SETD1B,0.9169100296658976,1.5795873734814148,0.766,0.767,1,Dendritic cell
LIX1L,0.9169323251186714,1.0107485304632968,0.615,0.616,1,Dendritic cell
PPIA,0.9171012525540199,1.3896818148714782,0.849,0.849,1,Dendritic cell
SOGA1,0.9172351356012846,0.21968675300905316,0.544,0.542,1,Dendritic cell
ASMTL,0.9177409084751431,0.2636933572154829,0.346,0.353,1,Dendritic cell
INKA1,0.9178728847186666,-0.1902231504854779,0.009,0.01,1,Dendritic cell
NAA20,0.9179093838538066,-0.4074789427542487,0.612,0.613,1,Dendritic cell
ZNF727,0.9179323212702709,0.22159901623374267,0.014,0.014,1,Dendritic cell
HYKK,0.9179535881737199,0.12859604329850693,0.01,0.009,1,Dendritic cell
PRDX5,0.9180394584440641,-0.1106595956440195,0.531,0.534,1,Dendritic cell
SUGP2,0.9184090959297156,-0.1363338241371994,0.647,0.646,1,Dendritic cell
KANK1,0.9187941949438642,-2.141384549250319,0.148,0.145,1,Dendritic cell
UBXN2B,0.9189037361430707,0.3040422458216472,0.42,0.415,1,Dendritic cell
EMB,0.9190162002357045,1.5329149291952584,0.731,0.733,1,Dendritic cell
PAXX,0.9193828604419355,0.9197519327809678,0.614,0.61,1,Dendritic cell
EIF3H,0.9194442030673665,0.25366995493852595,0.823,0.827,1,Dendritic cell
TRAM2,0.9196834310025901,-0.16308596283114474,0.178,0.181,1,Dendritic cell
SNX25,0.9198526998302158,0.153938587881564,0.031,0.029,1,Dendritic cell
VAV3,0.91990211736838845,1.121280164242945,0.531,0.531,1,Dendritic cell
WAS,0.9203734063539637,1.1614060059659135,0.866,0.867,1,Dendritic cell
DOK2,0.92043961177392275,1.0467122611352337,0.678,0.68,1,Dendritic cell
MT1X,0.9209177630000588,0.48578923413303415,0.123,0.122,1,Dendritic cell
RELB,0.9211840398308941,4.0635372111602885,0.472,0.471,1,Dendritic cell
CETP,0.9214535887301951,-0.37516308246980135,0.015,0.016,1,Dendritic cell
C1orf54,0.9214623032738256,0.11809584933790873,0.16,0.156,1,Dendritic cell
GALNT8,0.9219853831319912,-0.1366827517386966,0.012,0.013,1,Dendritic cell
GNB4,0.9225842860727056,-16.645619087671296,0.812,0.813,1,Dendritic cell
CLSTN1,0.9231103610736893,-0.19368278446557508,0.6,0.604,1,Dendritic cell
TESMIN,0.9231632987019232,-0.1466145660840792,0.031,0.033,1,Dendritic cell
SERPINF1,0.9233895462969218,-1.6638804692327938,0.414,0.417,1,Dendritic cell
TMEM70,0.9235014030514659,-0.15053510366108452,0.345,0.349,1,Dendritic cell
DNAJC7,0.9236115353198179,0.27730315836338626,0.806,0.802,1,Dendritic cell
ZFP36L1,0.9239066250603672,3.9574332607351446,0.39,0.392,1,Dendritic cell
HS2ST1,0.9240078885626727,0.13607986037716924,0.301,0.306,1,Dendritic cell
CMTM3,0.9241037086620477,1.6168620985439013,0.932,0.928,1,Dendritic cell
SMYD4,0.9241642009980326,0.20462397812474187,0.155,0.154,1,Dendritic cell
POLQ,0.9242099936551549,0.836449490899243,0.012,0.013,1,Dendritic cell
LGALS3,0.9243108011474073,86.46243653724963,0.688,0.687,1,Dendritic cell
UBE2T,0.9244162469508023,-0.37983193570368057,0.033,0.033,1,Dendritic cell
COX14,0.924435057963455,0.2928983141491015,0.662,0.659,1,Dendritic cell
GLIPR1,0.9246935400266751,-9.997613933471474,0.986,0.986,1,Dendritic cell
HERC4,0.9247416825132632,-0.1333890520797789,0.535,0.534,1,Dendritic cell
MAP1LC3B,0.9247480926508745,0.8032884634013269,0.669,0.667,1,Dendritic cell
DENND5A,0.924944634639342,-0.2686306924702606,0.478,0.476,1,Dendritic cell
PADI2,0.9253723859929727,7.518083884033726,0.377,0.37,1,Dendritic cell
RERE,0.9259529540093357,0.3730691248050828,0.832,0.833,1,Dendritic cell
TACC3,0.9260059028176688,0.8881932755887041,0.384,0.385,1,Dendritic cell
ARHGAP11A,0.9262783735099176,-2.3121556995658032,0.11,0.107,1,Dendritic cell
IFIT2,0.9264318474644837,17.27771151341021,0.13,0.129,1,Dendritic cell
GPS2,0.9267306977776408,0.13047280513878645,0.509,0.504,1,Dendritic cell
HESX1,0.9268457423686841,0.2851146324406364,0.034,0.032,1,Dendritic cell
SGCB,0.9275119780825993,-0.13836104948630057,0.04,0.041,1,Dendritic cell
ARID4A,0.9276222047389822,-0.18095992482721002,0.472,0.475,1,Dendritic cell
GID8,0.9278355632621742,2.6667018091484094,0.691,0.687,1,Dendritic cell
IBTK,0.9284585056197804,-0.13417092133997555,0.565,0.57,1,Dendritic cell
FIP1L1,0.9286660169899322,-0.15317599087820666,0.565,0.566,1,Dendritic cell
FAM114A1,0.9291400612342352,0.18461825114442787,0.097,0.095,1,Dendritic cell
WDR19,0.9292591142138664,-0.19023680364174478,0.074,0.076,1,Dendritic cell
FUBP1,0.929438329632369,-0.47089611002535126,0.779,0.777,1,Dendritic cell
PARVB,0.9300375605395251,-0.48862742807765613,0.579,0.584,1,Dendritic cell
GTPBP1,0.930192625442444,0.24595378001089685,0.573,0.576,1,Dendritic cell
UBASH3B,0.9302159390813656,0.9340281096574745,0.235,0.235,1,Dendritic cell
USP39,0.9304341794146782,-0.3441543587226519,0.485,0.482,1,Dendritic cell
TBXAS1,0.9304406041569757,-0.5589527825286567,0.484,0.481,1,Dendritic cell
VN1R1,0.9305508495095434,-0.13267392869910566,0.028,0.029,1,Dendritic cell
RAB35,0.9308216654146522,0.1033885923664748,0.58,0.577,1,Dendritic cell
ANKRD12,0.9309488081633813,-0.2862575571894892,0.695,0.692,1,Dendritic cell
CD82,0.9311384628846298,-2.16508167553601,0.168,0.169,1,Dendritic cell
FZD5,0.9317244433437506,-0.2568129588422048,0.039,0.041,1,Dendritic cell
CCR3,0.9317485435061975,-0.10779824321187537,0.03,0.029,1,Dendritic cell
TET1,0.9318710195815839,-0.1122062293404209,0.021,0.022,1,Dendritic cell
STK24,0.932241434012899,-1.1237119493443073,0.799,0.8,1,Dendritic cell
BBX,0.9325234662718487,-0.4533353782946815,0.371,0.372,1,Dendritic cell
IST1,0.9326929601639032,0.12437915087498475,0.724,0.725,1,Dendritic cell
APOBEC3C,0.9328685513059133,0.3279223606043127,0.628,0.623,1,Dendritic cell
RANBP3,0.9328936809246309,-0.11314396878425903,0.514,0.517,1,Dendritic cell
CDYL2,0.9329883313168446,-0.12819670965531538,0.081,0.08,1,Dendritic cell
AZI2,0.9331876103785562,2.6817736232751916,0.314,0.312,1,Dendritic cell
RIOK1,0.933224963095035,0.21864206050322332,0.36,0.355,1,Dendritic cell
EBP,0.9334060741979766,-0.2894309588253653,0.328,0.329,1,Dendritic cell
CDK5RAP1,0.9336764681716134,-0.18206371303250352,0.31,0.31,1,Dendritic cell
UBXN2A,0.9342743742344127,0.15092878157240536,0.272,0.275,1,Dendritic cell
SEMA4D,0.9343849961716539,0.9521090025536498,0.464,0.466,1,Dendritic cell
IDH3G,0.9350832876709936,-0.29413441075416236,0.647,0.643,1,Dendritic cell
ZNF516,0.9351185488965678,-10.155259610700789,0.65,0.649,1,Dendritic cell
FAM32A,0.935124662010597,-0.7249655624716391,0.758,0.759,1,Dendritic cell
GSK3A,0.935253874680209,0.11312692488406828,0.613,0.616,1,Dendritic cell
MYBL2,0.9358497088750075,-0.27243088580460473,0.17,0.172,1,Dendritic cell
RNPS1,0.9363300429060585,0.1122720882590067,0.628,0.629,1,Dendritic cell
ZKSCAN1,0.9364003141944623,-0.26470223493236045,0.485,0.487,1,Dendritic cell
SLC4A3,0.9364680134126225,-0.5823224776689564,0.436,0.43,1,Dendritic cell
CLPP,0.9374838610064138,0.19979590788821766,0.436,0.434,1,Dendritic cell
SF3B5,0.9375055764567813,1.3230611222590207,0.848,0.85,1,Dendritic cell
MED15,0.9379948816995363,-0.33126428824085785,0.765,0.769,1,Dendritic cell
USP43,0.9381212084487659,0.13579072374978818,0.017,0.017,1,Dendritic cell
PTMS,0.9383288375075037,-1.9659704082744391,0.36,0.363,1,Dendritic cell
TUBGCP2,0.9387180480381748,0.14006045756224772,0.656,0.656,1,Dendritic cell
EPM2A,0.9388595745035483,0.13579232300541455,0.117,0.117,1,Dendritic cell
ACTR3,0.9392334524623124,-0.1427085031285591,0.64,0.642,1,Dendritic cell
HMSD,0.9399392552500663,-0.3157639564830288,0.022,0.023,1,Dendritic cell
PDCD6IP,0.9399772236930305,0.506039606333597,0.826,0.828,1,Dendritic cell
NUP155,0.9400491265836729,0.4177560770300875,0.335,0.337,1,Dendritic cell
RASGEF1B,0.9401649412552265,16.78571085908503,0.329,0.329,1,Dendritic cell
PPP6R3,0.9403242562139602,0.1379495907388959,0.599,0.6,1,Dendritic cell
TCL1B,0.9405968341141416,13.985683366357968,0.012,0.012,1,Dendritic cell
FSTL1,0.9408023376351884,-0.12384993102549213,0.011,0.011,1,Dendritic cell
ZBTB44,0.9409887644017023,0.2278552759138628,0.551,0.555,1,Dendritic cell
TMEM50A,0.9410423487321558,0.41926441399427716,0.843,0.843,1,Dendritic cell
CTIF,0.9412042830425773,0.1597681373752251,0.143,0.144,1,Dendritic cell
GIPR,0.9415379465593876,0.4358640905603215,0.116,0.116,1,Dendritic cell
CASQ1,0.9416185180141317,-0.6279529127641621,0.043,0.046,1,Dendritic cell
SLC16A6,0.9422042079797546,-0.9384373842851284,0.162,0.161,1,Dendritic cell
MEST,0.9426884414075011,-0.27451216741381224,0.063,0.063,1,Dendritic cell
BPTF,0.9434356245362874,-1.1357220154538572,0.762,0.766,1,Dendritic cell
IFT22,0.9435278199556522,0.2763521592833742,0.038,0.038,1,Dendritic cell
RBM17,0.9435778603202474,-0.34595192156147947,0.606,0.609,1,Dendritic cell
RAB37,0.9436940467993183,1.20777628768783,0.121,0.117,1,Dendritic cell
DR1,0.9437941241551786,-0.46517315273036797,0.86,0.858,1,Dendritic cell
RABGGTA,0.943999798064542,0.31517869511716157,0.397,0.392,1,Dendritic cell
SLC20A1,0.9442934269723656,-15.512732893573883,0.737,0.74,1,Dendritic cell
PHGDH,0.9445342024584312,-0.2586186249342841,0.027,0.028,1,Dendritic cell
MRGBP,0.9448374427479262,-0.12393856511594314,0.231,0.233,1,Dendritic cell
ACAD11,0.9448949691596399,0.4234824370819985,0.367,0.367,1,Dendritic cell
ZNF770,0.9450699479054038,-0.1431408052415949,0.243,0.242,1,Dendritic cell
GCHFR,0.9454736470054774,0.12232547690743878,0.131,0.129,1,Dendritic cell
LMCD1,0.9455394900144531,0.259223317940557,0.018,0.017,1,Dendritic cell
EPB41L2,0.9455760776729923,-0.8472661902517973,0.424,0.423,1,Dendritic cell
COX4I1,0.945830990263746,-0.48791085200929096,0.956,0.957,1,Dendritic cell
CCNI,0.9463453684784294,5.628410355391939,0.987,0.988,1,Dendritic cell
CHPF,0.9464901911957191,-0.5545619235969543,0.095,0.094,1,Dendritic cell
FBXW5,0.9465307188772534,-0.16098905305139732,0.64,0.641,1,Dendritic cell
EPB41L5,0.946965392022147,-0.9410332011950264,0.025,0.026,1,Dendritic cell
LRRK1,0.9471900949756548,4.27537853496286,0.634,0.637,1,Dendritic cell
PLCB1,0.9474271293140686,1.17860264481018,0.128,0.129,1,Dendritic cell
EXOC4,0.9479061517703725,0.13667618871463727,0.57,0.572,1,Dendritic cell
PAPLN,0.947995584045995,-0.2594720956933858,0.178,0.177,1,Dendritic cell
LCNL1,0.9480720152858257,-0.15961231399550713,0.034,0.034,1,Dendritic cell
SCAF11,0.948825799256502,0.4108800666388488,0.852,0.85,1,Dendritic cell
GGA2,0.9488437996807964,9.991471297289724,0.844,0.848,1,Dendritic cell
UQCC1,0.9489163804013461,0.12674535133280695,0.432,0.429,1,Dendritic cell
CENPN,0.9489482777204301,-0.433817350812048,0.105,0.104,1,Dendritic cell
CHMP6,0.9492440458691003,-0.15069754796509716,0.448,0.449,1,Dendritic cell
NGFR,0.9496201981721994,4.852417705760326,0.015,0.015,1,Dendritic cell
TMEM132B,0.9499462231153265,-0.4436427457710974,0.016,0.017,1,Dendritic cell
CRBN,0.9499521048567431,0.17022922208664149,0.495,0.497,1,Dendritic cell
HAUS4,0.9501997149865918,-0.6443574995923043,0.485,0.487,1,Dendritic cell
SMARCD3,0.9504512295849609,-0.13379380808930758,0.168,0.166,1,Dendritic cell
GTF2B,0.9506015456980731,0.2540486957729491,0.624,0.62,1,Dendritic cell
RNF113A,0.9506322770099571,-0.20162796210124478,0.353,0.349,1,Dendritic cell
OSGEPL1,0.9510087400955557,-0.2455349276915395,0.134,0.137,1,Dendritic cell
HSPB1,0.9511720360607626,-6.135248163905686,0.404,0.402,1,Dendritic cell
COA4,0.9513199422193682,0.5468417867873576,0.602,0.598,1,Dendritic cell
TSPAN14,0.9513276346788766,0.10133311952937563,0.379,0.38,1,Dendritic cell
NRGN,0.9513923815324149,-4.87510263233942,0.464,0.46,1,Dendritic cell
GUCY1A1,0.9521175799309272,-0.640860782257177,0.183,0.186,1,Dendritic cell
KIF22,0.9522276115937455,7.244812948783572,0.225,0.223,1,Dendritic cell
BAZ1A,0.9522621712240148,-0.4865185407920287,0.54,0.542,1,Dendritic cell
DAB2,0.9527654113870713,1.168458141107946,0.422,0.428,1,Dendritic cell
RAB34,0.9529830713678921,-0.12443971757913097,0.52,0.523,1,Dendritic cell
VWA2,0.9530531947267059,-0.1108946525940131,0.014,0.014,1,Dendritic cell
TRIM38,0.9531206974815265,0.5066528159343591,0.854,0.855,1,Dendritic cell
SLA,0.9533007412426604,0.20038951852661224,0.437,0.431,1,Dendritic cell
ARPP21,0.9535991798751446,0.2200637948160722,0.024,0.025,1,Dendritic cell
ETHE1,0.953980241307991,1.3027662309325336,0.579,0.582,1,Dendritic cell
LILRA5,0.9544057102707634,0.4833172979613405,0.402,0.4,1,Dendritic cell
RUNX2,0.9545353553507553,-9.249829035428334,0.817,0.817,1,Dendritic cell
SMNDC1,0.9546705332548148,-0.386350902309188,0.686,0.686,1,Dendritic cell
RELCH,0.9548793116887613,0.5173295241482743,0.576,0.576,1,Dendritic cell
LRP10,0.9552277373136033,0.10053452496691029,0.47,0.473,1,Dendritic cell
GRK2,0.9554073266807596,-5.350621333462275,0.963,0.962,1,Dendritic cell
ANO6,0.9558936336609501,-0.20174207263555566,0.531,0.531,1,Dendritic cell
ATP6AP1,0.9560353584891372,0.1936327214930813,0.862,0.86,1,Dendritic cell
CLIP1,0.9563250145496398,-0.2942663501122844,0.633,0.635,1,Dendritic cell
TRMT5,0.9566886150140681,0.10144658036730814,0.119,0.118,1,Dendritic cell
CHRFAM7A,0.9571123242744414,0.17091850775889927,0.016,0.015,1,Dendritic cell
TMEM170A,0.9574146167075025,-0.11683151867480945,0.448,0.45,1,Dendritic cell
BRCA2,0.9575023303108219,1.481524648869296,0.071,0.07,1,Dendritic cell
SLC2A6,0.9575427674970224,0.5035119047082786,0.465,0.462,1,Dendritic cell
EDC3,0.9576418907141371,0.1258169961358928,0.344,0.346,1,Dendritic cell
TVP23A,0.9579992111207909,1.1065738778522634,0.026,0.025,1,Dendritic cell
SHTN1,0.9580390182605013,1.1295271819452957,0.716,0.722,1,Dendritic cell
LPGAT1,0.9582407336814736,-1.1589144185786067,0.819,0.82,1,Dendritic cell
H1-0,0.9584155160896989,-0.9387581386257509,0.367,0.369,1,Dendritic cell
DOCK7,0.9586620304930646,-0.20814890730982874,0.261,0.257,1,Dendritic cell
INTS6L,0.9586929422560965,0.10853689995911608,0.379,0.377,1,Dendritic cell
TWF2,0.9589643578606571,-1.3994341229083531,0.872,0.872,1,Dendritic cell
LAMP2,0.9591429825171319,-1.3318265010785124,0.85,0.849,1,Dendritic cell
TANK,0.9595148070356379,-0.23163637355751687,0.648,0.646,1,Dendritic cell
SLBP,0.9595629196189003,3.602981352456607,0.57,0.571,1,Dendritic cell
POLD4,0.9596567898893985,0.1575311456865407,0.528,0.53,1,Dendritic cell
HMGCR,0.9598667365857523,0.8461811742227101,0.446,0.445,1,Dendritic cell
IDUA,0.9609702747349623,-0.1220342956948885,0.3,0.302,1,Dendritic cell
STRIP1,0.961688229780785,-0.14333131936119758,0.395,0.398,1,Dendritic cell
FOLR2,0.9618941837219336,0.399058483439068,0.046,0.048,1,Dendritic cell
MBD6,0.962073370720246,-0.15360853851036693,0.407,0.406,1,Dendritic cell
ARHGEF6,0.9621140455784971,-0.22481366049052642,0.797,0.798,1,Dendritic cell
NMT2,0.9621342372334232,-0.2319654452948816,0.025,0.026,1,Dendritic cell
FAM219A,0.9622520098626957,0.10288464926696794,0.13,0.131,1,Dendritic cell
PMF1,0.9622889790173343,-1.3100075433758183,0.536,0.539,1,Dendritic cell
TLCD5,0.9626230810964156,0.3689382601576132,0.021,0.022,1,Dendritic cell
CLIP4,0.9628627260025707,0.4376304689722581,0.153,0.151,1,Dendritic cell
DDIAS,0.9633508192863592,-0.2997784529899845,0.052,0.051,1,Dendritic cell
SPATA33,0.9635219910632955,0.1144669982844948,0.073,0.073,1,Dendritic cell
HAAO,0.9635974434421785,0.1277409633264976,0.206,0.205,1,Dendritic cell
CCNE2,0.9641380285251151,0.40543671740224063,0.011,0.01,1,Dendritic cell
RBM33,0.9641655986066416,-0.456738614752787,0.925,0.925,1,Dendritic cell
MAFF,0.9641954038658921,0.12275292276219485,0.029,0.03,1,Dendritic cell
GGA3,0.9641986250896626,0.34179108761610655,0.581,0.581,1,Dendritic cell
LSM10,0.9646994758073115,-1.1320015213115115,0.647,0.647,1,Dendritic cell
TMEM167A,0.9649097152204086,-2.3621123233659267,0.799,0.8,1,Dendritic cell
ZNF593,0.9654430847246324,-0.10374567447666228,0.215,0.22,1,Dendritic cell
CCDC186,0.965464606467474,-2.662427704258425,0.501,0.5,1,Dendritic cell
ELP2,0.9655017459935027,0.7909734062050169,0.532,0.527,1,Dendritic cell
COQ10A,0.9655139667558051,-0.38652974713734944,0.077,0.077,1,Dendritic cell
SLK,0.9659342516300905,-0.21357325898071622,0.612,0.609,1,Dendritic cell
UBE2J2,0.9660098074315272,0.6894648667462797,0.553,0.553,1,Dendritic cell
PNRC2,0.9665122407207296,-0.28949223375713284,0.7,0.696,1,Dendritic cell
ILKAP,0.9665620206505655,0.383712220972766,0.346,0.345,1,Dendritic cell
AIMP1,0.9667351526372381,0.5476964506240867,0.736,0.735,1,Dendritic cell
DEPDC1B,0.9668230628638377,1.5215182753388317,0.011,0.012,1,Dendritic cell
GMPR2,0.9669241382155209,-0.10772172723128715,0.461,0.463,1,Dendritic cell
AGPAT1,0.9669732889265311,-1.541334014734149,0.721,0.721,1,Dendritic cell
LZIC,0.9670381739818912,-0.21644230343175064,0.584,0.585,1,Dendritic cell
CHMP1A,0.9670658330372487,0.14292653189376864,0.35,0.349,1,Dendritic cell
CHD3,0.9670919388124917,8.45127657903694,0.793,0.791,1,Dendritic cell
SSR4,0.9671205979247933,-0.545595260917505,0.84,0.84,1,Dendritic cell
CORO1B,0.967133828061402,0.3477556330760989,0.575,0.574,1,Dendritic cell
DTL,0.967156441339502,3.430490282241974,0.014,0.014,1,Dendritic cell
SH3BP5,0.9672921663288869,-2.39295802654458,0.625,0.62,1,Dendritic cell
SRM,0.9673817589483671,0.2179837560454314,0.562,0.563,1,Dendritic cell
KDM2A,0.9679991668808876,1.8110358134458338,0.881,0.883,1,Dendritic cell
NUB1,0.9682273451942582,-30.835308515592978,0.583,0.582,1,Dendritic cell
FHIP1A,0.9687147866420908,-0.5624161827258494,0.218,0.218,1,Dendritic cell
ZNF717,0.968753067341211,-0.3602927344620949,0.174,0.172,1,Dendritic cell
AGO1,0.9694301270178433,-0.16937401900744553,0.418,0.417,1,Dendritic cell
HCFC1,0.9698009008115067,0.3138834721727193,0.746,0.748,1,Dendritic cell
EMD,0.9698045762077052,1.7503574490054672,0.574,0.572,1,Dendritic cell
PLAAT3,0.9698535634450987,2.1166500628573495,0.271,0.271,1,Dendritic cell
PYROXD1,0.969853921267728,0.10608653635464443,0.242,0.241,1,Dendritic cell
HDGF,0.9698847114055628,0.23443193201875756,0.623,0.621,1,Dendritic cell
LGALS1,0.9705110037882546,-53.81737036772412,0.92,0.921,1,Dendritic cell
MCM4,0.9706701325318469,5.149050021965694,0.131,0.133,1,Dendritic cell
ARHGEF40,0.9708240901233848,0.3483589234229676,0.427,0.431,1,Dendritic cell
TWSG1,0.9711456735795287,0.12180168258668356,0.349,0.347,1,Dendritic cell
CYB5A,0.9718067396556734,5.475266743320116,0.192,0.193,1,Dendritic cell
MAP3K6,0.971869860602765,0.14566571056798408,0.197,0.197,1,Dendritic cell
PKN3,0.9722490705762932,-0.13211331677273463,0.034,0.034,1,Dendritic cell
BHLHE40,0.9726632291620391,10.326320109493135,0.723,0.726,1,Dendritic cell
CCL4,0.9726644496268401,-15.963321684908856,0.026,0.026,1,Dendritic cell
RABEP1,0.9727044849120375,-0.4576854501266965,0.65,0.648,1,Dendritic cell
NUTF2,0.9729097847568093,-0.524034037316941,0.567,0.567,1,Dendritic cell
IPO8,0.973038452902977,0.4007172615009238,0.497,0.499,1,Dendritic cell
SIGLEC10,0.97315225017729,-0.30334526567951503,0.251,0.251,1,Dendritic cell
ULK2,0.9731544106212172,0.30198723582744635,0.279,0.276,1,Dendritic cell
ATRNL1,0.9736633904252103,1.104850060354646,0.011,0.012,1,Dendritic cell
YTHDF2,0.9738249589891914,-0.19195441046109174,0.777,0.775,1,Dendritic cell
RASL11A,0.9738392756643423,-0.12238784819235304,0.017,0.017,1,Dendritic cell
SARAF,0.9742388346106847,0.1850638678248968,0.821,0.821,1,Dendritic cell
PPP1R16B,0.9744414169492474,0.17784021627404356,0.31,0.311,1,Dendritic cell
ARMCX4,0.974882198544348,0.11279007738495128,0.034,0.033,1,Dendritic cell
TBC1D13,0.9753659029738192,-0.1336056562931795,0.322,0.322,1,Dendritic cell
PTBP1,0.9756209898710339,-0.23917363897587762,0.571,0.574,1,Dendritic cell
PIKFYVE,0.9760453882260527,-0.2250807041781102,0.657,0.658,1,Dendritic cell
GYS1,0.9761125780175574,0.2066872292261248,0.397,0.392,1,Dendritic cell
SLC7A7,0.9761360200609719,-3.4999861869500606,0.48,0.479,1,Dendritic cell
TMEM97,0.9763131613180646,-1.1114249061147918,0.174,0.174,1,Dendritic cell
FHOD1,0.9764614258347136,0.4578667194010384,0.433,0.434,1,Dendritic cell
ABCE1,0.9764749665451734,0.4691887997324595,0.512,0.511,1,Dendritic cell
MS4A14,0.9765781825308049,-0.40372227403120653,0.11,0.11,1,Dendritic cell
UNC93B1,0.9772230669071201,-2.959736821576275,0.946,0.945,1,Dendritic cell
CHID1,0.9773598476202656,-0.13102906526168545,0.518,0.515,1,Dendritic cell
CEBPZ,0.9775062501293039,0.4011928563373981,0.488,0.486,1,Dendritic cell
SEC11C,0.9775501532099737,-1.4927427175379515,0.549,0.547,1,Dendritic cell
EIF2D,0.97789951519135,0.10989149009239574,0.46,0.459,1,Dendritic cell
PAF1,0.9782744817709317,-0.21745956581898618,0.439,0.437,1,Dendritic cell
POU2AF1,0.9783545896418921,-2.8925966382034636,0.014,0.014,1,Dendritic cell
KCNQ5,0.9786679730677509,0.3385010608239192,0.012,0.012,1,Dendritic cell
TASP1,0.9787049610478398,0.11465349388744017,0.252,0.253,1,Dendritic cell
APP,0.9792846061036279,14.183012940387364,0.839,0.838,1,Dendritic cell
ITGAL,0.9792896931121273,-10.005583337565291,0.864,0.863,1,Dendritic cell
ZMYM4,0.979480105882895,-0.186140020455003,0.53,0.53,1,Dendritic cell
ZFTA,0.979807226040845,0.13365378851566767,0.044,0.044,1,Dendritic cell
PREX1,0.979911314519746,-0.8669831660016873,0.844,0.844,1,Dendritic cell
DSE,0.9800109711538303,-18.1244446068878,0.682,0.681,1,Dendritic cell
ZNF32,0.9803534977324951,-0.22622564648980947,0.332,0.33,1,Dendritic cell
C5AR1,0.9806028637194824,3.4076512836179083,0.063,0.064,1,Dendritic cell
TMTC2,0.9806505556432835,0.1496163975274315,0.257,0.258,1,Dendritic cell
RAD51,0.9807030195690463,0.5511278172157441,0.016,0.015,1,Dendritic cell
ITPR1,0.9808738197104939,1.4863514909939806,0.621,0.621,1,Dendritic cell
NR1H2,0.9809397953854005,0.6279777661707047,0.603,0.602,1,Dendritic cell
P2RX1,0.9810171120132446,0.1623842643410065,0.311,0.306,1,Dendritic cell
STX3,0.9811875695952889,-0.24012828260417995,0.487,0.488,1,Dendritic cell
LARP4B,0.981401425164961,0.601487580043532,0.709,0.711,1,Dendritic cell
TP53INP1,0.9814698781937048,0.6139978296766553,0.263,0.263,1,Dendritic cell
ARHGAP26,0.981521067268423,1.4509328949102258,0.664,0.666,1,Dendritic cell
COMMD6,0.982060514885701,5.990067101752416,0.826,0.827,1,Dendritic cell
WASHC4,0.9826585778741378,0.24114675035148725,0.83,0.832,1,Dendritic cell
PRKCD,0.9828522426302683,-2.1246469442027465,0.936,0.937,1,Dendritic cell
NUCB1,0.9828752810649587,1.2074815278250304,0.854,0.854,1,Dendritic cell
NADK,0.9835637945877344,0.1486052520786325,0.639,0.641,1,Dendritic cell
COQ2,0.9844481987207386,0.16246647851516094,0.287,0.285,1,Dendritic cell
SLC47A1,0.9845568714704633,1.538893699489051,0.054,0.053,1,Dendritic cell
SPTSSA,0.9846560457730572,1.3941883906416601,0.494,0.493,1,Dendritic cell
MMP14,0.984987382028386,0.23243188837177975,0.04,0.04,1,Dendritic cell
IL27RA,0.9855802071463178,3.215877714815033,0.55,0.553,1,Dendritic cell
DBNDD2,0.9861177788851373,0.17584861580933178,0.226,0.229,1,Dendritic cell
SERINC5,0.9863426390806249,-0.3468782646308417,0.324,0.329,1,Dendritic cell
TBPL1,0.9864315657926352,-0.10495206965692118,0.262,0.263,1,Dendritic cell
RHOU,0.9869612685390644,-0.8496833038921232,0.38,0.379,1,Dendritic cell
TPRA1,0.9874350122415265,0.14260633766762407,0.315,0.317,1,Dendritic cell
H1-10,0.9877092574750748,-10.636588862705025,0.905,0.905,1,Dendritic cell
PTAR1,0.9879478732783167,-1.2816572189463775,0.602,0.603,1,Dendritic cell
ANXA2R,0.9883985066262253,-0.3109264365560822,0.151,0.15,1,Dendritic cell
ENGASE,0.9884362310884813,-0.13699788298150073,0.338,0.337,1,Dendritic cell
SH3BGR,0.9888489629013194,0.15863892255415957,0.028,0.028,1,Dendritic cell
MAP7D1,0.9889202951343128,-0.3400065468459399,0.854,0.855,1,Dendritic cell
FCGR2A,0.9889252171527392,-1.2113006937658541,0.491,0.49,1,Dendritic cell
RGS1,0.9889962236672719,8.829806180969037,0.185,0.184,1,Dendritic cell
CCDC124,0.9890891021279359,-0.1407966680385473,0.496,0.497,1,Dendritic cell
MTHFR,0.989522590941724,0.16810135697365736,0.451,0.45,1,Dendritic cell
KLHL33,0.9897034146765171,-0.7751364404822905,0.112,0.113,1,Dendritic cell
ERICH1,0.9897467350051934,-1.5293722673398662,0.518,0.521,1,Dendritic cell
CNEP1R1,0.9902750359448924,-0.5647341906112455,0.462,0.465,1,Dendritic cell
GSTK1,0.9910877890502081,-1.9575213035383854,0.922,0.924,1,Dendritic cell
EPHA1,0.9911032832349763,-0.19429800917076312,0.029,0.031,1,Dendritic cell
GYPC,0.9917984229668002,1.3167689271486331,0.438,0.44,1,Dendritic cell
RFC5,0.9919952833634713,0.8994677957110051,0.083,0.082,1,Dendritic cell
USP6NL,0.9921651523959538,-0.4813940225764034,0.315,0.315,1,Dendritic cell
RNF31,0.9925019930298379,0.25982749925140913,0.484,0.482,1,Dendritic cell
TMEM65,0.9925162371073355,0.16846662563661696,0.461,0.455,1,Dendritic cell
ATPAF1,0.9925948609800069,0.16162805860510598,0.385,0.385,1,Dendritic cell
PHF10,0.9932022573901366,-0.8628328839839599,0.671,0.674,1,Dendritic cell
RILPL2,0.9932554222520377,-0.39704990250578565,0.715,0.715,1,Dendritic cell
GORASP2,0.9932977602049844,-0.3941022739932194,0.634,0.636,1,Dendritic cell
MMADHC,0.9933873555651448,0.10299097354219056,0.634,0.632,1,Dendritic cell
CCDC86,0.9935262871102525,-0.16284308829318198,0.216,0.216,1,Dendritic cell
CTDSP2,0.9935406562679808,-0.29395489421236176,0.636,0.637,1,Dendritic cell
DICER1,0.9935999641939431,0.5677062816662928,0.647,0.644,1,Dendritic cell
FCRL2,0.9936494064826165,2.4810080238817944,0.014,0.014,1,Dendritic cell
PLEKHM3,0.9936785045377531,0.6145415843486441,0.317,0.317,1,Dendritic cell
SNTB1,0.9938175641507098,0.30262846022983547,0.237,0.238,1,Dendritic cell
MSRB3,0.9940661597370297,0.3882536140584181,0.077,0.078,1,Dendritic cell
SPEN,0.9946411226768246,-0.2889567849885495,0.704,0.702,1,Dendritic cell
RNF40,0.9949041216906033,-0.20114376015003543,0.675,0.675,1,Dendritic cell
STK38,0.9956855564697208,1.6634319822169328,0.825,0.826,1,Dendritic cell
RNF214,0.9957206341095604,0.11057461171352534,0.228,0.228,1,Dendritic cell
ITPKB,0.9958552234954433,0.7869437506636565,0.445,0.444,1,Dendritic cell
CCPG1,0.9959026899630006,-0.41623783221428745,0.401,0.4,1,Dendritic cell
NTSR1,0.9967614372851561,0.5252401678064205,0.01,0.011,1,Dendritic cell
TNFRSF11A,0.9967722208397196,8.198940903432565,0.064,0.062,1,Dendritic cell
TNNI2,0.9971083555204906,4.557462329306449,0.23,0.227,1,Dendritic cell
NECAP2,0.9971706307785969,-2.692290372698949,0.682,0.682,1,Dendritic cell
MERTK,0.9985108735656176,0.23855441989662474,0.012,0.012,1,Dendritic cell
CAPN1,0.9985130010760845,-0.7956102962090705,0.854,0.855,1,Dendritic cell
CLEC2B,0.99908179770459,1.904678846664881,0.689,0.69,1,Dendritic cell
MAML2,0.9991985336623697,0.13165696922020287,0.185,0.185,1,Dendritic cell
ICAM5,0.9995877142225352,0.6471477385241329,0.011,0.011,1,Dendritic cell
NCF4,0.9996922833604924,0.26032430424944586,0.549,0.548,1,Dendritic cell
CD46,0.9999082201822336,-1.0457586780678643,0.784,0.784,1,Dendritic cell
