gene,p_val,avg_log2FC,pct.1,pct.2,p_val_adj,our_annotation
SPC24,3.089073010154259e-10,-2.815709468874331,0.031,0.006,5.601416089312718e-6,HSC
FOXM1,1.0185730385574715e-7,-4.86832498804769,0.018,0.015,0.001846978490816263,HSC
OSBPL8,1.5924567196056944e-6,1.4139382763440755,0.627,0.746,0.028876017696610058,HSC
FAM111B,3.700886586528636e-6,-3.4803746714811292,0.013,0.021,0.06710817647352375,HSC
POU2AF1,3.901500750061353e-6,4.45025008944903,0.013,0.012,0.07074591310086252,HSC
EBF1,4.656975951748455e-6,7.636430351436238,0.008,0.012,0.08444494493305474,HSC
DTHD1,7.315836754789475e-6,-2.0427373657200185,0.018,0.006,0.13265806787459755,HSC
GSPT1,1.0319970663800966e-5,-1.3557502184503987,0.373,0.508,0.18713202804670293,HSC
SLC10A4,3.5479834306628256e-5,-1.3070143739572053,0.018,0.015,0.6433558354820902,HSC
GPR68,4.376187213266956e-5,-2.6967555707450654,0.031,0.009,0.7935340273816971,HSC
SLC35G1,1.2647508280995965e-4,1.3461337276539762,0.049,0.012,1,HSC
SHC1,1.3741290981166224e-4,-0.6061398465737255,0.386,0.327,1,HSC
FXYD7,1.4628173507430856e-4,2.427238360827552,0.028,0.006,1,HSC
JUN,1.9013937323271153e-4,-8.728715072564945,0.657,0.78,1,HSC
ZKSCAN7,2.02672237206056e-4,1.3407894133602345,0.205,0.107,1,HSC
RTKN2,2.84690675783393e-4,-1.8858463921851958,0.028,0.028,1,HSC
MAP3K5,3.3779356824308905e-4,-2.368397528781951,0.596,0.575,1,HSC
TK1,3.4373461167081854e-4,-7.413078063005572,0.01,0.018,1,HSC
SERPINF2,3.483116730564346e-4,2.4863677352312523,0.036,0.006,1,HSC
HBQ1,4.228980675972143e-4,-2.0336182737507054,0.01,0.015,1,HSC
GRAP2,4.710159160032107e-4,-7.47037079306984,0.136,0.076,1,HSC
SF3B1,4.7390157920817956e-4,1.0905903616397832,0.788,0.661,1,HSC
SAMD3,4.78872546590565e-4,2.6577061856813895,0.09,0.034,1,HSC
KCNJ5-AS1,5.06757732109919e-4,4.176375402734093,0.031,0,1,HSC
KIF21B,5.204342996340917e-4,0.42500102229716163,0.169,0.095,1,HSC
GPA33,5.519605868625588e-4,3.9266259535277594,0.026,0,1,HSC
TSC22D3,5.682796518687099e-4,5.382320947824365,0.76,0.651,1,HSC
PRDM10,5.82482876423602e-4,-1.0698381226752183,0.107,0.199,1,HSC
RBM47,5.983385557057756e-4,-2.2424899742843776,0.003,0.034,1,HSC
DLG5,7.049709539641747e-4,-0.5228177676259165,0.072,0.055,1,HSC
BRMS1,8.8467457239098e-4,-0.1894631237376072,0.476,0.391,1,HSC
SCAP,9.867562648896253e-4,0.1862368447244891,0.353,0.453,1,HSC
DAPP1,0.0010576702022648912,1.5511464951522986,0.312,0.202,1,HSC
CCDC42,0.0011027555212237488,-0.41305880014122875,0.056,0.043,1,HSC
CCR5,0.0011451214644807675,7.946109073283093,0.036,0.015,1,HSC
SMG5,0.0013537322659850934,1.3533941591714926,0.552,0.474,1,HSC
LUC7L,0.001505459280969763,0.45983021460075335,0.834,0.847,1,HSC
SLC35D1,0.0016315758540121983,0.3319592669444194,0.34,0.248,1,HSC
OSER1,0.001685281877568446,-0.2751384988703309,0.402,0.529,1,HSC
ST6GAL2,0.0017163664562452616,-3.189818331410868,0.128,0.202,1,HSC
PTGR2,0.0017473396045144375,1.7848106551048706,0.146,0.08,1,HSC
STPG2,0.0019186141454010988,-2.5121606837647303,0.018,0.067,1,HSC
E4F1,0.002039326244005928,-1.1216838086385588,0.253,0.257,1,HSC
NLRP1,0.0020789927131617367,1.3590168272613667,0.276,0.22,1,HSC
DDIT3,0.0021104779128524862,-1.8220537951698472,0.189,0.294,1,HSC
CXCR6,0.002113878440961077,5.009004713674389,0.023,0,1,HSC
GIMAP4,0.0021325776546698844,3.9658156999685423,0.146,0.073,1,HSC
FCMR,0.0021623337519592095,4.982070410537924,0.284,0.183,1,HSC
QDPR,0.002196022849566157,0.7923583217824326,0.269,0.245,1,HSC
HSPA14,0.002234891265560077,0.8537234861689039,0.271,0.229,1,HSC
PSMC1,0.0022567908622511926,-0.7551461447190277,0.486,0.413,1,HSC
CAMTA1,0.0022728376709039615,-0.9684982590382482,0.44,0.474,1,HSC
CRADD,0.0023221880252079405,0.6210360463536518,0.21,0.223,1,HSC
C1orf43,0.0023389369279331195,0.862519690768454,0.45,0.541,1,HSC
ANKRD50,0.0024939903676368816,-1.0735236443426577,0.373,0.465,1,HSC
OAS2,0.0025334307263086245,-3.9490505352754894,0.376,0.275,1,HSC
C22orf15,0.002537671516000728,-0.12275973993357558,0.031,0.009,1,HSC
RNF180,0.002546812193343963,-4.626034443194232,0,0.018,1,HSC
HAUS8,0.0025732746257476164,0.697206297796924,0.051,0.018,1,HSC
TRAPPC8,0.002619293137482824,0.342146512839939,0.565,0.453,1,HSC
RGCC,0.0030709633864754306,1.1966586747528503,0.13,0.061,1,HSC
TMEM237,0.003101401069330208,-0.6955877467858161,0.136,0.101,1,HSC
PDXDC1,0.003133098473589634,-0.9117156342897956,0.184,0.269,1,HSC
CACNA1C,0.0031956786166690864,4.225584509221631,0.018,0,1,HSC
ATG14,0.003247901759937748,0.31820537199098453,0.384,0.474,1,HSC
CFH,0.003324141222551176,0.5822975155957668,0.192,0.223,1,HSC
TAGAP,0.0033516176154529606,6.864089204300662,0.652,0.584,1,HSC
DESI1,0.0033820089145230156,1.0530032356586685,0.187,0.128,1,HSC
CUZD1,0.0034003137482529577,-3.7573655759490956,0,0.018,1,HSC
ZDHHC6,0.0034201453827871374,-1.2215425286581925,0.491,0.508,1,HSC
TES,0.0034408782675196996,-0.3724111280962221,0.729,0.624,1,HSC
RAB30,0.003461382517297027,-3.7573655759490956,0,0.018,1,HSC
SUPT4H1,0.0034972274655722707,-0.7738106721878376,0.437,0.511,1,HSC
ELAVL4,0.003508136611724928,2.5914984628755415,0.038,0.018,1,HSC
GAK,0.003645141038710675,1.1317458201799553,0.542,0.593,1,HSC
BBLN,0.003655982028992402,-1.0531069683384437,0.496,0.474,1,HSC
TMEM80,0.0037257556286188227,1.1903382471160684,0.238,0.168,1,HSC
HHIP,0.0037606418819916367,1.7321031037215557,0.02,0.015,1,HSC
ANKRD13D,0.0038171195520865257,-0.9634014439599237,0.591,0.486,1,HSC
FOSL2,0.003820478645654814,6.6428109216614795,0.212,0.135,1,HSC
TNNC2,0.0038835297305707325,-0.3558483141824835,0.005,0.024,1,HSC
SREBF2,0.0039015693738682095,-3.894682254246574,0.583,0.618,1,HSC
ADRB2,0.003980171832117808,1.4262928617266888,0.061,0.015,1,HSC
CCDC66,0.003983358859550571,0.4296797584312252,0.153,0.202,1,HSC
VIPR1,0.004017620456749707,2.724680414213607,0.018,0.006,1,HSC
TMCO1,0.004168257782439228,6.271665635193607,0.788,0.685,1,HSC
LAX1,0.004168347004827441,-2.5073718777484997,0.061,0.04,1,HSC
TOB1,0.004232598783750426,1.1005662170054347,0.465,0.346,1,HSC
KCND1,0.004236653088225848,-2.256090398479682,0.013,0.058,1,HSC
RAB38,0.004262134730859537,-0.990974637382835,0.182,0.177,1,HSC
APOA1,0.004275087755333754,2.025140434514011,0.049,0.012,1,HSC
S100A8,0.004345496991918492,-69.3945054446404,0.274,0.19,1,HSC
FADS2,0.004395463094898155,10.843274649983098,0.729,0.795,1,HSC
FES,0.004422229695308561,-1.1545456758532198,0.506,0.581,1,HSC
JDP2,0.004515856845394126,2.587806989772733,0.061,0.015,1,HSC
MORF4L1,0.0045202873762695325,-0.5664670918459063,0.563,0.664,1,HSC
PNPLA4,0.004626655541782909,0.20972826573511433,0.148,0.242,1,HSC
TMED9,0.00468169076153764,-0.33571560240514864,0.499,0.385,1,HSC
MYO18B,0.004708808258282891,4.225584509221631,0.018,0,1,HSC
PGGHG,0.00471650906618286,1.614789684521849,0.189,0.11,1,HSC
SFRP5,0.004732538286997372,-0.21295246173195093,0.005,0.028,1,HSC
KLHDC7B,0.004751585381218441,3.4456627357598997,0.018,0,1,HSC
RBM17,0.0049814766416029135,-2.127106908529311,0.619,0.557,1,HSC
PANK1,0.005038938459758186,1.3433466034439898,0.097,0.04,1,HSC
COG4,0.0050601042051718744,0.26330029362604435,0.399,0.465,1,HSC
GPR34,0.005146099363455081,-14.442664665746637,0.028,0.018,1,HSC
ACOT13,0.005154656143492394,0.9221515630808865,0.407,0.535,1,HSC
TCERG1,0.005156815148216092,-2.0973291480213123,0.757,0.667,1,HSC
ESYT2,0.0052050445943140474,-3.24530272416378,0.949,0.89,1,HSC
DAG1,0.005255275104180703,-1.0512881797675222,0.079,0.141,1,HSC
NPHP1,0.005304947469979148,1.3108867364571917,0.079,0.058,1,HSC
RSBN1,0.005520626050466749,-0.8836228595733676,0.445,0.495,1,HSC
GUF1,0.005544936650516784,0.5248308449876437,0.348,0.398,1,HSC
KRT73,0.005575988013267379,3.887697355683973,0.018,0,1,HSC
CLTA,0.0055986831291027364,1.2703761260999284,0.379,0.413,1,HSC
SELL,0.005628518319009459,23.89971536678646,0.852,0.82,1,HSC
PRPF4,0.00567424321534672,0.8208916292076947,0.355,0.291,1,HSC
SYTL2,0.005675518359569365,2.2364828294856753,0.1,0.037,1,HSC
PPP1R12C,0.0059013385975284546,1.1199253896956658,0.207,0.141,1,HSC
NEK11,0.005973595244153663,2.1245038947809176,0.066,0.034,1,HSC
MAP2K1,0.005986101691931884,1.519205228400947,0.501,0.382,1,HSC
PPP2R2B,0.006132311568573667,-0.3294619409773709,0.02,0.009,1,HSC
GOLPH3L,0.006237838969339773,-0.5074533243405583,0.504,0.434,1,HSC
AKT3,0.0063597999467313315,1.8935636830818612,0.691,0.618,1,HSC
ARMCX3,0.006372240654872916,-0.8937123209032904,0.445,0.535,1,HSC
RAB3D,0.006464345721115042,-0.34833876298812927,0.246,0.187,1,HSC
SNTB1,0.006532475925929654,-1.2051484217159425,0.563,0.547,1,HSC
P3H3,0.006577569832809572,-1.5154719291190561,0.02,0.064,1,HSC
CCN3,0.006668136797211193,3.887697355683973,0.018,0,1,HSC
PCBP1,0.006695856303811732,-1.1265372175036483,0.468,0.532,1,HSC
ODAD2,0.006731212230459438,0.8342849634441931,0.066,0.028,1,HSC
ITSN2,0.0067464539675197634,0.6127256217716988,0.708,0.606,1,HSC
ACAD11,0.0067484615225433635,2.012615988253952,0.522,0.443,1,HSC
NBEAL2,0.006768261559865856,-0.5725853587162897,0.376,0.416,1,HSC
MVK,0.006845167282303118,-2.2029099329310613,0.12,0.18,1,HSC
FANCA,0.006870422696328256,-1.9711649978980663,0.079,0.064,1,HSC
LGR4,0.007065958191077392,0.13241396543248207,0.084,0.04,1,HSC
NEIL2,0.007138878968021466,-1.0112464557547947,0.084,0.113,1,HSC
SS18,0.0071866147136235145,0.3074280452866094,0.481,0.523,1,HSC
CD69,0.00719026832299874,-21.879517220323287,0.56,0.599,1,HSC
ZNF483,0.007311531671756339,2.5198921261361606,0.036,0.015,1,HSC
SPESP1,0.007372807643908502,3.7403595333113744,0.015,0,1,HSC
DOCK9,0.007586592349999149,-1.6600257005926797,0.041,0.012,1,HSC
ATAD2,0.0077066257851361635,-2.267137077720845,0.166,0.187,1,HSC
JAKMIP2,0.007725722406512975,0.8490903995855661,0.363,0.257,1,HSC
SCAMP2,0.0077544019130504505,-1.5789416761413517,0.806,0.786,1,HSC
CES2,0.007903978045706325,0.43699258104277394,0.187,0.116,1,HSC
TMEM81,0.007909479443482501,2.0172237562376214,0.054,0.015,1,HSC
DENND1C,0.008006979052277718,1.3149313337500184,0.35,0.376,1,HSC
ETV1,0.008032549604061757,-4.09200092909837,0,0.015,1,HSC
PGAP4,0.008140828189690481,-1.2039639889699192,0.235,0.202,1,HSC
BTBD1,0.008183652261014161,0.8708291657836014,0.545,0.587,1,HSC
SIT1,0.008257957825684259,0.4313042036360675,0.038,0.009,1,HSC
PHGDH,0.008313245902620083,-0.6606639688166508,0.169,0.266,1,HSC
MRE11,0.008431978524704165,0.5173560087719392,0.494,0.382,1,HSC
KANSL1L,0.008509909379107061,0.569688633182414,0.575,0.523,1,HSC
SPTAN1,0.008608286553408156,1.135727732441977,0.616,0.498,1,HSC
SLC2A1,0.00864922547371453,-1.0014327820274151,0.235,0.312,1,HSC
SUN2,0.008731063299793427,9.129308086406198,0.852,0.801,1,HSC
RHOG,0.00874316020914415,0.19746096577597072,0.762,0.789,1,HSC
BEGAIN,0.008827105151177905,-3.234814779584939,0,0.012,1,HSC
ITGAL,0.009023820167246593,-7.715878108148642,0.488,0.388,1,HSC
SAV1,0.009171396152651622,-0.29766547770458357,0.217,0.315,1,HSC
SPATC1L,0.009209947660255284,-0.14129634641875038,0.284,0.385,1,HSC
LIPA,0.009337198263186255,-2.737047079902462,0.647,0.648,1,HSC
RBM26,0.009402624691524614,1.1383760862298113,0.57,0.535,1,HSC
PPIAL4G,0.009406337494407689,1.642291331541005,0.064,0.021,1,HSC
PDZD7,0.00942292397719727,-3.7573655759490956,0,0.018,1,HSC
ZYG11B,0.00943593646141244,-0.2317424339352483,0.355,0.462,1,HSC
N4BP2,0.009607205747323986,1.8887541491622999,0.757,0.679,1,HSC
KLHL36,0.009622393682111655,0.6201825760386568,0.261,0.26,1,HSC
RAB10,0.009729267046765109,-1.3323100529943082,0.844,0.81,1,HSC
GSTK1,0.009770355281133134,2.2924444933229307,0.887,0.896,1,HSC
PALS2,0.009824847937236269,-0.8185439115914018,0.343,0.297,1,HSC
LONRF1,0.009877280447652868,-1.2317109943732105,0.376,0.407,1,HSC
NDUFS1,0.009983700586402338,-1.819969599767786,0.442,0.532,1,HSC
PSTK,0.009994456239424866,1.1547300802551392,0.118,0.064,1,HSC
IRGQ,0.010039848833419488,-0.5307544123577499,0.258,0.361,1,HSC
SYCP3,0.010041017934944448,3.2416096323305554,0.015,0,1,HSC
TMEM11,0.01016658121772996,-0.5562976625180576,0.353,0.309,1,HSC
GOLGA8B,0.010167650427855552,0.7352273213425686,0.583,0.535,1,HSC
EHBP1,0.010211158542572726,0.7440030750777117,0.437,0.367,1,HSC
CORO1C,0.010240022884031115,-1.4469797708751226,0.537,0.636,1,HSC
PLCG1,0.010248941172766268,-1.3033831546568675,0.164,0.098,1,HSC
CAPN3,0.010266092825626771,0.39995440853119724,0.141,0.076,1,HSC
GNRH2,0.010296475536073988,3.2416096323305554,0.015,0,1,HSC
BRF1,0.010394669745945646,0.21869860879944358,0.601,0.502,1,HSC
NSMF,0.010396009683785417,2.1061207530009036,0.422,0.315,1,HSC
TJP2,0.010396992055278668,0.9102941298575866,0.13,0.08,1,HSC
TMCC2,0.01044500645349368,-1.2466632469044665,0.043,0.055,1,HSC
PAFAH1B3,0.010459880354338126,-1.167998687462907,0.578,0.535,1,HSC
CCDC88C,0.010612810109914642,2.0723678574673654,0.645,0.59,1,HSC
METTL24,0.010829693141231602,-2.9607582584135494,0.003,0.021,1,HSC
SGSH,0.011132266685575909,-1.5742757271578798,0.028,0.031,1,HSC
CFDP1,0.011170430613455655,-0.6556361411022715,0.598,0.505,1,HSC
EGF,0.011223458762026794,3.984949927760905,0.013,0,1,HSC
IFT27,0.011654198679117498,-0.9740445297473764,0.361,0.297,1,HSC
LSR,0.01174845885444235,1.0287061084207636,0.077,0.064,1,HSC
CLK1,0.01175157814122843,-1.250445812718052,0.882,0.832,1,HSC
MAP3K14,0.011791029186375084,1.3028943004651459,0.095,0.043,1,HSC
GTF2E2,0.011946350931965144,-0.8176627966657694,0.348,0.355,1,HSC
AQP3,0.012051209690866524,-4.219404598714624,0.033,0.037,1,HSC
SUSD2,0.012055026385277036,3.0038648156192673,0.013,0,1,HSC
MPP1,0.01210351504142907,-5.235453769818614,0.826,0.853,1,HSC
MCRS1,0.012188355687785887,0.8120623471387622,0.527,0.505,1,HSC
RRP36,0.012191619955077433,0.29196573488732025,0.389,0.287,1,HSC
SMARCA2,0.012246264227265298,14.932398959772025,0.905,0.96,1,HSC
DPP4,0.012247293865687665,2.8806047678652984,0.036,0.006,1,HSC
ATM,0.012310912170863657,3.598785840356097,0.611,0.538,1,HSC
MT-ND3,0.01232453805994856,-4.599199042876236,1,0.991,1,HSC
LPAR4,0.012567903270651616,2.92255094088898,0.026,0.006,1,HSC
TTPAL,0.012581604458330368,0.6676741893429874,0.166,0.104,1,HSC
C1orf131,0.012589185953813135,0.8505772815687243,0.197,0.156,1,HSC
SENP5,0.012738482929469736,-0.8758042159725292,0.225,0.309,1,HSC
ANKDD1B,0.012811014710199914,-2.518723638489475,0.003,0.021,1,HSC
PCSK1N,0.012882909754198223,4.110278499575693,0.015,0,1,HSC
DPP10,0.013021829751700622,-2.553822284474483,0.018,0.034,1,HSC
ODAD4,0.013068325345257726,1.5021721968106783,0.054,0.028,1,HSC
CEBPA,0.013173215937753622,0.3078086452054589,0.02,0.04,1,HSC
LRRC7,0.013199227785703904,-3.234814779584939,0,0.012,1,HSC
ALDH16A1,0.013284219945395026,-0.17919191740390983,0.384,0.3,1,HSC
ATP13A3,0.013407148388405178,-0.7049071205495335,0.366,0.291,1,HSC
SULT1A1,0.013424224305202313,-2.518723638489475,0.003,0.021,1,HSC
MCEE,0.013437262328698225,0.7624505956426653,0.286,0.226,1,HSC
ZNF724,0.013544970594741239,1.3037309025415382,0.128,0.07,1,HSC
CWC25,0.013576407666414539,0.5839897707451535,0.217,0.153,1,HSC
TRIM71,0.013678313555748193,-1.2727394354538681,0.015,0.031,1,HSC
NDUFS7,0.013749320660642148,-0.3641229762858312,0.394,0.358,1,HSC
ARL3,0.01376464947293058,0.6989220232549662,0.136,0.138,1,HSC
HOXA2,0.014004954944797407,1.416448528637254,0.051,0.012,1,HSC
CEP95,0.014057497747684325,-0.19373395666170135,0.529,0.416,1,HSC
UHRF2,0.014119231181096998,-0.6202242554302027,0.468,0.44,1,HSC
CALN1,0.014158150713187413,0.6597057311689507,0.184,0.199,1,HSC
GATA1,0.014175770558454715,8.620393502173046,0.256,0.339,1,HSC
ZCWPW1,0.01418515206381163,-0.5204635294127153,0.056,0.113,1,HSC
PPP2R3A,0.014208762596205692,0.22122057778636073,0.054,0.095,1,HSC
ODF2,0.014240183370735125,-1.1093628023112885,0.253,0.33,1,HSC
VPS13D,0.014285550822338877,-0.11602215572215202,0.263,0.361,1,HSC
CHST13,0.01430466360172134,-0.9059988081057186,0.064,0.089,1,HSC
CHTF8,0.014346189699569125,0.5386669202646654,0.077,0.037,1,HSC
SASH3,0.01454361399798885,6.699896018289481,0.683,0.59,1,HSC
NDST2,0.01473234076840444,-0.846624403479801,0.036,0.061,1,HSC
PAPSS1,0.014799452994924684,-1.3674768334476743,0.601,0.621,1,HSC
H4C11,0.014829146229429092,0.9257185638944829,0.041,0.012,1,HSC
IFIT1,0.014840022097991562,-1.8194021129170221,0.084,0.08,1,HSC
GALNT18,0.014851999018511705,0.9232490833305738,0.015,0.006,1,HSC
C2orf49,0.014881378915076841,-0.19962672736403664,0.486,0.388,1,HSC
ZDHHC1,0.0148827958214648,-0.775388778344368,0.041,0.046,1,HSC
MARCKS,0.014942482329540874,5.708192838781738,0.102,0.043,1,HSC
FILIP1L,0.015005145096831946,3.7403595333113744,0.015,0,1,HSC
MCFD2,0.015106493077932426,-0.8824953030370062,0.55,0.541,1,HSC
IRAG2,0.01515869250341322,0.11327037078846702,0.68,0.587,1,HSC
MUC20,0.015163040270838571,-0.2409145747528223,0.084,0.052,1,HSC
IFITM3,0.015173966680228287,0.9097218178863582,0.21,0.232,1,HSC
ZNF205,0.015211964013055338,1.7490752925899327,0.038,0.018,1,HSC
CCDC50,0.015319708687087805,9.459101536344024,0.143,0.165,1,HSC
CD2,0.015341225421264397,0.13997159848981777,0.141,0.076,1,HSC
NUDT3,0.015399965437247955,-2.258992313515887,0.811,0.752,1,HSC
KIF22,0.015415647071616367,-2.9675195931575336,0.409,0.349,1,HSC
EOMES,0.015509710875723852,3.8419916158472396,0.028,0.003,1,HSC
EEIG1,0.015553624055133454,2.106060453601202,0.205,0.128,1,HSC
DDX39B,0.015566267690218709,0.3489581132675037,0.455,0.511,1,HSC
GPX4,0.015605636918480754,-2.6925871459625217,0.826,0.826,1,HSC
EIF4G2,0.015615409641375607,0.3307322272193851,0.366,0.416,1,HSC
DOCK1,0.01564034336449549,5.922869736439379,0.205,0.229,1,HSC
PIGS,0.01583050443513924,-0.20019490529563022,0.532,0.428,1,HSC
CHD9,0.015861143053690577,-0.5368654582057855,0.675,0.654,1,HSC
COL6A2,0.015983682282538905,2.8003648612831338,0.105,0.049,1,HSC
CD48,0.016019446197187703,4.17418107861489,0.243,0.208,1,HSC
CYP4F2,0.016035780360311704,2.070876351724567,0.043,0.012,1,HSC
PLAUR,0.0161787026052105,-1.0809888694284817,0.028,0.067,1,HSC
VANGL2,0.016235737129558756,-1.053763977883635,0.11,0.165,1,HSC
METTL4,0.016251656159245703,-1.0136617018578336,0.174,0.168,1,HSC
H1-3,0.016335554315905023,-61.0657918083499,0.939,0.924,1,HSC
GPRC5C,0.016563786331207465,0.8985292787957273,0.059,0.021,1,HSC
C1QTNF4,0.01657119877974653,11.881549675183894,0.164,0.193,1,HSC
DBT,0.01657627285554767,0.4154791105493431,0.355,0.257,1,HSC
ZNF292,0.016576812695256248,-0.4968281539187305,0.65,0.569,1,HSC
PITPNC1,0.016598618454988164,1.6696030198049314,0.412,0.355,1,HSC
FSIP2,0.01662124978495135,3.57624498547983,0.013,0,1,HSC
COPS6,0.0166553162916233,2.8401355198649654,0.371,0.391,1,HSC
CLIC3,0.016736765482648994,-1.0229850681350836,0.046,0.034,1,HSC
TMEM35B,0.016816770573458057,1.1468984579366555,0.414,0.349,1,HSC
MYO1G,0.01682415439106392,-0.6387041666777691,0.691,0.74,1,HSC
ABCG1,0.016826488249180486,1.0120587030865487,0.294,0.223,1,HSC
SYNE2,0.016899126243086468,3.2062012029001994,0.12,0.07,1,HSC
ICA1,0.016989575872661776,-1.0595463341136087,0.417,0.431,1,HSC
SMIM27,0.01704527280436873,0.9131511880015042,0.524,0.575,1,HSC
JAK1,0.017127871577571764,1.0723286921997142,0.821,0.817,1,HSC
NCAPG2,0.0171705346463836,-1.2310413842359964,0.11,0.174,1,HSC
TMEM141,0.017243781736312108,-1.098171218952927,0.243,0.321,1,HSC
CCS,0.017782432501622078,0.28651869899061055,0.458,0.547,1,HSC
ZNF283,0.017785468052300118,0.13034877323148997,0.343,0.266,1,HSC
PPP1R18,0.01778762309289233,-2.151002492511024,0.696,0.593,1,HSC
UNC119,0.017929941845618566,0.6478075721364074,0.138,0.086,1,HSC
LRRC43,0.01793036810943937,-3.9067922123539027,0,0.012,1,HSC
ZNF774,0.018135929758314115,-1.7817306603471668,0.008,0.021,1,HSC
R3HCC1L,0.018243275866759414,0.8391004039113502,0.261,0.193,1,HSC
E2F3,0.018485484515317813,-1.7318859621593394,0.563,0.624,1,HSC
THUMPD2,0.018688984365329894,-0.5509184680963315,0.159,0.242,1,HSC
RBL2,0.018773335110174115,4.179217350147975,0.614,0.517,1,HSC
TCP11L1,0.01880211906717973,0.18183503121126288,0.45,0.367,1,HSC
FADS1,0.018828087692853008,-6.948158381135377,0.483,0.566,1,HSC
SBF2,0.018832785776180885,1.1120826480431374,0.205,0.177,1,HSC
CYB5B,0.018880960919317537,0.20348391018628242,0.621,0.529,1,HSC
IMPA1,0.018963524169590275,-1.1538383259265546,0.555,0.651,1,HSC
CFAP119,0.018984949465808677,0.9250780053101124,0.141,0.092,1,HSC
CNBP,0.019019802562005025,0.4010494301757461,0.824,0.85,1,HSC
ARL5C,0.019076745349041337,3.57624498547983,0.013,0,1,HSC
PCDHGA9,0.019099235288648035,-3.234814779584939,0,0.012,1,HSC
ZNF101,0.0191593128445931,0.5613314225335985,0.228,0.269,1,HSC
FCF1,0.019247044003064394,0.37900127326037936,0.322,0.367,1,HSC
YIF1A,0.019404524038789714,-0.8925119479473286,0.223,0.223,1,HSC
KDM4B,0.01946957603544348,-0.550574242783008,0.34,0.413,1,HSC
ZNF319,0.019546700830167976,-1.3012570675421695,0.064,0.11,1,HSC
FAM107B,0.019575486289600586,5.44287871406316,0.261,0.226,1,HSC
RHEBL1,0.01966910724605261,-0.5999244582774654,0.041,0.046,1,HSC
PTPN4,0.019688434001168993,1.9302634978889173,0.312,0.223,1,HSC
RBM12,0.019702842835532492,0.42256267962729077,0.258,0.303,1,HSC
ABCA2,0.019805436470869516,4.332545017082644,0.514,0.446,1,HSC
RNF2,0.019847839690290466,-0.5517486623548147,0.35,0.434,1,HSC
ZNF662,0.019916345026833867,0.9902508564999155,0.13,0.086,1,HSC
DPYD,0.019934389180789745,1.5156240662362932,0.591,0.508,1,HSC
UBE2K,0.019938949501320438,0.51214652030842,0.379,0.382,1,HSC
AACS,0.020062331235803626,-1.3907900714264592,0.266,0.343,1,HSC
RUNDC3A,0.020078629497994806,-3.234814779584939,0,0.012,1,HSC
TRAPPC6B,0.020099433747308864,4.574283103376045,0.45,0.538,1,HSC
PCED1B,0.020107932166455775,3.8215899245477445,0.066,0.028,1,HSC
IL18RAP,0.02017139910840427,2.2354360438376135,0.028,0.006,1,HSC
ZNF143,0.020213341099349583,-0.2921629410919205,0.21,0.168,1,HSC
IFFO2,0.020238659269175112,-0.12692708365972472,0.435,0.339,1,HSC
ABCD2,0.020244199890065494,1.7250692315486646,0.051,0.018,1,HSC
PACSIN3,0.020248322264973615,-2.9543557116449546,0.005,0.024,1,HSC
TXNDC15,0.02026086596986575,0.2689861042376034,0.478,0.532,1,HSC
ATG4C,0.020287849145796028,0.62630729305444,0.402,0.339,1,HSC
IL7R,0.02032409945346164,20.458508500296183,0.164,0.101,1,HSC
LAMTOR2,0.02035331866507438,-0.9128718650210179,0.422,0.526,1,HSC
CSNK1A1,0.02035543608648839,-0.24705452360810004,0.304,0.401,1,HSC
SLAMF6,0.020422557593302037,2.689579035556783,0.074,0.04,1,HSC
FAM174C,0.020646706169405615,-0.2895502436690529,0.243,0.196,1,HSC
COPZ1,0.020671509515856924,1.141349812576363,0.491,0.443,1,HSC
MVP,0.02072314590528437,0.16306191516369473,0.171,0.104,1,HSC
ETV5,0.02072401170783876,-1.439888095813378,0.031,0.049,1,HSC
PKP3,0.020762063395050837,3.0038648156192673,0.013,0,1,HSC
PHIP,0.020858897579754107,0.4326428476480788,0.606,0.697,1,HSC
ABCD4,0.020862318249883542,0.18362604126721682,0.207,0.156,1,HSC
MTHFR,0.020967795409322264,-0.7461562814422542,0.368,0.437,1,HSC
ZNF557,0.020968432572407637,-0.4679545629143696,0.233,0.278,1,HSC
DHX57,0.02106324442726329,-0.5403683236403735,0.199,0.19,1,HSC
ANXA2R,0.02106571697098309,-2.158980496185571,0.266,0.18,1,HSC
HMOX1,0.021206951923201784,4.478769607417825,0.015,0.024,1,HSC
IKBKE,0.021220936049134987,0.6691630696266613,0.23,0.217,1,HSC
BRWD1,0.021301565427881267,0.7048705123590044,0.54,0.578,1,HSC
S1PR5,0.021426527029577168,2.6300629980642913,0.033,0.006,1,HSC
SASS6,0.021481939729782448,-0.911800703444102,0.095,0.131,1,HSC
TBC1D9,0.02150617539598774,2.8896579065557217,0.02,0.003,1,HSC
BFSP2,0.021536461952166713,-3.9067922123539027,0,0.012,1,HSC
SND1,0.021561200314608793,-2.5769849197034724,0.688,0.728,1,HSC
TRIM58,0.021610884776973774,-0.2145652776223188,0.499,0.596,1,HSC
CETP,0.021713354983601864,-2.3146705350601318,0.003,0.018,1,HSC
LRIG1,0.021734785480521872,0.9384581718248162,0.097,0.067,1,HSC
DSTN,0.0217583629823169,0.7482229215966141,0.524,0.456,1,HSC
AGO3,0.02180209826777618,-0.34091097987085955,0.266,0.239,1,HSC
PPP1R32,0.021850411157255462,2.2319139289464682,0.043,0.012,1,HSC
LRCH1,0.021920775062622733,1.0289564897302896,0.504,0.401,1,HSC
PTCD3,0.021934262851649622,0.48987008087075246,0.35,0.269,1,HSC
POLI,0.022001186100232887,0.632737031716315,0.609,0.554,1,HSC
GSDMB,0.022068930182576812,-0.39440892103544,0.143,0.122,1,HSC
PTPRC,0.022074192368139362,1.3609135804526735,0.575,0.609,1,HSC
SFMBT2,0.022098379252352137,2.072595130259182,0.299,0.229,1,HSC
DDX21,0.022144172813837765,-0.254398359647086,0.432,0.535,1,HSC
CABLES1,0.022175891080767233,-1.268088529660073,0.274,0.294,1,HSC
CNOT10,0.02228868852299219,-1.0879537419891092,0.43,0.498,1,HSC
RHCE,0.02248896038496993,-3.9067922123539027,0,0.012,1,HSC
CHD2,0.022528306655786607,-3.286156842354984,0.9,0.951,1,HSC
CENPA,0.022573643632820373,-3.9067922123539027,0,0.012,1,HSC
SMC1B,0.022667090080579964,3.57624498547983,0.013,0,1,HSC
ZNF843,0.02270341569914057,-3.9067922123539027,0,0.012,1,HSC
KLRG1,0.022830072826410842,8.353215713440846,0.373,0.336,1,HSC
XPR1,0.02283775853188245,0.7689482262514975,0.276,0.211,1,HSC
CNN3,0.022865351209980102,-1.04692112194444,0.092,0.168,1,HSC
RB1CC1,0.022876024580349777,1.0863129818540933,0.57,0.575,1,HSC
NRP2,0.022884017709114142,-3.9067922123539027,0,0.012,1,HSC
ZNF799,0.02288806772460912,1.198897047393935,0.064,0.024,1,HSC
YBX1,0.022919816525148424,2.132299824577702,0.836,0.905,1,HSC
UTP20,0.02307829189454275,-0.5785555665427372,0.164,0.168,1,HSC
TRBC2,0.02316240472303206,10.531390953923523,0.56,0.489,1,HSC
FAM114A2,0.023343349171778462,0.353256518235559,0.284,0.324,1,HSC
LRRC39,0.02342211493740754,2.309130168540215,0.031,0.006,1,HSC
QPRT,0.02354770065042649,0.3575497022149905,0.174,0.107,1,HSC
FAM78B,0.023574594821679513,3.0038648156192673,0.013,0,1,HSC
ACTN4,0.023615014636818844,-0.6019771066754416,0.453,0.55,1,HSC
TAB1,0.023772174957037668,0.6778640969410721,0.396,0.306,1,HSC
SERPINH1,0.023778997993262656,-0.3042582969250869,0.164,0.235,1,HSC
MEX3A,0.02385171914387367,-1.1360439200138797,0.11,0.144,1,HSC
TET3,0.02407550410395826,-0.8042340719532209,0.33,0.284,1,HSC
MAGED2,0.024098833107978078,-2.3210497443179463,0.79,0.749,1,HSC
DHCR24,0.0242768649162664,-1.9645007843252111,0.11,0.174,1,HSC
ZBTB17,0.024278165908522702,-0.7557673686981744,0.427,0.379,1,HSC
ALKBH4,0.02450583705813948,0.7294680057365426,0.176,0.116,1,HSC
XPNPEP1,0.02466177662855824,0.5464952369927409,0.437,0.355,1,HSC
ELMOD2,0.02470850126839986,0.4471223138394484,0.343,0.394,1,HSC
EMC8,0.024735252569795196,1.015381197172725,0.289,0.223,1,HSC
SENP1,0.024756701432798782,0.3799687549074713,0.412,0.312,1,HSC
CHURC1,0.024866795254331615,2.578649997925723,0.818,0.786,1,HSC
ACBD5,0.024931905716918702,-0.31726735406580486,0.396,0.349,1,HSC
H3-3B,0.025203689734792447,0.26726588958998343,0.253,0.294,1,HSC
TCEAL4,0.02520673859713425,-0.7940084369309337,0.453,0.55,1,HSC
EIF4H,0.02542784362101363,-0.5025881421494747,0.839,0.813,1,HSC
WARS1,0.02549660461620551,-2.025591038004216,0.261,0.18,1,HSC
MMP23B,0.0255794786798403,-3.234814779584939,0,0.012,1,HSC
PSMD10,0.025672950552634084,0.6165818147437989,0.425,0.495,1,HSC
TBC1D10C,0.025793534506442665,4.498966768299022,0.614,0.636,1,HSC
CDC14B,0.0259091067381373,0.6819980838730996,0.128,0.125,1,HSC
NDUFS4,0.026005084109303883,1.8549138363194535,0.627,0.716,1,HSC
THAP7,0.026074441251684483,0.46403962006875,0.187,0.113,1,HSC
OASL,0.026112973472475404,2.6229806639427213,0.033,0.006,1,HSC
NSA2,0.02613516746393094,-1.4225677544856294,0.89,0.89,1,HSC
BTAF1,0.02619425290257662,-0.8969395847174528,0.703,0.624,1,HSC
PCDHGA3,0.026220629809339202,-1.0062374157929863,0.018,0.012,1,HSC
DISC1,0.026317347305350906,-0.8145902124007108,0.251,0.19,1,HSC
PPBP,0.02644953768752258,7.024984551046421,0.113,0.055,1,HSC
COX7A1,0.02648015923977334,-3.234814779584939,0,0.012,1,HSC
CHUK,0.026504527745982814,0.7693310466589857,0.269,0.18,1,HSC
MAPK13,0.02656039364990985,1.6934841632959445,0.036,0.018,1,HSC
TIMM8B,0.02660407051043543,-1.4508778172282941,0.427,0.52,1,HSC
HSD17B10,0.026698391278009097,0.4265214512261857,0.532,0.44,1,HSC
MGAT5,0.026747880879397754,0.3683348863542717,0.289,0.336,1,HSC
TDRD12,0.026943905996371354,-3.234814779584939,0,0.012,1,HSC
ZNF771,0.02696233437212356,-1.0206412690091526,0.023,0.061,1,HSC
DRC1,0.027081072869380614,1.2113573832092772,0.01,0.015,1,HSC
TRAT1,0.027087658583228306,1.0869786564323185,0.074,0.031,1,HSC
LSG1,0.02719236036994436,-0.48001882890270764,0.317,0.294,1,HSC
MYOZ3,0.027314994071855555,-0.29000809469479094,0.049,0.076,1,HSC
PON2,0.02741962723192266,0.46494601244465594,0.381,0.303,1,HSC
CLEC2D,0.02750299898958244,10.461650048009428,0.537,0.495,1,HSC
LYRM1,0.027505045470788577,-1.0365329039131574,0.43,0.44,1,HSC
KYAT1,0.027636849212481593,1.2035029057973234,0.097,0.067,1,HSC
MMP24OS,0.027673953016155092,1.695890565192275,0.448,0.489,1,HSC
GPANK1,0.027761449073346406,0.484312966031725,0.266,0.19,1,HSC
SGK3,0.027783080999659576,0.6008346471605219,0.668,0.694,1,HSC
UBE2I,0.027795124513439105,4.308750280399354,0.862,0.82,1,HSC
CCNE1,0.027938697926335843,-2.6877227305660867,0.01,0.043,1,HSC
MCOLN2,0.02809921522470334,0.535757550118976,0.054,0.024,1,HSC
GCNT1,0.028212021131020486,-0.45036789726313065,0.256,0.22,1,HSC
WDR17,0.028297957614992625,-0.7624813278833251,0.113,0.18,1,HSC
SH3GL3,0.028308548393180574,-0.5846391096527825,0.02,0.052,1,HSC
SYAP1,0.028430522590433552,-0.17796930253121723,0.407,0.505,1,HSC
HOXA1,0.028494503300889398,2.7190588359663996,0.01,0,1,HSC
TMEM238,0.028561686595204614,0.5902336044501386,0.133,0.131,1,HSC
SCHIP1,0.0285940784201999,3.544878083602498,0.317,0.223,1,HSC
PPP4R3A,0.028607458445166656,-0.9030219367224392,0.54,0.572,1,HSC
ZNF354C,0.028647907355061033,0.6079044014268686,0.246,0.177,1,HSC
TSNAX,0.028650719737691382,0.5077355203672902,0.499,0.41,1,HSC
PGAP3,0.028696068878037027,-0.26446205302414943,0.281,0.278,1,HSC
OSBPL10,0.02872915280878356,3.3910362687353626,0.01,0,1,HSC
TBL1X,0.028765078637003245,0.4601145319109694,0.118,0.11,1,HSC
CDH4,0.02883001088620894,0.19810213674600874,0.056,0.028,1,HSC
ABCB11,0.0288595772309793,-2.254010630515806,0.005,0.021,1,HSC
PCNX2,0.028868571698145887,1.0247826338498587,0.246,0.177,1,HSC
EIF1B,0.029030005105994187,-0.41148979570437305,0.813,0.826,1,HSC
DND1,0.029131261989898398,2.107028427188447,0.026,0.006,1,HSC
CD79A,0.029133936010067456,40.57002587217626,0.123,0.165,1,HSC
SNRPE,0.029186613874326955,-0.9378327581150732,0.772,0.844,1,HSC
LRIT3,0.0292501988623183,3.0038648156192673,0.013,0,1,HSC
ATP13A1,0.02927328275444252,-0.19296886432703342,0.448,0.37,1,HSC
ZNF343,0.02933157082748523,-0.1508917969499114,0.166,0.235,1,HSC
CARM1,0.029385213121808754,-0.444188442423487,0.417,0.517,1,HSC
THAP9,0.029440332466904588,1.3136309238507682,0.09,0.076,1,HSC
SMYD5,0.029834176788506767,-0.7038244766805076,0.171,0.211,1,HSC
H2AJ,0.029846771762204412,1.320320788825374,0.396,0.385,1,HSC
CD37,0.029852717651316585,6.25283154649896,0.957,0.982,1,HSC
ESYT3,0.029896273520403503,-2.81342043604095,0.003,0.018,1,HSC
ZNF683,0.029929987035946157,1.896941484691319,0.028,0.028,1,HSC
ASAP2,0.029974809764442344,-0.9973279957985952,0.174,0.141,1,HSC
CMTM1,0.029975167577185994,2.1817036559023473,0.02,0.003,1,HSC
ATRN,0.03002694005298934,0.6412937387291122,0.297,0.291,1,HSC
PEX11A,0.03008830900002932,0.939422821689845,0.21,0.159,1,HSC
RFXANK,0.030260774518642522,-0.5869608658128407,0.535,0.587,1,HSC
WDR24,0.03030367482939001,-0.5748549923062694,0.205,0.196,1,HSC
BMP2K,0.030431035262449325,0.32251589895314314,0.637,0.706,1,HSC
ZNF35,0.030483643975316076,0.33230500608464375,0.118,0.131,1,HSC
ORC1,0.03055617325160098,-5.513282441394805,0.036,0.052,1,HSC
TPSG1,0.030752040868010193,-2.3534261505645224,0.033,0.028,1,HSC
SURF1,0.03080390101933313,-0.9376764642214259,0.343,0.407,1,HSC
GDF9,0.030824969061663415,2.1817036559023473,0.02,0.003,1,HSC
HPSE,0.03090458784761138,1.9074556380137127,0.028,0.006,1,HSC
RFX2,0.030908534978212988,1.925529807684292,0.274,0.306,1,HSC
PARP4,0.030988037965227058,1.6468596581596118,0.673,0.694,1,HSC
RAD52,0.031003669163513378,0.6544042946259654,0.153,0.119,1,HSC
CDC6,0.031244338345886448,-0.3823298444737109,0.018,0.024,1,HSC
PM20D2,0.03125754511449041,-1.6345513889569647,0.468,0.541,1,HSC
TXNRD2,0.031324600843793945,1.196916903139731,0.304,0.398,1,HSC
MYCBP2,0.03136338465768694,0.46311107294212217,0.468,0.508,1,HSC
INPP1,0.031401140216705786,0.6152940240365955,0.146,0.156,1,HSC
FLT3,0.03145649229677331,1.3425243156165187,0.552,0.477,1,HSC
MAFF,0.03151289398295988,-1.0432171058080004,0.01,0.037,1,HSC
NAXE,0.0316560429118532,-0.7102623926775055,0.286,0.306,1,HSC
USP46,0.03168726203822869,0.5633324473935447,0.166,0.18,1,HSC
RNASET2,0.031691425316359594,0.9452919532995053,0.345,0.394,1,HSC
TNFRSF8,0.031864301464583425,-3.234814779584939,0,0.012,1,HSC
LURAP1,0.03188792172265423,-0.7688047883900724,0.095,0.156,1,HSC
C10orf143,0.03220525185634746,0.2307372890056385,0.061,0.083,1,HSC
SLC12A7,0.03227460525668738,-1.3924173673656588,0.381,0.413,1,HSC
SRRT,0.032310610907402317,-1.1124383776512468,0.491,0.428,1,HSC
NIPSNAP3A,0.032319129773005474,0.16729747032525832,0.655,0.709,1,HSC
CASP8AP2,0.03234309347731696,0.9059187940882218,0.373,0.291,1,HSC
AKT2,0.032385356891916926,0.45115852118309796,0.458,0.502,1,HSC
CARMIL2,0.032412601092204237,0.577909283853554,0.542,0.572,1,HSC
LMNTD2,0.03245567683160587,-2.149725292664053,0.005,0.028,1,HSC
FCGR3A,0.03249076029839738,-19.01291253329638,0.038,0.018,1,HSC
GUK1,0.03285097203819301,0.4876014815468108,0.199,0.135,1,HSC
GATD3,0.03285790282161031,0.6266536329372385,0.519,0.477,1,HSC
DEPDC4,0.032864159965326496,0.9540395046938923,0.043,0.034,1,HSC
ACTR8,0.0329301993247952,0.8678435595384936,0.45,0.443,1,HSC
ZRANB3,0.0331278913178054,-1.181501367242114,0.13,0.168,1,HSC
FAM13A,0.0331945362310161,0.3800585368631667,0.379,0.297,1,HSC
ZFP30,0.033195591412791464,-0.6677451213405857,0.24,0.223,1,HSC
SLC7A6,0.03326226803908553,2.0914248229839436,0.379,0.309,1,HSC
P4HTM,0.03328497366863547,0.11781908569119703,0.343,0.26,1,HSC
PDRG1,0.033433436101059734,-0.4026570654638606,0.13,0.202,1,HSC
SDHAF4,0.03356840963372109,0.5344496830337274,0.207,0.205,1,HSC
C6orf141,0.03366694317764699,-3.234814779584939,0,0.012,1,HSC
KCNE2,0.033692580738001986,-3.234814779584939,0,0.012,1,HSC
ATF7IP,0.03398953413836327,-1.6399579462383667,0.642,0.612,1,HSC
SDHAF2,0.03401369796558449,0.2763748502718717,0.499,0.401,1,HSC
BRD4,0.03407944038291007,3.2984056225250438,0.89,0.859,1,HSC
NAA50,0.034082017586075736,-0.2935430494759126,0.161,0.156,1,HSC
BPNT2,0.03409593787070234,0.8526469199025214,0.391,0.44,1,HSC
LGALSL,0.03411601152981154,2.1817036559023473,0.02,0.003,1,HSC
CTTNBP2NL,0.03422369065036547,0.4475144145101908,0.095,0.113,1,HSC
ARL2BP,0.034275320233225944,-4.004645995951206,0.504,0.593,1,HSC
SEC14L1,0.034282687241910234,-1.0435501992688958,0.468,0.453,1,HSC
USP40,0.03429031246823267,0.22512023195988135,0.271,0.19,1,HSC
HBB,0.03431973332740368,5.64306116272192,0.01,0,1,HSC
SMARCA4,0.03447958813642774,-1.1363622521558807,0.701,0.67,1,HSC
CLEC4A,0.03457836081391519,3.8259809104833504,0.082,0.08,1,HSC
ABCA1,0.03464391067358791,1.5497137124245262,0.263,0.202,1,HSC
CXCL8,0.034848324284534535,-1.5729240636356123,0.054,0.021,1,HSC
NOP10,0.03485368621722611,0.30279117777701214,0.399,0.315,1,HSC
GRK6,0.03489918878602977,0.8205414489319998,0.312,0.229,1,HSC
ORAI2,0.03490571266297228,0.9866793256322719,0.614,0.578,1,HSC
FBXO36,0.03499257251257575,-0.6985314262336613,0.031,0.04,1,HSC
ZNF529,0.03500260180824758,0.31640355406568776,0.368,0.284,1,HSC
ZNF600,0.035192136917129246,0.29782654328538316,0.21,0.242,1,HSC
LRP10,0.035228416328634646,0.31389889351976197,0.202,0.254,1,HSC
FAM178B,0.03532324122471345,-4.647098909573745,0.046,0.024,1,HSC
PRR14L,0.03543949557965279,-0.35481254653451544,0.471,0.422,1,HSC
MEIG1,0.0354904410418291,-2.3146705350601318,0.003,0.018,1,HSC
TRH,0.03556554436430135,0.5129606871637815,0.031,0.028,1,HSC
TRIAP1,0.03560510527115916,0.8871503441973125,0.299,0.291,1,HSC
CXCL2,0.03608084491886026,-1.4568562399044391,0.031,0.058,1,HSC
DPF2,0.036101876616733634,0.9440222732134271,0.632,0.593,1,HSC
ZBTB9,0.036106462670552474,0.9517529681565131,0.169,0.107,1,HSC
CDK20,0.036139500822678645,1.0748205161898676,0.077,0.034,1,HSC
MESP1,0.03615637119589838,2.107028427188447,0.026,0.006,1,HSC
HAT1,0.03618573122433353,-1.5020811231841815,0.573,0.615,1,HSC
DHRS9,0.03628120557810701,1.812480620588735,0.033,0.037,1,HSC
SEPTIN1,0.036327543822242764,0.2592296554809135,0.389,0.33,1,HSC
CDC37L1,0.036446385555523486,0.9043063006391299,0.269,0.211,1,HSC
VPS16,0.036725874855821676,-1.3320287039120364,0.043,0.095,1,HSC
CDT1,0.037012176785527935,-6.629682862945833,0.171,0.125,1,HSC
NADK2,0.03711591089193192,-0.6781151063639597,0.23,0.251,1,HSC
LRRC25,0.03713775186948149,6.940064504683381,0.043,0.067,1,HSC
ZNF607,0.0371418704251824,0.22989701549487318,0.113,0.135,1,HSC
UPP1,0.03715657566564392,1.451211085742719,0.043,0.018,1,HSC
DDX28,0.03717994436683198,-0.2753166703997791,0.258,0.223,1,HSC
ARHGAP4,0.03733431051507594,1.9610764238671137,0.66,0.63,1,HSC
RPAIN,0.03748219830418388,0.6213726722495228,0.785,0.719,1,HSC
QTRT2,0.037496375040628575,1.0981493561679292,0.235,0.168,1,HSC
PRCP,0.037572203394691854,-1.845571480486595,0.455,0.425,1,HSC
COLEC11,0.03759641361411037,2.7190588359663996,0.01,0,1,HSC
SPNS3,0.03762377260405316,1.0880475117460433,0.253,0.177,1,HSC
EPS8,0.03762492484722367,3.0038648156192673,0.013,0,1,HSC
B3GALT6,0.037792622215086336,-1.0872294184336466,0.049,0.101,1,HSC
GATA3,0.03789394958898882,2.5551100877174817,0.079,0.037,1,HSC
VNN1,0.038016410418578714,1.3248693558525715,0.046,0.028,1,HSC
REXO5,0.03822342243616688,1.354906404715524,0.289,0.214,1,HSC
WDR5B,0.038244245297424234,-0.5014929670996702,0.263,0.352,1,HSC
BDP1,0.03836288750265765,0.27694143916108827,0.56,0.575,1,HSC
ENSG00000285976,0.03851805054824465,-0.9951856841318967,0.059,0.076,1,HSC
IFT81,0.038575378238448386,-0.41675627950487665,0.294,0.364,1,HSC
AIP,0.0385767240721356,-0.5381906168392798,0.673,0.749,1,HSC
EVI5L,0.038584030651355794,0.9274246206996206,0.13,0.08,1,HSC
RND2,0.03859424962664337,2.7190588359663996,0.01,0,1,HSC
RALGPS2,0.03876791824335196,3.8657256614318096,0.343,0.394,1,HSC
VSIG10L,0.03895013357274174,1.4250946961986464,0.028,0.006,1,HSC
RAB3GAP1,0.03897346822706086,1.0756169455872766,0.665,0.703,1,HSC
GPR18,0.03907459941744965,-4.278730848173196,0.046,0.015,1,HSC
PBRM1,0.03911927485664735,0.2746062483338214,0.624,0.648,1,HSC
GFOD2,0.039121329087759345,0.4730140903168394,0.192,0.205,1,HSC
NKG7,0.03916311937283071,18.31005816826163,0.248,0.19,1,HSC
WDR83OS,0.0392857644475411,1.715006078519746,0.688,0.755,1,HSC
ZNF892,0.039298406359679294,0.115865936941287,0.182,0.122,1,HSC
GIMAP7,0.03945054727795906,6.9833997013620355,0.266,0.251,1,HSC
ZNF454,0.03959499166426585,0.7634227255357047,0.015,0.012,1,HSC
CD74,0.03972415062366677,152.6677963594469,0.99,0.969,1,HSC
EVI2A,0.03991756601392098,0.36910210516913855,0.371,0.284,1,HSC
MT-ND6,0.0399997362827929,10.705074560726471,0.668,0.645,1,HSC
FICD,0.04007439307025263,1.565875165042061,0.051,0.018,1,HSC
TFDP1,0.040090872265172654,-0.42630002115347887,0.294,0.382,1,HSC
ZNF672,0.04013399132826126,0.7031550939979683,0.194,0.229,1,HSC
DYNLT2,0.04031648136221761,1.0537992469367023,0.133,0.104,1,HSC
GRAMD1B,0.04035257382694529,0.630646164038563,0.174,0.116,1,HSC
PIEZO1,0.04042931531066759,-1.21997899039528,0.442,0.367,1,HSC
EIF3D,0.04047062474856131,-1.2955443800984856,0.806,0.869,1,HSC
SETD7,0.040478023398589975,0.6858107187744649,0.087,0.083,1,HSC
FUNDC2,0.040770930040741164,0.3473959338124595,0.092,0.049,1,HSC
ARL13B,0.041171076506470304,-0.21572314604022735,0.102,0.15,1,HSC
NFIC,0.04120782454289472,-0.11996869119163234,0.343,0.306,1,HSC
ZNF879,0.04139259934353031,0.68864722711678406,0.107,0.058,1,HSC
ATG10,0.04159667892094552,0.2004993219290724,0.292,0.358,1,HSC
KLHL9,0.041647212133263695,0.25393172034858535,0.09,0.107,1,HSC
PRKCZ,0.041871543453049796,-0.8283040259012832,0.164,0.183,1,HSC
ADSL,0.041975485496882264,2.085751304887494,0.688,0.758,1,HSC
UBE2C,0.042050718929305606,-1.9154058910195655,0.008,0.024,1,HSC
ACTMAP,0.042149483395502674,-0.7612871370004453,0.1,0.11,1,HSC
MEIS1,0.0422374841495974,1.7529964283639323,0.821,0.878,1,HSC
TAF10,0.042358551535683395,0.8744432261537447,0.519,0.45,1,HSC
NEU3,0.04253014468866521,0.491663743750268,0.217,0.196,1,HSC
TSPAN6,0.042543262295231664,1.5581152924103894,0.082,0.046,1,HSC
KCNK1,0.04255823686756981,3.3910362687353626,0.01,0,1,HSC
MCPH1,0.04274166811583957,-0.5210522395045154,0.45,0.498,1,HSC
HNRNPU,0.04277514619385718,2.554493517438031,0.944,0.887,1,HSC
EID2,0.04283221183821167,0.5768275936701175,0.269,0.251,1,HSC
ABHD16A,0.042857882505826235,-0.7705086838875254,0.32,0.385,1,HSC
NFYC,0.0428697498758565,0.37380446157443153,0.435,0.349,1,HSC
TPM1,0.04290822225200924,0.9826498110625401,0.44,0.52,1,HSC
SH3BGRL2,0.04293974900592329,0.1908413710653813,0.263,0.199,1,HSC
IFT43,0.04299536647485941,-0.8263091289067732,0.207,0.223,1,HSC
HNRNPD,0.04306557131826628,-2.6378073848815404,0.923,0.911,1,HSC
WASF2,0.04308350001717685,-0.7044060322231012,0.749,0.694,1,HSC
GATAD2B,0.04314534199185105,-0.12237916933423865,0.729,0.639,1,HSC
MAFG,0.04324748726311987,-0.6682236664717472,0.176,0.208,1,HSC
SLC25A11,0.0434420452615702,-0.30040813395508703,0.629,0.541,1,HSC
CNIH2,0.04344655171479612,-6.909136969097667,0.074,0.04,1,HSC
MYBPC3,0.04350300453358524,2.7190588359663996,0.01,0,1,HSC
CNKSR3,0.043604256918999815,2.7529840917505224,0.125,0.08,1,HSC
SUCLG2,0.04360844364025363,0.6480402101699498,0.113,0.064,1,HSC
TM9SF1,0.04364811734019808,-0.924793427471313,0.345,0.413,1,HSC
AKR1C8,0.043676768430396515,2.7190588359663996,0.01,0,1,HSC
FUBP1,0.043744457828958666,-0.2698658450351248,0.836,0.899,1,HSC
GORASP1,0.04419053701005042,-0.40113917611496824,0.251,0.251,1,HSC
NDC80,0.044191193454413843,-2.802982888736087,0.038,0.049,1,HSC
ELL,0.044250273625918546,0.7054773677873944,0.169,0.128,1,HSC
GZMM,0.04430118679415735,1.4047635827199716,0.038,0.034,1,HSC
ZMYND19,0.044417783409989524,-0.696156880627624,0.146,0.165,1,HSC
ACP6,0.04444798788066521,0.6341773370193595,0.274,0.196,1,HSC
ADRM1,0.04459963670974399,-0.8817474649305086,0.34,0.336,1,HSC
POLD3,0.04461575302535898,-2.923005328094317,0.22,0.214,1,HSC
CYBA,0.044714617532207075,1.9200473118868215,0.714,0.664,1,HSC
ZNF98,0.04479994284354481,-1.1273953452070473,0.026,0.064,1,HSC
CBLN3,0.04506240379806104,2.4450023147950093,0.018,0.003,1,HSC
CYREN,0.045197260057180194,-0.8177076977048907,0.292,0.349,1,HSC
NSUN3,0.04522701988790853,-0.8951941202651953,0.279,0.349,1,HSC
MAMDC2,0.045365334563030386,0.15184862725299908,0.166,0.174,1,HSC
ACP3,0.04538144189030538,-0.9531252241647312,0.005,0.024,1,HSC
LGI4,0.045409900232821765,2.7190588359663996,0.01,0,1,HSC
TFIP11,0.04547568750335578,0.5096434175067285,0.386,0.294,1,HSC
ARL4A,0.04551206141263429,-0.9384043113980775,0.174,0.242,1,HSC
CCDC8,0.045554457437070366,-1.1743351679096485,0.041,0.086,1,HSC
IL13RA1,0.04562411305403866,-0.5415787909380438,0.061,0.034,1,HSC
ACTR6,0.045683702864926644,-0.268741645091355,0.343,0.327,1,HSC
S100A13,0.045819708368879976,0.31934204478717115,0.146,0.205,1,HSC
QPCT,0.04603497539093188,-2.0769257183488428,0.003,0.015,1,HSC
ANKRD17,0.046045859621315945,-0.5595088776718806,0.744,0.722,1,HSC
IRF1,0.04612388443355468,-3.515526608545332,0.435,0.535,1,HSC
PAK4,0.046136365541421365,1.089487529770126,0.092,0.052,1,HSC
MANSC1,0.046137025774612046,-1.1773482134864477,0.082,0.076,1,HSC
RET,0.04618373757423766,-2.0769257183488428,0.003,0.015,1,HSC
DCLRE1B,0.046230993052643755,-0.26625758449802595,0.066,0.055,1,HSC
IGF2R,0.0464237236861384,0.8343470434879363,0.118,0.064,1,HSC
MYADM,0.04645434245567895,18.427936440565603,0.675,0.734,1,HSC
ZNF554,0.04645660387910726,0.16719630345988246,0.197,0.15,1,HSC
MPV17,0.04659239572844143,0.2560878973186629,0.645,0.731,1,HSC
ZNF764,0.04659438957632525,1.0415741781690877,0.095,0.055,1,HSC
CD55,0.046671763548092604,1.331602667080805,0.647,0.664,1,HSC
ZC3H12D,0.04672533148525246,1.2096712699429708,0.074,0.043,1,HSC
SRP54,0.0468207111124573,-0.26815895089920216,0.611,0.63,1,HSC
MPIG6B,0.04688651436819764,0.6668724290819246,0.151,0.196,1,HSC
CCDC191,0.04702643085277955,-0.42349303248790204,0.077,0.131,1,HSC
EIF1,0.04706383425083791,-4.177884891226132,0.969,0.985,1,HSC
DHX34,0.047166635426578105,0.6773748718049406,0.179,0.116,1,HSC
GRWD1,0.04731063351892492,-1.3732309444450126,0.309,0.312,1,HSC
ITIH4,0.0474369714922112,-1.217650370906369,0.026,0.061,1,HSC
PTPRD,0.047445900229352675,0.31224959899869925,0.125,0.156,1,HSC
UBXN10,0.04745478376192964,-4.8626788220536366,0.003,0.015,1,HSC
RPGR,0.04759869421141896,0.8252679552565635,0.292,0.343,1,HSC
FBXW7,0.04768669885781791,1.0373865259445783,0.558,0.606,1,HSC
H2AC11,0.04769923189486345,2.8014340463997582,0.284,0.217,1,HSC
TRIB1,0.04777462140584247,0.29255390453819885,0.023,0.037,1,HSC
DLG3,0.04779238812239378,-0.4482732670956011,0.087,0.064,1,HSC
HNRNPH2,0.04796502524960352,-0.6711039083622379,0.634,0.602,1,HSC
MDC1,0.04800241420358898,-0.4485412489409661,0.235,0.321,1,HSC
SAMHD1,0.04825743463315051,31.48107023434129,0.284,0.229,1,HSC
SPRY2,0.048279774294633065,-1.6166011936620062,0.143,0.214,1,HSC
PXDC1,0.048464535593269166,1.446850097914821,0.026,0.018,1,HSC
SAMD14,0.048698920562908844,2.7190588359663996,0.01,0,1,HSC
YBEY,0.04878256187012194,0.6021372843743146,0.148,0.177,1,HSC
E2F8,0.04880290074020749,-1.5111396405570927,0.008,0.028,1,HSC
CCDC92,0.049306880716530964,-0.8891692502693077,0.384,0.428,1,HSC
CD3E,0.04933123579532398,6.486690223593143,0.153,0.104,1,HSC
ELAPOR1,0.04937854351853217,3.3910362687353626,0.01,0,1,HSC
PPP1R21,0.049470493755405694,-2.8333459176795683,0.425,0.361,1,HSC
OR2L13,0.04948913949288994,0.5551371499085469,0.141,0.089,1,HSC
EPB41L2,0.04949518385006092,0.7984625889764443,0.171,0.153,1,HSC
PTGDS,0.04955038261155152,2.7190588359663996,0.01,0,1,HSC
TRMT1L,0.049640635161266405,-0.7057976911353878,0.481,0.453,1,HSC
SCAI,0.04969016748613991,0.7402693453689162,0.471,0.379,1,HSC
TNFRSF14,0.049726596877735084,-1.0042298553376208,0.281,0.312,1,HSC
GPR19,0.04981565856384942,2.7190588359663996,0.01,0,1,HSC
ANKEF1,0.04981873993487242,-0.48629707391347177,0.049,0.031,1,HSC
ZNF354A,0.04982492275496222,0.35425883978518596,0.294,0.22,1,HSC
PNOC,0.050021998459864964,-3.798378970861775,0.003,0.015,1,HSC
CASP8,0.050025927850231834,1.1774686645482628,0.683,0.587,1,HSC
FAM83D,0.050042241478692656,14.465192666503702,0.079,0.095,1,HSC
WFIKKN1,0.05011560333987403,2.7190588359663996,0.01,0,1,HSC
ALG14,0.05014354021195738,0.782871110899233,0.082,0.04,1,HSC
SLITRK5,0.050172666223640014,-2.1052554772895538,0.143,0.135,1,HSC
SMIM5,0.050221282840193344,-0.9658443341731342,0.041,0.083,1,HSC
MMD,0.050338881270130864,0.8160689365356741,0.143,0.101,1,HSC
CTLA4,0.050436803371357156,-5.369824493615043,0,0.012,1,HSC
NIF3L1,0.05043781355182575,0.1479211606948735,0.156,0.202,1,HSC
CHD6,0.05050004852120227,0.9517868500520776,0.501,0.45,1,HSC
PROK2,0.05052991064455115,0.39715338062141525,0.095,0.128,1,HSC
ERF,0.05060277743083922,0.7333875540360204,0.274,0.208,1,HSC
METTL13,0.05068527342594381,1.0308741538141992,0.445,0.364,1,HSC
TC2N,0.05070518003428405,-0.31571421318581594,0.366,0.287,1,HSC
SNX29,0.05092652347016129,0.644009230153654,0.176,0.202,1,HSC
HACD1,0.05098105784423275,-0.5039388285766306,0.079,0.08,1,HSC
COX6B1,0.05098504043650847,-1.0371741337211215,0.601,0.538,1,HSC
SIRT3,0.0510181069724105,-0.1778512695308253,0.22,0.199,1,HSC
PROCA1,0.051028880231641253,0.5622546569838072,0.107,0.061,1,HSC
LEF1,0.051055408220234945,5.179763821763606,0.12,0.067,1,HSC
MPRIP,0.05132798770253502,-1.2110325107807762,0.834,0.835,1,HSC
KPNA4,0.05142721651510368,0.7340507965688285,0.749,0.719,1,HSC
CNTROB,0.05152196831925004,-0.6311270160980216,0.304,0.388,1,HSC
DAAM1,0.05163281409027031,-2.325074729305619,0.235,0.248,1,HSC
UROD,0.051717953010052276,-1.6046805174227732,0.547,0.483,1,HSC
H1-2,0.05178712385278473,-209.37854944303137,0.987,0.991,1,HSC
RYBP,0.05180115522472732,0.7224059890222589,0.673,0.685,1,HSC
ZNF280B,0.051836788353055226,1.5079582617632448,0.038,0.012,1,HSC
PRRG1,0.05187994059996156,-2.6493058882094065,0.003,0.015,1,HSC
TCEAL1,0.0521906266768347,0.4445438754907628,0.448,0.379,1,HSC
ANKRD28,0.05255787839102005,-1.2422089878329956,0.867,0.902,1,HSC
HINT1,0.05284818982944819,-3.8206983224245157,0.949,0.908,1,HSC
PIH1D1,0.053000531493909035,-0.6702466217757976,0.529,0.446,1,HSC
CUL2,0.05305972222887239,0.28750523316514764,0.409,0.33,1,HSC
ZZZ3,0.05312947606846542,-0.39341031121157366,0.368,0.437,1,HSC
NR4A2,0.053189278045644044,-0.11500657935318337,0.041,0.028,1,HSC
ME3,0.05325440264666489,-0.5991586686129946,0.327,0.291,1,HSC
CPT1B,0.05342986135824769,1.1027412016609865,0.059,0.024,1,HSC
PRR22,0.05344281611062411,0.8421345481490738,0.051,0.052,1,HSC
DDX49,0.053461999411166874,-0.5146154819983386,0.325,0.404,1,HSC
SULT1B1,0.05349040021666394,1.3320060725075393,0.026,0.028,1,HSC
KRTAP5-10,0.05351853959159593,-2.0769257183488428,0.003,0.015,1,HSC
SYTL3,0.05361640589084839,-0.17091816398144677,0.107,0.086,1,HSC
PRAM1,0.053637910723766787,-0.6369911124684671,0.315,0.248,1,HSC
ARFGAP3,0.053659771488829944,0.5859006555175328,0.517,0.547,1,HSC
TKT,0.053665121909325174,-2.943225165499653,0.803,0.862,1,HSC
EEF2,0.0536887215271184,-7.7141473928649305,1,0.994,1,HSC
VDAC2,0.053728241947999474,-2.422261817746084,0.708,0.725,1,HSC
SCLY,0.054177484488621225,0.41670165516669555,0.156,0.162,1,HSC
FAM47E,0.054298688414617644,-0.3793828157236474,0.038,0.07,1,HSC
PARD6A,0.05450737008323747,-0.9674554710244236,0.036,0.073,1,HSC
CRYBG1,0.05464393547651791,-0.22100457223350534,0.243,0.187,1,HSC
PHLDB3,0.05472405998011729,-0.6465629466878595,0.061,0.11,1,HSC
ZDHHC5,0.05478451955293186,0.5732566231213688,0.302,0.297,1,HSC
PNPO,0.05479035070935674,0.5414930857585141,0.23,0.232,1,HSC
TIMP2,0.05483924939971601,0.27360219606975567,0.391,0.327,1,HSC
SEMA6C,0.05492348609690569,1.0375162810048348,0.095,0.086,1,HSC
SORBS3,0.054991761132754086,0.3330932035409443,0.225,0.159,1,HSC
INTS4,0.05508994441132463,0.20853142135192426,0.703,0.615,1,HSC
WSB1,0.05519913199485856,1.292911541608797,0.839,0.795,1,HSC
OLFM2,0.05522923429140498,-0.17044861993646165,0.023,0.009,1,HSC
CTSG,0.05526635331986975,13.438244467311627,0.033,0.018,1,HSC
ELK4,0.05533208644868626,2.0439094115611827,0.657,0.664,1,HSC
STRN4,0.0553680612592722,0.19319749033445566,0.353,0.401,1,HSC
SLC25A45,0.05538062920910391,1.210514062897459,0.266,0.232,1,HSC
SENP3,0.05538749073207577,0.98832100742187,0.32,0.318,1,HSC
TTLL12,0.05546996412778409,0.99117942226595,0.412,0.361,1,HSC
C6orf58,0.0554933459045773,2.7190588359663996,0.01,0,1,HSC
DAPK3,0.05558210595762998,-0.8198431350525908,0.299,0.315,1,HSC
DHRSX,0.05558269523478803,2.140745901628379,0.379,0.382,1,HSC
ZSWIM6,0.05565927965801179,0.5357632895945408,0.225,0.174,1,HSC
TCF25,0.05571435870404229,-0.7936479054049421,0.788,0.798,1,HSC
TMEM176B,0.055849932263637325,-2.0152146053303177,0.026,0.015,1,HSC
TGFBR3,0.056257352538840504,5.061875147609402,0.036,0.012,1,HSC
ZNF345,0.05638991021940598,0.528887767262,0.463,0.422,1,HSC
LDAH,0.05639679053131354,-0.2968441613537575,0.33,0.41,1,HSC
RFNG,0.05658126937705271,-1.6244701500602188,0.286,0.272,1,HSC
DENND6A,0.056614046485839224,0.18311959836188896,0.596,0.532,1,HSC
FAM177A1,0.05672329564250815,0.849135552007694,0.166,0.098,1,HSC
RBM5,0.056755804324781035,1.0994619270912445,0.747,0.786,1,HSC
EPDR1,0.05705303597078275,-0.11369495345082137,0.215,0.281,1,HSC
CATSPER3,0.05711339742285866,1.8100387730276828,0.023,0.009,1,HSC
ARID5A,0.05737153558019334,-0.7879190113008123,0.171,0.19,1,HSC
CSF1R,0.05752759468000616,-4.298490312253335,0.033,0.021,1,HSC
NAV1,0.05753467596669621,0.16664652249983947,0.148,0.107,1,HSC
OR51B5,0.05763935075551571,1.9030368603313041,0.026,0.009,1,HSC
RNF157,0.057755734932363634,2.8798323223096816,0.049,0.018,1,HSC
GYG2,0.05776976819656901,0.7282207044138604,0.023,0.021,1,HSC
SNPH,0.057789411975402244,1.994262776995268,0.023,0.006,1,HSC
ABCF1,0.05784022046738715,0.7970902192667786,0.432,0.373,1,HSC
SLC25A16,0.057853878719837167,0.18737883309173353,0.284,0.343,1,HSC
YIPF3,0.057927915099942044,-1.1648337353457632,0.624,0.639,1,HSC
HADH,0.058124355515553186,3.470946045450182,0.611,0.615,1,HSC
ATP6V0A2,0.05814548267709637,-1.6214086584044516,0.829,0.872,1,HSC
ADAM11,0.058169554596636495,2.002967694870936,0.018,0.003,1,HSC
POMT1,0.058265195270391416,0.7368073736055096,0.192,0.159,1,HSC
WDFY4,0.05827852146600377,1.5339492853017487,0.279,0.251,1,HSC
FERMT2,0.05828936072050419,3.3910362687353626,0.01,0,1,HSC
MED6,0.05851640790722596,0.5544830042306268,0.506,0.514,1,HSC
DOK4,0.05853021005811623,-0.538099399043859,0.115,0.171,1,HSC
ODR4,0.05858411175126147,-1.028965690068706,0.399,0.434,1,HSC
ATP5MJ,0.058639899082154404,-0.17192251865843514,0.289,0.223,1,HSC
KHDC4,0.05865734015792589,0.3027768793299124,0.299,0.343,1,HSC
LRRC8C,0.05885550080793293,0.9623271107308812,0.187,0.138,1,HSC
ZC3H12A,0.058990534651349395,0.9295536544197534,0.051,0.052,1,HSC
ADGRL2,0.05909503396237961,2.7190588359663996,0.01,0,1,HSC
FNIP1,0.059102897550788965,-0.16638313255071235,0.657,0.7,1,HSC
BRIP1,0.05938465982800943,-2.712983364606291,0.056,0.098,1,HSC
EP300,0.05938862652929177,-0.5511310909158178,0.762,0.709,1,HSC
NCF2,0.05945185711162566,-10.5569624371335,0.043,0.034,1,HSC
KLHDC9,0.05946716758773091,0.769313629780016,0.01,0.009,1,HSC
HSF4,0.059472208522165684,-1.2868599070326079,0.018,0.046,1,HSC
AIG1,0.059516300183003114,-0.3144316672822404,0.21,0.162,1,HSC
EMC4,0.05964904100903584,-0.5707662224138157,0.716,0.67,1,HSC
RMI1,0.05973556726929536,-0.47427984978139803,0.233,0.263,1,HSC
MAP3K1,0.059753948362436804,-0.41231612258726713,0.481,0.56,1,HSC
TPK1,0.059824633774998345,1.0207620667264077,0.118,0.092,1,HSC
MLKL,0.05985533442885196,0.5615484041498797,0.233,0.205,1,HSC
MYEF2,0.059872926607115504,-0.62447957294465,0.373,0.428,1,HSC
ZFAT,0.05989268106628575,0.48199008300318646,0.1,0.119,1,HSC
EIF2AK2,0.059962867551270324,-2.120388799805133,0.611,0.679,1,HSC
RAD18,0.059985204284866096,0.6360510473136072,0.217,0.153,1,HSC
FBXW2,0.060043537130175406,-0.9829130597063536,0.673,0.673,1,HSC
GDI2,0.060053372502880106,0.8211355193410039,0.327,0.272,1,HSC
ROBO4,0.0600740043543445,0.6281213377554643,0.128,0.174,1,HSC
RPRD1B,0.060174396253438754,0.4734979736416127,0.261,0.183,1,HSC
SAP18,0.060423481285279045,2.4044751280159256,0.767,0.746,1,HSC
PLPP1,0.060482121279080196,1.7399440287658061,0.038,0.012,1,HSC
SMIM19,0.06056797557169658,-1.0753723150848904,0.463,0.532,1,HSC
RSL24D1,0.060768124991135826,-0.515535317861086,0.46,0.486,1,HSC
ZNF547,0.06101899196574322,0.408903941862218,0.041,0.046,1,HSC
PTRH1,0.06104782416586933,0.20560977188739127,0.11,0.135,1,HSC
PPP1R9A,0.06124648783866948,0.7996850066011638,0.087,0.101,1,HSC
APP,0.06135560090719157,1.3014968213885134,0.496,0.535,1,HSC
FMNL3,0.06138811361461652,-0.3867147120943105,0.197,0.272,1,HSC
NFE2,0.06156856592238244,-3.3307193711172367,0.826,0.835,1,HSC
SNRPA,0.061592526970127646,-12.610970643864828,0.729,0.752,1,HSC
CIITA,0.06166755161589643,2.6282086487124365,0.632,0.688,1,HSC
SMIM1,0.06167440034894233,0.9062104378578952,0.061,0.089,1,HSC
DFFA,0.06169015990443522,-0.5114332605125231,0.45,0.462,1,HSC
CASC3,0.06171190065824326,1.9240217368040486,0.731,0.657,1,HSC
DCAF17,0.06182519119896225,-0.7838316345291012,0.338,0.401,1,HSC
ADD3,0.06188351869054173,0.9435648044304554,0.499,0.511,1,HSC
NEDD4,0.06191619646212662,-0.18242162109467164,0.373,0.459,1,HSC
PFKM,0.06193631560028714,-0.6185459085285263,0.251,0.235,1,HSC
CAMK4,0.061964543614888595,0.8063642803667481,0.069,0.034,1,HSC
CRIPT,0.062039485454628236,-1.0573573902228408,0.696,0.716,1,HSC
CD28,0.06212782374985281,-2.070611670052359,0.069,0.037,1,HSC
GNL2,0.06216541746459737,-0.8276171795285299,0.435,0.407,1,HSC
CLIC4,0.06220222758275675,0.171004202559631,0.496,0.434,1,HSC
MCTS1,0.062219868659976696,-0.2695495283662359,0.473,0.422,1,HSC
ZFYVE21,0.062221568307530534,0.22980125918171151,0.307,0.248,1,HSC
ZNF239,0.06227004065259273,0.48665756441827,0.038,0.018,1,HSC
PGD,0.062321851756517416,-1.6338489641370506,0.609,0.633,1,HSC
MSH6,0.06254378909919464,-1.9731229755916369,0.614,0.535,1,HSC
UTP23,0.06271144896147529,-0.3905584153639794,0.407,0.489,1,HSC
IDI1,0.06293484853720589,-2.136194802078034,0.194,0.226,1,HSC
CEP57L1,0.06293754243357284,0.854385814951756,0.253,0.275,1,HSC
SRRM2,0.0630126557021146,0.8161556875771584,0.269,0.229,1,HSC
ARHGAP26,0.06307767581281427,-1.2451349213223515,0.187,0.125,1,HSC
KBTBD11,0.0630959791465515,3.3236668999174346,0.097,0.052,1,HSC
IQCN,0.06326213798244529,0.7259357410043168,0.233,0.266,1,HSC
NFIL3,0.06330205482934785,0.7527543594869464,0.212,0.294,1,HSC
PCYOX1,0.06337888776999281,-0.6002428879633132,0.184,0.257,1,HSC
XNDC1N,0.06338468814009043,0.831674026033943,0.194,0.144,1,HSC
XRCC3,0.06344667040295823,0.30659567536270504,0.09,0.058,1,HSC
DNAJC30,0.06349832966283149,-0.5599878085729804,0.092,0.113,1,HSC
MELK,0.06350594778753411,-0.4962060137419515,0.026,0.015,1,HSC
RAVER1,0.06354157686247049,-0.5217527901448458,0.675,0.737,1,HSC
TXNL4B,0.06361734910696266,1.0270753528588374,0.289,0.254,1,HSC
TSPO,0.06378009593159344,-1.0842705670337107,0.668,0.664,1,HSC
SLC66A1,0.06380843355794166,-0.11320969592421015,0.095,0.076,1,HSC
WDR75,0.06394413850069622,0.6034507938849063,0.488,0.413,1,HSC
CDC45,0.06416387934458374,-5.994902470776583,0.023,0.018,1,HSC
DEDD2,0.06425568151907507,0.72397961853885,0.297,0.22,1,HSC
ZNF213,0.06428149342631535,0.29132291642412467,0.156,0.104,1,HSC
RABL3,0.06439993177403887,1.1731688466079588,0.21,0.187,1,HSC
CFI,0.06447837756837878,2.7190588359663996,0.01,0,1,HSC
LRRC75B,0.06471457445036977,0.46847887921690545,0.1,0.07,1,HSC
PPP1R13B,0.06473621302048968,1.4749560280046046,0.02,0.006,1,HSC
RIGI,0.06478136299790622,-1.7553760085479266,0.302,0.294,1,HSC
C9orf64,0.06478997688445566,-0.16235713919411965,0.105,0.147,1,HSC
RAB9B,0.06481256094366518,0.10189048407694301,0.148,0.107,1,HSC
NDUFB7,0.06485125705124534,-0.5226536679938769,0.506,0.477,1,HSC
ADAL,0.06487475277234833,-0.709623461073371,0.136,0.168,1,HSC
NELFA,0.06512796920305677,0.5841613833803885,0.473,0.446,1,HSC
GGACT,0.06518800815845564,1.038839472683617,0.082,0.049,1,HSC
NRXN2,0.06530542677853657,2.1255755738170956,0.033,0.015,1,HSC
EFCAB6,0.06540789517569456,0.3757233853895876,0.051,0.028,1,HSC
DDX56,0.06552387578987867,-0.2837445830066373,0.407,0.361,1,HSC
PPP1R16A,0.06556917928105478,0.7043173131935445,0.061,0.089,1,HSC
MYDGF,0.06560012734457997,0.7927450372848064,0.624,0.587,1,HSC
GYPE,0.06560668883697046,-2.504593731632442,0.046,0.04,1,HSC
TMC6,0.0657513543081927,1.721715196923344,0.389,0.391,1,HSC
GRK2,0.06587154442941387,3.089452481298615,0.969,0.93,1,HSC
SWI5,0.06594326493882259,-0.48247024970822944,0.199,0.245,1,HSC
MGA,0.065968027418981,-1.3882659330920477,0.476,0.538,1,HSC
ARMH1,0.06611091909224262,-1.3191406477865568,0.043,0.08,1,HSC
RILPL1,0.06613855423061724,1.009575279452068,0.066,0.031,1,HSC
TRIOBP,0.06615011474626567,-0.6499874576560779,0.448,0.477,1,HSC
NSUN7,0.06619499481676082,0.21350692691668405,0.077,0.055,1,HSC
EBNA1BP2,0.06627627274792985,-0.3931547770974637,0.519,0.471,1,HSC
CCM2,0.0664244226239683,-1.356241170236832,0.542,0.526,1,HSC
GPAA1,0.0664470940466592,-1.0507681986835107,0.274,0.309,1,HSC
TCAIM,0.06649345139507433,-0.4948759515031962,0.361,0.388,1,HSC
SCNM1,0.06661586908867907,-0.40292470423630133,0.494,0.474,1,HSC
RELCH,0.06661997611143655,0.4466908084748151,0.504,0.535,1,HSC
TEX2,0.06663916261188188,1.410790576133639,0.506,0.59,1,HSC
AGAP1,0.06664487068676103,1.9285688540596446,0.02,0.006,1,HSC
AREL1,0.06669580770090378,0.42792981017439996,0.281,0.214,1,HSC
OR2T8,0.066736528962224,0.7758010353263445,0.128,0.073,1,HSC
ACAT1,0.06682138665634356,1.5128306782825127,0.353,0.291,1,HSC
EIF2S3,0.06689203713550704,-2.2551131508167863,0.849,0.875,1,HSC
FUNDC1,0.06689599604302389,0.5914065386869243,0.279,0.339,1,HSC
MYO15B,0.06707829247539118,0.35827162982733274,0.841,0.85,1,HSC
BRI3,0.06708807419168808,-5.252489491766093,0.56,0.642,1,HSC
LRRC46,0.06721531789676684,-0.8639574783699491,0.015,0.012,1,HSC
PTGS2,0.06722531129747604,-0.2197429710391434,0.11,0.156,1,HSC
BICC1,0.06732541036812931,2.578677545467408,0.02,0.003,1,HSC
TSPAN14,0.06740499957986892,0.18878140974700935,0.284,0.312,1,HSC
MOB3B,0.06741057908314382,-1.823755985463304,0.02,0.037,1,HSC
TMEM109,0.0674247128013524,-0.5562966222662875,0.465,0.394,1,HSC
LSS,0.06751036290498362,-1.3552103173413181,0.261,0.315,1,HSC
GNB1,0.06754493900109713,-0.5159892715934125,0.673,0.654,1,HSC
EIF4E3,0.06758100667586922,1.206937683134551,0.558,0.471,1,HSC
FAM53C,0.06758648709446953,-0.4594089810871227,0.506,0.538,1,HSC
TVP23B,0.06760315791083729,0.11231643339826958,0.061,0.04,1,HSC
SUMO3,0.0676942141139455,-1.8106293118830958,0.788,0.783,1,HSC
ERLEC1,0.0677474482123534,-0.4285110619506751,0.509,0.419,1,HSC
RAB3IP,0.06778113429370936,1.6895802467977326,0.45,0.45,1,HSC
THAP3,0.06785570324268682,-0.5369283942576679,0.146,0.159,1,HSC
CTNNAL1,0.06788092767604904,-4.234373433059301,0.041,0.043,1,HSC
C5AR1,0.06795757918129186,2.5745011923535164,0.033,0.015,1,HSC
YPEL1,0.06797863543949927,0.31210549655969333,0.263,0.202,1,HSC
FAM120AOS,0.06811852312033387,0.6615286785317769,0.402,0.321,1,HSC
RYR3,0.06831041509965703,1.5921061094912767,0.12,0.165,1,HSC
HPS6,0.06849206052088164,0.12971612114866127,0.23,0.171,1,HSC
RAB18,0.06857353623258731,-0.3486742080949474,0.542,0.621,1,HSC
FAM91A1,0.06866177454555371,0.17058661126505958,0.496,0.532,1,HSC
B3GNT2,0.06884092562664934,-0.4632208172503436,0.483,0.526,1,HSC
HCST,0.06887654224664001,0.2536130151024123,0.414,0.33,1,HSC
SUPT20H,0.06888003053857444,-2.817536598241916,0.581,0.554,1,HSC
RHOT2,0.06896003527637179,0.815643323055875,0.427,0.398,1,HSC
CRCP,0.06901899385172097,-0.7283564245848841,0.396,0.373,1,HSC
PLGRKT,0.06902699373144296,1.5263477754267192,0.297,0.278,1,HSC
ETS1,0.06914611982735204,2.515799525467532,0.332,0.269,1,HSC
SSBP4,0.06921808487965617,-0.5186683084956474,0.182,0.248,1,HSC
CAAP1,0.06935457858074857,-0.4475222486738303,0.292,0.284,1,HSC
DDX54,0.0693825109164782,0.822478278138608,0.609,0.55,1,HSC
BST1,0.06938726914260178,0.23692348144605382,0.215,0.229,1,HSC
SCYL2,0.0693956008801939,0.22668478066226116,0.371,0.437,1,HSC
POLR1D,0.0694583597406804,-1.7138914811980017,0.754,0.82,1,HSC
MXD3,0.06947705459297125,0.48665756441827,0.038,0.018,1,HSC
PPP1R13L,0.06964492836458051,1.5754258360969895,0.054,0.021,1,HSC
SNX21,0.06965862324491393,-0.4875318813695215,0.033,0.058,1,HSC
KMT2D,0.0697452776373344,-1.1658301030673521,0.598,0.59,1,HSC
MND1,0.06980863208454977,-12.559975975555822,0.061,0.043,1,HSC
TCEA3,0.06999289340446269,0.9246803211129753,0.028,0.009,1,HSC
PAXIP1,0.07002161591612484,-0.7270636182674767,0.174,0.229,1,HSC
STK40,0.0701305421099482,-1.3229499762932808,0.483,0.535,1,HSC
DUSP11,0.07014738617107225,-1.3740453760730849,0.598,0.55,1,HSC
PLIN3,0.07020552672606534,0.4771639209682488,0.476,0.578,1,HSC
FLNA,0.07025715006936112,1.808122581987047,0.629,0.691,1,HSC
ACER3,0.07027933113238259,-0.7878300020728977,0.092,0.089,1,HSC
ABCD1,0.07028366054069628,0.9640252558715554,0.171,0.141,1,HSC
PTGS1,0.07031170190433432,-2.540367948305299,0.394,0.422,1,HSC
TESMIN,0.07048189681364359,-2.1898817925019114,0.46,0.502,1,HSC
GMFG,0.07050660810360568,-2.044131995904434,0.76,0.82,1,HSC
UBE2D4,0.07054835014302427,0.2556230182755572,0.095,0.116,1,HSC
FAM98A,0.07075863076329249,-0.12549845296240114,0.22,0.171,1,HSC
YIF1B,0.07084358500213345,0.7981452981158335,0.458,0.379,1,HSC
ABTB1,0.07098101424128463,0.33946709531221714,0.361,0.278,1,HSC
CCDC102B,0.07102706866209395,-0.5705964734324394,0.12,0.098,1,HSC
ZBTB14,0.07103386696974155,-1.0219901673580574,0.353,0.37,1,HSC
GPAT2,0.07117228662281319,-1.110628468453212,0.02,0.021,1,HSC
ARF6,0.07126633958824075,-3.8386389379792663,0.834,0.783,1,HSC
EMCN,0.07135212692706269,0.8373066031989058,0.079,0.04,1,HSC
GMPS,0.07137356746512342,-0.38660362655272285,0.432,0.48,1,HSC
ELOA,0.07139696708954846,-0.9147544832822435,0.269,0.327,1,HSC
COQ8A,0.07149404471930779,-1.408013587064473,0.542,0.609,1,HSC
RHPN1,0.07162411160911561,-0.13395598343752674,0.228,0.18,1,HSC
CDKL3,0.07167970547458415,0.4433769225504913,0.087,0.086,1,HSC
SCART1,0.07170203683720076,0.8656606027228606,0.066,0.061,1,HSC
ZNF415,0.0717453720644609,0.18376580393925845,0.066,0.083,1,HSC
LDOC1,0.07177932858474428,1.1800774642243033,0.11,0.095,1,HSC
NAT9,0.0718732944858533,0.27349601225034476,0.238,0.269,1,HSC
PGK1,0.07196959732390673,-1.0212699275509263,0.338,0.379,1,HSC
TSR2,0.07210180390828186,-0.9958031247763254,0.322,0.398,1,HSC
CARD16,0.07217803545606476,-1.47161734499258,0.036,0.073,1,HSC
MFAP4,0.07222566940359659,-1.6519777978083994,0.02,0.055,1,HSC
RBAK,0.0722936704087751,0.7105250683900507,0.33,0.26,1,HSC
RFFL,0.07231004259674366,0.6091855477002286,0.358,0.388,1,HSC
BEND7,0.0723644599933836,-0.46084831286313577,0.12,0.18,1,HSC
HSPBAP1,0.07253948819719455,-0.3011538165587917,0.266,0.254,1,HSC
RILP,0.07269632943115972,-0.4003191217897854,0.194,0.266,1,HSC
TCF7,0.07270393992524492,19.330126443299008,0.151,0.095,1,HSC
FGD2,0.07288675958283099,2.8364963131744774,0.038,0.034,1,HSC
SLC25A33,0.07292423503405183,-0.6418235411924466,0.207,0.257,1,HSC
TOP2A,0.07300941992431025,-8.314850313430346,0.023,0.018,1,HSC
ABCB9,0.07304481771200225,-0.387350726634172,0.038,0.043,1,HSC
TSPYL5,0.07304758330891065,-0.7049509407733763,0.182,0.19,1,HSC
ARPP19,0.07323829105731747,-0.5620801349767788,0.506,0.593,1,HSC
SLC36A1,0.07334813804981473,-1.3811527816594988,0.138,0.156,1,HSC
TMEM150B,0.07353319959387954,-2.3876858611882046,0.005,0.024,1,HSC
FAM227A,0.07353349630746808,0.7984086376404824,0.1,0.07,1,HSC
TTYH3,0.0735651272108491,-0.16065015240432534,0.46,0.544,1,HSC
LIMA1,0.07375652523085334,-1.184125412791381,0.251,0.33,1,HSC
AP2S1,0.07378471752342297,-0.19464767284916457,0.335,0.321,1,HSC
KDELR1,0.07386198402643869,0.4116328364885833,0.65,0.563,1,HSC
PRL,0.07387038481991416,1.3082977212027764,0.015,0.003,1,HSC
MZF1,0.07399762716346549,-1.0791753682530563,0.041,0.08,1,HSC
EP400,0.07408629619962212,0.5419761140002146,0.128,0.098,1,HSC
NLE1,0.07414206678032448,-0.28316347116625257,0.169,0.226,1,HSC
VPS4A,0.07417572232370145,-0.7210231044655209,0.504,0.544,1,HSC
CSKMT,0.07419353240187215,-0.7427958507335517,0.023,0.046,1,HSC
TBCB,0.07427885941698593,-0.71969261804791,0.596,0.673,1,HSC
ZNF426,0.07439466939208401,-0.5609370096862456,0.281,0.361,1,HSC
UBN2,0.0743985152361125,0.7913417764951172,0.509,0.468,1,HSC
DHTKD1,0.07450356183615478,0.21147599532517913,0.404,0.355,1,HSC
TNS1,0.07489855041708089,-0.25760622006284684,0.189,0.162,1,HSC
MARCHF9,0.07501805216167039,-0.735022827032177,0.297,0.315,1,HSC
TIGD3,0.07505182541163971,1.3966898750655767,0.054,0.024,1,HSC
DOP1A,0.07523902262821133,0.6478693652553551,0.199,0.193,1,HSC
PIN1,0.0752786368180762,-0.8301547734386934,0.156,0.22,1,HSC
ABLIM1,0.07550955009757368,1.0690894119469356,0.494,0.431,1,HSC
KIAA1958,0.07570613355623287,-0.3044887567797885,0.133,0.187,1,HSC
CEP295,0.07583435778493085,1.1341000592112755,0.199,0.153,1,HSC
PSKH1,0.07602383253719572,0.2515757292108539,0.432,0.352,1,HSC
AKR1C3,0.07611877720742738,-2.752608557641393,0.696,0.709,1,HSC
RPP25L,0.07625129129038441,0.3007187352683229,0.251,0.196,1,HSC
SDK2,0.07626754142979084,1.2476477331660183,0.184,0.138,1,HSC
GINS1,0.07645753911428045,-1.4729771353613383,0.079,0.07,1,HSC
ATE1,0.07647098086998078,0.45309613231407314,0.289,0.281,1,HSC
TMEM265,0.07649259453337762,-1.5184320014545047,0.008,0.024,1,HSC
GNAI1,0.07650815427166703,-0.9509797632872061,0.473,0.394,1,HSC
BCL2A1,0.07665343460172755,0.8705171016033865,0.225,0.162,1,HSC
SNX18,0.07668945426488176,0.3621561462829366,0.031,0.046,1,HSC
TRIM9,0.07687906749776377,0.3662506512987109,0.059,0.037,1,HSC
SPHK2,0.07703404523794924,0.6149878321401414,0.102,0.089,1,HSC
RLF,0.07709707234906443,0.6843120240306068,0.332,0.272,1,HSC
NENF,0.07721118861715157,-0.6054170555966154,0.604,0.673,1,HSC
TRUB1,0.07735525069460614,-1.3667956161314239,0.217,0.229,1,HSC
ZNF555,0.07736987643915116,-0.6512889878353176,0.238,0.303,1,HSC
USP36,0.07743373495344205,0.84370536588134315,0.338,0.278,1,HSC
MGRN1,0.07750493890196776,-0.4121023207158847,0.552,0.517,1,HSC
RCHY1,0.07750693085999122,1.0685324786760444,0.44,0.474,1,HSC
RBM12B,0.07763482927883858,0.5693211665715774,0.496,0.446,1,HSC
ADPRH,0.07763528320299591,-0.8220648873273859,0.118,0.168,1,HSC
THEMIS,0.07765979149594042,3.386802207671141,0.084,0.055,1,HSC
TGFB1I1,0.0776681618109548,0.31028954071374715,0.095,0.055,1,HSC
WDPCP,0.07773439827771761,0.6319831042026012,0.243,0.18,1,HSC
GTF3C5,0.07775185099228189,-0.23217082177128434,0.389,0.358,1,HSC
SMARCA1,0.07791147582981023,0.5391311384092354,0.09,0.055,1,HSC
METTL14,0.07798178194815603,-0.10490372382361568,0.348,0.419,1,HSC
NF2,0.07799315162476587,0.5526369072497637,0.394,0.373,1,HSC
ZNF311,0.07807180211442379,-2.3876858611882046,0.005,0.024,1,HSC
UQCC5,0.07811109566202654,1.3097734617728012,0.033,0.012,1,HSC
GPR137,0.07829021049078841,-1.1220040544408283,0.171,0.196,1,HSC
VPREB1,0.07834250672805869,3.025925976180095,0.046,0.024,1,HSC
KLHDC3,0.07843015035456917,-0.39276772681972627,0.668,0.676,1,HSC
OSCP1,0.07845555346872737,0.28936563353900313,0.038,0.055,1,HSC
ZNF883,0.07865716939351285,0.12317608169540684,0.026,0.028,1,HSC
VPS53,0.07872000121592024,-0.6023735660766333,0.417,0.45,1,HSC
RHOQ,0.07872179639524789,3.6429235723969033,0.535,0.459,1,HSC
TUBGCP6,0.07880751872500333,1.46224263101023,0.596,0.529,1,HSC
MPHOSPH9,0.07882655517978374,-1.2489193313841693,0.737,0.749,1,HSC
QSER1,0.07886900866153058,-0.9302956070165953,0.586,0.55,1,HSC
LINGO4,0.07893731880252149,5.479057898840965,0.008,0.028,1,HSC
FGL2,0.07895644635099944,-0.25781098389082224,0.171,0.113,1,HSC
CCDC7,0.07900731742090208,0.5142094030183935,0.417,0.407,1,HSC
ARHGAP9,0.07962127846347114,-0.13603923621128056,0.581,0.52,1,HSC
MCTP1,0.07963833432440029,0.3856467604234315,0.317,0.388,1,HSC
GABARAPL2,0.07976030894567648,0.36735053135366,0.494,0.557,1,HSC
MON1A,0.07981667240108685,0.9804083422353846,0.059,0.028,1,HSC
PCNT,0.07982004849316714,-0.3771410055629483,0.565,0.517,1,HSC
NT5C,0.07990800565442044,-0.5484250054354636,0.468,0.428,1,HSC
ACAD8,0.07994826052280088,-0.5277513029803443,0.21,0.257,1,HSC
RBM23,0.08000572203029625,0.20116355194891478,0.563,0.587,1,HSC
NFRKB,0.08019067445482646,-0.9262537030562972,0.338,0.401,1,HSC
XRN1,0.08022250693761253,1.0040752219046305,0.719,0.786,1,HSC
RPP40,0.08027101450389638,0.6597505741040207,0.194,0.19,1,HSC
PIKFYVE,0.08042144376015596,-0.18930989269377463,0.752,0.676,1,HSC
IPO9,0.08050633350847357,-0.3720196377200158,0.425,0.394,1,HSC
ZNF696,0.08058658703079868,1.1344595731049534,0.105,0.08,1,HSC
CDK2AP2,0.08067763322676047,0.7685459500081768,0.11,0.067,1,HSC
PCBD2,0.08073422392308072,-2.0769257183488428,0.003,0.015,1,HSC
SS18L1,0.08074379778758416,0.6742193843368376,0.169,0.11,1,HSC
PHF14,0.08074467934998791,-0.17282003494716136,0.696,0.768,1,HSC
CCDC117,0.08074909416626994,0.465794831091798,0.412,0.44,1,HSC
WDFY3,0.08082430877316044,1.4945147668301868,0.113,0.064,1,HSC
CCL5,0.08090113990309397,6.956106140268812,0.136,0.104,1,HSC
CFAP92,0.08091361375372268,1.3365371854025299,0.079,0.058,1,HSC
SWSAP1,0.08091936389173615,0.5730614100274996,0.174,0.122,1,HSC
PPP2R2D,0.08103617151423308,-2.7132427952471274,0.445,0.508,1,HSC
TMSB4X,0.08109485979755145,-27.66908248635005,0.995,0.994,1,HSC
IPO13,0.08115799110868573,0.5091202231535314,0.21,0.153,1,HSC
STON1,0.08127887252211743,-0.10354087895178288,0.049,0.092,1,HSC
CD226,0.0813929029015665,1.1775587132766132,0.054,0.021,1,HSC
IGLL1,0.08147637168163718,-8.43955435344159,0.102,0.098,1,HSC
ARPC2,0.08154057644810912,-1.0404924894847838,0.568,0.624,1,HSC
METTL23,0.0816665197026393,-0.7066913729725908,0.665,0.59,1,HSC
POMGNT1,0.08167111763142768,-0.635285771350347,0.373,0.45,1,HSC
TMEM187,0.08170059253006774,-1.269136320088919,0.046,0.08,1,HSC
GNG11,0.0818563737840557,3.9857438824520286,0.148,0.11,1,HSC
KCNK6,0.08193144955476281,-0.3552152595600129,0.051,0.049,1,HSC
MEAK7,0.08195242048254082,-0.5437561482174849,0.118,0.138,1,HSC
ZNF563,0.08197272887880619,0.11266575397298695,0.064,0.083,1,HSC
TCEAL2,0.08200565576464666,2.2976644924224106,0.015,0.003,1,HSC
FAM131A,0.0821385803598189,0.22157126967515905,0.069,0.083,1,HSC
BARD1,0.08217688966683548,-0.5968753709535852,0.133,0.113,1,HSC
PAQR6,0.08247128127594437,0.47465091379451385,0.056,0.073,1,HSC
OTULIN,0.08276149218748462,0.5244872171574613,0.412,0.333,1,HSC
PSME2,0.08280289230304679,0.3413633957296427,0.074,0.095,1,HSC
EMD,0.08282955428591976,0.2421413840306348,0.486,0.538,1,HSC
PSMB4,0.08291192209011554,0.3324014950363612,0.668,0.716,1,HSC
STAP2,0.08328881737551294,-2.7130099696836365,0.01,0.028,1,HSC
CTAG2,0.08332973133790071,-5.945083589886911,0.003,0.015,1,HSC
ZNF57,0.083379691578586,-1.6226589847434887,0.043,0.086,1,HSC
CKAP5,0.08347319341013647,-0.9307675639217943,0.545,0.468,1,HSC
RCBTB1,0.0835259022992779,-0.2799568444402154,0.414,0.483,1,HSC
METTL7B,0.0835968647083068,0.34703430278774405,0.023,0.009,1,HSC
OR2AG2,0.08362827791787514,2.7828894683326677,0.018,0.003,1,HSC
SLC9A8,0.0836891895152642,-0.20799709950915735,0.151,0.202,1,HSC
DCUN1D3,0.0838226890487206,0.7832258865047481,0.11,0.11,1,HSC
STARD8,0.08390265355500955,0.4063745403103374,0.069,0.092,1,HSC
DNAAF5,0.08390702737918222,-0.5416897810504466,0.215,0.287,1,HSC
GIT2,0.08400264651564975,-0.8388484379429351,0.593,0.606,1,HSC
TOX2,0.08400616876537294,-6.177976499908771,0.013,0.028,1,HSC
PIGO,0.08402313618994049,1.0039880312937859,0.199,0.138,1,HSC
DEPDC1,0.08402377794646118,-1.2840446809004749,0.046,0.058,1,HSC
LHFPL6,0.08403055408281924,-0.17736828729359821,0.072,0.095,1,HSC
NOTCH2,0.08410674683472169,-2.86982510441912,0.34,0.398,1,HSC
MANSC4,0.08411730542171937,2.1817036559023473,0.02,0.003,1,HSC
IVNS1ABP,0.08413197242309675,2.1230401196248367,0.657,0.609,1,HSC
TRIM61,0.08422516899065509,1.5546527637787468,0.031,0.009,1,HSC
COX18,0.08432262922470461,0.26598678551072474,0.258,0.208,1,HSC
DYSF,0.0843312761003494,1.5611697747303035,0.013,0.003,1,HSC
STAP1,0.08439761831367923,-0.6550648533428942,0.215,0.153,1,HSC
PSMB7,0.08441376768364983,0.38899250556243514,0.32,0.379,1,HSC
HIKESHI,0.0844205648583286,0.2873286744157655,0.123,0.095,1,HSC
ZER1,0.08467848586259542,-0.8051642528798957,0.619,0.578,1,HSC
SNRNP27,0.08468711160155401,-0.10228678766435495,0.246,0.211,1,HSC
GSAP,0.08470177453255844,1.7059478380696094,0.235,0.254,1,HSC
SUSD1,0.08470604179664701,-0.6034367650145962,0.448,0.446,1,HSC
BTBD2,0.08475804938800913,1.945610520398363,0.857,0.813,1,HSC
SLCO5A1,0.08487329490465885,-0.2086755773625799,0.038,0.049,1,HSC
RASD1,0.08492475502999491,-4.749831963770407,0.051,0.034,1,HSC
PRDM16,0.08493256931680211,0.8319769609747852,0.156,0.098,1,HSC
IGHG1,0.08495866642402447,31.768208062573894,0.033,0.028,1,HSC
SLC29A1,0.08504192468137634,-0.693242419898156,0.125,0.183,1,HSC
NR2C2AP,0.08509224790435849,1.3937918585449838,0.107,0.092,1,HSC
NR3C2,0.08520854156739324,0.7274481443279606,0.072,0.04,1,HSC
TRAF5,0.08523513960180219,0.4057334219280304,0.509,0.434,1,HSC
ITGB3,0.08525723000936572,1.7989145914415916,0.015,0.003,1,HSC
H3C8,0.08526129616290547,0.11847473384133966,0.013,0.003,1,HSC
KIF13B,0.08527990236750445,2.575607421808717,0.256,0.266,1,HSC
PLXND1,0.08535860816562851,1.2551526944284106,0.634,0.56,1,HSC
DDX3X,0.08542620899990559,-1.0834711684548513,0.714,0.664,1,HSC
DIS3L2,0.0854605820010414,-0.30024827369414875,0.417,0.367,1,HSC
ABI3,0.08548520808555751,1.9074556380137127,0.028,0.006,1,HSC
RELT,0.08557473434468116,-0.584209197540864,0.202,0.257,1,HSC
GLRX5,0.08557621452288892,0.8780098448901724,0.371,0.303,1,HSC
EVL,0.08561176131409948,2.626272249408995,0.795,0.807,1,HSC
SIGLEC6,0.08562632476757051,5.384232972264846,0.015,0.009,1,HSC
BLVRA,0.08569514599114134,-1.3608111438607122,0.376,0.416,1,HSC
COMMD8,0.08574559441418766,0.26692276775086565,0.107,0.131,1,HSC
GRN,0.08580503109838858,-12.712746690520264,0.514,0.474,1,HSC
PPP6C,0.08581715728352136,-0.6966874364968052,0.724,0.725,1,HSC
CEBPD,0.08583798837045406,0.955994279550624,0.054,0.049,1,HSC
GEMIN4,0.08591304441617896,-0.6099507296938674,0.281,0.291,1,HSC
WDR47,0.0859384616060377,0.6971656800279614,0.233,0.168,1,HSC
SECISBP2,0.08602143156681655,0.32367862878502085,0.455,0.428,1,HSC
VLDLR,0.08629092596788909,2.1335499445908663,0.013,0.003,1,HSC
ZZEF1,0.08641929553349723,-0.41236209195035123,0.402,0.483,1,HSC
CYP7B1,0.0864709328034012,-0.7259892141523863,0.148,0.199,1,HSC
MAGEL2,0.0865724655202943,-1.0690860606847936,0.005,0.018,1,HSC
ADCY7,0.08658523840411349,-0.664828067862473,0.105,0.153,1,HSC
WFDC1,0.08660806426292,0.1326992807697649,0.031,0.031,1,HSC
RFX7,0.08679479750045124,-2.677909500309756,0.565,0.52,1,HSC
CDH9,0.08684350503165159,-1.0854324547802474,0.072,0.095,1,HSC
SPOCK2,0.08685624605820579,4.19666993064922,0.161,0.119,1,HSC
SLC7A6OS,0.0868923709075276,-0.19198100120615713,0.235,0.196,1,HSC
RO60,0.08689501573378945,-2.694870797654448,0.65,0.639,1,HSC
LCP1,0.0871681265568069,19.532720003518666,0.972,0.954,1,HSC
IGSF9B,0.08717866728628339,1.4749560280046046,0.02,0.006,1,HSC
ZNF117,0.08743127696605194,-1.1288136413677332,0.524,0.541,1,HSC
NUS1,0.08744336980786037,-0.1791781251889537,0.614,0.606,1,HSC
KLRF1,0.08754772892828586,4.157458262431346,0.049,0.021,1,HSC
DR1,0.08758128261262595,-1.3189145694645656,0.678,0.67,1,HSC
STPG1,0.08765343534521788,0.9481574765684382,0.095,0.092,1,HSC
RTL6,0.08772520803119048,-0.4447993040046326,0.327,0.297,1,HSC
TSPAN5,0.08773317787040508,-1.7787179602432666,0.036,0.07,1,HSC
LIMS2,0.08774052206666223,1.5611697747303035,0.013,0.003,1,HSC
ZSCAN16,0.08778821272697963,0.7219063045459853,0.212,0.174,1,HSC
RFC1,0.08786015621717316,0.473088888982752,0.345,0.367,1,HSC
ZMYM6,0.0879968276682559,0.5549901512039683,0.335,0.263,1,HSC
KIF5A,0.08800927972919537,0.16994754348866747,0.051,0.037,1,HSC
AGFG1,0.08804108775094105,-0.3528692907541293,0.473,0.535,1,HSC
ARHGEF1,0.08807757954368428,3.639394569651893,0.811,0.826,1,HSC
MYOM2,0.0881767059022344,-3.407039684337378,0.066,0.052,1,HSC
HESX1,0.08818272483300306,-0.8977826243469499,0.138,0.138,1,HSC
MMP28,0.08824627538733745,1.2293063105641826,0.189,0.196,1,HSC
PASK,0.08829741662106225,0.23969955326241266,0.12,0.083,1,HSC
ZNF875,0.08831164541792347,-0.7989084377283118,0.043,0.076,1,HSC
RNF144B,0.08840080493111524,-0.851058567959063,0.197,0.202,1,HSC
TTC39C,0.08846272279284062,0.1900691821071483,0.407,0.33,1,HSC
MACROH2A2,0.08858224202715607,-0.2536868902084417,0.09,0.073,1,HSC
MTMR10,0.0888234831619823,-0.3122105182481686,0.381,0.336,1,HSC
SYNGAP1,0.08886233754329126,-0.5293683474390807,0.445,0.511,1,HSC
DGKD,0.08889412744271039,-0.49028712019853105,0.266,0.254,1,HSC
ALDH4A1,0.08890142299668417,4.54208167451659,0.107,0.125,1,HSC
NOC4L,0.08890777123488697,0.19230340032481763,0.166,0.202,1,HSC
FAM104A,0.0889150035818671,1.5611697747303035,0.013,0.003,1,HSC
SLC50A1,0.08892751784276877,-2.5201088374390608,0.455,0.45,1,HSC
SPHK1,0.08907595211532089,1.9281890143346891,0.033,0.009,1,HSC
ZNF501,0.08914695634238291,1.1455636799221744,0.097,0.067,1,HSC
ZNF566,0.0892280949879749,0.5559755240729737,0.233,0.248,1,HSC
SPIB,0.08940172470478566,3.6104261001827136,0.038,0.012,1,HSC
TNFRSF21,0.08941903893092049,2.930333268504615,0.136,0.177,1,HSC
ALDH6A1,0.0894885848562418,0.8002125875339063,0.448,0.407,1,HSC
FTL,0.0894986341873,-7.471347236310471,0.951,0.979,1,HSC
GIN1,0.08984953825405399,0.23375723250168523,0.097,0.064,1,HSC
GSTA4,0.08986304513994214,-0.24245720906543913,0.169,0.144,1,HSC
SLC27A2,0.08986831998088206,-2.2902686559411336,0.228,0.275,1,HSC
TMC8,0.08996152666990857,0.5314125700767081,0.76,0.7,1,HSC
CLCF1,0.09006615605777933,2.2976644924224097,0.015,0.003,1,HSC
USP51,0.09041879722397714,0.274269892180556,0.113,0.141,1,HSC
GGT7,0.09049840172872944,0.4229522971132196,0.141,0.092,1,HSC
ATG12,0.09055430327706425,-1.1093534744717213,0.478,0.52,1,HSC
RACK1,0.09058906911745926,-1.7306140973848692,0.898,0.893,1,HSC
WAS,0.09059713242470355,1.8201642077203024,0.565,0.569,1,HSC
PRR3,0.09062611217324201,-0.6392765974869026,0.105,0.141,1,HSC
ASCL2,0.09063626690049392,1.647752870528444,0.038,0.021,1,HSC
PANK4,0.0906792885875488,0.35915151930610956,0.174,0.187,1,HSC
MSS51,0.0906892935504593,-1.0661379796334702,0.115,0.135,1,HSC
SMG9,0.09077409116427808,0.6190501620446982,0.148,0.11,1,HSC
GABARAPL1,0.09080607163805988,0.9893455082909175,0.084,0.052,1,HSC
FAM118A,0.09104862645376359,0.29494890663103845,0.074,0.049,1,HSC
USF3,0.09110745398465601,0.670779073158072,0.338,0.266,1,HSC
KLF3,0.091198396333682,0.6640439529365003,0.517,0.474,1,HSC
IER5L,0.09125777380329224,1.4056245781259382,0.046,0.021,1,HSC
EEA1,0.0913074490091131,-0.3668079126032107,0.274,0.269,1,HSC
PTRHD1,0.09137737810254896,0.37426952995749696,0.468,0.529,1,HSC
GPR160,0.0914531339581785,0.9972686440488703,0.041,0.021,1,HSC
KICS2,0.09156625401947133,0.6458641670913143,0.228,0.214,1,HSC
GTPBP8,0.09157757102770422,-0.611603480052041,0.309,0.278,1,HSC
RNF215,0.09159274170395895,0.6024197539594266,0.164,0.165,1,HSC
C9orf78,0.09168885699790419,-1.2284330525784946,0.547,0.612,1,HSC
OST4,0.09180731790731982,-0.7535514630944786,0.752,0.716,1,HSC
EPC1,0.09187412412959334,0.2644395921241962,0.739,0.719,1,HSC
SOX4,0.09196408155650179,3.9955343158358083,0.934,0.927,1,HSC
FAM204A,0.09203826764193493,-0.24171575295936454,0.412,0.477,1,HSC
ZSCAN26,0.09207800083434436,-0.7585189303561243,0.345,0.416,1,HSC
ZNF839,0.09208692486798985,-1.0315107554039613,0.202,0.208,1,HSC
IL2RA,0.09230451988504726,1.2505801008282456,0.043,0.055,1,HSC
RAB35,0.09239358871918682,-0.3854100057371239,0.448,0.428,1,HSC
ENTREP3,0.09254868291846612,0.8526104491884468,0.225,0.196,1,HSC
IDH1,0.09265265730949247,-0.3958466341619171,0.384,0.385,1,HSC
CHST12,0.09271093429573175,0.24763569669413865,0.762,0.755,1,HSC
ADD1,0.09303988093681412,-0.5239240103284217,0.862,0.841,1,HSC
LRRCC1,0.09321966978176631,0.6935011145174841,0.148,0.104,1,HSC
TRIM34,0.0936838288432003,0.14766639406768112,0.197,0.217,1,HSC
NFKBID,0.09372115725009335,-1.0932458790636939,0.061,0.098,1,HSC
TRDC,0.09375087343269835,5.096842258969605,0.069,0.034,1,HSC
SURF2,0.09383020824107377,0.7904817135651174,0.128,0.083,1,HSC
AP1M1,0.09383022504317064,0.2239457630687416,0.586,0.569,1,HSC
FAT3,0.09383637261591475,3.141246475448739,0.015,0.003,1,HSC
SRA1,0.09436491094615614,-0.7321463393859724,0.284,0.291,1,HSC
CMAS,0.0943678921026411,-0.7583730970667482,0.46,0.535,1,HSC
ANXA11,0.09439678060334604,-0.519246364096885,0.864,0.856,1,HSC
MDK,0.09443678275183218,1.0830314242858012,0.304,0.379,1,HSC
TRAF4,0.09450553611800014,0.7841251609950617,0.184,0.239,1,HSC
MBTPS1,0.09453819232149488,-0.704186188421712,0.591,0.587,1,HSC
TMEM144,0.0946394917192781,0.6804210796446937,0.166,0.113,1,HSC
PHETA1,0.09485987421482604,0.1411349420552268,0.033,0.021,1,HSC
TSKS,0.0948728048447621,-1.792119738695975,0.003,0.012,1,HSC
BMAL1,0.09495074333424851,0.5168014398517029,0.072,0.076,1,HSC
ITPRIP,0.09508332817237726,-0.33872200864869195,0.118,0.125,1,HSC
TIGD7,0.0950983748352069,-0.4839256348532076,0.141,0.125,1,HSC
EFL1,0.09512644059705722,0.6864014903125022,0.399,0.333,1,HSC
MUSTN1,0.09523558105827108,0.7827873648262407,0.09,0.067,1,HSC
TGFB1,0.0952361374849542,-0.9489438045364159,0.389,0.431,1,HSC
ARSG,0.09528528039194549,-0.5928734302693432,0.041,0.046,1,HSC
P2RX6,0.09542713509214247,-2.464097171464939,0.003,0.012,1,HSC
REST,0.09579428979227189,0.2987256694490972,0.734,0.792,1,HSC
ZNF546,0.09582676530160676,0.951512972424752,0.151,0.104,1,HSC
MPHOSPH10,0.09592896616851615,0.6367613702296426,0.358,0.315,1,HSC
TIFA,0.09609091046115253,-0.8587397403510574,0.207,0.232,1,HSC
ZMYND12,0.0961888932902809,2.107028427188447,0.026,0.006,1,HSC
RASL10B,0.09632201240110015,0.11847473384133966,0.013,0.003,1,HSC
RNF11,0.09633394318917851,-0.585154795545376,0.386,0.416,1,HSC
RBMX2,0.09643617177821887,-0.7535746910122965,0.123,0.162,1,HSC
VPS39,0.09644074564433994,0.6278793083854168,0.67,0.621,1,HSC
MEST,0.0965716574340334,-7.6984619247735875,0.647,0.719,1,HSC
GADD45GIP1,0.09659833012230999,-0.5471888183862696,0.427,0.373,1,HSC
GTPBP6,0.09675819507133733,0.7849418034282449,0.394,0.388,1,HSC
PET100,0.09707258764989729,-0.8917750058803012,0.445,0.502,1,HSC
PET117,0.09710191499215909,0.3265399694244224,0.153,0.217,1,HSC
EIF4ENIF1,0.09711007508378554,1.1384913213236918,0.412,0.343,1,HSC
CSNK1E,0.09722187052056125,-1.1861416607349302,0.376,0.428,1,HSC
FREM1,0.09725390891828485,-0.7952662060564668,0.194,0.245,1,HSC
LBH,0.09726695761470984,5.4169408350770425,0.228,0.156,1,HSC
GSS,0.09729812209664987,0.502099536539368,0.366,0.413,1,HSC
PARD6B,0.09734592311189963,1.101669669935555,0.105,0.067,1,HSC
SCFD1,0.09738295682826653,-1.1405465592798754,0.601,0.618,1,HSC
ATP11A,0.09743119303086828,0.7697788606468452,0.156,0.141,1,HSC
LDHC,0.09747152350301987,-1.5104842521651562,0.013,0.031,1,HSC
LRP12,0.09755922399041421,-0.395898023094978,0.084,0.125,1,HSC
GFUS,0.09756610348943295,1.2680629368216194,0.289,0.229,1,HSC
LRP2BP,0.09757550199292159,-2.464097171464939,0.003,0.012,1,HSC
CTSZ,0.09767564390841965,-3.8888100880805014,0.384,0.336,1,HSC
CCDC18,0.09776429775718323,0.8074218411011914,0.184,0.196,1,HSC
PDPK1,0.09786761977202074,0.37934985109053365,0.23,0.223,1,HSC
PRPS2,0.09792898865594035,-0.4198943255030201,0.396,0.477,1,HSC
CHAMP1,0.09794808889507121,-0.30308214076783674,0.315,0.376,1,HSC
VCP,0.09799472575919656,-0.2987845248898937,0.399,0.382,1,HSC
TCEAL7,0.09808329681790207,-1.792119738695975,0.003,0.012,1,HSC
PLA2G12A,0.09809564372073533,-0.718500291007629,0.24,0.291,1,HSC
SLC27A6,0.09825935691846016,2.5106244001484255,0.028,0.009,1,HSC
ZNF461,0.09841554095651048,0.3323399308085986,0.1,0.098,1,HSC
MAP2K4,0.09846843388613584,-1.3700669759418151,0.269,0.297,1,HSC
MIS12,0.09854587227355846,-0.6022852285367657,0.261,0.272,1,HSC
CHST14,0.09856773152594824,-0.16723201642954533,0.353,0.407,1,HSC
PHACTR1,0.09858930944500947,-5.149727537571924,0.45,0.502,1,HSC
RABGGTA,0.09859444766532098,-0.45633446976727543,0.176,0.242,1,HSC
IPO11,0.09861440806340846,0.9511077931704703,0.465,0.422,1,HSC
DCTPP1,0.0989417087136109,-0.9993424834877119,0.32,0.294,1,HSC
KLHL20,0.09895716399293618,0.1400481595507216,0.292,0.217,1,HSC
WIZ,0.09897159379515381,1.095525286699516,0.376,0.459,1,HSC
MICU1,0.09902239911466072,-0.6462898351740534,0.445,0.48,1,HSC
SLC4A3,0.09907469971033678,3.717845080521095,0.018,0.006,1,HSC
CCR2,0.0991854296124096,8.97538432020414,0.046,0.028,1,HSC
TMED3,0.09925556059392505,0.8221698299086331,0.542,0.471,1,HSC
DSG2,0.09932920994642934,-0.5874663716468389,0.386,0.459,1,HSC
UBASH3B,0.09948145683264599,0.4178507939821896,0.105,0.116,1,HSC
COCH,0.09961616422834207,-0.9974513103676195,0.018,0.04,1,HSC
RNF227,0.09962807625209782,0.45540056093582715,0.09,0.058,1,HSC
TRIM27,0.09974483223236105,-0.6528617129872654,0.537,0.563,1,HSC
CERT1,0.09976363643870592,0.243852148358092,0.591,0.654,1,HSC
ISG20,0.09977694967507995,0.745250406318454,0.187,0.128,1,HSC
C12orf29,0.09986202138951122,-0.4240674202623753,0.176,0.229,1,HSC
XYLT1,0.10002936245983832,0.37585897599412693,0.422,0.349,1,HSC
ZEB1,0.10007375366626271,0.651679887418011,0.373,0.3,1,HSC
PXN,0.1001827382533466,0.7908472701439799,0.263,0.257,1,HSC
POLH,0.10030067906055887,0.7743917227715182,0.253,0.193,1,HSC
TMEM106A,0.10031822409309206,1.7541998082152706,0.701,0.758,1,HSC
SETX,0.10034273262108005,-0.9006186206169922,0.568,0.498,1,HSC
RMC1,0.10045917669008259,-0.5623608858816385,0.358,0.343,1,HSC
TNFSF13B,0.10052730004268265,0.36738126345388866,0.102,0.083,1,HSC
GNE,0.10058358560780477,0.2642452349173996,0.215,0.205,1,HSC
NANP,0.10060163224168935,0.9002358918049904,0.079,0.08,1,HSC
ARHGAP11B,0.10062773727890362,-0.767686699868011,0.156,0.223,1,HSC
HIF1AN,0.1008231860144316,-0.7679406782817503,0.427,0.44,1,HSC
FKBP5,0.1008934926752232,0.743310794871733,0.639,0.584,1,HSC
TMOD1,0.10093226030718798,-7.071344799865151,0.061,0.058,1,HSC
FAM222B,0.1009579721862334,0.8423925830977322,0.251,0.183,1,HSC
NELL2,0.10109650035780071,2.3604239232608064,0.051,0.04,1,HSC
PSTPIP2,0.1012478163218025,3.5785342192161953,0.471,0.529,1,HSC
DUS3L,0.10137961517999207,-0.4787291145282447,0.297,0.373,1,HSC
RAB22A,0.10149801476221404,0.9682350296994603,0.307,0.266,1,HSC
TMEM126B,0.10173336727775553,0.284251783456029,0.468,0.486,1,HSC
PRMT7,0.10191497738167933,0.17482860185398047,0.238,0.297,1,HSC
SNRPF,0.10191924985089786,0.17539080269088925,0.189,0.232,1,HSC
F5,0.1019240409563182,-1.3242203070476233,0.013,0.003,1,HSC
TOMM34,0.10204773589600928,0.4879983984782579,0.276,0.297,1,HSC
HDAC7,0.10218992545667847,9.574681368473783,0.711,0.783,1,HSC
PPWD1,0.10220290115215218,-0.4738038658526502,0.529,0.59,1,HSC
TTC9C,0.10245090384154419,-0.13721744772124422,0.435,0.385,1,HSC
ZNF138,0.10255035071032266,-0.3723357105857489,0.34,0.275,1,HSC
ITGB8,0.10280810502744438,-3.5028905661694627,0.087,0.11,1,HSC
SVOPL,0.10297631641117773,-0.18150621061886207,0.056,0.101,1,HSC
TNNC1,0.10299173422102427,1.5611697747303035,0.013,0.003,1,HSC
C3orf62,0.10301524811739904,0.9659773492276851,0.069,0.037,1,HSC
LYRM4,0.10302493658334475,-0.26262316778474337,0.32,0.385,1,HSC
ARAP1,0.10313522236970508,-0.40349932408207145,0.639,0.709,1,HSC
H1-4,0.10315248158543049,-6.592256869926035,0.721,0.734,1,HSC
BCCIP,0.1032915214003557,1.2298840073291117,0.621,0.615,1,HSC
PTDSS1,0.10345046787263809,-1.2355635047642943,0.734,0.804,1,HSC
ST3GAL1,0.10350320227182289,0.4135014902697942,0.555,0.483,1,HSC
ITFG1,0.10358663958008263,-0.11992817550570734,0.465,0.538,1,HSC
GPR162,0.10361473585793186,-0.6894890440329714,0.125,0.122,1,HSC
PSPC1,0.10366601210908413,0.4678156798619688,0.632,0.67,1,HSC
MKLN1,0.10373558527263861,0.5066852246026601,0.754,0.749,1,HSC
LRMDA,0.10389709844683312,-1.2114323027095888,0.404,0.428,1,HSC
GAD1,0.10389923289932222,-7.489670555706639,0.003,0.012,1,HSC
BAZ1A,0.10406145795511718,-0.8444523893320187,0.302,0.382,1,HSC
DNAAF2,0.10414509051906998,-1.1059639488508162,0.189,0.165,1,HSC
SPAG16,0.10419784141880375,0.1050970429646102,0.384,0.306,1,HSC
MCRIP2,0.10428696355354995,-0.6429320617462246,0.033,0.028,1,HSC
COG1,0.10429429877011107,-1.0370063334745947,0.396,0.336,1,HSC
ARL4C,0.10432903576227957,5.4448700923017315,0.161,0.122,1,HSC
STK17A,0.10437287231441167,3.1299372024792578,0.384,0.336,1,HSC
AHCY,0.10441048853486813,-1.0344695374585482,0.404,0.437,1,HSC
TNF,0.10452232505607155,1.2763637950774358,0.01,0.003,1,HSC
PDLIM5,0.10454453156136147,0.3075801996321017,0.097,0.095,1,HSC
SERTAD2,0.10469311069957668,-1.0040757712829005,0.611,0.648,1,HSC
BNIPL,0.10473871079626546,2.2976644924224097,0.015,0.003,1,HSC
ST3GAL4,0.10480579414451488,-1.9076639970154394,0.307,0.324,1,HSC
NUDT13,0.10483328219232546,-0.3836474954857638,0.105,0.095,1,HSC
ANXA2,0.10485237245164138,-13.42037936302286,0.233,0.199,1,HSC
GZMH,0.10487656783335336,4.291558187843885,0.033,0.015,1,HSC
IL16,0.10488810086913679,7.271066877247007,0.629,0.664,1,HSC
ALG13,0.10489185657312664,2.0626908484865787,0.744,0.78,1,HSC
MICALL1,0.10491332185702329,0.9259275159404745,0.095,0.073,1,HSC
SH3PXD2B,0.10511876576774783,-1.0907391048429314,0.015,0.024,1,HSC
SLC39A13,0.10512523573474244,0.4299135002069874,0.095,0.058,1,HSC
RTL5,0.10517337449954024,1.5195952867580034,0.064,0.04,1,HSC
CDH26,0.1053410690542488,1.0363360343566357,0.069,0.049,1,HSC
AIMP2,0.10536139723203365,-0.9392122341830242,0.279,0.312,1,HSC
RTL8A,0.10540418496303412,-0.23025339618314433,0.043,0.067,1,HSC
HIRIP3,0.10541234991656183,0.46785727364183893,0.095,0.08,1,HSC
PIK3R6,0.10550828572765354,-0.5363685888677158,0.141,0.19,1,HSC
BCORL1,0.10576245061205193,0.45166904898003546,0.171,0.171,1,HSC
CETN3,0.1057814494880422,-2.063348764389952,0.281,0.355,1,HSC
UGDH,0.10587176076107134,0.583341146699492,0.368,0.3,1,HSC
TMEM63B,0.10595429757016347,-0.5987654738515151,0.031,0.061,1,HSC
DMTN,0.10597870667052427,0.39047142234153887,0.023,0.028,1,HSC
ARL15,0.10616436210733657,0.2104700226919194,0.422,0.486,1,HSC
HSPD1,0.10630124772445299,-1.1913553073222225,0.703,0.716,1,HSC
P2RY10,0.10652273306841682,-3.2694823985761072,0.115,0.076,1,HSC
CREM,0.10657520644536059,0.31864528230904426,0.276,0.22,1,HSC
ABHD2,0.1066421788087573,-1.4710591775316737,0.522,0.596,1,HSC
LAMP1,0.10666283690798581,-0.17163842055197254,0.67,0.596,1,HSC
ZNF571,0.10691437388346134,-0.20979268666075557,0.125,0.113,1,HSC
ARL5B,0.1069249461834056,-1.1966789515501117,0.345,0.385,1,HSC
USP31,0.10697444336539254,-0.7282780190362312,0.043,0.037,1,HSC
SLC25A23,0.10702303351090484,0.8489684748114015,0.082,0.076,1,HSC
CA13,0.10704987062670053,-0.14864680369969285,0.084,0.067,1,HSC
SIAE,0.10710128723010491,0.7986305555684535,0.256,0.245,1,HSC
FKBP3,0.10713385744866939,-0.36707046480617056,0.435,0.514,1,HSC
DTD1,0.10717669352565562,3.8555336060843706,0.586,0.633,1,HSC
PPP1R14B,0.10721446669081579,-0.6374800033246114,0.304,0.376,1,HSC
FUT1,0.10722781066316324,-0.5703361597039756,0.005,0.018,1,HSC
ZNF114,0.1073576329910707,0.8369007046007124,0.041,0.034,1,HSC
LAMC1,0.10747757626683925,0.2618643134709222,0.079,0.098,1,HSC
ADPRM,0.10764341305165075,-0.8581850071824086,0.465,0.511,1,HSC
KIF17,0.10812349303072004,1.5756824965466318,0.028,0.009,1,HSC
MYH7B,0.10815761452971669,-1.792119738695975,0.003,0.012,1,HSC
ZNF695,0.10817300535629756,-0.30093045633011695,0.015,0.028,1,HSC
ZNF888,0.10836447478223311,0.7067727806408173,0.133,0.098,1,HSC
RNF144A,0.1083658174705372,-0.27484928967258204,0.537,0.48,1,HSC
POLR1H,0.10861726681543755,-0.8616212185148209,0.468,0.498,1,HSC
ELP1,0.10866367202405701,-0.6037181230726665,0.381,0.446,1,HSC
PDZRN4,0.10868253672580545,-1.76582631412173,0.02,0.034,1,HSC
RAD17,0.10868578366590569,0.675219421971936,0.302,0.257,1,HSC
CACNA2D4,0.10872064905303637,1.4236948325881769,0.056,0.028,1,HSC
ZNF257,0.10877725624263929,0.4968461814267646,0.097,0.098,1,HSC
AKNA,0.10883824158631188,1.427468955459723,0.734,0.722,1,HSC
SLC2A11,0.10907004263789127,0.27765224100448926,0.194,0.208,1,HSC
C20orf204,0.10912878394597265,-1.792119738695975,0.003,0.012,1,HSC
CAPN14,0.10958302668691716,-0.607201236385281,0.01,0.018,1,HSC
MICALL2,0.1096700445748293,-0.8816670597561805,0.082,0.058,1,HSC
CD180,0.10978200893384175,-0.8343223145951852,0.051,0.04,1,HSC
UNC5CL,0.109805784801245,-1.4303885589240957,0.013,0.037,1,HSC
SPG11,0.10987372919802113,0.9318541641676856,0.639,0.639,1,HSC
ZEB2,0.10989298094770354,-6.038310050049443,0.829,0.835,1,HSC
DDRGK1,0.11003631320606191,0.4919220951805392,0.455,0.492,1,HSC
NDRG2,0.1100924992614116,1.3725647105302716,0.159,0.122,1,HSC
ARFIP1,0.11029496156524331,-0.2617754364977297,0.338,0.376,1,HSC
ZSCAN20,0.1103025311519787,-0.793467656601667,0.01,0.031,1,HSC
CKLF,0.11035195399925349,1.1604975755131166,0.547,0.477,1,HSC
SIRT5,0.11037977989502239,-0.5490289609530454,0.23,0.287,1,HSC
ASB12,0.11042881427522813,-0.5703361597039756,0.005,0.018,1,HSC
PANK2,0.1104529827414562,0.4067351584043637,0.077,0.089,1,HSC
USP32,0.11054501701567643,-1.0433882443978906,0.611,0.599,1,HSC
SFXN5,0.11061492645386184,0.13118377372449957,0.212,0.162,1,HSC
NOP56,0.11064040591969915,0.9240652046629698,0.545,0.566,1,HSC
PACSIN1,0.11066653669428253,1.8081181034278997,0.092,0.092,1,HSC
TAMM41,0.11092939218783383,-0.5713059567456622,0.251,0.266,1,HSC
ATP8A1,0.11096526849042973,0.4175357413569558,0.754,0.685,1,HSC
TMEM88,0.1109763727316468,0.5529303884059846,0.026,0.021,1,HSC
ARHGEF3,0.11101115915714733,1.3055056331355894,0.417,0.343,1,HSC
AAR2,0.11114551880192738,-0.9673663087727893,0.276,0.263,1,HSC
C1orf112,0.11124858089365207,-1.8895868153484003,0.199,0.263,1,HSC
CDH23,0.11129199277852002,-1.792119738695975,0.003,0.012,1,HSC
CD101,0.11145653633485803,-1.4160522308313386,0.015,0.012,1,HSC
ACP2,0.11165514196524258,0.2953221811673624,0.294,0.352,1,HSC
TMEM39A,0.11165720860783594,0.6289498613191948,0.276,0.33,1,HSC
RANGAP1,0.11169245872794178,-0.17765144905710611,0.312,0.385,1,HSC
C9orf43,0.11173114002834245,0.10963220171251553,0.445,0.465,1,HSC
TCP10L,0.11182961857737944,1.1616893788768738,0.023,0.009,1,HSC
CUL1,0.11183979082223261,-0.21270910716421465,0.494,0.541,1,HSC
NFAM1,0.11196511760829789,-0.9073093063633855,0.026,0.028,1,HSC
CSTB,0.11202176408031637,0.40696138920787417,0.358,0.45,1,HSC
BMAL2,0.11207937242705049,-0.4697893604689136,0.125,0.183,1,HSC
ZCCHC8,0.11229935311232712,-1.0363286768046502,0.33,0.278,1,HSC
FBXO3,0.11232578528536709,0.22649039351379363,0.371,0.434,1,HSC
MPDU1,0.11236765325233682,-0.6269545724942742,0.343,0.425,1,HSC
SIGLEC10,0.11239096094594314,-1.5864913841094754,0.21,0.214,1,HSC
RNF41,0.11247508455381626,0.5810449120623226,0.45,0.428,1,HSC
SCO2,0.11254580024748809,-0.7417356309593797,0.097,0.15,1,HSC
TRGJP1,0.11258714683861984,1.0336287157322932,0.031,0.028,1,HSC
TTC7A,0.11258955700191894,1.9597622347155315,0.309,0.269,1,HSC
TRAF3IP1,0.11274704718810515,0.5619096677674789,0.225,0.183,1,HSC
TNRC6C,0.11280912557552523,-0.6758173592784593,0.355,0.404,1,HSC
ATF3,0.11296296878753098,-1.1461149869896836,0.028,0.061,1,HSC
CHEK2,0.11300737044587339,-0.8899511382791861,0.207,0.22,1,HSC
SMIM8,0.11309854394334028,-0.6442089418927937,0.348,0.376,1,HSC
SAT1,0.11317872759893706,5.311535207426112,0.529,0.578,1,HSC
TAP1,0.11324071832440068,1.4370185180880446,0.517,0.489,1,HSC
ELMOD3,0.11353113106162067,-0.6464123631009224,0.11,0.125,1,HSC
ENPEP,0.1136256856713878,-2.0769257183488428,0.003,0.015,1,HSC
MYCBP,0.11366949791722568,-0.5878872306563091,0.373,0.404,1,HSC
TBX21,0.11370400064916421,1.6709112355838394,0.033,0.015,1,HSC
NDUFB11,0.11370948300810003,-2.2092123440075087,0.706,0.743,1,HSC
ZDHHC13,0.11371881948549614,-0.1885078631653122,0.376,0.339,1,HSC
HAGHL,0.11377748745581184,0.9281000161013926,0.077,0.076,1,HSC
ANKRD44,0.11388525378732128,-0.2658271375656933,0.473,0.407,1,HSC
ADAM28,0.11389691994428844,6.299128322688062,0.614,0.645,1,HSC
ZNF474,0.11390454860660866,0.2605102139403686,0.1,0.061,1,HSC
UBE2F,0.11395962743308764,-0.6141841220288863,0.225,0.26,1,HSC
AP1B1,0.11402839979236438,-0.8311300990198203,0.545,0.526,1,HSC
BRD3,0.11404363753674106,-0.602893049492085,0.471,0.508,1,HSC
TRIM11,0.11411158132708898,0.14657181399359587,0.171,0.199,1,HSC
TTC8,0.11412369762938246,-0.36964964967812675,0.276,0.26,1,HSC
ZFP36L2,0.11426608621132583,1.3368906289469251,0.995,0.988,1,HSC
C5orf22,0.11426654525818188,0.2872306772113338,0.258,0.281,1,HSC
DCAF13,0.11455089039631934,-0.509135700027726,0.327,0.388,1,HSC
POLR2K,0.11455630044508855,0.18542462922577918,0.404,0.349,1,HSC
GZMA,0.1145805248979663,6.54890766621674,0.072,0.055,1,HSC
ANGPTL6,0.11468485628225611,1.1872792520844013,0.079,0.055,1,HSC
GIT1,0.11487695285445408,-0.21204295419174768,0.381,0.459,1,HSC
HYAL2,0.11497382616610566,-0.4105964179018472,0.156,0.141,1,HSC
MMP7,0.11503466351122042,-2.3512632025927367,0.005,0.015,1,HSC
TSPOAP1,0.11532851765985719,-19.00299224819319,0.097,0.058,1,HSC
DDX60L,0.11534255279939427,0.8418653096622337,0.363,0.37,1,HSC
TMEM106B,0.11545287156486254,1.0378227705231224,0.657,0.703,1,HSC
CPNE9,0.11600638686350198,2.2976644924224106,0.015,0.003,1,HSC
MRGBP,0.11609086436079465,0.1826705666138495,0.179,0.144,1,HSC
PIH1D2,0.11611516440677422,2.2754889931273072,0.031,0.009,1,HSC
CYFIP2,0.1161977544232604,0.12380752713055498,0.56,0.505,1,HSC
MCUB,0.11629804835089692,0.8459491111931923,0.304,0.266,1,HSC
SLC38A6,0.11650388428135756,0.8483253254833052,0.136,0.11,1,HSC
GLO1,0.116706348681401,-0.7369634092848323,0.24,0.287,1,HSC
GPSM1,0.11676132456397625,0.6700566798915673,0.284,0.287,1,HSC
CD9,0.11676309188351343,-4.371826920162724,0.21,0.257,1,HSC
POFUT1,0.11676893890279368,0.22277742943577827,0.189,0.202,1,HSC
MAGED1,0.11692102164016477,-4.201334966236384,0.678,0.688,1,HSC
LRRC56,0.11692343864178115,-0.8682420626482952,0.084,0.104,1,HSC
LRRIQ4,0.11702449612193859,2.2823187431963228,0.023,0.006,1,HSC
HSP90AB1,0.11704575138071278,0.45910706299481063,0.9,0.93,1,HSC
MRTFB,0.11709568256628042,-0.5030850732165713,0.164,0.22,1,HSC
RASSF6,0.11725264027752497,1.5611697747303035,0.013,0.003,1,HSC
CCNA1,0.11726773812436254,-2.1066728081432062,0.005,0.018,1,HSC
DCTN3,0.11752113896099577,-0.521569825304196,0.322,0.401,1,HSC
KLHL8,0.11753376046817741,-0.24952620845611762,0.202,0.19,1,HSC
UBE3B,0.11756153451942221,0.40098468418685496,0.276,0.208,1,HSC
CYP2S1,0.11772352079999347,-2.6493058882094065,0.003,0.015,1,HSC
SMAD7,0.11777956849737238,0.22800183097511173,0.015,0.024,1,HSC
STAT4,0.11778508827661884,2.1272716063964654,0.141,0.101,1,HSC
ATP6V1H,0.11781550304793886,1.0804252183553078,0.494,0.434,1,HSC
BPTF,0.11785291999288908,1.330614728375954,0.852,0.881,1,HSC
TRAF3,0.11806706863929133,0.5742684772532043,0.161,0.116,1,HSC
RASSF7,0.11824340022667072,1.267149363500443,0.118,0.144,1,HSC
EDN1,0.11827522851681452,1.5611697747303035,0.013,0.003,1,HSC
EHHADH,0.11834218798679767,0.6378187488669276,0.143,0.119,1,HSC
WDR72,0.11840331726483631,-2.464097171464939,0.003,0.012,1,HSC
C2CD4D,0.1185316495749729,-1.2245130291921997,0.003,0.012,1,HSC
MARK4,0.11873373804637778,-0.5817158020636963,0.079,0.125,1,HSC
GGA1,0.11878321579347968,-0.2815484650075713,0.315,0.327,1,HSC
IL1RN,0.11879659834575151,-2.9207500416208108,0.003,0.012,1,HSC
ADAMTS13,0.11883849125973496,1.1958136082626263,0.087,0.046,1,HSC
DRAP1,0.11886170248488813,-1.3836558586252377,0.921,0.945,1,HSC
LCK,0.11892407928758883,1.756773707674651,0.105,0.086,1,HSC
BABAM1,0.1189811963818135,-0.5201213617231284,0.545,0.462,1,HSC
APBB1IP,0.11902978172065945,5.946649538275464,0.841,0.844,1,HSC
MOK,0.11918484746833542,0.22269855482383405,0.079,0.107,1,HSC
ZAP70,0.11944849230442942,1.663021932303098,0.156,0.144,1,HSC
TLR9,0.11954513372520895,-1.792119738695975,0.003,0.012,1,HSC
TCEAL3,0.11958674415841161,0.6017881749433367,0.118,0.125,1,HSC
LLGL2,0.119895553066764,0.3606988025695199,0.095,0.067,1,HSC
C19orf33,0.12012671946385547,-1.3701780904510992,0.005,0.015,1,HSC
TLN1,0.12013702643406439,-0.6951972717820336,0.829,0.817,1,HSC
TNFRSF10A,0.12021204637466673,-0.8393117244535835,0.11,0.138,1,HSC
C8orf88,0.12024641352004309,-2.993446593187069,0.335,0.385,1,HSC
RRS1,0.12029554340487242,0.29026994652660726,0.223,0.281,1,HSC
CALML4,0.12033117264243985,0.4655970689562676,0.11,0.08,1,HSC
SRPK3,0.12038089411341232,-1.1649087282132773,0.01,0.009,1,HSC
TCEAL9,0.12043213007908767,-0.22451452028549412,0.179,0.153,1,HSC
SMIM26,0.12047933887002817,-0.7537084542021355,0.685,0.679,1,HSC
PMFBP1,0.12051807038397065,-0.13349491769372035,0.074,0.049,1,HSC
FKBP1B,0.12055787342284989,0.16677341431813564,0.072,0.101,1,HSC
FOSL1,0.12056169863751671,-1.6425640502580432,0.033,0.064,1,HSC
CD200,0.1207850590519944,0.9877033659805783,0.274,0.229,1,HSC
PIWIL2,0.12082789279798017,-0.3125044388338063,0.01,0.021,1,HSC
STAM,0.12091874380691968,0.5019120823443828,0.645,0.709,1,HSC
PNPLA8,0.12092881757037233,0.47989346399711985,0.246,0.19,1,HSC
C1QTNF6,0.12097460406479198,1.2881869891800017,0.09,0.052,1,HSC
PEDS1,0.12100976468373843,0.7892990828244298,0.358,0.401,1,HSC
SEMA4F,0.12108831545992481,-0.18695688467492877,0.072,0.049,1,HSC
GALNT8,0.12122519680990637,3.141246475448739,0.015,0.003,1,HSC
ASH1L,0.12125051928583545,0.2442301777650817,0.818,0.758,1,HSC
TSSK6,0.12140194143669389,1.5219828068266281,0.023,0.009,1,HSC
KAT7,0.12140852914923866,-0.6044201225478609,0.463,0.538,1,HSC
KPNA6,0.12156783174809635,-0.48063206968741645,0.448,0.492,1,HSC
SRSF8,0.12159518547588151,3.804306779321127,0.616,0.679,1,HSC
PRRC1,0.12163723921438845,-0.6673230800879124,0.432,0.41,1,HSC
SPPL2B,0.12175396779009348,1.8082391200478547,0.719,0.691,1,HSC
EVI2B,0.12185193025271748,18.022277804834044,0.673,0.615,1,HSC
GNG2,0.1219928590622043,2.106563890922545,0.325,0.287,1,HSC
VKORC1L1,0.12200853646217348,-0.36493847021496784,0.179,0.229,1,HSC
CCRL2,0.1220608169924587,-1.21363924954666,0.028,0.058,1,HSC
SNAPIN,0.12226270596855218,-1.199207131723715,0.366,0.45,1,HSC
ADH5,0.12229938127226914,-0.28513785869712127,0.427,0.385,1,HSC
CD27,0.1223407538224558,2.201335412002555,0.079,0.046,1,HSC
PDE9A,0.12239604442911574,1.0883817842421744,0.026,0.009,1,HSC
GALNT3,0.12244640715106368,0.8024384678896994,0.097,0.058,1,HSC
ZNF514,0.12252720303981328,0.7238901576272889,0.34,0.379,1,HSC
PSMA3,0.12278023913718769,1.8381265217336331,0.376,0.391,1,HSC
LIN7B,0.12281755674935403,-0.7069325774125423,0.054,0.058,1,HSC
AQP9,0.12287480089668465,1.5611697747303035,0.013,0.003,1,HSC
ZNF540,0.12288152107147657,0.2359989387752175,0.066,0.043,1,HSC
HDHD5,0.12290601295110322,0.1522074847712661,0.194,0.235,1,HSC
POLG2,0.12297724776208988,-0.7165349385686346,0.573,0.511,1,HSC
TMEM258,0.12311995137746297,-0.2692908627708277,0.55,0.48,1,HSC
KCTD2,0.12339799603932537,0.44931840011162455,0.258,0.294,1,HSC
HOXB6,0.1234864464362267,-0.8069738554235717,0.056,0.095,1,HSC
DNAJC27,0.12365309220712194,-0.4947481780412648,0.146,0.15,1,HSC
CYB561,0.12383100247133434,0.7074644504897134,0.064,0.031,1,HSC
CNST,0.12383351981374363,-0.3324498967657554,0.788,0.728,1,HSC
IST1,0.12386459344828163,-0.11763844138733415,0.724,0.774,1,HSC
H4C9,0.12403672353507396,1.2962200669731931,0.018,0.006,1,HSC
OTUD6B,0.12408907777854172,-0.24418790916750477,0.437,0.391,1,HSC
FLOT2,0.12418760787840068,0.7457416869565323,0.698,0.746,1,HSC
DAP3,0.12421682021837607,-0.3981799214849797,0.668,0.74,1,HSC
GLT8D1,0.12424988739942124,-0.34980948183802435,0.299,0.294,1,HSC
TAFAZZIN,0.12429728691093804,-0.9716885191413074,0.248,0.242,1,HSC
SLC38A5,0.1243792670654002,1.5444262793293657,0.307,0.312,1,HSC
EFHC1,0.12455729041905453,1.6697024416504815,0.358,0.355,1,HSC
RRP12,0.12471346336351409,1.3256366144019833,0.194,0.177,1,HSC
ACTR3,0.12493487748926808,-0.9821090639876882,0.289,0.349,1,HSC
DGKZ,0.12503267426578182,0.8605930715598589,0.148,0.116,1,HSC
UPF1,0.1250420755118784,0.1958487777888629,0.494,0.431,1,HSC
PEX19,0.12518577939792452,-0.13126833144964944,0.432,0.511,1,HSC
ABCC1,0.1251999729813327,-3.8484729056960987,0.811,0.829,1,HSC
HDHD2,0.12522473429118283,0.15216484428372024,0.578,0.532,1,HSC
SRCAP,0.12539422987668772,3.2137502048428463,0.652,0.673,1,HSC
ZNF32,0.12543043617888422,0.20571924849165057,0.46,0.532,1,HSC
RBM33,0.12554356336739717,3.2509304088329696,0.918,0.954,1,HSC
PRSS23,0.12556198388168935,1.3533580431910923,0.051,0.024,1,HSC
PKMYT1,0.12569532924410617,-2.1196178138848243,0.008,0.021,1,HSC
PNISR,0.1259220506680068,2.2157961400329445,0.99,0.972,1,HSC
EIF1AD,0.1259309638186142,-0.4987119098782888,0.263,0.287,1,HSC
CD160,0.12599716137148442,3.4813330869616212,0.013,0.003,1,HSC
CEP135,0.12612338357008632,-0.5557225980558689,0.394,0.401,1,HSC
HARBI1,0.12612695788435668,-0.523156602394812,0.051,0.049,1,HSC
MSMO1,0.12613458385340182,-2.0575306274861713,0.215,0.242,1,HSC
SERTAD1,0.12620360579181938,0.28008515522159794,0.082,0.089,1,HSC
TLR7,0.1262065260204727,-0.6732457193605832,0.018,0.015,1,HSC
NR2C2,0.12631751027234514,-0.8077977420783502,0.558,0.492,1,HSC
DGAT1,0.12646877968329562,-0.1583837222685831,0.322,0.3,1,HSC
ZNRF3,0.1264810007767237,-0.3934343626583132,0.036,0.031,1,HSC
NKTR,0.12650614233673388,0.5708815110010561,0.752,0.709,1,HSC
KIAA2013,0.12654714464376246,0.28947165658518875,0.23,0.235,1,HSC
RAB21,0.12667031731596268,0.8263371295359203,0.598,0.639,1,HSC
ZNF276,0.1267325587088318,-0.11699457168987193,0.455,0.385,1,HSC
LRAT,0.12696562480575785,1.5611697747303035,0.013,0.003,1,HSC
LY9,0.12697817624654592,2.004008895995082,0.092,0.064,1,HSC
IL18R1,0.12699177968128936,0.46734138732818975,0.02,0.037,1,HSC
TMEM68,0.1270132007487851,-0.2728557344142377,0.491,0.44,1,HSC
NCKIPSD,0.12701893747905718,-0.19987610457580063,0.064,0.089,1,HSC
PARP6,0.1270416172659974,-0.4924844347091565,0.465,0.443,1,HSC
ANP32B,0.12704741386609156,0.886485505482864,0.754,0.771,1,HSC
AXIN1,0.12719320951860588,0.9044453105101726,0.578,0.511,1,HSC
SQOR,0.1271994039856024,0.5059122643173836,0.205,0.153,1,HSC
JAML,0.12721078231887048,-11.310679718728238,0.212,0.15,1,HSC
LGALS1,0.12721231651598106,28.592450645841936,0.332,0.349,1,HSC
AIF1L,0.12728639230130975,0.6060175766278482,0.056,0.092,1,HSC
TUBB1,0.12730533954911105,2.9412285603496504,0.015,0.003,1,HSC
WDR35,0.12748039245241344,0.6440945979454606,0.32,0.266,1,HSC
DGKA,0.12748573073668673,-1.319320202843553,0.414,0.349,1,HSC
UBXN6,0.12749865765698865,-1.6311164854485318,0.465,0.437,1,HSC
DGKQ,0.12766503611110042,-0.871310436849007,0.064,0.11,1,HSC
CPNE8,0.12771009932403957,-0.698125009533397,0.258,0.254,1,HSC
SLC30A6,0.12808906455865063,-0.34469843356320196,0.217,0.281,1,HSC
XRCC5,0.12809180264357647,-1.693134108444554,0.586,0.661,1,HSC
TLNRD1,0.12827431978587506,-0.6114388067452166,0.141,0.177,1,HSC
BCL2,0.12828680388187147,1.2806414889728852,0.292,0.278,1,HSC
DNAJC3,0.12830243587523738,1.3601170465634302,0.417,0.376,1,HSC
PFAS,0.12840097069617937,1.0232354766780856,0.292,0.303,1,HSC
KLF10,0.1285577333174147,-0.7393716458574584,0.619,0.691,1,HSC
HSDL1,0.1285980742844031,-0.753483974022986,0.199,0.202,1,HSC
SPPL2A,0.12865866514501828,0.5860391275962027,0.361,0.327,1,HSC
PLEKHA1,0.1288717478952897,0.7281358079083207,0.115,0.086,1,HSC
GPATCH11,0.12891939336409253,0.2184725722152201,0.312,0.284,1,HSC
DIAPH3,0.12892014962305495,-1.2278997392313586,0.01,0.034,1,HSC
SIAH1,0.12913229535355267,0.6092731075226263,0.57,0.621,1,HSC
ZNF425,0.12925074376190684,-1.0081558712044854,0.031,0.052,1,HSC
TOX,0.12927309093182257,-0.8599850488816891,0.394,0.428,1,HSC
TNRC6A,0.1293711032290116,0.3184824247961474,0.294,0.315,1,HSC
CHP1,0.12940020625819476,-1.7157586512648448,0.532,0.578,1,HSC
PSMB8,0.12944256394545095,-3.310069707469312,0.806,0.783,1,HSC
PPA2,0.12944920081564654,-0.6976581626412326,0.465,0.55,1,HSC
UBE2D3,0.12958870107764173,0.953421349477809,0.816,0.844,1,HSC
CKS2,0.12973722387541375,0.6253351911967586,0.473,0.517,1,HSC
SUB1,0.12984224942249115,0.5018380191868648,0.734,0.768,1,HSC
POLK,0.12987123465231135,-0.2026166415005275,0.455,0.517,1,HSC
SF3B3,0.12999033174190677,3.259666631154599,0.737,0.761,1,HSC
TLCD1,0.13009276887972435,1.5611697747303035,0.013,0.003,1,HSC
XRCC1,0.13020241136492638,0.10652632543576623,0.427,0.382,1,HSC
RAD50,0.1302480663526987,-2.483881248978715,0.514,0.492,1,HSC
PLXNC1,0.1303063543240058,-4.226777492850303,0.545,0.55,1,HSC
BMT2,0.13040095909026048,-0.28377522985194564,0.263,0.22,1,HSC
SRPK1,0.13050497738008393,-0.4010272947390423,0.43,0.514,1,HSC
DNAH7,0.13067679150663813,4.992895005761596,0.02,0.031,1,HSC
H3C10,0.13076683319283527,-2.7198388446499924,0.223,0.162,1,HSC
CDK2,0.13136770874303144,-1.2483468569369771,0.21,0.26,1,HSC
DUT,0.13137418350039412,-2.6942910016694825,0.634,0.642,1,HSC
ACO1,0.13154820492799188,0.4085759152284701,0.225,0.226,1,HSC
ASTN2,0.131572202907962,1.5611697747303035,0.013,0.003,1,HSC
VPS50,0.13168380488412817,0.841748678637948,0.309,0.358,1,HSC
TMEM218,0.13177685237403303,0.29622453953475214,0.286,0.312,1,HSC
STIP1,0.1319077204711407,0.7036848279829295,0.169,0.144,1,HSC
COA8,0.1320461076280752,-0.27656676229576865,0.292,0.327,1,HSC
IPPK,0.13232740173923538,-0.7797428130522748,0.072,0.092,1,HSC
SPG7,0.13242675477463697,0.19745521192092763,0.724,0.664,1,HSC
PYHIN1,0.1324478560007374,2.741147511854923,0.054,0.028,1,HSC
CACNA1D,0.132516116242295,-1.792119738695975,0.003,0.012,1,HSC
NUP107,0.1327907654428902,-0.8105056578880054,0.307,0.373,1,HSC
GPR161,0.13292125540748898,-0.6497977634299303,0.026,0.046,1,HSC
CD99,0.13293902010771094,-15.936347382743328,0.808,0.771,1,HSC
PTPN6,0.1329525562568741,1.9534665673949458,0.89,0.893,1,HSC
ZBTB20,0.13305837055490255,-2.252013311047876,0.57,0.538,1,HSC
CHD1,0.13307474867692545,0.4469088375940644,0.629,0.554,1,HSC
AMER1,0.1330899300101773,0.4528036218838619,0.156,0.162,1,HSC
SEL1L3,0.13313315412943447,17.14981635129023,0.189,0.168,1,HSC
BIN1,0.13319190001964956,2.054890008280957,0.524,0.505,1,HSC
NOCT,0.13323413548909568,0.6645666712100344,0.166,0.122,1,HSC
INTS1,0.13333291832933575,0.5385905824605093,0.376,0.324,1,HSC
P2RY1,0.13343293573585507,-0.7195290311833182,0.153,0.168,1,HSC
EMILIN1,0.13353550475641568,0.9592173186993089,0.092,0.064,1,HSC
IQCD,0.13359733066918028,0.1358622246497112,0.059,0.043,1,HSC
BICD2,0.13366670414535511,-0.8942790795987889,0.509,0.535,1,HSC
ITGAX,0.13403003868236704,-2.878552865583746,0.153,0.104,1,HSC
PLOD3,0.13409343698761042,0.11040069240664,0.276,0.22,1,HSC
RIMBP2,0.13411140372982866,2.4049940980022715,0.01,0.003,1,HSC
PDP1,0.13412023327851672,0.21714512073422854,0.113,0.159,1,HSC
MLC1,0.13423000144147731,-2.073278265630487,0.606,0.581,1,HSC
ZNF10,0.13423191519455058,-0.234030386227418,0.153,0.147,1,HSC
H2BC3,0.1343529545318141,-0.48411503287025104,0.046,0.04,1,HSC
ERI1,0.1343660474758692,-1.6343960886045414,0.212,0.266,1,HSC
TP53BP1,0.13442491941328216,-0.5833511470252626,0.629,0.587,1,HSC
USB1,0.13442830296305483,0.27883432464124724,0.24,0.183,1,HSC
VSTM1,0.1345895804849717,0.7436364020273452,0.087,0.116,1,HSC
MKS1,0.13460369986111942,-0.830265165053996,0.164,0.223,1,HSC
DISP1,0.13493185637424157,0.4637654524681807,0.059,0.034,1,HSC
TIGIT,0.1350331210301131,7.483998264634192,0.026,0.015,1,HSC
MTCP1,0.13508579339537266,-0.8805555760274193,0.028,0.049,1,HSC
C18orf54,0.13509412077457117,-0.9253454279014467,0.12,0.168,1,HSC
UBE2J2,0.1354070813683394,-1.260632136723888,0.414,0.404,1,HSC
LDLRAD3,0.13547957751793532,0.7877421158665006,0.041,0.031,1,HSC
INKA1,0.13558826561367293,0.6073938629813114,0.271,0.205,1,HSC
SLAMF1,0.13566442176969415,0.19174602058069912,0.023,0.009,1,HSC
DENND4C,0.13571662057073644,0.6074681611058765,0.54,0.505,1,HSC
NFE2L1,0.1357233441312959,1.356397217386125,0.537,0.492,1,HSC
MAPKBP1,0.13575221742363616,0.8187993386078068,0.263,0.297,1,HSC
ZNF646,0.13595184934873125,-0.10925904802468289,0.235,0.183,1,HSC
ARID4A,0.13624323176171754,0.35811066148642046,0.494,0.462,1,HSC
ITGA6,0.13631836722064533,0.6206303108217754,0.335,0.287,1,HSC
AIMP1,0.136378731643106,-0.3313693781550744,0.601,0.685,1,HSC
DERL1,0.1364238817586614,0.6851766639498702,0.621,0.55,1,HSC
CEP350,0.13643626043475762,-0.6615456402599555,0.624,0.554,1,HSC
SNAP29,0.1364632461166077,-0.5954387820809204,0.481,0.538,1,HSC
XPOT,0.13647167469933721,-0.6191996610934729,0.33,0.367,1,HSC
NOB1,0.13649584728259695,0.6335483474240048,0.412,0.379,1,HSC
FN3K,0.13650651859345642,0.8890704442019717,0.118,0.159,1,HSC
CLTB,0.13657986276970702,-0.8601915605068923,0.274,0.232,1,HSC
TMEM64,0.1365994489191547,-0.4800741898451797,0.384,0.45,1,HSC
OGG1,0.13667579691504328,-1.0222488373839753,0.274,0.339,1,HSC
CLEC9A,0.13668207440592506,-1.3612898245767107,0.113,0.144,1,HSC
IL17D,0.13690491242982522,1.5611697747303035,0.013,0.003,1,HSC
PDE12,0.1369506520558388,-0.3735781679235194,0.223,0.272,1,HSC
ARFGAP2,0.1370471718684642,-0.2775297359620694,0.711,0.706,1,HSC
SARNP,0.13709941779156098,-0.7353183155831272,0.366,0.431,1,HSC
TRAC,0.13724401781432158,9.856650554121433,0.24,0.174,1,HSC
ASL,0.13725419940929312,-0.6637548664268631,0.143,0.193,1,HSC
NAPA,0.1372580949178921,2.127249838290709,0.545,0.55,1,HSC
ARFIP2,0.13727474863008798,0.9454879133040697,0.417,0.367,1,HSC
CCDC125,0.13755735154880772,-0.687354717658055,0.44,0.483,1,HSC
SFT2D3,0.13775815756301704,-0.5134687096265504,0.146,0.125,1,HSC
SLA,0.1378848706220511,3.40660459164133,0.499,0.465,1,HSC
SH2D1A,0.13801861708246482,1.616725413343727,0.084,0.049,1,HSC
SEC14L2,0.13810214760928094,-1.3242203070476233,0.013,0.003,1,HSC
CCDC121,0.13827061381632122,0.7513838225025267,0.046,0.031,1,HSC
YWHAQ,0.13831596745572802,-1.1665134737610368,0.601,0.581,1,HSC
CCDC77,0.13834971136814114,-0.5385648975075068,0.066,0.113,1,HSC
NRAS,0.13836068226804082,0.2563688962156494,0.632,0.703,1,HSC
ZDHHC7,0.13842735202731374,-0.3177084284419749,0.205,0.165,1,HSC
AFF1,0.13844084805028226,1.179720017848128,0.908,0.859,1,HSC
ITGA5,0.1385264655031863,1.3568783382729634,0.721,0.7,1,HSC
ZNF792,0.1385819754333879,0.2655930495692951,0.355,0.37,1,HSC
NRARP,0.13869331465027068,1.5846108039378413,0.036,0.015,1,HSC
ZNF429,0.13870127127758558,-1.3701780904510992,0.005,0.015,1,HSC
SPRYD3,0.1387353752296798,-2.39702669651306,0.256,0.22,1,HSC
KANSL1,0.1387708351643628,-0.2174762204233387,0.79,0.774,1,HSC
VWA2,0.13882405106849866,0.696419303143165,0.09,0.119,1,HSC
ZNF467,0.1388257784896336,0.8227995101211754,0.064,0.061,1,HSC
PSEN1,0.13882825065368526,-0.42841011267127405,0.583,0.526,1,HSC
CMBL,0.13886353761674744,-0.9547021794013839,0.153,0.208,1,HSC
PARP8,0.13892585367560661,1.5298165592819315,0.258,0.232,1,HSC
MVB12A,0.13913456870993315,0.22391554956552534,0.276,0.223,1,HSC
CNPPD1,0.139157150237196,1.206031128586817,0.575,0.55,1,HSC
FBXO6,0.13948355130999576,-1.3873617936562734,0.036,0.07,1,HSC
VSIG1,0.13951419177780391,1.5611697747303035,0.013,0.003,1,HSC
NAE1,0.13959238417439573,0.6462485274821466,0.46,0.394,1,HSC
CCDC113,0.13969270797702546,0.6456368293111923,0.064,0.049,1,HSC
RFC5,0.13976252256566815,-0.45790585387019833,0.128,0.135,1,HSC
NPM3,0.1398296255030724,-0.9683501182530345,0.442,0.431,1,HSC
IL6R,0.13993051132256548,-2.1570715499090354,0.335,0.269,1,HSC
SAC3D1,0.1401467688870842,0.49623643116756,0.148,0.101,1,HSC
MPST,0.14019313373363368,-2.235436977245433,0.422,0.428,1,HSC
SIL1,0.14035440350457298,-0.4146866614559741,0.568,0.566,1,HSC
IL1B,0.14047623522279412,-26.951294341619302,0.609,0.676,1,HSC
ATG2B,0.14048691784032802,-0.5072598363406944,0.404,0.471,1,HSC
TFEB,0.1405331049261832,1.187198997801274,0.079,0.049,1,HSC
ECHS1,0.14060237380228607,-0.6687132041406301,0.652,0.602,1,HSC
SLC8B1,0.1406607570043586,1.41050273723304,0.151,0.11,1,HSC
MROH7,0.14067229385466376,1.0899850556962187,0.084,0.049,1,HSC
NOC3L,0.14073144665546986,1.0296104581420285,0.335,0.291,1,HSC
NIBAN3,0.1407798024601969,5.985212989771457,0.059,0.034,1,HSC
FARS2,0.1408369808985851,0.3834095907981525,0.136,0.119,1,HSC
NHERF1,0.14092966195570233,4.335273855903145,0.76,0.789,1,HSC
NET1,0.1412259969057929,-5.2383333166752415,0.384,0.453,1,HSC
STS,0.141280604985664,0.8050636017248873,0.036,0.028,1,HSC
SLF2,0.14132266508932312,0.2527218598934069,0.276,0.223,1,HSC
IAH1,0.14139793649873544,1.346280045490551,0.494,0.437,1,HSC
C6orf136,0.14147371396973898,0.3659706361332652,0.228,0.168,1,HSC
ZNF783,0.14158656847368375,-0.3204732839787832,0.345,0.312,1,HSC
PLXNB2,0.1416272549982914,6.045419168785966,0.386,0.419,1,HSC
SHB,0.1416783614891687,-0.1624049941715917,0.079,0.055,1,HSC
MIPOL1,0.14172384814366093,1.060984437930125,0.079,0.086,1,HSC
DMWD,0.14172549034623436,1.0698500428879116,0.077,0.08,1,HSC
RGS10,0.14181194259603538,-0.43813109850704945,0.412,0.505,1,HSC
AASDH,0.14190442859271388,0.5210232565688075,0.251,0.263,1,HSC
PBX3,0.1420133574756958,0.8092058107958753,0.361,0.385,1,HSC
CACNB1,0.14206730680204402,0.5690379925577642,0.087,0.055,1,HSC
LGALS4,0.14209307212097122,0.7007782638731346,0.036,0.021,1,HSC
CLGN,0.14215772573196553,-0.6604013527996861,0.077,0.086,1,HSC
RGS18,0.14220459712112427,-2.505265122614839,0.24,0.3,1,HSC
SPICE1,0.14229434856955706,0.5148821113598112,0.315,0.263,1,HSC
NDUFAF6,0.14244422790485206,0.4569237602269379,0.235,0.291,1,HSC
TSC2,0.1424646642378518,0.56945295408451,0.34,0.349,1,HSC
SYNE1,0.1425042112864481,2.0702859364947797,0.138,0.101,1,HSC
TMEM65,0.14257404522046413,-0.4549939620509633,0.547,0.599,1,HSC
STON2,0.14263787183271062,-2.441975451411653,0.509,0.541,1,HSC
WDR12,0.14264825879823534,-0.7807828660730326,0.294,0.333,1,HSC
INO80,0.14273178471842124,0.7664757910272035,0.279,0.22,1,HSC
KCNMB3,0.14280401810968335,-0.3520376606217184,0.046,0.043,1,HSC
SRSF12,0.14283375977383372,-0.7429229867761253,0.036,0.067,1,HSC
FEZ2,0.14297951344402623,-0.7179090217682969,0.448,0.443,1,HSC
NCOA1,0.1430665477462473,-1.2555331179604723,0.578,0.526,1,HSC
UTP4,0.14312578355186323,0.36300945542907626,0.171,0.193,1,HSC
SERPINA1,0.14320261661333233,8.388535308896085,0.046,0.046,1,HSC
UBA5,0.14331290573943306,0.9525790563710868,0.504,0.425,1,HSC
HNRNPUL1,0.14334628554960033,-3.024615724951791,0.826,0.78,1,HSC
LIG3,0.14358881177379806,-0.23128805522631982,0.338,0.321,1,HSC
SDE2,0.14380293031015542,-0.3962683914402735,0.381,0.361,1,HSC
NEMF,0.14383206822953737,2.364315688656669,0.826,0.777,1,HSC
ANKRD13A,0.1439229547783841,-1.5803519593175253,0.453,0.462,1,HSC
TMEM30A,0.14421324445196293,-0.28411958483113264,0.302,0.367,1,HSC
ZMYND8,0.14421384250230176,2.4095100419383355,0.724,0.74,1,HSC
ZSCAN12,0.14426802749823828,0.32618402984112715,0.176,0.165,1,HSC
CFP,0.14430444187527655,-10.412924840504214,0.159,0.205,1,HSC
MGP,0.14458799219657337,-2.464097171464939,0.003,0.012,1,HSC
ZNF79,0.1446055197714855,1.2857377597211381,0.049,0.024,1,HSC
VAMP4,0.14488875664331727,-0.327551211041345,0.409,0.355,1,HSC
SDHA,0.144979036191422,0.36134582608109445,0.228,0.177,1,HSC
TAF4B,0.14509242208370984,0.23899541817025405,0.179,0.22,1,HSC
OSBPL2,0.14520969084946447,-0.34743626878628636,0.335,0.312,1,HSC
TIFAB,0.14526034166127752,3.481333086961621,0.013,0.003,1,HSC
IL6ST,0.14532098579502314,3.719375620145351,0.309,0.294,1,HSC
THSD1,0.14540974879904267,-1.1847153053844521,0.028,0.049,1,HSC
FAM3A,0.14547337004790084,-0.18992297349555404,0.299,0.248,1,HSC
IP6K2,0.1456442386295098,1.3850631986094641,0.665,0.621,1,HSC
TAS2R30,0.1456541955802558,0.2271313965841586,0.228,0.18,1,HSC
OR2L5,0.14565557973302534,-0.5428949351504101,0.159,0.205,1,HSC
ZNF346,0.14570270967499854,0.2787144971287068,0.297,0.239,1,HSC
NPTX2,0.14582833203116344,19.91173004302741,0.125,0.086,1,HSC
DHX15,0.14583530070913733,-0.24183989078410661,0.772,0.774,1,HSC
IBTK,0.14589137326494284,2.173864076396742,0.545,0.483,1,HSC
ARHGEF11,0.14619757848749435,0.2045110967875896,0.069,0.043,1,HSC
DONSON,0.14622731475246975,-2.2929162816654696,0.09,0.138,1,HSC
TTC24,0.1462671362428667,-0.8222336990942605,0.043,0.073,1,HSC
ATG4D,0.14638526665910928,0.6280749764289904,0.184,0.147,1,HSC
KLLN,0.14641497023453942,1.2659747167286266,0.018,0.009,1,HSC
PCDHGB7,0.14646493179003345,-1.0961084239706413,0.056,0.058,1,HSC
LETM2,0.1469779916938836,-0.41973908347040956,0.069,0.098,1,HSC
TMIGD2,0.14715774158627704,-0.6850470848692951,0.056,0.086,1,HSC
STARD3NL,0.14729482977815236,-0.7018448003612425,0.537,0.486,1,HSC
MTFP1,0.14738041653777925,-1.0490987584161648,0.023,0.049,1,HSC
RCN1,0.14739640756445682,1.4448685680335704,0.627,0.575,1,HSC
SCARB2,0.14740068404740006,-1.4464326535633014,0.399,0.471,1,HSC
SAMD9,0.1476032813782292,-0.6366645777237717,0.386,0.44,1,HSC
HYKK,0.14795900579601226,-1.538606062559332,0.01,0.028,1,HSC
STX4,0.14795960741146186,0.3923763255648567,0.532,0.563,1,HSC
GPS1,0.14805449624550468,0.3142785159189397,0.317,0.346,1,HSC
RBSN,0.14822017167277926,0.5963826015871012,0.023,0.006,1,HSC
MPND,0.1482660919837717,-1.0416529651440467,0.143,0.159,1,HSC
PDZD11,0.1483771593629331,-0.7207391936183524,0.184,0.22,1,HSC
SETD4,0.14838970415557853,-0.6685912676371101,0.233,0.245,1,HSC
PER3,0.14847200366210098,1.5611697747303035,0.013,0.003,1,HSC
TPD52L1,0.1484807944707371,-1.3701780904510992,0.005,0.015,1,HSC
ARHGAP12,0.1487349526254899,-0.21289704306086565,0.276,0.235,1,HSC
PERP,0.1488402309668724,1.5611697747303035,0.013,0.003,1,HSC
C7orf25,0.1488714722937085,0.6301373553655807,0.21,0.217,1,HSC
TMUB2,0.14907700947656696,0.1445465689562413,0.545,0.572,1,HSC
RPF1,0.14912984532856008,-0.32656808814461497,0.355,0.349,1,HSC
CEP128,0.1493632757417247,-0.4465533816679942,0.187,0.193,1,HSC
MGAT1,0.1494540476689951,-0.1932556306187292,0.568,0.505,1,HSC
MTURN,0.14963680140919114,1.3124723333646742,0.831,0.872,1,HSC
TLR3,0.14968369781929672,-1.1297883843034358,0.043,0.08,1,HSC
ATP5MK,0.1496845039992626,0.3512701526533385,0.384,0.446,1,HSC
ZNF148,0.14969063123411575,-0.32874112979859604,0.499,0.56,1,HSC
KIAA0586,0.1497775853914451,0.29130525827770853,0.345,0.284,1,HSC
MAP9,0.14979652446013472,-0.40534220451088654,0.107,0.144,1,HSC
NAT8L,0.14990178741085483,-1.792119738695975,0.003,0.012,1,HSC
IFI44L,0.14991240666332223,9.656337592763604,0.174,0.135,1,HSC
DNAJB6,0.14996264258133263,-0.37668171497115077,0.33,0.404,1,HSC
ANKRD13C,0.15006709383898634,-0.24365548075644075,0.289,0.275,1,HSC
WDR73,0.15006753439749423,-0.19897393094953664,0.322,0.303,1,HSC
LEPROTL1,0.1501627537590609,3.5463683119465568,0.882,0.878,1,HSC
S1PR4,0.15019274524201023,0.6004601797967524,0.529,0.462,1,HSC
AVP,0.15029780123642325,-0.3998019557366927,0.113,0.092,1,HSC
VASP,0.15045074457648097,3.1579836050889085,0.77,0.777,1,HSC
STXBP6,0.15048058327402247,-9.04763254463829,0.074,0.089,1,HSC
PABPC4,0.15053258372779005,-1.483605587064827,0.355,0.404,1,HSC
TM6SF1,0.15054528953350274,-0.5348241175968211,0.038,0.046,1,HSC
ZNF558,0.15054561299500044,0.3919698172795136,0.23,0.174,1,HSC
CYP51A1,0.15055951999184952,2.541815971260757,0.271,0.324,1,HSC
TTYH1,0.15058060931081108,2.1335499445908663,0.013,0.003,1,HSC
PLXDC1,0.15060147148518999,2.2926882661842494,0.02,0.012,1,HSC
USP38,0.150604907295771,0.22344206952935686,0.494,0.477,1,HSC
KIF11,0.15063208825825258,-6.977311325489201,0.087,0.073,1,HSC
METTL2A,0.1506591104940786,-0.43708738611137266,0.153,0.211,1,HSC
FASTKD1,0.15067279774012343,0.5833456868453755,0.419,0.489,1,HSC
C2orf69,0.15069243950172734,0.40993328602039886,0.146,0.193,1,HSC
ATG16L1,0.15071936228593927,-0.16211259311518145,0.105,0.092,1,HSC
PGBD1,0.15073632232420633,-0.20012241507781048,0.164,0.147,1,HSC
DEPP1,0.15082584086282214,1.9071750792104365,0.095,0.104,1,HSC
ST3GAL5,0.15085085783325028,0.173297884109048,0.084,0.101,1,HSC
TRGC1,0.1508881079179811,-3.355890574370375,0.069,0.055,1,HSC
GUCD1,0.15089421036695816,-0.6850291007239888,0.448,0.456,1,HSC
CCDC85C,0.15098037611211637,0.700667939438854,0.018,0.006,1,HSC
ZNF709,0.1509957278923884,-0.44276407789660077,0.299,0.339,1,HSC
PSMA7,0.1510901245039562,-1.3805668432336051,0.581,0.621,1,HSC
VARS1,0.15116370523477382,-0.6691720646973496,0.478,0.471,1,HSC
RAB31,0.1511723380667889,3.7885081507600455,0.097,0.107,1,HSC
PTCH2,0.15119201343884323,1.2763637950774358,0.01,0.003,1,HSC
RGN,0.1511974555862621,-1.792119738695975,0.003,0.012,1,HSC
PAQR7,0.15120864220299413,-0.2975894382236723,0.235,0.287,1,HSC
RNF14,0.1513533612181455,0.1373412433373164,0.269,0.324,1,HSC
VAMP5,0.15140635622354734,1.6722043849607258,0.468,0.404,1,HSC
TATDN3,0.15146301520654193,-0.22706109143056658,0.22,0.266,1,HSC
CA11,0.15164901774317535,-0.7431735270181954,0.028,0.043,1,HSC
BRD3OS,0.15170845793366103,0.13855917773005366,0.166,0.135,1,HSC
NCAPH,0.1518501752702216,-2.476591774407525,0.005,0.018,1,HSC
EPHB1,0.15192009566502343,-1.792119738695975,0.003,0.012,1,HSC
ATP13A2,0.1521099135193307,0.10536441103403416,0.151,0.187,1,HSC
TSC1,0.1521318211269743,0.40692008728880463,0.256,0.208,1,HSC
PLSCR1,0.15224112877494186,0.4014231491539727,0.396,0.474,1,HSC
RSRC2,0.15242903040332922,-0.8973939492690057,0.762,0.713,1,HSC
TPD52,0.1526011292665519,-0.1473869358443749,0.205,0.187,1,HSC
PPIF,0.15264059019758136,1.6327194338058342,0.197,0.171,1,HSC
TMEM108,0.1526884741121535,-1.279178669154244,0.01,0.018,1,HSC
LYPD6B,0.15274757329265837,-1.4426441120492952,0.013,0.006,1,HSC
ZNF638,0.15275293060834055,0.8944221126521681,0.811,0.841,1,HSC
RCAN3,0.15288769584218023,1.5496403063630133,0.322,0.297,1,HSC
GBE1,0.15288823729078685,-0.2568405974293957,0.361,0.346,1,HSC
DENND5B,0.1529880015641309,0.5825279262621419,0.12,0.076,1,HSC
INTS6,0.15304489169346783,1.4190268928788954,0.573,0.627,1,HSC
SNIP1,0.15305903866586842,-0.24249549449983,0.269,0.226,1,HSC
ADA,0.15332664153054668,-0.8447077988895106,0.545,0.492,1,HSC
NT5DC3,0.15352757268366501,0.9906080309114231,0.066,0.043,1,HSC
C17orf67,0.15364495801194938,-1.0012182672396186,0.015,0.015,1,HSC
SPAG4,0.1536739447425059,-0.3125044388338063,0.01,0.021,1,HSC
PGBD2,0.15374266496646888,0.5750261403351852,0.217,0.171,1,HSC
TOM1L2,0.15375604813914906,-0.5355823688076078,0.32,0.349,1,HSC
PNRC2,0.1539543214646191,1.0231803545070557,0.811,0.755,1,HSC
SPG21,0.1541354160824477,-1.1806845252006068,0.87,0.823,1,HSC
SIGLEC9,0.15427616807601965,1.092166963543849,0.015,0.006,1,HSC
B2M,0.15430929361363457,14.187078424250572,1,0.997,1,HSC
UBE2D2,0.15436333053815113,0.9026472188372536,0.66,0.612,1,HSC
TEX12,0.15441690634955132,-1.3701780904510992,0.005,0.015,1,HSC
MXI1,0.1544696765684272,0.8497681924895175,0.297,0.275,1,HSC
ZFC3H1,0.15452270719636463,0.7562267431224372,0.696,0.719,1,HSC
GOLM2,0.15452298763848862,-2.778757608819568,0.596,0.633,1,HSC
DNAI3,0.15454013636328692,2.1335499445908663,0.013,0.003,1,HSC
HYLS1,0.15457842183262482,0.7161347221371868,0.066,0.04,1,HSC
RTKN,0.15461139587744419,-0.9769410148432213,0.146,0.168,1,HSC
CD247,0.15463680989123885,-1.6144513750315874,0.09,0.052,1,HSC
NDUFV3,0.15469540071900617,0.10469451758263792,0.45,0.443,1,HSC
ECE1,0.1547232888626366,0.3033018316541647,0.09,0.11,1,HSC
GLIPR2,0.15474723618931438,1.66594505685686,0.266,0.3,1,HSC
GPR63,0.1547909362900255,1.013340128972306,0.038,0.021,1,HSC
PRPS1,0.1550807916177586,0.12396370229400233,0.432,0.508,1,HSC
SLC2A14,0.1551055490965147,-1.021402130575975,0.003,0.012,1,HSC
GTPBP3,0.15515090293493375,-0.2721764502625752,0.169,0.165,1,HSC
TMEM256,0.15520238308152362,-0.27257581118233065,0.343,0.364,1,HSC
LY6E,0.15527149833212917,-0.4915024389235394,0.471,0.56,1,HSC
HOXA4,0.15542334511233757,0.7730441888639819,0.169,0.122,1,HSC
PBX1,0.15546794162127814,-2.346438080954602,0.637,0.67,1,HSC
KHDRBS3,0.1557100802937528,-0.667329716768529,0.079,0.067,1,HSC
NRSN2,0.15582282977124906,-0.8539259018046046,0.031,0.04,1,HSC
MME,0.15591594137360623,6.307940364388207,0.125,0.107,1,HSC
USP44,0.155924624172323,1.5611697747303035,0.013,0.003,1,HSC
STX5,0.15593437830035145,-0.11000882457580419,0.532,0.563,1,HSC
C6orf163,0.15594701878290723,-0.7325381380009588,0.107,0.153,1,HSC
RAD54B,0.1563235051735116,1.444115538693238,0.049,0.055,1,HSC
EMC10,0.15635067261916508,1.5938362004507978,0.77,0.798,1,HSC
CYGB,0.15652401751087505,7.229148114719286,0.018,0.003,1,HSC
MFHAS1,0.15653304915467084,0.272898389407352,0.171,0.183,1,HSC
PAM16,0.15659659410881113,-0.17753445832998072,0.361,0.376,1,HSC
S100A9,0.15677614974210724,-209.24179018070353,0.355,0.297,1,HSC
FBP1,0.1568082389736303,1.135710037853758,0.049,0.024,1,HSC
RHOU,0.1568179736720455,2.398401809748097,0.02,0.018,1,HSC
ERG28,0.15713364570017677,-0.7218955698733729,0.458,0.529,1,HSC
CEP68,0.15717912663432332,0.4018364145600368,0.545,0.606,1,HSC
GLRX,0.15720780955910957,-0.4936504501425949,0.379,0.44,1,HSC
STBD1,0.15723271603226885,0.8253087562823804,0.061,0.049,1,HSC
KCNMB4,0.15735785572230593,0.4157189008176758,0.146,0.15,1,HSC
MYO15A,0.15736839654560192,-1.792119738695975,0.003,0.012,1,HSC
SNRPD3,0.1573902784862242,0.4787813675568704,0.028,0.024,1,HSC
FAR2,0.15741551111961902,-0.48970708790445006,0.376,0.443,1,HSC
NMNAT3,0.15741857145238725,-0.8824500974564637,0.233,0.242,1,HSC
C2orf92,0.15758604672102336,0.1726354579719751,0.105,0.119,1,HSC
SETBP1,0.1576533260222586,0.8819222193004618,0.159,0.107,1,HSC
EXD3,0.1576623156166263,0.4699202933228386,0.21,0.165,1,HSC
MAP3K20,0.15767608743380576,0.14112209310112708,0.276,0.223,1,HSC
CCNYL1,0.15771595410780775,-0.1759090737132376,0.189,0.242,1,HSC
ADO,0.15776531337553557,0.42714573645636134,0.118,0.083,1,HSC
CAPN1,0.1578351713678949,-0.2525161966430689,0.864,0.875,1,HSC
DUSP18,0.15784355939338507,0.2519175941945194,0.271,0.214,1,HSC
MAP2K5,0.15787145540329187,0.5167309150888688,0.386,0.318,1,HSC
RAB9A,0.1579741538416198,-1.2906422071716475,0.258,0.303,1,HSC
ERCC1,0.15821192804771966,-0.7716601974579453,0.578,0.627,1,HSC
DCAF15,0.15822965305727912,0.5632250069427759,0.43,0.382,1,HSC
SYTL1,0.1582329452591819,1.2782583778211554,0.642,0.584,1,HSC
PLAU,0.1582770647960473,1.4346550928773074,0.097,0.07,1,HSC
CNDP2,0.15827913468736046,1.8598363289129378,0.581,0.648,1,HSC
CR1,0.1582950490793731,0.3653576525052129,0.038,0.046,1,HSC
KAT2B,0.1583150064523925,0.6307134114884713,0.332,0.297,1,HSC
CCDC149,0.1584102749441532,-0.7193981804181329,0.079,0.076,1,HSC
ORC5,0.15863905451097923,0.9275775748477817,0.197,0.159,1,HSC
ATXN7L1,0.15871014732290462,-0.759180743095435,0.307,0.3,1,HSC
GM2A,0.15873495367856388,-0.4823458113679411,0.199,0.254,1,HSC
CD3D,0.15881061765074164,1.1464292212899174,0.12,0.083,1,HSC
SELENOO,0.15881852332086527,0.7757937903637502,0.325,0.294,1,HSC
C20orf96,0.15886996463128766,0.7289342868053151,0.402,0.361,1,HSC
TANC1,0.15891326781685916,0.47154875651212214,0.105,0.07,1,HSC
ZMYM5,0.15898281710775794,0.3639167815343167,0.419,0.361,1,HSC
NRDE2,0.15916246779974644,-0.7042181645116274,0.079,0.116,1,HSC
WDR70,0.1592940973890787,0.5204655725906036,0.54,0.569,1,HSC
DNAJC8,0.15929877979352874,-0.6859058415314623,0.581,0.609,1,HSC
PLAA,0.15930181980947133,-0.5679597024214215,0.435,0.419,1,HSC
SETD9,0.1593272665296594,-0.5739340368209289,0.133,0.177,1,HSC
SPAG9,0.15936307845290115,-0.20169743307375465,0.532,0.483,1,HSC
EMC6,0.15944280432375993,0.19771488792480763,0.153,0.113,1,HSC
CREB3L2,0.15966823683509648,-0.5878601305010103,0.468,0.437,1,HSC
DBN1,0.1596822662758157,-0.44574624329835943,0.197,0.248,1,HSC
NANS,0.1597280783694833,-0.3083263227437576,0.338,0.376,1,HSC
STK4,0.15982960911968097,0.7658018402410898,0.765,0.804,1,HSC
SKI,0.15995991869045406,2.2304360669071355,0.338,0.382,1,HSC
DTX3L,0.15999989568833559,-0.5102579676866696,0.545,0.511,1,HSC
PMAIP1,0.16002700122583088,-0.12059049689452195,0.317,0.376,1,HSC
SNRPB,0.1600903657401919,-0.8549331431162028,0.335,0.394,1,HSC
RAP2C,0.16012560507061804,0.6153332232090913,0.486,0.514,1,HSC
BUB3,0.16037827112606093,0.9592020171427991,0.56,0.492,1,HSC
CARNS1,0.1604168519709851,-1.3434249663147502,0.015,0.034,1,HSC
METTL17,0.1604448777428952,-0.1814135677356581,0.545,0.465,1,HSC
KIF14,0.1604923038589077,-1.1926437422128076,0.015,0.037,1,HSC
FARSB,0.16061411626348956,-2.8919535551029063,0.384,0.462,1,HSC
ACSM3,0.16067922431893186,0.3734986995683953,0.376,0.346,1,HSC
DACH1,0.16079472993736182,-4.047207861680171,0.465,0.526,1,HSC
SWAP70,0.1609530442349121,1.1476627704672238,0.537,0.471,1,HSC
KLRD1,0.16098173050772616,1.5386688268698698,0.051,0.031,1,HSC
EMC9,0.161210657052741,0.6152817846233549,0.171,0.131,1,HSC
RAPGEF2,0.16125567618487335,-1.6975363473004128,0.65,0.697,1,HSC
SOX12,0.16131230956429354,-0.5528943451925463,0.225,0.266,1,HSC
PEX13,0.16137231034797256,0.21620776072626624,0.637,0.575,1,HSC
BCL2L2,0.1613746763571914,-0.6068204961093684,0.243,0.239,1,HSC
TP53I3,0.1614161965521917,-1.4713242341920005,0.235,0.287,1,HSC
PLEKHB1,0.16144697346502862,0.9022378320069926,0.043,0.021,1,HSC
KMT5C,0.1614482110648091,0.42397378311667855,0.225,0.174,1,HSC
MEX3D,0.16165938763579596,1.0473523881456952,0.026,0.021,1,HSC
CCDC163,0.16194184980151607,1.0922016164861947,0.064,0.034,1,HSC
BIN3,0.1619504601533776,0.3995224182198494,0.225,0.257,1,HSC
YWHAZ,0.16198297612053147,-1.4433820148301244,0.913,0.948,1,HSC
ZNF561,0.16228301105443949,0.5095176343900086,0.35,0.373,1,HSC
EIF3E,0.1623188019613493,-0.8761720298551552,0.76,0.813,1,HSC
SLC25A29,0.162386461041545,-0.8278553461591068,0.235,0.297,1,HSC
COX19,0.1624709769444539,0.2554121307823727,0.197,0.242,1,HSC
POLR2I,0.16250257631275944,0.7128087699119332,0.491,0.45,1,HSC
MECP2,0.1625049238591736,0.579890762566075,0.476,0.474,1,HSC
TTC31,0.16288076927774484,-0.18848279067387774,0.151,0.187,1,HSC
HENMT1,0.1630259573001932,0.8614051914295167,0.501,0.517,1,HSC
TUBA1A,0.16309134902869873,0.9990198406438973,0.442,0.502,1,HSC
YWHAG,0.1631717560203578,0.4165288270365579,0.488,0.523,1,HSC
C2CD5,0.1632351425454634,0.37922796791964286,0.545,0.474,1,HSC
GPATCH8,0.16324902419613904,0.16854100535480687,0.404,0.437,1,HSC
ARRDC4,0.16330405299860423,-3.363845855655176,0.289,0.235,1,HSC
MCOLN1,0.1633429169847275,-0.28025132478393266,0.146,0.153,1,HSC
DHX36,0.1634096266717945,1.6222979290952,0.683,0.63,1,HSC
CDKN1C,0.16351669290973592,-3.9497231503008896,0.092,0.107,1,HSC
TUBA1B,0.16355751998022386,-74.88045232646162,0.693,0.648,1,HSC
GAPT,0.16355949810617237,0.9503847171067759,0.586,0.648,1,HSC
TIMM10B,0.16370157740895044,0.20885927883220545,0.471,0.465,1,HSC
PGS1,0.16379991883941836,0.42635164714093665,0.407,0.431,1,HSC
DDA1,0.16389327888286712,-0.33630542963461163,0.215,0.275,1,HSC
TEX9,0.1639762974440638,-0.7777618955491397,0.202,0.26,1,HSC
BAZ2B,0.1640660891653951,1.220961458604883,0.777,0.789,1,HSC
LMO7,0.16411821835289955,0.7381889454407098,0.097,0.101,1,HSC
TMF1,0.16413895106948612,0.29964298693863034,0.675,0.606,1,HSC
ZNF84,0.16416069656040008,-0.1656544341186057,0.43,0.495,1,HSC
RMI2,0.16429609244431773,-0.1405642934975495,0.102,0.073,1,HSC
ZBED5,0.1643842318955249,0.2562704209347726,0.399,0.394,1,HSC
URB1,0.16448525765379404,-1.1156724738676953,0.274,0.318,1,HSC
MTM1,0.16450844630014616,0.30817721307612755,0.302,0.245,1,HSC
WDR18,0.16457733006577258,-0.2069727107755166,0.292,0.358,1,HSC
EVC2,0.16479902466553942,-0.7853541542789739,0.036,0.046,1,HSC
SARS1,0.16481392676923484,-0.7379365964922076,0.148,0.141,1,HSC
TTC21A,0.16489283319448417,-0.25031808247917153,0.079,0.049,1,HSC
CHRNB1,0.16506742497759821,0.7248350146224026,0.199,0.147,1,HSC
FASTK,0.16507946356022007,-0.505803833949373,0.315,0.355,1,HSC
KLF9,0.1651341346214885,-0.7554450266536654,0.243,0.269,1,HSC
ZNF200,0.16528595968731344,0.790807764670566,0.125,0.095,1,HSC
NEU1,0.16529885279315276,-0.28023562667884927,0.199,0.248,1,HSC
ZNF12,0.16532169183301512,0.2678603296874057,0.43,0.379,1,HSC
HNRNPM,0.16574088027531395,-1.9869925085834894,0.716,0.743,1,HSC
DOCK4,0.1657667479589772,-1.150636693250009,0.018,0.043,1,HSC
PRKAG1,0.16586519510473163,-0.7878048237656894,0.391,0.422,1,HSC
MAN1C1,0.16606777302986184,2.6035058994341695,0.046,0.024,1,HSC
PHPT1,0.16611948674178226,-0.2895948424918138,0.379,0.327,1,HSC
ARL8B,0.16617235018524915,-1.0824215200354366,0.476,0.52,1,HSC
ID1,0.16636381334165573,-1.4563718565519286,0.043,0.089,1,HSC
CXCR3,0.16644316497843933,-0.3467838850285907,0.02,0.018,1,HSC
TIMM13,0.16647677987039303,-1.7588250738704758,0.716,0.694,1,HSC
DVL3,0.1665275286487921,1.407187758880852,0.483,0.422,1,HSC
IPP,0.1666097243716439,0.8753893012658209,0.038,0.028,1,HSC
UNC13B,0.16661119975035127,-0.4875318813695215,0.033,0.058,1,HSC
TESPA1,0.16661363757062447,-0.19451196497808354,0.772,0.832,1,HSC
NUFIP2,0.16674264648778955,-1.2607419269830342,0.668,0.621,1,HSC
PACRG,0.1667811833418864,0.3224208277988092,0.028,0.028,1,HSC
TLE4,0.16678284063395504,1.1295054679649625,0.379,0.343,1,HSC
BBS7,0.16690074679373873,0.4877506184273004,0.141,0.15,1,HSC
NRBP1,0.16704323998545736,-0.694342232341334,0.706,0.664,1,HSC
RAD21,0.1671688834025554,2.1126427888281594,0.54,0.541,1,HSC
POU5F2,0.1672003585939978,-0.6855407282098758,0.092,0.141,1,HSC
IL23A,0.1672024518750575,1.5611697747303035,0.013,0.003,1,HSC
LRATD2,0.16724627477320392,0.4946749087419695,0.13,0.156,1,HSC
PCK2,0.16730347640178628,-0.43074236605286487,0.097,0.089,1,HSC
SLC15A2,0.16737157172832895,-0.1724589245006681,0.286,0.254,1,HSC
PCNX1,0.16747227742008583,1.0549008295740996,0.593,0.599,1,HSC
RARS1,0.16759372486290605,-7.706148320872165,0.652,0.648,1,HSC
KIAA0513,0.16761295909883964,-0.2709661271295305,0.051,0.076,1,HSC
UBA2,0.16762990178110246,-1.1005527660190197,0.647,0.599,1,HSC
NLN,0.16764658782749245,-1.2653046367102596,0.148,0.199,1,HSC
CCND3,0.1676689695434731,2.1860373601466745,0.527,0.511,1,HSC
SIPA1,0.16780435939765986,1.5085853438667716,0.696,0.728,1,HSC
INSIG2,0.16783651483624512,0.5314775878158569,0.309,0.254,1,HSC
SMC5,0.16803721892244283,0.159350134137078,0.499,0.434,1,HSC
C17orf80,0.16805221264955592,-0.5619690501014744,0.164,0.19,1,HSC
CCDC12,0.16807800328937783,0.3310945336034087,0.471,0.398,1,HSC
MSRB3,0.16810492551123804,2.088761146251926,0.586,0.639,1,HSC
PRRT1,0.1681129010808364,1.777183284741053,0.026,0.006,1,HSC
PPM1M,0.16823860759518597,0.3569698117682911,0.192,0.156,1,HSC
ASF1B,0.16833448263411682,-7.081350784551973,0.02,0.018,1,HSC
EGFL7,0.1683489104617258,0.15618672729849603,0.739,0.737,1,HSC
MED27,0.16847979786273612,-1.3222311536750908,0.01,0.028,1,HSC
SPIRE2,0.16853331485127615,1.2962200669731931,0.018,0.006,1,HSC
PRR5,0.1685385685059927,0.9867879205933421,0.138,0.104,1,HSC
ASPRV1,0.16860484605072254,0.30359034284299646,0.064,0.046,1,HSC
ANAPC13,0.16871244757132892,0.23297728167475062,0.565,0.486,1,HSC
HLF,0.16871425062208245,0.8285923452416961,0.141,0.098,1,HSC
FANCE,0.16878356524673624,-0.5933740545996384,0.046,0.076,1,HSC
ABHD10,0.16916594624154488,-0.22227869471648765,0.524,0.535,1,HSC
TGOLN2,0.16924590728527564,-1.7501905443624235,0.864,0.832,1,HSC
PSAP,0.16936574532915233,-8.914048217404229,0.624,0.673,1,HSC
MIX23,0.16936783363655097,0.3370833440354195,0.12,0.119,1,HSC
FHL3,0.1696660281815354,-0.15443311331900889,0.448,0.511,1,HSC
PROX2,0.16975110198005972,1.5909168645246679,0.015,0.006,1,HSC
VPS37B,0.16991424119430765,-7.041201790362443,0.486,0.554,1,HSC
ADARB1,0.16999413218791015,-0.4122180251566716,0.151,0.15,1,HSC
CDKL4,0.17002145125504672,1.2763637950774358,0.01,0.003,1,HSC
KLHL33,0.17013576813018325,-0.9049715128532503,0.005,0.015,1,HSC
RGL1,0.1702063694039929,1.5611697747303035,0.013,0.003,1,HSC
TXNDC11,0.1702701457556052,0.2155311295801159,0.465,0.465,1,HSC
TEF,0.1702933580929551,0.5349174518961912,0.051,0.028,1,HSC
GLRX3,0.17031383909716166,-2.962055712197271,0.563,0.599,1,HSC
ERBB2,0.17032246635746146,-0.8310533625687699,0.023,0.046,1,HSC
ZFP69B,0.17033878476845452,-0.4375995949321023,0.041,0.067,1,HSC
FAM133A,0.1703524832428753,0.7282207044138604,0.023,0.021,1,HSC
TRIM46,0.17044239893580232,0.5084365944666225,0.21,0.159,1,HSC
RNF24,0.17055269947422877,-0.7907530843121546,0.609,0.661,1,HSC
PSMC3,0.17055465642167011,0.25188297957506395,0.315,0.275,1,HSC
ANKRD31,0.17068930617680686,1.092166963543849,0.015,0.006,1,HSC
BROX,0.17070340556960142,0.6605561744685882,0.453,0.471,1,HSC
ABITRAM,0.17073382109572824,-1.2071695146066461,0.041,0.08,1,HSC
CDC42EP3,0.17086776920257335,1.3269114601461935,0.391,0.367,1,HSC
BIRC2,0.17101114200936354,-0.6237669378175859,0.435,0.382,1,HSC
SLC1A5,0.17122496842367885,0.14181654518124331,0.256,0.208,1,HSC
NLRC3,0.171233944396884,0.6100654504268275,0.471,0.431,1,HSC
ASPSCR1,0.17126534243220592,0.3670178412385461,0.332,0.266,1,HSC
USP22,0.17139355666366796,-0.6850401224465705,0.716,0.734,1,HSC
MTPAP,0.171401046245058,-1.1124705930516108,0.463,0.419,1,HSC
STAT2,0.17144142817330071,-4.446056308289426,0.535,0.52,1,HSC
TECPR2,0.17144570791079153,-0.3351177176509339,0.069,0.107,1,HSC
FBXO41,0.1714710838751359,0.29694724217982815,0.184,0.18,1,HSC
SLC9A6,0.17157736713222993,-1.1222294665919104,0.187,0.229,1,HSC
DERL3,0.1715818350886742,-1.375936757605455,0.046,0.061,1,HSC
GMPPB,0.171633491087268,0.3351459587046757,0.153,0.107,1,HSC
CAB39,0.17168715254194292,-1.9807809368334888,0.581,0.645,1,HSC
MPC2,0.1716990648036658,4.606714738669396,0.396,0.465,1,HSC
CNKSR2,0.1718862392801984,-0.7699645074779213,0.018,0.012,1,HSC
C11orf65,0.17205653656996994,-0.14191713528920769,0.015,0.024,1,HSC
PUS7,0.17212606059066488,1.8338902225383755,0.207,0.165,1,HSC
NDUFA7,0.17226989446678762,0.5567327789606776,0.379,0.446,1,HSC
NUP205,0.17229516010536827,0.6769886934607927,0.445,0.45,1,HSC
ZNF620,0.17230159057647645,-0.6606798073523812,0.133,0.174,1,HSC
RUNX1,0.1723579048323549,-15.740863461854998,0.862,0.853,1,HSC
RRP1,0.17273250515688995,0.2200738288549483,0.274,0.324,1,HSC
ATP11B,0.17285091515409542,0.8391811227659378,0.798,0.743,1,HSC
TTC17,0.17290603180942957,0.5855264144806793,0.693,0.74,1,HSC
GATA2,0.1729438186275755,10.768158043848473,0.747,0.777,1,HSC
ZNF587B,0.17308981912026816,0.9800969816498992,0.233,0.248,1,HSC
LLGL1,0.17314526736927266,0.25310179732433563,0.281,0.266,1,HSC
RAP2B,0.17318335308789065,-1.1993427653083488,0.488,0.468,1,HSC
SP140,0.17336089449782302,1.2481898425604592,0.064,0.049,1,HSC
INHA,0.17373871766626578,1.2763637950774358,0.01,0.003,1,HSC
GAS2L1,0.1739368056385296,0.3381699581860649,0.033,0.037,1,HSC
PPP1R3D,0.1741165745736242,0.6996439046626901,0.148,0.119,1,HSC
ZNF776,0.17412660215730127,-0.1877575118953563,0.355,0.312,1,HSC
KHNYN,0.17416751732234848,-0.5761573148670128,0.299,0.324,1,HSC
FUT6,0.1745414707479539,-1.3222311536750908,0.01,0.028,1,HSC
S100A10,0.17458526132359434,-23.971750579682688,0.419,0.431,1,HSC
ZNF414,0.17458908395448264,-0.47577037229297414,0.379,0.339,1,HSC
ZNF396,0.1747167439555908,-0.5847444535527422,0.023,0.018,1,HSC
OCRL,0.17486164702102636,0.5665689692988851,0.304,0.254,1,HSC
PAFAH1B1,0.17489744399253201,0.5394710356232428,0.847,0.795,1,HSC
TWF2,0.17500639873280513,-1.4107408459276214,0.601,0.63,1,HSC
PTPN9,0.1751007075936355,0.190623830299809,0.379,0.312,1,HSC
PURG,0.1751839693850874,-0.40292911424382893,0.033,0.028,1,HSC
ATP5F1A,0.1753690958876275,-0.6336421749510954,0.655,0.725,1,HSC
LRBA,0.17545508276758615,-9.670239082348562,0.931,0.933,1,HSC
GNMT,0.1754743625239646,0.2881386651107305,0.059,0.04,1,HSC
PRKN,0.1755314864141895,-0.13342976833096598,0.061,0.089,1,HSC
ZNF385A,0.17569739024081277,-1.5656309921392684,0.24,0.272,1,HSC
COX15,0.17573936300712117,1.2508396454952342,0.483,0.413,1,HSC
CNKSR1,0.17577807386492186,1.0773195256680537,0.082,0.046,1,HSC
DDX41,0.17578887999915066,-0.6699146539377876,0.13,0.174,1,HSC
ZNF337,0.17587493008346572,-0.5293093724372405,0.35,0.413,1,HSC
SLC26A11,0.17589531577793793,2.672987030864763,0.023,0.006,1,HSC
PLSCR2,0.17596091093545252,-1.942558260311663,0.005,0.015,1,HSC
MT-ND5,0.1759961014401581,-1.798815908034407,0.545,0.599,1,HSC
CDK5RAP2,0.17634322436829877,-0.45124649341036027,0.417,0.462,1,HSC
MED12,0.17642643232356056,0.9418028596959176,0.657,0.664,1,HSC
NOL10,0.17650198205038786,0.2885403056894267,0.159,0.147,1,HSC
MAN2B1,0.176561393610916,0.9155630309565685,0.504,0.498,1,HSC
SLC22A4,0.17662700169591178,-0.9173023298505201,0.015,0.012,1,HSC
C2orf88,0.17684001341608876,-0.8352979494597137,0.202,0.26,1,HSC
GMPPA,0.176871763077347,1.2827300752708044,0.197,0.174,1,HSC
TMEM102,0.17708090132701826,-0.4391964459740935,0.225,0.275,1,HSC
GNB1L,0.17742414276450622,-0.24594540042577684,0.054,0.086,1,HSC
NUDT12,0.1777812446201654,-1.0665963023226537,0.066,0.076,1,HSC
EIF3H,0.1779598944995051,-1.4845214231328399,0.824,0.838,1,HSC
HMOX2,0.177971097776046,-0.42272721832572163,0.199,0.257,1,HSC
STAT5B,0.1780609227743304,-0.10874925392480428,0.875,0.878,1,HSC
ZNF577,0.1781302735127542,0.5992953337502832,0.21,0.159,1,HSC
EFR3A,0.1781953480299367,1.2867038494212981,0.376,0.346,1,HSC
DAPK2,0.17828917096429195,-1.3701780904510992,0.005,0.015,1,HSC
ZNF444,0.17844394176835465,0.5223326407939287,0.205,0.153,1,HSC
NLGN2,0.1785074242445896,-0.893812623608531,0.156,0.187,1,HSC
LRRC23,0.17863932545269554,0.714592590526173,0.123,0.083,1,HSC
MARF1,0.17885028852870638,0.9260423941911308,0.394,0.407,1,HSC
NIPSNAP1,0.17904254831682048,0.5892556882237248,0.327,0.318,1,HSC
RPP38,0.17908287339720058,-0.3860950779130651,0.338,0.281,1,HSC
CHKA,0.17917992305261757,0.20977413193436145,0.394,0.333,1,HSC
CHPF2,0.17940759452630728,-0.23318549787405687,0.274,0.297,1,HSC
ZNF816,0.1796045698525994,-0.5090935167775057,0.072,0.086,1,HSC
ZNF559,0.17960818903002188,0.7667678505549009,0.335,0.281,1,HSC
ACTN1,0.17961911712583795,4.860540163003478,0.414,0.394,1,HSC
HDHD3,0.17981632421776725,0.4012521881820772,0.266,0.251,1,HSC
NCAPD3,0.17986857704415785,0.20124146501025936,0.345,0.278,1,HSC
MMS19,0.17989349859657652,1.447420000036205,0.384,0.355,1,HSC
CD248,0.17992888155941378,1.1769922872722218,0.028,0.012,1,HSC
CCDC17,0.18001484023243441,-0.7540275049781568,0.069,0.104,1,HSC
CD47,0.18002172011293857,-2.363878187503767,0.847,0.798,1,HSC
PUS7L,0.18008849199546284,-0.7339698004322647,0.366,0.422,1,HSC
RASSF8,0.18015986901411746,1.0769211101566172,0.059,0.037,1,HSC
HMGCS1,0.18019108841413434,-5.018377198219615,0.412,0.443,1,HSC
FAM234A,0.18024462015704346,-0.7228450369211679,0.506,0.483,1,HSC
TAPBP,0.18025582320957764,-2.74243173980161,0.936,0.911,1,HSC
FBXO46,0.18026195885210303,-0.22170640234576539,0.361,0.312,1,HSC
ZNF48,0.1802778144973538,0.603226405383436,0.09,0.067,1,HSC
IARS1,0.18055911022070045,0.4350519803386807,0.394,0.33,1,HSC
LHPP,0.1806358180562975,-0.11573539937634081,0.143,0.18,1,HSC
KCTD6,0.18078169591757287,-0.41427522462326305,0.123,0.113,1,HSC
RTP4,0.1808549160454718,-0.8458063622657002,0.084,0.101,1,HSC
DLL1,0.18108261301993162,0.23878311513934047,0.018,0.012,1,HSC
PAN3,0.18132109408948704,-0.6134968585629919,0.862,0.823,1,HSC
TMEM97,0.18135722310018335,-0.941354589076596,0.166,0.19,1,HSC
ZNF248,0.18137126745882126,0.49799378419434115,0.23,0.183,1,HSC
COPA,0.18138743788557504,-0.1682225586453181,0.67,0.713,1,HSC
NUDT21,0.18141070046431776,-2.3576602460924634,0.655,0.654,1,HSC
IL10RA,0.1815608469367277,4.145742515429704,0.115,0.086,1,HSC
BMP6,0.18168625631885107,0.2782756241159321,0.031,0.034,1,HSC
RTL8C,0.18193595347180005,-0.7745947213398139,0.33,0.318,1,HSC
PLBD1,0.18195537539341564,-5.055305267219987,0.051,0.024,1,HSC
ZNF747,0.1819814708289985,0.10718157273383122,0.074,0.08,1,HSC
DEPDC5,0.18225697455106896,0.43577516800780847,0.396,0.343,1,HSC
MOB4,0.18231719984803943,-0.34212310880847374,0.499,0.557,1,HSC
BRCA2,0.18257133406708662,-2.211995665410192,0.059,0.098,1,HSC
DIXDC1,0.18258266724693326,0.6048647925109796,0.056,0.067,1,HSC
ZNF593,0.1825896545737795,-0.47832898970769067,0.212,0.269,1,HSC
KCNE3,0.1826359850835108,-0.6322544510255815,0.077,0.083,1,HSC
CD300LB,0.1828164802743399,-6.333027933852261,0.008,0.015,1,HSC
TBC1D10B,0.1829566242422276,-0.2604901459974626,0.391,0.388,1,HSC
TBC1D10A,0.18300335217014474,0.544686428566274,0.276,0.217,1,HSC
RPA2,0.18318180705167858,0.1444655541001822,0.286,0.232,1,HSC
BCAS3,0.18337391546170914,0.3044038809395202,0.46,0.394,1,HSC
OPLAH,0.18337400939441656,1.2763637950774358,0.01,0.003,1,HSC
HGSNAT,0.18346039341379797,-1.2198750843818074,0.575,0.547,1,HSC
TAGLN,0.18348482751267864,0.8490443498302707,0.054,0.067,1,HSC
UGT3A2,0.18363634443193944,4.089654959343739,0.02,0.009,1,HSC
DOCK10,0.18376840666943062,0.7764812356194031,0.419,0.352,1,HSC
NID1,0.18380143386077272,1.9483412278463987,0.01,0.003,1,HSC
CBLB,0.18385810667851868,1.036199585059983,0.414,0.349,1,HSC
ZNF688,0.1839623636755064,0.8241453623826516,0.077,0.058,1,HSC
GPR55,0.18455960858071535,1.092166963543849,0.015,0.006,1,HSC
CAPNS1,0.1848014641070241,0.20370874317600496,0.839,0.798,1,HSC
PLEKHA2,0.18494853657918098,0.397150280029055,0.353,0.343,1,HSC
DPM3,0.18496636510851105,0.1440381739771177,0.128,0.101,1,HSC
WTAP,0.1850052835344517,-0.5216482653549671,0.361,0.422,1,HSC
NONO,0.18517387746102992,-2.7594355638189967,0.818,0.869,1,HSC
NMT2,0.1851951122738199,0.7141495985856935,0.205,0.156,1,HSC
TRPM2,0.18575464690552423,0.8381603128823585,0.041,0.021,1,HSC
DNAJA2,0.18583350329086412,-0.7865442698738512,0.522,0.535,1,HSC
PPOX,0.18588706440815755,-1.5667958652411325,0.118,0.162,1,HSC
SERPINB6,0.18597608498489848,0.87830424117627,0.844,0.841,1,HSC
ST13,0.18600869906478038,0.5744299025837143,0.537,0.599,1,HSC
ATAD3A,0.186103556234241,-0.6374930262943033,0.13,0.147,1,HSC
PACSIN2,0.18619583821681351,0.7761897155053821,0.537,0.547,1,HSC
KCTD21,0.18621324424300736,0.7861122110162446,0.051,0.024,1,HSC
ZNF552,0.1865154886492562,0.9436693383316197,0.182,0.162,1,HSC
UBE2E1,0.18654330524082266,1.0571933920480494,0.655,0.67,1,HSC
AHCYL1,0.18659965669855907,-0.19438116220061863,0.488,0.446,1,HSC
ERCC6,0.1866873473661904,0.21237301107574683,0.261,0.223,1,HSC
VAPB,0.18697832604913148,-0.357710680437679,0.304,0.281,1,HSC
UBA7,0.18722025861380903,0.680900108942522,0.78,0.826,1,HSC
TRAPPC3,0.18729269638267929,-0.3492419914381082,0.535,0.59,1,HSC
SLAMF7,0.18746443125637807,0.4513196406394968,0.018,0.009,1,HSC
KIF13A,0.18751631472505634,2.522582325298361,0.463,0.45,1,HSC
EZH1,0.18776293769004473,0.42748948446658996,0.432,0.385,1,HSC
PIGZ,0.18799508033987397,-0.5734069211892432,0.13,0.116,1,HSC
NME7,0.18815682757325383,0.5937463598999595,0.34,0.349,1,HSC
EIF3F,0.18819330872815876,1.6926040812611491,0.818,0.847,1,HSC
TFDP2,0.18819776360340412,-1.7034156012916881,0.76,0.789,1,HSC
EXOSC6,0.18830528756650405,0.219533672312337,0.312,0.254,1,HSC
C1orf21,0.18830644023051596,0.7208315225445929,0.637,0.697,1,HSC
RAD23A,0.18846635983064638,-0.7670147021918345,0.522,0.566,1,HSC
MSH3,0.18853196862188382,0.5290839871734514,0.271,0.229,1,HSC
HDGF,0.18881432209505591,-0.48651093933836087,0.583,0.615,1,HSC
ZFAND2A,0.18887164862086886,-0.7138357440267217,0.205,0.254,1,HSC
PDP2,0.18890008175688494,-0.37156426055928904,0.097,0.147,1,HSC
CCR6,0.1889201783281072,-1.465217484716483,0.023,0.018,1,HSC
APOL4,0.18893894167878197,-2.464097171464939,0.003,0.012,1,HSC
ACAA1,0.18894822631265545,0.32850834020760566,0.488,0.419,1,HSC
CD86,0.18895893648725276,-0.2662350608780537,0.038,0.018,1,HSC
ECHDC3,0.1889690998205285,-0.7235741588740994,0.069,0.07,1,HSC
ING2,0.18898950184891392,-0.6094142027204636,0.23,0.254,1,HSC
LANCL1,0.18903955808757586,1.2204708923922087,0.647,0.685,1,HSC
GRID2IP,0.18916385795509677,1.092166963543849,0.015,0.006,1,HSC
IPO5,0.18925949354330596,-0.5439974519579156,0.448,0.498,1,HSC
CYB561D1,0.18934904935209929,0.3932406839105571,0.09,0.089,1,HSC
DPP7,0.18936586338784506,-1.0619810758714863,0.494,0.535,1,HSC
CPSF1,0.18962374572967097,-0.3905005204691972,0.271,0.312,1,HSC
GDPD1,0.18965493017185361,-0.2585404439529395,0.182,0.223,1,HSC
CNOT1,0.18974728533231613,-0.17669523424537933,0.304,0.355,1,HSC
NOL8,0.18979171801272143,-2.8462310618794837,0.558,0.578,1,HSC
NKX2-3,0.18988041187120108,0.7873363432078164,0.125,0.083,1,HSC
ADAMTS6,0.18992645454899476,0.1880209817468348,0.02,0.009,1,HSC
LCN10,0.18998618833751846,-1.942558260311663,0.005,0.015,1,HSC
SMPD4,0.19003634370736497,0.2537122766062451,0.315,0.266,1,HSC
GRB10,0.1901886693827378,0.17201097483223937,0.376,0.419,1,HSC
LTK,0.19022575547015289,2.17539232683752,0.031,0.021,1,HSC
RAD51,0.19027829654064038,-5.859869719913561,0.028,0.058,1,HSC
USP16,0.1903669097678358,-0.8950369067320547,0.45,0.446,1,HSC
ESF1,0.1903828419483767,-0.43432238052011707,0.343,0.413,1,HSC
VAMP2,0.19045048922824653,0.46854188198201774,0.616,0.575,1,HSC
TENT2,0.19045498902206545,-0.10927060280418477,0.519,0.587,1,HSC
GPRIN3,0.1904829503668361,1.412159046843945,0.072,0.08,1,HSC
FZD3,0.19060069790561074,0.19579290815228256,0.092,0.131,1,HSC
YWHAE,0.1906367368743511,-2.6136013841155394,0.854,0.902,1,HSC
RFX5,0.1906370586078938,-0.26588236923330966,0.645,0.679,1,HSC
PPARD,0.1906646494633292,0.648061651993018,0.041,0.021,1,HSC
RLN2,0.1906703639928079,1.0634014046384235,0.056,0.028,1,HSC
H3-3A,0.19086247368067263,-6.033411546636531,0.962,0.982,1,HSC
ZNF654,0.19091675002958358,-0.5701493019548909,0.396,0.462,1,HSC
GARS1,0.19101365934569534,-0.5472460884486682,0.169,0.226,1,HSC
P2RX5,0.19113086571846255,12.082316943147221,0.263,0.275,1,HSC
MTRF1,0.1912237363503753,-0.32163880375189907,0.355,0.297,1,HSC
SLC27A5,0.1912409104586461,0.5596783619506445,0.166,0.125,1,HSC
DYNLL2,0.19128680702721035,1.047403397872488,0.673,0.694,1,HSC
PUM2,0.19137699526299726,0.7415705615392154,0.803,0.783,1,HSC
GDPGP1,0.191465981973434,0.5896720725595153,0.143,0.11,1,HSC
RBM4,0.1915102567006611,0.4580995218123223,0.509,0.486,1,HSC
HES1,0.19157392035404364,5.6127542901444665,0.013,0.003,1,HSC
TMEM243,0.1915842424956971,0.8457876961710318,0.269,0.217,1,HSC
AHNAK,0.1915939055468371,-30.36270274920637,0.877,0.829,1,HSC
LIG1,0.1916232915576266,-3.3904140404946665,0.21,0.251,1,HSC
PLPP6,0.19165566634817438,0.5145566180284191,0.095,0.095,1,HSC
SP140L,0.19168123004925308,-1.0978123277745973,0.499,0.462,1,HSC
DTYMK,0.1921275808151662,-0.7153537184486832,0.113,0.171,1,HSC
AK3,0.19218761531544815,-0.4898048816396739,0.366,0.422,1,HSC
ZNF630,0.19233971376828962,-0.33958311534076713,0.11,0.153,1,HSC
NKIRAS2,0.19235422914283073,0.19239360138458161,0.269,0.315,1,HSC
KLHL28,0.19244961473278746,0.15199848188689527,0.281,0.297,1,HSC
PIK3R3,0.19245334061533645,-1.2277367612459134,0.107,0.125,1,HSC
HIC2,0.1925020192685642,-0.790891902666019,0.074,0.116,1,HSC
LDHB,0.19258189400596315,-3.1449745611446147,0.987,0.972,1,HSC
MDH1,0.19263771989489326,-0.48443790311127716,0.243,0.3,1,HSC
MS4A6A,0.19277164541696032,-32.6106452791889,0.115,0.083,1,HSC
DHPS,0.19285915288352445,-0.6083537757040574,0.368,0.391,1,HSC
IFITM1,0.19298420326912694,-0.306031683120751,0.013,0.024,1,HSC
SPA17,0.19298429996598218,-1.3754515907695368,0.023,0.049,1,HSC
LRRIQ3,0.19305997859248833,-0.6257084938905053,0.02,0.043,1,HSC
CSNK2B,0.19307027311209785,-0.7706156185508932,0.524,0.538,1,HSC
STX16,0.19313490800464944,0.508960104534804,0.739,0.694,1,HSC
CLN5,0.19329652227507152,0.37471009491547036,0.309,0.278,1,HSC
NRGN,0.1933286291482852,14.63849514258209,0.118,0.086,1,HSC
ST3GAL2,0.1933644013084055,-0.8058736477932111,0.276,0.346,1,HSC
RBM45,0.1934007687952131,-0.5718297684832596,0.243,0.306,1,HSC
CISD1,0.19354455919648525,-0.47939592161109224,0.187,0.183,1,HSC
SLC25A4,0.1935641719530233,-0.8700620805250312,0.054,0.092,1,HSC
PABPC1L,0.19373338586352443,-1.4719808369277065,0.376,0.324,1,HSC
TMA7B,0.1937386587041778,0.8929082053790268,0.079,0.043,1,HSC
SRFBP1,0.19374220734448755,0.6526123273002367,0.496,0.465,1,HSC
S100B,0.19384296712574164,-7.38555578255342,0.038,0.024,1,HSC
NDUFA4,0.19396175956682332,-2.72300587047663,0.795,0.813,1,HSC
STOM,0.19396229849410354,0.30939652197387657,0.478,0.508,1,HSC
KIF20A,0.19442461975204395,1.2763637950774358,0.01,0.003,1,HSC
NARF,0.19448491962775688,-0.6034832313993364,0.57,0.596,1,HSC
PRPF31,0.19454973224682157,-0.5959604157298317,0.529,0.489,1,HSC
PNPLA2,0.19462225823815477,2.1363374314670773,0.772,0.792,1,HSC
TNFAIP3,0.19462345911929702,2.478413208930253,0.256,0.269,1,HSC
GBP4,0.1948957323459304,0.6506662965986116,0.481,0.55,1,HSC
ZNF382,0.1949055978390257,0.46461443336877917,0.138,0.128,1,HSC
GADD45A,0.19496105537141778,-3.999874337806229,0.309,0.376,1,HSC
VEZT,0.1950812546484508,-0.26933801388109313,0.371,0.327,1,HSC
SLC10A7,0.19514587137295958,-0.43049626615294145,0.379,0.44,1,HSC
TBCD,0.19518632990016554,0.4725745069083165,0.448,0.425,1,HSC
ZNF706,0.19520705682096276,-0.28296638360036697,0.45,0.474,1,HSC
PTK7,0.19530418403015348,-0.34677874245737605,0.361,0.358,1,HSC
NIPAL3,0.19541862763520462,-0.3198445150909391,0.284,0.339,1,HSC
PRKACB,0.19557501808718655,4.321439356721463,0.964,0.963,1,HSC
PLCB1,0.19562524712516102,0.4004184377417055,0.394,0.352,1,HSC
TMEM177,0.19573612182671177,0.6430722966931324,0.153,0.119,1,HSC
SDR42E1,0.19581637913129332,-0.6170425623631126,0.064,0.101,1,HSC
CA3,0.19581881029800294,0.9107605479083043,0.018,0.012,1,HSC
NEK1,0.19594628377325893,0.34393164953363164,0.246,0.272,1,HSC
GOSR2,0.19601094351031162,0.9747296142647726,0.488,0.523,1,HSC
BUD31,0.19607155784373878,-0.21907396513245692,0.471,0.517,1,HSC
UBASH3A,0.1962922230853027,1.4739970577541825,0.036,0.018,1,HSC
CD2BP2,0.19631654624829678,0.26963726351488526,0.389,0.33,1,HSC
SMCHD1,0.196336837914942,1.0957501471444608,0.65,0.694,1,HSC
FAM229B,0.19640809452161306,-0.1983945304008623,0.133,0.104,1,HSC
KRT18,0.19642211322686134,0.2631231772950702,0.128,0.135,1,HSC
MBNL3,0.19651061553766913,0.4394929910383283,0.552,0.511,1,HSC
ZNF786,0.19668444796166049,-0.4413222963072781,0.223,0.196,1,HSC
BTN2A2,0.19696471299126134,0.679618540748077,0.095,0.067,1,HSC
C21orf91,0.19717724307634465,-0.3127208877541481,0.547,0.615,1,HSC
FDPS,0.19725789212372058,-0.4927277239259663,0.235,0.254,1,HSC
GFI1,0.19731014699909746,0.4654617037959319,0.046,0.021,1,HSC
STX10,0.19734686042498786,1.0124950143325695,0.376,0.401,1,HSC
TRIM32,0.19739384937078927,-0.10040754901035687,0.151,0.122,1,HSC
CMSS1,0.19742605088765244,-0.6674150158929855,0.269,0.257,1,HSC
CDCA2,0.19743166506974458,-1.0853721107982315,0.005,0.012,1,HSC
CHST7,0.19745921012328624,-0.40088279557576545,0.023,0.04,1,HSC
TNRC18,0.19754898168024834,-0.365514675942503,0.568,0.627,1,HSC
NAALADL1,0.197595053885932,0.6022259516384321,0.174,0.131,1,HSC
PLA2G15,0.1976661895908358,-0.6114964945337349,0.11,0.116,1,HSC
MEX3C,0.19767760129376358,-1.602707641032548,0.517,0.45,1,HSC
GIMAP8,0.19773284608552458,0.8623139282238759,0.064,0.061,1,HSC
COX7A2L,0.19785184589473315,-0.8022979964237451,0.637,0.67,1,HSC
TIGD6,0.19807090037902655,0.9238678581384905,0.033,0.028,1,HSC
CXADR,0.19808431887258982,1.2795342881994847,0.026,0.012,1,HSC
NELFCD,0.19813750733867844,0.6557266841241147,0.624,0.633,1,HSC
TMEM18,0.19824327099763428,0.37110983007498954,0.409,0.44,1,HSC
ST7,0.19828997882137772,-0.6556996484106157,0.361,0.425,1,HSC
SH3RF1,0.19833110266694298,-0.42310432714596086,0.284,0.352,1,HSC
DENND6B,0.19837866541941745,0.26507277397035467,0.169,0.177,1,HSC
OBSL1,0.19847864334528262,-0.2674292413987216,0.465,0.41,1,HSC
DDX24,0.19848892705956173,1.963840339188652,0.565,0.569,1,HSC
MATK,0.19856891956434072,-1.468196197167138,0.476,0.468,1,HSC
TMEM184C,0.19861837394290768,-0.40893455291147074,0.338,0.37,1,HSC
SLC38A1,0.19863192174004474,2.438401568813802,0.555,0.489,1,HSC
DPM2,0.19885507820354936,-0.7510490013748763,0.059,0.095,1,HSC
GNLY,0.19887011385508016,53.12232078917977,0.12,0.076,1,HSC
PRKAG2,0.19916578551561234,0.40034409759413064,0.292,0.294,1,HSC
JOSD2,0.1993379934621432,-0.4621083280242919,0.072,0.104,1,HSC
TNFSF13,0.19935002613365033,-0.932093456805889,0.409,0.376,1,HSC
TFAP2E,0.19964921387887755,0.8612457479082036,0.077,0.049,1,HSC
NME9,0.19965778484037017,1.2763637950774358,0.01,0.003,1,HSC
ZNF146,0.19968941161440854,0.11875775873856131,0.79,0.731,1,HSC
IL21R,0.19982842911687063,1.7829770865128702,0.038,0.037,1,HSC
ZFP91,0.1998740204897494,0.2701395688809294,0.611,0.575,1,HSC
HIPK1,0.20010022609361255,1.561518831937283,0.783,0.728,1,HSC
CARHSP1,0.20010253705773892,-1.5767977142527223,0.23,0.214,1,HSC
SGCB,0.20014248363655016,1.7175621453844458,0.031,0.012,1,HSC
PLCB4,0.2001739407279659,-0.3131764006902826,0.233,0.269,1,HSC
PRG2,0.20017882350686272,-143.08600198794207,0.097,0.076,1,HSC
LSM11,0.20018008632513543,0.4757836948513112,0.128,0.104,1,HSC
SLC24A3,0.20024138657478036,0.5900509605223428,0.09,0.119,1,HSC
VCAN,0.20041397064619387,-14.942296294366798,0.066,0.049,1,HSC
TMEM150C,0.20049551803661192,0.4963290725702376,0.054,0.031,1,HSC
NAGK,0.2005385056245172,-0.21242209330523254,0.568,0.489,1,HSC
C2orf66,0.2006681199149787,0.8232319200830069,0.051,0.055,1,HSC
IRAK4,0.20068754980811326,-0.9867314660666595,0.517,0.45,1,HSC
LSM6,0.20075686466502773,-0.39959919376980446,0.555,0.609,1,HSC
MTCL1,0.20083440396883517,-1.7536265960051258,0.013,0.031,1,HSC
SLC7A7,0.20105775870114123,-2.668133388924957,0.018,0.04,1,HSC
IFITM2,0.20114119653912266,0.2737576480512245,0.453,0.388,1,HSC
ORMDL2,0.2012064448355911,-0.3096064017176231,0.379,0.343,1,HSC
EPSTI1,0.20121849776689235,-3.2704623756601157,0.471,0.508,1,HSC
IFT140,0.20127794104360072,-0.20033857256622878,0.179,0.15,1,HSC
MAP4K4,0.20129080998635704,-0.22504231205754488,0.483,0.443,1,HSC
NPC1,0.20137535212302807,0.30510186247580084,0.153,0.165,1,HSC
PDZD8,0.20146594793970315,-1.2948170385327984,0.691,0.752,1,HSC
PLCL2,0.20147357804659013,1.6874723497088508,0.512,0.459,1,HSC
SPAG5,0.2014864046416348,-1.124804218655781,0.054,0.086,1,HSC
ACTR1A,0.20174450256095108,-0.33565528980634873,0.527,0.584,1,HSC
CPPED1,0.20191293427741996,0.6103840935218212,0.519,0.495,1,HSC
OCIAD2,0.20192081325359099,-0.13676886116575426,0.563,0.554,1,HSC
SYMPK,0.20198527924886356,-0.3371629607096649,0.509,0.569,1,HSC
IFT88,0.20225938441266827,0.45905873111882667,0.358,0.309,1,HSC
SH3BP5,0.20237034866283823,-0.5918513355126982,0.133,0.098,1,HSC
EXOSC7,0.20247862024815838,-0.4567297468205154,0.294,0.284,1,HSC
ZC2HC1A,0.20249308221250617,-0.33010022298001906,0.146,0.199,1,HSC
PROSER3,0.20267374293526857,-0.7130375447201424,0.143,0.187,1,HSC
UTP18,0.20270085230201618,-1.142540096375519,0.358,0.422,1,HSC
ERICH1,0.20270351504364573,1.0685002233574112,0.514,0.508,1,HSC
PDZD4,0.2027849455521835,1.2763637950774358,0.01,0.003,1,HSC
PRPF4B,0.20288023756036863,-0.22199042958349668,0.719,0.765,1,HSC
EIF2B2,0.20296561611935043,0.2907038607655157,0.205,0.177,1,HSC
YTHDF1,0.2030381837933174,-0.7429551807556596,0.136,0.177,1,HSC
HOXA5,0.20305220052369877,-1.5960440401990983,0.414,0.468,1,HSC
DTX3,0.20311559869007167,-0.2166405065552131,0.269,0.33,1,HSC
PCF11,0.20339427542235364,1.434131399148943,0.555,0.557,1,HSC
WSCD2,0.20344125827049772,3.599531115563788,0.005,0.015,1,HSC
IFNG,0.20360205115391256,1.2763637950774358,0.01,0.003,1,HSC
ZC3H12C,0.20362807500225263,-0.5013140790680776,0.258,0.303,1,HSC
DPYSL3,0.20363344011848505,-0.41738551276506364,0.22,0.211,1,HSC
YEATS4,0.20363732574134483,-1.2016105474630594,0.348,0.352,1,HSC
TSTD2,0.2037979471113518,-0.5620752524621806,0.261,0.318,1,HSC
MIEN1,0.2038119212758323,0.5159272023153708,0.33,0.275,1,HSC
CAPG,0.20382623364264518,-2.695841273924408,0.604,0.63,1,HSC
MAP3K13,0.20391607950680318,-0.14009294919512832,0.325,0.306,1,HSC
INPP5K,0.20404397060572987,-1.4204962756016632,0.297,0.242,1,HSC
RUSC2,0.20404545846013325,-0.6420720670240629,0.113,0.125,1,HSC
CHMP4C,0.20406412561549672,0.2464836308753866,0.1,0.07,1,HSC
RAB6A,0.20413541991688353,0.22931611671679875,0.568,0.511,1,HSC
MFSD8,0.20416513052703245,0.9645036426929687,0.386,0.443,1,HSC
HMCES,0.20417280975753435,0.2923300225458256,0.309,0.321,1,HSC
CYLD,0.20426791320954144,-0.5292677540919275,0.657,0.606,1,HSC
ZNF14,0.20435725460617077,0.8033217393660491,0.21,0.239,1,HSC
CGAS,0.20435989215056752,1.270359311271839,0.171,0.138,1,HSC
RBP5,0.2044023525053068,2.1335499445908663,0.013,0.003,1,HSC
KCNMB1,0.20456641559540803,0.9107605479083043,0.018,0.012,1,HSC
MMP11,0.20461984672486558,0.6905601933829697,0.038,0.028,1,HSC
ARL2,0.2046224881092413,3.0971274632133863,0.611,0.645,1,HSC
TAF3,0.20467948024185517,0.679364707543133,0.09,0.055,1,HSC
CTXN1,0.2047906338031272,-0.42876405576029986,0.043,0.052,1,HSC
ZC3HC1,0.20485631758907932,-0.1233084905995023,0.261,0.226,1,HSC
CRABP1,0.2049219404709255,1.8719299175696653,0.02,0.006,1,HSC
PSD2,0.20494454659430048,1.248297391538021,0.031,0.012,1,HSC
MOCS3,0.20509346135685744,0.55330097848143045,0.187,0.144,1,HSC
SLU7,0.2051207857365883,0.6744790437322079,0.624,0.602,1,HSC
PTPN2,0.20517882020311715,-0.5210214219270779,0.258,0.278,1,HSC
IK,0.205258094788774,0.7964783296404412,0.639,0.636,1,HSC
SCYL1,0.20527438975540893,0.8126572816531425,0.465,0.453,1,HSC
TPD52L2,0.20527601917273816,-2.210221257013105,0.445,0.517,1,HSC
C16orf74,0.2052852960792036,-0.7649546869041148,0.033,0.043,1,HSC
ANAPC16,0.20529231157606492,0.1917914816256463,0.708,0.749,1,HSC
KIF23,0.20531245871512016,0.7601424267640948,0.031,0.034,1,HSC
APOBEC3G,0.2056236753954368,0.3328309304304743,0.379,0.318,1,HSC
TMEM260,0.2056853684133325,-0.3486972336092586,0.327,0.391,1,HSC
SMIM12,0.20581036994544624,-0.17322292605242484,0.355,0.419,1,HSC
LPCAT4,0.2058797443387523,-0.5191780723520172,0.197,0.242,1,HSC
SGMS1,0.2059009382204193,1.0227585043573824,0.261,0.303,1,HSC
POLA2,0.20597253031240745,-1.1084920491102779,0.187,0.168,1,HSC
CBFA2T2,0.20615020342664772,0.30569056828174135,0.465,0.401,1,HSC
MYCL,0.206246294345019,1.092166963543849,0.015,0.006,1,HSC
C16orf46,0.20650824845800855,-0.5512109400315788,0.1,0.098,1,HSC
LYN,0.20659606628006447,4.909809206866225,0.698,0.731,1,HSC
CCDC93,0.2066823466561062,0.8661487563784216,0.315,0.254,1,HSC
LRRK2,0.20672345172116757,3.622529098270629,0.031,0.018,1,HSC
CSRNP2,0.20676279099620373,-0.18064746467179482,0.166,0.153,1,HSC
MON1B,0.2067649650775617,0.6775686828970557,0.376,0.327,1,HSC
GLA,0.2067709194410298,-0.6088068425350913,0.361,0.309,1,HSC
SLC10A5,0.2070423508940923,-1.372858709101202,0.284,0.278,1,HSC
CNTNAP2,0.20705235787780107,-0.7437577745936514,0.02,0.018,1,HSC
MLF2,0.20712225873168152,-0.6589925997685278,0.772,0.752,1,HSC
FBXL5,0.20736940312642763,0.9311739185955688,0.645,0.706,1,HSC
UBXN11,0.2074508586967417,-0.3455040357164879,0.269,0.327,1,HSC
CTBP2,0.20747039802122852,-0.5019139318378993,0.714,0.761,1,HSC
C1orf122,0.2077507201320109,-0.30484220461144784,0.105,0.092,1,HSC
PBXIP1,0.20783543576003696,2.1567135348246342,0.739,0.694,1,HSC
SKIDA1,0.2078937893161243,1.2763637950774358,0.01,0.003,1,HSC
SBK1,0.20809531069187465,0.41346987093413645,0.056,0.049,1,HSC
IFI35,0.20813977941904171,-0.6434027195929358,0.182,0.217,1,HSC
ZNF33B,0.20821750436497935,-0.1821653155758549,0.386,0.446,1,HSC
CDKL5,0.20846799827900536,-0.40398698227144614,0.066,0.101,1,HSC
TMEM17,0.2085000859927999,0.5853496254873916,0.082,0.052,1,HSC
SRP19,0.20867103601194906,-0.6041511219801894,0.448,0.453,1,HSC
YTHDC1,0.20874691267081597,-0.260047985430349,0.754,0.713,1,HSC
MAMSTR,0.2087541084611607,1.1198005736890986,0.049,0.024,1,HSC
USP1,0.2088289331696757,-4.039080611996473,0.481,0.538,1,HSC
CDK16,0.2090650979371971,0.12163390613473546,0.366,0.422,1,HSC
TK2,0.2091040064741875,-0.9163755295462449,0.171,0.208,1,HSC
ZNF266,0.20910623322088087,0.7414047255501894,0.519,0.505,1,HSC
ZFYVE26,0.20911725237723017,-0.1460527152978548,0.24,0.205,1,HSC
XAF1,0.20930487391706365,2.623622041717619,0.522,0.474,1,HSC
MPV17L,0.20930613541259793,-0.6023998872591172,0.097,0.119,1,HSC
ESYT1,0.2093459382772933,-1.8323658723820948,0.734,0.777,1,HSC
ASB7,0.2093722524533263,0.679791371302098,0.205,0.165,1,HSC
TMX2,0.20949416976079935,-0.5030996447825631,0.57,0.633,1,HSC
REEP2,0.20949448273285529,0.8343431701112527,0.02,0.006,1,HSC
HGS,0.2095126606623271,-0.22646357497871072,0.578,0.645,1,HSC
BMI1,0.20952548483064368,-1.8544312939335734,0.76,0.725,1,HSC
PCBP2,0.20958406267480786,0.3301909662038518,0.343,0.291,1,HSC
ADORA2B,0.2096019250591444,-0.525652353614896,0.049,0.073,1,HSC
TOX4,0.20970792690344686,-0.15086385056870366,0.604,0.578,1,HSC
MS4A1,0.20977330883003317,18.49717614039872,0.051,0.028,1,HSC
ZNF160,0.20978400197002964,1.0063459092255138,0.448,0.379,1,HSC
ESRRA,0.2097890515293258,-0.3813998732177877,0.143,0.141,1,HSC
TRMT11,0.2098704003384164,0.3392517803099937,0.261,0.211,1,HSC
LTB,0.2099381862549449,30.038714067126016,0.302,0.242,1,HSC
MTF2,0.210008977561831,1.0355446653211575,0.583,0.538,1,HSC
STUB1,0.21014624187109038,1.0971349290125607,0.499,0.483,1,HSC
BRME1,0.2103042255474848,-0.3209878609046193,0.008,0.018,1,HSC
SPAG7,0.2103296410786084,-1.7507227786285013,0.598,0.621,1,HSC
C4orf3,0.21035113738874753,-0.7301667935761644,0.852,0.878,1,HSC
AP1S1,0.21040260297214095,0.8143704430428249,0.238,0.205,1,HSC
PRORP,0.21040710174906305,-2.033158753784079,0.332,0.318,1,HSC
VAPA,0.21052541265213137,-0.3547568234733758,0.754,0.783,1,HSC
CASKIN2,0.21058803890682232,0.7161347221371877,0.066,0.04,1,HSC
ZDHHC17,0.21060141216369369,0.5784772705055576,0.486,0.416,1,HSC
SH2D1B,0.21068977624216972,-0.9916534081953963,0.013,0.018,1,HSC
CCDC40,0.21075994979402657,-0.4929764814280517,0.02,0.031,1,HSC
APEX2,0.21081660990007475,0.47051906836149404,0.266,0.211,1,HSC
CADM2,0.2110215518495672,0.7634227255357056,0.015,0.012,1,HSC
CHTOP,0.2110603097626729,2.2110072578392166,0.739,0.697,1,HSC
TRPC4AP,0.2111317115433632,-0.14533196433090323,0.701,0.691,1,HSC
SNRNP70,0.21114816844760742,0.5884054152450111,0.522,0.511,1,HSC
MORC2,0.21132782920223675,-0.14323127640039213,0.355,0.312,1,HSC
TRIM2,0.2113652529295083,0.8945977581980658,0.046,0.028,1,HSC
CD5,0.2115401486600367,5.810800357380809,0.077,0.046,1,HSC
CHKB,0.21155667339653106,0.529141123393558,0.45,0.391,1,HSC
MYH9,0.2115732831510391,-2.1212362392049258,0.762,0.716,1,HSC
NRBF2,0.21178806257074256,-0.6416073417669174,0.202,0.251,1,HSC
DCK,0.2118165692971451,0.18231777215836686,0.765,0.709,1,HSC
SRP9,0.21183676135047727,-2.2432494945867387,0.665,0.722,1,HSC
TMEM104,0.21192705391235367,-0.15287831138383456,0.113,0.092,1,HSC
PKIB,0.21208897404550975,-2.214002413723067,0.005,0.012,1,HSC
NUDT22,0.21228107253124526,0.6778134189563875,0.266,0.232,1,HSC
KBTBD6,0.21229130855432446,0.843997688328535,0.074,0.052,1,HSC
EIF2D,0.2124552979895889,0.43312959950758456,0.678,0.676,1,HSC
STARD4,0.21246039591619226,-0.42188841585193543,0.235,0.284,1,HSC
C19orf81,0.21249665578595167,-0.3209878609046193,0.008,0.018,1,HSC
RTL10,0.212575620145232,0.28618355432164577,0.304,0.266,1,HSC
CAPNS2,0.21274981491085876,1.3740676165894223,0.036,0.015,1,HSC
SCN3A,0.21275141059060038,-6.4825765425368225,0.115,0.089,1,HSC
TSG101,0.21285850475352303,-0.42477501870016354,0.44,0.517,1,HSC
EPHA4,0.21288980173576827,1.2763637950774358,0.01,0.003,1,HSC
DYNLT3,0.21310703381121693,-0.14151649506844743,0.238,0.291,1,HSC
APOL2,0.21314416705147918,2.444644876841151,0.409,0.349,1,HSC
NLRC5,0.21320118783382594,0.1833106607395818,0.32,0.269,1,HSC
PLPPR3,0.21330954173892527,-1.0588811023058446,0.02,0.006,1,HSC
THAP8,0.2133423749191217,-0.3555403470610661,0.038,0.058,1,HSC
BCL3,0.21367417554090284,-0.9437712613268869,0.304,0.257,1,HSC
XBP1,0.2139937994554832,15.06594781974953,0.803,0.835,1,HSC
TMEM59,0.21415456653978424,-0.30541734705903956,0.634,0.645,1,HSC
FUT10,0.21416076428507932,0.411088742029189,0.199,0.208,1,HSC
TNFRSF4,0.21422287759478684,0.19894972767462793,0.046,0.024,1,HSC
FERMT1,0.2146045504917699,-0.2148254872884232,0.023,0.018,1,HSC
FERMT3,0.21463272109438655,0.287819526427036,0.788,0.823,1,HSC
PRELID3A,0.21466368604323868,0.5694285890959335,0.248,0.193,1,HSC
GPS2,0.21479742841069904,-0.5018042886699409,0.381,0.391,1,HSC
NHERF2,0.21487748140094437,1.0630886747935535,0.031,0.015,1,HSC
FAM81B,0.2150276222637111,-2.066101787378946,0.041,0.067,1,HSC
CACUL1,0.21507227428179798,1.4918797859040251,0.43,0.373,1,HSC
CHID1,0.21516965737853433,-0.8702285177965217,0.542,0.495,1,HSC
ZNF772,0.21534725729726104,0.6842485796502504,0.141,0.095,1,HSC
NT5E,0.21536240321531708,-0.16633124581152803,0.01,0.003,1,HSC
CAND2,0.21544791005992375,-0.5525747693607439,0.018,0.018,1,HSC
ERG,0.2155596735632907,-1.8823586679677273,0.696,0.716,1,HSC
ODF3B,0.21584875615141105,-2.383962664057303,0.013,0.031,1,HSC
JAM2,0.21610132476680813,-0.4138696883049352,0.115,0.156,1,HSC
PSMC5,0.21614417910427297,-0.6766729890926202,0.652,0.667,1,HSC
OSM,0.2161917325772502,-0.8734122690970545,0.066,0.086,1,HSC
RGS12,0.21639626411603527,0.24757080443166024,0.171,0.138,1,HSC
MAGT1,0.21648447367004223,-0.4160497976438453,0.468,0.535,1,HSC
CIB1,0.21654917696282003,0.8749746325684459,0.391,0.376,1,HSC
SMIM7,0.21655608907360185,0.6457226148563272,0.373,0.37,1,HSC
XIRP2,0.2165860713419083,0.38720790733655797,0.049,0.043,1,HSC
TMEM220,0.21667979968058487,0.4884474276895574,0.394,0.385,1,HSC
NLK,0.2167051337994234,-0.4535873917152742,0.772,0.795,1,HSC
MAPK9,0.21679798165385392,0.21731989912710747,0.46,0.477,1,HSC
NRCAM,0.21695716244157567,1.9483412278463987,0.01,0.003,1,HSC
SDSL,0.21696177376793227,-0.6536473783801136,0.095,0.141,1,HSC
CFL2,0.2169955147182582,0.5341049418964696,0.246,0.266,1,HSC
PRICKLE3,0.21718009582715803,-0.49571118575318085,0.156,0.18,1,HSC
ANKS6,0.21721065834332406,-0.344931871154601,0.13,0.101,1,HSC
AP5Z1,0.2173336049499772,0.326680845332768,0.394,0.358,1,HSC
PAAF1,0.2175877622491732,-0.3194542551635219,0.302,0.284,1,HSC
VNN2,0.21759650672729627,0.36825070018891637,0.102,0.067,1,HSC
TRMT6,0.21763047183684464,0.21828919345771397,0.161,0.202,1,HSC
NABP1,0.2177125698509907,-0.690551812110065,0.212,0.232,1,HSC
C16orf95,0.2177404544961542,-0.5388910248542684,0.015,0.024,1,HSC
PPP6R1,0.2178694979814682,0.7627077138509195,0.793,0.786,1,HSC
NEK10,0.21798731618505987,-1.9298409760237445,0.02,0.04,1,HSC
CAV1,0.21809263825190991,-1.9742950645728499,0.015,0.028,1,HSC
C3orf14,0.21814979587599845,1.167560747080647,0.043,0.028,1,HSC
COASY,0.2181598523649694,0.2765928126706979,0.391,0.367,1,HSC
ZNF653,0.218196919512523,-0.5520484720541483,0.087,0.113,1,HSC
MAPK8,0.21832660088632536,-0.8871810725065994,0.504,0.557,1,HSC
CNGA4,0.21858847053002872,-1.0853721107982315,0.005,0.012,1,HSC
NOXA1,0.21871104791943016,0.8596780454259356,0.061,0.037,1,HSC
NFU1,0.2187314695668427,-0.2601600634782093,0.427,0.446,1,HSC
MAML2,0.21875865209549408,1.6552012671621517,0.159,0.116,1,HSC
HIGD2A,0.2188670158687557,1.3597505638099356,0.737,0.682,1,HSC
DUSP7,0.21909548840980717,12.719025346005349,0.407,0.385,1,HSC
ARID2,0.2191283551427032,0.4085891650682534,0.611,0.667,1,HSC
PDGFD,0.21913771586541705,-0.5989862633219402,0.179,0.174,1,HSC
EMC3,0.21927367768945133,-0.3666291870544258,0.54,0.566,1,HSC
ATP10A,0.21936393289131603,-4.412299918959483,0.171,0.138,1,HSC
SCCPDH,0.21937673542565897,-0.8257553158979443,0.737,0.771,1,HSC
IL12RB1,0.21938172482469193,1.1849223556794763,0.069,0.058,1,HSC
SLC25A1,0.21959631366124052,0.20863124970891556,0.304,0.245,1,HSC
SLC2A10,0.21971558176199713,-1.4001072923163373,0.077,0.07,1,HSC
PHF1,0.21973229996693294,0.22515759895008935,0.532,0.465,1,HSC
IMPDH1,0.21978190846081574,1.0799614990247504,0.028,0.012,1,HSC
BACH1,0.2200077005292308,-6.942627092254024,0.655,0.682,1,HSC
NAA40,0.2200893363183428,-0.20309352539526293,0.414,0.394,1,HSC
KCNC4,0.22010132434530771,0.7388131374220646,0.105,0.07,1,HSC
FYCO1,0.22014270623303184,-0.20197947823657925,0.194,0.159,1,HSC
INAFM1,0.2201958267839434,-0.8622095426071141,0.123,0.171,1,HSC
TRIP12,0.22027471951234603,0.7873532107105561,0.834,0.869,1,HSC
HYCC1,0.22046300826381027,-0.28173300561746584,0.44,0.443,1,HSC
DGKE,0.2206091636972357,0.39892909874961796,0.199,0.226,1,HSC
AFAP1L1,0.22079961138116233,-1.3642916557656952,0.013,0.018,1,HSC
TTC22,0.2209642791566756,-0.7088706501099122,0.038,0.055,1,HSC
GJC2,0.22100137960472502,-0.7392575131909433,0.046,0.064,1,HSC
CXCL3,0.2210623807847814,-0.3252776064791667,0.023,0.021,1,HSC
DNAL4,0.22123725299726818,0.12900646859608692,0.233,0.193,1,HSC
MYLIP,0.2212755052910511,0.44097741236722576,0.269,0.278,1,HSC
TSPAN2,0.2214358408387146,6.577406930237672,0.588,0.596,1,HSC
PREX1,0.22150863538489773,0.49748781997943237,0.501,0.446,1,HSC
SLC12A4,0.2215367091254077,-0.32098709542051646,0.223,0.26,1,HSC
ALG5,0.22156275374500178,0.36427515729674986,0.289,0.275,1,HSC
DNTTIP2,0.22168719794184671,-0.16108584523035052,0.591,0.636,1,HSC
DNAAF10,0.22172270158898283,-0.11794292989328523,0.312,0.275,1,HSC
SMIM14,0.22189870116609495,0.7754344507383392,0.182,0.193,1,HSC
MYCT1,0.22221593600295328,-1.7114578541825693,0.517,0.554,1,HSC
RAB36,0.22238043502422902,-2.613511103200879,0.015,0.012,1,HSC
POFUT2,0.22243011313371136,-0.669057393094628,0.223,0.19,1,HSC
GABBR1,0.2224659217895166,0.7315473825476403,0.225,0.278,1,HSC
RNF4,0.2225508398716736,-0.16533545664052918,0.54,0.59,1,HSC
UFD1,0.22259573475207162,-0.2527295274840435,0.225,0.254,1,HSC
ZSWIM3,0.22265044842501505,-0.679452742997714,0.082,0.101,1,HSC
JAM3,0.22268503803514264,0.47306562553699294,0.12,0.101,1,HSC
SLC26A6,0.2228884308015179,1.2432034996489978,0.09,0.058,1,HSC
ANO9,0.22292354920493615,0.954559326086069,0.061,0.037,1,HSC
STAB1,0.2229659871586428,1.6351873046680963,0.028,0.012,1,HSC
CCDC62,0.22312978930279648,0.8226686113195538,0.1,0.098,1,HSC
BRAP,0.2231915595075474,0.8547093926460216,0.315,0.287,1,HSC
LRRK1,0.22321927375111597,1.2336869616046735,0.199,0.159,1,HSC
GDAP2,0.22322075560352064,0.3328278825198137,0.422,0.382,1,HSC
WWC2,0.22327167019060729,-1.120436833768251,0.026,0.04,1,HSC
ZDHHC9,0.22327199358853592,-0.4114687870141913,0.148,0.196,1,HSC
DUS1L,0.22335827138499226,-1.62830329680075,0.545,0.581,1,HSC
ZNF423,0.2234383004128194,1.2763637950774358,0.01,0.003,1,HSC
B9D2,0.22355103064650267,1.8445777288567813,0.194,0.245,1,HSC
KLRC3,0.2236191651774348,2.5304832893428046,0.015,0.012,1,HSC
ADIPOR2,0.22366442585272042,-0.5645567000920424,0.322,0.297,1,HSC
FTH1,0.2239290939288186,-1.676978302239327,0.887,0.896,1,HSC
BIK,0.22398222189061912,-1.942558260311663,0.005,0.015,1,HSC
GSTP1,0.22406547182724745,-1.579418188733663,0.529,0.474,1,HSC
ZNF416,0.22408839551295726,0.6506244669392509,0.09,0.061,1,HSC
LFNG,0.22424372460073616,0.32782393387052333,0.069,0.07,1,HSC
ARHGEF6,0.22429005866831486,1.9933930116966394,0.816,0.82,1,HSC
SH2D2A,0.22471501940607194,-0.602626778671929,0.054,0.043,1,HSC
CD24,0.2247415176733766,15.313718906759437,0.015,0.006,1,HSC
PANK3,0.22479325938541855,-1.4050334234698192,0.547,0.612,1,HSC
NUCKS1,0.22499782544057004,-6.964833947347625,0.685,0.737,1,HSC
MXD4,0.22502758008461063,-2.2762218558197542,0.739,0.78,1,HSC
NPTN,0.22512568595578428,-0.649791262464224,0.425,0.391,1,HSC
QPCTL,0.22520550802565184,-0.48603517565663923,0.074,0.107,1,HSC
INTS12,0.22520736226311183,-0.43487126896635053,0.197,0.245,1,HSC
RTN3,0.22528483024445264,-2.3202086427474615,0.857,0.899,1,HSC
DNAJC9,0.225315425212763,-1.38920812043476,0.202,0.214,1,HSC
EZR,0.22548838238994773,-2.059053230441151,0.586,0.554,1,HSC
PTPN11,0.2254917192762895,0.3473241684643832,0.361,0.404,1,HSC
PELI1,0.2255296507344329,0.2687041982833993,0.141,0.141,1,HSC
BACE1,0.225534041465615,0.39110399772526083,0.151,0.11,1,HSC
DHX35,0.22566145552270184,0.4358119821699755,0.171,0.125,1,HSC
ADGRG1,0.22570899047095713,3.2942678201481357,0.629,0.7,1,HSC
KLHL42,0.22574593558514244,-0.16750996649619143,0.271,0.254,1,HSC
KAT5,0.22575898022113447,-0.33845774444978516,0.417,0.48,1,HSC
CD1D,0.22580465468103847,-5.751390653485064,0.005,0.015,1,HSC
MED18,0.2260496667483246,0.26247924031210246,0.256,0.266,1,HSC
CCDC157,0.22608799635733054,-1.942558260311663,0.005,0.015,1,HSC
GATC,0.2263335023933624,-0.33993762218266604,0.22,0.272,1,HSC
TTBK2,0.22647004573170443,-0.32642288383739876,0.269,0.3,1,HSC
GRINA,0.2264911758368436,-2.7388358144966825,0.67,0.685,1,HSC
CFAP418,0.22651572470194326,0.7738658491919956,0.095,0.07,1,HSC
FCHO1,0.22655917246338622,0.4848405465528125,0.317,0.339,1,HSC
CD53,0.22659999933676442,2.0374220421657547,0.841,0.841,1,HSC
RRP9,0.2266135639492209,-0.34066523169383656,0.215,0.205,1,HSC
MSRA,0.22664822560967252,0.1778402546088096,0.386,0.33,1,HSC
KDM1B,0.22666457775953355,-0.34691862817632724,0.458,0.407,1,HSC
DYNLT2B,0.22669380001687517,-0.6688851066259832,0.258,0.269,1,HSC
SLC12A2,0.22687339059653636,-0.9092327395904055,0.279,0.26,1,HSC
REL,0.22688791634437977,1.1684956331270562,0.609,0.575,1,HSC
PFN4,0.22695954645883976,-1.942558260311663,0.005,0.015,1,HSC
VSIG8,0.22702226082851515,1.2763637950774358,0.01,0.003,1,HSC
CPEB3,0.22716034357764084,0.36325054618571784,0.087,0.061,1,HSC
TNFAIP6,0.22720282685948343,1.9483412278463987,0.01,0.003,1,HSC
NECAB3,0.22727075022950055,0.36396957333774216,0.102,0.092,1,HSC
ACBD7,0.22731951176781304,0.9296001785564956,0.043,0.024,1,HSC
RNASEK,0.22736586432114153,-0.9509294275599185,0.68,0.624,1,HSC
NR2F6,0.22742227563969636,0.5565076709512009,0.146,0.11,1,HSC
SLC16A14,0.2274804151188032,-0.31687541863883917,0.033,0.058,1,HSC
NSDHL,0.227726232903125,-0.554386915318582,0.228,0.272,1,HSC
DCAF10,0.22786405055092787,-0.7028886453935362,0.373,0.434,1,HSC
CLN3,0.22803234469606504,0.5076821457915788,0.366,0.343,1,HSC
IQCK,0.22805300519217273,1.2881688658614991,0.033,0.015,1,HSC
LYSET,0.22823121931535686,-2.1081416642551227,0.24,0.232,1,HSC
ST6GALNAC3,0.2282436651828296,1.0363242377108337,0.008,0.015,1,HSC
P3H1,0.22853531036129585,-0.7048642477863468,0.228,0.287,1,HSC
MAP1A,0.22873646488149435,-3.3418447997795107,0.279,0.291,1,HSC
STARD7,0.22876471708570215,-0.29099525895230705,0.292,0.281,1,HSC
VPS36,0.22896407794890627,-0.22514532156204492,0.734,0.67,1,HSC
C1orf198,0.22915112470111554,-0.8188594790914097,0.092,0.119,1,HSC
DMGDH,0.22918964043554851,1.2763637950774358,0.01,0.003,1,HSC
BEND4,0.2292052830657168,0.14671315567444665,0.228,0.284,1,HSC
SLC31A2,0.2293416242206245,-0.15522631266943687,0.049,0.061,1,HSC
CASS4,0.2293772869877403,0.41823849997512985,0.072,0.076,1,HSC
FGD6,0.22939233467005912,-0.4758053490308729,0.02,0.04,1,HSC
CTNNB1,0.2294198588462284,-0.16287219575386747,0.448,0.523,1,HSC
C2CD2L,0.2294393120181199,-0.5293480314831831,0.092,0.083,1,HSC
COA3,0.22951035202934897,0.21360938757472592,0.335,0.391,1,HSC
GET3,0.22963277916824892,-0.39889132423062734,0.381,0.339,1,HSC
NDUFA6,0.22969419754094667,-0.3033786854426431,0.233,0.281,1,HSC
EBAG9,0.22977640816764422,0.10959426455513865,0.353,0.382,1,HSC
FLAD1,0.22980080710735482,0.4904952110242253,0.276,0.239,1,HSC
CMTR1,0.2298439227673339,0.730305998649964,0.473,0.425,1,HSC
CEACAM1,0.22988425283126476,-2.3512632025927367,0.005,0.015,1,HSC
RAG1,0.2299027990564449,9.736137287793202,0.026,0.037,1,HSC
CD7,0.22991255607513245,-0.8086205933298167,0.11,0.083,1,HSC
TMEM164,0.2299871440734514,-13.465797906708186,0.483,0.526,1,HSC
PABIR3,0.23002525633889317,0.14103454147855077,0.258,0.214,1,HSC
FBXL16,0.23004580128647537,1.2659747167286266,0.018,0.009,1,HSC
FAM78A,0.23030582621458973,-0.980909024780733,0.481,0.419,1,HSC
PKP4,0.2304647040567024,-0.6778301928797359,0.097,0.128,1,HSC
FAM120C,0.23049220700897827,-0.4051111096744248,0.248,0.297,1,HSC
TDRKH,0.23049884738983617,-1.9584935737449713,0.11,0.08,1,HSC
C19orf25,0.23056680500025037,0.28355757255485736,0.299,0.242,1,HSC
SCUBE1,0.23060852310745983,1.7382546868972666,0.018,0.006,1,HSC
APOBEC3C,0.2307072291892977,0.8494690080186929,0.639,0.642,1,HSC
GARIN5A,0.23077180769946665,2.076141840434924,0.018,0.006,1,HSC
RIN3,0.23078520609815373,1.5808450211312888,0.88,0.899,1,HSC
WEE1,0.23098860071942617,-4.731487837948079,0.396,0.398,1,HSC
CHORDC1,0.231017681505643,0.39777778586935714,0.338,0.3,1,HSC
UQCC1,0.23108411401690232,0.4114711696283144,0.494,0.45,1,HSC
MPO,0.23127861705946617,182.96439222108907,0.049,0.034,1,HSC
HECTD4,0.23131694859854032,-0.2569421603869262,0.496,0.465,1,HSC
ITGB3BP,0.23133920835788022,-0.17516535141165057,0.322,0.275,1,HSC
LRRC47,0.23136897549094823,0.12773824711195414,0.432,0.498,1,HSC
GFI1B,0.23139109261564236,-0.5350298917830496,0.125,0.165,1,HSC
C2orf76,0.23141728327744412,0.43205680168184923,0.215,0.19,1,HSC
NHSL1,0.23142017032166817,-0.6595525023357718,0.028,0.037,1,HSC
CCDC169,0.23143717886126963,-0.44944788813044667,0.084,0.092,1,HSC
DIAPH2,0.23147043094793138,0.16697983114362538,0.286,0.254,1,HSC
DDAH1,0.2315249749891379,-1.795290231818024,0.01,0.031,1,HSC
EPC2,0.23163737564737955,-0.2600644898634985,0.619,0.593,1,HSC
RASGRF2,0.23165271270477578,2.9307147003924854,0.028,0.012,1,HSC
IFRD1,0.23166419217527648,-0.401109022198451,0.409,0.462,1,HSC
VPS26C,0.23167833149413458,-0.11579276159450086,0.304,0.349,1,HSC
LIN54,0.23180303002140148,-0.29216792676763254,0.212,0.266,1,HSC
OAS3,0.23187937466244343,-3.7773239978395727,0.153,0.125,1,HSC
KBTBD2,0.2319540536949739,-0.48076397919423686,0.463,0.52,1,HSC
SAMSN1,0.2319672877803862,-0.48477997364831193,0.312,0.358,1,HSC
LARS2,0.2319712132853806,0.45583068229263424,0.215,0.22,1,HSC
TBC1D1,0.23197815053628457,0.4143243864696642,0.199,0.162,1,HSC
PLIN2,0.23200034027902247,-1.2779483447963145,0.056,0.076,1,HSC
TNFAIP8,0.23221803240265593,-3.6778656614439855,0.621,0.661,1,HSC
SLC9B1,0.23227762598587376,-1.073166646279133,0.015,0.034,1,HSC
ZNF335,0.2325528385522442,0.664673268762811,0.13,0.116,1,HSC
PODXL,0.2326366013165232,1.1616893788768738,0.023,0.009,1,HSC
SCD,0.23269500664915566,2.743755083906088,0.391,0.468,1,HSC
SAT2,0.23269986040073345,0.10199382672559898,0.391,0.431,1,HSC
INCENP,0.23271914454693615,-0.8315284232867056,0.199,0.226,1,HSC
PIGH,0.2327507109778763,-0.16375266761027432,0.276,0.22,1,HSC
TRMT10A,0.23284042202127878,-0.14707801200247372,0.069,0.095,1,HSC
PBX4,0.2329308687285412,1.3164110684796402,0.061,0.037,1,HSC
PROSER1,0.23300720131827385,0.4527533161437596,0.422,0.388,1,HSC
ZMYND10,0.23326408937768053,7.990548930953555,0.038,0.021,1,HSC
ANXA5,0.2332760338897795,4.210485676588518,0.35,0.382,1,HSC
FURIN,0.2333036436401701,-1.4847329619969853,0.376,0.428,1,HSC
MYL12B,0.23333493584869294,0.8198352976364713,0.082,0.049,1,HSC
RPAP1,0.2334731966370999,-0.7811289641441042,0.253,0.254,1,HSC
ZFAND5,0.2334979994389873,-0.3012625370321764,0.153,0.199,1,HSC
PDS5B,0.23362325464166211,0.5682721275901221,0.555,0.59,1,HSC
ZNF572,0.23372694893947613,0.47911595772964555,0.084,0.073,1,HSC
PDLIM7,0.2338752502134209,0.3777489369877567,0.097,0.101,1,HSC
SLC66A2,0.23389650522313016,-0.5901161953651741,0.297,0.336,1,HSC
EPN1,0.23412912453425958,0.1755214488029433,0.297,0.239,1,HSC
PLSCR3,0.23414363269738686,0.11486093588645863,0.338,0.287,1,HSC
FAM210A,0.23417691367070387,-0.38014998402632716,0.248,0.205,1,HSC
ATPSCKMT,0.23431405741679037,-0.3767556262324658,0.276,0.269,1,HSC
CCDC126,0.23432245743117067,0.12871192293665024,0.113,0.128,1,HSC
USP53,0.23433692453743768,-0.35520496220887016,0.176,0.223,1,HSC
CHMP4B,0.23454267402537704,-0.5727131243042483,0.565,0.538,1,HSC
TMEM42,0.23455716198280493,-0.6125928042839274,0.225,0.278,1,HSC
RTCB,0.2347141819949573,-0.20855229669616326,0.494,0.55,1,HSC
KLC2,0.23475335417158932,-0.8242212743626645,0.077,0.113,1,HSC
FAM168A,0.23486518008485519,-0.9719343887709622,0.445,0.474,1,HSC
GPR171,0.23486845032835627,1.6880007140890485,0.031,0.012,1,HSC
UROS,0.23490010652211216,-1.8232809072990208,0.473,0.486,1,HSC
PPHLN1,0.23493531118687788,0.37704452559891255,0.808,0.758,1,HSC
TCAF1,0.23493543673730027,-0.683716536729172,0.45,0.468,1,HSC
GPC2,0.234949123552007,-0.8420734935028522,0.164,0.214,1,HSC
PDGFC,0.23514190850150674,-0.3811248055936484,0.363,0.352,1,HSC
WRN,0.23533193162573643,-0.8073983698351259,0.368,0.428,1,HSC
SOCS1,0.23567104834936844,-0.2209585772995708,0.049,0.04,1,HSC
EEF2KMT,0.23575179303613822,-1.073166646279133,0.015,0.034,1,HSC
RBIS,0.23575235404273223,0.22949003686410674,0.205,0.242,1,HSC
RORA,0.23579093990219704,-14.500336001496088,0.079,0.064,1,HSC
PIK3C3,0.23579318073421163,-0.13547000245641772,0.476,0.431,1,HSC
SLC25A51,0.23582448376133813,0.4340517787750924,0.217,0.214,1,HSC
RASA3,0.23588568394956896,0.24914060583006048,0.348,0.398,1,HSC
FAM76B,0.23591292798914448,0.6437178060214355,0.384,0.416,1,HSC
DLK1,0.23594913398237038,3.02474816505406,0.023,0.006,1,HSC
VPS37A,0.23605962665363642,0.4221828748904605,0.419,0.394,1,HSC
C1orf53,0.23606762583784618,1.092166963543849,0.015,0.006,1,HSC
ELP4,0.23609206204153876,0.6871425541219498,0.251,0.229,1,HSC
SPATC1,0.23611749141024044,1.2763637950774358,0.01,0.003,1,HSC
ATG3,0.23612754632321767,0.13286241727838366,0.465,0.471,1,HSC
LRRC69,0.2363620259592599,-0.29189023098265876,0.038,0.031,1,HSC
AQP11,0.23666028704356484,-1.764403645064501,0.01,0.021,1,HSC
CELF1,0.2368450531864267,-0.19697818650381738,0.739,0.676,1,HSC
NFAT5,0.23684979637120707,-0.6307359981948144,0.621,0.618,1,HSC
SDF2,0.23685746495099663,0.12404179840082696,0.276,0.22,1,HSC
PAIP2B,0.2368769016975319,0.6794758527220748,0.212,0.193,1,HSC
IGSF8,0.23695251777040754,0.1705670850258637,0.261,0.306,1,HSC
MYBL1,0.23703463381149784,2.377004660096632,0.051,0.028,1,HSC
DYNC2I2,0.23708017974348153,-0.5646691683116223,0.13,0.174,1,HSC
C2CD3,0.23722471029138342,0.23339597242107293,0.276,0.309,1,HSC
NDUFB9,0.23742779247762877,-0.8705945053592652,0.719,0.682,1,HSC
FDX1,0.2374830253876136,2.225561830078222,0.327,0.361,1,HSC
TAB3,0.23748585361787428,-0.36653897641092553,0.297,0.343,1,HSC
NINL,0.2376144199912196,-0.8302581416698329,0.013,0.015,1,HSC
ZNF250,0.2376617786346087,-0.8311146811333504,0.12,0.171,1,HSC
PORCN,0.23767017552650063,-0.4153496157277885,0.169,0.159,1,HSC
CENPS,0.23777790995900056,-0.5597644382616218,0.105,0.083,1,HSC
NUSAP1,0.23780826167862343,-13.489609829777477,0.115,0.156,1,HSC
POLR1G,0.23784961275510125,0.35703335187145435,0.046,0.07,1,HSC
TUBB2A,0.23792915710959273,-1.1014599548355979,0.015,0.018,1,HSC
NAT14,0.2382823938144757,-0.20708542242942363,0.199,0.165,1,HSC
ACVR1B,0.2382927778542888,0.15434277146481823,0.143,0.138,1,HSC
FBXL3,0.23841747186291254,0.3758144690834877,0.744,0.697,1,HSC
LYPLAL1,0.2384420264770048,-0.15775997294871535,0.409,0.416,1,HSC
ARHGEF19,0.23844283181751227,-0.7028782255176447,0.051,0.067,1,HSC
NTNG2,0.2385859655653782,-0.23060058609967726,0.146,0.144,1,HSC
ZYX,0.2385988544026491,-0.6911550853005348,0.568,0.511,1,HSC
KSR1,0.23873174710573922,-0.19184564488609357,0.386,0.352,1,HSC
CASTOR2,0.2387453676491548,0.14285952007720915,0.184,0.208,1,HSC
KLHL3,0.2387779197288278,0.3451267439650738,0.138,0.095,1,HSC
SLC35A3,0.23878846079588115,0.14497980984086745,0.568,0.514,1,HSC
SEPTIN5,0.23899237035386656,3.8530477350119074,0.501,0.572,1,HSC
SPRY1,0.23904468842937898,2.6914118971912258,0.202,0.245,1,HSC
PELO,0.23908408886891006,-0.6768790919131599,0.187,0.217,1,HSC
TBC1D23,0.2391638146473414,-0.12600635727551504,0.335,0.306,1,HSC
MTREX,0.23919754535129725,-0.49868475780490207,0.514,0.55,1,HSC
COL14A1,0.23922788951623633,-1.9705805478258993,0.01,0.028,1,HSC
HAUS4,0.23929555586923001,-1.7209622563243105,0.414,0.401,1,HSC
SSR3,0.2393297903123593,-4.297677806874677,0.604,0.599,1,HSC
DNAJB14,0.23948213048313063,0.47500070255403115,0.373,0.376,1,HSC
TLCD3A,0.2395032446614337,0.7385903197973946,0.095,0.064,1,HSC
PRPF38B,0.23963780831688464,1.5278693665042633,0.77,0.731,1,HSC
MRFAP1L1,0.23964471442298138,0.3592923636027451,0.373,0.398,1,HSC
THOC2,0.2396557060247859,-0.3073013487152001,0.547,0.581,1,HSC
CHRFAM7A,0.23970891808359196,-1.0853721107982315,0.005,0.012,1,HSC
GSK3A,0.23979622767199235,0.5864104593303361,0.46,0.498,1,HSC
BATF,0.23982845283650234,0.7638791885403382,0.1,0.107,1,HSC
EIF4EBP1,0.23991094835172413,-0.5119346357727922,0.327,0.346,1,HSC
CBX4,0.24006016151991014,-0.47400184664719136,0.432,0.41,1,HSC
EIF4A3,0.24007086011944537,0.1157277772413523,0.56,0.593,1,HSC
VTI1B,0.24029939410083925,0.6556072487186477,0.494,0.544,1,HSC
CDR2L,0.24055780255159595,-0.4912403998652186,0.01,0.024,1,HSC
PAWR,0.24057175899162084,0.2280212038650895,0.44,0.398,1,HSC
HNRNPC,0.24060069046932792,-0.9958146303313731,0.844,0.807,1,HSC
FKBP10,0.24062306730675517,-2.263017869864392,0.013,0.028,1,HSC
CERS2,0.24064142571567443,-0.6031947839448808,0.87,0.847,1,HSC
AKIP1,0.24068965480376392,1.5184302639846683,0.253,0.242,1,HSC
RXRA,0.24080856376486934,0.2886064475224319,0.299,0.26,1,HSC
CHST2,0.24092673003194867,-0.38128189355399345,0.046,0.07,1,HSC
EXOC6,0.24095184927275815,-0.9514180450993619,0.624,0.673,1,HSC
GPR157,0.24095620732491368,0.6244498800378211,0.031,0.015,1,HSC
SIDT1,0.24096709072123426,0.4499325999415049,0.123,0.11,1,HSC
TRIM45,0.24097307173923677,-0.5301003930098895,0.113,0.15,1,HSC
UQCR11,0.2409915178142614,1.3327283388386952,0.414,0.41,1,HSC
JADE2,0.24103780744395756,0.615157117921238,0.281,0.254,1,HSC
ARID5B,0.2413488231831326,1.6581020908337072,0.425,0.456,1,HSC
FRMD8,0.2415909562694789,-0.4073046082140772,0.015,0.012,1,HSC
BCKDK,0.2417707736246395,0.3628405177267586,0.425,0.373,1,HSC
FLOT1,0.2418050777404898,-0.25305832946071205,0.394,0.333,1,HSC
PCBP4,0.24190302661275134,-0.2578779718092701,0.018,0.021,1,HSC
CRTC3,0.2419675432142329,-0.7191068437438193,0.235,0.278,1,HSC
CLCN5,0.2419686666193715,0.9057325734734327,0.077,0.055,1,HSC
ABAT,0.24211029235453185,-0.5118913263512327,0.141,0.202,1,HSC
TRA2A,0.24218976431641318,-0.4373021868511726,0.739,0.746,1,HSC
MAP3K4,0.24225149138739485,0.18518267391751464,0.519,0.581,1,HSC
DDX51,0.24227185676879867,0.46634006413362683,0.159,0.15,1,HSC
CHAC2,0.24237739816168274,0.2762839881527639,0.043,0.024,1,HSC
SNED1,0.24250853664063907,0.7732532221517809,0.049,0.028,1,HSC
INTS11,0.24262601219370986,-0.2311869050586406,0.588,0.529,1,HSC
SLC37A2,0.24268263003309298,-1.609026286700491,0.01,0.003,1,HSC
POLD1,0.24270770830654112,-2.379872195572593,0.179,0.202,1,HSC
GMNN,0.24270804418593542,-1.81764771834137,0.164,0.159,1,HSC
SPOP,0.24273129488364845,-0.16450566979660963,0.494,0.437,1,HSC
ZFX,0.24283247497203694,0.3721548954189711,0.366,0.318,1,HSC
EPB41L3,0.2428538702150377,0.512607897260283,0.056,0.037,1,HSC
REC8,0.2429863668620785,2.087912894740697,0.68,0.731,1,HSC
PARS2,0.24313108825254404,-0.45188869583932867,0.066,0.095,1,HSC
GRHPR,0.24316368276056655,-0.25770749581882324,0.581,0.633,1,HSC
KANSL2,0.24327441508581216,0.6316357127343281,0.325,0.312,1,HSC
CCDC51,0.24341661827581046,0.4355430132441951,0.107,0.08,1,HSC
ERO1A,0.2434383457641877,1.0623955228919724,0.494,0.495,1,HSC
ZNF471,0.24356721575747378,0.6267736842538585,0.069,0.058,1,HSC
RBBP6,0.24358633520885303,-1.1341894009867226,0.708,0.761,1,HSC
SLC25A28,0.24360975948478253,-0.5086902329492724,0.465,0.498,1,HSC
TFPT,0.2436103278315697,0.20802796200506563,0.235,0.19,1,HSC
TRPM4,0.24367496649827206,1.2763637950774358,0.01,0.003,1,HSC
PLEKHJ1,0.2439842558500949,0.3722948446097003,0.161,0.156,1,HSC
ADCY9,0.24435742931807702,-0.7810909230931529,0.038,0.07,1,HSC
SLC2A3,0.24460609380227616,1.1056460951603004,0.102,0.07,1,HSC
HAUS5,0.24467268750339785,0.7499131712565686,0.251,0.235,1,HSC
ZNF385C,0.24499050936967928,1.3890808561249885,0.033,0.018,1,HSC
ATP6V1G1,0.24515565595427818,-0.36959382770649674,0.655,0.682,1,HSC
PAQR3,0.24515570337269912,-0.5067153431215032,0.276,0.333,1,HSC
POLRMT,0.2451741772693964,-1.135642936993749,0.008,0.018,1,HSC
PLPP7,0.24522778178328547,-1.1806391097177622,0.013,0.031,1,HSC
ZNF511,0.24534177438242671,-0.3829655180513962,0.23,0.232,1,HSC
TPCN1,0.24540790070551988,-0.810815812090194,0.182,0.226,1,HSC
AR,0.24541992636441703,1.1029875692365145,0.038,0.021,1,HSC
TEX264,0.2455029616134268,-0.4680697532731574,0.24,0.263,1,HSC
PLS1,0.2456398194643376,0.6970869914469935,0.084,0.052,1,HSC
TCF3,0.24568406705593404,-0.40539388299259604,0.524,0.575,1,HSC
CRYL1,0.24572827448833323,-0.33679250686209805,0.292,0.281,1,HSC
CALR,0.24583306410314965,18.308183416447868,0.675,0.63,1,HSC
JUNB,0.24591149159873346,1.108696605585589,0.537,0.529,1,HSC
HDDC2,0.24596161991739487,-0.7031991752063204,0.325,0.33,1,HSC
RAC3,0.24598949599956402,-0.5477054714977505,0.143,0.171,1,HSC
TIGD5,0.24606138947675493,0.5114262971906511,0.205,0.18,1,HSC
KHSRP,0.24618406851802294,-1.2635673955962026,0.627,0.627,1,HSC
KBTBD12,0.24646287505370584,1.2763637950774358,0.01,0.003,1,HSC
SCARF1,0.24648176771360772,-0.38628446366070746,0.304,0.269,1,HSC
ZNHIT6,0.2464968525822628,-0.45619733085931835,0.504,0.505,1,HSC
ZSCAN29,0.24658597660390197,0.7001038840177751,0.256,0.22,1,HSC
NEURL4,0.2469197605958006,0.47561412060524877,0.189,0.147,1,HSC
SOSTDC1,0.24693750813248316,-1.0853721107982315,0.005,0.012,1,HSC
NCS1,0.24696212841262247,1.2763637950774358,0.01,0.003,1,HSC
ATP5IF1,0.24719408814959934,-0.19571871708074262,0.537,0.572,1,HSC
SLC49A3,0.24737037617045518,0.634325916434535,0.051,0.024,1,HSC
RNF114,0.24764642743282095,0.5447929390149582,0.568,0.547,1,HSC
P4HB,0.24765354807063117,-0.3085585892902194,0.074,0.067,1,HSC
ELN,0.2477571587346427,1.4730471800850613,0.049,0.031,1,HSC
SLC35C2,0.24809696251870583,-0.6324767274045232,0.391,0.404,1,HSC
STEAP3,0.24813125196930896,-0.2058730533100639,0.033,0.058,1,HSC
SDF2L1,0.24820101055274044,3.90052444784309,0.228,0.199,1,HSC
NHEJ1,0.24828020280500185,1.2070754041768348,0.371,0.318,1,HSC
CXorf65,0.24841007343500568,0.43505860948029307,0.09,0.061,1,HSC
TRIM3,0.24857315231351412,0.7566769478451107,0.113,0.08,1,HSC
PIK3R5,0.24862267106019098,0.14812339751300252,0.189,0.15,1,HSC
OR52N2,0.24863077910573056,-0.9846980895647262,0.013,0.015,1,HSC
TEFM,0.24868729337455187,0.6309406501842216,0.276,0.251,1,HSC
IFT172,0.248850701399765,-0.5101721583875454,0.437,0.456,1,HSC
NFE2L3,0.24895077572047858,-0.4354036871799013,0.179,0.168,1,HSC
EIF2A,0.24919761025224157,-0.9016328120721901,0.885,0.905,1,HSC
MTIF2,0.24923620430326707,-1.1147378667819812,0.453,0.508,1,HSC
DGLUCY,0.24934003500018842,-0.40312322376108156,0.458,0.44,1,HSC
HNRNPA2B1,0.24939137419304733,-13.114879749627402,0.992,0.982,1,HSC
LURAP1L,0.24940726702438248,0.8544221468325608,0.013,0.006,1,HSC
SPIN2B,0.24951070005309378,-0.36907776208152443,0.059,0.046,1,HSC
CSF2RB,0.24957803496398787,-14.648160724087194,0.396,0.434,1,HSC
CUTC,0.24964528104098188,0.107793125969186,0.417,0.471,1,HSC
TMEM72,0.24969164913834085,-0.3937684786236253,0.033,0.055,1,HSC
GMEB2,0.2497454385219867,-0.2302644396219803,0.169,0.208,1,HSC
RNF146,0.2497792363729699,0.38895647672815503,0.299,0.239,1,HSC
TMEM200A,0.24983212311620043,0.14014258735652696,0.031,0.031,1,HSC
GNPDA1,0.2498882226422906,1.3622444645839473,0.046,0.028,1,HSC
OLFM3,0.2499865866979052,-1.942558260311663,0.005,0.015,1,HSC
STMN1,0.2500638138591404,-6.883524546094056,0.693,0.734,1,HSC
TYK2,0.2502205349974864,-0.48633694365191604,0.514,0.55,1,HSC
MFSD6L,0.25033338221025325,0.44434014849571524,0.043,0.024,1,HSC
KLHL2,0.25043952054815155,0.6902038605366506,0.176,0.131,1,HSC
SUMF1,0.25050435926948456,0.2575979627021229,0.248,0.193,1,HSC
RTTN,0.25056772816133555,-0.5837391826267566,0.097,0.125,1,HSC
SYNGR1,0.25062024064478866,0.1722561440974867,0.286,0.235,1,HSC
HIVEP3,0.25076590090996403,0.7936182200342148,0.118,0.086,1,HSC
PSMB10,0.2508585507763935,-2.474637809924018,0.639,0.578,1,HSC
RESF1,0.2508858251421295,-0.23469143573163986,0.729,0.682,1,HSC
CDC5L,0.2509417005834361,2.3383238083945477,0.729,0.676,1,HSC
ACIN1,0.25103685407937826,0.4358157073800799,0.483,0.465,1,HSC
ADD2,0.25140894613897047,-2.6193513727953923,0.008,0.015,1,HSC
SNX5,0.25142272116596726,2.272888658916729,0.731,0.676,1,HSC
COQ3,0.2514534192962775,0.8196537611526966,0.09,0.061,1,HSC
WDR76,0.25159065847532497,-11.92273069158393,0.184,0.205,1,HSC
ADCY2,0.2518785632980061,1.5219828068266281,0.023,0.009,1,HSC
EXT2,0.251882704386166,0.2633292698155863,0.325,0.343,1,HSC
AGO2,0.25202623336603724,-0.2267771812421997,0.598,0.56,1,HSC
GALK1,0.2520589751535197,-1.8691682802088996,0.182,0.193,1,HSC
PSME3IP1,0.2521558071793769,0.3275692320694015,0.379,0.327,1,HSC
TRPS1,0.252204585789279,-0.5672494658393079,0.394,0.437,1,HSC
ATP5MC3,0.25228646768998164,-1.0969389884595993,0.642,0.587,1,HSC
RILPL2,0.2524755764345892,0.5476535287519595,0.568,0.55,1,HSC
ZFP3,0.2524890870460695,0.3906312109122464,0.246,0.193,1,HSC
ZSWIM5,0.25254638018383735,1.7596589964016713,0.046,0.028,1,HSC
SSBP2,0.25259352588487427,-2.1411275357030535,0.734,0.688,1,HSC
TSC22D2,0.2526620541383477,-0.4053755907101786,0.442,0.505,1,HSC
CLASP1,0.25284646126308885,0.43165607997119865,0.396,0.41,1,HSC
PRX,0.25291267411652374,0.8897155042977816,0.036,0.018,1,HSC
LRP1,0.25296886905263166,-1.6366911308364402,0.031,0.043,1,HSC
SDHAF3,0.2530008175990781,-0.26755780096925547,0.279,0.287,1,HSC
SLC37A3,0.25300466730030013,1.6162163090289612,0.248,0.226,1,HSC
UVSSA,0.2533753834513097,0.3169594239539232,0.225,0.174,1,HSC
KRT8,0.2534133292844008,-0.47769516101136844,0.064,0.095,1,HSC
MYH3,0.2534276696866457,0.7630721256502406,0.079,0.058,1,HSC
LENG1,0.25349512139144814,0.4324849719066117,0.169,0.141,1,HSC
TIMM44,0.25350048605965325,-0.2930420484239618,0.263,0.315,1,HSC
FBL,0.2536130356245317,-1.025407317379944,0.852,0.841,1,HSC
ZSCAN18,0.2541215218004543,0.5649950643055766,0.432,0.443,1,HSC
MTMR12,0.2542515167118789,0.24482172395692559,0.391,0.33,1,HSC
LRRC42,0.2542913334373411,-0.563263945442022,0.169,0.211,1,HSC
AGER,0.2545297866540649,-0.1950897041489753,0.223,0.196,1,HSC
TMEM167A,0.25463422417044584,-1.6889191762484832,0.688,0.703,1,HSC
STRADA,0.25472883451768863,0.4561836272338682,0.34,0.388,1,HSC
CYCS,0.25477464545318773,-0.6046743291127165,0.338,0.394,1,HSC
HERPUD1,0.25481757526521376,1.2364670480812168,0.228,0.183,1,HSC
ZCCHC24,0.2548584486061037,-0.5406949379028974,0.02,0.043,1,HSC
TRIM59,0.2549914783996351,-0.5628097215884854,0.299,0.303,1,HSC
SLCO3A1,0.2550006603494541,0.5435819546731896,0.156,0.141,1,HSC
EIPR1,0.2551050053166213,0.46046179053608227,0.322,0.336,1,HSC
RBM3,0.2552034988666672,0.2495437377798786,0.32,0.349,1,HSC
CFAP97,0.25524218610316807,0.15763653555266233,0.442,0.407,1,HSC
ACACA,0.25548799168275216,-0.28241118588873215,0.345,0.388,1,HSC
CNR2,0.25552678843774107,1.4355033196621787,0.059,0.04,1,HSC
DCP1B,0.25556048944363385,0.7335259887859141,0.332,0.278,1,HSC
FAM98B,0.25573905526765306,-0.7362511860881882,0.683,0.722,1,HSC
RECQL5,0.25577433407922884,0.28770853044787975,0.379,0.358,1,HSC
TINF2,0.2558161504563911,-0.21211036907521197,0.463,0.425,1,HSC
BDH1,0.25584693896933886,-1.0561115567612696,0.141,0.168,1,HSC
USP33,0.25605418456779505,0.728871659349116,0.729,0.728,1,HSC
USP13,0.25606974321244014,-0.6228210037198443,0.143,0.171,1,HSC
MTA3,0.25641093064701603,-0.20232212294533403,0.077,0.061,1,HSC
EID3,0.25644967669589536,-0.41531289594740795,0.051,0.07,1,HSC
INO80C,0.256483733808319,-3.1854369964413167,0.473,0.529,1,HSC
LMBR1,0.25649248106800565,0.14183128543240575,0.432,0.462,1,HSC
PHF11,0.2565711437347004,0.37094823161303836,0.568,0.517,1,HSC
FAM181B,0.2566345525281385,-1.0374251740222231,0.013,0.028,1,HSC
WDTC1,0.25670357650454273,-0.19762437482154072,0.716,0.673,1,HSC
BLTP1,0.25675952015018144,0.6866362903228531,0.535,0.563,1,HSC
ROMO1,0.25683938623435815,0.6050040595909718,0.56,0.532,1,HSC
TMCC3,0.25687661253984484,1.092166963543849,0.015,0.006,1,HSC
MYL6B,0.25703422597936487,0.847697826971527,0.621,0.609,1,HSC
THOP1,0.25724350938584134,0.9758912412185258,0.263,0.226,1,HSC
ASS1,0.2573352097121271,0.23552764743216592,0.125,0.122,1,HSC
SMIM20,0.2574155600475458,-0.6762728560989762,0.335,0.352,1,HSC
TTLL7,0.25747429340910577,0.21406735122804577,0.074,0.076,1,HSC
ARL14EP,0.2574808907674792,-0.6880331559542827,0.524,0.505,1,HSC
RDH10,0.2575126129292545,0.6962419268555129,0.041,0.049,1,HSC
PARP16,0.2575252110091104,0.39033438123064856,0.371,0.318,1,HSC
EEF1G,0.25752809188611103,-15.93476546460095,0.992,1,1,HSC
CLTRN,0.25763560401722935,0.3882097515441476,0.018,0.018,1,HSC
MEA1,0.25764050061141036,-0.22331474737696774,0.332,0.394,1,HSC
ENTR1,0.25767477392256644,0.4141103366900206,0.363,0.349,1,HSC
SMIM38,0.25771918812025185,-1.2727394354538681,0.015,0.031,1,HSC
IGBP1,0.25800794210970046,0.4708035211128525,0.78,0.829,1,HSC
AP1S3,0.2580292672612694,-1.1998148712485697,0.056,0.089,1,HSC
GPD1L,0.2580562222254038,0.7576344973845681,0.133,0.116,1,HSC
ZNF596,0.2580695194602534,-0.8779213145512457,0.046,0.073,1,HSC
ITGA7,0.2582331148690014,-0.6052809914930504,0.013,0.024,1,HSC
SERPINE2,0.2583289961059592,-0.5200159306181837,0.302,0.355,1,HSC
SERP2,0.25834570527795125,1.2763637950774358,0.01,0.003,1,HSC
FCSK,0.25850953333225846,0.42883998201270623,0.064,0.052,1,HSC
PLD4,0.25871379934369243,8.396977544417403,0.297,0.251,1,HSC
FYN,0.25873444971312337,3.7357259593995193,0.491,0.44,1,HSC
RMND5A,0.2587952252899642,0.6889204878516422,0.816,0.82,1,HSC
OXSM,0.25880212956662485,0.5396385749700476,0.182,0.141,1,HSC
MARCHF5,0.2588046095647571,0.554973060998357,0.476,0.474,1,HSC
PACS2,0.2588273488250914,-0.16287773509740222,0.271,0.315,1,HSC
PIERCE1,0.2589351584435215,1.1616893788768738,0.023,0.009,1,HSC
GNL3L,0.25898539000088705,-0.7532874412118908,0.448,0.486,1,HSC
GJA4,0.259071560529421,-1.1150641213227006,0.01,0.015,1,HSC
PDCL3,0.2591619997664996,0.6956363465874745,0.307,0.318,1,HSC
SLC5A6,0.2594359549815754,-0.3324344989435337,0.199,0.18,1,HSC
ARSB,0.25953797324262023,-0.39851040495391454,0.32,0.364,1,HSC
CCT4,0.25954684310993553,-1.0389490908650343,0.696,0.728,1,HSC
TMEM185A,0.25955399646321486,0.1350030901985242,0.419,0.391,1,HSC
UBE2T,0.2595831432994571,-0.5832493456833245,0.102,0.116,1,HSC
SCLT1,0.25961763623553835,-0.5738341562950685,0.33,0.339,1,HSC
RBM11,0.25966251240736643,0.6079860729368094,0.054,0.049,1,HSC
RUNDC1,0.25980627142732926,-0.6539964587417646,0.251,0.257,1,HSC
NDOR1,0.2598181287584865,-0.2989976008113415,0.09,0.08,1,HSC
CSTA,0.2598242554582285,-1.250180905986943,0.061,0.037,1,HSC
WHRN,0.25991542136599377,1.3290516100743919,0.064,0.046,1,HSC
NCF1,0.259984460308015,-1.6102552721790744,0.031,0.049,1,HSC
GSTZ1,0.2600016219388141,0.16904951200134644,0.248,0.208,1,HSC
LAIR1,0.26010355554448455,8.243028955240991,0.691,0.633,1,HSC
KPNB1,0.2604706937032866,0.3712259854890849,0.596,0.654,1,HSC
C18orf32,0.2605238215806956,1.1089550354862694,0.488,0.529,1,HSC
HCCS,0.260569701903721,-0.713425641337065,0.13,0.141,1,HSC
BUB1,0.26058223565971944,-1.065013409606692,0.061,0.101,1,HSC
TUBB6,0.2608701497141872,-1.2561010951905174,0.125,0.107,1,HSC
RC3H2,0.26106423045546234,0.34634395343253166,0.655,0.703,1,HSC
UBE3C,0.2613576572131154,0.1872160201838775,0.591,0.642,1,HSC
NDUFA11,0.2615458115484837,0.16650990658332865,0.473,0.52,1,HSC
ATP6V0E2,0.26154922866209424,0.6085205367494302,0.038,0.046,1,HSC
SH3BP2,0.26165434227499723,2.1732861815790487,0.238,0.248,1,HSC
ANKRD42,0.2616562167665174,-0.2573909555944056,0.153,0.162,1,HSC
RPP30,0.2619104329941577,0.8674798079197923,0.478,0.434,1,HSC
OSBPL1A,0.2619763043519296,0.5117091527037373,0.192,0.226,1,HSC
SLC20A1,0.26200784918219244,1.9190466833345563,0.537,0.502,1,HSC
ANK1,0.2620136968139909,-2.733081480322794,0.033,0.052,1,HSC
AOC2,0.26201771109435207,-0.8978981202824601,0.008,0.015,1,HSC
PARG,0.26203074223707223,-0.22343073284994264,0.187,0.239,1,HSC
LRCH4,0.2620320898805999,-0.14228941456634736,0.752,0.798,1,HSC
PRNP,0.262037289040492,-0.5683437428332857,0.299,0.318,1,HSC
SPSB2,0.26207806349375146,0.1339660795156321,0.146,0.116,1,HSC
CYP26B1,0.26212387388305813,-1.522748707117036,0.005,0.012,1,HSC
ELOVL1,0.2622255598270703,-0.5037561765259682,0.33,0.355,1,HSC
RXRB,0.262267220809607,0.33719755204222146,0.407,0.44,1,HSC
PINLYP,0.2623166235120437,-0.9221744737171096,0.087,0.07,1,HSC
TNFRSF18,0.2623504921427085,3.324882286587238,0.038,0.031,1,HSC
LRCH2,0.262530371288618,0.7794535111975542,0.056,0.04,1,HSC
MAGI3,0.2625677460258321,-1.8658157323153963,0.023,0.012,1,HSC
TCAP,0.26261519722300175,-0.1835302052002885,0.028,0.04,1,HSC
IKZF3,0.2628061155994035,0.40421041464811386,0.064,0.043,1,HSC
CIAO2B,0.2628237379934235,0.6723101713169329,0.22,0.177,1,HSC
SNRNP40,0.26286813872724096,-0.8157527404222393,0.581,0.633,1,HSC
GCLC,0.2629324102052079,-0.14395000380143008,0.384,0.422,1,HSC
ADISSP,0.26301420015193255,-0.4749574640634844,0.026,0.028,1,HSC
PCED1A,0.26301490662319965,-1.0881352407696503,0.744,0.728,1,HSC
GUCY1A1,0.26309821717330384,-1.987196706671356,0.675,0.706,1,HSC
BCOR,0.2631645607117078,-1.1316273481404346,0.565,0.612,1,HSC
ALCAM,0.26316820202783603,-1.3030662574098602,0.335,0.388,1,HSC
NXN,0.2632018248981788,1.4749560280046046,0.02,0.006,1,HSC
SPDYE4,0.26320728497748774,1.7989145914415916,0.015,0.003,1,HSC
DROSHA,0.26326085025061247,0.4043386056776077,0.422,0.419,1,HSC
KMT2C,0.26340686640196126,1.3186730605441692,0.885,0.85,1,HSC
ACVR2B,0.2634570475412608,0.5549354214900823,0.064,0.058,1,HSC
CLASRP,0.26355680471783804,1.0235845767952938,0.54,0.55,1,HSC
LZIC,0.2636646912553822,-0.5540738898846984,0.512,0.572,1,HSC
ZNF532,0.2639410972838414,1.0216453962245535,0.12,0.092,1,HSC
CFAP54,0.2641509817273486,0.30968627172056884,0.046,0.031,1,HSC
ATRX,0.26432369226523045,0.9072053541581577,0.77,0.82,1,HSC
ANKRD6,0.2643754069465418,-0.8958400427065636,0.113,0.131,1,HSC
CEP70,0.26452215658620826,1.7789995081872192,0.693,0.664,1,HSC
ACOX2,0.26452811584916663,-0.13403042535019827,0.049,0.043,1,HSC
UBIAD1,0.264567305255731,0.4118286766765449,0.156,0.153,1,HSC
RNF168,0.2648259530440252,-2.1689289054720042,0.514,0.554,1,HSC
SMC1A,0.2648270183150314,-12.050284870746042,0.598,0.587,1,HSC
ZNF692,0.2651125880810281,-0.15382223707043052,0.212,0.183,1,HSC
EFCAB13,0.2651838660107193,0.4577038283517849,0.24,0.239,1,HSC
SUPT6H,0.2655265964978288,-0.12946331604305628,0.478,0.535,1,HSC
PLGLB2,0.26553041124910326,-0.5832647458386935,0.284,0.281,1,HSC
FDXR,0.26563219358063506,0.13771422906185204,0.061,0.07,1,HSC
OSTM1,0.2656882033555798,-0.43682587463774625,0.151,0.177,1,HSC
DNAJB5,0.26574644149012533,1.9483412278463987,0.01,0.003,1,HSC
POLE3,0.2658404865268427,1.2087566995083172,0.637,0.584,1,HSC
CLOCK,0.2659182479673667,0.2593212211403233,0.113,0.122,1,HSC
BAZ2A,0.2659293348073074,0.2850691561751302,0.632,0.615,1,HSC
FAM118B,0.26624587381137804,-0.14280164207124635,0.143,0.177,1,HSC
SHMT1,0.26627451500558535,0.3183789436185842,0.102,0.092,1,HSC
EPM2A,0.26636739764963235,-0.7649627101476748,0.189,0.223,1,HSC
FBXO45,0.2663737450818541,0.9766281751534125,0.207,0.171,1,HSC
PLPPR2,0.26642546167554265,0.2896922498812453,0.146,0.11,1,HSC
PDS5A,0.2664994586740326,0.5290579944632594,0.591,0.544,1,HSC
ZNF367,0.2669652048040258,-2.6167785042743867,0.036,0.04,1,HSC
ANGEL2,0.2669988383632736,0.3871851536138055,0.332,0.318,1,HSC
ST6GAL1,0.26704674832313696,-2.05704995165494,0.642,0.609,1,HSC
MGST3,0.2670614012101777,4.048847554439191,0.499,0.474,1,HSC
CCDC78,0.26732679089043376,-1.4559089746694283,0.02,0.028,1,HSC
HSPE1,0.26738164215806964,-0.32421515006971824,0.309,0.324,1,HSC
TNFRSF12A,0.26741724395353067,-1.942558260311663,0.005,0.015,1,HSC
CYYR1,0.26742591730088366,-0.45607464871811676,0.13,0.18,1,HSC
BAHD1,0.2674944922091608,-0.13416226044215207,0.363,0.422,1,HSC
BAD,0.2675247601098084,-0.4343578761818334,0.105,0.107,1,HSC
KLKB1,0.267550716259602,1.2763637950774358,0.01,0.003,1,HSC
RAB27A,0.26764600090353985,0.8629544429304837,0.32,0.312,1,HSC
P2RX4,0.2677772125824829,-0.8383070717756631,0.315,0.324,1,HSC
BET1L,0.26780602316115715,-0.44356867259767196,0.399,0.44,1,HSC
HMBS,0.26791467713369577,0.9900235594322668,0.174,0.153,1,HSC
ZNF100,0.26793826707441804,0.703344428149411,0.174,0.135,1,HSC
RAB11FIP2,0.26798559974874414,-0.16514156559956006,0.43,0.407,1,HSC
TRIT1,0.2681243937642319,0.2805752925461205,0.322,0.269,1,HSC
PYM1,0.26820732140199155,0.24203539637455262,0.251,0.202,1,HSC
CDK5R1,0.2683637314319825,-0.2578779718092701,0.02,0.024,1,HSC
WDFY2,0.2684465900200444,1.1593692924022951,0.783,0.743,1,HSC
GLUD1,0.2686407601888269,0.3162844975138912,0.43,0.453,1,HSC
DNLZ,0.26869627904139803,1.0799614990247504,0.028,0.012,1,HSC
USP25,0.2690831177627267,2.459664825094856,0.593,0.584,1,HSC
MICU3,0.2691702605985242,0.39358440555696983,0.192,0.168,1,HSC
C12orf4,0.26935830131131727,0.3780674294387495,0.205,0.196,1,HSC
TIMM23,0.26937607651483414,-1.0103155602433227,0.491,0.547,1,HSC
GEN1,0.26941902986669997,-0.537479779563974,0.13,0.153,1,HSC
HEYL,0.2694503196848233,-0.2754275814909204,0.043,0.061,1,HSC
YTHDC2,0.26948492949320574,-1.48903516504779,0.419,0.459,1,HSC
PFKP,0.2697055032584687,-0.5429280117908879,0.453,0.407,1,HSC
NFKB2,0.2698390246949788,-0.4147020855416369,0.187,0.199,1,HSC
CREBL2,0.2699435193160296,0.16036475814201573,0.304,0.269,1,HSC
SIGLEC14,0.26996490223760805,3.295981169888563,0.061,0.046,1,HSC
DDX39A,0.27012960793459606,0.44293288529728736,0.371,0.413,1,HSC
ERMAP,0.27033614863868627,0.3532907777920634,0.199,0.242,1,HSC
GLB1,0.27034371854965045,0.7689191784884859,0.422,0.44,1,HSC
STK17B,0.27036018128329253,4.2848475846942655,0.665,0.688,1,HSC
LMNA,0.27042941426001865,11.283653723857157,0.332,0.385,1,HSC
ARMT1,0.270446229699562,-0.5619544891149375,0.084,0.104,1,HSC
TELO2,0.27045025721232246,0.4433681640134287,0.312,0.26,1,HSC
CYTL1,0.2704502902621356,-3.314668416782988,0.616,0.673,1,HSC
INKA2,0.27052515875855215,-0.49215552426379583,0.123,0.107,1,HSC
VHL,0.27061253955939485,-0.21900181726740886,0.691,0.633,1,HSC
GINS3,0.27065588713835115,-0.9999695677669367,0.043,0.049,1,HSC
JAGN1,0.27070852335464496,-0.4724055725239025,0.274,0.306,1,HSC
ZNF782,0.27075868591003965,-0.20504523938866367,0.309,0.291,1,HSC
CCDC138,0.27075877522447706,0.2798391020814226,0.243,0.202,1,HSC
JUND,0.270874100771316,15.444854135037328,0.944,0.957,1,HSC
CMTM7,0.27110991260395434,-0.25097250867657184,0.289,0.281,1,HSC
EXOC8,0.2711849095082915,0.19971103801782053,0.184,0.211,1,HSC
OR56B1,0.27123994670750873,1.6038618702662841,0.018,0.009,1,HSC
SDAD1,0.2713272011164353,-0.5328436436322062,0.271,0.312,1,HSC
RORC,0.2713905049763385,-10.554714163315577,0.023,0.04,1,HSC
MYH10,0.2714358245209869,0.7588717814707691,0.422,0.462,1,HSC
CRACR2A,0.27146808792866595,-0.5797057593033257,0.284,0.309,1,HSC
VSIG10,0.2715538691451953,0.1766096698926085,0.069,0.052,1,HSC
CRY1,0.27181828318872236,-0.932093851342293,0.187,0.217,1,HSC
KLRC4,0.27183207421122796,2.8692128864293203,0.033,0.021,1,HSC
SH3BGRL3,0.27189796494055013,-1.768745518294761,0.913,0.93,1,HSC
TGM1,0.2720352780603047,1.1186368943560279,0.015,0.009,1,HSC
PLCD1,0.27214415034469097,-0.3262056253144028,0.059,0.073,1,HSC
C14orf93,0.27216646647802095,0.5566106109954307,0.164,0.125,1,HSC
COX14,0.27235366752003326,-0.11173419096171955,0.46,0.422,1,HSC
PES1,0.2724313017989697,-0.9646190201709601,0.448,0.401,1,HSC
SIRT2,0.2724624306441714,0.6887233871207004,0.289,0.254,1,HSC
GAB2,0.2724781350395921,0.3548692988354867,0.396,0.349,1,HSC
C9orf40,0.2725145819593998,0.6733599849961567,0.092,0.058,1,HSC
CALCOCO1,0.2725149128376562,-0.5667331533981415,0.471,0.474,1,HSC
GP6,0.27255172474627637,1.9483412278463987,0.01,0.003,1,HSC
CAPZB,0.2727446911948376,9.001464088852853,0.847,0.862,1,HSC
YEATS2,0.272827434983036,0.221075695784279,0.427,0.382,1,HSC
ZHX3,0.27283087762277897,-1.095783240893903,0.115,0.147,1,HSC
APOLD1,0.27284081119069187,0.8544221468325608,0.013,0.006,1,HSC
TRIO,0.2728773157353791,0.2505384113286546,0.509,0.443,1,HSC
DEGS1,0.2731622883028542,-0.3803181388852903,0.419,0.471,1,HSC
PTCH1,0.273171029642002,2.221785218326758,0.054,0.034,1,HSC
CXCL10,0.27318858235912935,4.137024501212579,0.02,0.006,1,HSC
PEX2,0.27333656855796373,-0.13943412986040138,0.384,0.343,1,HSC
BCL11A,0.27335531531005286,1.3819451116677257,0.903,0.887,1,HSC
KIAA0930,0.27352484742276323,0.301835138168195,0.263,0.303,1,HSC
CELF6,0.27367661965513257,-0.6069781062787589,0.033,0.043,1,HSC
SAAL1,0.2738458253452846,-0.33542833847620923,0.21,0.214,1,HSC
PPFIBP2,0.2740399967681843,1.5726269986299126,0.023,0.009,1,HSC
LGR5,0.27404532408862037,1.2763637950774358,0.01,0.003,1,HSC
KDM2B,0.27406880194004346,0.3359277928757973,0.432,0.391,1,HSC
MDH2,0.2742916872651042,-0.9731426183307361,0.524,0.572,1,HSC
ZNF334,0.27439633813332015,0.36497979505573186,0.197,0.193,1,HSC
CD3G,0.2744240752260734,3.8320842352301323,0.097,0.073,1,HSC
GPATCH2,0.2744590801426211,-0.46584480535075506,0.312,0.266,1,HSC
LILRB1,0.2744873579132042,-0.6612238842798694,0.015,0.028,1,HSC
TRAM2,0.2745766239762458,0.4210223945290037,0.205,0.208,1,HSC
PHF10,0.27485110728138645,0.5187524034141484,0.731,0.743,1,HSC
NNT,0.2749015618343229,0.6549651619367582,0.361,0.352,1,HSC
EXD2,0.2750491987887776,-0.43624219602553355,0.276,0.251,1,HSC
ECH1,0.2750928170249743,-1.0992634245394957,0.777,0.761,1,HSC
PUS3,0.2751127716998213,0.33287691643868056,0.215,0.18,1,HSC
TMEM101,0.2751361807157446,-0.20095491902765616,0.309,0.367,1,HSC
C18orf21,0.2751495185484629,-0.19753401324034442,0.322,0.385,1,HSC
MAF,0.2753226033380715,-0.4379355915649885,0.102,0.092,1,HSC
CLC,0.27536353221012083,-145.96038854659264,0.038,0.034,1,HSC
RCAN1,0.27539980959980975,1.0816879367841628,0.077,0.049,1,HSC
ARMCX5,0.27564809791015155,-0.5197274674688397,0.189,0.239,1,HSC
AURKC,0.2757706479221781,-1.649097635418563,0.01,0.018,1,HSC
ZMIZ1,0.27586605782892354,-0.2113274689527458,0.76,0.713,1,HSC
CD40,0.2758887303283034,-1.5874719307236815,0.046,0.049,1,HSC
LMBRD1,0.27589590722289087,0.2418254954922927,0.514,0.541,1,HSC
GLCCI1,0.2760062595688213,0.18226210357515837,0.34,0.284,1,HSC
YRDC,0.2760653195335188,0.44958057626591486,0.182,0.18,1,HSC
MMP17,0.27609253235334674,0.3724583458117392,0.02,0.012,1,HSC
SLC2A13,0.2761999251979616,-0.33850020837464,0.097,0.101,1,HSC
TMEM154,0.27620558980311466,-1.671718588143163,0.161,0.202,1,HSC
PLK3,0.27625751246194336,1.4116321368421463,0.095,0.08,1,HSC
DDX42,0.27630645755627703,0.598459937996028,0.478,0.425,1,HSC
UBQLNL,0.27633058409938877,-1.81138090861073,0.023,0.037,1,HSC
CELSR1,0.27650025698264774,-1.321636103279439,0.059,0.037,1,HSC
FOXJ1,0.2766228121199956,17.03981641432711,0.069,0.08,1,HSC
MATCAP2,0.2767081249268474,-0.7365680961342089,0.074,0.107,1,HSC
C2orf81,0.27702217600120016,1.2795342881994847,0.026,0.012,1,HSC
MTO1,0.2771087458927425,0.5514726758258914,0.302,0.254,1,HSC
BID,0.2771663191553162,0.5233592319806502,0.297,0.278,1,HSC
USP28,0.2772603434036775,-0.3013693047288719,0.1,0.141,1,HSC
SSNA1,0.2772684518213393,-0.37958113652504566,0.276,0.269,1,HSC
XPO1,0.27730578266455963,-0.8023231344943467,0.621,0.615,1,HSC
DUSP5,0.27733526450362056,1.9842270167751712,0.033,0.015,1,HSC
FBXO28,0.2774790455382291,-0.2465252148773458,0.432,0.385,1,HSC
NOL11,0.2775689916832813,0.11401742482951427,0.558,0.498,1,HSC
H2BC9,0.27758374262974933,-93.11410396627484,0.739,0.777,1,HSC
SPECC1L,0.277588142414499,0.6267392468371424,0.56,0.612,1,HSC
ATP6V0B,0.27759891678062265,0.5106847516913313,0.568,0.52,1,HSC
SNX7,0.27766618452577624,-1.7573495435671953,0.005,0.012,1,HSC
GALK2,0.27789844690997606,-2.1397085122393547,0.417,0.453,1,HSC
KRT1,0.27794689711093556,-1.7573495435671953,0.005,0.012,1,HSC
IFT57,0.2779524502843572,2.4867310969208756,0.465,0.431,1,HSC
HS6ST1,0.2779748975844921,-0.46409448164618583,0.33,0.349,1,HSC
CDK5RAP1,0.27808520337676373,0.48236144685344273,0.246,0.22,1,HSC
LSM2,0.2784498382644855,0.5199761439586545,0.639,0.612,1,HSC
ING1,0.27847474966263175,0.43571865330302284,0.125,0.086,1,HSC
PHLDA3,0.2785180542987917,0.1880209817468348,0.02,0.009,1,HSC
FUBP3,0.27854407674704057,-1.528192932989072,0.463,0.407,1,HSC
AVEN,0.27855170923873784,0.32979745712859276,0.297,0.254,1,HSC
ANXA1,0.27858736281532626,-26.226388266484832,0.887,0.865,1,HSC
THAP2,0.27869239325869916,-0.5151122723372522,0.197,0.226,1,HSC
PSMA5,0.2787113758582975,-0.28967455454922386,0.253,0.235,1,HSC
ZNF362,0.2788064225673441,-0.7961798506093412,0.632,0.572,1,HSC
SPATA7,0.27904514530629426,0.20107878391471318,0.279,0.245,1,HSC
ADAM9,0.2792005653140746,0.36518029572421207,0.092,0.083,1,HSC
RAB5IF,0.27933447189542,-0.7427202529277981,0.279,0.318,1,HSC
BLM,0.2794952662836718,-0.3378537165278045,0.171,0.144,1,HSC
PRDM1,0.27991131855922863,0.6381142446423462,0.059,0.037,1,HSC
DLC1,0.2799445032353525,1.6709265560971986,0.164,0.183,1,HSC
CCDC6,0.2799608564756879,1.890052213386297,0.729,0.709,1,HSC
POMGNT2,0.27997455855098535,0.5305948396838496,0.084,0.08,1,HSC
PRRG4,0.2801363627452692,0.7903034611451272,0.051,0.037,1,HSC
PTPRJ,0.2801510283651305,0.9939474055347941,0.077,0.046,1,HSC
EIF3I,0.2801769802738081,0.397891622677687,0.269,0.269,1,HSC
FDX2,0.2801794182998866,-0.30431919041295374,0.179,0.168,1,HSC
RPEL1,0.28019838376942063,1.304903314572413,0.026,0.009,1,HSC
ZNF850,0.280269856086728,-1.8947229789203406,0.123,0.159,1,HSC
RASA1,0.2802854119890887,-0.1564231791115791,0.522,0.575,1,HSC
ZNF439,0.28057848408485125,1.0686396921122017,0.368,0.324,1,HSC
CTDSP1,0.2805790355863325,0.3189418614772901,0.739,0.777,1,HSC
CHD7,0.28061239546217087,2.4525470909017195,0.051,0.043,1,HSC
TCF4,0.2806488878442453,4.37853618234454,0.494,0.465,1,HSC
RAD51AP1,0.2807296039685859,-4.043728257674592,0.013,0.031,1,HSC
ADA2,0.2810078006713397,1.1311721963645611,0.205,0.153,1,HSC
ADM5,0.2811934622259796,-0.23771463793540892,0.051,0.076,1,HSC
IL32,0.28121073835318516,8.396497192286748,0.169,0.15,1,HSC
NUCB1,0.2813114151616328,0.3382827325935933,0.831,0.783,1,HSC
ANKRD9,0.28135346518273036,-0.2578779718092701,0.02,0.024,1,HSC
SETDB1,0.2815462958815399,-0.8614530167619718,0.652,0.636,1,HSC
COX7A2,0.2816063725843845,-0.34904485427686494,0.632,0.627,1,HSC
TNPO3,0.28164219092796483,0.40357260155624397,0.558,0.514,1,HSC
PGRMC2,0.2818624907047172,0.2714690060905167,0.655,0.624,1,HSC
ESCO1,0.2820851456154571,-1.0319637472833465,0.309,0.294,1,HSC
LEPR,0.28224717689161566,0.46308434751938854,0.146,0.153,1,HSC
BTN3A2,0.2822505268250173,0.4837204764162655,0.565,0.56,1,HSC
MTHFD2L,0.2823686448041891,0.6963786797297715,0.271,0.214,1,HSC
OPN3,0.28242695504544557,-0.18793144012094815,0.253,0.235,1,HSC
CDK19,0.28246954085861303,-0.6875962228935886,0.412,0.45,1,HSC
GOLT1A,0.2824767502438152,-1.7573495435671953,0.005,0.012,1,HSC
OCEL1,0.2826145700908136,0.6302885817073858,0.13,0.089,1,HSC
ITK,0.2827791037544942,1.6278339022742219,0.084,0.055,1,HSC
GPR65,0.2828283115271922,3.0750578328449842,0.084,0.061,1,HSC
TNFRSF1B,0.28292777885022075,-0.2549744841845225,0.077,0.046,1,HSC
CPSF4,0.2830755813315971,0.29503821926069285,0.32,0.266,1,HSC
AGBL2,0.28323029823250273,1.044435778580703,0.02,0.012,1,HSC
CPLANE1,0.28352543364977606,0.2298366167684336,0.478,0.422,1,HSC
TNFRSF10B,0.28353517681805784,0.6382069858699118,0.161,0.135,1,HSC
MED12L,0.28361869492724534,-2.157533455721776,0.813,0.856,1,HSC
CANX,0.28361960575521006,4.226271265227155,0.77,0.719,1,HSC
ZNF584,0.28365429405400777,-0.6008411288107505,0.043,0.058,1,HSC
KLF2,0.2837395713123015,-2.9672699665049045,0.238,0.202,1,HSC
OMA1,0.28393142351180695,-0.8028648824048377,0.44,0.462,1,HSC
MDM2,0.2842086167015726,-0.794027072366148,0.547,0.544,1,HSC
PHYH,0.28421683338576076,-0.3168407152977133,0.205,0.19,1,HSC
RMDN3,0.2842284709794267,0.36376389121033614,0.24,0.199,1,HSC
STOML2,0.28426429910148365,6.3267697223563495,0.632,0.688,1,HSC
TMEM135,0.2842864660467576,0.4248768402028251,0.312,0.281,1,HSC
EIF2AK3,0.2843129922025842,0.2375628257930229,0.22,0.171,1,HSC
P2RX1,0.2843413109652047,2.8621223536991725,0.775,0.743,1,HSC
FBXW8,0.28440121846118677,-0.8786461901098191,0.384,0.343,1,HSC
TMEM170B,0.28448263370121973,-0.8822158563182729,0.059,0.086,1,HSC
JARID2,0.2845524477750521,-5.382110701960697,0.565,0.563,1,HSC
PMF1,0.28459206975463097,-1.489060881704365,0.588,0.581,1,HSC
EAPP,0.28464303534824936,-0.6357911815384507,0.581,0.648,1,HSC
POLA1,0.2848450910101079,-1.2995113827572204,0.269,0.275,1,HSC
PHF3,0.28491520644358775,-0.6561226936177991,0.76,0.725,1,HSC
SNRNP48,0.2850674875131765,-0.3007904490180024,0.266,0.269,1,HSC
SCAMP5,0.28508172844941754,-0.2122352939130545,0.02,0.04,1,HSC
KLC1,0.285144426586093,0.30971829856437894,0.46,0.45,1,HSC
CCNI,0.28529147650097975,3.91225902133613,0.985,0.972,1,HSC
NUP35,0.2854855974012432,0.5993567708342052,0.171,0.156,1,HSC
DPY30,0.28549019083293703,0.1980095307892359,0.327,0.361,1,HSC
PDE6B,0.2855363813710452,0.4822895611695192,0.243,0.239,1,HSC
ZNF527,0.2858410898566603,-0.17162160222443545,0.13,0.107,1,HSC
XPO5,0.28589045668209007,-0.6695404371282907,0.404,0.462,1,HSC
GCC2,0.2859815295250473,0.7277215934723555,0.417,0.385,1,HSC
KNOP1,0.2860109934499107,0.22685020813635604,0.151,0.156,1,HSC
ADCY10,0.28601618517631733,1.092166963543849,0.015,0.006,1,HSC
EGR3,0.28616038397571464,-3.7139628009235786,0.013,0.009,1,HSC
G3BP2,0.28621399611594983,0.1189626413680207,0.729,0.777,1,HSC
ACTRT3,0.2862757872149481,0.18448369920801477,0.018,0.028,1,HSC
LILRA5,0.2862798112174081,4.918579598599748,0.02,0.006,1,HSC
ARHGAP31,0.28658831558821746,-0.5924438005955981,0.059,0.064,1,HSC
MYLK,0.28661622012870885,-0.8572443090485922,0.038,0.04,1,HSC
CAT,0.28665196485284966,-1.701541472635597,0.923,0.917,1,HSC
AKIRIN1,0.2866655660736854,1.2264701962763036,0.657,0.709,1,HSC
PIGA,0.2867017636435317,0.8012437977524343,0.064,0.04,1,HSC
DSEL,0.2867930638482164,0.8544221468325608,0.013,0.006,1,HSC
ACTR3B,0.28686944828106775,0.20129944745997874,0.184,0.156,1,HSC
CEL,0.2869974314810907,0.39047142234153887,0.023,0.028,1,HSC
ARIH2OS,0.28726547864829016,0.4657953022881507,0.128,0.122,1,HSC
KLHL6,0.2875031794562162,2.5275595445706314,0.834,0.804,1,HSC
CD163,0.2876102722992092,-1.135642936993749,0.008,0.018,1,HSC
AGPAT1,0.28766569738312947,-0.12776986473136098,0.601,0.618,1,HSC
TMEM160,0.2877265158757937,-0.5919009783498685,0.1,0.141,1,HSC
PDE1C,0.28775236390728154,1.9483412278463987,0.01,0.003,1,HSC
TESC,0.28801971007933025,-2.905757967124426,0.164,0.15,1,HSC
ODF2L,0.28809041606005514,0.11745293575919113,0.179,0.147,1,HSC
ARL9,0.2881914713087405,-0.7938020637321435,0.054,0.076,1,HSC
KIF26B,0.28835719406549026,1.4749560280046046,0.02,0.006,1,HSC
UBL4A,0.2883969874520728,-0.2670878533823082,0.097,0.131,1,HSC
PLD6,0.28845452264232446,-0.7459842825607237,0.074,0.092,1,HSC
IQUB,0.28847399763634224,1.8355072589741983,0.013,0.006,1,HSC
PGRMC1,0.2885597426277405,1.2199597352167304,0.44,0.446,1,HSC
B3GALT9,0.2886132291927996,-0.5292551309683682,0.107,0.144,1,HSC
MYB,0.2886298411126025,4.175293069879203,0.824,0.856,1,HSC
ZFAND3,0.28867411236386076,-0.7380570467069081,0.675,0.694,1,HSC
FAM193B,0.2887190384124372,0.4328154218196705,0.629,0.572,1,HSC
MTG2,0.28883246248058275,-0.5026766349641782,0.084,0.116,1,HSC
HSPH1,0.2888627080113816,-1.0136793444809027,0.496,0.532,1,HSC
EIF3J,0.288956213325964,-0.20391397700981528,0.703,0.725,1,HSC
CORO1A,0.2890147652672925,3.843452711783595,0.824,0.783,1,HSC
GNPTG,0.28903918306543813,0.29067200142851246,0.453,0.465,1,HSC
CDCA3,0.2892025210232165,-2.094151419966842,0.01,0.015,1,HSC
DNAJC16,0.2892500758928094,-0.24453159211907272,0.138,0.177,1,HSC
RCC1L,0.28944696960457705,-0.6791716268058813,0.358,0.413,1,HSC
EIF4B,0.28959941670646216,-1.1281082793361694,0.918,0.917,1,HSC
ITPK1,0.28962213669965203,-1.9020174260537124,0.386,0.407,1,HSC
LMAN2L,0.289626710399562,0.6036379957983163,0.23,0.254,1,HSC
PDCD2L,0.28975990186671413,-0.5670008066768384,0.074,0.104,1,HSC
MMAB,0.289789434776004,0.6244138787487368,0.202,0.18,1,HSC
DPF3,0.28980867134897026,1.2763637950774358,0.01,0.003,1,HSC
COL18A1,0.2900617264260564,-1.1176589559161618,0.028,0.046,1,HSC
ACY1,0.2901337858319527,-0.6315010773225642,0.182,0.177,1,HSC
TRMT112,0.29014413986129217,-1.1969726554993239,0.581,0.609,1,HSC
POLR2F,0.29032736470138665,0.1532221457855012,0.148,0.156,1,HSC
HELQ,0.29036127899340763,0.6388697962562853,0.368,0.358,1,HSC
TIRAP,0.29047780965555614,0.11565827874667267,0.033,0.037,1,HSC
MACO1,0.2905865357042235,-0.2270666951220882,0.368,0.401,1,HSC
OR2M3,0.2906420910679894,-1.3222311536750908,0.01,0.028,1,HSC
ATP2B1,0.2907998868458752,17.28247720852849,0.542,0.495,1,HSC
HSPA4L,0.2909638655698803,-1.0419449756107215,0.018,0.028,1,HSC
EIF2B1,0.29106953393369633,-0.2354495962072456,0.465,0.529,1,HSC
PAICS,0.2911201356607348,-0.16317180326152303,0.286,0.327,1,HSC
CHCHD2,0.29120403113538107,0.5297365679297217,0.752,0.697,1,HSC
CNIH4,0.29122998528963073,0.5276934151971077,0.169,0.159,1,HSC
TMA7,0.29135562557165506,-0.9147216678844665,0.532,0.572,1,HSC
APMAP,0.29136550815512563,2.8725092138511,0.46,0.498,1,HSC
MAD2L2,0.29139879689328424,0.18110790939362648,0.248,0.235,1,HSC
IKBKB,0.2915268009313956,-10.922255041055514,0.839,0.847,1,HSC
TMTC1,0.2916641801498262,-2.6193513727953923,0.008,0.015,1,HSC
TRGC2,0.29179527674927086,4.568691258221099,0.079,0.07,1,HSC
MTCH2,0.2922359023344701,-0.5354668109385252,0.266,0.263,1,HSC
ALDH1B1,0.29224740306551755,0.1549377190604,0.146,0.165,1,HSC
MOB2,0.29225143884315946,-0.2829355206804194,0.345,0.364,1,HSC
NOM1,0.29240746325206685,0.4250943675218433,0.192,0.174,1,HSC
DNAI4,0.29252319135045557,1.0604094430505162,0.064,0.052,1,HSC
CD52,0.29262102920750394,37.395098539723165,0.829,0.813,1,HSC
TM9SF2,0.2926492469777715,-1.6355869966403178,0.857,0.899,1,HSC
MINPP1,0.29275241339433217,-1.3751638842544018,0.558,0.606,1,HSC
BCS1L,0.29275249804998515,-0.4673839858233781,0.299,0.324,1,HSC
SUGCT,0.29282659869513167,1.2763637950774358,0.01,0.003,1,HSC
C6orf226,0.2929064358968306,-0.1609238761614884,0.11,0.089,1,HSC
STXBP1,0.2929190825583559,0.49039949044454856,0.054,0.064,1,HSC
SLC49A4,0.2929961015123846,-0.2116610939878578,0.271,0.223,1,HSC
FAAH2,0.2930672115012144,0.9465682834809703,0.038,0.021,1,HSC
TADA1,0.29308735261402136,0.5568887825714548,0.166,0.135,1,HSC
SRRM5,0.29316783356197684,1.3996499474010253,0.02,0.009,1,HSC
SNTA1,0.29321305580828305,1.2380192399276755,0.054,0.034,1,HSC
GALNT1,0.29331435359995844,-4.246486461321156,0.839,0.869,1,HSC
ANKRD13B,0.2933357952469772,0.16574913546478737,0.217,0.257,1,HSC
THAP6,0.29343295235498046,0.6726034162083088,0.348,0.312,1,HSC
GPLD1,0.2934578749571189,0.8819626583534381,0.023,0.015,1,HSC
DNMT1,0.29345822090448354,-3.5293572718761235,0.417,0.462,1,HSC
TIMMDC1,0.29346833034953396,2.292906801253675,0.575,0.612,1,HSC
TRPV1,0.29351979476353696,0.6950564357489746,0.151,0.125,1,HSC
CD82,0.29355170735051006,7.5006949590060525,0.893,0.859,1,HSC
CRACR2B,0.2935988658094667,-0.8978981202824601,0.008,0.015,1,HSC
NELFE,0.29373268361165494,-0.13963701414439444,0.225,0.239,1,HSC
ZHX2,0.2937555616869052,0.5485523554027663,0.223,0.211,1,HSC
KBTBD8,0.2937733998268078,-0.9178605015503254,0.028,0.046,1,HSC
CERS4,0.2939862739508379,-0.18683998052713524,0.22,0.199,1,HSC
FHL1,0.294127246104026,1.0307293463944838,0.419,0.443,1,HSC
GTF3C4,0.2941736203188918,-0.5164202943396039,0.174,0.208,1,HSC
ZNF142,0.29419868120393233,-0.21209649727791036,0.384,0.339,1,HSC
WNT10B,0.29419924701276545,-0.4073046082140772,0.015,0.012,1,HSC
C4orf48,0.29433428923614857,-0.6520169463012044,0.095,0.119,1,HSC
PAGR1,0.2943965262804648,0.260334386744289,0.368,0.327,1,HSC
FAM171A1,0.29441081782786477,1.2763637950774358,0.01,0.003,1,HSC
BTG1,0.2944438848802976,2.268900469698419,0.637,0.67,1,HSC
FAM227B,0.294456899705678,0.3825560598983744,0.166,0.128,1,HSC
RNPEP,0.29466342778074334,0.13318200534140423,0.33,0.373,1,HSC
C10orf105,0.29467372641638095,-1.2799465113373483,0.015,0.034,1,HSC
METTL6,0.2947253513325408,0.34984348549022787,0.284,0.284,1,HSC
XPO6,0.29500889338507,-0.12718438796750467,0.317,0.373,1,HSC
TLCD2,0.29502469395768777,0.8544221468325608,0.013,0.006,1,HSC
CBFA2T3,0.2951025852980226,4.847155033076126,0.818,0.829,1,HSC
KCTD15,0.2952171401953599,-0.22362929961555622,0.256,0.287,1,HSC
SFXN2,0.29525831752806553,-0.9422125074941968,0.248,0.272,1,HSC
SLC35G2,0.2953519676827352,0.8281805494973475,0.133,0.092,1,HSC
DNTT,0.2955152237973067,24.23073823417269,0.072,0.049,1,HSC
RSF1,0.29553735387689944,0.6141918858214868,0.522,0.495,1,HSC
ZNF708,0.29559833200381647,-0.20980824068995818,0.389,0.425,1,HSC
BANF1,0.29562985871394803,-0.3060703668682843,0.343,0.324,1,HSC
ZNF510,0.29563154993405194,1.0920654975996953,0.302,0.303,1,HSC
SIAH2,0.29581894992238805,-0.5065239690436323,0.338,0.312,1,HSC
ARPC5L,0.2958326001468424,-0.7716216890703287,0.427,0.37,1,HSC
ZNF326,0.2959110772127628,-0.22145620046290215,0.627,0.578,1,HSC
C17orf107,0.29591170556683705,0.8544221468325608,0.013,0.006,1,HSC
STARD5,0.2959291002717614,-0.8376826096675187,0.033,0.052,1,HSC
IFIH1,0.29612139168589974,-0.4070415453615759,0.417,0.364,1,HSC
GAS2,0.296125218500684,0.32170301930363143,0.02,0.021,1,HSC
ATAT1,0.29614437926638604,-0.4750275736324032,0.325,0.379,1,HSC
TDG,0.29622064529477693,0.26665435975306906,0.212,0.19,1,HSC
OR3A1,0.29636606164712526,1.2763637950774358,0.01,0.003,1,HSC
CRPPA,0.29648267683906787,-0.20798787475717218,0.338,0.37,1,HSC
COMMD4,0.29656318394170533,0.4445528351706478,0.261,0.248,1,HSC
PLEKHA6,0.2966512109083223,-0.983735856011275,0.02,0.024,1,HSC
PEX12,0.29682201647586987,-0.13005442041456972,0.051,0.07,1,HSC
FIBP,0.29687756965122936,-0.5618846402446059,0.343,0.394,1,HSC
RRM2B,0.29713559235328785,-0.1751803830110359,0.09,0.116,1,HSC
FGR,0.2971386343585593,5.402668956695697,0.128,0.098,1,HSC
ARL8A,0.2974501642417022,0.1472236403469549,0.598,0.63,1,HSC
MAP1S,0.29772311658745576,-0.9552526026680086,0.437,0.489,1,HSC
PEA15,0.2977701425473148,-0.4112638900010443,0.274,0.306,1,HSC
TMEM8B,0.2978352723887257,-0.9176795730889282,0.069,0.086,1,HSC
UBXN2B,0.29794111332091955,0.107243566382351,0.35,0.388,1,HSC
CD46,0.29829565241688044,-0.5518675223627945,0.711,0.752,1,HSC
PLEKHG2,0.29860645067650476,-0.5087090398630464,0.212,0.208,1,HSC
ZNF785,0.29874569524193584,0.8769475103815445,0.284,0.251,1,HSC
DHX40,0.29883736924238763,-0.7913863870424969,0.563,0.618,1,HSC
FAM3C,0.2989522874063415,1.6748104089401228,0.427,0.44,1,HSC
PIGBOS1,0.29905192005230796,-0.34482980161714605,0.113,0.113,1,HSC
REXO2,0.2991421383242551,3.35477128295536,0.596,0.648,1,HSC
RBM27,0.2992151262531981,-0.3437912516816528,0.504,0.538,1,HSC
PFDN2,0.2995197905527363,-0.7662797035572848,0.552,0.535,1,HSC
IRS1,0.29955429349118007,1.7382546868972666,0.018,0.006,1,HSC
CAMTA2,0.29967098177013746,0.18309930146376296,0.22,0.19,1,HSC
REXO1,0.2997117536835299,-0.3169548664034625,0.153,0.159,1,HSC
RND1,0.29981141398564026,1.6038618702662841,0.018,0.009,1,HSC
PEX6,0.2999069062321074,-0.2631941273672297,0.256,0.306,1,HSC
CD320,0.2999241072932677,0.1978869652546531,0.11,0.073,1,HSC
ZNF124,0.30005008624875995,-0.5233839795357844,0.064,0.086,1,HSC
DTL,0.30018385396051994,-1.0818614068231618,0.092,0.11,1,HSC
CBX6,0.3003846746256772,0.42296798271259206,0.253,0.306,1,HSC
POLL,0.30043498064212726,0.6802699725946364,0.373,0.336,1,HSC
DNAJC14,0.3006655694597296,0.10103306909831877,0.184,0.211,1,HSC
E2F5,0.30070365053534603,0.9761135853627315,0.343,0.284,1,HSC
ALOX15B,0.30076681736476046,1.5909168645246679,0.015,0.006,1,HSC
ATP2C1,0.3007942255375537,-0.9645787538777935,0.905,0.905,1,HSC
ITGA2B,0.30081721931072164,3.2808547975040305,0.187,0.214,1,HSC
NOTCH1,0.3009681569977112,5.347498715359624,0.473,0.471,1,HSC
LLPH,0.30101596387633706,1.0011430609402014,0.373,0.333,1,HSC
SH3D21,0.30117889938547304,-1.3052436345033835,0.02,0.028,1,HSC
USP37,0.3012568407053153,0.4356281005834097,0.266,0.232,1,HSC
ACSS2,0.3013435811367561,1.0169264478230287,0.315,0.37,1,HSC
ASNSD1,0.3016169791812012,-0.42187217757408124,0.481,0.526,1,HSC
CDC42SE1,0.30171796483958163,-0.39042437638443417,0.673,0.716,1,HSC
GNPDA2,0.30182261659926385,0.11728354176447853,0.205,0.226,1,HSC
ZFP82,0.3018232131457426,0.4597714403762365,0.118,0.104,1,HSC
DAZAP2,0.30193920311168093,0.8470495526071424,0.811,0.771,1,HSC
ZMPSTE24,0.30198032920522383,-0.5585976389326817,0.207,0.263,1,HSC
EID1,0.3019869706697553,-2.3090931620924273,0.908,0.896,1,HSC
PSMG2,0.3022003030787785,-0.5722749853237987,0.55,0.602,1,HSC
TAF5,0.3022264432161964,-0.5618237069449956,0.107,0.128,1,HSC
CBR3,0.3022588587630788,-0.41534819676346313,0.043,0.07,1,HSC
LARS1,0.3023673483508562,-2.0310695845610143,0.795,0.752,1,HSC
RLIM,0.30236758322135937,0.48682611771171436,0.458,0.41,1,HSC
NEK6,0.3025293295238758,5.71889637956537,0.396,0.361,1,HSC
CELF2,0.3026634199167748,-0.3850930221462967,0.969,0.951,1,HSC
HDAC8,0.30298809419528516,-0.14313879762999449,0.529,0.55,1,HSC
SEPSECS,0.3030044507352183,0.634416762689551,0.373,0.373,1,HSC
UEVLD,0.3030674745325541,0.24339782469362725,0.13,0.144,1,HSC
SH3GL1,0.30307104286259406,1.183995639652862,0.141,0.119,1,HSC
ENDOD1,0.3031254363318839,-0.6231453723351407,0.169,0.174,1,HSC
RHBDD1,0.3033070732624827,0.33860906209504266,0.251,0.248,1,HSC
MAPK10,0.30334178509029985,0.5397167153146603,0.005,0.012,1,HSC
CPXM1,0.3034743753575474,-1.0115269646074392,0.619,0.624,1,HSC
IL12RB2,0.30365669326430916,-0.3161030561777093,0.182,0.168,1,HSC
TMEM201,0.3038261691913764,-0.46097251714282883,0.256,0.266,1,HSC
DSN1,0.303827375185036,-0.8932657781152297,0.128,0.119,1,HSC
PPARGC1B,0.30389038850794187,0.9394371684308678,0.077,0.055,1,HSC
CENPO,0.30398535162600926,0.2137739410823123,0.084,0.086,1,HSC
USP19,0.3041139683855501,1.5160077494534216,0.45,0.443,1,HSC
TGFBR3L,0.30429570757443947,1.2763637950774358,0.01,0.003,1,HSC
FGFR1,0.3045206466111488,0.12317608169540684,0.026,0.028,1,HSC
NINJ2,0.30454376185631477,-0.2000178467785345,0.095,0.095,1,HSC
OPRL1,0.304606860233169,-0.8636690624146568,0.023,0.043,1,HSC
TXNDC9,0.3046913671087314,-0.32194463715086613,0.246,0.294,1,HSC
RBM43,0.3047074083497853,0.11393770728507124,0.187,0.217,1,HSC
MTMR14,0.3047942700447499,0.14996017402225104,0.366,0.413,1,HSC
CSPP1,0.3049581341347628,0.22110880187279425,0.407,0.379,1,HSC
SNX17,0.30503464624901855,-2.866018106711985,0.683,0.657,1,HSC
DENND4A,0.3051409448617707,0.8038532099359728,0.647,0.664,1,HSC
CLIP3,0.3051871123150301,0.5628757447905599,0.133,0.138,1,HSC
XPC,0.30530604325429345,0.24316266800508424,0.409,0.41,1,HSC
KBTBD4,0.3053060563687955,-0.3682742910086654,0.22,0.205,1,HSC
PARP12,0.3053845766953063,0.7466346239587583,0.348,0.309,1,HSC
SNX13,0.3054891302811121,0.961656508532198,0.455,0.514,1,HSC
PDCD11,0.30552251946013476,-0.16006862162745666,0.297,0.349,1,HSC
NEK3,0.30566143597434475,-0.3768018155042545,0.207,0.214,1,HSC
ZNF699,0.3056828376145164,1.0249674821199335,0.033,0.015,1,HSC
PMM1,0.3057184401099165,0.8711152669968563,0.038,0.043,1,HSC
CUL4B,0.30581853075114457,0.48824494799133467,0.634,0.633,1,HSC
IFT25,0.30592040104002444,-0.41497623988536414,0.376,0.431,1,HSC
MDN1,0.30596637352716594,0.40425147909915116,0.243,0.242,1,HSC
TRA2B,0.3060069417314755,-1.0854971010709846,0.711,0.728,1,HSC
HSD17B4,0.30604121475509116,-0.9121056211995393,0.737,0.685,1,HSC
ITSN1,0.30609991534821634,0.39350472112164603,0.041,0.024,1,HSC
DHODH,0.30617370674086725,0.16517832841303992,0.107,0.104,1,HSC
MTMR8,0.30625093472216974,0.15162482714801495,0.087,0.101,1,HSC
ARMH4,0.30646046811754546,0.6657506487694822,0.028,0.034,1,HSC
TADA3,0.3065150943154502,-0.1714416109517951,0.432,0.44,1,HSC
LAMTOR4,0.3065908976029407,-0.5919009257535617,0.77,0.807,1,HSC
CSTF3,0.30660538316790814,0.11976927023683093,0.545,0.593,1,HSC
ZNF77,0.3066859612256005,0.1512740326992903,0.105,0.08,1,HSC
MED20,0.3071679463299735,0.3826630147186103,0.302,0.266,1,HSC
PDE7A,0.30723873815340474,1.2161227830977452,0.696,0.734,1,HSC
PCLAF,0.30725970430961713,-16.50189352140948,0.128,0.138,1,HSC
FANCI,0.3074154075241915,-11.215667641455576,0.182,0.174,1,HSC
TYW5,0.3074574777582314,-0.3081186518986083,0.146,0.141,1,HSC
CCDC141,0.3074665266099824,0.20651308676165114,0.115,0.104,1,HSC
TMEM25,0.3074995922090955,-0.46733787106945,0.187,0.168,1,HSC
CWF19L1,0.3078800914649124,0.49491307398140183,0.404,0.394,1,HSC
GBP5,0.30801728332548206,5.423929490560081,0.164,0.147,1,HSC
ACSF2,0.30823456657030324,-0.23278499746804315,0.192,0.22,1,HSC
ZNF592,0.308404163058219,0.6164342860525974,0.432,0.373,1,HSC
APAF1,0.3085556213801507,-0.1599389942882068,0.432,0.373,1,HSC
ZNF256,0.308614058307374,0.1848005059425184,0.215,0.226,1,HSC
HRH2,0.30879060199017233,1.555037360573758,0.018,0.018,1,HSC
HERC4,0.30904243562167144,0.13159858585508744,0.596,0.639,1,HSC
CRNKL1,0.3091920315006,-0.5090714072249322,0.432,0.394,1,HSC
PIFO,0.3093526924784036,-0.5744167452983149,0.015,0.034,1,HSC
C17orf75,0.3094158555325138,-0.5930943497892373,0.189,0.211,1,HSC
KLHDC2,0.30947642707068906,-0.4538752838013389,0.696,0.725,1,HSC
GDPD5,0.30948141279757446,0.19518204404003336,0.054,0.034,1,HSC
GRAMD1C,0.3095590434496226,0.37918417179340747,0.026,0.021,1,HSC
LAPTM4B,0.30959992260286184,-4.298396322726209,0.821,0.865,1,HSC
SYPL1,0.30984366310028205,-0.27319976178434136,0.68,0.728,1,HSC
DDX6,0.3100629332621435,0.9960101081311441,0.877,0.887,1,HSC
FAS,0.3101798446142556,0.1949675094697847,0.064,0.086,1,HSC
EMG1,0.31041449344540634,0.20259762391462588,0.458,0.456,1,HSC
SLC22A16,0.31045994613515626,0.48155564656598093,0.1,0.092,1,HSC
NMUR1,0.3104953208494011,0.49656163278719134,0.013,0.018,1,HSC
SLC2A5,0.3105931313970452,5.864187243658531,0.263,0.217,1,HSC
DNAJC25,0.3106419543381682,0.9893727147175215,0.182,0.147,1,HSC
SERGEF,0.3107488896128276,0.22541313008386332,0.292,0.321,1,HSC
SDHAF1,0.31075789703673773,-0.5982057078233354,0.115,0.131,1,HSC
LTBP1,0.3108482198431545,-4.1519880635173845,0.02,0.031,1,HSC
PSMD4,0.3110422264925116,0.28036370839573665,0.514,0.508,1,HSC
ZNF768,0.3110966010451735,-0.30975798223401263,0.425,0.398,1,HSC
GTF2A2,0.31128481006681225,0.8981671167589811,0.662,0.599,1,HSC
TRPM7,0.3117208488615319,0.49552826740192524,0.604,0.612,1,HSC
PCCA,0.31175151841650345,-0.18354973190091417,0.363,0.419,1,HSC
CENPP,0.31178453726882627,0.8670530402700223,0.251,0.245,1,HSC
GALNT7,0.3118009154617388,0.5088964991007572,0.514,0.517,1,HSC
WDR19,0.3118126154379997,-0.5807624567062963,0.246,0.229,1,HSC
PRTFDC1,0.3118752309470828,-0.27758806315765616,0.059,0.055,1,HSC
KCTD7,0.31192331041449367,0.25636739220783866,0.11,0.086,1,HSC
MGAT4A,0.3119457399950785,6.578050942431378,0.338,0.327,1,HSC
MAST1,0.31203851131396193,2.750943352832127,0.015,0.015,1,HSC
MIIP,0.31205828830189336,-0.1807405146422807,0.143,0.18,1,HSC
TIMM9,0.3123988084827028,-1.078013904349774,0.685,0.679,1,HSC
PLB1,0.3124851901081604,-0.2148254872884232,0.023,0.018,1,HSC
PRDM11,0.31260795798346214,0.4642906598024523,0.084,0.067,1,HSC
RBKS,0.31278494845041915,-0.9070554501003558,0.033,0.055,1,HSC
EGLN3,0.31290568350992776,0.7162773772227777,0.059,0.055,1,HSC
MGAT2,0.31300401532235433,1.5020189107815978,0.552,0.52,1,HSC
TUBB,0.3130156126085966,-5.954980586320104,0.519,0.502,1,HSC
LCMT2,0.3130475153197971,-0.16714299969363644,0.092,0.07,1,HSC
SMG1,0.3134914740379275,1.117651075727112,0.642,0.593,1,HSC
REPS2,0.3135818285344963,-0.44241375182686404,0.141,0.168,1,HSC
TRMT1,0.31359335966728913,-1.0161181611680725,0.509,0.474,1,HSC
PEX26,0.31360015150750725,-0.3313068823354509,0.373,0.431,1,HSC
CHST15,0.3136332907596709,1.1620603786898562,0.033,0.018,1,HSC
TICAM1,0.31372446789299535,0.158110754277754,0.136,0.159,1,HSC
SMIM24,0.313743676102407,-2.461061426891648,0.803,0.761,1,HSC
PTPDC1,0.31375438648813825,-1.0481328548229851,0.026,0.046,1,HSC
RANBP17,0.31388923040543193,-0.25138108595058095,0.092,0.107,1,HSC
PTMS,0.314015347272716,0.7683782336910991,0.473,0.428,1,HSC
CCND2,0.31419812338815034,-8.656737330200915,0.726,0.774,1,HSC
DPEP3,0.31421854149592565,0.6632587623058357,0.031,0.018,1,HSC
GNAI3,0.3143068947946082,-2.308051648429554,0.739,0.734,1,HSC
GSTO2,0.3144063563213256,0.8593221896328427,0.079,0.055,1,HSC
KLF11,0.31461575070499875,-1.3974230798596612,0.161,0.165,1,HSC
WDR41,0.31470594239853517,0.5693748561078062,0.473,0.422,1,HSC
NCL,0.31471455095296086,-1.2499586222960168,0.872,0.838,1,HSC
ECT2,0.31474309712501203,0.4973280558511224,0.097,0.08,1,HSC
CHST10,0.31477452389223753,-0.3116054081330866,0.21,0.199,1,HSC
STRADB,0.3148015949701632,-0.5273170460988632,0.266,0.321,1,HSC
MOB3A,0.3148249922795617,0.34307861010318597,0.604,0.541,1,HSC
RBM18,0.31482946548042523,-0.4180385127855491,0.22,0.269,1,HSC
RCC2,0.31513614355435915,-0.21360392487947588,0.524,0.474,1,HSC
MLH3,0.3151742817285666,0.1859531751189002,0.361,0.339,1,HSC
RNF167,0.3152197289237785,0.3934739138838914,0.668,0.706,1,HSC
PTX3,0.31528641388279494,-0.8978981202824601,0.008,0.015,1,HSC
SLC25A44,0.3153228920936997,0.28029632563752094,0.276,0.3,1,HSC
NPEPPS,0.31544838889759047,0.8201909481486687,0.714,0.719,1,HSC
ZNF519,0.31549212262752235,0.15849839685112388,0.228,0.245,1,HSC
UQCC3,0.3155307729895023,0.672607772813036,0.156,0.116,1,HSC
TMTC2,0.31554318037288115,-1.4698410511827094,0.041,0.061,1,HSC
SRM,0.31570439384903,3.736853736505341,0.45,0.511,1,HSC
RMDN1,0.31587655502002954,-0.4994900099936147,0.304,0.367,1,HSC
ACP5,0.3159276704697401,0.27928791170183764,0.041,0.031,1,HSC
IRF2BPL,0.31593699534141845,0.13635340429547638,0.164,0.168,1,HSC
NCR3,0.31601022032194814,1.9285339230168095,0.031,0.015,1,HSC
PIGT,0.316193358232765,0.4699659724558858,0.417,0.398,1,HSC
XRRA1,0.31622865635448644,0.2813545905529742,0.143,0.174,1,HSC
DLGAP5,0.31625386110435566,-1.0149144404611867,0.018,0.012,1,HSC
TMEM143,0.3162868190192632,0.30952914640710594,0.074,0.073,1,HSC
SLC39A8,0.31654534532028406,1.4008827741084042,0.604,0.654,1,HSC
COLQ,0.31662214114203985,1.1835346608237498,0.051,0.034,1,HSC
MYL6,0.3166908406829961,-2.9078589861605697,0.691,0.706,1,HSC
HSPBP1,0.3167099167600687,0.1324594340360473,0.269,0.291,1,HSC
IFI16,0.3167132653772034,2.439352327768253,0.801,0.774,1,HSC
CYSLTR2,0.3167271778203264,0.2200726166570514,0.176,0.138,1,HSC
ZXDC,0.3167869793222523,-0.39415163736749814,0.463,0.443,1,HSC
SMTN,0.3169100358062301,-0.20514645441100665,0.02,0.037,1,HSC
GPATCH1,0.316969439897707,0.6910843608530763,0.092,0.073,1,HSC
LARP1B,0.3172125310871372,0.13874574232109455,0.266,0.223,1,HSC
WARS2,0.31725882745731937,-0.7905773712088057,0.217,0.187,1,HSC
ZP3,0.3173329266524654,0.15237774544113014,0.074,0.061,1,HSC
MIXL1,0.31733802554607443,-1.7123924220383233,0.054,0.034,1,HSC
OR2G3,0.3174527487308723,0.7872226654086445,0.033,0.018,1,HSC
CNNM2,0.317549268895832,0.48924566960622284,0.215,0.174,1,HSC
CCDC24,0.31757645749400165,-0.1737718547186673,0.082,0.067,1,HSC
NINJ1,0.3176019829948619,-0.18634053545681684,0.151,0.171,1,HSC
RFT1,0.31763554647993775,0.13280006111224402,0.297,0.327,1,HSC
SENP6,0.3177001393440108,-1.909385982810008,0.918,0.887,1,HSC
ARPC1B,0.31770925921833226,-2.0466074915670465,0.77,0.804,1,HSC
LPAR6,0.31787475046700764,0.27546761792471997,0.118,0.089,1,HSC
VPS4B,0.3180911144651475,0.29237365792605496,0.535,0.569,1,HSC
TNNI3,0.3181378223441915,0.8544221468325608,0.013,0.006,1,HSC
UBE2Q2,0.318141226779453,-0.43485523248207425,0.407,0.459,1,HSC
EPB41,0.318177126134825,0.8786838491958737,0.55,0.557,1,HSC
KDM7A,0.3182322874566106,0.19985141944531448,0.156,0.119,1,HSC
TFR2,0.3182698469819082,-1.1751529369900087,0.297,0.254,1,HSC
COQ10B,0.31828091478622333,0.16114801774372242,0.294,0.327,1,HSC
DNAJC28,0.3183352111885098,0.7521896182141163,0.074,0.046,1,HSC
ZNF497,0.31837929279087496,0.14784902210765605,0.02,0.031,1,HSC
CYTH1,0.3184144512456498,0.9740557022867198,0.611,0.56,1,HSC
GPR108,0.3185241063840439,0.39898467146579086,0.353,0.349,1,HSC
IMP3,0.31856844649179766,0.1786970807912327,0.286,0.3,1,HSC
TP53INP1,0.3186629003772825,12.229457912682607,0.604,0.639,1,HSC
ZNF281,0.31868710912376474,0.6919637589336216,0.396,0.431,1,HSC
PGAP6,0.3187141720500645,0.15389597455866444,0.228,0.187,1,HSC
ITGB4,0.3188308624661269,0.1682446646549609,0.028,0.012,1,HSC
DGCR2,0.31896362997318023,0.4772576106537777,0.299,0.263,1,HSC
ZMYND11,0.3192292864827218,-0.46972401460953317,0.537,0.578,1,HSC
ZBTB8A,0.3192648427007545,-0.3896101044176232,0.34,0.343,1,HSC
ZNF582,0.31926830198856704,0.5829304396477974,0.102,0.073,1,HSC
NUP160,0.3192838937133211,-0.529218899542065,0.432,0.505,1,HSC
DHX29,0.319294749024392,0.35120563150283235,0.269,0.232,1,HSC
ZNF681,0.3193053524742351,-0.6867944567142641,0.179,0.211,1,HSC
CCT3,0.31930631839363516,-0.602692205267564,0.376,0.434,1,HSC
KLC4,0.3193725700327616,0.4733899494413836,0.179,0.162,1,HSC
ITPRIPL1,0.31941201105684963,-0.7671933445868273,0.059,0.095,1,HSC
PREP,0.3194792356929469,-0.5321560593438158,0.33,0.315,1,HSC
TNKS1BP1,0.31949666219072803,0.7274256408698443,0.074,0.08,1,HSC
ZNF106,0.3196358026377828,0.2591318464632518,0.368,0.324,1,HSC
HTR7,0.3198695447319444,-1.609026286700491,0.01,0.003,1,HSC
AZU1,0.3199107777111586,48.79326955126947,0.013,0.006,1,HSC
ORC4,0.3199186282375877,-0.2719577813124492,0.394,0.45,1,HSC
DDX11,0.31992754530752554,-0.8161470878204238,0.026,0.046,1,HSC
CILK1,0.3201778577633023,-0.3716899440870518,0.176,0.214,1,HSC
LYPD3,0.32020238788602096,-0.8978981202824601,0.008,0.015,1,HSC
BBS5,0.3203421360419013,-0.14711391112201744,0.13,0.122,1,HSC
CASP9,0.32034643586131667,-0.36355959440298935,0.246,0.284,1,HSC
ATP5MC1,0.32053326877886806,-0.261230618932621,0.161,0.202,1,HSC
DEAF1,0.32055914676869235,2.37154624722035,0.432,0.373,1,HSC
APOBEC3A,0.3206088644962117,0.23878311513934047,0.018,0.012,1,HSC
SKA3,0.32087392447272406,-4.762177474547359,0.125,0.168,1,HSC
CAMKK1,0.32090014287293944,-0.34044905555849936,0.038,0.061,1,HSC
MANF,0.3209302377101613,0.5938879056117452,0.442,0.382,1,HSC
LPCAT2,0.3211058465056716,-0.11897841676124576,0.588,0.535,1,HSC
WDR33,0.3212911959895993,2.2137626871550236,0.841,0.826,1,HSC
SHF,0.3213496015939514,-0.19373016243583985,0.34,0.327,1,HSC
JCHAIN,0.3213537803134939,57.439733004813334,0.184,0.147,1,HSC
PUM3,0.32149077435612616,-0.5248354843481694,0.202,0.232,1,HSC
CPA3,0.32149764695851635,0.14256066663650913,0.506,0.563,1,HSC
AURKA,0.321651618583137,0.7523469898447708,0.041,0.028,1,HSC
PARVG,0.3218092926988142,-1.203042679178405,0.793,0.789,1,HSC
MMRN1,0.3218243839453336,1.0345836078786226,0.486,0.508,1,HSC
CEP104,0.3219965767996377,-0.5684750574826894,0.261,0.284,1,HSC
SPSB3,0.32201929801356105,0.5625373910630942,0.642,0.596,1,HSC
PATJ,0.32207361388749095,-0.11575249520043629,0.345,0.3,1,HSC
MED13,0.32229762633102216,-2.0430893277735604,0.581,0.575,1,HSC
SEPTIN6,0.3223396219226212,15.53990991300599,0.969,0.948,1,HSC
MYG1,0.3223740163154698,-0.23766693754456503,0.478,0.45,1,HSC
PCSK7,0.3225509695788966,0.3460242905598726,0.289,0.251,1,HSC
CYB5R1,0.3225570518192657,0.377740951090774,0.322,0.281,1,HSC
RALA,0.32258494240705277,0.15294655346666275,0.524,0.587,1,HSC
MCM3,0.3226639157172864,-0.5396223781415967,0.465,0.443,1,HSC
LRRC51,0.3228621326481338,-1.0676514543457736,0.038,0.055,1,HSC
PIR,0.32292657003038755,-0.31555224565129136,0.151,0.141,1,HSC
NHLRC2,0.3229296206618121,0.419962813785406,0.465,0.462,1,HSC
ATPAF1,0.32324993799359153,-0.9752985928284659,0.373,0.373,1,HSC
GEMIN2,0.32341118280276976,-0.757821845590023,0.087,0.122,1,HSC
ADCK2,0.3234230784632011,0.38193102668766366,0.21,0.226,1,HSC
CMTM2,0.32360280925505863,0.389215569234711,0.013,0.006,1,HSC
SDR39U1,0.32364031552154915,0.5308849221986085,0.65,0.676,1,HSC
HACD2,0.3238719873301782,-0.5620506017390956,0.453,0.431,1,HSC
CCR4,0.3239273449269736,-1.5957775484369197,0.02,0.024,1,HSC
SKAP1,0.3239885187374444,-0.28733314173090096,0.13,0.113,1,HSC
CCDC127,0.3240553223493067,0.4834539261223654,0.182,0.15,1,HSC
PSMA4,0.32423727981693934,0.15879007304944537,0.675,0.621,1,HSC
CSK,0.32429096029374765,0.989566937477135,0.716,0.755,1,HSC
ARMC6,0.32431932542898034,-0.11022806684455977,0.317,0.3,1,HSC
DHX9,0.3243195643468294,-0.6717505382662425,0.77,0.752,1,HSC
TACC3,0.3245331697970399,-5.996252403002389,0.499,0.535,1,HSC
LIG4,0.324637685578482,0.39708006208731683,0.21,0.174,1,HSC
RPUSD3,0.3246886860377545,0.12861082563822768,0.225,0.199,1,HSC
DRAM2,0.3247248729132199,-0.34619006548496944,0.586,0.575,1,HSC
ADAM19,0.32473645311696586,1.349906721017967,0.066,0.046,1,HSC
MEN1,0.3252604715009028,0.3497113322069677,0.233,0.229,1,HSC
UBQLN1,0.3252795919195977,-0.41062020314051584,0.327,0.315,1,HSC
APH1A,0.32536068052272415,-0.17149579349954758,0.634,0.575,1,HSC
VCL,0.3253932963810614,-2.3483321873070717,0.471,0.44,1,HSC
CCDC65,0.32542296343904,1.2763637950774358,0.01,0.003,1,HSC
IZUMO4,0.32551993490304415,0.7768374166876173,0.043,0.024,1,HSC
EMID1,0.3256730713993018,-2.0056159332771344,0.744,0.771,1,HSC
CCL28,0.3257778232665648,0.40948241725192136,0.243,0.202,1,HSC
TCTA,0.32584185272075344,0.22263449039335098,0.299,0.297,1,HSC
NLRP2,0.3260635735462313,-0.5314222021979957,0.182,0.193,1,HSC
PKNOX1,0.32618756546893407,-0.4688169388689397,0.197,0.208,1,HSC
CXXC1,0.3262879482873489,-0.8526728477797414,0.419,0.474,1,HSC
ECSIT,0.3263078596557187,0.19403609323351123,0.407,0.465,1,HSC
OR2G2,0.3263154914862946,-1.3977186019719765,0.013,0.028,1,HSC
KIF2A,0.3263313147146258,-0.676838268672443,0.621,0.651,1,HSC
EFCAB11,0.3265111226892858,0.3338732465510008,0.13,0.104,1,HSC
WDR20,0.3265703115272122,0.44064618958125923,0.445,0.48,1,HSC
ITGB1BP1,0.3266179909359471,0.2706766635563312,0.35,0.336,1,HSC
MMUT,0.32662018487277505,-0.39843139758829055,0.299,0.297,1,HSC
RETREG1,0.32668407729827187,1.022695377722627,0.113,0.083,1,HSC
HCFC1,0.3266849968429751,-1.1929068075816334,0.678,0.734,1,HSC
ZBTB34,0.32669574726457873,0.22440842708773578,0.192,0.202,1,HSC
SCRN1,0.32686829806803924,-0.2476327748641407,0.616,0.642,1,HSC
SSRP1,0.32689009535187025,-4.942920897221418,0.621,0.642,1,HSC
TEPSIN,0.32694015789898684,0.38872688354020846,0.161,0.165,1,HSC
ZNF492,0.32700738800141715,-0.7528608586614234,0.046,0.073,1,HSC
PSMB6,0.32702705368084245,-0.3573793916803141,0.371,0.422,1,HSC
BLOC1S4,0.32711890882237776,0.16232905792370844,0.212,0.183,1,HSC
CCDC124,0.32724852199766485,-0.7510759984482952,0.358,0.407,1,HSC
AGTRAP,0.32734262343092335,0.36440716735771905,0.189,0.15,1,HSC
RNF5,0.3277220190657317,-1.1883278119135303,0.652,0.609,1,HSC
SEC23B,0.32787132074888714,-0.5152007868772346,0.391,0.422,1,HSC
ZSCAN25,0.32796065823340786,-0.5980548563138679,0.12,0.144,1,HSC
HOOK3,0.32798652547613016,0.12200527910913417,0.491,0.498,1,HSC
BOLA1,0.3280007645786507,0.6845301082795334,0.09,0.067,1,HSC
SPNS2,0.3281069982910255,1.2047090117450092,0.279,0.272,1,HSC
ATAD2B,0.32814210876138794,0.23309518663930984,0.422,0.394,1,HSC
TRIM44,0.32828791765509097,0.8182939764817148,0.685,0.728,1,HSC
KMT2E,0.3283972459329595,0.9474085129981473,0.818,0.826,1,HSC
FAM43A,0.32847203956377835,0.6627150591976463,0.079,0.055,1,HSC
RICTOR,0.3285820312150131,-0.2483915073999563,0.481,0.443,1,HSC
CCDC22,0.3286042179796809,-0.6591236083365435,0.148,0.177,1,HSC
HNRNPK,0.32889478600815497,-1.4889533865152327,0.867,0.847,1,HSC
TAF6L,0.3290187289483581,-0.33839838806327416,0.11,0.15,1,HSC
ERC1,0.32901989693528094,0.6446140730311798,0.412,0.398,1,HSC
RAB7A,0.32909318662201353,-0.4376660381241084,0.55,0.59,1,HSC
DUSP6,0.3291385531631235,-3.1589057501796733,0.261,0.242,1,HSC
VPS13B,0.32923169384006035,-1.591267417997214,0.783,0.81,1,HSC
FAM171A2,0.3292478264655676,-0.5867596194501077,0.12,0.159,1,HSC
ZNF570,0.3295697934520612,-0.7175312433840026,0.092,0.128,1,HSC
ENSG00000291096,0.3295788436531211,-0.2578779718092701,0.013,0.015,1,HSC
ATP11C,0.32958237216521447,0.4121145405215937,0.281,0.281,1,HSC
AK5,0.3296467657757773,-0.9173023298505196,0.015,0.012,1,HSC
SIRPB1,0.3297405816043453,-4.009374437553753,0.005,0.012,1,HSC
ANKFY1,0.3297528592064051,-0.1700805667334502,0.325,0.287,1,HSC
B4GALT6,0.3297536935424818,0.8606300200647414,0.634,0.593,1,HSC
C16orf87,0.3297559731691049,-0.18852583392101604,0.286,0.251,1,HSC
CDC34,0.3298469075140336,-0.12726159301325102,0.368,0.315,1,HSC
SMARCE1,0.329961607960992,-0.9983766779396563,0.639,0.642,1,HSC
CCDC90B,0.3300099180713912,-0.2785680626346677,0.389,0.453,1,HSC
NQO2,0.33026929370417285,-0.15537160695473143,0.284,0.242,1,HSC
C12orf43,0.3303322466942404,0.14579364995612332,0.235,0.196,1,HSC
RALGAPA2,0.33047707475556093,-0.7286282163559634,0.335,0.364,1,HSC
SLC30A5,0.3305331537542608,0.161523589988126,0.348,0.376,1,HSC
TBC1D16,0.3305332965838965,-0.5273027039806826,0.136,0.159,1,HSC
AKAP7,0.33064535477045637,0.7077973919346945,0.297,0.263,1,HSC
EIF2AK4,0.3307393482512854,-0.3465065669258267,0.501,0.554,1,HSC
FNBP1,0.3307701044394769,-2.3304366920355086,0.962,0.976,1,HSC
ITGB5,0.3308246468780733,-5.505835517615873,0.01,0.024,1,HSC
ITGA9,0.33082698045454534,-0.4576166109837114,0.563,0.578,1,HSC
PNMA6A,0.3309123323119875,-1.0853721107982315,0.005,0.012,1,HSC
RCSD1,0.33102320521700307,3.8706263789203685,0.847,0.847,1,HSC
STRBP,0.33105175597627373,-0.5699013589255943,0.67,0.7,1,HSC
RINT1,0.3311909226788499,0.17107002323990966,0.297,0.245,1,HSC
XAB2,0.33122288920596504,-0.40574706537270355,0.573,0.59,1,HSC
PTRH2,0.33133637644487846,0.4641417018022729,0.13,0.101,1,HSC
RAB8A,0.33141442168243535,0.27977619369347817,0.742,0.755,1,HSC
PRKACA,0.33163962843536865,-0.9212041999149245,0.645,0.609,1,HSC
LRIG2,0.33166306109119004,1.0570191925270485,0.437,0.465,1,HSC
HSF5,0.33168257856268707,0.5341476336202753,0.113,0.086,1,HSC
DVL2,0.3317369975842141,-0.14217527495442395,0.246,0.291,1,HSC
ADAMTS1,0.3317958798014722,0.7780011551546648,0.028,0.015,1,HSC
PRR7,0.33183675799846934,-0.8339843533011461,0.161,0.171,1,HSC
TTC30A,0.33190692531256205,0.6302359714092631,0.066,0.043,1,HSC
DOT1L,0.33191232592162384,-0.1504384809179422,0.44,0.502,1,HSC
SAP30BP,0.3319307941690191,0.20361793827693764,0.481,0.422,1,HSC
RIOK3,0.33201051992539504,0.47339095867904213,0.514,0.456,1,HSC
TINAGL1,0.33211650635327067,2.316890214753337,0.026,0.012,1,HSC
RLN1,0.33212311534654615,-0.6439057999186768,0.072,0.101,1,HSC
NDUFS5,0.3322227849393615,0.7761034341062509,0.384,0.33,1,HSC
CEP164,0.33237808601882546,-0.44113575815485295,0.235,0.248,1,HSC
RARA,0.33247340219998855,-1.1930311084169873,0.468,0.486,1,HSC
MLF1,0.3325027134709877,-1.0004199998140753,0.102,0.076,1,HSC
GRAP,0.3325074501001205,0.9477383852832655,0.059,0.037,1,HSC
OPA3,0.3325526548714565,0.21183661738640014,0.09,0.067,1,HSC
COMMD6,0.332556740058809,0.6497233823260977,0.806,0.774,1,HSC
CCDC57,0.33260905910743205,0.5187105895185997,0.207,0.171,1,HSC
TAOK3,0.3326150072898006,-3.3362070274271067,0.793,0.844,1,HSC
TIMM22,0.3327404519801711,-0.15752295293047386,0.276,0.239,1,HSC
ATP5F1E,0.33291868554909043,-0.5382245343720851,0.537,0.581,1,HSC
GNL1,0.33313658102481813,-0.7629085673830382,0.481,0.517,1,HSC
JCAD,0.33318614590973544,-0.920189544566429,0.02,0.04,1,HSC
LRRC59,0.33340786689763285,-1.2514844170531478,0.44,0.465,1,HSC
SIPA1L3,0.3335476654658196,0.5308528577122513,0.402,0.407,1,HSC
ATP1A1,0.3336111315064693,0.14369995484424303,0.409,0.456,1,HSC
ENTPD5,0.33403453261892313,-0.4145336640316028,0.189,0.226,1,HSC
XXYLT1,0.3341009896372525,-0.30666866665595416,0.159,0.174,1,HSC
CLN6,0.3341886176127533,-1.3149037849148484,0.304,0.309,1,HSC
MAGOH,0.3342762488951944,-0.3394341747960341,0.422,0.437,1,HSC
LANCL3,0.33438868199259614,1.8355072589741983,0.013,0.006,1,HSC
ARIH2,0.3345952954478193,-0.589586876520388,0.46,0.508,1,HSC
NUP42,0.3346557890329781,-0.5913854456944148,0.427,0.422,1,HSC
FMO4,0.33466757203679465,0.3512198648331579,0.087,0.067,1,HSC
ARPP21,0.3347206481602505,-1.2850695733985562,0.008,0.012,1,HSC
RITA1,0.334736391658953,-0.23243962383032235,0.207,0.232,1,HSC
EOLA1,0.3347556721135304,-0.5269829979592913,0.102,0.135,1,HSC
CXCR5,0.33475573405558495,-2.3797438948204914,0.01,0.003,1,HSC
SLC25A42,0.3349471345293255,0.23920561257987671,0.164,0.141,1,HSC
NCBP3,0.33500830307942814,-0.4212332938666603,0.46,0.446,1,HSC
RNF40,0.3350506187577132,0.4324600144978814,0.696,0.725,1,HSC
ZBTB2,0.33508446800117075,-0.4624717049229302,0.138,0.174,1,HSC
PPP2R5A,0.3351923181793509,0.7690171806348824,0.67,0.685,1,HSC
GAREM2,0.33530720456034185,-1.1632178326341815,0.01,0.024,1,HSC
TMEM14A,0.3353081891125433,-0.40739381796717833,0.276,0.333,1,HSC
BAIAP3,0.33531295544408773,0.25612267211242257,0.036,0.024,1,HSC
TBC1D22B,0.33533195112023995,0.3244575251677965,0.299,0.254,1,HSC
COPS7B,0.3355889581282292,0.6208144615372719,0.442,0.422,1,HSC
TMEM41B,0.3356370287036965,0.22941095518578525,0.588,0.535,1,HSC
SYNGR2,0.33575090199747776,0.4451595116683933,0.772,0.78,1,HSC
ARHGEF7,0.33586656505425105,0.5905842697684689,0.391,0.355,1,HSC
C1D,0.3359317577375274,0.40188728231308185,0.327,0.312,1,HSC
CASP10,0.33600456786502536,-0.7260312124659025,0.522,0.547,1,HSC
FBLL1,0.33608590567006374,-0.1272957220893387,0.013,0.021,1,HSC
TRO,0.33617485769776856,-1.0290646692549592,0.327,0.373,1,HSC
CCNC,0.33622258018073176,0.9748223701132139,0.611,0.587,1,HSC
FNBP1L,0.3362526575209379,0.4623659416625337,0.371,0.333,1,HSC
SLC8A1,0.33642686140317196,-5.001898960302275,0.015,0.031,1,HSC
LRRFIP1,0.3364876450491342,0.24309574505080223,0.716,0.706,1,HSC
TTC38,0.33655598253174623,-0.6511929953186155,0.077,0.107,1,HSC
GRSF1,0.33663265885020927,-1.3485671800672119,0.742,0.728,1,HSC
NADK,0.3367181206296431,-0.15351186453671486,0.199,0.229,1,HSC
CENPV,0.3367366585987782,0.4465037358867379,0.23,0.183,1,HSC
USP42,0.33686092700988274,0.29242177644913026,0.202,0.171,1,HSC
EBLN2,0.33690549147880106,0.39627922444732966,0.182,0.171,1,HSC
MBIP,0.3371340849680965,-0.36107891268254155,0.414,0.434,1,HSC
VSIR,0.33713614706956097,0.6387556740344937,0.45,0.41,1,HSC
S1PR1,0.3372387630976543,0.6222436316193016,0.125,0.089,1,HSC
ERCC5,0.33724856592155816,-0.20844557158992716,0.558,0.526,1,HSC
USP47,0.33730755926136546,0.5824356201983814,0.425,0.355,1,HSC
PHLPP1,0.33733962083536945,-0.711598522104987,0.256,0.297,1,HSC
RDH11,0.337737813900957,-0.29940470294358645,0.558,0.59,1,HSC
ZNF880,0.3377827105175195,-0.34784952848443407,0.179,0.19,1,HSC
ABCC2,0.3378303299622662,0.9353315370424369,0.031,0.028,1,HSC
WRAP73,0.3378997109797395,0.1554923879738318,0.164,0.196,1,HSC
EIF3G,0.3379556329586694,0.3104701451167977,0.458,0.453,1,HSC
PTGES3,0.3381558273352008,-0.5497600747768732,0.041,0.052,1,HSC
CREBZF,0.3384990307375938,-2.7183009963259877,0.734,0.752,1,HSC
B4GALT1,0.3385453896450885,0.8131218805102716,0.501,0.495,1,HSC
ADSS1,0.3385534082177948,-0.8468692142414356,0.049,0.055,1,HSC
SEC63,0.3386328962424116,1.1925152258346379,0.65,0.627,1,HSC
RNF43,0.33864890637273587,1.2514054915750377,0.026,0.018,1,HSC
HSPG2,0.3386978893092952,2.7634689301770416,0.343,0.309,1,HSC
TMEM53,0.33873077278471164,0.2924623839573064,0.072,0.046,1,HSC
FBXL13,0.3387957880168315,0.40365192750023304,0.087,0.064,1,HSC
SORD,0.3388510474144953,-0.6111192726957917,0.11,0.147,1,HSC
GAS2L2,0.33895544050083565,1.4268023166931236,0.013,0.006,1,HSC
TOR2A,0.3391302095256811,-0.7865128364727514,0.082,0.11,1,HSC
ZNF790,0.3391684769892744,0.3157483475582865,0.174,0.128,1,HSC
CD79B,0.3391864768795201,15.212394394350188,0.235,0.193,1,HSC
ATXN1,0.33925333017166387,-1.2989419490826872,0.263,0.287,1,HSC
DSTYK,0.33944485299904353,-0.28280065396256626,0.299,0.281,1,HSC
MACF1,0.3397344545941612,-1.0138165707164148,0.887,0.908,1,HSC
SERPINF1,0.33976617947063104,1.7384004027106945,0.043,0.024,1,HSC
KHDC1,0.3397963812070465,-1.778772655476653,0.013,0.031,1,HSC
TMPO,0.33987607017022187,-8.502980041925019,0.532,0.511,1,HSC
SPTLC2,0.3400587665382207,-2.037972151281365,0.783,0.749,1,HSC
SESN3,0.3401242521412136,0.7921820703768327,0.609,0.569,1,HSC
AARS2,0.3402267409591133,-0.34684165826673413,0.246,0.291,1,HSC
TMEM232,0.3404202099908919,-0.5114687416803569,0.051,0.076,1,HSC
SMAGP,0.34049891584603525,-1.0299563805864635,0.043,0.046,1,HSC
ABHD17C,0.3405122030694613,-0.9193211195016513,0.043,0.07,1,HSC
DYNLRB2,0.34055834136910323,0.6302702620488589,0.064,0.04,1,HSC
BSCL2,0.34071081708239487,0.9664709422684362,0.281,0.318,1,HSC
FYB1,0.340955648737764,1.1390778740287413,0.363,0.306,1,HSC
PSME1,0.3410169227744151,0.8587103886673262,0.974,0.954,1,HSC
KLF16,0.34101782513148493,-0.3334027450218482,0.079,0.11,1,HSC
ARFGEF1,0.3411127271679636,-0.21203742231167455,0.442,0.413,1,HSC
SMURF1,0.34122790049884905,0.216918196047041,0.174,0.131,1,HSC
HSD17B6,0.3413270888377124,1.4268023166931236,0.013,0.006,1,HSC
SAMD4A,0.3413844469635643,1.092166963543849,0.015,0.006,1,HSC
CDK17,0.3414093657591469,1.4818714532609163,0.422,0.45,1,HSC
PURB,0.34146496626547734,-0.30251696499241665,0.473,0.486,1,HSC
PNRC1,0.3416029057620129,-2.782369190845351,1,1,1,HSC
ASB6,0.3416473648219022,-0.35339256301477917,0.161,0.205,1,HSC
NMI,0.34171141291407325,-2.094462285404986,0.737,0.783,1,HSC
CAMSAP1,0.34196152931322416,0.5390769621085314,0.261,0.217,1,HSC
CCDC86,0.3420449064048755,-0.23909017443275093,0.084,0.113,1,HSC
KIF2C,0.3421207151682885,-0.9658322224626441,0.02,0.024,1,HSC
MAPK14,0.34216076237765547,-1.3324054227650226,0.818,0.841,1,HSC
H2AC15,0.3422129413394366,-0.7566278727900881,0.015,0.018,1,HSC
SULT1A2,0.34222639941003397,-0.8978981202824601,0.008,0.015,1,HSC
ARRDC2,0.34228346378068025,0.597930481432511,0.299,0.336,1,HSC
AP3S1,0.3423352731772088,0.13396624569260773,0.327,0.312,1,HSC
NAGLU,0.3423582731069087,-0.6061494670850274,0.079,0.095,1,HSC
MDFIC,0.3423977343496439,3.154873172966231,0.338,0.294,1,HSC
TGFBR1,0.34250643524158136,0.2818540063037296,0.512,0.462,1,HSC
PCNA,0.34264823674676836,-2.110723457594901,0.077,0.104,1,HSC
ZNF518A,0.342815850492131,0.483245558918837,0.437,0.394,1,HSC
PRSS53,0.34288672335031883,-0.6904569151380793,0.028,0.049,1,HSC
ATL3,0.34289764143430085,0.15265186692208954,0.381,0.373,1,HSC
PLAC8,0.3434358629932285,3.87322873766008,0.742,0.722,1,HSC
TM9SF4,0.3437656114597259,0.47522078661332706,0.402,0.355,1,HSC
PDCD6,0.34376788295386174,-0.6809083181849775,0.744,0.703,1,HSC
KATNBL1,0.34379130832377347,0.5427521922724368,0.348,0.297,1,HSC
CFAP210,0.3438329225466084,-0.2578779718092701,0.015,0.018,1,HSC
ITPRID2,0.34387089641016844,-0.7388037184459466,0.637,0.682,1,HSC
CBY1,0.34390387090373487,0.21024133412756507,0.136,0.15,1,HSC
TCN2,0.34404111869494136,-0.8560115175681609,0.026,0.031,1,HSC
MSRB2,0.3443247187841638,-0.5836532005072093,0.361,0.367,1,HSC
GTF3C1,0.3443659663421351,-0.6416624668715096,0.565,0.514,1,HSC
KCNJ14,0.344470473233909,-0.44215675975538726,0.041,0.058,1,HSC
IL1RL1,0.3444933584718121,-4.565508725958486,0.015,0.028,1,HSC
TASOR2,0.34449709091462904,0.846792173246653,0.46,0.456,1,HSC
PUSL1,0.3446240808303359,-0.5693232293889294,0.049,0.064,1,HSC
NDUFC1,0.34462683290909435,0.39914082594637046,0.514,0.517,1,HSC
PDE3B,0.34465620520135265,3.236660890394931,0.082,0.055,1,HSC
ANKRD18A,0.34473265603535225,2.9570888504636605,0.01,0.003,1,HSC
NBL1,0.34485167066725914,0.8032615919207177,0.233,0.217,1,HSC
RNF208,0.3450014552763695,1.0872127957460158,0.066,0.049,1,HSC
ZNF26,0.34502848597973834,0.4721295170256097,0.304,0.269,1,HSC
SRGN,0.3450364386146404,-255.61490020909997,0.954,0.939,1,HSC
CCDC112,0.34509016574497425,-0.7009139471926283,0.289,0.306,1,HSC
RRP1B,0.34523676587413876,-0.21992024776473595,0.483,0.443,1,HSC
CAD,0.34534932672040186,0.13235713222366252,0.182,0.202,1,HSC
UTP11,0.3455183557349186,0.4366319331621249,0.184,0.144,1,HSC
CD96,0.34552977785048117,0.9677769186158556,0.13,0.098,1,HSC
RTN4,0.345664356428881,6.148712343474994,0.726,0.761,1,HSC
ZNF333,0.34603368977406246,-0.43877845808916327,0.22,0.217,1,HSC
ZNF773,0.34606533869219325,1.5611697747303035,0.013,0.003,1,HSC
MED7,0.3460831897200408,0.1399804084437759,0.263,0.272,1,HSC
OXER1,0.3460904705993338,-0.8304130649344366,0.026,0.021,1,HSC
ZNF668,0.34619187682158203,0.569061401620182,0.066,0.058,1,HSC
BCKDHA,0.34634418584192017,-0.28500455439182826,0.504,0.538,1,HSC
PRDX1,0.34638097221034503,-4.332447766098725,0.591,0.657,1,HSC
WDR90,0.34644591747552206,-1.1625959671179595,0.092,0.098,1,HSC
RAD51C,0.3465751704882803,0.7386721251795327,0.233,0.223,1,HSC
MDM4,0.34658810811873325,2.4544974614395603,0.985,0.963,1,HSC
DGCR8,0.3467367201568024,-0.5476586728181704,0.363,0.398,1,HSC
KRBA2,0.3467485871433752,-0.33460340862273774,0.35,0.37,1,HSC
TBC1D22A,0.3467879940051046,-0.3028405828882811,0.182,0.217,1,HSC
MYO18A,0.34688394041624243,0.9570100623689979,0.586,0.557,1,HSC
RNF170,0.34690197825487046,-0.21653128826322,0.13,0.116,1,HSC
ELAC2,0.34697196971313166,0.20098649698413773,0.545,0.593,1,HSC
FOXK2,0.34699928393884283,-0.1458066586700285,0.412,0.367,1,HSC
ZNF34,0.34748939827127723,-0.5596071436790768,0.061,0.083,1,HSC
TAF1B,0.3475020495032742,0.3701172746625303,0.205,0.162,1,HSC
AIFM3,0.34754322081194344,0.6439037402061456,0.028,0.018,1,HSC
NHLRC4,0.34815084314548966,0.29440808284341946,0.123,0.107,1,HSC
CGGBP1,0.34824413957004957,-1.880124868060017,0.857,0.893,1,HSC
RAPGEF6,0.3482639069341853,0.6819132329836506,0.463,0.508,1,HSC
DNAJC5,0.34833551206287167,0.12648946681648415,0.394,0.364,1,HSC
HAUS6,0.3484027293904496,-0.12453452422055011,0.361,0.41,1,HSC
SART3,0.3485246865648496,0.48043733765723573,0.355,0.355,1,HSC
CYP1B1,0.3485776151422073,-0.8978981202824601,0.008,0.015,1,HSC
ATP6V0D1,0.3486244444643923,-0.5052042305843679,0.396,0.37,1,HSC
CCT2,0.34872205494131037,-0.580153038110524,0.506,0.56,1,HSC
FCAR,0.34875936103227767,0.8239400968045532,0.018,0.009,1,HSC
MCU,0.3488315372802215,0.3261487920815588,0.171,0.183,1,HSC
RHOB,0.3489286411592749,17.10682824187225,0.269,0.315,1,HSC
COIL,0.3490529584721867,1.099211364640348,0.343,0.318,1,HSC
CCDC115,0.3491153519647446,0.18720927231117424,0.412,0.364,1,HSC
ZSCAN2,0.3493342872589641,0.39782914528791546,0.327,0.324,1,HSC
IKBKG,0.34948260792218827,0.5119047475355972,0.437,0.398,1,HSC
DENND2D,0.34953511760190675,1.6119662886905757,0.24,0.223,1,HSC
SLC8A3,0.34953568196802015,0.864890182308931,0.087,0.067,1,HSC
CHML,0.3498566274391861,-0.45946680880225743,0.361,0.398,1,HSC
DYRK2,0.3499083689888725,0.6745177509395084,0.32,0.339,1,HSC
UQCRH,0.3499092064031807,-1.1063339492833557,0.251,0.229,1,HSC
OXCT1,0.3499295390859197,-0.3491708007962472,0.35,0.336,1,HSC
GSR,0.3500199928359804,1.067766737009196,0.368,0.315,1,HSC
TAF1,0.3500701862195942,0.5541644424540438,0.445,0.388,1,HSC
TBC1D5,0.35017079127306566,-0.4526656126967823,0.578,0.532,1,HSC
MAP2K7,0.3502477922505727,0.346291270220938,0.496,0.456,1,HSC
CENPVL3,0.35035329625979894,-1.6343928379745671,0.008,0.018,1,HSC
CDAN1,0.35037772135455253,-0.3452914994838354,0.141,0.183,1,HSC
PRC1,0.35040145451051524,0.40467669285729535,0.082,0.055,1,HSC
ANKRD10,0.3504059829057047,-1.6873424593948938,0.885,0.887,1,HSC
ZCCHC18,0.3504355537075046,-0.5326303396697774,0.028,0.043,1,HSC
THNSL2,0.35071297151723446,0.5682358476000124,0.028,0.037,1,HSC
MAOA,0.3507322115574474,-1.4702782901430238,0.008,0.015,1,HSC
MARCHF6,0.35075175704372674,-2.849187948814352,0.841,0.85,1,HSC
UAP1,0.3507571167631024,1.6152615224902678,0.32,0.373,1,HSC
ATP5PO,0.35086869891134054,1.330677641879766,0.138,0.119,1,HSC
CCPG1,0.35101308092812833,0.6612312734848844,0.427,0.465,1,HSC
UBE2L6,0.3512458040409367,1.5537336285459844,0.757,0.761,1,HSC
NUDT11,0.35126764764303353,-0.7071200551026451,0.161,0.208,1,HSC
LMO2,0.3514810738841355,-0.6055110707859832,0.841,0.865,1,HSC
TTLL4,0.3517551214465632,0.4304769270115141,0.164,0.125,1,HSC
RECQL,0.3519232061276252,-0.6270828420196484,0.338,0.391,1,HSC
SMIM10L1,0.351979161575936,-0.4932496002732405,0.578,0.535,1,HSC
YY1,0.3520349478009681,-0.2883594087422847,0.575,0.572,1,HSC
PLTP,0.3520431957966043,-0.27231675613619327,0.271,0.269,1,HSC
KIAA2026,0.3523342856181587,1.3997627328469235,0.683,0.639,1,HSC
WIPI1,0.3523613501541055,0.4576470541197395,0.033,0.034,1,HSC
C1orf174,0.35240531906629385,0.27166670157799966,0.427,0.376,1,HSC
KIAA0825,0.3524192400701496,0.5379683742798809,0.156,0.122,1,HSC
DCPS,0.3526913921244006,-0.3659481567525422,0.136,0.162,1,HSC
ATP1B3,0.3527419575617947,-0.21142915122723027,0.292,0.315,1,HSC
MZB1,0.35293056575008885,0.6590611586491897,0.253,0.211,1,HSC
STAMBPL1,0.3529506109647232,1.0081380373314688,0.143,0.122,1,HSC
TLE2,0.3529510940364277,2.3453564691211284,0.013,0.006,1,HSC
ZFAND4,0.35295623284273125,0.32232687675269966,0.148,0.147,1,HSC
NR1D1,0.35296189551543894,-1.3236256504599502,0.064,0.08,1,HSC
PELI2,0.35305307096246397,0.5028863951556042,0.422,0.45,1,HSC
TTC12,0.3530587966912614,1.0442140684318175,0.097,0.089,1,HSC
QSOX1,0.3531288037218262,0.18024484075895325,0.248,0.211,1,HSC
LTO1,0.35319279875653314,0.17717071324804978,0.115,0.089,1,HSC
CLBA1,0.3532776589111039,-0.23155573959727738,0.038,0.037,1,HSC
DYNC1I2,0.35330984744865396,-0.645165247552038,0.757,0.777,1,HSC
FN3KRP,0.3533106655911957,-0.7979624823312279,0.299,0.309,1,HSC
SSBP1,0.35401018824526786,0.5850997664432414,0.118,0.122,1,HSC
SHD,0.3540993933576223,1.2996366143369928,0.064,0.055,1,HSC
BAIAP2L2,0.35418769932791877,1.5909168645246679,0.015,0.006,1,HSC
TUBG1,0.35419434940579686,0.35669573791811526,0.097,0.089,1,HSC
MT-CO2,0.35420070191653646,-14.875987405034692,0.977,0.982,1,HSC
SMARCD2,0.35431523396347625,-0.5226195264684976,0.565,0.587,1,HSC
HIP1,0.3543639947935765,0.33532142108605223,0.128,0.098,1,HSC
POLR1B,0.35436770592985517,-0.5366248509967051,0.338,0.339,1,HSC
TBCC,0.35437552518174165,1.0672443909941014,0.509,0.459,1,HSC
DUSP4,0.3543903860184008,0.13028375733627717,0.026,0.021,1,HSC
HELB,0.3544245729721196,0.602534768474086,0.371,0.346,1,HSC
OGFOD1,0.3544517330056234,-0.3968110329094907,0.404,0.394,1,HSC
MTMR9,0.35469180966180774,0.4975675345034131,0.284,0.251,1,HSC
OLA1,0.3548585494504973,-0.3362178541635108,0.476,0.514,1,HSC
LGALS3BP,0.35497870864952863,-0.1981962529438811,0.133,0.101,1,HSC
NICN1,0.35501904363704084,0.6314089169764088,0.386,0.333,1,HSC
CCDC106,0.35522025923927736,-0.559236887654391,0.113,0.147,1,HSC
OSBPL7,0.35529246427111055,-0.5944740910629718,0.064,0.083,1,HSC
CA9,0.3553044169544961,0.5485722127164285,0.013,0.009,1,HSC
SH2B3,0.35531054831733827,-0.4776907200664423,0.179,0.229,1,HSC
CAMLG,0.3553459866741956,0.3967118017611426,0.757,0.789,1,HSC
NUBPL,0.35540110147124315,-0.33570755486648285,0.169,0.193,1,HSC
ROBO3,0.35543983923527744,-0.8020077339961419,0.274,0.297,1,HSC
SIDT2,0.355464125804989,0.5114666760340476,0.082,0.104,1,HSC
MTAP,0.3555590094451354,-0.14495245856949046,0.23,0.223,1,HSC
CDPF1,0.3557355672313986,0.3519570975533177,0.133,0.101,1,HSC
FAM219A,0.3558747608144902,0.16072072499727108,0.113,0.086,1,HSC
MED9,0.35597668268314075,-0.17334802213945644,0.187,0.229,1,HSC
H2BC15,0.3560940035199021,-1.0853721107982315,0.005,0.012,1,HSC
POLE,0.3562033156286875,-0.17320902709213132,0.274,0.239,1,HSC
ZFYVE28,0.3562558702169942,0.4264468728951205,0.041,0.046,1,HSC
SEC24A,0.35637270052855163,0.20148442980755824,0.292,0.269,1,HSC
C3orf18,0.35644816673923524,-0.8899503709931125,0.02,0.031,1,HSC
UCHL3,0.3565130978737254,-0.6761283422553079,0.358,0.37,1,HSC
RCE1,0.3565344695871506,-0.6582647527814254,0.166,0.214,1,HSC
SLFN12L,0.35661835539463543,1.526842135625293,0.059,0.037,1,HSC
WDR25,0.35665956143857064,0.675547312385971,0.077,0.08,1,HSC
GAS7,0.35696218712010613,-1.2240503964267866,0.105,0.141,1,HSC
WASHC4,0.3569849942478619,0.24958805255648908,0.762,0.725,1,HSC
ENSA,0.3570061727250601,-0.9813958716850202,0.675,0.706,1,HSC
KATNAL2,0.3571405977872944,1.3265740681215559,0.043,0.024,1,HSC
H4C3,0.35721091876019334,-33.13329512366406,0.547,0.532,1,HSC
ATP6V0A1,0.3573400676209282,-0.19485561353940917,0.33,0.339,1,HSC
SGK1,0.35742849491298795,-0.4467315889418533,0.028,0.04,1,HSC
BEX5,0.357487072604981,-0.9336017718630787,0.074,0.11,1,HSC
SECISBP2L,0.35775830906143496,0.21516829989090458,0.519,0.56,1,HSC
PHACTR4,0.35785066888087613,1.0161826030937897,0.706,0.728,1,HSC
CNRIP1,0.35809564136891836,13.048993047984688,0.345,0.367,1,HSC
GTF2IRD1,0.35821450919286385,1.0799614990247504,0.028,0.012,1,HSC
LYL1,0.3583272870655475,-0.4261807605267034,0.655,0.627,1,HSC
NOC2L,0.35894672085036705,-0.530257939356523,0.233,0.284,1,HSC
ZNF789,0.3589588090431201,-0.22797847156012363,0.074,0.095,1,HSC
WDR36,0.359159481264412,0.5291466261066045,0.355,0.33,1,HSC
CGRRF1,0.35916221914501667,0.4130254555488084,0.253,0.214,1,HSC
HSBP1,0.3591881659632971,0.8509341223162824,0.481,0.434,1,HSC
SSR2,0.359334533838883,-6.444310214043238,0.936,0.92,1,HSC
MAD1L1,0.3593744696031558,0.6853689467374643,0.171,0.135,1,HSC
ELF2,0.35957868116854097,1.9097240715244803,0.583,0.615,1,HSC
MTARC1,0.35972345010337214,-0.5050150496452606,0.02,0.037,1,HSC
CCNB2,0.3597485382895702,-1.8611172231711937,0.056,0.08,1,HSC
ERI3,0.3597775793431276,0.3076180521211527,0.389,0.404,1,HSC
NIBAN2,0.3597947759976896,-1.6230698741624416,0.141,0.159,1,HSC
TMEM182,0.35995809019189146,0.2464859530853798,0.189,0.153,1,HSC
CASP4,0.3599956057641154,0.6990381097856595,0.642,0.7,1,HSC
CD59,0.3600527126881103,0.2120931539282146,0.381,0.437,1,HSC
CDK15,0.36007730266331484,-2.8506947838553414,0.041,0.031,1,HSC
TCF7L2,0.36025812105917465,-2.1279507891401876,0.189,0.217,1,HSC
EIF3B,0.3605528594718119,0.46898897822672936,0.731,0.7,1,HSC
ELP2,0.36068098213669086,0.10933484361383039,0.637,0.673,1,HSC
GFER,0.36069126800130336,-0.620240099785301,0.141,0.19,1,HSC
KIN,0.3607326112732526,0.2877300873200408,0.284,0.232,1,HSC
ZC3H10,0.3607349763365104,0.42771934427325164,0.166,0.171,1,HSC
CASP6,0.36076346238809004,1.3457336933943802,0.514,0.566,1,HSC
NACC2,0.36080528707742593,-0.4463433274421773,0.125,0.159,1,HSC
GGCX,0.3609147805415887,-0.18038756059444294,0.11,0.107,1,HSC
AKAP13,0.3609524054425316,-1.2704854501301917,0.708,0.697,1,HSC
SHQ1,0.36096974775763246,-0.1813084083009281,0.266,0.242,1,HSC
PRDM2,0.3609852396191135,0.876954019862809,0.514,0.495,1,HSC
PIN4,0.36104838020403,0.19476662582944415,0.289,0.254,1,HSC
SLC7A5,0.3611103448573656,-1.7616114489385246,0.205,0.177,1,HSC
VMP1,0.36120643735065416,-4.358870057624103,0.624,0.654,1,HSC
SERBP1,0.3613028213670967,-1.1106063334101455,0.783,0.826,1,HSC
PLA2G4C,0.3615065512520483,1.69078910630552,0.031,0.018,1,HSC
ZNF780A,0.36163452084002856,-0.578705852801638,0.13,0.156,1,HSC
HIBADH,0.361666913900983,0.14969190806733423,0.235,0.226,1,HSC
DENND4B,0.36178582453097635,-0.48014354851804364,0.212,0.26,1,HSC
KIF1B,0.3620541366920085,0.4189205337394478,0.348,0.327,1,HSC
VWF,0.3621633724975874,-0.9299196156140217,0.087,0.119,1,HSC
GCH1,0.36231397514882974,0.7256604478807205,0.064,0.046,1,HSC
SHCBP1,0.3624170464368605,-0.9062273659600786,0.023,0.028,1,HSC
SNF8,0.36245570035921837,-0.21485695641666278,0.248,0.239,1,HSC
PER1,0.36254151573976,-0.6978900467921967,0.327,0.352,1,HSC
GIMAP5,0.3625873378137385,0.2602191394492277,0.074,0.067,1,HSC
SEC31A,0.3626149511649868,-0.7956654619705255,0.795,0.749,1,HSC
REEP5,0.36277537434696,0.20991765586937516,0.302,0.266,1,HSC
MIA2,0.3628353988508886,-0.28603274802002554,0.389,0.44,1,HSC
SLC29A2,0.3628974317577283,0.4133405566024366,0.125,0.122,1,HSC
ZNF157,0.36290923299644995,-1.0853721107982315,0.005,0.012,1,HSC
PCP4L1,0.3629487351211566,-2.7660971661844567,0.005,0.012,1,HSC
TWNK,0.3631170705943413,-0.5215269501368971,0.159,0.199,1,HSC
ZNF550,0.36327823190444947,-0.2284103336963329,0.22,0.269,1,HSC
SPON2,0.36348167276652776,2.2101491591363986,0.077,0.052,1,HSC
ZDHHC16,0.36356388673802603,0.5622357032147776,0.386,0.358,1,HSC
GIMAP6,0.36365339306532823,1.0076890764546178,0.281,0.251,1,HSC
B9D1,0.3637179947778867,-0.16257472091595915,0.056,0.037,1,HSC
ZNF576,0.363750437772475,-0.21272250593998887,0.107,0.107,1,HSC
MAP4K5,0.3637890114605383,0.26225778967026114,0.471,0.425,1,HSC
TEX261,0.36383980689919765,0.12170435842924193,0.297,0.251,1,HSC
CLDN10,0.36391944584755914,-1.3110199057970873,0.125,0.153,1,HSC
ZNF568,0.3640192832438601,0.16818923444286624,0.276,0.239,1,HSC
QSOX2,0.3643002838994318,0.867973175891171,0.235,0.229,1,HSC
RABEP1,0.36454711196453177,-0.7279256474011184,0.55,0.599,1,HSC
SFXN4,0.3646943715660605,-0.10159170641805967,0.286,0.269,1,HSC
SCPEP1,0.36471747489698453,1.7406190023590993,0.1,0.125,1,HSC
SAYSD1,0.3649615598191534,0.6422763460972225,0.156,0.119,1,HSC
CAMKV,0.3650247902160148,-1.8810164931992075,0.008,0.018,1,HSC
CUX1,0.36503293848944923,-0.4179820984233027,0.806,0.801,1,HSC
KHK,0.36504675696830835,-0.6193364936367334,0.038,0.043,1,HSC
GUSB,0.3650548802720884,-2.30393465163516,0.616,0.664,1,HSC
SELENOS,0.3652215262828404,0.14860505206433172,0.376,0.364,1,HSC
IFNAR1,0.3652255199163784,-1.7384866738800122,0.463,0.517,1,HSC
ASXL2,0.36533576121429884,1.0994348221707906,0.368,0.355,1,HSC
HOXA7,0.36536685517450346,0.473756800399723,0.141,0.138,1,HSC
SART1,0.3653749359897559,-0.2682075464582456,0.568,0.52,1,HSC
LDAF1,0.36540486327501637,0.26007324283972133,0.419,0.413,1,HSC
DDHD2,0.3654412601760278,0.48299823671274544,0.453,0.398,1,HSC
AVPI1,0.3654716724846265,-0.7489726828024925,0.043,0.067,1,HSC
KLHDC1,0.3655075693215113,0.3811434060782996,0.248,0.229,1,HSC
C7orf31,0.3655887953322738,-0.30329557987985445,0.125,0.125,1,HSC
TUBA4A,0.36559846504240306,1.6695422349724096,0.061,0.049,1,HSC
N4BP2L1,0.36560031883301664,0.4236624610825296,0.394,0.373,1,HSC
ARL1,0.3659199701851692,0.1512771774341627,0.44,0.394,1,HSC
TRIM68,0.36592295707031564,-0.6878205930178707,0.054,0.073,1,HSC
CALCOCO2,0.36596762748057615,5.693689961249843,0.731,0.7,1,HSC
PRKRA,0.3660042521342837,0.8466276747125487,0.506,0.471,1,HSC
YPEL3,0.3660182697171877,0.29162389184181325,0.703,0.664,1,HSC
FHIP2A,0.36602604156183977,0.22469226698950018,0.435,0.456,1,HSC
FASTKD2,0.3660812755828574,-0.5387052355051147,0.54,0.587,1,HSC
CARMIL3,0.36608489452527304,0.5696161671796931,0.01,0.006,1,HSC
TMEM70,0.36616197658111305,-0.4890148784548202,0.243,0.266,1,HSC
CEP112,0.3662061320584937,0.3242036246426334,0.02,0.034,1,HSC
MPPE1,0.3662227664132691,0.10987283169955804,0.294,0.291,1,HSC
ZNF680,0.3663000576530101,-0.21989480413931983,0.491,0.443,1,HSC
CLDND1,0.36636764686379125,0.23507777992078083,0.708,0.688,1,HSC
ZBTB40,0.36644118537646275,0.48706683217161184,0.194,0.205,1,HSC
TNNT3,0.3664760288707347,0.21981824356332202,0.148,0.119,1,HSC
UBE2G1,0.3665065209144477,-0.5347807842152255,0.483,0.459,1,HSC
ATL2,0.3666743521210018,-0.7037760093670011,0.399,0.437,1,HSC
USP2,0.3668555010762732,-0.4912403998652186,0.01,0.024,1,HSC
MTFMT,0.3669104383681123,0.1344577255783923,0.077,0.061,1,HSC
TUFT1,0.36725875402417835,-1.013985933774125,0.013,0.024,1,HSC
AUTS2,0.36729311593536906,-0.5064192738840847,0.417,0.379,1,HSC
INTS2,0.3673915323201437,-0.30385910119943244,0.248,0.263,1,HSC
PLCXD2,0.3674472752818507,0.7489813312533364,0.051,0.034,1,HSC
C10orf95,0.3675242191067484,0.18415664811480426,0.018,0.021,1,HSC
BTBD6,0.36756012569853513,0.4078059143503694,0.09,0.104,1,HSC
CEP192,0.3676062962842392,-0.5808862383778739,0.473,0.523,1,HSC
GSK3B,0.36761182090044553,-0.5649131652434285,0.706,0.743,1,HSC
GPHN,0.3676341585658127,-0.3301447321967732,0.24,0.287,1,HSC
TAF1C,0.3677535833664076,0.12699439767604215,0.143,0.168,1,HSC
STMP1,0.36786997855078235,1.2037768132803084,0.877,0.908,1,HSC
PEBP1,0.3679027638094304,7.4657723619046825,0.729,0.777,1,HSC
THRB,0.36804761331445385,-0.6701401275118197,0.066,0.095,1,HSC
UCHL5,0.3681907806938528,-0.16372330247879432,0.312,0.287,1,HSC
ZFHX3,0.3682649917734996,0.9676018323333666,0.123,0.104,1,HSC
HEXIM1,0.3683722179485065,-0.26628378853057777,0.376,0.41,1,HSC
ADGRE5,0.36840173463745124,-6.1938791702151015,0.652,0.618,1,HSC
UCHL1,0.36845291457215185,-0.5061591577463771,0.046,0.067,1,HSC
PIGL,0.36849488978007794,-0.16230044357982232,0.414,0.37,1,HSC
PRIM1,0.36851168933941164,-7.485610398952485,0.292,0.343,1,HSC
ASF1A,0.3685829509574803,-0.25317676028988134,0.488,0.532,1,HSC
SLC41A2,0.3686175893782275,0.9632098718991329,0.028,0.012,1,HSC
TLE1,0.36864144592325965,-1.063063964450095,0.054,0.034,1,HSC
PTPN22,0.36867981664996075,-2.1244407055513954,0.263,0.226,1,HSC
AGTPBP1,0.36870147309304785,1.5609324770282247,0.542,0.514,1,HSC
DHX38,0.36887015289178193,0.17212280145712233,0.517,0.563,1,HSC
XPNPEP3,0.368873055548321,-0.21385227311196786,0.118,0.119,1,HSC
FHOD1,0.3689449213090504,0.4049431647938053,0.379,0.336,1,HSC
ANKH,0.3689790846671347,-0.625380620424282,0.102,0.135,1,HSC
CDK5,0.3689978521218428,-0.17570612405009856,0.11,0.107,1,HSC
FAM151B,0.3690359115973301,0.16022396089087954,0.028,0.012,1,HSC
RMND1,0.36904210476568816,2.45173621937949,0.43,0.425,1,HSC
THAP10,0.36906895382228316,-1.3533973458148645,0.013,0.028,1,HSC
FLT3LG,0.36910061118670157,0.3906382096981626,0.11,0.089,1,HSC
NCEH1,0.3691422874904518,-0.5208251634606225,0.1,0.101,1,HSC
CLMN,0.3694602921150174,-1.7817306603471668,0.008,0.021,1,HSC
FMO5,0.36974528402666557,0.2505007636556853,0.12,0.113,1,HSC
CXCR4,0.3697913350120282,-8.699370380503204,0.435,0.398,1,HSC
ZNF670,0.36999665510915625,0.28137405866679055,0.118,0.125,1,HSC
PCDHGC3,0.37008405526804306,0.6198869933752089,0.015,0.009,1,HSC
FCGBP,0.3701341131816818,0.5265219941660071,0.026,0.018,1,HSC
MCM2,0.37025233248109324,-6.359314949770818,0.302,0.287,1,HSC
ADAM10,0.3703854462343102,0.9089236789911848,0.65,0.694,1,HSC
YY1AP1,0.37039652771479203,0.46195276510601313,0.632,0.602,1,HSC
SLC25A27,0.3704285358398171,0.4794843759287568,0.107,0.113,1,HSC
NIPSNAP2,0.370494697369985,0.1837323362067922,0.532,0.492,1,HSC
MAP3K7CL,0.3705342559380898,8.245283942026736,0.054,0.067,1,HSC
BORCS7,0.37081541850207217,0.2185625232035763,0.322,0.358,1,HSC
SERTAD3,0.3709019124982385,0.2926514640246606,0.202,0.202,1,HSC
STRAP,0.3709136914826706,-0.9505365764910092,0.624,0.593,1,HSC
CAPN7,0.3711741623140493,0.21733014032064701,0.363,0.373,1,HSC
TMEM131,0.37147312170603847,0.5974217020800985,0.501,0.554,1,HSC
RPAP3,0.3714970094434211,0.4386791366283602,0.471,0.434,1,HSC
SLC25A32,0.3717693574436423,0.4032091512161602,0.251,0.263,1,HSC
NOXRED1,0.3717747267552157,0.3489119600456956,0.051,0.037,1,HSC
PHF12,0.3717823603133099,0.9750180664599126,0.591,0.639,1,HSC
PSMG4,0.37186957984295266,-0.15505451316008997,0.274,0.321,1,HSC
ALKBH6,0.3719125706856961,-0.136575776923473,0.192,0.232,1,HSC
COA5,0.3719328186106592,-0.4577773673175044,0.169,0.214,1,HSC
ZNF766,0.3720821300854007,0.5032123737240497,0.304,0.266,1,HSC
LRRC49,0.3724365933311261,-0.8335878224057423,0.018,0.024,1,HSC
BLVRB,0.3724716872000396,0.7029632682149798,0.166,0.159,1,HSC
HPF1,0.3725941785448506,0.39453847647665996,0.169,0.135,1,HSC
GEMIN8,0.3726072664753508,-0.4940546843581208,0.225,0.266,1,HSC
YIPF5,0.37281490579294563,-0.4421643280022741,0.373,0.391,1,HSC
PREB,0.3728752056221157,-0.22151824218004434,0.338,0.333,1,HSC
ELF1,0.3731118200879364,-5.227874601754964,0.941,0.927,1,HSC
IL1RAPL1,0.37311502697912413,2.4049940980022715,0.01,0.003,1,HSC
KIAA1522,0.3732352110075877,-0.6940974874204441,0.335,0.367,1,HSC
C2orf42,0.37331196764441754,0.23478706983340314,0.156,0.125,1,HSC
PGM1,0.3735116486825796,0.5814718994078814,0.386,0.346,1,HSC
PGLS,0.3736291790025919,-2.4751765344653305,0.578,0.599,1,HSC
OR52N1,0.3737254461724248,1.2795342881994847,0.026,0.012,1,HSC
RRAGC,0.37372662366980147,-0.4729823159015336,0.261,0.269,1,HSC
FNDC3A,0.37373999106007194,0.3199512127475743,0.619,0.566,1,HSC
MUL1,0.3737635921414489,-0.42235766822595044,0.197,0.229,1,HSC
MSRB1,0.3737696560842625,-0.15470619078227266,0.138,0.119,1,HSC
NCOA6,0.3738144521243612,0.3159907287576508,0.478,0.425,1,HSC
LMF2,0.37401678811163763,0.2808107312868908,0.153,0.159,1,HSC
POLR1C,0.3740607481824919,-0.16775474942951285,0.125,0.147,1,HSC
TDP2,0.3740765845847027,0.27343982439578335,0.368,0.327,1,HSC
TIPARP,0.3741900604513966,0.44291355227389184,0.309,0.278,1,HSC
MSANTD1,0.3745048456459058,0.23878311513934047,0.018,0.012,1,HSC
ATP5ME,0.37452423217388847,0.12484825319385884,0.568,0.627,1,HSC
RBFA,0.3745508428956642,0.7040025335279649,0.253,0.26,1,HSC
LRRD1,0.3745568711105095,1.4885558606203464,0.015,0.009,1,HSC
SUMF2,0.37456032729909416,0.15757968614593576,0.685,0.688,1,HSC
SPATS2,0.37456253255316024,-0.35207219145012564,0.312,0.361,1,HSC
DEF6,0.3747132833715724,-0.710145388979577,0.591,0.606,1,HSC
TBL2,0.37477379428995816,-0.8468293457638917,0.343,0.306,1,HSC
GAL3ST4,0.37486701980797116,0.775447247560273,0.066,0.061,1,HSC
DPEP2,0.3751192267373586,-0.6538961063939159,0.317,0.352,1,HSC
ARID1B,0.37512480868021036,-0.16496006306807365,0.529,0.575,1,HSC
DHRS12,0.3751705593782482,0.11875853280505841,0.205,0.202,1,HSC
NKAIN2,0.3752997269511703,-0.8191001883330018,0.192,0.177,1,HSC
SMKR1,0.37542467631573356,0.40809382921109094,0.031,0.034,1,HSC
L3MBTL2,0.3754710476034457,-0.518249970889631,0.261,0.278,1,HSC
L3HYPDH,0.3755499673051906,0.25969258580939025,0.289,0.303,1,HSC
FITM2,0.37581834257561597,-0.14231260961787617,0.077,0.067,1,HSC
QKI,0.3758454198511367,0.2658341278842906,0.703,0.667,1,HSC
PDE8A,0.3759583844203602,-0.21815169788294853,0.092,0.122,1,HSC
SLC22A23,0.376082134511004,1.4268023166931236,0.013,0.006,1,HSC
TPGS2,0.3761142978812097,-2.9591728732766387,0.634,0.654,1,HSC
LRCH3,0.37654797573584,0.17777104535597,0.614,0.657,1,HSC
MAGEH1,0.3765533982950803,1.7264567099104227,0.391,0.401,1,HSC
ATP5F1B,0.37662933482705035,-0.3664367307606051,0.854,0.823,1,HSC
FAM30A,0.3766314799166806,5.396879120514871,0.621,0.581,1,HSC
TIGAR,0.3767259078158118,0.5564134153498226,0.066,0.055,1,HSC
ACACB,0.37682758174775555,0.28721810194152414,0.238,0.202,1,HSC
PLCB3,0.3769463001153885,-4.285785439439323,0.143,0.18,1,HSC
RABEPK,0.37710841915350407,-0.7318371686145599,0.21,0.235,1,HSC
PHF19,0.3771677022136554,-4.0546194890994,0.266,0.303,1,HSC
OPHN1,0.37742628121726934,0.2475788994399979,0.043,0.034,1,HSC
ATXN7,0.37755395631931243,-0.45437518086848394,0.604,0.55,1,HSC
CARNMT1,0.37768858518463644,1.0987061307500006,0.463,0.437,1,HSC
REPS1,0.3779018811203676,0.22277301698677654,0.66,0.63,1,HSC
CRTC1,0.37790382378076276,-0.46839642828408645,0.107,0.104,1,HSC
SCP2,0.37794733218318216,-3.9563766647985092,0.785,0.746,1,HSC
MSN,0.37801667149486834,13.758434406216814,0.98,0.966,1,HSC
NSUN2,0.3781165891156123,0.21266466054510502,0.514,0.489,1,HSC
TIMP1,0.378225831152554,6.675319622843655,0.437,0.48,1,HSC
SRSF3,0.37829196722748687,-0.6295136015352902,0.877,0.862,1,HSC
STAR,0.37831123266276157,-0.6277969380735882,0.015,0.018,1,HSC
PSMF1,0.3783217711709104,1.521901019060767,0.78,0.786,1,HSC
TMBIM4,0.37833070081980635,-0.8603779383725128,0.78,0.786,1,HSC
PRCC,0.3783710639160203,0.4576262779566169,0.478,0.471,1,HSC
RBM28,0.37868420273951264,-0.5301292290093911,0.371,0.413,1,HSC
TMEM128,0.37883090915214523,-0.23350422835158202,0.366,0.361,1,HSC
ZDHHC4,0.3790785155839913,0.3081578369046757,0.363,0.349,1,HSC
HAUS1,0.3791926076222549,-0.52186492881101465,0.269,0.321,1,HSC
FBXO38,0.37927880864212743,-0.1560826254145854,0.34,0.364,1,HSC
SMDT1,0.3793145537684197,-0.8162828215156965,0.762,0.801,1,HSC
FOS,0.3793646657391519,-1.739177591507925,0.645,0.615,1,HSC
CD68,0.3793782884098285,-4.500279914352442,0.197,0.202,1,HSC
RGS14,0.3794316460000355,-0.5254730691902174,0.394,0.346,1,HSC
CGN,0.37946868582717674,1.4268023166931236,0.013,0.006,1,HSC
ZBTB45,0.37958455516350803,-0.36759192816705977,0.207,0.171,1,HSC
FTSJ3,0.37968831695815725,0.4125912454059847,0.348,0.352,1,HSC
UBXN7,0.37969245236719834,0.6622896953571864,0.563,0.572,1,HSC
SIGMAR1,0.37986195269047096,-0.42823684959848995,0.202,0.19,1,HSC
SEC24C,0.3799034646129093,0.17665686491618604,0.455,0.419,1,HSC
EXOC1,0.3799737112867172,-0.689777035352916,0.588,0.63,1,HSC
ZC4H2,0.38000962754245265,-0.6214699454733988,0.171,0.199,1,HSC
JAK2,0.3806417634452063,-0.37642904287250767,0.509,0.498,1,HSC
FXN,0.3806646113890672,-0.49402994340600437,0.281,0.327,1,HSC
RRAS,0.3806680521335766,1.2099436209018155,0.09,0.089,1,HSC
OS9,0.3806791040351834,-0.8867904219786276,0.918,0.89,1,HSC
EXOC3,0.3808500642891161,0.6725530189630193,0.754,0.719,1,HSC
MCM10,0.3808764205563445,-8.639751243762515,0.005,0.012,1,HSC
PPP2R1B,0.38098069353909236,0.5602584294235999,0.442,0.407,1,HSC
BICD1,0.38102787625927287,0.21253296738780192,0.379,0.404,1,HSC
ZNF440,0.38105122359336535,-0.39773640391306864,0.107,0.138,1,HSC
DEK,0.38114021700720274,-3.443399354406477,0.588,0.615,1,HSC
PLEKHF2,0.3814470528107171,1.1696705385018522,0.509,0.532,1,HSC
POM121,0.38153028693762453,-0.4336561439050337,0.166,0.208,1,HSC
PNMA3,0.3817594586255278,0.3423063237359987,0.056,0.061,1,HSC
ZNF597,0.3817930112950436,0.7732532221517809,0.049,0.028,1,HSC
PBX2,0.3818201260555312,0.7224769611022683,0.808,0.826,1,HSC
PJA1,0.38190326741278946,0.4059599989071492,0.159,0.125,1,HSC
C18orf25,0.382120936505063,-0.2548946644148431,0.478,0.431,1,HSC
KIF24,0.3821595297443356,-0.4679705802787195,0.01,0.006,1,HSC
TM4SF1,0.3823546480684754,2.9009522852816403,0.141,0.128,1,HSC
ETFA,0.38237910226896116,-0.3825481335355345,0.729,0.688,1,HSC
ZNF808,0.3824174958934298,0.399124258132715,0.322,0.309,1,HSC
ZNF684,0.3825320947605447,0.5236429786891668,0.059,0.037,1,HSC
VPS33B,0.38279143525240295,-0.7263853038711239,0.082,0.092,1,HSC
LRRC57,0.38290693497838785,0.11593780594225023,0.471,0.483,1,HSC
SRP68,0.3829825607171201,0.5822798389463679,0.486,0.505,1,HSC
HSPA8,0.3830768779415678,2.617847219387272,0.905,0.872,1,HSC
AHR,0.38323882183085756,-3.1609269019570547,0.609,0.639,1,HSC
ADRA2A,0.3833724470807217,2.259685810583024,0.095,0.113,1,HSC
RNGTT,0.3833837464531891,-0.4963690052998846,0.494,0.465,1,HSC
ISCU,0.3833952708250872,-0.6562122779493915,0.642,0.688,1,HSC
FAAH,0.3834430802466037,0.353285104849292,0.066,0.07,1,HSC
CMTM3,0.38345382274759626,1.2507626829402527,0.708,0.673,1,HSC
WDR7,0.3834553570444506,-0.12290196048707269,0.087,0.089,1,HSC
TNFSF4,0.3834634405769048,0.2519054920553076,0.217,0.26,1,HSC
AGBL5,0.38353043013559024,0.5610728871044575,0.376,0.324,1,HSC
RPA4,0.3835684435263189,0.6503815691702921,0.033,0.034,1,HSC
MTMR4,0.38372568673595375,0.32220089139702623,0.478,0.425,1,HSC
DDX59,0.38377517913080367,-0.28215447301988883,0.491,0.538,1,HSC
BCL11B,0.3837834897547216,4.488574817669047,0.09,0.064,1,HSC
MED13L,0.3837899865103933,-0.5513695118767821,0.747,0.777,1,HSC
TWF1,0.38393064694520795,-0.4801794505226198,0.092,0.131,1,HSC
CACNB3,0.38415951576117935,-0.35123366586502636,0.138,0.138,1,HSC
SLC1A4,0.3841652016698633,-1.1637907276300883,0.258,0.257,1,HSC
MBOAT4,0.38436798345876133,1.241593599948656,0.01,0.006,1,HSC
HSD17B8,0.38442455490132615,0.6935893936971002,0.253,0.294,1,HSC
NCR3LG1,0.3844741971294092,-0.3877518769489887,0.023,0.018,1,HSC
OARD1,0.3847115817147698,2.1523150585125617,0.581,0.593,1,HSC
UACA,0.38478450725696395,1.024072779540396,0.051,0.028,1,HSC
ISY1,0.3848561133406605,-1.1041979876830452,0.596,0.624,1,HSC
KLHL26,0.3848751876657796,0.5857301395845287,0.087,0.058,1,HSC
KPNA1,0.3848764410910479,0.8576939619669695,0.481,0.44,1,HSC
IGIP,0.384910160192217,-0.8730081582209431,0.133,0.162,1,HSC
USE1,0.3850525794794277,0.17990157509897442,0.348,0.321,1,HSC
DMC1,0.3851060585110623,-1.7215405948822333,0.097,0.098,1,HSC
AGPAT5,0.3851426128391131,-0.6323364142065309,0.614,0.621,1,HSC
PTGR3,0.3851455530788429,0.869268954477372,0.478,0.453,1,HSC
ARRDC5,0.38517911412181416,0.6882680819043733,0.169,0.138,1,HSC
MITD1,0.385333489267558,0.2178719397491203,0.348,0.3,1,HSC
TTC3,0.3854493912958076,-0.5830530574505577,0.831,0.81,1,HSC
KLF1,0.3855718823898904,-3.009264377253741,0.143,0.177,1,HSC
TMEM63A,0.3855833682047285,-0.7447352466928128,0.614,0.563,1,HSC
CTR9,0.38575377336333805,3.336944361029246,0.57,0.612,1,HSC
POLE2,0.3858366832290501,-1.2137947469280528,0.092,0.125,1,HSC
BAG2,0.38604964828385613,-0.17060994125888634,0.22,0.278,1,HSC
MTMR1,0.3861211393161836,0.31498395978795457,0.343,0.333,1,HSC
ZNF410,0.38612900790096605,-0.39885334826587293,0.57,0.517,1,HSC
PARP1,0.3861532539775383,0.4438886633529604,0.601,0.642,1,HSC
AHDC1,0.38628480415636357,0.12277542430429289,0.363,0.361,1,HSC
KLRB1,0.3864022275817298,45.7705293475947,0.107,0.073,1,HSC
TCF15,0.3864463114265239,1.6982464701045288,0.01,0.006,1,HSC
TTC13,0.38655501447367047,0.47307867370044376,0.159,0.141,1,HSC
TMED7,0.38688053540158723,-0.1926736998935492,0.535,0.48,1,HSC
SLC25A12,0.38733200695435627,0.16297231015971153,0.361,0.321,1,HSC
FANCG,0.38743849937621033,-0.8479602608908923,0.141,0.156,1,HSC
C1orf162,0.387495461524006,-1.235660282255871,0.402,0.352,1,HSC
INVS,0.38750039177349727,0.32510667396859905,0.435,0.48,1,HSC
ARL6IP6,0.3875271398883587,-0.3632081609894091,0.266,0.306,1,HSC
KLHL5,0.3875641790753036,2.3398980047728375,0.558,0.615,1,HSC
C1orf74,0.38775214641469136,-0.4128719550839799,0.069,0.076,1,HSC
MACIR,0.38776659847399975,-0.5671459405929782,0.279,0.254,1,HSC
DNAJC7,0.38777446400929,0.3286290779333352,0.614,0.657,1,HSC
DYNLRB1,0.3879220653127669,1.4410849288656138,0.65,0.602,1,HSC
MITF,0.3879807263605358,0.670178176663518,0.097,0.095,1,HSC
ECPAS,0.38800096547913865,-0.5879672984305682,0.412,0.44,1,HSC
SOCS2,0.3882034925064741,2.6235755567232975,0.627,0.673,1,HSC
TTLL10,0.38833433914009174,0.5324565337658949,0.043,0.052,1,HSC
SELENOI,0.38838941066750965,0.41384740506545553,0.248,0.242,1,HSC
PELI3,0.38850429682053983,0.7044850822099598,0.041,0.024,1,HSC
PSMA2,0.38856907361145726,0.22597012540593608,0.537,0.59,1,HSC
SGCZ,0.38861012543558326,0.2602455786167517,0.031,0.037,1,HSC
MED28,0.3886273870275693,-2.486021953259593,0.895,0.875,1,HSC
ZNF219,0.38863293548098204,-0.4321913917533504,0.376,0.422,1,HSC
TTC21B,0.3886541167596555,0.23295759000519767,0.432,0.416,1,HSC
PUDP,0.3887089904965094,-0.3526246046378825,0.026,0.024,1,HSC
TXNIP,0.38875642108335434,17.03990372738629,0.992,0.982,1,HSC
CSF3R,0.3888833009182078,-6.033298138907504,0.57,0.578,1,HSC
PGM5,0.38893080843326366,-0.7369637020512081,0.097,0.11,1,HSC
RABGAP1L,0.3890024782285231,-0.4392498826834137,0.754,0.792,1,HSC
FKBP9,0.38911179507857385,-0.7388411895771299,0.018,0.031,1,HSC
MYL11,0.3891265647176018,0.6474618890156423,0.02,0.012,1,HSC
HIRA,0.38915601922629284,-0.38285441162590095,0.315,0.321,1,HSC
PLEKHG4,0.3892391267190866,0.7303949971531176,0.174,0.15,1,HSC
OR14K1,0.38929382348237,0.45258731225936977,0.033,0.015,1,HSC
NR3C1,0.3893197048914235,0.9497269121157697,0.598,0.587,1,HSC
NME4,0.38936013127700153,-5.777982177052663,0.547,0.593,1,HSC
ANK3,0.3894294067471208,0.25235355994931385,0.074,0.101,1,HSC
MFAP2,0.38958225037492367,-0.8499159650883505,0.064,0.08,1,HSC
ITPKB,0.38973417645316993,1.6360407023787178,0.568,0.529,1,HSC
HMMR,0.3897511592278494,-0.7030055726858118,0.013,0.024,1,HSC
DNMT3A,0.38977768995243073,-0.18984160494648883,0.829,0.841,1,HSC
CLCN4,0.3898024073610539,-1.1133943983124688,0.013,0.028,1,HSC
KDM6A,0.3898743902830265,-0.5228612106918709,0.614,0.572,1,HSC
ALG6,0.39000068287953343,-0.6321119862822886,0.343,0.373,1,HSC
SAFB2,0.3900366764083244,-0.11496887149252899,0.726,0.706,1,HSC
SRP72,0.3900917124617803,-2.021315340620376,0.806,0.795,1,HSC
PNPLA7,0.39011405813640876,-0.32129353844487774,0.205,0.229,1,HSC
KCNAB2,0.3901609054355782,5.305160176196514,0.719,0.728,1,HSC
SH3KBP1,0.39024759319100644,-0.2130710410240697,0.54,0.529,1,HSC
TMEM259,0.3903434338065499,-0.23237824669919038,0.547,0.511,1,HSC
GAS2L3,0.39039989052232876,0.3039818182668972,0.015,0.009,1,HSC
PDCD4,0.39042287724412955,-6.087481067429717,0.9,0.896,1,HSC
PFKFB3,0.39055970578886795,0.22130549020092297,0.315,0.321,1,HSC
LETMD1,0.3905689934271808,0.4525792255953818,0.476,0.456,1,HSC
GEMIN5,0.3906474432273772,-0.5955158814475567,0.243,0.251,1,HSC
SPINT1,0.3907257332809557,0.19717778243211243,0.248,0.254,1,HSC
MIR1915HG,0.3912048408597255,-0.5465560188593899,0.018,0.037,1,HSC
CIZ1,0.3912496690686585,0.6160812498050698,0.286,0.278,1,HSC
CWC15,0.39143537946737733,-0.6799321220188626,0.68,0.679,1,HSC
THEMIS2,0.39186349475880367,0.5120910042770666,0.363,0.416,1,HSC
REV1,0.39191035899722915,0.4675385618469088,0.527,0.477,1,HSC
ANLN,0.3919682319995067,-0.4929764814280517,0.02,0.031,1,HSC
SPRYD7,0.3919810212535553,-0.4900940856375571,0.12,0.15,1,HSC
BRCA1,0.3919969171428988,-0.7205841580340164,0.066,0.089,1,HSC
ROCK2,0.392060543243082,0.7804301132935968,0.419,0.456,1,HSC
RNF150,0.3920658149373595,-0.11961571969251894,0.1,0.083,1,HSC
AKR1B1,0.39206693584383817,-17.56989439275808,0.55,0.544,1,HSC
SH3BGR,0.39207906640804696,0.32644837165335616,0.038,0.024,1,HSC
GPR27,0.39211033491536335,-0.7444630752007336,0.192,0.211,1,HSC
LCT,0.39220715629019876,0.5696161671796931,0.01,0.006,1,HSC
ACSL1,0.39230285325220554,-0.16795595486354709,0.312,0.309,1,HSC
ISCA1,0.39245749205935704,-0.11358186524134098,0.269,0.312,1,HSC
SPAST,0.39253191475770377,-0.8566447822001102,0.455,0.502,1,HSC
ULK2,0.3927496292612951,-0.1895032638875766,0.194,0.193,1,HSC
CDHR4,0.3927880634621289,-1.135642936993749,0.008,0.018,1,HSC
CTCF,0.3928815009494024,-0.4440247443877805,0.535,0.52,1,HSC
MORC3,0.39292611662856697,-0.4815604655438399,0.621,0.657,1,HSC
BSPRY,0.3929307793576898,-0.18404697530054548,0.33,0.364,1,HSC
CDK18,0.3930633387921066,0.10494324655845677,0.107,0.086,1,HSC
CYP2U1,0.39309461888321856,0.9100294346845385,0.105,0.104,1,HSC
STAT1,0.3931819582742616,2.5979451032898213,0.535,0.486,1,HSC
GIGYF2,0.39325942492263083,-0.4222324516669238,0.358,0.413,1,HSC
DYRK3,0.3932784798693381,-0.15072154068028643,0.138,0.119,1,HSC
RAB40B,0.3933866602233694,-0.6853224096598338,0.041,0.058,1,HSC
LACTB2,0.3936674848918476,-0.12205509900235689,0.266,0.263,1,HSC
H1-1,0.393708161454569,-0.7499829300452543,0.023,0.043,1,HSC
LCLAT1,0.3938535435996311,1.2190698557982556,0.292,0.287,1,HSC
STIM1,0.39394848645693725,0.6547857496172105,0.701,0.694,1,HSC
PEX16,0.3939845823261421,-0.1614755671998913,0.082,0.083,1,HSC
NPHP4,0.39425208872383904,0.6707352167956002,0.113,0.104,1,HSC
SELENOM,0.3943852577493313,1.241593599948656,0.01,0.006,1,HSC
MINDY3,0.39446329575250344,-2.6305122153736358,0.355,0.3,1,HSC
TNPO2,0.39446876443797935,-0.27854934078431604,0.442,0.419,1,HSC
FZD2,0.39462929621856474,-0.6450494249253653,0.013,0.012,1,HSC
DDX1,0.39467126938161473,-3.1732845682915967,0.747,0.792,1,HSC
PBDC1,0.3946983376668965,0.41762373279312537,0.297,0.284,1,HSC
CXorf38,0.39488553197261705,0.4705594758303564,0.368,0.315,1,HSC
RAB37,0.39518048085691765,10.46988376182955,0.862,0.89,1,HSC
CAMSAP2,0.39538568797892254,0.8544221468325608,0.013,0.006,1,HSC
ATP6V1FNB,0.3954485498936594,0.7535337354173777,0.036,0.024,1,HSC
ZNF507,0.39554833465204087,-0.6125218796347591,0.417,0.413,1,HSC
SLC35B1,0.39568885097679635,0.16227135861276953,0.366,0.324,1,HSC
CLEC11A,0.3957404445946213,2.5931639643620468,0.251,0.275,1,HSC
FBXO5,0.39575581383565644,-0.47185530331417924,0.049,0.07,1,HSC
ZNF490,0.3958070963574739,0.5615008758480733,0.315,0.275,1,HSC
ARPC5,0.395934619018457,-0.2443544149343742,0.289,0.336,1,HSC
APOOL,0.3960267784112891,0.24201799267788343,0.279,0.324,1,HSC
ZFP36,0.39609369084590457,-0.5733918621093794,0.299,0.346,1,HSC
CACNA2D2,0.3962925080660598,1.1186368943560279,0.015,0.009,1,HSC
JPT1,0.39635977668839745,-0.5728156883914899,0.069,0.101,1,HSC
ACADM,0.3964268192090146,0.21779850577563353,0.616,0.578,1,HSC
SERPINB8,0.3967184547342189,0.6321255442004905,0.074,0.076,1,HSC
SLFN11,0.39683451088226773,-1.556436100612553,0.573,0.526,1,HSC
CCL4,0.3969556691420864,1.8188549091887665,0.033,0.018,1,HSC
SLC9A1,0.3970210955956585,0.45444391889091235,0.169,0.19,1,HSC
NAA35,0.3970290149847899,0.3145695176813811,0.43,0.401,1,HSC
SNRPC,0.397043252546658,-1.6992484198150573,0.772,0.807,1,HSC
SERPINB9,0.39711805705047243,-0.16328355123062277,0.44,0.468,1,HSC
AVPR1B,0.39725656836858225,0.5696161671796931,0.01,0.006,1,HSC
ATAD3C,0.39725656836861506,0.5696161671796931,0.01,0.006,1,HSC
DPY19L3,0.39730343573731935,-0.6344080559826542,0.409,0.434,1,HSC
ZNF628,0.39749394587412046,-0.8144425956518793,0.069,0.083,1,HSC
MYC,0.3975361771109343,-0.7006016673121067,0.399,0.462,1,HSC
HTATIP2,0.3979655401149745,-0.5918254657162545,0.271,0.26,1,HSC
GRPEL2,0.3980283715547014,-0.41858651666169777,0.036,0.04,1,HSC
GOLGA3,0.39817804486650826,-0.2465602098862183,0.376,0.339,1,HSC
TAS2R14,0.3982922005082923,-0.23850268637483096,0.286,0.321,1,HSC
SRC,0.3983747358323976,1.3046015098749393,0.189,0.211,1,HSC
RETREG2,0.3985269611134204,-0.3506676522441108,0.583,0.554,1,HSC
PODXL2,0.3988535695192612,0.23838765438044351,0.066,0.052,1,HSC
JUP,0.3988667398240936,1.8487102656972176,0.793,0.823,1,HSC
CHST11,0.3990435641775239,0.16197325971289978,0.847,0.82,1,HSC
EIF2B4,0.399061503452691,0.37175118970972526,0.348,0.315,1,HSC
INTS5,0.39914481644082417,0.4425186525898528,0.151,0.171,1,HSC
FKBP8,0.399370582117158,0.5013977594231658,0.251,0.235,1,HSC
ARHGEF5,0.399417362291667,0.6424828306860695,0.026,0.024,1,HSC
MC1R,0.3994798110896335,1.1186368943560279,0.015,0.009,1,HSC
ZFP36L1,0.3994927960723904,0.46708706851368176,0.159,0.128,1,HSC
LSP1,0.3995646535299025,-11.772757086926077,0.637,0.596,1,HSC
SUDS3,0.39971771411723334,0.4365148866465831,0.292,0.315,1,HSC
CD36,0.3998218733754338,6.606606606552589,0.072,0.052,1,HSC
POLR2B,0.3998352467499477,2.120344803175021,0.78,0.737,1,HSC
CCNT2,0.3999699141043148,0.1738843082214374,0.56,0.526,1,HSC
NARS1,0.39999858426095725,0.9996148881785913,0.744,0.713,1,HSC
GRAMD2B,0.4000712364162495,0.8484681553770876,0.077,0.058,1,HSC
BCL2L13,0.4001380017125813,0.15756451643970193,0.509,0.502,1,HSC
TNS3,0.4001499327927126,-1.5107473056573348,0.494,0.459,1,HSC
UBN1,0.4002407520378266,0.23056644172080676,0.243,0.199,1,HSC
CRAMP1,0.4006050654311696,-0.19323711361198415,0.496,0.465,1,HSC
FUT7,0.400722256746376,5.160529758304601,0.107,0.104,1,HSC
KLHL21,0.4008671189661981,0.42166044604583686,0.381,0.352,1,HSC
ATP5MC2,0.4009084014013373,-4.070916021305353,0.962,0.957,1,HSC
CCNB1IP1,0.4009431619149266,-1.1582826346240553,0.706,0.749,1,HSC
TMEM87B,0.40112343903281666,-0.26804654686886276,0.276,0.324,1,HSC
IL4R,0.40113657829069643,-0.3526246046378825,0.026,0.024,1,HSC
DMXL2,0.40131796474983794,-2.9637121955024948,0.194,0.193,1,HSC
TMEM86B,0.40132549190979494,0.11968425298451524,0.166,0.144,1,HSC
SLC38A2,0.40145562446283345,1.2434142859963133,0.803,0.832,1,HSC
LTA4H,0.40150215809866074,-1.9237543474622871,0.818,0.783,1,HSC
CASTOR3P,0.4015548041177681,0.4705886586672823,0.246,0.208,1,HSC
BORCS8,0.4015638765289398,-0.19266954165543693,0.205,0.214,1,HSC
FAM210B,0.4015831224659037,-0.9429436024969005,0.251,0.294,1,HSC
KIFC1,0.40159236076038185,-2.6536459070557,0.018,0.015,1,HSC
DHCR7,0.4016038789758448,-0.6442543838033477,0.138,0.131,1,HSC
SCN1B,0.40164361320406655,-1.0853721107982315,0.005,0.012,1,HSC
PAK1,0.40167185818922646,-3.0528548447713137,0.274,0.269,1,HSC
PYROXD1,0.40170773446174013,1.1743889952981272,0.151,0.125,1,HSC
CDC7,0.40171881176124935,-0.48058036049469066,0.151,0.171,1,HSC
DPY19L4,0.4018542008549743,-0.442567669825662,0.437,0.413,1,HSC
IDNK,0.4019187477480022,-0.1608208934007339,0.176,0.193,1,HSC
SC5D,0.40192081159956333,-0.6690908949904631,0.332,0.352,1,HSC
MX1,0.40204788129891256,-12.367728784197393,0.128,0.135,1,HSC
PTGER4,0.4021145338495954,-0.41493091820609806,0.332,0.3,1,HSC
TRUB2,0.40216659862365034,-0.14642996537879083,0.274,0.33,1,HSC
YIPF4,0.40221916649831596,-0.6807334083050853,0.668,0.664,1,HSC
PIGK,0.40222376090686685,0.5193236168731207,0.391,0.376,1,HSC
FNDC11,0.4022428762730477,-0.7804287681734259,0.01,0.018,1,HSC
PHF20L1,0.40224306478755334,0.4983334063488454,0.586,0.554,1,HSC
CYP2E1,0.4023274238013075,0.13404181981139107,0.038,0.031,1,HSC
OTUB1,0.40237172647490305,0.10724331292222655,0.57,0.523,1,HSC
MICAL2,0.4025180654883226,1.4420516274178654,0.225,0.235,1,HSC
AADAT,0.4026928283142793,-0.5610439516452743,0.09,0.104,1,HSC
PCDHGA2,0.4026994340065197,1.5909168645246679,0.015,0.006,1,HSC
PRDM5,0.4029137294479867,0.6244498800378211,0.031,0.015,1,HSC
GLRX2,0.40298598413021924,0.4871781647115164,0.299,0.315,1,HSC
GFPT1,0.40302209660723953,0.6803599269312733,0.263,0.22,1,HSC
KTI12,0.40328090981580034,-0.6716313092985139,0.123,0.165,1,HSC
TECR,0.40343441135171626,0.49249304270689676,0.128,0.092,1,HSC
OSBPL3,0.40353729916050557,1.3826078484587447,0.279,0.235,1,HSC
RPTOR,0.40359085035910996,-0.20547258532588786,0.486,0.538,1,HSC
ALDH8A1,0.40378751048287576,0.5696161671796931,0.01,0.006,1,HSC
TBX6,0.4039010824823044,0.5742021347273236,0.059,0.04,1,HSC
INSL3,0.40390618087243596,0.5475553696164734,0.038,0.04,1,HSC
ZNF296,0.4040311781529304,0.1438884837425185,0.074,0.08,1,HSC
NHP2,0.4041285489549825,13.07232505852698,0.77,0.795,1,HSC
RETSAT,0.40415016159357087,-0.16127155995542997,0.187,0.165,1,HSC
LIN7A,0.4041548108288321,0.7217072629349048,0.049,0.055,1,HSC
ZNF273,0.4041790473940894,0.1292228444327297,0.146,0.177,1,HSC
HIBCH,0.4042044510554679,0.29032719202736557,0.269,0.251,1,HSC
FUOM,0.404382946887398,-0.3947100099288432,0.133,0.171,1,HSC
CFAP36,0.40440044938529845,-0.30264761213857105,0.458,0.48,1,HSC
RGS2,0.4044331970875546,1.570529682205344,0.171,0.205,1,HSC
TUT4,0.40447611534413175,0.8383759001858042,0.836,0.813,1,HSC
FBXW5,0.40457983259811897,-0.7009241629704782,0.355,0.379,1,HSC
NUP153,0.40481968573396265,1.7207325736469548,0.675,0.636,1,HSC
ABHD14B,0.40483587695551376,0.5037572927005032,0.496,0.459,1,HSC
CDK1,0.40484622083931676,-8.909848741323042,0.046,0.064,1,HSC
ARL4D,0.4048952412334673,0.7979205115157857,0.013,0.006,1,HSC
ZNF787,0.4049728999735839,-0.3290709826502798,0.115,0.138,1,HSC
PECR,0.40519310317123225,2.594806351139067,0.082,0.107,1,HSC
APBB1,0.4052370960274668,1.0380484114852102,0.079,0.052,1,HSC
LSM5,0.40533305269145964,-1.1546314555311912,0.358,0.398,1,HSC
SERINC5,0.4053480480774116,0.4230992205169768,0.358,0.318,1,HSC
SLC66A3,0.4054352024245989,0.5322650559000269,0.322,0.349,1,HSC
TMEM236,0.40553795232022893,0.8544221468325608,0.013,0.006,1,HSC
ATP8B1,0.4056669082527099,1.3996499474010253,0.02,0.009,1,HSC
MAF1,0.40570237817444427,1.3937512878861398,0.76,0.801,1,HSC
SYF2,0.40582587221569594,-0.4127487280979647,0.742,0.746,1,HSC
CHEK1,0.4060102697424017,-0.775318029027733,0.107,0.113,1,HSC
TUSC3,0.40605970800340524,1.314780637434116,0.036,0.015,1,HSC
TPH1,0.4061513256868022,-0.6508413567111426,0.023,0.037,1,HSC
ECD,0.4062218305452991,0.20575180342062296,0.309,0.272,1,HSC
ANKRD49,0.4064254337554395,0.13662662407731124,0.368,0.336,1,HSC
CENPJ,0.40649071855527763,-0.2807669037891387,0.286,0.343,1,HSC
GTDC1,0.4065027707059503,0.43395698569246305,0.284,0.306,1,HSC
PRMT3,0.4065828879367059,0.17803530435785683,0.309,0.278,1,HSC
MANEAL,0.40661746133449056,-2.1326235085548455,0.018,0.021,1,HSC
RRM2,0.4067445894118743,-18.625032938088683,0.031,0.021,1,HSC
PIGM,0.40685052001837874,-0.5357641211244086,0.363,0.349,1,HSC
ACO2,0.4069825225733581,0.37799050781010535,0.223,0.202,1,HSC
ABCA13,0.407021600092306,-0.9945373111754101,0.02,0.034,1,HSC
HMGCL,0.4070907837836387,0.49716239952123686,0.35,0.394,1,HSC
RFC3,0.40711175462131566,-0.8250724665393112,0.128,0.165,1,HSC
MTBP,0.40719388342482615,0.11224050455756585,0.09,0.07,1,HSC
TMX1,0.4072357566604372,-0.29641992417685836,0.568,0.554,1,HSC
HOXB7,0.4073024186574471,1.7382546868972666,0.018,0.006,1,HSC
TTC32,0.4073191774997294,-0.1176031846174945,0.292,0.339,1,HSC
MED8,0.40739642834213735,0.20452147449292196,0.325,0.339,1,HSC
RIC3,0.4076231928346861,1.5773654623306683,0.164,0.128,1,HSC
DNAJC15,0.4076445591458033,0.17858911653014875,0.501,0.529,1,HSC
PTP4A3,0.40778587253265386,0.9469280791873964,0.133,0.128,1,HSC
CRYGD,0.40795888775011996,0.2718392768445905,0.322,0.349,1,HSC
LRRN3,0.40799540501022324,7.127645115970077,0.031,0.015,1,HSC
ARHGEF18,0.4080151525437188,-0.17550151560687777,0.44,0.391,1,HSC
MRRF,0.40818133659484573,0.45712168837159617,0.248,0.257,1,HSC
SLC41A1,0.408389351899333,0.5644326812816609,0.092,0.067,1,HSC
NMNAT1,0.4084009597595166,0.4809578841307577,0.269,0.242,1,HSC
SLIRP,0.40841373058936176,-0.6571255101863906,0.284,0.321,1,HSC
ZUP1,0.408435923378873,0.24869094710541384,0.197,0.211,1,HSC
KANK2,0.40848425360098856,-0.3844090540670164,0.159,0.193,1,HSC
LYRM7,0.40851946713372417,-0.10910264540938258,0.312,0.352,1,HSC
TRMO,0.40856182283917913,0.3884722159224234,0.327,0.284,1,HSC
TNS2,0.4087215881581439,0.2015629354595374,0.008,0.012,1,HSC
FCRL6,0.4088043236323715,7.2620639719176285,0.028,0.021,1,HSC
RAB42,0.4088183370807947,-1.0853721107982315,0.005,0.012,1,HSC
BIRC3,0.4088959873858697,3.6187559884264657,0.189,0.162,1,HSC
CTNNBL1,0.40898961234555414,-1.7077887810461565,0.514,0.52,1,HSC
PUS10,0.4091592320524311,0.38199927881185736,0.164,0.128,1,HSC
RDH5,0.4092283162808242,0.6484480858915389,0.059,0.037,1,HSC
BRSK1,0.4092721734816175,-0.2673332395126238,0.061,0.083,1,HSC
PALM2AKAP2,0.409368411197021,2.093206395838413,0.368,0.355,1,HSC
CHN1,0.4094170655451311,3.640175250537354,0.013,0.006,1,HSC
STRN3,0.4094754154204895,-0.4085558418157451,0.491,0.52,1,HSC
PLXDC2,0.4095674088651535,0.11276318430306098,0.601,0.627,1,HSC
WDR5,0.4096139431878903,-0.7983834056166512,0.031,0.046,1,HSC
ENPP2,0.4097018491604029,2.158393563524199,0.151,0.128,1,HSC
STYXL1,0.40980475906811437,0.3611575456700937,0.187,0.187,1,HSC
RBM8A,0.4099131162263869,0.4513196406394968,0.018,0.009,1,HSC
FDFT1,0.4099661944826747,-2.406475214755411,0.614,0.657,1,HSC
ZNF644,0.4101228054978079,-0.3670160578761239,0.816,0.859,1,HSC
LAMTOR1,0.41017799779494146,-1.7095698535538464,0.893,0.872,1,HSC
NDUFA13,0.4102455769278213,0.19062553209821886,0.207,0.205,1,HSC
C11orf54,0.4105522392248199,0.4775081087727715,0.552,0.557,1,HSC
RIPOR3,0.4107392937698163,0.9711721360771031,0.332,0.367,1,HSC
EEF2K,0.4109098848987608,0.5487657440590564,0.381,0.367,1,HSC
AZI2,0.4110112636265569,0.33544900410885947,0.309,0.266,1,HSC
NUMBL,0.4112003968460576,0.5501000865880283,0.161,0.147,1,HSC
B4GALT3,0.4112013928820849,-0.10446617768053289,0.299,0.266,1,HSC
PATL2,0.4112600873824302,-4.180412724781573,0.082,0.058,1,HSC
APC,0.4113495246727737,0.6065903718311348,0.304,0.324,1,HSC
RGL4,0.4114123568510363,0.8786321365464815,0.118,0.086,1,HSC
ETFBKMT,0.4114753640648031,-0.7616240217455803,0.054,0.07,1,HSC
SELENON,0.4117102195035929,-0.5341502213467164,0.552,0.572,1,HSC
RIBC2,0.41181780190845363,-1.079330373807276,0.023,0.04,1,HSC
RAC1,0.41209444207000345,0.7925450161067291,0.386,0.376,1,HSC
GPR141,0.412116290301471,-0.49103819648187397,0.488,0.514,1,HSC
ZNF175,0.4121629059162373,0.26562358224554944,0.279,0.278,1,HSC
TOMM22,0.4124565692487446,-0.8988360350844955,0.601,0.648,1,HSC
CCNJ,0.41250473474311344,-0.322343905730061,0.194,0.217,1,HSC
TANC2,0.41271313849172425,-0.10537639423630474,0.189,0.153,1,HSC
U2AF1L4,0.4127568571048169,0.4778585444006044,0.21,0.177,1,HSC
SWT1,0.412798675300426,-0.6496157996809186,0.228,0.22,1,HSC
NEXN,0.41288960194988283,0.5257461894244728,0.026,0.018,1,HSC
SMIM29,0.41289920530758256,0.3036416376562471,0.179,0.141,1,HSC
MNS1,0.41299476642546706,0.2551240985486447,0.069,0.049,1,HSC
OTUD1,0.41299531711980375,0.10495846383505625,0.105,0.119,1,HSC
PPIA,0.4131436392500968,-1.5210296277203597,0.747,0.774,1,HSC
MFAP1,0.4132521639504041,0.38771232313317944,0.335,0.297,1,HSC
TMEM94,0.4132565936359013,0.13727004546367416,0.463,0.508,1,HSC
NUP85,0.4132603577956395,-0.10297797010182363,0.422,0.388,1,HSC
SULT1C4,0.4132760591003807,0.7048755896129033,0.258,0.239,1,HSC
AKT1S1,0.41333185846902576,-0.22735547325735372,0.138,0.171,1,HSC
CLSPN,0.4134891578099115,-0.5161019279127279,0.018,0.034,1,HSC
LRRC40,0.41355781175034395,-0.5750374926156994,0.432,0.437,1,HSC
RARG,0.4136475586481252,0.5477477283452792,0.097,0.073,1,HSC
AASS,0.41370749050476696,-0.14930283474787376,0.327,0.376,1,HSC
RASSF4,0.4138159860005218,-0.8351212735006297,0.023,0.028,1,HSC
SLCO4A1,0.41390652242942144,-0.5525747693607439,0.018,0.018,1,HSC
TOMM40L,0.4139545205004901,0.6787135888118563,0.207,0.187,1,HSC
APH1B,0.4140660085585359,0.9618460305484988,0.43,0.413,1,HSC
SEC24D,0.41406737201601723,-0.5916176150563384,0.184,0.226,1,HSC
CAPRIN2,0.41407294088579716,4.2177433982434,0.391,0.358,1,HSC
SEC61A2,0.41408775893785743,0.19868779847721463,0.146,0.156,1,HSC
LEKR1,0.41436836390671145,-0.9734029977382788,0.028,0.04,1,HSC
HERC1,0.4144339892395044,0.28982895524169505,0.338,0.318,1,HSC
CEBPZOS,0.41444642671408,-0.14591782524809638,0.616,0.618,1,HSC
KLF5,0.41462783447008655,0.6467029779392943,0.079,0.107,1,HSC
NUP62CL,0.4146788309488882,0.11846487964632546,0.079,0.101,1,HSC
RFC4,0.41470981619455966,-0.30053280032911545,0.107,0.141,1,HSC
KIFC2,0.4148745948529596,-0.4574507609840044,0.028,0.031,1,HSC
FZD5,0.4149797105314337,0.9146326153055568,0.031,0.015,1,HSC
ATP6V0C,0.41514098271353905,-0.1573787446543069,0.468,0.517,1,HSC
SCRN2,0.4151750662318942,0.10898440166059041,0.307,0.278,1,HSC
EPHB6,0.4152000145468482,23.267000939184165,0.299,0.291,1,HSC
TBC1D8,0.4153842582079311,0.6606597226461162,0.01,0.006,1,HSC
NME2,0.41550360433999656,-0.4227700284051057,0.857,0.878,1,HSC
ZWILCH,0.4156037932963469,0.29291354314681906,0.212,0.174,1,HSC
PLRG1,0.4156887029426923,0.5444548980050294,0.57,0.587,1,HSC
IKZF1,0.41578087803007613,0.7487492224617647,0.934,0.914,1,HSC
ZNF165,0.41587859430021495,-0.38318123435037954,0.074,0.086,1,HSC
LSM12,0.4160109490529558,-0.35906306436749214,0.113,0.128,1,HSC
CIPC,0.4160369833140857,0.2892851428639127,0.082,0.061,1,HSC
ANAPC4,0.41648169678812846,0.12407475179259175,0.483,0.492,1,HSC
ZNF442,0.4165510024913812,-0.5388910248542684,0.015,0.024,1,HSC
LAMA3,0.4165777058469394,0.8544221468325608,0.013,0.006,1,HSC
STK3,0.41660865614150544,0.13153106863798147,0.246,0.232,1,HSC
KATNB1,0.4166102359927163,-1.0099159791090757,0.263,0.303,1,HSC
ATP6V1D,0.4167203063408865,-0.2904460383248217,0.358,0.318,1,HSC
IQSEC3,0.4169148764846299,-0.6934091510889693,0.074,0.073,1,HSC
NUP210,0.4170744479862889,-1.4241622293516802,0.598,0.557,1,HSC
STRN,0.41717836221377524,-1.332622276403428,0.54,0.502,1,HSC
TMPRSS5,0.4172440201770983,-1.3701780904510992,0.005,0.015,1,HSC
FAM83F,0.4173596075822053,5.424230397766083,0.061,0.049,1,HSC
ABCG2,0.4177040395906229,1.2477322990830642,0.033,0.018,1,HSC
TNFSF8,0.417704335179462,0.11496323944618414,0.056,0.046,1,HSC
MT-ATP6,0.4178825876174322,-35.32241360823163,0.992,0.997,1,HSC
SLC16A5,0.4179168623543465,0.5907146058107333,0.169,0.128,1,HSC
PMS2,0.4179505923592569,-0.2683394982593487,0.355,0.306,1,HSC
DERL2,0.4179700424580254,0.36666177284804136,0.307,0.269,1,HSC
DBF4,0.41806033525081915,0.3262027461366718,0.212,0.174,1,HSC
OXR1,0.4180853873151598,0.15784142852162097,0.494,0.541,1,HSC
SLC40A1,0.41810917852530977,7.398375551598448,0.801,0.786,1,HSC
CX3CR1,0.4181552105091946,0.43135255584322163,0.049,0.031,1,HSC
MKKS,0.41818271954835656,0.2790808896496871,0.261,0.235,1,HSC
COX11,0.41819670051693814,0.49533266712321633,0.223,0.226,1,HSC
ERCC8,0.4182499210148509,-0.5997965868086297,0.289,0.312,1,HSC
RIPOR1,0.41826702147503686,-0.407646847277626,0.379,0.343,1,HSC
TMEM199,0.41846532583684315,0.23646046813969593,0.263,0.242,1,HSC
GIMAP1,0.4185059516895383,0.14352175450701044,0.13,0.098,1,HSC
GNG7,0.41852203224933693,0.15108314916502275,0.207,0.174,1,HSC
TSSK4,0.41852687778423897,-1.764403645064501,0.01,0.021,1,HSC
GNA11,0.41855646158732984,-0.2797472297674459,0.072,0.07,1,HSC
ZNF639,0.4185863492646682,-0.4610839053549953,0.409,0.462,1,HSC
NFKBIZ,0.419030022287604,-3.210900995226895,0.68,0.691,1,HSC
SIRPG,0.4190827829486221,0.2871098081279224,0.028,0.028,1,HSC
TOPORS,0.4191300901133985,0.6059291170617755,0.491,0.526,1,HSC
MFN2,0.41915188105980306,-0.44590114317566243,0.197,0.229,1,HSC
ZNF740,0.4191635178345759,0.2878134733688479,0.322,0.291,1,HSC
NPDC1,0.4191928148526017,-0.4371765868637576,0.437,0.502,1,HSC
MUC1,0.41948351063113687,-0.8061939529418033,0.153,0.168,1,HSC
INF2,0.419740877411624,1.1034765919081462,0.527,0.587,1,HSC
GDF11,0.4197552322928779,-3.8238742565390478,0.251,0.306,1,HSC
PAX5,0.41977783113820966,3.7445747250029946,0.013,0.006,1,HSC
FLI1,0.4197821736854529,-1.0265038770587882,0.852,0.826,1,HSC
SREK1IP1,0.4198166477447591,-0.13407019197468573,0.23,0.232,1,HSC
ATP6V1C1,0.4198655419477863,-0.2891345205899304,0.343,0.321,1,HSC
TYW1,0.41989816450556733,0.27002199976372276,0.097,0.095,1,HSC
ITGA3,0.42005730617575415,1.1186368943560279,0.015,0.009,1,HSC
H4C2,0.4201970442863272,0.30547683591206787,0.123,0.095,1,HSC
GMPR2,0.4202056492878433,0.3141695823367274,0.519,0.544,1,HSC
ZNHIT2,0.42022005205649715,-0.3222419227714419,0.113,0.098,1,HSC
ATP5PD,0.42040031788820287,0.39486451574253145,0.616,0.599,1,HSC
SNX12,0.42042551974382947,0.1776377763830177,0.417,0.459,1,HSC
ZNF419,0.4204434102269347,0.5343043302483124,0.046,0.028,1,HSC
AKIRIN2,0.4204502807359332,-2.420311275439103,0.639,0.682,1,HSC
RSPRY1,0.4205063919504504,0.17212951054672332,0.414,0.44,1,HSC
BCL2L12,0.4207601007860882,0.3727124876457788,0.141,0.15,1,HSC
KRBOX4,0.4207702616788821,0.4389344009036078,0.174,0.131,1,HSC
PPP1CB,0.4207840573727948,-1.4173621462676014,0.78,0.826,1,HSC
SMAP2,0.42083881694982855,-5.500195112355891,0.598,0.563,1,HSC
MXRA7,0.42092367923928736,-0.7899535202624207,0.118,0.101,1,HSC
ADGRG5,0.4209276034222083,6.279113446915173,0.23,0.208,1,HSC
STAG3,0.421068609118432,-1.4795976654116334,0.013,0.021,1,HSC
C1orf54,0.42113751162779445,2.0392986288386146,0.054,0.04,1,HSC
TGFBRAP1,0.4211706251923652,2.2811520767390823,0.591,0.618,1,HSC
SERPINB1,0.4214422080439969,-30.52477850788287,0.957,0.966,1,HSC
GCDH,0.42156663861493415,-0.2991565375439417,0.225,0.251,1,HSC
BCAS4,0.4215974131742416,-0.5299245786861078,0.404,0.41,1,HSC
FAM133B,0.4216309901860986,-0.32971769455712513,0.251,0.26,1,HSC
SLC25A17,0.4216333376449021,-0.6941126799846068,0.228,0.205,1,HSC
NDUFB6,0.42165097770120163,-1.3322529168505173,0.481,0.459,1,HSC
TMEM116,0.42176490734782307,0.7846199170567829,0.095,0.08,1,HSC
NCKAP1L,0.4218386918299189,3.9384424983676904,0.88,0.844,1,HSC
STK32B,0.4218471753474064,0.42564321507699443,0.148,0.147,1,HSC
SLC16A2,0.42187218729772635,0.30504011815205256,0.043,0.046,1,HSC
AK9,0.4219009894448746,0.4047147525122705,0.276,0.278,1,HSC
UCP3,0.42203345079697496,-0.4304756379285313,0.041,0.024,1,HSC
SQLE,0.4220896903085786,0.9670893944762023,0.21,0.245,1,HSC
DSCC1,0.42209706969771704,-0.6685513563115864,0.066,0.064,1,HSC
PTTG1,0.4221556965410771,-0.3366982309420996,0.09,0.107,1,HSC
SERAC1,0.4222017022171107,-0.4488250505564306,0.143,0.162,1,HSC
CD44,0.4222882789234385,32.92325783336712,0.882,0.878,1,HSC
TUT7,0.4222982147623753,-2.4240093069074007,0.734,0.74,1,HSC
RAB12,0.4223132780431383,0.1826266399825623,0.269,0.232,1,HSC
MYSM1,0.42234233474544425,0.4852566599156032,0.57,0.563,1,HSC
ITGB1BP2,0.42235435712083413,-0.6016586455251725,0.046,0.07,1,HSC
RAB8B,0.42255296704331285,0.20899291627833017,0.527,0.508,1,HSC
UGGT1,0.42262959062837113,3.264418422238704,0.437,0.446,1,HSC
HAX1,0.4226816545469101,0.2539759716687534,0.34,0.303,1,HSC
ATRIP,0.4227468185608503,0.5168450858409102,0.153,0.144,1,HSC
RNF149,0.42277345314612474,-0.5394396875298044,0.512,0.56,1,HSC
BCL7A,0.4227812531506242,0.17012791281396766,0.463,0.44,1,HSC
KAT8,0.4228165863548169,0.33669910833219774,0.555,0.523,1,HSC
TMEM225B,0.42291439297000555,0.8897155042977816,0.036,0.018,1,HSC
CHFR,0.42312712292014343,-0.23593737330437758,0.199,0.229,1,HSC
PTGES2,0.4235322889139525,0.51923723064988625,0.432,0.486,1,HSC
CIAPIN1,0.42354299849157595,0.4252176598223744,0.258,0.248,1,HSC
ATP8B2,0.423601873766973,0.3076179645360657,0.537,0.511,1,HSC
MMADHC,0.42368709814417094,-1.9678682730216819,0.711,0.682,1,HSC
BAG6,0.4238222121862394,1.2192000186597571,0.811,0.774,1,HSC
FGFBP2,0.4242394860990308,-2.423782716219062,0.031,0.018,1,HSC
UIMC1,0.4242899089115753,0.4794585663435934,0.343,0.391,1,HSC
BUB1B,0.4243378111644839,-0.5400754064020976,0.031,0.037,1,HSC
EDEM1,0.42441210708052585,0.14170724196960727,0.529,0.505,1,HSC
MT1X,0.4246303458979158,-0.27284284811241033,0.054,0.073,1,HSC
BRI3BP,0.42469944769541446,3.206941979793169,0.174,0.22,1,HSC
GALNT11,0.4247007385164502,-0.5595841990715742,0.246,0.275,1,HSC
RASGRP1,0.42481453374979716,0.7474862088580099,0.11,0.083,1,HSC
F13A1,0.42482946568676644,-6.482729095233723,0.026,0.046,1,HSC
STOML1,0.4248840735861349,-0.8367900690268097,0.028,0.043,1,HSC
PHB2,0.42492452494202004,0.13267746870588248,0.182,0.156,1,HSC
PDIA5,0.42500320608597675,-0.2674463586736823,0.22,0.245,1,HSC
PHKB,0.4250742042756971,0.42491273026399634,0.665,0.648,1,HSC
NGDN,0.4250933751637557,0.32271829402049423,0.33,0.315,1,HSC
ABHD15,0.42510536103983404,-0.47644054114305634,0.092,0.098,1,HSC
MOCS2,0.4251747299007247,-0.48574685005506724,0.381,0.343,1,HSC
OTUD3,0.4251879867104969,-0.22131652917352573,0.179,0.168,1,HSC
ZNF609,0.42541523172681844,0.25078740203225447,0.711,0.743,1,HSC
TTLL1,0.42543044040415123,-0.4614140321475023,0.199,0.242,1,HSC
NXT1,0.42544414882954334,1.2920444128068245,0.35,0.376,1,HSC
DHRS11,0.4254725808724068,0.16692526301844657,0.194,0.165,1,HSC
OR7D2,0.4258243349425118,0.13986727043535385,0.013,0.009,1,HSC
ZFP92,0.42603350517300154,-0.5459339380103243,0.023,0.028,1,HSC
ZSCAN23,0.426124813136718,-0.14867553981110637,0.043,0.04,1,HSC
ZNF711,0.4261503592889738,0.26283053711773263,0.619,0.664,1,HSC
ZC3H18,0.4262740589437421,0.38779807843428493,0.435,0.413,1,HSC
ZNF22,0.42629481278913267,-0.7642199168642962,0.783,0.813,1,HSC
DIP2B,0.4263000393483627,-0.519848460734986,0.404,0.364,1,HSC
ASAP1,0.42645289649676693,-0.34412074816747185,0.286,0.257,1,HSC
PHLDB1,0.426487240310082,1.044435778580703,0.02,0.012,1,HSC
MPZL2,0.42650939804391913,-1.2727394354538681,0.015,0.031,1,HSC
KIAA0753,0.4265161223251608,-0.32625331308087846,0.146,0.177,1,HSC
AAMDC,0.4265956969830974,-0.7050796294736399,0.394,0.413,1,HSC
FAH,0.42686631401342223,-0.4942583562464249,0.307,0.352,1,HSC
NAT10,0.4268798084960838,0.41211940414275927,0.427,0.391,1,HSC
CD2AP,0.42689241342805495,0.3220940622784272,0.632,0.645,1,HSC
TICRR,0.4270093904069304,-1.4702782901430238,0.008,0.015,1,HSC
LYSMD1,0.42723273279037133,-1.0853721107982315,0.005,0.012,1,HSC
BTBD7,0.42724533587409086,0.23029532831846788,0.591,0.563,1,HSC
FAM120A,0.42752675410946445,-0.14454168987306537,0.486,0.538,1,HSC
PPM1A,0.4275588039745782,-0.648474812580158,0.655,0.676,1,HSC
SLC46A3,0.4277554868985391,0.5933053363957248,0.13,0.128,1,HSC
RHOA,0.42776018321907666,-0.5499848008879749,0.893,0.92,1,HSC
ARL6,0.4279026836747257,-0.43743893125207434,0.09,0.107,1,HSC
EIF5B,0.427928881297936,1.6508986292878625,0.573,0.529,1,HSC
FGD3,0.4279976328254286,2.1256476262136035,0.675,0.703,1,HSC
UBR4,0.4280173098498972,0.7112213649133752,0.624,0.596,1,HSC
ZFAND2B,0.42802579234625243,-0.17471088836465087,0.624,0.667,1,HSC
CDKN1B,0.4281807622743976,-0.47554309012006524,0.716,0.673,1,HSC
MINAR1,0.42821200328011205,1.3549714003367033,0.033,0.024,1,HSC
TP53INP2,0.428300243175333,-0.7310583268703899,0.041,0.052,1,HSC
ADCY6,0.4283221390899124,-0.260977451554096,0.297,0.321,1,HSC
ZNF841,0.42833547544775485,0.3163605420770105,0.35,0.3,1,HSC
SHISA5,0.42837368926670455,0.21338359082777592,0.233,0.196,1,HSC
GON7,0.42840517193170763,0.3258320616503624,0.202,0.19,1,HSC
HSBP1L1,0.42857965946289095,0.36324708397890704,0.09,0.076,1,HSC
HMGA1,0.42875485815041564,-0.7864170387429334,0.02,0.04,1,HSC
MTR,0.42897024289618674,-0.19839306520971078,0.596,0.56,1,HSC
DARS2,0.4290513578849279,0.8079830878296503,0.205,0.18,1,HSC
PDXK,0.4293660396614788,1.7792840399300172,0.176,0.202,1,HSC
PELP1,0.42938159520494784,-0.9745528707844616,0.332,0.355,1,HSC
CSNK2A2,0.4297602730447524,-0.6915135721073851,0.655,0.682,1,HSC
CAPZA2,0.42977989573091263,-1.750979166477141,0.698,0.703,1,HSC
NECTIN1,0.42978077637211926,2.6543450226688092,0.182,0.162,1,HSC
CST3,0.4298731844083754,-1.7042428356673138,0.476,0.44,1,HSC
USPL1,0.42997419336404386,-0.37817530128833093,0.294,0.339,1,HSC
GSTO1,0.4299817052042464,-1.1068697762526258,0.57,0.581,1,HSC
GRK4,0.4300288295772907,1.892534761026217,0.182,0.223,1,HSC
ZNF322,0.43003056154152963,0.10647117777468956,0.24,0.263,1,HSC
BCAM,0.4300694961945582,1.6568939931266042,0.038,0.04,1,HSC
TONSL,0.43011026937207814,0.2644551429464066,0.084,0.08,1,HSC
AHCYL2,0.4302239713480412,-0.17024668327376208,0.266,0.306,1,HSC
MAX,0.43023043012869566,-7.517438052128172,0.936,0.942,1,HSC
ATN1,0.43031704200216064,-1.5195251181382572,0.652,0.685,1,HSC
SPATA2L,0.4305051631892576,-0.7829328202977348,0.043,0.067,1,HSC
AAGAB,0.4305286649489933,-0.5142710030505703,0.327,0.367,1,HSC
POLQ,0.4305331959250538,-1.231903220227998,0.026,0.031,1,HSC
GCFC2,0.4306455757037344,0.3882138929910193,0.225,0.263,1,HSC
ENDOG,0.43073221732074174,0.18452472402222742,0.146,0.125,1,HSC
ITPR1,0.430816778277928,0.6561744749945486,0.747,0.78,1,HSC
STAU1,0.4308676489477235,-3.5529627157305215,0.673,0.682,1,HSC
MTA2,0.43090470177661544,3.009844480457377,0.752,0.709,1,HSC
TRAIP,0.4310265467808591,-1.0374251740222231,0.013,0.028,1,HSC
ZDHHC8,0.43114364177333675,0.7655736298506981,0.478,0.459,1,HSC
RBM38,0.4311592336257877,0.3332828153890366,0.159,0.122,1,HSC
B3GNTL1,0.43116164760746667,-0.7125059197310148,0.253,0.294,1,HSC
NEMP2,0.4314357898236367,0.5240828988053379,0.276,0.248,1,HSC
IQGAP2,0.43154128398846303,-2.632673192325372,0.936,0.92,1,HSC
PIGW,0.43157920027294067,-1.4123281955323927,0.115,0.122,1,HSC
ZNF714,0.43161883097272963,0.632265294580469,0.13,0.119,1,HSC
TXNDC17,0.4316843267954936,-1.1613352817455198,0.425,0.446,1,HSC
ZNF594,0.4317270054536868,0.11001806143491677,0.148,0.177,1,HSC
TANGO6,0.43173738853262433,-0.6109630770383077,0.13,0.174,1,HSC
TIMM10,0.4317737312671082,-1.921202003575035,0.46,0.45,1,HSC
NIT1,0.4318914557714836,0.5325535804735331,0.338,0.339,1,HSC
RNF166,0.4320546778923935,-0.11288826686386222,0.228,0.217,1,HSC
RIOK2,0.4320975773570815,-0.15456013286688128,0.299,0.294,1,HSC
LACTB,0.4323000124333208,-0.2687986282087249,0.118,0.125,1,HSC
ZNF180,0.43234984716017777,0.5487647107829599,0.143,0.119,1,HSC
IGFBP6,0.43250537028811603,0.6191741859952744,0.051,0.04,1,HSC
THOC5,0.4326555918843123,0.3064781225945846,0.437,0.462,1,HSC
ARRB2,0.4327010959386174,4.063298998321697,0.66,0.706,1,HSC
DLG4,0.43291761449166566,0.8153210939670077,0.478,0.483,1,HSC
ITGB1,0.4329502696375357,0.4560233933637544,0.24,0.211,1,HSC
ZNF404,0.4330065014676131,0.29237214947580625,0.146,0.122,1,HSC
HOOK1,0.4330508981423352,0.8148854463135063,0.113,0.122,1,HSC
RNF212,0.433075701346565,-1.2428365066300944,0.015,0.015,1,HSC
POGLUT3,0.43308604973027487,-0.139836318671698,0.128,0.116,1,HSC
IFT80,0.4332297810022264,0.3807687223212717,0.422,0.388,1,HSC
ZNF583,0.4335526618079157,-0.4252003224218446,0.1,0.107,1,HSC
ZFP41,0.4335907656773528,0.11251021249179238,0.274,0.235,1,HSC
SCAPER,0.433976951892693,-0.6640412844267842,0.125,0.128,1,HSC
TLR1,0.4341530773874417,2.033226997796745,0.207,0.257,1,HSC
UFM1,0.43421671556590863,-0.5649106140306648,0.783,0.749,1,HSC
NDST1,0.43423736927046125,0.48813452993891016,0.217,0.235,1,HSC
HSPA6,0.43428341455624914,0.21521254721587812,0.015,0.009,1,HSC
AARSD1,0.4345269565586012,-0.2126897640561694,0.269,0.315,1,HSC
TMEM125,0.4346642951328188,-1.1150641213227006,0.01,0.015,1,HSC
POMP,0.4347296176944662,-0.5033365149045005,0.332,0.382,1,HSC
H2AC25,0.43475829509118874,4.66983638800864,0.465,0.492,1,HSC
TOR4A,0.4349299916273137,-0.37298158780756596,0.164,0.208,1,HSC
OBSCN,0.43498812071418935,1.0741782702324727,0.734,0.768,1,HSC
PLEKHG1,0.4350398363852075,1.3829910369073537,0.01,0.015,1,HSC
ICMT,0.435060816860671,-1.1644698279249828,0.212,0.226,1,HSC
FOCAD,0.4350964653094247,-0.23158568048914147,0.299,0.291,1,HSC
PHF13,0.435110174133945,0.29943007579505587,0.148,0.122,1,HSC
INPP4B,0.4353162411882269,-0.4336401310406919,0.294,0.312,1,HSC
CDKN2D,0.435442377887423,1.8577113279675714,0.223,0.183,1,HSC
RP9,0.435550543229677,0.7172842339212759,0.105,0.067,1,HSC
CDK12,0.43558437202794703,0.40267357635604517,0.358,0.343,1,HSC
CFAP45,0.4359750167020646,0.9640769227657966,0.036,0.024,1,HSC
SLC33A1,0.4361337661939895,0.7080043916977716,0.35,0.306,1,HSC
SMIM30,0.4364236072730209,0.18050077074026394,0.499,0.532,1,HSC
ARG2,0.43647990958883554,0.5111390955154458,0.061,0.055,1,HSC
WASHC3,0.4366510898141958,-0.8962591122571184,0.629,0.587,1,HSC
ZNF518B,0.43670522510977267,0.6217703360958913,0.184,0.22,1,HSC
HYCC2,0.436942356744523,0.3910935050665246,0.297,0.263,1,HSC
NOL9,0.43706050029709,0.2635428199150505,0.302,0.266,1,HSC
NOP14,0.43727962369828166,-0.4918809724213644,0.563,0.532,1,HSC
SEC16B,0.4373338870327951,1.272572097910321,0.031,0.018,1,HSC
ZNF641,0.4374015963576381,0.2506064670026963,0.169,0.165,1,HSC
NRM,0.4374754041231587,-0.3259628556523384,0.174,0.168,1,HSC
ACTR5,0.43753319432059246,-0.4944952511598453,0.113,0.147,1,HSC
VPS37C,0.4375540557567707,-0.8098546777520519,0.02,0.037,1,HSC
PDCD5,0.4375892872881189,-0.5988560302074988,0.161,0.183,1,HSC
PCM1,0.437696693127656,-0.5649470652363897,0.903,0.875,1,HSC
ESCO2,0.4378058718999591,-3.0110470991677225,0.005,0.012,1,HSC
SCML2,0.43788026017045734,0.21998863305002903,0.217,0.199,1,HSC
NRF1,0.4380066397432203,0.34470349619920426,0.223,0.193,1,HSC
TMTC3,0.43816652561280583,0.45531084390635035,0.176,0.165,1,HSC
CPOX,0.43818495982942696,-0.8360139492277588,0.246,0.26,1,HSC
KAT6A,0.4382282285752883,0.7164128675072594,0.752,0.737,1,HSC
CCNF,0.43843964309603545,-0.3915532024816688,0.018,0.024,1,HSC
PPP2R5C,0.4385547537958815,1.2287967299417386,0.486,0.446,1,HSC
RAB11FIP3,0.43899729886085825,-0.20767936273621707,0.258,0.306,1,HSC
LRRC45,0.439059560665618,-0.8252850900256452,0.061,0.089,1,HSC
TERF2,0.4391070035169802,2.140710784918077,0.693,0.664,1,HSC
ANP32E,0.4391320600585202,-0.31432109004564146,0.394,0.385,1,HSC
DMTF1,0.43916271552359687,-0.6886972406198484,0.757,0.722,1,HSC
CDH7,0.43922355135172303,-1.1193387661568672,0.033,0.018,1,HSC
DMAC1,0.43925237391374133,-2.439600632456612,0.419,0.422,1,HSC
GPAT4,0.4393437576137958,-0.44137888972239137,0.43,0.422,1,HSC
PMEPA1,0.43934881488153,0.6198869933752089,0.015,0.009,1,HSC
MKI67,0.43946486913376825,-8.168415564969656,0.018,0.034,1,HSC
ASH2L,0.43948753334451524,1.8570032441745137,0.588,0.544,1,HSC
BBS10,0.43957135225860505,-0.3775323632556235,0.202,0.242,1,HSC
NLRP3,0.4398904491764705,1.1944267162593865,0.156,0.138,1,HSC
TRIM26,0.4399407559480939,-0.13944464617050217,0.215,0.257,1,HSC
DNAJC18,0.440007667489944,-0.48880001515197785,0.223,0.214,1,HSC
MCL1,0.44005622494278485,-7.444954953047656,0.905,0.893,1,HSC
NFATC4,0.44015470625319664,-5.153911254198773,0.023,0.028,1,HSC
SRR,0.44015736610060113,0.19950173257743575,0.097,0.092,1,HSC
TRIM21,0.44028591759725993,-0.4755493620632248,0.253,0.284,1,HSC
CCDC107,0.4403058718969652,0.7106812055472678,0.128,0.098,1,HSC
DCLK2,0.4403964678328707,-0.8836703184389989,0.09,0.113,1,HSC
YPEL5,0.44042343673872963,-2.353457551589539,0.831,0.801,1,HSC
RNASEH2B,0.4405940628381121,0.3503316159471556,0.355,0.401,1,HSC
FAM161A,0.44061850270866104,-1.4065559408938064,0.054,0.083,1,HSC
CHMP2A,0.440634252635469,0.27169397078955937,0.471,0.428,1,HSC
NIPSNAP3B,0.4406699870355428,-0.7177205222275591,0.199,0.208,1,HSC
C1orf109,0.4407653768236227,0.635362531294628,0.143,0.131,1,HSC
SCFD2,0.44083303890170655,0.17705750362828288,0.164,0.162,1,HSC
ZSCAN22,0.4408572028660347,0.5235123595201694,0.054,0.043,1,HSC
TSEN2,0.44095144409456266,-0.6519765207993289,0.11,0.128,1,HSC
SUFU,0.44104404429175786,-0.24727961644800445,0.189,0.229,1,HSC
PAG1,0.44110354329135887,1.6994625484556931,0.13,0.104,1,HSC
PTPN14,0.4412291455019286,1.5777640263297525,0.033,0.024,1,HSC
ZNF19,0.4412374047386491,-0.12662274569250842,0.074,0.07,1,HSC
HASPIN,0.44128234487095186,-4.489099042265419,0.018,0.024,1,HSC
ZNF599,0.44134978761795196,-0.4294620470843439,0.143,0.165,1,HSC
SLC3A2,0.4413519999638861,-0.23756216050353385,0.417,0.446,1,HSC
ADGRG3,0.4413561266296129,-0.4679705802787195,0.01,0.006,1,HSC
ALKBH7,0.44150032272158835,0.47933149605546843,0.583,0.59,1,HSC
ARHGEF2,0.4415500652225822,-1.4084395982744837,0.928,0.948,1,HSC
CRELD1,0.44155760150264406,-0.3098687884936441,0.253,0.248,1,HSC
BLK,0.44163982383565364,-5.4432656571853615,0.015,0.009,1,HSC
SPOPL,0.44171084219717083,-0.1805582186600505,0.225,0.266,1,HSC
IMPG2,0.441715986840698,-0.7804287681734259,0.01,0.018,1,HSC
XRCC4,0.4418266885651075,-0.49701809866471214,0.128,0.153,1,HSC
TSPAN3,0.44203056603688423,-1.283868683569386,0.752,0.78,1,HSC
HMGN3,0.44208250421806267,-4.520230765768661,0.811,0.792,1,HSC
ENSG00000284691,0.44245452962262977,-0.5316208079044578,0.056,0.073,1,HSC
PTS,0.442673026155599,0.5452953074888679,0.292,0.26,1,HSC
HPCAL1,0.442703531418959,-0.11034533506335364,0.171,0.205,1,HSC
RCOR1,0.4428488139260289,-1.1542201216377712,0.445,0.45,1,HSC
GTPBP1,0.44292092189934895,-2.6875209549715855,0.57,0.572,1,HSC
RPE,0.44320587039949266,-0.1979636642849535,0.432,0.422,1,HSC
FGF7,0.44341272335308773,1.0940870550635067,0.031,0.015,1,HSC
CTSL,0.44361401310355564,-1.2850695733985562,0.008,0.012,1,HSC
DNHD1,0.44382113896554376,-0.259815516054775,0.228,0.254,1,HSC
HLX,0.44393605616224036,5.080518745468279,0.143,0.131,1,HSC
SLC25A53,0.4441319789549838,-0.2133364493513814,0.059,0.061,1,HSC
MYO1B,0.4443206564084001,-0.3915532024816688,0.018,0.024,1,HSC
GPSM2,0.44448075400812787,-2.42251594706689,0.565,0.541,1,HSC
OPTN,0.4445598823313034,-0.711715848894253,0.315,0.303,1,HSC
ZBTB24,0.4448843867887359,0.5634194246345166,0.066,0.049,1,HSC
H1-10,0.44491849195822014,6.886457217684857,0.928,0.942,1,HSC
LRWD1,0.44503191752890675,-0.6106731901750921,0.128,0.162,1,HSC
ZNF608,0.4451495432589907,2.4180131400096667,0.169,0.205,1,HSC
RAB44,0.4453238007100363,-1.4732777769231418,0.192,0.193,1,HSC
CNOT6L,0.44537275042267,1.3716097470839839,0.726,0.734,1,HSC
TMEM45A,0.44544906655822564,-1.279178669154244,0.01,0.018,1,HSC
CHIC1,0.4455575871310133,-0.3624192206863669,0.238,0.251,1,HSC
DYNLT5,0.44557175574875385,3.13673270358006,0.299,0.327,1,HSC
RBM22,0.44570246161733945,-0.2121202408058087,0.629,0.584,1,HSC
ZBTB5,0.4457742355622434,-0.35325230655572604,0.335,0.333,1,HSC
MAPK3,0.4458877807124079,-0.45598840028247856,0.468,0.459,1,HSC
PSEN2,0.4459277580030709,0.578219568013711,0.059,0.049,1,HSC
HNRNPDL,0.44594936439426763,-1.5582078050648338,0.864,0.859,1,HSC
NRIP3,0.4459624630173288,-1.1150641213227006,0.01,0.015,1,HSC
TMEM19,0.4462334100134249,1.2782517979544075,0.338,0.321,1,HSC
SCMH1,0.44633634748762624,0.292595908316943,0.361,0.324,1,HSC
GET1,0.4464976625912232,0.2340177487363495,0.419,0.382,1,HSC
RBBP7,0.4466282076334095,-0.37493950993619807,0.565,0.584,1,HSC
POU6F1,0.44670467640420697,0.5435039529983086,0.038,0.04,1,HSC
PGP,0.4467084094783275,0.9654520257237714,0.233,0.229,1,HSC
CYB5D1,0.4468061004751052,-0.539145768964381,0.046,0.067,1,HSC
ABHD17B,0.4471469327055661,0.5136565075717741,0.542,0.544,1,HSC
TRABD,0.44720877133216536,1.0919132771854985,0.504,0.508,1,HSC
OSBPL11,0.44721393033053325,0.3923786256595684,0.182,0.147,1,HSC
RNMT,0.4472948141090626,0.28593373563652863,0.373,0.324,1,HSC
URI1,0.4478398605435424,1.1262594960517536,0.76,0.768,1,HSC
ZNF7,0.44784206503213975,0.23239377928367133,0.256,0.226,1,HSC
GMIP,0.4478606333425273,0.37393795360326054,0.322,0.266,1,HSC
CIAO3,0.44802564681159246,-1.5152420664156927,0.338,0.352,1,HSC
LIMCH1,0.44803860289994973,0.8620655697883217,0.136,0.119,1,HSC
KYAT3,0.4480761430716035,0.25931233267373177,0.366,0.318,1,HSC
PATL1,0.44864366857837723,-0.41302708614185857,0.343,0.3,1,HSC
RUFY1,0.44877794736284954,1.6042454356121558,0.583,0.541,1,HSC
MYBBP1A,0.44883208256686646,-0.15593789928369017,0.248,0.297,1,HSC
TXNL1,0.4488546830430699,-0.2690883738085099,0.685,0.734,1,HSC
AGPAT4,0.44890553191446203,0.31833817078497395,0.499,0.468,1,HSC
SNN,0.44914968872406275,0.5492214017259873,0.084,0.058,1,HSC
ARHGAP42,0.44916537905202963,0.93226969644879,0.036,0.021,1,HSC
ZNF800,0.44918629363770635,-0.38264788617834045,0.414,0.453,1,HSC
P2RY11,0.44923983377523585,0.17212417512892497,0.299,0.278,1,HSC
KIF16B,0.4492925011174299,0.39522078237670777,0.217,0.187,1,HSC
LZTR1,0.4493206908015795,-1.2956902296037516,0.166,0.162,1,HSC
SP110,0.44942066115407214,0.1951636622823245,0.568,0.596,1,HSC
NUAK2,0.44947701603328105,0.9592367341648695,0.054,0.043,1,HSC
IMMP1L,0.44968545709668034,0.3978631640492809,0.176,0.147,1,HSC
ESR1,0.44979296606948976,-0.22763879823595357,0.033,0.031,1,HSC
WDR6,0.449805004090682,0.39335318087599136,0.706,0.661,1,HSC
RNF169,0.4499252706954576,-0.5099096428366594,0.46,0.502,1,HSC
PPP3CA,0.44996462033877693,0.2462466496757436,0.598,0.642,1,HSC
TBCCD1,0.4501089774330953,-0.17278435031502304,0.153,0.159,1,HSC
AFF2,0.45016263410245094,3.0576741338820845,0.21,0.229,1,HSC
HSP90B1,0.4503212150492481,4.713679393303717,0.542,0.502,1,HSC
IER5,0.45035225612271707,0.6168679810362798,0.274,0.245,1,HSC
PPP1CC,0.4505290183715298,-0.398727628385607,0.307,0.272,1,HSC
EPCAM,0.4505370461895627,0.15761031702285894,0.123,0.11,1,HSC
C6orf52,0.45060503264188007,-0.19476808271392088,0.015,0.009,1,HSC
MB21D2,0.4507536476277912,0.7828471714383967,0.023,0.012,1,HSC
LY96,0.4507852166464468,0.7928153841084393,0.064,0.055,1,HSC
SEM1,0.45116335076752784,1.5260422977820696,0.619,0.572,1,HSC
RELL1,0.45117618524466047,0.9745694281480763,0.33,0.37,1,HSC
ZNF347,0.4511915589898843,-0.4452623374063842,0.072,0.092,1,HSC
TNIP1,0.451197161787204,0.33612586372185227,0.688,0.722,1,HSC
LAPTM4A,0.45119969825050316,-0.8001028731684809,0.565,0.609,1,HSC
TBL3,0.4512658372335354,0.39625442817640405,0.276,0.235,1,HSC
PCDHGA10,0.4514170286955287,-1.1806391097177622,0.013,0.031,1,HSC
ZNF274,0.45148615434228034,0.31479467834141783,0.284,0.294,1,HSC
ING4,0.45164713772521187,-0.9157396747555515,0.509,0.483,1,HSC
TLCD5,0.4518267829359572,-0.16508425071224825,0.199,0.235,1,HSC
MYO5A,0.4519158273916803,-0.3526528408387548,0.176,0.211,1,HSC
EGR1,0.4520930410342219,5.076637386789451,0.107,0.131,1,HSC
SEPTIN11,0.45210625057880516,-3.3598774446154938,0.783,0.826,1,HSC
PGM2L1,0.4522854573589911,0.2858688963182646,0.253,0.214,1,HSC
KLHL18,0.4522919553832023,0.5172998087519814,0.197,0.18,1,HSC
TUBD1,0.4524511462663213,0.45216701153427813,0.21,0.183,1,HSC
FBXO32,0.4526115796987581,-0.32645354596883003,0.148,0.144,1,HSC
SPEN,0.45263954241900195,0.9694713259242782,0.711,0.685,1,HSC
FCGR3B,0.4526850780525211,3.4936184939352133,0.01,0.006,1,HSC
PRKAR2A,0.45279338658392776,2.607762685110505,0.315,0.349,1,HSC
LENG8,0.45280149591520696,0.5028557548257364,0.98,0.979,1,HSC
CD151,0.4529022259053248,0.15883533211263595,0.22,0.187,1,HSC
LMNB2,0.4530404999307949,-1.944669269179406,0.376,0.416,1,HSC
STX3,0.4530737109992024,-0.9486215693205282,0.184,0.187,1,HSC
EFHD2,0.45309764058034624,9.684031109869988,0.683,0.673,1,HSC
EXO1,0.4531921437770068,-1.8789832324240976,0.008,0.015,1,HSC
MTMR3,0.4532071643834645,-0.44968913279931866,0.517,0.505,1,HSC
METTL1,0.45343086272901856,-0.7857398282597992,0.097,0.076,1,HSC
KCNQ1,0.45353329786072905,1.1616893788768738,0.023,0.009,1,HSC
C8orf33,0.45354515598009015,-0.3817872822931736,0.376,0.373,1,HSC
CMPK1,0.45359994550531135,0.16464803493041824,0.864,0.865,1,HSC
SELPLG,0.4536052615106833,-6.422974893724714,0.473,0.511,1,HSC
UNC50,0.4538641403565544,1.1963127058536664,0.517,0.489,1,HSC
PPP1R14C,0.45409117313214953,-0.364646410032325,0.018,0.024,1,HSC
AGFG2,0.4541055900870882,-0.3636778573080903,0.056,0.064,1,HSC
PRKCA,0.4541367850448751,0.16369381013562467,0.038,0.049,1,HSC
RINL,0.4542970119388924,-0.27261951827847186,0.136,0.162,1,HSC
ZNF177,0.45432966592840884,-0.25483159596061955,0.13,0.116,1,HSC
STK32C,0.454353419547749,0.3090343355061471,0.253,0.245,1,HSC
DNAJC10,0.454433217214351,0.7836544353008832,0.675,0.716,1,HSC
RTN2,0.4544762639434302,0.1540693910594113,0.141,0.11,1,HSC
ERLIN1,0.45466926205439084,-0.5797451876430468,0.432,0.437,1,HSC
HDAC4,0.4548008713695834,-0.5787010225467741,0.148,0.156,1,HSC
PACS1,0.45483193066304706,0.9273665401544804,0.721,0.694,1,HSC
PRR14,0.4548728695215842,-1.772629211970988,0.573,0.59,1,HSC
CCDC88B,0.4549740005083574,0.5559321839643647,0.43,0.376,1,HSC
FBXO31,0.4550115834726999,0.10993413856130352,0.136,0.113,1,HSC
SLC25A10,0.455222150027576,-0.49583854033342156,0.023,0.024,1,HSC
GPCPD1,0.45530171425497346,0.21775634659152798,0.581,0.606,1,HSC
ENOPH1,0.45541099270118,0.16188551096800832,0.345,0.309,1,HSC
ARHGAP25,0.45558956114434124,-0.18752890082585116,0.481,0.456,1,HSC
BTBD8,0.45568414095613813,0.6016274351373065,0.23,0.254,1,HSC
PMPCB,0.45572422690911785,1.6654072678146772,0.844,0.853,1,HSC
BACE2,0.455743273933791,-13.141930603756897,0.13,0.138,1,HSC
CFAP58,0.45579815363210885,-0.6996758919499015,0.013,0.021,1,HSC
LIN9,0.45580182253342844,-0.10202688894545608,0.118,0.128,1,HSC
DCTN1,0.4558255777761079,0.5954110657388187,0.688,0.661,1,HSC
VAT1,0.45586036370855204,-4.9217904716677765,0.645,0.685,1,HSC
RIMKLB,0.45586169003438815,0.2660568319779051,0.596,0.563,1,HSC
MAP2K6,0.4558941572737352,-0.27903607418476084,0.202,0.202,1,HSC
CCNK,0.45592393664368736,-0.5236490329012176,0.545,0.578,1,HSC
GNA15,0.45598609750366453,0.3939572738980708,0.716,0.713,1,HSC
HDAC11,0.45601542753768914,-0.3632291191601098,0.095,0.11,1,HSC
SLC46A1,0.45609679569809924,-1.0589515738170086,0.036,0.037,1,HSC
ZMIZ2,0.45629879284810526,0.9036627421653172,0.473,0.477,1,HSC
CCDC14,0.4564611578774249,0.245839577684821,0.614,0.609,1,HSC
VIM,0.4566990921152426,152.66779636240182,0.946,0.963,1,HSC
TMPRSS9,0.4567925153446638,0.3210341254082705,0.036,0.034,1,HSC
ARHGAP21,0.45681940183565534,-0.3845968893189581,0.22,0.245,1,HSC
ZNF578,0.4569070993658334,1.1616893788768738,0.023,0.009,1,HSC
C1orf56,0.4571815018491246,-0.5879970825435636,0.061,0.089,1,HSC
CLEC4E,0.45735647582159544,-0.6599043749406048,0.018,0.012,1,HSC
CHMP7,0.4574300683005723,0.2889561319897349,0.371,0.352,1,HSC
SMG6,0.4576535343698446,-0.185138386642398,0.228,0.263,1,HSC
MOB3C,0.4577021921650678,-0.6641266557029577,0.043,0.061,1,HSC
ZKSCAN5,0.4577326014658163,0.36619132706787094,0.161,0.128,1,HSC
CDC25A,0.457828841282203,0.7724132201303515,0.051,0.04,1,HSC
PEMT,0.45784215375331505,0.3757375353002935,0.207,0.177,1,HSC
OLIG1,0.45795350437363075,-2.1184846736672958,0.015,0.009,1,HSC
C1QBP,0.45803675625867357,1.3094502031452722,0.483,0.508,1,HSC
PIGQ,0.45808807427605913,0.6033342864085816,0.343,0.355,1,HSC
ZNF226,0.4582354196163021,-0.8784118529813139,0.013,0.024,1,HSC
PMS1,0.458312552067182,-0.3252995262481537,0.499,0.465,1,HSC
TRIM37,0.4583932427070266,0.36885979078468983,0.302,0.257,1,HSC
ATP7A,0.4585315774182669,-0.29435192546681055,0.32,0.291,1,HSC
CCNL2,0.4585422338643775,3.359235078492775,0.841,0.81,1,HSC
GTF2F1,0.4586024750699352,-0.4470742774158598,0.719,0.746,1,HSC
PKN2,0.4588860219960976,0.448697206082733,0.565,0.554,1,HSC
MICAL1,0.458911824122494,1.4688994941894071,0.68,0.694,1,HSC
KANK1,0.45911026315873643,-0.19516881359854243,0.246,0.284,1,HSC
PPP2R1A,0.45914395266485625,0.41877019638212376,0.072,0.058,1,HSC
KAT6B,0.45922092781854995,1.507579357134774,0.749,0.709,1,HSC
IKZF2,0.45932115913578875,2.9939766003853636,0.499,0.468,1,HSC
NCAPD2,0.4595498288323431,-3.142713803296709,0.394,0.394,1,HSC
ARHGAP24,0.4596551191465833,4.940606756158056,0.01,0.006,1,HSC
SHANK3,0.4598035290059053,-0.33542776786918793,0.148,0.144,1,HSC
GPRASP1,0.46011153673985106,-0.5688732117092621,0.107,0.104,1,HSC
IL2RB,0.4601209994039463,18.138520462135258,0.061,0.052,1,HSC
NCDN,0.46017863125046155,0.562568227872947,0.189,0.162,1,HSC
PYCR1,0.46018807563406916,-0.22418912232450072,0.097,0.125,1,HSC
COPG2,0.4605469825403741,0.22066112677747807,0.506,0.526,1,HSC
GDI1,0.4607246368944568,1.1672233972335158,0.55,0.514,1,HSC
PERCC1,0.4607529615702758,0.9496891457520906,0.026,0.012,1,HSC
TFAP4,0.46092223804982235,0.13652915549125755,0.107,0.104,1,HSC
ZBTB37,0.46095226890758045,0.3290852529917809,0.276,0.315,1,HSC
AP1S2,0.4609760658573159,-13.23356855734766,0.637,0.627,1,HSC
HELLS,0.4611224451429191,-0.26143785713581735,0.379,0.428,1,HSC
ELOB,0.4611439193123238,-0.3764630168307219,0.491,0.544,1,HSC
AP4E1,0.4613689113351857,0.5017308792698667,0.212,0.217,1,HSC
PARN,0.46140115161550765,-0.5061214555562217,0.468,0.502,1,HSC
IFITM10,0.46142109546951204,1.5586913090714618,0.051,0.034,1,HSC
MAU2,0.46143789373065025,-0.23196662242341937,0.169,0.199,1,HSC
PITPNM2,0.461470377701888,0.9597216437174136,0.271,0.242,1,HSC
DAP,0.461474372701106,1.1360071891709786,0.524,0.538,1,HSC
POLR2G,0.4617480123478599,1.2309325721987214,0.66,0.642,1,HSC
OXSR1,0.4620474938094197,-0.5731076715131986,0.389,0.379,1,HSC
CYP2R1,0.4624436074801204,-0.1242709992938471,0.21,0.196,1,HSC
PREPL,0.4624797848056882,0.6777588979657865,0.442,0.401,1,HSC
LAG3,0.4625377291380502,1.7383789228620272,0.161,0.131,1,HSC
FKBP4,0.4628045824277746,2.837685744028564,0.269,0.312,1,HSC
GPC6,0.46305868288643026,0.8544221468325608,0.013,0.006,1,HSC
ZBTB1,0.46309063517411575,0.984603461001571,0.701,0.667,1,HSC
PRELID1,0.4631109306031215,0.5527954695978254,0.266,0.284,1,HSC
NRL,0.4633219415573059,0.7477792790121698,0.031,0.024,1,HSC
ZRANB1,0.46340064492850697,0.2490337852575144,0.542,0.566,1,HSC
BCL10,0.4635474483878817,-0.3417671696790947,0.381,0.407,1,HSC
PSD4,0.4637399926444636,-0.20954054298139768,0.471,0.52,1,HSC
PSMG1,0.46376142491741823,-1.0118384337353192,0.435,0.465,1,HSC
CSDE1,0.4637668501244281,0.8788954603531165,0.831,0.853,1,HSC
MUTYH,0.4637964673990722,0.5746952241777932,0.146,0.113,1,HSC
KCNH2,0.463840463259632,-5.820517657077943,0.133,0.159,1,HSC
USP50,0.4639775570043135,1.241593599948656,0.01,0.006,1,HSC
ARHGAP11A,0.46427167919334394,-0.11094722286670988,0.128,0.113,1,HSC
TTC23,0.46429308768301925,-0.7905803623923475,0.082,0.086,1,HSC
LNX2,0.46435981269743887,-0.2107463242004628,0.113,0.104,1,HSC
ZNF223,0.4644992795759646,0.34130916269641154,0.179,0.159,1,HSC
CSTPP1,0.46459479127164316,-0.47322477919983763,0.409,0.465,1,HSC
PI4KB,0.4647787614795205,-0.3488651755422545,0.499,0.526,1,HSC
MFSD5,0.46488058520299946,-0.3401552194095212,0.166,0.208,1,HSC
UGP2,0.46488230584819534,-0.4934980478465003,0.312,0.349,1,HSC
NAB1,0.4650159332891246,0.10035611078415463,0.506,0.514,1,HSC
HMGN4,0.4652312867974281,0.7259485282663523,0.465,0.459,1,HSC
PGPEP1,0.4652427451862179,-0.6028085906418146,0.55,0.517,1,HSC
RABAC1,0.46528385352490104,0.11359627262440686,0.639,0.682,1,HSC
FAR1,0.465325625065178,0.3258684953080717,0.678,0.703,1,HSC
NFKBIB,0.4655938463912467,-0.5774947386275961,0.072,0.095,1,HSC
TRAK1,0.4656537243181004,0.8295213732175202,0.445,0.428,1,HSC
ULK3,0.46578643690299765,0.15329682005534595,0.184,0.159,1,HSC
EHD2,0.4660625651300815,-0.8309722379153809,0.294,0.336,1,HSC
MICU2,0.46607809158760105,0.6942621735591215,0.545,0.575,1,HSC
VTA1,0.4666794279900564,-0.21983897019966125,0.496,0.529,1,HSC
RING1,0.4671774765555526,0.1845651816179733,0.399,0.355,1,HSC
LAP3,0.46718285713594626,0.7073807646684156,0.315,0.336,1,HSC
HACD4,0.4672508411940044,-0.3329620508536415,0.634,0.691,1,HSC
ARPIN,0.4672514214051795,-0.7151493387492993,0.069,0.098,1,HSC
ROM1,0.4674552037552606,0.20564451137327167,0.038,0.024,1,HSC
MT-ND4,0.4675064138486023,-0.8656603117674351,0.954,0.945,1,HSC
SMIM13,0.4675239471432991,-0.4690686412748861,0.084,0.107,1,HSC
ZFTA,0.46754435556466106,-0.20207865101828065,0.24,0.242,1,HSC
C3orf80,0.4676134911992729,0.1554355390474287,0.233,0.202,1,HSC
SET,0.4680691708829587,-1.4824626414214803,0.575,0.587,1,HSC
LMNB1,0.4680895912098557,-0.833422407767243,0.35,0.324,1,HSC
NDUFS6,0.46824386654172834,0.6677384838789873,0.327,0.321,1,HSC
FANK1,0.46832310088217805,0.7872226654086445,0.033,0.018,1,HSC
MAN1A1,0.46833876766640026,1.8868520645456357,0.693,0.67,1,HSC
CCDC81,0.4683840690749547,0.8239400968045532,0.018,0.009,1,HSC
CDKN2C,0.4684679921681377,-0.8904616648061386,0.187,0.171,1,HSC
SLC2A9,0.46866212207444835,-0.4503639665970658,0.038,0.055,1,HSC
DARS1,0.4687142374929748,-1.3019613615985954,0.708,0.706,1,HSC
GZF1,0.46876880024355505,-0.8738743497043844,0.12,0.128,1,HSC
ZNF407,0.46881652411555624,0.13698778982745485,0.304,0.3,1,HSC
BLNK,0.4690158470286946,10.58216705979544,0.059,0.04,1,HSC
EDC4,0.469136634422375,-0.14690729390883361,0.494,0.538,1,HSC
SIGLEC5,0.46915456636627967,0.9832564373997565,0.061,0.064,1,HSC
WWP1,0.46931451562034204,0.5408442141839587,0.238,0.245,1,HSC
H2AZ1,0.4695708837683974,-5.928242572734882,0.345,0.367,1,HSC
ABI1,0.46960840949118365,0.980026537750819,0.632,0.602,1,HSC
CHPT1,0.469609556374466,0.34595212536793163,0.583,0.55,1,HSC
FGF11,0.4696121402644496,-0.7182877123755911,0.026,0.046,1,HSC
MBD2,0.46965002511020915,-6.018767889672564,0.685,0.667,1,HSC
FBLN2,0.4697000822812517,0.1205144277654524,0.056,0.052,1,HSC
ZBTB4,0.4697409224599698,0.5589503421075354,0.402,0.394,1,HSC
PLA2G6,0.47010379812695025,0.14506652384716356,0.348,0.355,1,HSC
FAM89A,0.47043592537054046,-1.0490113226461233,0.023,0.024,1,HSC
GDE1,0.47046707388266396,0.9859882073268795,0.486,0.471,1,HSC
CD72,0.4706327205124222,-0.6477130313666821,0.028,0.031,1,HSC
ERO1B,0.4706967471040317,-0.7559941319411082,0.373,0.336,1,HSC
TRAP1,0.47090845876965537,1.5118019492493784,0.297,0.269,1,HSC
GNGT2,0.47093170429406006,1.1667686380063058,0.023,0.012,1,HSC
SCRN3,0.47101715503751185,-0.14753343310555478,0.223,0.254,1,HSC
COPS7A,0.47104122402066195,0.26624466367794264,0.391,0.407,1,HSC
C12orf76,0.47104979088464416,0.8665464720566692,0.179,0.208,1,HSC
FUT11,0.4711429934981921,0.3264613088495861,0.299,0.306,1,HSC
SVIP,0.47116416093592084,0.3308527900613487,0.304,0.321,1,HSC
CRKL,0.4713520869188189,-0.592571549997357,0.621,0.648,1,HSC
ZDBF2,0.47136523285688003,-0.4171181377979214,0.051,0.058,1,HSC
SH2B2,0.4713907371008221,0.9146326153055568,0.031,0.015,1,HSC
TBRG1,0.47151258189481143,0.7270187644018147,0.271,0.294,1,HSC
GTF2A1,0.471521900671269,-0.281211131339161,0.389,0.367,1,HSC
PCLO,0.4715541508719053,-0.36501728327429905,0.031,0.018,1,HSC
DOCK3,0.47159181736432393,-1.4265164915268436,0.01,0.021,1,HSC
CCDC134,0.4716607198811755,0.28418269131271057,0.274,0.232,1,HSC
AGPS,0.47166977685144124,1.336476976566018,0.573,0.535,1,HSC
ZBTB18,0.47172726886670197,1.0858594332063665,0.371,0.361,1,HSC
PIGN,0.47179528334193727,0.563047273936077,0.506,0.532,1,HSC
COL6A5,0.47192937092231746,2.692952390409996,0.008,0.012,1,HSC
CLK4,0.47199379475809045,0.3786069029829522,0.524,0.471,1,HSC
OGT,0.4721043595665004,-3.0492602367837094,0.967,0.963,1,HSC
KDSR,0.47214462948924585,0.10266141376413263,0.407,0.431,1,HSC
PI4K2B,0.47215009583714784,-0.22240925976153406,0.279,0.3,1,HSC
PLEK,0.4721896664014361,18.020605898016775,0.775,0.722,1,HSC
CIB2,0.47222075519162915,0.23712000723026172,0.092,0.067,1,HSC
MBOAT2,0.4723572212840088,2.5343382998369846,0.445,0.483,1,HSC
ARF3,0.4723741766586921,-0.26054313967696796,0.197,0.217,1,HSC
DMAC2,0.47251116408731275,0.39384146158783184,0.33,0.315,1,HSC
FUS,0.4725255375685735,-0.2057878912767599,0.504,0.474,1,HSC
YAF2,0.47266541101302495,-0.13027906792755933,0.379,0.37,1,HSC
COQ4,0.47267162755738756,0.554159587752094,0.368,0.358,1,HSC
SPTSSA,0.47272917124860814,0.5692506687960303,0.384,0.394,1,HSC
ACP1,0.4727763264574456,-0.15951757636893937,0.494,0.456,1,HSC
DNMBP,0.47284541169768246,-0.22881700367052016,0.077,0.098,1,HSC
NSUN5,0.47289220551190425,-0.4112922853930252,0.123,0.153,1,HSC
CCNA2,0.4729757327035681,-2.498296453646139,0.023,0.031,1,HSC
MAP2K2,0.47309936803027897,-1.730208340612176,0.76,0.752,1,HSC
UBR7,0.4734365562593699,-0.9022101872395518,0.325,0.364,1,HSC
OSBP,0.4737598305526154,-0.21636366276156727,0.529,0.572,1,HSC
MGAT4B,0.47376264807295726,-2.0331189197488326,0.54,0.523,1,HSC
PCGF5,0.4737840135481242,-0.5226478199046249,0.453,0.428,1,HSC
CLYBL,0.47389341504075355,0.5980124019885995,0.146,0.147,1,HSC
PCIF1,0.4740757191074425,0.30487646852679406,0.432,0.428,1,HSC
SLC39A7,0.47421012513963035,-0.11744968788289437,0.271,0.278,1,HSC
LASP1,0.474326616270629,-0.22640816695593635,0.701,0.654,1,HSC
CDC16,0.4743389009516681,-0.9543495468893006,0.749,0.743,1,HSC
ASAH1,0.4749159826557565,2.128135313269204,0.65,0.697,1,HSC
RBM25,0.4749537934230776,1.1461060816387523,0.801,0.768,1,HSC
PABPN1L,0.4749630948315784,-1.1176589559161618,0.028,0.046,1,HSC
CLPTM1L,0.47505713051598564,0.20515587668255852,0.558,0.55,1,HSC
BRWD3,0.4750583174758517,-0.13807013573588445,0.463,0.462,1,HSC
RXYLT1,0.4750620995777595,-0.6560848216435382,0.269,0.251,1,HSC
DDR1,0.47519557576841337,0.6739007845312166,0.015,0.009,1,HSC
IDS,0.4752428240313535,2.1655586747430355,0.724,0.743,1,HSC
MARCHF8,0.4752603744747307,0.4065570946076329,0.46,0.514,1,HSC
VARS2,0.4752708855418024,0.22377241206441045,0.118,0.15,1,HSC
PRKCH,0.4753183808725466,0.25608492911037567,0.302,0.263,1,HSC
FAM174A,0.4753382872870615,-0.35893053674219644,0.084,0.092,1,HSC
ARHGAP23,0.4754169525565771,0.4107596037670996,0.243,0.239,1,HSC
TESK2,0.4755838160863162,0.3577075021687455,0.164,0.131,1,HSC
FEN1,0.4756032005357767,-0.7743465550212162,0.123,0.11,1,HSC
CCDC122,0.4757538651816944,0.42883998201270623,0.064,0.052,1,HSC
RAC2,0.475777371015801,-1.081063392987085,0.893,0.899,1,HSC
SEC22B,0.4757881113428438,0.4873592765745083,0.652,0.599,1,HSC
SNUPN,0.47599625932879674,-1.4912456249342632,0.435,0.398,1,HSC
SEC31B,0.47619546989996886,0.31859845721908137,0.297,0.294,1,HSC
TNFRSF13C,0.4763648579550075,-2.783153893677935,0.015,0.024,1,HSC
NAAA,0.4765007389957468,-0.26100208304625694,0.33,0.355,1,HSC
CRAT,0.4766558527191709,0.4516559277048695,0.11,0.092,1,HSC
UQCRFS1,0.4766913065616964,-0.33548129806392635,0.248,0.235,1,HSC
ZNF621,0.4767503963447754,-0.36023898982350533,0.34,0.33,1,HSC
APBB3,0.4767681927215676,-0.10321878431564074,0.315,0.281,1,HSC
LAMTOR5,0.47679965400219504,-0.18946454753465794,0.335,0.382,1,HSC
MASTL,0.47683541318725287,-0.9492553158777299,0.113,0.101,1,HSC
POP7,0.47686707163029557,0.3610494167647257,0.164,0.183,1,HSC
HOMER3,0.47699221998090613,-0.657146600373204,0.026,0.015,1,HSC
NMRK1,0.4770073445518972,-0.7575838624938132,0.235,0.205,1,HSC
UBE2R2,0.47701333497514736,-0.27232717089590963,0.913,0.887,1,HSC
SYS1,0.4770807185359502,-0.5414509217532266,0.284,0.324,1,HSC
PRRG2,0.4770930450111701,0.5696161671796931,0.01,0.006,1,HSC
CLEC12A,0.4771766867396912,-3.2569441233413756,0.079,0.076,1,HSC
TPBG,0.47733620958342177,0.8532381497120309,0.049,0.034,1,HSC
ALAS1,0.4775889923147064,0.296323889656307,0.248,0.223,1,HSC
ASB3,0.4779278492372723,0.14329796006457785,0.506,0.465,1,HSC
FCRL1,0.4780829264719006,-7.435792466164582,0.01,0.006,1,HSC
ALDH1A1,0.4781722759779112,20.654770254477064,0.647,0.682,1,HSC
UXT,0.4782060509836538,-1.600429194509438,0.944,0.954,1,HSC
COL6A6,0.47823429332571576,-0.6130921406295924,0.008,0.012,1,HSC
SRPRB,0.47824214115402797,-2.4264943079239543,0.396,0.413,1,HSC
CNNM3,0.4783398691582014,2.0972994795329565,0.317,0.291,1,HSC
PYROXD2,0.47841920036601676,1.1545013832467355,0.179,0.202,1,HSC
SH2D3A,0.47842664383916333,-0.6698807272915466,0.036,0.052,1,HSC
POGZ,0.47845426489955645,-0.15767740720671197,0.624,0.654,1,HSC
ALDH18A1,0.47883769160750145,0.5206246125200833,0.46,0.492,1,HSC
F8,0.4788966622164386,1.2795342881994847,0.026,0.012,1,HSC
ILVBL,0.4789119560308998,0.2529733931762397,0.233,0.205,1,HSC
SERPINE1,0.479035891888192,9.009294227588127,0.09,0.104,1,HSC
SMARCC2,0.4792198633460256,-0.49530631755088206,0.55,0.566,1,HSC
RUSF1,0.4793353575301345,-3.3367878572946927,0.611,0.639,1,HSC
NDUFA9,0.4798068233631043,0.26763336319496567,0.238,0.248,1,HSC
TET1,0.47990981965088597,-0.32631818981202665,0.159,0.183,1,HSC
SLC25A26,0.48008877360992425,-0.3202243454756778,0.35,0.385,1,HSC
SLC25A38,0.48019276113542553,0.2470558675580623,0.578,0.554,1,HSC
WDR26,0.4802596057519827,0.8331388741313819,0.675,0.639,1,HSC
GATB,0.48030034072325806,0.3536684331119637,0.176,0.138,1,HSC
ELAC1,0.48045711883049613,-0.33927138706656335,0.192,0.168,1,HSC
D2HGDH,0.48050885890783823,0.23178329833333766,0.079,0.076,1,HSC
BRD2,0.48070806768647134,1.3562827271534657,0.887,0.869,1,HSC
SMOX,0.4807516510936022,-0.31362260570406186,0.187,0.205,1,HSC
IRAK1,0.4809112271319257,-0.21382617867980008,0.379,0.349,1,HSC
HCN3,0.48102313663016233,0.6676349846894545,0.033,0.024,1,HSC
POLR2C,0.4810780402964299,-0.22218625804563952,0.437,0.489,1,HSC
ETNK1,0.48111278192427165,-0.28244499823941993,0.547,0.59,1,HSC
LPAR1,0.48111727092414097,-1.9830498317687821,0.013,0.021,1,HSC
CDK14,0.48120089825673673,-0.5112517401695222,0.223,0.254,1,HSC
LST1,0.4814529489721506,-8.744152047923361,0.481,0.468,1,HSC
SRF,0.48149929631021127,0.4960693002517741,0.366,0.385,1,HSC
STAG1,0.48154035301553727,-0.5176463883090909,0.442,0.483,1,HSC
RBM39,0.48166331533775963,1.0498512825275048,0.811,0.841,1,HSC
PAXX,0.481733094887569,0.4067270684219737,0.299,0.294,1,HSC
NCAPG,0.48178212476994103,-3.262555460200351,0.01,0.018,1,HSC
MTX2,0.48186086171550613,-0.7094761111041304,0.366,0.358,1,HSC
MANBA,0.48191250400988844,1.0049067614745657,0.601,0.544,1,HSC
PPP1R12B,0.48199996816783147,0.5057874400567974,0.371,0.318,1,HSC
APOBEC3F,0.4820266750095681,-0.18965305965520685,0.253,0.287,1,HSC
MRM1,0.48226672732171316,-0.26616749403280626,0.153,0.138,1,HSC
DOC2A,0.4822706702464602,-0.9844818716027692,0.01,0.021,1,HSC
GGH,0.4822959741926586,-1.0115398428687057,0.12,0.159,1,HSC
SEMA4C,0.48242242175311917,2.341576235847474,0.184,0.193,1,HSC
KIAA1191,0.48251407586999995,0.18941924449725678,0.246,0.205,1,HSC
MECOM,0.482519066923519,0.49341860482808053,0.187,0.177,1,HSC
TXNL4A,0.4825535270320653,0.44961045367640917,0.757,0.74,1,HSC
PDE7B,0.48259020827384624,0.5516741481693921,0.033,0.018,1,HSC
NASP,0.48274198518755074,0.577475755441613,0.051,0.043,1,HSC
MTLN,0.482743303098918,-0.5346822087094946,0.23,0.266,1,HSC
PANX2,0.4827702304673388,0.1593282326743477,0.064,0.073,1,HSC
CEP78,0.48291078092627215,0.6291010445705493,0.223,0.217,1,HSC
WRAP53,0.48295406354409437,0.15415871031924921,0.146,0.156,1,HSC
PSD3,0.4833544775302956,0.5696161671796931,0.01,0.006,1,HSC
EEIG2,0.48350532172081695,-0.3458203580531536,0.419,0.388,1,HSC
KNL1,0.4835150006120176,-1.9249151466420655,0.046,0.067,1,HSC
SHMT2,0.4836459940173265,-0.6084094406652274,0.256,0.294,1,HSC
CSF1,0.48367751742357423,7.164847294322389,0.11,0.098,1,HSC
LSM3,0.48371358736897474,1.0249674821199335,0.033,0.015,1,HSC
ARID4B,0.4837633866465711,-0.770329679125318,0.737,0.761,1,HSC
CHI3L2,0.48390616219812166,7.098478659303719,0.023,0.031,1,HSC
AGGF1,0.484127697303664,0.3415976865392303,0.512,0.517,1,HSC
PRF1,0.48413667468413757,4.326466467667221,0.102,0.089,1,HSC
COX7C,0.48416562247362266,0.26930959356763795,0.573,0.538,1,HSC
RBBP4,0.48425111516023567,-0.2521226486318474,0.353,0.315,1,HSC
CLEC7A,0.4844907323725871,-0.2244947028617764,0.033,0.052,1,HSC
SLC25A14,0.48470355590057446,-0.46044311598119414,0.072,0.092,1,HSC
ADCK5,0.4847531508536714,-0.11562993970691027,0.038,0.049,1,HSC
WWC3,0.4848976788681075,0.2831531947505407,0.258,0.217,1,HSC
LY6G5C,0.48507346270610324,-0.23272581780588464,0.033,0.031,1,HSC
KIF7,0.48529322764786864,-0.24985203762709052,0.156,0.199,1,HSC
PCDHGB6,0.4853692602127134,-0.5161859710238232,0.031,0.046,1,HSC
PDIA6,0.48548901438520703,0.4849033400629188,0.435,0.394,1,HSC
LGALS8,0.485491606805566,-0.24663082423295624,0.662,0.667,1,HSC
R3HDM1,0.48554948674180964,-0.2997415578382352,0.471,0.52,1,HSC
OSGEP,0.4856122207053563,-0.2204110772459738,0.34,0.385,1,HSC
TMED6,0.48570710215678736,0.6987509588632972,0.064,0.043,1,HSC
MYO16,0.4857590323883295,1.5984174409920935,0.064,0.049,1,HSC
SNX19,0.4858400240560833,0.2959734075121878,0.455,0.419,1,HSC
DNM1,0.48590722965261623,0.5226154713714761,0.066,0.052,1,HSC
COPS5,0.4859371053676886,0.19314644539115378,0.639,0.615,1,HSC
CDC27,0.48601579326278704,0.6072197498343092,0.386,0.394,1,HSC
H1-5,0.4860276169002587,-246.61232812081954,0.652,0.685,1,HSC
SPON1,0.4860948950759352,3.3521758482952198,0.107,0.092,1,HSC
TXNDC5,0.48612471012790337,0.14905026147182454,0.555,0.56,1,HSC
CREB3L4,0.4862336717849077,0.33103806724605056,0.35,0.315,1,HSC
NAB2,0.4865024447741777,0.8776691660672211,0.159,0.147,1,HSC
ZC3H3,0.4865679316914937,0.2778135039594661,0.338,0.306,1,HSC
SNAP23,0.4865802796848607,-0.1018213691910308,0.547,0.502,1,HSC
CTNNBIP1,0.4867773063195209,0.42745947342081014,0.363,0.358,1,HSC
GPR135,0.4867923306156021,-0.30347843475485514,0.097,0.122,1,HSC
DPPA2,0.4867986893309977,-1.2850695733985562,0.008,0.012,1,HSC
SBNO2,0.48683010272449895,0.27146382306334105,0.294,0.254,1,HSC
ENTPD1,0.48688948038181457,-3.2824337679035223,0.023,0.037,1,HSC
KLHL31,0.48719108429391433,1.6982464701045288,0.01,0.006,1,HSC
ANG,0.487219481802389,1.044435778580703,0.02,0.012,1,HSC
NDUFS3,0.4872551456202484,-1.4739920915904827,0.598,0.636,1,HSC
FTCDNL1,0.48733919331560105,0.6841855731823592,0.115,0.116,1,HSC
ST20,0.4874051876817104,0.43778700875390597,0.11,0.098,1,HSC
SP4,0.4875115976124491,0.4699932821362123,0.286,0.297,1,HSC
AFTPH,0.4875668888585115,0.41367670431680015,0.56,0.578,1,HSC
PIAS2,0.48770577178465935,0.21694532211752593,0.33,0.303,1,HSC
LMF1,0.4878318225753564,0.4801472119419551,0.189,0.168,1,HSC
HDC,0.4881121177997272,9.841047745234263,0.095,0.101,1,HSC
HS2ST1,0.48814436021112345,-1.109390272076988,0.448,0.446,1,HSC
TMEM222,0.4881987918688624,0.15133972082898484,0.12,0.116,1,HSC
ITGA4,0.48826867484302855,-23.339681336568788,0.987,0.979,1,HSC
CAMK1,0.4883871076397583,-0.7027528261283802,0.026,0.043,1,HSC
ANKZF1,0.48845060660415673,0.390533343818545,0.358,0.33,1,HSC
LPP,0.4885274622207705,0.48862141289753347,0.263,0.229,1,HSC
C14orf28,0.4885653836218286,-0.29769345565653405,0.069,0.086,1,HSC
NABP2,0.4885777547622544,0.5381476329878081,0.396,0.394,1,HSC
ZNF613,0.48862037436125855,0.6964399017868825,0.13,0.098,1,HSC
POPDC2,0.48870624957825337,-1.2154613125073062,0.033,0.043,1,HSC
C4orf33,0.48875201184023687,0.5067820894718331,0.22,0.187,1,HSC
MST1,0.48880448836728146,-0.583665352776594,0.077,0.101,1,HSC
PSMB5,0.4889429189756771,-0.11527324231703373,0.412,0.446,1,HSC
HROB,0.4889689097093034,-1.1102763579950086,0.023,0.043,1,HSC
PLEKHO1,0.4893906610735609,-1.0589480989668418,0.565,0.55,1,HSC
SMIM17,0.48986184141960004,-0.6130921406295924,0.008,0.012,1,HSC
ECM1,0.48991348887880504,1.241593599948656,0.01,0.006,1,HSC
CENPI,0.489979263599981,0.5716220740151701,0.051,0.034,1,HSC
NT5DC1,0.49008891910806596,0.7908614874916342,0.373,0.346,1,HSC
CCSER2,0.4901171469398372,0.7939028525690426,0.355,0.324,1,HSC
PLVAP,0.49033869056388996,1.4268023166931236,0.013,0.006,1,HSC
IP6K1,0.4904715491758641,-0.41216406378532344,0.558,0.575,1,HSC
NUDCD3,0.4905111741862266,-0.2787300063373599,0.483,0.45,1,HSC
LPAR3,0.4905882136816077,2.564613790042982,0.01,0.006,1,HSC
ZBTB32,0.4906639628029338,-1.0853721107982315,0.005,0.012,1,HSC
FXYD5,0.49075093446655965,13.651959301654529,0.985,0.994,1,HSC
NAA38,0.4907776572113898,-2.013671514251671,0.619,0.657,1,HSC
NAA60,0.4909229794619489,-0.7941179193141321,0.368,0.376,1,HSC
FYTTD1,0.4909452435484055,-0.46549527499587384,0.642,0.645,1,HSC
TOMM20L,0.4909628667256275,0.6198869933752089,0.015,0.009,1,HSC
FBXO30,0.49098918113087087,-0.45175611282821004,0.258,0.294,1,HSC
RHOXF1,0.49104160547168485,1.0026760578359646,0.02,0.009,1,HSC
PMPCA,0.49105017588539573,-0.35396958896514263,0.284,0.321,1,HSC
GALNT6,0.49148658084543884,-0.21868275921419533,0.148,0.125,1,HSC
TRMT12,0.49170666693236376,-0.428522964104604,0.11,0.125,1,HSC
RHOBTB1,0.49201205082312294,0.3329949018314522,0.199,0.18,1,HSC
TMEM86A,0.492189606089669,-0.2780413056831308,0.064,0.061,1,HSC
SLC18B1,0.4923114790277262,0.4982554198738831,0.123,0.107,1,HSC
MTHFD1,0.492565288604469,8.544098872640625,0.414,0.462,1,HSC
ZNF629,0.4926565453851952,0.202821545636931,0.238,0.226,1,HSC
IRF5,0.49278337910958775,0.30436702500817514,0.228,0.229,1,HSC
TMED10,0.4928489773160247,-0.19092214171603294,0.46,0.498,1,HSC
ZNF184,0.4929155030526455,-0.3181810762341828,0.368,0.318,1,HSC
GTSE1,0.49298324891574685,-0.6450494249253653,0.013,0.012,1,HSC
SERPINI2,0.493018886471443,0.4639854630419107,0.123,0.098,1,HSC
RPRD1A,0.49307262858520984,1.0280730869879053,0.545,0.532,1,HSC
DNAJA4,0.4931067669115628,-0.15655005775922515,0.138,0.156,1,HSC
CAPN15,0.4931576612058889,0.5699661482894769,0.115,0.098,1,HSC
UBAP1,0.49325685066357317,0.3816305646157552,0.327,0.291,1,HSC
ACY3,0.4935530039253233,-79.532074221025,0.13,0.101,1,HSC
CTDSPL2,0.49362568385503985,-0.8103288880930286,0.407,0.373,1,HSC
AGBL3,0.493663347423188,0.31450219805129365,0.013,0.015,1,HSC
SCARB1,0.4936752331933066,0.5088503684217122,0.315,0.291,1,HSC
SLC39A3,0.493818684462233,2.7390427596434446,0.739,0.777,1,HSC
SUPT16H,0.49383655774518553,-2.1376756595401627,0.734,0.731,1,HSC
ERP27,0.4939196108488485,-0.5654174918351398,0.061,0.052,1,HSC
SEC16A,0.49396169535376727,0.2526475540979974,0.396,0.358,1,HSC
RAB33A,0.49398041629709366,-0.1323183595419395,0.153,0.135,1,HSC
PFN2,0.49406802524891447,0.5489236256668715,0.031,0.021,1,HSC
SLC31A1,0.49407784017361467,-0.2409463111205894,0.102,0.128,1,HSC
TOP1,0.4941580564687563,0.6608382462133866,0.696,0.713,1,HSC
SPIN3,0.49417334391144085,0.885993438984441,0.092,0.086,1,HSC
CENPC,0.4942708921959197,0.23567132441607197,0.512,0.471,1,HSC
SPIRE1,0.4943448163769756,-0.3356374396510795,0.102,0.131,1,HSC
PPIP5K1,0.4944876741587057,0.2661740695886252,0.138,0.107,1,HSC
C1GALT1,0.494716364424319,0.15908341389369485,0.266,0.232,1,HSC
TGIF1,0.4948818254118907,-0.6586321071351373,0.315,0.3,1,HSC
ASRGL1,0.4948852486169225,0.3132290219643792,0.105,0.08,1,HSC
AMOT,0.4949033371645354,-0.2202122786360714,0.105,0.113,1,HSC
NAMPT,0.4950506200665779,0.44885322482350676,0.118,0.144,1,HSC
ARMC1,0.49517131176740564,0.2753441143647587,0.302,0.3,1,HSC
DDX46,0.4951737430817845,1.326283776823705,0.729,0.713,1,HSC
PLEKHA3,0.49518629618274784,-0.4240764561561602,0.399,0.453,1,HSC
USP12,0.49518976592326697,-2.5895692261604255,0.632,0.648,1,HSC
TGFB3,0.4954495082953752,0.6328160718819689,0.051,0.037,1,HSC
KLRK1,0.49546937254378454,-10.052038833458127,0.061,0.043,1,HSC
GTF2F2,0.4956392302988962,0.34156989294009166,0.404,0.428,1,HSC
LMTK2,0.4956710395521393,-0.3121124383195817,0.097,0.131,1,HSC
THOC1,0.495819716097269,-0.14716362175644382,0.425,0.44,1,HSC
ZNF25,0.496207203899864,0.11657352673073484,0.161,0.138,1,HSC
EPS8L1,0.4962962479887961,-1.0624119132697527,0.02,0.034,1,HSC
PTGDR2,0.4963083041068311,-0.7645394065294948,0.105,0.135,1,HSC
HMGN5,0.49632008477355294,0.19192516932565504,0.248,0.211,1,HSC
PPME1,0.4964428510637704,-0.41362645656213837,0.199,0.223,1,HSC
EXOC2,0.4964600644068019,-2.093168191259026,0.465,0.456,1,HSC
GCSAML,0.4965368423065798,6.858132597144191,0.44,0.474,1,HSC
TMSB15B,0.49654951609027664,0.11714713010347277,0.205,0.165,1,HSC
BRIX1,0.4966187244100227,-0.8612099059398275,0.45,0.502,1,HSC
TMEM106C,0.4967228102944217,-1.6098892054568401,0.276,0.248,1,HSC
TTC33,0.4969506507738134,0.2211878486801734,0.327,0.321,1,HSC
ACADVL,0.49708414336835866,-1.2544779643863002,0.685,0.719,1,HSC
UNC93B1,0.4971033176297768,4.525168682713325,0.184,0.171,1,HSC
LIN7C,0.49714299894401504,0.346216765420603,0.529,0.569,1,HSC
ADPGK,0.49715542187222406,0.8286476005361361,0.685,0.636,1,HSC
ENAH,0.4972180558426319,-1.1337170175355515,0.02,0.037,1,HSC
PKM,0.49727855573222135,0.1279347192626553,0.302,0.269,1,HSC
VPS25,0.4976639397210372,0.21831582541958516,0.419,0.385,1,HSC
MS4A7,0.4977336370554627,1.1848082000959188,0.072,0.058,1,HSC
ZFP62,0.49781123107581127,0.2673550704698383,0.407,0.361,1,HSC
SYNGR3,0.49783522347416975,0.6168843780523452,0.018,0.024,1,HSC
CRLF2,0.4980178838279247,0.46136425903106026,0.015,0.012,1,HSC
SPIN4,0.49815105713468927,-0.755552718778493,0.445,0.401,1,HSC
ADAT2,0.4981594789287273,0.5029589403514785,0.471,0.523,1,HSC
RIOK1,0.4982355783276894,1.0394550599551462,0.332,0.336,1,HSC
C14orf119,0.49826159764379296,-2.0254945553674037,0.417,0.416,1,HSC
FAM89B,0.49836431839461154,-0.48534410742221357,0.335,0.379,1,HSC
PARP9,0.49838042688405176,-0.5890250879384871,0.35,0.364,1,HSC
TRMT10C,0.49841701397420235,-0.5164871227571377,0.389,0.385,1,HSC
ADAM22,0.498529314558433,0.21342361911674737,0.199,0.235,1,HSC
CAPN11,0.49871581378083324,-0.34468511079082464,0.028,0.028,1,HSC
PSMA1,0.4988110942641423,0.2728657411157303,0.363,0.388,1,HSC
DTWD2,0.4988657815339712,0.5575388242056409,0.192,0.223,1,HSC
CENPU,0.4988933469077893,-2.6320307217159167,0.34,0.346,1,HSC
LRP11,0.4988973557079318,-1.2215217118310808,0.02,0.024,1,HSC
RAB1A,0.4989900722020053,0.6153001792142205,0.575,0.544,1,HSC
LRRC38,0.49936261238133706,0.1872496290672716,0.02,0.015,1,HSC
TLN2,0.49940170831887476,0.44250848087048533,0.054,0.046,1,HSC
RAB11FIP1,0.49943224705690437,-2.5995847066466164,0.212,0.217,1,HSC
AMIGO1,0.4996331460817135,0.9322738078432038,0.023,0.018,1,HSC
RHBDD2,0.4997356180618061,-0.8263836527582776,0.164,0.159,1,HSC
SLC16A10,0.4997779036827229,-0.3944909005207391,0.036,0.04,1,HSC
ADAM20,0.49978122379543044,-0.1871745959836919,0.023,0.034,1,HSC
HCLS1,0.49978608097023214,1.6734171010391456,0.824,0.838,1,HSC
SPACDR,0.4999077557054624,1.208566070703669,0.046,0.037,1,HSC
DENND10,0.4999097579553176,6.041733209141858,0.414,0.376,1,HSC
NOL12,0.4999468966284667,-0.9833117359638126,0.361,0.388,1,HSC
FAM185A,0.500005024645017,-0.8218910913811042,0.097,0.107,1,HSC
TTC14,0.5000346587730337,-0.15815900362788105,0.724,0.737,1,HSC
FCER1A,0.5001026556957098,11.284544374464701,0.468,0.502,1,HSC
HMGCR,0.5001467866921082,2.59147862094896,0.419,0.459,1,HSC
SIK3,0.5001569239017497,1.3697189759924755,0.56,0.557,1,HSC
MAPK15,0.5003370112635753,0.44806163862983306,0.023,0.015,1,HSC
HCFC2,0.5005613787856816,-0.661164521081317,0.146,0.187,1,HSC
SPN,0.5008506332066572,-0.5850888627969368,0.987,0.979,1,HSC
CYP20A1,0.5008782868050149,-0.16975993106690035,0.289,0.315,1,HSC
RAD9A,0.5010034691849583,0.7430142494937715,0.171,0.174,1,HSC
OGDH,0.5011297529511081,-0.36770345752259814,0.463,0.502,1,HSC
ATP1A3,0.5011542418044812,1.6494159905833912,0.036,0.018,1,HSC
AS3MT,0.5011871350532627,1.2795342881994847,0.026,0.012,1,HSC
CISH,0.5011912294024595,-0.4987441868809561,0.302,0.284,1,HSC
CORO2A,0.5011992349154825,-0.5132639810582056,0.031,0.028,1,HSC
PDIK1L,0.5012283171909587,-0.22093536128790237,0.402,0.456,1,HSC
ARV1,0.5012491601041305,0.28255448158688434,0.269,0.257,1,HSC
USP27X,0.5013056737697864,0.24624836404725725,0.046,0.028,1,HSC
NMB,0.5013653730220424,0.3998446965887843,0.061,0.046,1,HSC
TCP1,0.5013735244598111,-0.2707044611824658,0.645,0.682,1,HSC
PAK6,0.5014616987718208,-0.6130921406295924,0.008,0.012,1,HSC
GAA,0.5015378728261142,-0.18212261522660983,0.197,0.205,1,HSC
NUF2,0.501652760007408,-0.4574507609840044,0.028,0.031,1,HSC
ZNF302,0.501679235537922,-0.29738626504364607,0.077,0.095,1,HSC
ARHGEF25,0.5017414047840068,-0.25787797180926963,0.028,0.034,1,HSC
CD99L2,0.5019020170265528,-0.2846665782910072,0.294,0.3,1,HSC
STK26,0.5019155947736709,-1.751784391099167,0.673,0.706,1,HSC
CNOT6,0.5019582630679058,-0.8772805690257748,0.512,0.508,1,HSC
NXF1,0.5021645163186094,1.1888509159850682,0.394,0.431,1,HSC
TMED2,0.5022012906832833,-0.2761185085388158,0.34,0.343,1,HSC
EMP3,0.5022636999862494,-0.6398386631162154,0.821,0.835,1,HSC
SMIM10,0.5024285902839557,-3.3285306561932364,0.123,0.138,1,HSC
OSTC,0.502648193250793,0.8400337670735478,0.691,0.676,1,HSC
MKRN2,0.5027674220246972,-0.23339092628660796,0.34,0.37,1,HSC
C17orf113,0.502790992809683,-1.282485632066172,0.107,0.089,1,HSC
H4C16,0.50292186148063045,0.12636611816594923,0.133,0.116,1,HSC
GALNT2,0.5030387564492952,-1.2834218723402757,0.555,0.606,1,HSC
CCT6B,0.5030410323812428,0.1574240825656199,0.084,0.107,1,HSC
URAD,0.5031322149223747,1.092166963543849,0.015,0.006,1,HSC
MARCHF1,0.5032450142532695,0.27673264928076047,0.031,0.015,1,HSC
HPGD,0.5035595008834407,19.93937757289811,0.335,0.315,1,HSC
EIF4G3,0.5035618901981416,-0.12300868011906996,0.708,0.752,1,HSC
LRRC70,0.5035998581792841,-0.9549033426364013,0.033,0.049,1,HSC
KCNA3,0.5036265022887312,-0.4051627926111348,0.189,0.174,1,HSC
LARP4,0.5036443241087099,-1.2625237942808751,0.637,0.648,1,HSC
CEBPG,0.5036971144158161,0.5545403391293589,0.384,0.349,1,HSC
PRXL2A,0.5037697835422951,-0.6639362756561759,0.151,0.19,1,HSC
TLR10,0.5040109107412107,0.12707197055271519,0.02,0.031,1,HSC
KATNAL1,0.5042436614412271,-0.13957187405195592,0.299,0.333,1,HSC
BRCC3,0.5043871229828419,0.28093825182371357,0.223,0.199,1,HSC
ALDH9A1,0.5044522020801502,-0.27838412935217305,0.35,0.324,1,HSC
DCAF5,0.504547102589732,-0.4588356525457591,0.478,0.462,1,HSC
LIMK2,0.5046092441565475,-0.2857252775285736,0.243,0.278,1,HSC
RHBDF2,0.5046907022241953,0.4318478628923441,0.069,0.055,1,HSC
ZNF831,0.5048423992100761,1.526955636824713,0.026,0.021,1,HSC
DNAJC6,0.5048857512952319,0.909177834072018,0.192,0.193,1,HSC
PAFAH2,0.5048927777155259,0.8274861802180515,0.11,0.083,1,HSC
AP3D1,0.504900593812579,-0.3202196658621759,0.55,0.529,1,HSC
ZNF71,0.5049489234314684,-0.3925817371324658,0.233,0.239,1,HSC
TMEM140,0.5051307539030095,0.3493598325154703,0.266,0.229,1,HSC
OR2L3,0.5052355127465763,-0.15788762177410043,0.197,0.214,1,HSC
EXO5,0.505237557569136,-0.3605013264258081,0.138,0.141,1,HSC
HARS1,0.5052739024736698,-1.0252853763046812,0.445,0.492,1,HSC
ZNF512B,0.5053671149703719,0.35092127635432324,0.432,0.422,1,HSC
RAB7B,0.5054547850459582,0.7803726270624727,0.02,0.037,1,HSC
RGP1,0.5055658181224036,0.4570627500367255,0.44,0.401,1,HSC
MYO19,0.505829969880765,-1.0494876999214857,0.258,0.232,1,HSC
LPCAT3,0.5060762052976419,-1.3861866979503925,0.419,0.404,1,HSC
CALM1,0.5060929745212079,1.6142960225529852,0.366,0.382,1,HSC
ATP2B4,0.5060973479534555,0.35452218443793937,0.716,0.734,1,HSC
CUL5,0.5065777791373616,-0.4565367331331618,0.509,0.495,1,HSC
JTB,0.5066177403526445,-0.41425252751494024,0.506,0.52,1,HSC
TPST2,0.5066842995247247,0.30603717047684786,0.161,0.159,1,HSC
LAT,0.5068903193045808,0.1785044292866219,0.156,0.141,1,HSC
SETDB2,0.5069613616469305,1.3033597117410687,0.501,0.465,1,HSC
PRKD3,0.506967365866796,-0.2535591446822909,0.535,0.517,1,HSC
EVA1B,0.5071853631896668,0.45028323224825484,0.35,0.367,1,HSC
H2BC21,0.507267481679199,-11.833119732334232,0.849,0.85,1,HSC
SEC11A,0.5072810166301126,5.713565590189852,0.696,0.731,1,HSC
PIGP,0.5074818553510706,-0.20667737644549672,0.263,0.254,1,HSC
CLUAP1,0.5074954441376421,-0.3772799183970594,0.194,0.196,1,HSC
CLDN9,0.5075116358363458,0.5696161671796931,0.01,0.006,1,HSC
MIEF2,0.5075320402203405,0.43380131005763944,0.077,0.058,1,HSC
PPP1R15A,0.507696339924682,-0.9139886564524273,0.54,0.526,1,HSC
PCMTD1,0.5077633220763336,-3.3107895036030843,0.916,0.902,1,HSC
LACC1,0.5077915443302362,0.44035912762422535,0.072,0.076,1,HSC
PARP3,0.5079324155242597,-0.2502946703582485,0.115,0.128,1,HSC
GPR132,0.5080580311378488,0.16522955547220897,0.11,0.086,1,HSC
ABO,0.5082368991560376,-0.6744128079983205,0.248,0.263,1,HSC
RFTN1,0.5083198446961722,0.2052685276888897,0.35,0.327,1,HSC
ZRSR2,0.5083475762602184,0.5357861493414304,0.133,0.11,1,HSC
PLD1,0.5084236852948681,-0.1958015372383848,0.125,0.153,1,HSC
CAMK2G,0.5087468932512427,-0.5721464688103914,0.304,0.355,1,HSC
ZNF667,0.5088068506704747,-0.15558744976031802,0.322,0.287,1,HSC
SEMA3C,0.5088881864788865,1.8041290175076448,0.248,0.278,1,HSC
MED21,0.5088933452053925,0.5008834287846691,0.685,0.648,1,HSC
GTF2H5,0.5089046022740611,0.41001120034322236,0.373,0.346,1,HSC
PPP4R1,0.5090174656562141,0.40399792045437066,0.512,0.502,1,HSC
SLC35D2,0.5093098134950401,0.6014045999040691,0.537,0.56,1,HSC
VCPIP1,0.5097501499319537,-0.7904295039287592,0.527,0.544,1,HSC
STAC,0.5101166092844225,1.1509396223079897,0.051,0.037,1,HSC
ANKS3,0.5102011808670043,-0.2991645385180748,0.133,0.165,1,HSC
NOP2,0.5102710891443304,-0.22070937254845757,0.271,0.248,1,HSC
SUCLG1,0.5103302267474803,1.3683488319084405,0.552,0.541,1,HSC
GTF2H3,0.5104197532731714,-0.30425116813100694,0.358,0.37,1,HSC
SNX15,0.5105614708567943,-0.36445848920248136,0.34,0.343,1,HSC
N4BP3,0.5106894281369996,-0.7437577745936514,0.02,0.018,1,HSC
PDIA3,0.5107519973860256,-0.3495448085747874,0.606,0.639,1,HSC
TMEM156,0.5107529114708096,-0.6404857654435487,0.113,0.131,1,HSC
NCOA4,0.5107781950067364,-25.128129128954377,0.913,0.936,1,HSC
CARF,0.510806876765571,0.685348278453255,0.412,0.373,1,HSC
RNF6,0.5109085479223529,0.12344564129071209,0.304,0.272,1,HSC
UBE2D1,0.5109538888114232,-0.5387845194065001,0.156,0.19,1,HSC
ZNF669,0.5110206757215757,0.9044603029831366,0.199,0.214,1,HSC
RNF38,0.5111560626645073,0.13759871111050437,0.632,0.602,1,HSC
RUFY3,0.5113237448710599,0.29637966013928607,0.373,0.336,1,HSC
SF3A3,0.5116719007690339,-0.6595326085762485,0.568,0.572,1,HSC
MED30,0.5117288941944241,-0.7289831335178475,0.358,0.33,1,HSC
ZBTB12,0.5119515806938744,0.10125129847091552,0.11,0.095,1,HSC
DCAF16,0.5121131022491863,-0.5345973681658851,0.632,0.627,1,HSC
FLT1,0.5121243778192895,-1.0853721107982315,0.005,0.012,1,HSC
C11orf21,0.5121824625986613,0.3715820855852565,0.133,0.107,1,HSC
COX20,0.5122112093777511,-0.14048454670041077,0.299,0.343,1,HSC
ZNF155,0.5123122730043558,0.19254435456583652,0.09,0.073,1,HSC
TMOD2,0.5123225688674096,0.1594177698273221,0.292,0.309,1,HSC
GOLGA7,0.5127519647327942,0.5824675381656266,0.611,0.633,1,HSC
ACE,0.5130816641926936,0.15386762923796526,0.056,0.04,1,HSC
H2BC8,0.5131034473613437,-6.503746999411899,0.558,0.517,1,HSC
TMEM217,0.5131108149001229,0.24087192917154887,0.015,0.018,1,HSC
MTG1,0.5132867992336798,0.14968764602783546,0.417,0.44,1,HSC
PTH1R,0.5133953439952853,9.524102050839351,0.031,0.031,1,HSC
PLAAT3,0.5135183509707708,1.6070047085620338,0.015,0.012,1,HSC
GTF3C3,0.5135276639953299,-1.867593880300213,0.731,0.694,1,HSC
ETS2,0.5136403844852033,3.647546712585669,0.777,0.783,1,HSC
THEM6,0.5136856373489378,0.2199000376824336,0.084,0.067,1,HSC
CYTIP,0.5136876495532303,11.679130321445552,0.598,0.569,1,HSC
NSG1,0.5137214132768044,4.870662477388607,0.02,0.012,1,HSC
LYST,0.5138151583940287,-3.1311326685371004,0.276,0.251,1,HSC
ALDH7A1,0.5138168492373404,-0.4121994429392797,0.054,0.055,1,HSC
SGPP1,0.5139303802884836,4.123959558867735,0.343,0.352,1,HSC
HS3ST1,0.5141491422738607,-0.2387664670505001,0.02,0.015,1,HSC
FAN1,0.5141697007379133,0.6087762987222467,0.315,0.303,1,HSC
SOD2,0.514271104293361,-0.2566191019091768,0.737,0.78,1,HSC
KCTD5,0.514326034454251,-0.25483932109434404,0.146,0.141,1,HSC
CAPN5,0.5143344250299442,0.6648831660992229,0.026,0.015,1,HSC
SYK,0.5143548019343571,-0.37838435754535826,0.645,0.682,1,HSC
CEP250,0.5144167231493926,-0.2703618712130249,0.189,0.199,1,HSC
AKAP10,0.5145270187093771,0.596919478017012,0.407,0.382,1,HSC
CCDC85B,0.5146266800795376,-1.018107285603072,0.455,0.422,1,HSC
CLCC1,0.5146336520453315,0.7859148658060622,0.509,0.465,1,HSC
TOMM6,0.5146940440105832,2.661798372795428,0.604,0.593,1,HSC
SCAMP1,0.5147238099348457,0.28590631703460945,0.169,0.156,1,HSC
MAST4,0.514885825871035,-0.6894940854139313,0.432,0.431,1,HSC
SUOX,0.5149332341595863,-0.1405098174224435,0.174,0.162,1,HSC
TOMM40,0.5149565627385322,-0.1330296718564643,0.166,0.162,1,HSC
NECAP1,0.5150150329359696,0.26899849496545913,0.246,0.211,1,HSC
SNX3,0.515137988285086,-1.4801424806463448,0.946,0.948,1,HSC
SNRPN,0.515143146532876,-0.35663122305950923,0.632,0.639,1,HSC
EHD3,0.5151623414989528,-0.38130109996961026,0.192,0.217,1,HSC
SERINC3,0.5151793295447544,-2.0492733821254037,0.849,0.856,1,HSC
UBXN4,0.5152985225784278,0.13211243692733898,0.79,0.826,1,HSC
MT-CO1,0.5153125904569356,-24.92386834382961,0.995,0.991,1,HSC
MED15,0.5154972574003422,-0.38046214404511547,0.604,0.581,1,HSC
TMOD3,0.5155178195811645,-7.560866311707072,0.609,0.627,1,HSC
CPQ,0.5159389599445191,-0.30707355229526045,0.284,0.309,1,HSC
ITPR2,0.5162160900110275,-1.129471223958241,0.744,0.74,1,HSC
MFSD11,0.5164349726816899,0.20336080758963282,0.228,0.235,1,HSC
SPCS1,0.5165443603147232,-1.9855432332135043,0.668,0.633,1,HSC
SPECC1,0.51657261551095,-0.12946280291128676,0.353,0.385,1,HSC
C3AR1,0.5166093238120362,-0.5124844762576539,0.033,0.037,1,HSC
MEAF6,0.5166112329689321,0.34392232803726186,0.66,0.7,1,HSC
B4GALNT4,0.5169122578851348,0.6510388090337216,0.072,0.058,1,HSC
GDF10,0.5169773762240341,-1.613853500674514,0.018,0.018,1,HSC
ZNF485,0.5171190086440687,0.2941235076839295,0.102,0.076,1,HSC
ADAMTS10,0.517135550937701,-0.6824127913042992,0.166,0.193,1,HSC
URB2,0.5171531939964205,0.28946186962284526,0.13,0.104,1,HSC
CNGA1,0.5171647255639487,-3.537094467385113,0.008,0.012,1,HSC
ZNF215,0.5173121656132689,0.23878311513934047,0.018,0.012,1,HSC
DNAH6,0.5173552683116565,-0.8784118529813139,0.013,0.024,1,HSC
YJU2B,0.5173747614233547,0.5130222413296135,0.394,0.37,1,HSC
SHOC2,0.5174590005259027,0.7890844347086619,0.762,0.789,1,HSC
DIP2A,0.5177740829324053,0.2614765261335503,0.512,0.474,1,HSC
TCTN2,0.5178178423865182,-0.5028531767722622,0.143,0.162,1,HSC
RAP1GDS1,0.5182083456528528,-0.9329812242941482,0.491,0.483,1,HSC
CMIP,0.5183496947485566,-1.115621040224744,0.645,0.648,1,HSC
MAL,0.5185811160581626,-2.1924842203582426,0.059,0.046,1,HSC
ANKRD55,0.5185962360821721,-2.693981318492155,0.01,0.012,1,HSC
TOR1A,0.5188738378044708,0.19519079826782892,0.473,0.511,1,HSC
DNAJB2,0.5188775456790452,-0.5028158542470225,0.269,0.294,1,HSC
PGM3,0.5189574591240553,0.28864330696614493,0.159,0.131,1,HSC
SLC11A1,0.5189670450073905,-1.8684138281938458,0.028,0.037,1,HSC
ARFGAP1,0.5190164853382572,-0.39264930421999733,0.194,0.202,1,HSC
ELANE,0.5190435323292343,110.38482313012939,0.01,0.006,1,HSC
H2AC8,0.5191939156902741,0.8779538783468139,0.176,0.15,1,HSC
MAP3K3,0.5191959257961878,-1.1109548793363622,0.514,0.477,1,HSC
FAHD2A,0.5192534109239765,0.15334591101638018,0.279,0.251,1,HSC
MORF4L2,0.5193517178344247,0.5671583122037573,0.494,0.459,1,HSC
EDRF1,0.5194170840562073,-0.19881180981202962,0.225,0.251,1,HSC
IFI27L1,0.5194479192604615,-0.30222601181578357,0.102,0.11,1,HSC
TRERF1,0.5196222197126321,-0.15731476634737107,0.125,0.153,1,HSC
DOCK11,0.5197138670459073,-1.4793986377723423,0.793,0.813,1,HSC
GLS,0.5197406670848488,0.7949723893847902,0.719,0.688,1,HSC
FIGNL1,0.5197550104105912,-0.2630136116007571,0.133,0.168,1,HSC
SLC23A2,0.519814524116548,0.2193200019332495,0.302,0.327,1,HSC
TPR,0.5198808727068028,-0.7337577965083679,0.734,0.713,1,HSC
UBAP2L,0.52001519749042735,1.2519338276623282,0.795,0.78,1,HSC
MS4A14,0.5200173379413897,1.241593599948656,0.01,0.006,1,HSC
CHMP3,0.5200317442877255,0.3753604681264697,0.614,0.609,1,HSC
LRIF1,0.520033845443646,-0.5896031920131186,0.43,0.391,1,HSC
FBXL15,0.5200487031547882,0.31255454975933517,0.251,0.226,1,HSC
KRBA1,0.5200955126602604,1.1950113490202892,0.031,0.018,1,HSC
PAPOLA,0.5201229816018915,-0.2180001989828697,0.478,0.511,1,HSC
PI16,0.5202267391007867,0.41409946095969374,0.01,0.012,1,HSC
CPSF2,0.520262777232301,-0.12302305924889789,0.471,0.453,1,HSC
PRPF38A,0.5203222675648876,0.8056924102417136,0.691,0.657,1,HSC
RTN4IP1,0.5203832602724608,0.4353785301917057,0.09,0.092,1,HSC
CENPN,0.520426330310886,-3.3436872919748493,0.123,0.11,1,HSC
NDUFAF5,0.5205705217383377,-0.24163175991603736,0.128,0.119,1,HSC
RNF185,0.5205878928308081,0.3522425715771811,0.207,0.19,1,HSC
TCTN1,0.5207068451244612,0.36707088690775624,0.225,0.196,1,HSC
CFAP61,0.5207163303158312,0.719045858183744,0.008,0.012,1,HSC
PEX3,0.5208508478554537,0.3114995478883713,0.297,0.269,1,HSC
ITGAV,0.5209499829741568,0.4439118112025973,0.228,0.214,1,HSC
ZSWIM7,0.5211815154785389,-0.6627763573836891,0.402,0.401,1,HSC
FOSB,0.5212113447608482,3.4298773393232143,0.269,0.254,1,HSC
DLG2,0.5212888228174654,-0.20701993109299321,0.031,0.043,1,HSC
LMO4,0.5213573547602783,4.068915837137126,0.639,0.618,1,HSC
PTPN1,0.5214843714509918,0.3426517702472398,0.486,0.511,1,HSC
TTLL3,0.5218042214547975,0.9925339822088926,0.486,0.474,1,HSC
DAGLB,0.5220913952788502,-0.3061754090470739,0.373,0.349,1,HSC
CCL25,0.5221561616311863,1.241593599948656,0.01,0.006,1,HSC
RNF10,0.5222185384332675,-0.23152123044937545,0.616,0.633,1,HSC
SORL1,0.5222970350574253,-2.8567754708017024,0.66,0.673,1,HSC
DPYSL2,0.5224072162040103,0.3290228258404708,0.604,0.578,1,HSC
ABCB8,0.5224816698829569,-0.22519869960589,0.169,0.202,1,HSC
C1orf141,0.5227684238365325,-0.432512899425209,0.013,0.009,1,HSC
CDCA7L,0.5230642298052687,-0.30476331458051353,0.506,0.486,1,HSC
ATP1B1,0.5234445150024847,3.8297523618037075,0.468,0.453,1,HSC
ACSL6,0.523448599835445,-0.432512899425209,0.013,0.009,1,HSC
CKS1B,0.5235657825249833,-3.8462864652257656,0.281,0.26,1,HSC
RBM6,0.5237939043441964,1.1020827101532276,0.77,0.765,1,HSC
USP18,0.5238410279040111,-0.41288078818699114,0.02,0.037,1,HSC
AP2A1,0.5239717614577466,-0.278961579650161,0.442,0.465,1,HSC
ZNF778,0.5240676274906328,-0.22021227863607185,0.105,0.113,1,HSC
SLC7A1,0.5240705557472022,-0.13192884305035624,0.297,0.318,1,HSC
USP43,0.5241286827668595,1.156769550522677,0.036,0.024,1,HSC
PTGES3L,0.5241676654412534,-0.4979910217803244,0.125,0.119,1,HSC
LDLRAP1,0.5241890868719842,0.49130276558913666,0.171,0.144,1,HSC
DHX33,0.524203305886636,-0.31426463038768415,0.246,0.287,1,HSC
VPS33A,0.5242036477115432,0.14250021196243448,0.363,0.321,1,HSC
CNTRL,0.5242269198912339,-0.2825323356613687,0.954,0.942,1,HSC
UBE2W,0.5242593538030963,0.19115529970598955,0.322,0.355,1,HSC
SEC23A,0.5244127376664641,1.8492612190037865,0.294,0.26,1,HSC
SDCBP2,0.5244547191443619,1.241593599948656,0.01,0.006,1,HSC
SMIM6,0.524560409526952,0.2944869919375943,0.069,0.049,1,HSC
POC5,0.524575790653171,0.425060196263938,0.125,0.104,1,HSC
ZBTB6,0.5246176460774736,0.10182645094373377,0.176,0.196,1,HSC
RNPEPL1,0.5246237707238304,-0.5270516220927965,0.619,0.651,1,HSC
ITPRIPL2,0.5246766167283737,-0.47045901304106685,0.077,0.101,1,HSC
AFDN,0.524679770257339,0.598464797770029,0.049,0.037,1,HSC
CLEC2B,0.5246847376720034,0.39510482319867624,0.729,0.694,1,HSC
SERPING1,0.5248284721519425,-0.3300793786319043,0.419,0.407,1,HSC
OSBPL9,0.5250682609142735,-0.8686669199754684,0.685,0.654,1,HSC
SNHG32,0.5250690882598488,-0.25759616881664016,0.928,0.92,1,HSC
PRELID2,0.5251256454910425,-0.7744567273324405,0.435,0.471,1,HSC
WASF1,0.5252077505534493,0.14813569101287483,0.322,0.309,1,HSC
MIPEP,0.5252867613803165,-0.5651346344122334,0.164,0.147,1,HSC
ECHDC1,0.5253227309667955,0.15164899186421738,0.261,0.263,1,HSC
DEXI,0.5253761866362328,1.1220529191741542,0.228,0.214,1,HSC
ANAPC15,0.5254983281577714,0.9787468595234714,0.379,0.398,1,HSC
ZNF496,0.5255916762340626,-0.1996267736983659,0.414,0.456,1,HSC
SNRPA1,0.5256544969720327,0.12595636450741973,0.276,0.309,1,HSC
PHC3,0.5258050955183206,0.5103112317625307,0.634,0.618,1,HSC
IGFBP2,0.5259046383172045,0.8851844200389296,0.015,0.012,1,HSC
PXYLP1,0.525983047159658,-0.43462164799752445,0.043,0.061,1,HSC
DGUOK,0.5259997218501824,-0.9339411089645595,0.512,0.554,1,HSC
CPLANE2,0.5263698190637216,-0.6508413567111426,0.023,0.037,1,HSC
BBX,0.5263856892427716,0.24479018737474534,0.353,0.358,1,HSC
IL7,0.5263932908385911,0.34265838304777396,0.113,0.138,1,HSC
CCDC136,0.5265182449998337,-0.4683299430191983,0.205,0.199,1,HSC
COL24A1,0.5267717380512215,0.6146584525530685,0.384,0.349,1,HSC
PRKD1,0.5268614169361522,0.5993081777041613,0.013,0.012,1,HSC
VDAC3,0.5268685461128235,0.7667660487792101,0.647,0.664,1,HSC
ZNF70,0.5272375588895386,1.0923753390747568,0.486,0.45,1,HSC
DACT1,0.5273757583069316,2.0232518403455035,0.038,0.034,1,HSC
LAMP2,0.5274496261551374,1.429219630987916,0.808,0.844,1,HSC
C12orf60,0.5275871811328717,0.5696161671796931,0.01,0.006,1,HSC
PLEKHG6,0.5277178818033804,0.8100027081242143,0.033,0.024,1,HSC
ZNF428,0.5277552345912468,-0.4684535529289391,0.517,0.557,1,HSC
SLC44A5,0.5278887701147874,-3.6385688290333715,0.028,0.046,1,HSC
GPR137C,0.5281611482595765,-0.6130921406295924,0.008,0.012,1,HSC
TBC1D7,0.5281627536032921,0.22739972667741526,0.419,0.428,1,HSC
PPP3R1,0.5281706650497565,2.567448240571519,0.923,0.908,1,HSC
TMEM231,0.5281947748393067,-0.21492929216281764,0.113,0.116,1,HSC
VPS51,0.528439067264482,0.220853595625088,0.22,0.22,1,HSC
PAM,0.5289829507134177,0.2577724497483713,0.159,0.165,1,HSC
ABCC4,0.5290928649234706,14.54379042252568,0.514,0.535,1,HSC
ARL6IP5,0.5291047925014054,6.056902717635939,0.844,0.881,1,HSC
PML,0.5292708395108846,-1.6322182827434255,0.606,0.657,1,HSC
ZNF3,0.5292906257036432,-0.1636458715967002,0.32,0.343,1,HSC
ZNF777,0.5295347412688105,-0.30904643450146435,0.23,0.278,1,HSC
SCAND1,0.5295508055440082,-1.1936156420191706,0.44,0.489,1,HSC
PADI4,0.5295994552080897,0.5696161671796931,0.01,0.006,1,HSC
CDCA5,0.5297262215712171,0.8239400968045532,0.018,0.009,1,HSC
SPACA6,0.5298139015729555,-0.3516648405713272,0.064,0.073,1,HSC
OGA,0.5298376510587575,1.7941708212305638,0.939,0.948,1,HSC
NDUFAF8,0.5298736257229689,-1.217755872871631,0.529,0.498,1,HSC
DOK1,0.5299641677530585,0.2901925475277025,0.097,0.095,1,HSC
TBC1D32,0.530087964861065,-0.4311676731715486,0.128,0.122,1,HSC
PIM3,0.5302364743269758,0.23936981578810057,0.079,0.064,1,HSC
COMMD9,0.5302880481624402,0.3711458554256628,0.44,0.465,1,HSC
PIP5K1A,0.530319309659685,-0.5877643766783699,0.343,0.376,1,HSC
ST18,0.5303201038042401,0.5696161671796931,0.01,0.006,1,HSC
MMS22L,0.5303433739510439,0.9969621692938384,0.192,0.162,1,HSC
TRIM56,0.5303607893957023,0.10464402901503633,0.45,0.468,1,HSC
ZNF565,0.5303747896765634,0.4886700410921563,0.072,0.07,1,HSC
CD33,0.5304991978289768,-1.3526605509313177,0.056,0.073,1,HSC
PLCL1,0.5305267572035544,-1.4194611436396172,0.028,0.034,1,HSC
VEGFA,0.5307701857191492,-0.149065985000278,0.046,0.04,1,HSC
RBM42,0.5309129346048852,0.469372719137382,0.463,0.483,1,HSC
GFM2,0.5309241409798667,-0.2608501236382413,0.271,0.297,1,HSC
ANKRD37,0.5311232714864578,0.10426803390615946,0.031,0.024,1,HSC
CAND1,0.5312952440423502,4.644756674265186,0.696,0.725,1,HSC
DIS3L,0.5313762701872728,0.5150356561869613,0.435,0.443,1,HSC
WDCP,0.531431261774989,0.39710738708452764,0.11,0.101,1,HSC
SLC22A15,0.5314952754421256,-0.20774666555294652,0.095,0.107,1,HSC
SMAD3,0.5317171790132557,-0.15912833421257488,0.496,0.462,1,HSC
RBM14,0.5317572355216802,0.5300316359242707,0.824,0.838,1,HSC
IDH3B,0.5317898560670078,-0.40187940370577957,0.568,0.557,1,HSC
HNRNPA3,0.5318187105010717,-2.602047637743901,0.754,0.771,1,HSC
C19orf38,0.5318816527742549,0.15501072329309307,0.113,0.113,1,HSC
TOMM70,0.532245022101201,0.3780147868689232,0.598,0.584,1,HSC
OTULINL,0.5322619928534666,-1.3448819051334344,0.051,0.076,1,HSC
PTTG1IP,0.5322949006960793,-10.807196146556514,0.839,0.862,1,HSC
MYO5C,0.532336613474105,0.9600154135323737,0.217,0.226,1,HSC
ARFRP1,0.532423911695149,0.1350514702662191,0.417,0.462,1,HSC
SELENOH,0.5325355291454205,2.374287648786442,0.931,0.914,1,HSC
TNFRSF10D,0.5327654741404892,-0.45767642617510607,0.038,0.046,1,HSC
IGKC,0.5328606254754151,-27.669083748699578,0.169,0.141,1,HSC
PTCD2,0.532937293984337,0.18171378462125598,0.199,0.174,1,HSC
GAS8,0.532945013144719,0.30986900053385713,0.125,0.101,1,HSC
ADAMTS7,0.5330810216002397,-1.3143353646180844,0.015,0.009,1,HSC
RHOT1,0.5332131855377513,-1.1471366240633876,0.573,0.569,1,HSC
BGLAP,0.5332396899445199,1.5282814762173944,0.118,0.089,1,HSC
NPC2,0.5332574573156489,0.19884718935173673,0.731,0.768,1,HSC
PLA2R1,0.5334707673100367,-0.7738302085635445,0.026,0.04,1,HSC
PVR,0.5336628925739001,-0.3028769990119815,0.074,0.101,1,HSC
HAPSTR1,0.5337361298488399,-0.20162056589136412,0.724,0.743,1,HSC
SLC39A4,0.533767928244689,-0.7015284669043611,0.051,0.064,1,HSC
TMX3,0.5337810340892692,0.43280260553640115,0.417,0.385,1,HSC
CCDC180,0.5337840173437167,0.31288012065638293,0.156,0.171,1,HSC
ERAP1,0.5338223164867189,0.35378204172154826,0.491,0.471,1,HSC
DYNC2H1,0.5339077047450987,0.48654575263435307,0.092,0.073,1,HSC
PHF6,0.5341275852728552,-0.24595075649118403,0.563,0.55,1,HSC
LTB4R,0.5341513428061346,0.6303590325329171,0.251,0.232,1,HSC
TGFBR2,0.5344900668573873,1.0514663257884984,0.537,0.511,1,HSC
DAPK1,0.5346838190430118,0.6059854852572597,0.721,0.722,1,HSC
SPP1,0.53473363929825,0.5696161671796931,0.01,0.006,1,HSC
SYT11,0.5348757470353085,0.3626946071281346,0.315,0.275,1,HSC
CLPTM1,0.5348935855007522,0.5572933211545807,0.496,0.459,1,HSC
STMN3,0.5351565931049902,0.42921406093557124,0.586,0.547,1,HSC
NUDT18,0.5352455874958977,0.2912022581613498,0.072,0.076,1,HSC
UBL7,0.5352825356408775,0.25525863101018764,0.65,0.621,1,HSC
MEX3B,0.5353204830550834,-2.645413488734665,0.45,0.471,1,HSC
NSMCE2,0.5354195699547954,0.15282105177087285,0.399,0.358,1,HSC
SETD5,0.535445838277461,1.091157402593585,0.706,0.722,1,HSC
MICOS13,0.5354489792722913,0.6477070877335743,0.212,0.205,1,HSC
RELA,0.5354696579833859,0.3941784495437988,0.358,0.358,1,HSC
RNASE3,0.5354888416872514,22.814383626835102,0.008,0.012,1,HSC
STXBP4,0.5355402957900788,0.12013540702478781,0.348,0.367,1,HSC
CENPK,0.5357888407886158,-0.8641242503919275,0.069,0.092,1,HSC
ERMN,0.5359253310567941,0.6676349846894545,0.033,0.024,1,HSC
SSR1,0.5359323168079935,-0.5373402821136912,0.54,0.538,1,HSC
ZNF853,0.5363517910953597,1.0026760578359646,0.02,0.009,1,HSC
NUP50,0.5365362473825896,0.28807020180083553,0.437,0.437,1,HSC
TIAL1,0.5366537136278589,3.922673651957041,0.801,0.832,1,HSC
DGKG,0.5368558837504557,1.373314388832644,0.043,0.04,1,HSC
NFYA,0.5369053164902536,0.7756409260050126,0.345,0.373,1,HSC
BTK,0.5370348299469987,0.11367139704749629,0.678,0.651,1,HSC
PDCD6IP,0.53707683982847,-2.084258491394987,0.834,0.81,1,HSC
HTATSF1,0.5372360449513363,0.23391072431836224,0.532,0.52,1,HSC
FAM50B,0.5372634760759186,0.5658153574300007,0.199,0.205,1,HSC
PLBD2,0.5372778725359122,0.20461129320337443,0.238,0.278,1,HSC
ANKRD11,0.5374052095972095,-0.3154354822457215,0.65,0.636,1,HSC
SMPDL3B,0.5377291070844944,0.2112845475579892,0.059,0.07,1,HSC
EDAR,0.5379078235529862,1.1447921350896522,0.013,0.009,1,HSC
FGFR2,0.5380376972012988,-0.8019420281083258,0.018,0.028,1,HSC
PCYT1A,0.5381036144587743,0.42623635671877835,0.409,0.379,1,HSC
FBXO33,0.538143767341122,0.3965809731664165,0.169,0.162,1,HSC
PHC2,0.5384173426410686,-0.1991360395407753,0.563,0.612,1,HSC
CTSK,0.5384557403347562,0.4713595224837217,0.105,0.107,1,HSC
SNRNP25,0.538550523830621,-6.287623694052374,0.212,0.248,1,HSC
DTD2,0.5385550484396325,-0.11288089384422739,0.187,0.217,1,HSC
ZNF512,0.5386294459014412,0.11489139822544225,0.542,0.575,1,HSC
PRUNE2,0.5388998441597382,1.73247940111915,0.036,0.021,1,HSC
MNDA,0.5391234308526426,-3.1310575042180395,0.066,0.046,1,HSC
UBE2E3,0.5391449518237186,-0.43219366661474634,0.747,0.774,1,HSC
MS4A3,0.5392369175889525,0.7305412914625755,0.115,0.125,1,HSC
GINS2,0.539241690233186,0.8381440619399525,0.041,0.04,1,HSC
CWF19L2,0.5393987176303645,0.22221973287498153,0.414,0.37,1,HSC
POLR3H,0.539467364625573,-1.8596282575570842,0.263,0.248,1,HSC
TOMM20,0.539516926233865,-0.5309739533208919,0.839,0.82,1,HSC
ZSCAN30,0.5395670066355857,0.17798001815648146,0.445,0.477,1,HSC
ZBTB3,0.5396325525836081,-0.18816085192374615,0.205,0.229,1,HSC
SLC3A1,0.5396415568010962,-0.6130921406295924,0.008,0.012,1,HSC
BAALC,0.5396557413092248,0.2865478439113338,0.315,0.339,1,HSC
PDZK1IP1,0.5397056879420549,0.5982167043098694,0.043,0.046,1,HSC
ADNP2,0.539860340442165,-0.3649350082929764,0.212,0.251,1,HSC
WDR91,0.5398982950505342,0.48457779141167123,0.281,0.315,1,HSC
ZNF610,0.5399096290680632,-0.3900170952214055,0.12,0.141,1,HSC
IGFLR1,0.5400470928998922,0.25401813925669653,0.302,0.26,1,HSC
LMAN2,0.5400642903800303,2.0413824891347927,0.793,0.783,1,HSC
IL15RA,0.5400953435939543,0.5271255887082233,0.066,0.055,1,HSC
TSPAN4,0.5401092233462674,0.22664017844259032,0.164,0.18,1,HSC
HEXA,0.5403300439461232,-0.1700868989953861,0.765,0.758,1,HSC
KRBOX5,0.5403695269518397,0.8615704320176261,0.028,0.018,1,HSC
GARIN1A,0.5405139222179778,0.42713834938793394,0.026,0.018,1,HSC
CYB561D2,0.5406893425591468,0.28536464304844855,0.197,0.171,1,HSC
NSUN6,0.5407274553764083,0.4115883482453291,0.504,0.529,1,HSC
NPLOC4,0.5407934271489891,0.88415749651478,0.701,0.673,1,HSC
DBI,0.5408641876303217,1.5513512171304333,0.327,0.287,1,HSC
HEBP2,0.5409586678985412,-0.27015346005831464,0.601,0.639,1,HSC
UBE2E2,0.5409957260403098,1.1457187409744876,0.059,0.052,1,HSC
TNFAIP8L1,0.5410495468943457,-0.1421847002466543,0.182,0.171,1,HSC
SEMA4B,0.5411479986860964,0.44652854897492666,0.097,0.08,1,HSC
TPPP3,0.5414315448313802,0.6869933689688653,0.041,0.046,1,HSC
SPATA24,0.5414379581971026,-0.22448873507824318,0.084,0.067,1,HSC
METRNL,0.5417420425488636,-0.12594721088028482,0.125,0.125,1,HSC
NSFL1C,0.5419096310939311,0.1633453848645876,0.519,0.514,1,HSC
LXN,0.542043367902401,-1.2575852155272438,0.45,0.486,1,HSC
PIPOX,0.542278362531001,-0.4679705802787195,0.01,0.006,1,HSC
AURKB,0.5422895713199181,0.5485722127164285,0.013,0.009,1,HSC
SMARCD1,0.5423251574775936,-0.26493773200182336,0.56,0.557,1,HSC
DHRS13,0.5423349075047914,0.22125065073894268,0.12,0.125,1,HSC
COG5,0.5425551528168604,-0.28109930384194803,0.437,0.434,1,HSC
NMRAL1,0.5425889360254698,-1.0139042534442693,0.465,0.483,1,HSC
ROCK1,0.5426618875835233,0.20182851934077206,0.775,0.758,1,HSC
ANAPC2,0.5427033664960996,0.1853249887303544,0.384,0.41,1,HSC
ANKLE2,0.5429105044778793,0.3778528550127582,0.637,0.682,1,HSC
THUMPD3,0.5429725434427611,0.2714774745258077,0.376,0.385,1,HSC
ADPRS,0.5430752855575782,-0.7953866314303555,0.212,0.248,1,HSC
CDS2,0.5433237290867964,0.9687368552982871,0.524,0.544,1,HSC
PSMD14,0.5433391745160553,-0.22223672311558973,0.223,0.196,1,HSC
KLHL24,0.543360572213641,0.3913270842249905,0.652,0.612,1,HSC
TARS1,0.543370960275287,-0.9945373111754101,0.02,0.034,1,HSC
COMMD5,0.5435524939597488,0.24453081074367167,0.276,0.315,1,HSC
BUD13,0.5435663259660839,0.1840867436635764,0.271,0.245,1,HSC
EME1,0.5437030243266114,-1.764403645064501,0.01,0.021,1,HSC
AGMAT,0.5437124590898119,-0.12240444487344915,0.028,0.021,1,HSC
DUSP12,0.54391829401897,-0.5159231169222444,0.225,0.257,1,HSC
NME1,0.5440171973924258,4.266399006080592,0.44,0.48,1,HSC
KLHL7,0.5440678192008396,0.10173476211052626,0.281,0.318,1,HSC
FAXDC2,0.5441034015048807,-0.27091066813722864,0.113,0.128,1,HSC
ABHD8,0.5441288808268053,0.34928288688850695,0.156,0.168,1,HSC
PQBP1,0.5442320691165131,0.7329168025475212,0.657,0.627,1,HSC
NEIL1,0.5444187330492094,-0.7388411895771299,0.018,0.031,1,HSC
F2R,0.5444640253451203,-0.22274371186449551,0.294,0.303,1,HSC
PXDN,0.5444864339680815,-0.6721319877201428,0.092,0.113,1,HSC
ME2,0.5447631619804131,0.24378802084113937,0.519,0.557,1,HSC
ZNF526,0.5449125642826176,-0.13305346664853013,0.161,0.168,1,HSC
UTP6,0.5450628483875668,-0.5257581211797269,0.547,0.544,1,HSC
NAA15,0.5453450665869373,-0.38536561765654787,0.639,0.688,1,HSC
ARID3B,0.5453656802234157,-0.10319005988445218,0.156,0.174,1,HSC
MT-CYB,0.5453911520330234,-11.775793771369031,0.954,0.96,1,HSC
TMEM245,0.5454812435200598,0.15556045368913773,0.494,0.468,1,HSC
SPATA17,0.545522860710485,0.14832823569879183,0.033,0.028,1,HSC
POU2F1,0.5457583271137828,0.8484499571924364,0.251,0.248,1,HSC
SGK2,0.5458745529284768,0.5696161671796931,0.01,0.006,1,HSC
NEIL3,0.5458995604325867,-0.5663976386140899,0.031,0.046,1,HSC
DYNC2I1,0.5459115470584837,-0.23062231166324904,0.343,0.327,1,HSC
ABCA3,0.5459590541997111,-0.49010029073080164,0.105,0.122,1,HSC
SLC41A3,0.5461244600456423,-0.3055503288248421,0.289,0.321,1,HSC
PITPNM1,0.5461251043325596,1.0422737134047264,0.166,0.144,1,HSC
GPX7,0.5463025800269932,0.7043692126499437,0.386,0.394,1,HSC
GRIPAP1,0.5463263535596841,1.1200177529323732,0.611,0.572,1,HSC
TSEN54,0.5464000789240064,-0.31351457290608153,0.309,0.291,1,HSC
CPSF6,0.5464075994510806,-0.2848116308009758,0.458,0.502,1,HSC
TBC1D4,0.5465284197268191,0.3694930499129576,0.084,0.064,1,HSC
C15orf61,0.5466548931228555,0.30512215869333886,0.228,0.196,1,HSC
STT3A,0.5468950024207788,-3.1308119346874204,0.706,0.74,1,HSC
CUL3,0.5472442130495248,0.6330185712298921,0.716,0.74,1,HSC
VPS72,0.5474050306545936,-0.631027148368251,0.532,0.557,1,HSC
FBXW9,0.5474443688273918,-0.3983429750898124,0.066,0.08,1,HSC
ATP6V0E1,0.5474692343070151,-0.28547416257706715,0.66,0.654,1,HSC
IRF9,0.5476165579629666,0.11985713379831431,0.391,0.373,1,HSC
PGM2,0.5476187450128295,-0.33655651413811677,0.33,0.346,1,HSC
ASIC3,0.5478356430721452,-0.5426839514621369,0.01,0.015,1,HSC
TRAPPC11,0.5480243756305142,-2.0152061919681006,0.483,0.532,1,HSC
MPHOSPH6,0.5480580074556405,-0.12823751297025732,0.164,0.183,1,HSC
TRAF3IP2,0.5480798343190548,0.153362087723456,0.22,0.196,1,HSC
UPF2,0.5481358431050786,-0.6900738124515318,0.542,0.578,1,HSC
RNASEL,0.5481997798976423,0.2519956861703696,0.128,0.144,1,HSC
RABGGTB,0.548252477920686,1.2498461392574116,0.744,0.765,1,HSC
EID2B,0.5483470843665607,0.5439734793625521,0.092,0.083,1,HSC
NEURL2,0.5483692760053877,-0.4506836552021154,0.1,0.101,1,HSC
EPB41L1,0.5485296698680716,-0.799680357310935,0.015,0.028,1,HSC
HNRNPA0,0.5487600595974494,-4.281063375452126,0.91,0.911,1,HSC
ASGR1,0.5489773936881108,-0.96458469989502,0.031,0.049,1,HSC
UGGT2,0.5490104237251653,-0.5597259248977893,0.212,0.248,1,HSC
DYNC1LI1,0.5491812363934513,0.2196122352890174,0.373,0.41,1,HSC
RTCA,0.5495211042133114,0.7398027667540115,0.355,0.324,1,HSC
ZNF304,0.5496702765956811,-0.47811846859370566,0.1,0.11,1,HSC
RDH14,0.5496727287226092,0.7475346572027017,0.355,0.379,1,HSC
DDIT4,0.5497322024677538,2.6179083831281815,0.256,0.217,1,HSC
TMEFF1,0.5497361604401532,0.32528575248848357,0.074,0.086,1,HSC
SNU13,0.5498976700528732,0.13244880498837563,0.849,0.875,1,HSC
KIF15,0.549912373973262,-5.240908532993207,0.018,0.018,1,HSC
FAM217B,0.5499472362400752,0.32957017127393684,0.248,0.245,1,HSC
TEC,0.5500071301747688,0.6903907668255096,0.558,0.587,1,HSC
LIMD2,0.5501638083343864,1.457217048028335,0.903,0.89,1,HSC
PLEKHO2,0.5503009895038458,-0.8958051080461915,0.289,0.309,1,HSC
PRKAA1,0.5503322302836131,0.15335591491268707,0.509,0.474,1,HSC
SMYD4,0.5504014929966553,-0.2986565562951753,0.202,0.245,1,HSC
LYZ,0.5506560362606154,-564.3516384727272,0.655,0.685,1,HSC
AKAP17A,0.550697462720364,-0.4920482060894322,0.719,0.709,1,HSC
GART,0.5507393345249518,-0.1638276584358902,0.389,0.437,1,HSC
GSDMD,0.5508328588926625,0.29661401656080244,0.668,0.691,1,HSC
MAFB,0.5509156099831072,-3.6085484882452272,0.026,0.015,1,HSC
SLC37A4,0.5511072945921254,0.36282738103120654,0.248,0.26,1,HSC
MLLT10,0.5511831954075657,0.169471498392066,0.412,0.407,1,HSC
NELFB,0.5512201172059684,0.16945472982213267,0.366,0.394,1,HSC
IQCH,0.5513135879294455,-0.18955325401696888,0.051,0.043,1,HSC
TIPIN,0.5514393377924922,-0.16514004767732327,0.143,0.135,1,HSC
TM2D2,0.5514557311773663,-0.158452124671431,0.24,0.211,1,HSC
GHDC,0.5514885548817541,-0.3100814864060504,0.128,0.144,1,HSC
BIRC6,0.5515677816067325,-1.7658608653415189,0.737,0.716,1,HSC
IER2,0.5516147183156056,4.667925922427444,0.552,0.59,1,HSC
NUDT1,0.5518048487159251,-0.42207960469594363,0.412,0.385,1,HSC
HADHA,0.5520179657820884,-0.5124951825418336,0.954,0.939,1,HSC
ARHGAP35,0.552105973240758,-0.6562699919613553,0.591,0.566,1,HSC
ZSWIM9,0.552184776233914,-0.4507177190827911,0.151,0.168,1,HSC
AKAP8L,0.5522346352662393,0.8237387314536229,0.496,0.502,1,HSC
EREG,0.552541062712297,-3.1432693507830436,0.537,0.581,1,HSC
CMC2,0.5525957411362772,-0.38931166649696647,0.46,0.425,1,HSC
FMNL2,0.5526019550728459,2.6180335164500983,0.036,0.028,1,HSC
TET2,0.5526205601805694,0.2667724806550058,0.478,0.468,1,HSC
PITPNM3,0.5526760840963633,1.118636894356027,0.015,0.009,1,HSC
PXK,0.5527490570336546,0.732661366277352,0.348,0.327,1,HSC
NACC1,0.5528077326620957,0.6855568672279813,0.399,0.425,1,HSC
MTMR6,0.5528649356079915,0.43447462958765704,0.322,0.297,1,HSC
AP2B1,0.5529545987426572,-0.11803601668989427,0.43,0.453,1,HSC
MPZL1,0.5530039382975109,-0.3506844996278369,0.225,0.248,1,HSC
ZFR,0.5530989895652998,-0.23760338430779937,0.678,0.706,1,HSC
OSBP2,0.5531181367045463,-0.7919114859051324,0.013,0.018,1,HSC
UTP15,0.5531532098281342,0.35007881419394926,0.128,0.135,1,HSC
KIDINS220,0.5531709849889245,0.1323289141541384,0.629,0.645,1,HSC
IQSEC2,0.5531814101736877,-0.49100665376007213,0.097,0.113,1,HSC
SUN1,0.55327755232198506,0.33117421527454016,0.427,0.404,1,HSC
SLC39A11,0.5532943753931545,0.9874780466338102,0.166,0.141,1,HSC
PSMB3,0.5536199481353122,-0.23341257803870674,0.35,0.367,1,HSC
TIMM29,0.5536816767655779,0.24756514594548462,0.128,0.141,1,HSC
ENSG00000290796,0.5538396168808837,0.5696161671796931,0.01,0.006,1,HSC
TOR1B,0.5539541495451232,-0.35178898217770366,0.215,0.251,1,HSC
CC2D2A,0.554215997078136,0.20400685249024342,0.01,0.006,1,HSC
HPDL,0.5542547064240533,0.45965953340444976,0.059,0.049,1,HSC
CD164,0.5542968166464476,-0.9403217160735053,0.857,0.862,1,HSC
CDK5RAP3,0.5545494890092268,0.1927793631195378,0.803,0.841,1,HSC
COTL1,0.5546196075392493,30.363700115542642,0.307,0.315,1,HSC
DYNC2LI1,0.5547100488148714,0.5625677461168608,0.376,0.364,1,HSC
SRSF10,0.5547937738665694,-0.287853145956146,0.161,0.19,1,HSC
SLC44A2,0.5549079628769235,15.43871515880801,0.57,0.554,1,HSC
NXPE3,0.5549140804608805,-0.5684313819881974,0.302,0.333,1,HSC
ARF1,0.5549242563561708,-0.22422704005438243,0.606,0.657,1,HSC
PCGF3,0.5550782916356214,-0.38895995741313977,0.358,0.376,1,HSC
CENPM,0.5551012149761246,-5.66727060693294,0.069,0.067,1,HSC
GNA13,0.5551179722184131,0.5347718442845686,0.488,0.45,1,HSC
GGA2,0.5551481584691715,1.750288860773337,0.335,0.346,1,HSC
FIZ1,0.5551661099674184,-0.6641266557029577,0.043,0.061,1,HSC
MTERF2,0.5553189876536336,1.799441796231822,0.161,0.128,1,HSC
RGS19,0.5555202420535247,0.2407695740913356,0.284,0.318,1,HSC
ZNF350,0.5556063226821504,0.17541362000380784,0.258,0.229,1,HSC
PARP15,0.5557372692122851,3.113916531559565,0.34,0.306,1,HSC
MGMT,0.5557447087172674,0.15142310455552666,0.381,0.407,1,HSC
SYP,0.5558997679417922,0.43139017162201254,0.043,0.046,1,HSC
ITPR3,0.5559215587005369,0.3203490832259197,0.095,0.107,1,HSC
PPP1R7,0.5559343146837532,0.5407306022654095,0.506,0.532,1,HSC
HS3ST3B1,0.5565073351361354,0.678663708451595,0.059,0.049,1,HSC
MAST2,0.5565452808884253,0.4945010873784905,0.146,0.159,1,HSC
MMACHC,0.5565675071981054,-1.0357453987022618,0.092,0.113,1,HSC
TFAM,0.556615386656899,-0.2448861521080692,0.414,0.391,1,HSC
ARHGAP32,0.5566236337526895,-0.21633186048720954,0.151,0.174,1,HSC
CYB5D2,0.5566328291997019,0.48281292925987573,0.097,0.086,1,HSC
BAIAP2,0.5567120012027513,-4.466622365864648,0.064,0.08,1,HSC
ALOX12,0.556746818965415,-1.3479904844473167,0.02,0.034,1,HSC
HSPA1L,0.556779704445679,-0.2770175483230659,0.056,0.052,1,HSC
KDM5B,0.5568710258918443,-5.321534576840403,0.905,0.902,1,HSC
PNP,0.5569174326776419,-0.3154210134651757,0.304,0.346,1,HSC
PEX10,0.5570140814195709,0.3845785048066036,0.164,0.156,1,HSC
UBR5,0.5571915359374005,0.747469971347309,0.611,0.624,1,HSC
MAGIX,0.5573100100031035,0.39047142234153887,0.023,0.028,1,HSC
FXYD2,0.5573142234631496,0.6606597226461162,0.01,0.006,1,HSC
GRK3,0.5573182494474591,-2.642215734672515,0.537,0.526,1,HSC
THNSL1,0.5573217216973605,-1.3596099263005506,0.21,0.202,1,HSC
EFCC1,0.5573272368552952,-0.2009061577589013,0.09,0.08,1,HSC
MLLT6,0.5573690918271593,-0.11911842372743564,0.726,0.761,1,HSC
IPCEF1,0.5575159822244862,-0.1302771733698962,0.059,0.04,1,HSC
TSTD1,0.5576013575107159,1.3400559894048762,0.419,0.434,1,HSC
SAP30L,0.5576761263204922,0.16247128027142144,0.463,0.465,1,HSC
CBX2,0.5578484693207929,0.8650722556394074,0.355,0.327,1,HSC
CTH,0.5580166801994787,-0.4676522510704668,0.066,0.08,1,HSC
NUDC,0.5582551118858637,0.7440257034298581,0.67,0.648,1,HSC
RGS5,0.5582753878222045,-1.1150641213227006,0.01,0.015,1,HSC
DDX5,0.5583757352262172,1.8280141365046187,0.959,0.966,1,HSC
PHETA2,0.5583812593748062,-0.4294013112394266,0.074,0.073,1,HSC
PIK3R2,0.558566307213621,-0.5467089478254759,0.483,0.459,1,HSC
UBE2L3,0.5586777719839731,0.29734066307895124,0.417,0.431,1,HSC
BACH2,0.5588974664091857,-0.25091689373814463,0.143,0.116,1,HSC
ZCCHC14,0.5589038239180665,-0.7387084463180041,0.215,0.187,1,HSC
EHBP1L1,0.5590278419249591,2.513949131042719,0.524,0.55,1,HSC
TFE3,0.5590639840855786,-0.24215909196255536,0.363,0.376,1,HSC
PHYKPL,0.5591669745273863,0.2441956354662913,0.468,0.502,1,HSC
NEDD4L,0.5592031432631809,0.98066165086762,0.182,0.214,1,HSC
RNF34,0.5592570040509746,-0.21894937396548375,0.026,0.021,1,HSC
H1-0,0.5595983847539718,-9.212432425547021,0.818,0.847,1,HSC
HERC6,0.5596053204716646,0.11897922362182423,0.169,0.141,1,HSC
B3GALNT2,0.5597650563142895,0.29341657170654534,0.136,0.138,1,HSC
KLF7,0.5600427326961794,0.30759557585395747,0.246,0.211,1,HSC
SLA2,0.5601454848539716,-0.11995614240033647,0.315,0.343,1,HSC
CALHM2,0.5601705020884249,-0.5219324588535101,0.176,0.211,1,HSC
NAF1,0.5603317997554075,-0.21829944148028546,0.156,0.177,1,HSC
HAUS3,0.5603806967923299,0.14988628436821116,0.371,0.324,1,HSC
GASK1A,0.5604017724869179,-1.479162119926687,0.008,0.012,1,HSC
RP2,0.5604447873985843,-0.17134978745766793,0.514,0.471,1,HSC
FBLN5,0.5606741073093382,0.6442178416421491,0.023,0.018,1,HSC
NDUFS8,0.5607176656374058,-0.3165685071526688,0.307,0.321,1,HSC
NUP54,0.560811110728027,1.0537770623663465,0.506,0.541,1,HSC
AMN1,0.5609049412039818,-0.10157689374413648,0.166,0.199,1,HSC
PICALM,0.5609839186844418,-1.5724525103310167,0.811,0.835,1,HSC
IRF4,0.5610520519445313,-1.013985933774125,0.013,0.024,1,HSC
ATF2,0.5610775723803192,1.105126564160953,0.816,0.847,1,HSC
TXNRD1,0.5611048912623685,1.3904855511680458,0.68,0.648,1,HSC
BNIP1,0.5612249013582661,-0.29406919529877174,0.1,0.131,1,HSC
WDR97,0.5612259272318156,-0.3683969264260587,0.054,0.061,1,HSC
RFX3,0.5612652107347192,5.138496829507757,0.611,0.639,1,HSC
CLUH,0.5612928991866528,-0.1230977623870474,0.22,0.214,1,HSC
ZNF207,0.5613954738101559,-0.10079590941190236,0.279,0.284,1,HSC
VRK1,0.5615392942012926,1.183449874183454,0.583,0.599,1,HSC
CD22,0.5615513888063688,1.0223799191099392,0.115,0.092,1,HSC
PCMTD2,0.561615964467021,0.23855155635628078,0.66,0.639,1,HSC
ORMDL1,0.5616785673928393,0.5469935347768078,0.714,0.673,1,HSC
TRIM4,0.561942704012634,0.6539961086062975,0.499,0.523,1,HSC
CMC4,0.561953466802775,0.6111019308396723,0.217,0.242,1,HSC
SFSWAP,0.5620027998898964,-0.1665890099453176,0.284,0.33,1,HSC
MAN2A1,0.5620426002576292,0.8914458210835483,0.458,0.486,1,HSC
HSD17B12,0.5629076405181022,0.3336637467364622,0.34,0.324,1,HSC
LSM7,0.5629321298735255,-0.35491428004239634,0.744,0.716,1,HSC
ST8SIA6,0.5630344201546899,-3.5971542824859597,0.606,0.651,1,HSC
LMBRD2,0.5630753898005252,0.2119467208990686,0.269,0.272,1,HSC
TBC1D19,0.5631058251916283,0.3878273433349217,0.299,0.263,1,HSC
LPGAT1,0.5632743995305731,-0.8762627396750304,0.483,0.517,1,HSC
TDP1,0.5632867794824651,-0.25690647973447794,0.263,0.263,1,HSC
XRCC2,0.5633640275575384,0.6442594984565213,0.043,0.064,1,HSC
ICAM3,0.5634699227296385,-0.7271694220440601,0.836,0.81,1,HSC
COP1,0.5634892621190588,-0.46484565562426505,0.419,0.41,1,HSC
GPATCH3,0.5635489954931757,0.2356246279405061,0.207,0.211,1,HSC
MYO1E,0.5636200854979228,0.11121560481638415,0.046,0.058,1,HSC
CNIH1,0.5637251503937861,0.6739255909863657,0.555,0.526,1,HSC
HDX,0.5638619621163329,-0.799680357310935,0.015,0.028,1,HSC
IFIT3,0.563903335527362,0.5681419379771608,0.159,0.171,1,HSC
GOLPH3,0.5641489791584965,0.15373762910356614,0.798,0.768,1,HSC
SFR1,0.5641564428940333,0.5831695619793011,0.033,0.021,1,HSC
NDFIP1,0.564273011172149,-0.7326846422092075,0.742,0.731,1,HSC
FGFRL1,0.5643127273725704,0.9545223465244836,0.013,0.009,1,HSC
L3MBTL3,0.5648036530891661,-1.2680258981751316,0.289,0.303,1,HSC
ARSA,0.5648895925552386,-0.13245387653045165,0.276,0.235,1,HSC
GPATCH2L,0.5649154768255835,-0.34843211720874745,0.77,0.807,1,HSC
PIGG,0.5649244775869374,0.10900650054948194,0.33,0.312,1,HSC
TEKT2,0.5650241257924864,3.96836046412264,0.107,0.083,1,HSC
IL3RA,0.5651369009947533,0.6901889901218952,0.302,0.269,1,HSC
APEH,0.5653314298481109,-0.862500078957283,0.486,0.502,1,HSC
GASK1B,0.565394590482043,-0.43901112565462297,0.038,0.04,1,HSC
HRH4,0.5654592126474909,0.2651503233314707,0.033,0.034,1,HSC
ANKHD1,0.5657333043448973,0.25310046365785155,0.788,0.792,1,HSC
PCGF6,0.5657777625539626,0.24495505884320545,0.166,0.135,1,HSC
MYBL2,0.5660510959839221,-8.335137265884093,0.028,0.031,1,HSC
RNASE2,0.5661226802431891,-8.914048310878279,0.028,0.04,1,HSC
ZCRB1,0.5662439175365691,0.1721751894234953,0.573,0.544,1,HSC
CLSTN1,0.5664597777559193,0.14885399457022697,0.726,0.688,1,HSC
ZNF221,0.5665072107017071,-0.26993521155683187,0.118,0.125,1,HSC
FTO,0.5665311222956068,0.28180447291656907,0.269,0.239,1,HSC
MAD2L1BP,0.5665451260873315,0.19356587411902426,0.32,0.3,1,HSC
TMEM87A,0.5665736043458258,0.2337083034340739,0.593,0.587,1,HSC
LPXN,0.5665872662646734,0.684350984736577,0.263,0.229,1,HSC
HSPA1A,0.5666046089441694,-0.2876957364410617,0.148,0.174,1,HSC
UMPS,0.5666778271065999,0.16130778167900062,0.281,0.26,1,HSC
DUSP23,0.5666940519331458,0.27882653653559214,0.297,0.312,1,HSC
GPR180,0.566724512171064,0.33665703502542965,0.148,0.131,1,HSC
LRRC8B,0.5667594895677011,0.4120155190613774,0.294,0.287,1,HSC
MEGF6,0.5668128839581509,-1.3671530249118078,0.522,0.529,1,HSC
FBXO7,0.5669179810774322,12.048798154666294,0.829,0.826,1,HSC
SIRT4,0.5670177175077539,0.6635060582442689,0.046,0.037,1,HSC
BABAM2,0.567478126842913,0.37440832444856,0.425,0.419,1,HSC
BZW1,0.5676003671594683,0.10367946525418201,0.338,0.315,1,HSC
CEBPB,0.5679494730913593,0.11897820554876715,0.077,0.086,1,HSC
RAF1,0.5680639638661101,-0.6411117461573332,0.55,0.55,1,HSC
FOXN2,0.5680927637954328,-0.407978188938817,0.512,0.48,1,HSC
UCK1,0.5681428918941172,0.41213167378681753,0.235,0.239,1,HSC
SYNJ2BP,0.5684492671875228,0.3331980295701171,0.166,0.18,1,HSC
TSPYL2,0.5685076832638589,0.49941875943359515,0.286,0.297,1,HSC
SLC38A7,0.5685083906086961,-1.006549337056356,0.151,0.135,1,HSC
COX5B,0.5685148126148838,-0.5381256048640402,0.56,0.529,1,HSC
GPR137B,0.568530542706043,0.747552966584407,0.118,0.089,1,HSC
WDR62,0.5685995007809269,-0.9330387913039706,0.023,0.037,1,HSC
LAPTM5,0.5686285308936432,-3.0930309949341606,0.99,0.982,1,HSC
ZNF581,0.5686470921356626,0.41760581492242155,0.512,0.517,1,HSC
ZNF140,0.5688628214955587,0.32346333252555326,0.302,0.321,1,HSC
MYL9,0.5689822220036284,-1.245603387461724,0.02,0.034,1,HSC
MAST3,0.5693403846152809,-1.3022511998368196,0.215,0.211,1,HSC
RASGEF1A,0.56935976213191,0.5749384300231912,0.079,0.095,1,HSC
LIPC,0.5693622214653448,-0.6450494249253653,0.013,0.012,1,HSC
PPM1F,0.5693738483001722,0.24226245460786755,0.54,0.578,1,HSC
JMJD4,0.5694171302889512,-0.4179682958453571,0.246,0.235,1,HSC
CUL7,0.5694241881933185,-0.4216945664205016,0.138,0.141,1,HSC
TRAF3IP3,0.5694921012843097,-0.4269687894772032,0.56,0.578,1,HSC
PHF21A,0.5695174688241946,-1.9896563675459165,0.593,0.557,1,HSC
ZNF655,0.569595379770508,-0.25899347126348626,0.67,0.642,1,HSC
CCDC120,0.5696608703227044,-0.34029644912917023,0.072,0.092,1,HSC
SLC4A8,0.5697699110650919,0.35173542231238875,0.171,0.187,1,HSC
HIPK2,0.5698377799638966,-0.3325954703512597,0.473,0.508,1,HSC
DELE1,0.569933869622061,-0.300584222428272,0.652,0.633,1,HSC
PRKCQ,0.5699491120513546,0.16696846351903183,0.627,0.657,1,HSC
CPEB4,0.5700643786036403,0.4135568613829943,0.146,0.144,1,HSC
PROB1,0.570161922141542,0.6710481454882862,0.041,0.024,1,HSC
MKNK1,0.5701837520039138,-0.4945249465733136,0.307,0.33,1,HSC
SLX4,0.5704500587238623,0.20483948168102284,0.072,0.08,1,HSC
SUPT5H,0.5706623328538714,0.5436470675827016,0.639,0.599,1,HSC
YY2,0.570677216730887,0.7596297989278353,0.02,0.015,1,HSC
GSN,0.5709639585408786,-3.079821048305412,0.688,0.667,1,HSC
PIK3C2B,0.5710741550286565,-0.10103066485018597,0.128,0.11,1,HSC
LEPROT,0.5711357859334251,-0.1425439047455601,0.506,0.526,1,HSC
BRAF,0.5713606551102249,-0.33914712946561576,0.45,0.486,1,HSC
MCM7,0.5713735717539757,-1.7287958914899537,0.65,0.633,1,HSC
TARBP2,0.5714296651045541,-0.44746925744592647,0.156,0.183,1,HSC
ZNF837,0.5715670223644855,0.6768877985942678,0.031,0.018,1,HSC
SEMA4A,0.5715820026628913,0.36790830837449395,0.159,0.168,1,HSC
DDX17,0.5719884675743452,-0.37386912416991613,0.913,0.936,1,HSC
PDE1B,0.5720921559961155,0.5741993228871962,0.072,0.052,1,HSC
AZIN1,0.5722006042304703,-0.20378079439242983,0.289,0.318,1,HSC
METTL16,0.5722337719331386,0.5490555865735908,0.343,0.37,1,HSC
TBC1D13,0.5725962472381991,-0.15660035224113722,0.394,0.425,1,HSC
THSD7A,0.5727173666123163,-0.6668661805016027,0.038,0.058,1,HSC
DNAJA1,0.5728523660320174,-1.4409543018480617,0.685,0.709,1,HSC
CARD19,0.5729138297409246,-0.3517524829626555,0.573,0.584,1,HSC
ZNF664,0.5729688567327865,-0.5322718951995276,0.565,0.606,1,HSC
RBM19,0.5730879349313144,-0.26344244596104827,0.45,0.437,1,HSC
CDC42BPA,0.5731166655973845,1.7144126197619238,0.279,0.297,1,HSC
SMYD2,0.5731656344887853,-0.293102104437549,0.133,0.147,1,HSC
VOPP1,0.5734610644668728,0.1984477477035581,0.192,0.214,1,HSC
CEP63,0.5735277758035998,-0.9867039788931135,0.417,0.428,1,HSC
CALM3,0.5735828464840956,-0.24606862935130147,0.586,0.615,1,HSC
RFK,0.5736552854393038,-0.23155742938948956,0.266,0.275,1,HSC
MFSD1,0.5738377655626502,-1.2751059786842198,0.767,0.768,1,HSC
EPHA1,0.5739066787570284,0.13771312378302136,0.049,0.04,1,HSC
POLB,0.5739691120130781,0.4386154595743025,0.355,0.364,1,HSC
ATAD3B,0.5740223981137179,0.5240161200186135,0.156,0.128,1,HSC
TTLL5,0.5742036366236745,0.1068569459021047,0.637,0.667,1,HSC
LDLR,0.5744185791566221,-1.0667398620082393,0.176,0.177,1,HSC
GNG5,0.5744781374201157,-0.3752012262671389,0.171,0.196,1,HSC
PPIB,0.5745674926864894,0.7968400747866378,0.619,0.645,1,HSC
ELOC,0.574651192882098,-0.2646849627510953,0.289,0.284,1,HSC
TAF2,0.5748062120968993,-0.7878255750936829,0.453,0.495,1,HSC
PPP5C,0.5749136256718435,-0.12435362273680685,0.258,0.248,1,HSC
PAPLN,0.5749557647597524,0.5696161671796931,0.01,0.006,1,HSC
PLAGL1,0.5749566426314562,0.5132222985564603,0.734,0.755,1,HSC
PGBD4,0.5752317905410852,0.14392356498235614,0.161,0.177,1,HSC
USP11,0.5753148961938798,-0.6480915794586823,0.586,0.621,1,HSC
CACNA1I,0.5753234787139327,-1.279178669154244,0.01,0.018,1,HSC
TIE1,0.5755996504270146,0.1724352991409348,0.123,0.11,1,HSC
METTL8,0.5757043928005408,-1.8175669116268731,0.184,0.217,1,HSC
ALG9,0.5757510658631624,0.1342005228836361,0.325,0.3,1,HSC
MECR,0.5757591895825508,-0.41251754289598763,0.169,0.171,1,HSC
NAPB,0.5757889732124579,0.36722641713516935,0.164,0.177,1,HSC
LCA5,0.5758685846244227,-0.5017162577928711,0.123,0.138,1,HSC
BAZ1B,0.5760027571094775,-0.17034041579364745,0.558,0.538,1,HSC
CYP2J2,0.5760271727882922,-0.6130921406295924,0.008,0.012,1,HSC
CAVIN1,0.5760277015730862,1.4304535334318587,0.45,0.495,1,HSC
CRISPLD1,0.5762993624731313,-0.2066096831135364,0.225,0.208,1,HSC
AP4M1,0.5763337086999519,-0.3659976483212073,0.182,0.214,1,HSC
ZNF436,0.57645999597674,0.2965804853352543,0.235,0.205,1,HSC
COA1,0.5764997769399601,-0.22412064950010163,0.256,0.272,1,HSC
CRIP1,0.576499778599616,9.383448111700492,0.379,0.349,1,HSC
SMNDC1,0.5765291195744631,0.426912426893836,0.632,0.596,1,HSC
DENR,0.5767381241625762,-0.17056110013721204,0.652,0.688,1,HSC
NSMCE4A,0.5767727162382583,-0.3662841870767999,0.465,0.474,1,HSC
SPR,0.5768271294607076,0.2015629354595374,0.008,0.012,1,HSC
BEND6,0.577047142256601,2.2882296648786427,0.02,0.018,1,HSC
PDCL,0.577145945115511,-0.2954788188393118,0.481,0.486,1,HSC
MAP3K9,0.5772476440677187,0.6755908468999845,0.038,0.028,1,HSC
SNX25,0.5773710155808615,-0.21786975501653139,0.018,0.012,1,HSC
SEPTIN9,0.5775119405676931,-1.500253974651276,0.637,0.609,1,HSC
DNAJB1,0.5775881193132898,0.4107206886432069,0.373,0.367,1,HSC
SSH1,0.5776013478180222,-0.6028827146605396,0.205,0.223,1,HSC
IRF2BP2,0.5776821186719594,0.5289601670927992,0.645,0.609,1,HSC
CHMP4A,0.5778812924452306,-0.19694197232213773,0.565,0.581,1,HSC
BCL2L1,0.577920152401304,-0.2565313246810268,0.473,0.465,1,HSC
TYMS,0.5779632883299852,-39.17255892162732,0.223,0.263,1,HSC
C1QTNF12,0.5780605761627818,0.5696161671796931,0.01,0.006,1,HSC
CCDC15,0.5781404158678396,-0.4892049745908582,0.072,0.083,1,HSC
TBK1,0.5781542596408953,0.29839327630005896,0.407,0.379,1,HSC
WNT5B,0.5783953750767685,0.9107605479083043,0.018,0.012,1,HSC
SLC16A1,0.5785212698566633,1.0019658342992828,0.317,0.297,1,HSC
PTGER2,0.5786407173545163,1.0389182716184857,0.465,0.446,1,HSC
ZNF564,0.5786765335862628,-0.2738179350038932,0.074,0.067,1,HSC
HOXA10,0.5787582677862456,1.0149356379741494,0.32,0.3,1,HSC
DTNB,0.5788635792143519,0.37244452563268443,0.276,0.254,1,HSC
BOD1,0.5793643695038598,0.35018029807992995,0.292,0.291,1,HSC
NPAS3,0.5794015191591849,-0.4704144973094264,0.008,0.012,1,HSC
MSH5,0.5794629955106445,-0.2828725751787034,0.292,0.324,1,HSC
POLR3K,0.5795867696030025,0.37683758247540655,0.253,0.254,1,HSC
OR13C9,0.5797312986617373,-0.3087360125255456,0.036,0.037,1,HSC
SPAG1,0.5797498696510637,0.9126666919635464,0.064,0.058,1,HSC
ZNF136,0.5797577698134351,-0.44188082852129207,0.182,0.214,1,HSC
ANKRD27,0.5799075084585392,-2.4049304122621855,0.627,0.664,1,HSC
ZNF595,0.5800267870539275,0.10098834161281656,0.45,0.495,1,HSC
AP3S2,0.5800845641721856,-0.6548608988367046,0.368,0.37,1,HSC
TXNRD3,0.5801852025050347,-0.39039508792688066,0.299,0.287,1,HSC
ODC1,0.5802060840012289,0.9882043155896469,0.261,0.26,1,HSC
KIAA1143,0.5803232804560978,-0.16444676025200478,0.437,0.425,1,HSC
IL12A,0.580389010651946,-0.5151742491501519,0.102,0.125,1,HSC
ZNF484,0.5804071102382499,0.1603872143695908,0.171,0.153,1,HSC
ERCC6L2,0.5804541146818117,0.12739126960997416,0.494,0.532,1,HSC
KCNQ5,0.5805861756495039,-2.118400335713412,0.21,0.187,1,HSC
WDR82,0.5806024220601648,-1.056982369107005,0.757,0.749,1,HSC
CKAP2L,0.5807017275509938,-2.197152788799357,0.013,0.024,1,HSC
ANPEP,0.5808247905231005,-7.681690446333715,0.281,0.287,1,HSC
ZNF827,0.5809197149100981,-0.19705914753057974,0.274,0.315,1,HSC
KCTD1,0.5809458496644719,0.3593836049428982,0.041,0.037,1,HSC
NBEA,0.5810942030097888,0.34805942627908304,0.128,0.113,1,HSC
ASMTL,0.5811773129489268,0.28147544059174967,0.496,0.477,1,HSC
KPNA2,0.5811988988148749,0.1568070636391976,0.256,0.278,1,HSC
PAF1,0.5812469358444936,-0.13052179778967243,0.445,0.425,1,HSC
HES6,0.581294004543195,-0.7771847207999327,0.02,0.028,1,HSC
RBCK1,0.5813998278020098,-0.23925884135432418,0.128,0.156,1,HSC
IL2RG,0.5814125318672647,2.4505299896919226,0.627,0.609,1,HSC
FEM1A,0.5815224439391388,0.22172461643089403,0.24,0.272,1,HSC
TMEM192,0.5817803043922337,-0.40721060247561164,0.233,0.239,1,HSC
WDSUB1,0.5820355988684519,-0.1130096420004153,0.417,0.428,1,HSC
VPS9D1,0.582051608741705,-0.34312925761221713,0.115,0.131,1,HSC
KAT2A,0.5824032028134934,-0.4909679170902066,0.148,0.135,1,HSC
GLUL,0.5826281145166257,1.6796513278253542,0.923,0.908,1,HSC
TXNDC12,0.5826855771523269,0.2692998729853918,0.396,0.376,1,HSC
FCER1G,0.5826980913635937,15.565470180572294,0.243,0.205,1,HSC
RBX1,0.5827510417770623,0.22803538043820537,0.442,0.477,1,HSC
MARCHF3,0.582771861246295,0.3765347697468684,0.038,0.046,1,HSC
COMMD1,0.5828848460795317,0.12987864625826473,0.445,0.419,1,HSC
RHOC,0.5828927558212973,-2.3766952020411907,0.297,0.297,1,HSC
NCBP2AS2,0.5829760962626065,-0.7808674572293512,0.353,0.352,1,HSC
DVL1,0.5829901884101538,-0.12966644051618248,0.097,0.119,1,HSC
CP,0.5830150262864285,6.5744941074982215,0.028,0.043,1,HSC
PSMG3,0.5830178000367214,1.1920082319918128,0.389,0.419,1,HSC
LRGUK,0.5830829776839828,0.48169536674907976,0.033,0.021,1,HSC
AAAS,0.5831456428852266,-0.39545254489446946,0.396,0.376,1,HSC
RNF181,0.5832826881577224,-0.24920786225693092,0.105,0.116,1,HSC
CCT6A,0.5832930966594707,0.13553308177426526,0.747,0.719,1,HSC
VMAC,0.5833033396318791,-0.23720432228434662,0.202,0.235,1,HSC
GALE,0.5834429076838684,0.30701076527447757,0.105,0.089,1,HSC
BMS1,0.5834804795208167,-0.4787994788357557,0.373,0.349,1,HSC
ZNF76,0.5836122095106435,0.1828807679156293,0.258,0.235,1,HSC
SLC16A3,0.5836361473114445,-0.5013299185357487,0.207,0.211,1,HSC
GCNT2,0.5837941780413803,0.471110799002553,0.238,0.232,1,HSC
POLD4,0.5838493488567559,-0.44024261232851425,0.34,0.349,1,HSC
GPR89B,0.58396404892561,0.15525154231008909,0.166,0.18,1,HSC
CCNDBP1,0.5840494207760936,0.8297051760986198,0.772,0.743,1,HSC
CEP19,0.5844821932911648,-0.130766017630763,0.128,0.119,1,HSC
TCEAL8,0.5845159524709665,0.4011838418858953,0.614,0.578,1,HSC
L3MBTL4,0.5847060256928807,-0.21321240459980606,0.182,0.183,1,HSC
MMGT1,0.5847957220935693,0.626002827264265,0.537,0.495,1,HSC
EDC3,0.5848933863605634,-0.3110907285604836,0.486,0.462,1,HSC
METTL9,0.5848970139040057,-1.155870366839114,0.742,0.765,1,HSC
BRD9,0.5850517379524404,-0.2733656341698891,0.425,0.459,1,HSC
TF,0.5850800517125614,0.8544221468325608,0.013,0.006,1,HSC
MIF4GD,0.5850850860447433,-0.2228800556458428,0.332,0.309,1,HSC
NID2,0.5851384912438853,-0.6130921406295924,0.008,0.012,1,HSC
ZNF235,0.5852180685124939,0.2507187888785549,0.128,0.125,1,HSC
EPN2,0.5853221182717295,-0.4599797131610375,0.026,0.037,1,HSC
RBMS1,0.5853572466965317,0.7227089750431741,0.386,0.391,1,HSC
SINHCAF,0.585502131099964,-0.32162813098877574,0.225,0.254,1,HSC
ZNF649,0.585822023262674,-0.45593857336261145,0.156,0.168,1,HSC
PRKCB,0.5858240636327442,0.38469328412577397,0.703,0.667,1,HSC
SNX32,0.5858341211660235,0.6525115411808793,0.036,0.043,1,HSC
ZNF627,0.5859256953685634,0.12337219962604562,0.33,0.364,1,HSC
CTSH,0.5861925816296902,-11.877526696641603,0.036,0.052,1,HSC
TTC19,0.5863014004830196,0.2966306595215489,0.552,0.593,1,HSC
MYO1F,0.5864631124193576,-1.571620215009827,0.517,0.468,1,HSC
BTBD9,0.586523407719457,1.3810221879489681,0.437,0.428,1,HSC
CTSB,0.5865267220882705,-6.752003344497653,0.675,0.639,1,HSC
CREBBP,0.5865838431885448,0.24015566694199508,0.598,0.578,1,HSC
NOTCH3,0.5868056430865244,-2.364506829621027,0.026,0.037,1,HSC
FAM76A,0.5869987820480307,0.2604322937897481,0.176,0.183,1,HSC
SLC11A2,0.5870496964437335,-0.7890621781367984,0.44,0.422,1,HSC
DEPTOR,0.5870774965555504,1.300408498596056,0.542,0.575,1,HSC
KMT5B,0.5871385741826385,-0.13311419516071332,0.716,0.682,1,HSC
VPS54,0.5871894222920946,0.9534106395425646,0.432,0.41,1,HSC
SPINK4,0.5872241077048312,0.1872496290672716,0.02,0.015,1,HSC
SFT2D2,0.5874650693568171,-0.6098811941223905,0.545,0.569,1,HSC
API5,0.5875189512629106,1.9972156805864287,0.701,0.703,1,HSC
NATD1,0.587631308261461,0.2702974241388185,0.141,0.116,1,HSC
EEPD1,0.5876744122673708,0.4388005445732719,0.125,0.104,1,HSC
POP4,0.588076136527536,-0.17561588939572853,0.304,0.333,1,HSC
RNF19B,0.5882841638173459,0.38430933186650396,0.35,0.309,1,HSC
ZNF586,0.5883592058304549,0.4704769395979923,0.22,0.214,1,HSC
PPFIBP1,0.5884800219578112,0.3365508124481169,0.445,0.41,1,HSC
PLAGL2,0.5885357313828099,2.309588674466878,0.235,0.266,1,HSC
SLC25A15,0.5888083134881933,-0.5404431324260857,0.225,0.232,1,HSC
TFB2M,0.5888222470277666,-0.20247592713281382,0.194,0.232,1,HSC
C11orf80,0.5889148850686168,-0.3178492412617129,0.143,0.168,1,HSC
BICRA,0.5890025200565042,-0.3344628904054972,0.235,0.226,1,HSC
TTC9,0.5891762015159678,0.4445506729877986,0.258,0.226,1,HSC
EPB41L5,0.5891846670682209,0.5355811971085669,0.069,0.067,1,HSC
ABHD6,0.5892074564263895,-0.12498541193403145,0.087,0.092,1,HSC
PCDH9,0.5892713020130933,-7.1133168708681644,0.488,0.52,1,HSC
SZT2,0.5893032771231247,0.1671725291180599,0.161,0.135,1,HSC
SAMD1,0.5893587748080021,-0.36982549559390376,0.483,0.453,1,HSC
ETHE1,0.5893677140474812,1.6837568229611484,0.432,0.446,1,HSC
GPC5,0.5894689659982535,0.38678446477223494,0.077,0.055,1,HSC
PTPN23,0.5895057483938455,-0.47798400635568716,0.389,0.425,1,HSC
PPP1R10,0.5895523538006251,0.23573124921686528,0.57,0.563,1,HSC
KRT10-AS1,0.5896323552968348,0.3381699581860649,0.033,0.037,1,HSC
GNAQ,0.5896475907237949,-2.0293222281948182,0.785,0.795,1,HSC
PGAP2,0.5896773416479878,-2.442477309873029,0.407,0.416,1,HSC
HOXA9,0.589870549959786,-5.028444952754201,0.685,0.716,1,HSC
IGSF6,0.590060718416101,-1.5822230632744556,0.015,0.012,1,HSC
BBS1,0.5901382256512293,0.3592437463704697,0.32,0.315,1,HSC
IDH3G,0.5902917383084457,-0.4227191911846224,0.448,0.48,1,HSC
KYNU,0.5903742377094974,6.100289796582135,0.123,0.15,1,HSC
TMEM138,0.5904252823819414,1.0510549851532442,0.391,0.364,1,HSC
ACOX3,0.5904358579929021,-0.13902088036813032,0.082,0.104,1,HSC
RNF115,0.5904461144243629,0.37992848780924016,0.573,0.55,1,HSC
ACTR1B,0.5906824447430611,-0.3485322112661735,0.601,0.609,1,HSC
PLCH1,0.5908540889854629,-1.2850695733985562,0.008,0.012,1,HSC
ALDOC,0.5908694596608491,0.20199358221728858,0.153,0.159,1,HSC
TLE5,0.5910467019429682,-0.1897035915581442,0.463,0.437,1,HSC
UBB,0.5911583833354788,-1.5945103706875638,0.887,0.859,1,HSC
R3HDM4,0.5911926432167889,0.7969882323519979,0.739,0.758,1,HSC
TMEM98,0.5912843780614765,-0.6361447229071593,0.097,0.122,1,HSC
SUMO4,0.5913834634070392,0.4220464277410647,0.082,0.07,1,HSC
USP45,0.5914350868805412,0.2749615046881927,0.366,0.336,1,HSC
CNOT4,0.5914622276801562,0.17130602537341932,0.465,0.453,1,HSC
SPATS2L,0.5915862731017111,-0.4925676951647564,0.123,0.144,1,HSC
SMURF2,0.5917385029754584,0.17569306414368968,0.335,0.333,1,HSC
IFTAP,0.5918102154008017,0.929506722096574,0.338,0.336,1,HSC
CITED4,0.5919012013550756,-0.9097414149526821,0.113,0.119,1,HSC
NAPRT,0.5919538331240357,0.2286892083194918,0.517,0.492,1,HSC
SHANK1,0.5920101861003576,-0.9492798504809246,0.015,0.028,1,HSC
PPIL4,0.5920874677712868,1.1013459883003236,0.586,0.554,1,HSC
PRSS57,0.5921816790998282,-0.29586636533481325,0.829,0.838,1,HSC
ASTE1,0.5922496397314517,0.13825364327642786,0.164,0.15,1,HSC
FOLH1,0.592363424771764,1.6982464701045288,0.01,0.006,1,HSC
ALG2,0.5923644090419522,-0.209390870454979,0.32,0.339,1,HSC
CABP4,0.5925676667485129,1.044435778580703,0.02,0.012,1,HSC
SYNRG,0.5925952715075866,5.699290942561622,0.645,0.664,1,HSC
LIMD1,0.5927071266821393,-0.43397769352305415,0.647,0.606,1,HSC
SPRED2,0.5927612951446193,-0.7955949288626407,0.077,0.092,1,HSC
MCMDC2,0.592912094962922,-0.7804287681734259,0.01,0.018,1,HSC
FOXO1,0.592951874283429,-0.14350886199870239,0.292,0.263,1,HSC
ABTB3,0.5929894236151506,-0.13374560599873944,0.263,0.229,1,HSC
TNFRSF19,0.5930241100048967,-0.4938040876424634,0.031,0.037,1,HSC
GAB1,0.5930827015848341,-0.2875293223951296,0.182,0.193,1,HSC
CFAP44,0.5931546112387571,-0.20933505276376674,0.156,0.165,1,HSC
PDE4B,0.5931972951749824,-0.79485648803398,0.105,0.119,1,HSC
RALGDS,0.593293406939412,0.10650958508800712,0.476,0.459,1,HSC
AFG1L,0.593429349363637,0.11749936853933063,0.125,0.11,1,HSC
GZMB,0.5934448223036092,-0.16072109966985726,0.031,0.018,1,HSC
HECA,0.5936393976486173,-0.8791101469821023,0.44,0.474,1,HSC
EML5,0.593721143932112,-0.22763879823595357,0.033,0.031,1,HSC
TMCO3,0.5938592951076047,0.10573558720541443,0.363,0.367,1,HSC
PRXL2B,0.593942461888198,0.10198040024022337,0.092,0.104,1,HSC
PARPBP,0.5939813148077395,-0.33898953750205707,0.11,0.098,1,HSC
CITED2,0.5941920846422596,12.65547909060799,0.668,0.7,1,HSC
CWC22,0.5944349911250097,0.32874380123621416,0.399,0.382,1,HSC
C3orf33,0.5944661246305841,-0.46215852461356866,0.064,0.083,1,HSC
STK24,0.5944871048689135,-0.3086437403996216,0.591,0.593,1,HSC
WDR74,0.5946101487973652,0.6531063017491651,0.343,0.309,1,HSC
FBXL12,0.5949513379916673,-0.1425365030291419,0.202,0.214,1,HSC
NRIP1,0.594966295459459,-0.24755970845117403,0.859,0.862,1,HSC
MBLAC2,0.5950349977347684,0.36341602953934293,0.066,0.067,1,HSC
BBOF1,0.5950864861317473,-0.4414066953521285,0.09,0.113,1,HSC
ATXN2L,0.5951135621892869,0.4693293695758305,0.545,0.523,1,HSC
ZNF589,0.5951152819484833,-0.1583314011541298,0.261,0.226,1,HSC
SLFN13,0.5952626555018328,0.4069429215243332,0.059,0.043,1,HSC
PSMC3IP,0.595487144976661,-0.8293525711343532,0.031,0.043,1,HSC
CYBRD1,0.5956035948652433,0.4972104400050794,0.491,0.459,1,HSC
BTF3,0.5957573220328578,-1.2807521164065796,0.601,0.596,1,HSC
ACOT9,0.5959150120501727,-0.4066345879381277,0.355,0.361,1,HSC
NME3,0.5959869588506592,0.5903143768311424,0.414,0.382,1,HSC
ZNF804A,0.5962536338827823,0.13764390730963472,0.11,0.095,1,HSC
AKT1,0.596269685809096,-0.7376987649374351,0.611,0.596,1,HSC
CRACD,0.5963205678056762,-2.0760828497289636,0.394,0.404,1,HSC
PHF20,0.5963979496776158,-0.3812330922812268,0.373,0.376,1,HSC
TST,0.5965189834431246,-0.7162202303263929,0.049,0.07,1,HSC
SAMD12,0.5965802295243012,-0.13812465250779526,0.13,0.122,1,HSC
EFCAB7,0.5966716602824665,-0.1276076574880023,0.12,0.147,1,HSC
TMEM254,0.5967330494392148,-0.123072970718768,0.215,0.187,1,HSC
VCPKMT,0.5968704890902665,-0.28264712010611337,0.225,0.217,1,HSC
AP3M1,0.5969851621953557,0.38349834253805637,0.46,0.446,1,HSC
TMED5,0.5973843874045421,-1.6009377644197165,0.506,0.55,1,HSC
DCTN5,0.5973912555767015,-0.4020302593222198,0.11,0.131,1,HSC
HTT,0.5976100416226774,-1.2713550295635336,0.701,0.737,1,HSC
ZNF524,0.5978411257151637,0.8453655575145123,0.128,0.107,1,HSC
ARHGAP18,0.5979687778191483,0.20322111065918902,0.156,0.18,1,HSC
ZNF665,0.5979774514870151,-0.5870238364355576,0.059,0.076,1,HSC
HSPA5,0.5980227717807738,0.18247596457751608,0.202,0.196,1,HSC
PRR16,0.598489575926904,-0.49287566411235906,0.038,0.049,1,HSC
ELAVL1,0.5986337076620348,-0.8137570323002974,0.719,0.719,1,HSC
ABHD14A,0.5986613905935302,0.7599314198933069,0.23,0.199,1,HSC
ATP6V1E2,0.5986880391769526,-0.6934542480534751,0.043,0.049,1,HSC
MRNIP,0.5987090221628263,-0.3513007370213378,0.304,0.281,1,HSC
HIPK3,0.598994544081354,-5.971649363539205,0.765,0.758,1,HSC
PPP1R12A,0.5991371019968219,-0.7185909700287478,0.78,0.752,1,HSC
VDR,0.5991744397573737,3.4936184939352133,0.01,0.006,1,HSC
OR1L8,0.5992220038966436,-1.2850695733985562,0.008,0.012,1,HSC
SLC15A4,0.5993787105387643,0.3287407335870709,0.289,0.26,1,HSC
PPIL1,0.5993827734091788,-0.4715035723060851,0.215,0.211,1,HSC
SUCNR1,0.5993989559911722,1.7210515314270736,0.015,0.012,1,HSC
DDX60,0.5994204114936561,0.18772665149262047,0.274,0.266,1,HSC
TPPP,0.5996807509334294,-0.40829217224979253,0.041,0.049,1,HSC
AURKAIP1,0.5997298894046721,0.15189084330701785,0.32,0.355,1,HSC
PRKD2,0.5998169455205997,0.24589975902890138,0.402,0.391,1,HSC
NRBP2,0.5998174113464392,1.1698899864127759,0.059,0.046,1,HSC
CSGALNACT1,0.6000152659302715,1.1329139596935427,0.049,0.043,1,HSC
MCF2L2,0.6000626809454244,0.3211883206560091,0.066,0.073,1,HSC
BLOC1S1,0.6001829149561421,-1.0339992124000426,0.524,0.498,1,HSC
YJEFN3,0.6002004379527934,-0.8784118529813139,0.013,0.024,1,HSC
TPSD1,0.6002336626031146,0.427105083000207,0.033,0.024,1,HSC
EPAS1,0.6002686464844004,-1.2850695733985562,0.008,0.012,1,HSC
PIGF,0.6003198754920891,-0.6126613457706847,0.409,0.456,1,HSC
PYCR3,0.6003342912090097,0.14705418946579263,0.054,0.04,1,HSC
AGAP2,0.6003511062496361,0.7611450514126883,0.496,0.492,1,HSC
RUFY2,0.6003762727505104,0.3590136885226277,0.427,0.41,1,HSC
SUSD3,0.6004035530889472,-0.3221182897651591,0.123,0.141,1,HSC
LUC7L3,0.6005356446639549,-0.7437960416241403,0.969,0.963,1,HSC
SUGP1,0.6005769847320142,0.25989644306874454,0.243,0.239,1,HSC
LSAMP,0.6006937742672237,2.118202278630169,0.01,0.006,1,HSC
PSMB9,0.6007834149270427,0.44874312988143306,0.504,0.532,1,HSC
RASL11A,0.6008032920432694,-0.994130349255737,0.01,0.018,1,HSC
OGFOD2,0.6009336405684543,0.510926620782159,0.271,0.245,1,HSC
MFF,0.6010029254146159,-0.4645532641603376,0.747,0.761,1,HSC
STXBP5,0.601155582157141,1.4073510672305112,0.754,0.765,1,HSC
SMARCA5,0.6013231487761858,-0.1924225292487458,0.739,0.719,1,HSC
COMT,0.6013471887992738,-0.49379587110275036,0.711,0.709,1,HSC
CPSF3,0.6015653713473432,-0.1017150441344028,0.486,0.526,1,HSC
STK33,0.6017062367677808,0.10345005768213267,0.228,0.199,1,HSC
METTL7A,0.6017569539348491,0.2953176999736913,0.721,0.755,1,HSC
ZDHHC24,0.6019775517208382,-0.10350611130243448,0.192,0.199,1,HSC
GLYATL1,0.6020486854318472,-0.9616791972024812,0.008,0.012,1,HSC
DET1,0.6020956257775304,0.7513838225025267,0.046,0.031,1,HSC
USP7,0.6023011913971537,0.30114776483397,0.332,0.358,1,HSC
TRIP4,0.6024851960565664,-0.4702834099429712,0.317,0.346,1,HSC
CCR7,0.602603690373433,-6.345947695917611,0.207,0.174,1,HSC
PRMT2,0.6027904670458115,-0.8020719210617129,0.749,0.771,1,HSC
MBOAT1,0.602825840839212,-1.2527551383253883,0.417,0.382,1,HSC
CDK3,0.6028587677787282,0.17167439335465762,0.051,0.043,1,HSC
CD8B2,0.6030412551099551,2.4952911555491837,0.01,0.006,1,HSC
GORASP2,0.603045120550264,-0.7828742325685434,0.542,0.538,1,HSC
RABIF,0.6031159711684494,0.3340237758268929,0.182,0.177,1,HSC
FLVCR1,0.6032221800084829,-0.567810848196757,0.386,0.373,1,HSC
DNAJC24,0.6033154383702733,0.28912142863958956,0.194,0.174,1,HSC
APOL6,0.6036571166432699,-0.46401597836222974,0.363,0.339,1,HSC
CBLL1,0.6037023065096233,2.9621417168653164,0.517,0.55,1,HSC
SP2,0.6038800357740874,0.9211733417011723,0.32,0.343,1,HSC
TOP1MT,0.6040489559388779,-0.6364123292560917,0.384,0.388,1,HSC
TMEM216,0.6041590059104144,-0.15931773275762726,0.243,0.281,1,HSC
DNM3,0.6041826813433288,-0.6227578550264794,0.146,0.153,1,HSC
SKA1,0.6043271240301582,-1.9568906310971723,0.013,0.015,1,HSC
NBR1,0.6043646868122293,0.3606876487659725,0.463,0.486,1,HSC
PHKG1,0.6046021991519643,0.3821421766639208,0.013,0.009,1,HSC
SNX8,0.6047480225268842,0.11272176186415361,0.115,0.098,1,HSC
RNF31,0.6048370977925199,-0.11520844319172305,0.325,0.324,1,HSC
PXMP4,0.6048556680473292,0.4028314640983348,0.092,0.073,1,HSC
HPS3,0.6048580084710918,0.48655777848399767,0.307,0.278,1,HSC
AK4,0.6049353982903594,0.24945055302016306,0.161,0.144,1,HSC
MAIP1,0.6051300493839996,-0.4768488415149241,0.386,0.355,1,HSC
NUDT16L1,0.6053322048853772,0.24482915710101405,0.266,0.275,1,HSC
BANK1,0.605539109801706,-1.4053932999150847,0.11,0.116,1,HSC
RAB39B,0.6055506644361721,-0.707929638350635,0.136,0.144,1,HSC
LARP7,0.6057120029687015,0.1948702219483469,0.535,0.498,1,HSC
RDX,0.6060354081295578,-0.16570225491975965,0.238,0.275,1,HSC
TLR4,0.6061476118839879,-0.7544146068950823,0.036,0.034,1,HSC
WDHD1,0.6061718864221879,-0.1895448405428528,0.105,0.119,1,HSC
PLK2,0.6061922513644378,-0.6406670362700257,0.015,0.024,1,HSC
SLMAP,0.6062626316575632,-0.7990372335413022,0.404,0.437,1,HSC
TASOR,0.6063416516137959,0.35475149080101254,0.777,0.746,1,HSC
METTL25B,0.6067803321679708,-0.43054659867892253,0.072,0.086,1,HSC
CSF2RA,0.606797811521691,-0.7573535619519232,0.138,0.128,1,HSC
RB1,0.6068145489045859,0.19303527063817372,0.448,0.474,1,HSC
BTBD19,0.6068654395711692,0.18415664811480426,0.018,0.021,1,HSC
MIER1,0.6070775238088627,-1.1342591390689973,0.714,0.697,1,HSC
GCHFR,0.6070979656953547,-0.28417785791900374,0.125,0.144,1,HSC
DPP9,0.6071673129493987,0.1431400818415868,0.315,0.284,1,HSC
VPS26A,0.6072393355844905,-0.6077742052979089,0.519,0.554,1,HSC
ITGAM,0.6073887236033937,1.6283107274945952,0.113,0.086,1,HSC
DNAAF11,0.6077529969928981,0.47461015995116895,0.043,0.031,1,HSC
HOOK2,0.6078206675709046,-0.4865824326925703,0.105,0.104,1,HSC
CERCAM,0.6078953259019185,-0.4927801807179525,0.174,0.177,1,HSC
ZNF391,0.6080710629006497,-0.2300868688498856,0.133,0.131,1,HSC
FOXJ2,0.6081013464134123,1.5258826215253662,0.276,0.275,1,HSC
GIPC2,0.6081573551098338,0.15421164691020772,0.028,0.04,1,HSC
PCSK5,0.6081811750566793,-0.40109190750480916,0.023,0.031,1,HSC
NDUFAF4,0.6083512567113225,-0.17721019706984686,0.207,0.235,1,HSC
COPG1,0.6083772841697963,-0.4201041257131224,0.555,0.517,1,HSC
CYRIB,0.6083996982268504,0.48589589259377197,0.624,0.621,1,HSC
HEATR5B,0.6084284683676354,-1.7321761173027106,0.724,0.709,1,HSC
GLIPR1,0.6087224366027826,-1.699718654684295,0.552,0.529,1,HSC
S100PBP,0.6087975947139408,-0.9437133156647581,0.803,0.786,1,HSC
DUS4L,0.6088010653502028,-0.2596684363641366,0.138,0.135,1,HSC
HNRNPF,0.60890900747358645,-0.2849269463593087,0.685,0.651,1,HSC
H6PD,0.6090483673674119,-0.6239435700889093,0.199,0.223,1,HSC
ARCN1,0.609158401407486,0.3132368694913912,0.696,0.664,1,HSC
BDH2,0.6095181157188596,0.3870267694913152,0.547,0.505,1,HSC
ISG15,0.6095958289449083,1.1772716185190104,0.223,0.223,1,HSC
INPP5E,0.6096566224638349,0.3094584503804212,0.22,0.187,1,HSC
ANTXR2,0.6096928463941197,0.6750933646141326,0.609,0.587,1,HSC
KLRC1,0.6099908640521197,0.5696161671796931,0.01,0.006,1,HSC
RALGPS1,0.6100339830439994,0.25807397780642627,0.082,0.08,1,HSC
BOD1L1,0.6103803148304497,-0.43534496974686654,0.448,0.446,1,HSC
GSPT2,0.6105250172168091,-0.3323087862608514,0.223,0.251,1,HSC
CCDC25,0.6105353744466788,0.42023410499829245,0.202,0.199,1,HSC
AP3M2,0.6105698527985001,-0.6062271319737975,0.164,0.174,1,HSC
CCNG1,0.6105709985281125,-3.1120147542569114,0.88,0.872,1,HSC
TRIM5,0.6107451679310829,0.6504374166100955,0.691,0.713,1,HSC
CPNE1,0.6108176272890314,0.6943965782340165,0.847,0.862,1,HSC
AP3B1,0.6108273207649477,0.8664862168648657,0.668,0.694,1,HSC
GOLT1B,0.6109107225409597,-0.5425550177208351,0.363,0.398,1,HSC
TMEM163,0.6109389852303706,-0.24027309207416003,0.09,0.089,1,HSC
E2F4,0.61099545074553685,-0.21851704574483333,0.455,0.489,1,HSC
PSD,0.6110833106745535,-0.6903775818183773,0.02,0.034,1,HSC
NEK9,0.611348480482748,0.802612512533702,0.488,0.471,1,HSC
MAPKAPK2,0.6113522796478481,-4.606966207637193,0.652,0.621,1,HSC
TASL,0.6113663094537443,8.397729740703868,0.44,0.477,1,HSC
CDK7,0.6113710602544515,0.1968549119400515,0.266,0.242,1,HSC
ZNF181,0.6115014612158456,0.5402861509814534,0.087,0.095,1,HSC
EHMT2,0.6115302236085761,-0.42508507296450837,0.683,0.682,1,HSC
CD81,0.6116312798701041,-0.6171483402874818,0.524,0.511,1,HSC
KCNAB3,0.6118084014362138,0.1447650175037749,0.043,0.031,1,HSC
TXLNG,0.6118182596723358,0.6132064041517403,0.248,0.275,1,HSC
UTP14A,0.612018707197149,-0.27503663827466607,0.153,0.18,1,HSC
NFIB,0.6120493171487078,-0.5925133249585448,0.015,0.015,1,HSC
PANX1,0.6121099296040395,0.10286658822914152,0.11,0.089,1,HSC
CDCP1,0.6121404747819921,-0.11888469105415644,0.189,0.196,1,HSC
ATG7,0.6123225445916963,0.6780761663774167,0.271,0.239,1,HSC
DCUN1D2,0.6123907411024112,-1.1653049202615515,0.09,0.101,1,HSC
NECTIN2,0.6125200548631209,-0.24673789391424655,0.21,0.242,1,HSC
TTC4,0.6125886459191674,0.12058473048895824,0.184,0.193,1,HSC
SPTY2D1,0.6127202034883779,-0.5310384757917718,0.225,0.251,1,HSC
ST6GALNAC4,0.6128797222410722,0.1069554005149227,0.153,0.171,1,HSC
C9orf72,0.6128799237530483,-0.44917838646374453,0.284,0.306,1,HSC
SCAF4,0.6130646930852675,1.7440242989710155,0.476,0.514,1,HSC
SIGIRR,0.6131025926559155,-2.7797226456747124,0.586,0.599,1,HSC
TAF9,0.6131202361049609,-0.588296873613174,0.358,0.385,1,HSC
RADX,0.6131627685161243,-0.37279881990335095,0.066,0.083,1,HSC
DLD,0.6132005076012149,0.6387352288475041,0.558,0.535,1,HSC
PRKCSH,0.613487777030517,0.4042905178220839,0.731,0.752,1,HSC
UQCRQ,0.613516722945739,-0.22687546343546927,0.412,0.434,1,HSC
KPTN,0.6139368915359614,0.33310235095251284,0.125,0.119,1,HSC
EMSY,0.6141762004391568,-0.17652152557383705,0.276,0.272,1,HSC
FMNL1,0.6143128467308191,0.9469098252655472,0.867,0.89,1,HSC
ZSWIM8,0.6143706922813995,0.5045791103750028,0.304,0.269,1,HSC
NBPF1,0.6144008720917353,-0.7204551267191177,0.026,0.043,1,HSC
BORCS5,0.614454509451278,-0.5502379056103783,0.284,0.287,1,HSC
GLCE,0.6147738552718328,0.49962713900945166,0.217,0.232,1,HSC
PWP1,0.6149037816884027,0.3101613476828504,0.586,0.569,1,HSC
NCKAP1,0.6151117724973505,-0.4704144973094264,0.008,0.012,1,HSC
WDR77,0.6152272029324557,-1.0715729675053558,0.448,0.471,1,HSC
DPH1,0.6153165862435287,0.25930420094149653,0.049,0.046,1,HSC
CROCC,0.6153590825797441,-0.18845830332047608,0.128,0.141,1,HSC
PLS3,0.6153808621290119,-0.3432736999401187,0.11,0.116,1,HSC
SDHC,0.6154211076335132,-0.5233052047844506,0.146,0.138,1,HSC
RBM44,0.6158239407263039,-0.6996758919499015,0.013,0.021,1,HSC
ZNF862,0.6158444681395914,0.3275330479962957,0.304,0.306,1,HSC
PHOSPHO2,0.6158992373604933,0.17157923442170492,0.284,0.284,1,HSC
NEPRO,0.6159394973537237,-0.7591655695642956,0.465,0.446,1,HSC
TCOF1,0.6160239796438851,0.32765945069557223,0.422,0.391,1,HSC
PITPNA,0.6162179787681294,-0.6942080692548308,0.412,0.446,1,HSC
INO80D,0.6162291872219617,0.19568633639995658,0.499,0.535,1,HSC
TRIM22,0.6164194234509884,1.978653415090363,0.601,0.602,1,HSC
HPS4,0.6165100365333143,-0.18154715748301564,0.437,0.465,1,HSC
BEX1,0.6166030662339388,-0.3671775088421545,0.115,0.138,1,HSC
VANGL1,0.6166742567416297,-0.9442539115483954,0.269,0.291,1,HSC
PAIP2,0.6168962051828932,0.4127672496445858,0.488,0.505,1,HSC
PRKAB1,0.6170001991197877,-2.251799492586578,0.396,0.41,1,HSC
SPOCK3,0.6170341223203926,-0.5913188888119332,0.028,0.037,1,HSC
COMTD1,0.6172120913442758,0.7356725613528634,0.054,0.04,1,HSC
ZFPL1,0.6172524734283376,0.21209339527854532,0.164,0.168,1,HSC
RASGRP2,0.6172711028436926,-5.0345477679832396,0.852,0.878,1,HSC
PPP4C,0.6173517932950376,-1.0426478429825448,0.742,0.731,1,HSC
SNW1,0.6173575879464239,-0.1484770239226001,0.437,0.446,1,HSC
TNKS,0.6175958178707464,0.4632235216816887,0.463,0.474,1,HSC
MBD6,0.6176732413759201,0.35032140335297135,0.473,0.434,1,HSC
XRCC6,0.6176800366450903,-0.3580200233643971,0.182,0.202,1,HSC
CNPY4,0.61811283062019,-0.26899865091780395,0.136,0.156,1,HSC
CNFN,0.6181495918169138,-0.6314142223652115,0.031,0.04,1,HSC
PCDHGA8,0.6184074349296913,0.20155702947459586,0.036,0.037,1,HSC
CKAP4,0.6184319320289872,0.5033510434798276,0.054,0.052,1,HSC
UBL5,0.6184372893807418,-0.33089981425997156,0.338,0.352,1,HSC
MT-ND4L,0.618468086563086,-1.73713278081126,0.315,0.306,1,HSC
TATDN1,0.6185315504766452,0.2811939806399541,0.248,0.229,1,HSC
AP5S1,0.6187072806656602,-0.5901085552882961,0.184,0.205,1,HSC
RNF111,0.6187776217281975,0.36952062004691233,0.483,0.468,1,HSC
DCBLD2,0.6188455284125677,0.3805102223473651,0.202,0.205,1,HSC
STX6,0.6190753454520249,-0.36327509767892463,0.386,0.413,1,HSC
RAB43,0.6192531820152785,0.7634227255357056,0.015,0.012,1,HSC
PPAN,0.6196201757568757,-0.3805505463624129,0.289,0.324,1,HSC
INPPL1,0.6197033265316374,0.4541028823628679,0.366,0.327,1,HSC
FAM229A,0.6198147541832196,0.8239400968045532,0.018,0.009,1,HSC
CDC20,0.6199198974304889,-0.10845133540446295,0.01,0.018,1,HSC
NR1D2,0.6201587843147983,0.10864726724938861,0.32,0.297,1,HSC
PCBP3,0.6204315157581641,1.0654537420082912,0.051,0.061,1,HSC
SCO1,0.6205195322113443,-0.2637758957836742,0.11,0.135,1,HSC
TRIR,0.6206219466513817,-7.651274684759917,0.921,0.933,1,HSC
COPRS,0.620695576543922,-0.36320282836299767,0.21,0.245,1,HSC
SLC22A18,0.6207851304894182,-0.45033514223270643,0.079,0.098,1,HSC
MAPK11,0.6209025582388695,0.20639190514896377,0.077,0.08,1,HSC
ZSWIM1,0.6209336684441245,-0.23014450201556724,0.33,0.309,1,HSC
B4GALT5,0.6209402171372863,-0.659354572292614,0.307,0.336,1,HSC
CRELD2,0.6209576917352805,0.37123183375011704,0.161,0.131,1,HSC
YTHDF2,0.6210131750301908,1.0814123559524766,0.739,0.716,1,HSC
RABGEF1,0.6210701380633493,0.2595402560821585,0.322,0.336,1,HSC
IL4I1,0.6211845375113276,-1.7839366688757403,0.018,0.012,1,HSC
SPTBN1,0.6212199164434984,-1.1685905486126342,0.463,0.468,1,HSC
MOSPD3,0.621343231385605,-0.44135402465671647,0.153,0.153,1,HSC
ZCWPW2,0.6213774793389368,0.9590852331870958,0.031,0.018,1,HSC
ERAP2,0.6214113118674646,0.27335763140499136,0.271,0.235,1,HSC
CCDC34,0.6214234111980939,-0.7687723957540786,0.13,0.156,1,HSC
MGLL,0.6214825366177625,-0.14409727409020867,0.499,0.502,1,HSC
DDX55,0.6215205889851694,-0.34741244040783825,0.338,0.352,1,HSC
INPP5F,0.6215973426551595,0.3214891571380257,0.279,0.254,1,HSC
DRICH1,0.621673026336992,0.46872592798423085,0.018,0.012,1,HSC
FAM83H,0.6219211732534645,-1.3133202487346507,0.018,0.024,1,HSC
DOCK5,0.6219969916309437,0.9958634313953745,0.639,0.612,1,HSC
RNLS,0.6220219865214545,-0.5228071293072416,0.097,0.11,1,HSC
SMCO4,0.6220640633517897,-0.5717284672117766,0.031,0.04,1,HSC
FAM171B,0.6221629105610171,-0.6456009365389557,0.184,0.177,1,HSC
VXN,0.6221690462706357,0.3821421766639208,0.013,0.009,1,HSC
CYB561A3,0.6224080987113196,1.1258798826510712,0.274,0.269,1,HSC
PLAC8L1,0.6225595664031888,-0.9943726895013763,0.013,0.018,1,HSC
FKBPL,0.6225993012624014,0.34989497896292177,0.056,0.058,1,HSC
CFAP20,0.6226892708445861,-0.43870961382464646,0.419,0.45,1,HSC
VWCE,0.622714760488778,-0.49583854033342156,0.023,0.024,1,HSC
JAKMIP3,0.6228390979560108,1.070610160016149,0.02,0.015,1,HSC
KDM3B,0.6228989811303597,0.2863540848896018,0.627,0.633,1,HSC
CALCRL,0.6228991178001254,1.0934394116568484,0.309,0.278,1,HSC
GLE1,0.6230183988593915,-1.0319375761614684,0.399,0.407,1,HSC
MED1,0.6230466166917328,0.6033282345624955,0.43,0.459,1,HSC
RTF1,0.6231188890536616,-1.3965195240540496,0.731,0.761,1,HSC
RAB6B,0.6232629798656685,2.384552692440609,0.028,0.021,1,HSC
CPED1,0.623270622810537,2.436323131652035,0.35,0.33,1,HSC
H2BC26,0.6233417925727687,1.6148238460107496,0.077,0.064,1,HSC
FKBP14,0.623343631131875,-0.21683363266395994,0.176,0.177,1,HSC
PEX11B,0.6233455939587644,0.10068226271381016,0.325,0.294,1,HSC
DIDO1,0.62342619502981,0.39540846417683273,0.701,0.676,1,HSC
C1orf35,0.623541865011613,-0.5332344878538644,0.182,0.211,1,HSC
PARL,0.6236192640925651,-0.32138362402141585,0.501,0.523,1,HSC
WASF3,0.6236289313752168,-0.5192791998739641,0.036,0.037,1,HSC
LEMD2,0.6236532570360069,-0.28012017879688117,0.307,0.312,1,HSC
SMAP1,0.6236965383535024,-1.5548115412859418,0.399,0.434,1,HSC
MCM6,0.6237329673908216,-1.7674321761877922,0.338,0.367,1,HSC
GLB1L,0.6240535898944378,0.3469643823594226,0.084,0.076,1,HSC
AOAH,0.6246675949053582,-1.3832417360903486,0.361,0.391,1,HSC
FAM114A1,0.6248118589303893,0.15736822268067607,0.033,0.04,1,HSC
PPP1R37,0.6248195875738097,-0.2883958322130533,0.123,0.125,1,HSC
ZC3H4,0.6249880414456745,-1.0581031276970414,0.632,0.645,1,HSC
MED29,0.6250534411324408,0.30036315755222026,0.297,0.263,1,HSC
ZDHHC23,0.6252496884242725,0.2631937367649402,0.1,0.104,1,HSC
TTC27,0.6252562564147335,-2.7184610709372383,0.373,0.364,1,HSC
PEX5,0.6254120127226392,-0.3326582823863906,0.136,0.165,1,HSC
GGCT,0.6254241331744153,0.37661975308440976,0.384,0.391,1,HSC
ACTR2,0.625424164495206,-1.8976462362641242,0.547,0.587,1,HSC
NPHP3,0.6255168254200065,-0.8572419702338439,0.453,0.437,1,HSC
CCDC69,0.6257088727946527,-0.40567129266587276,0.583,0.606,1,HSC
TOR1AIP1,0.6257439963718835,0.5194697958265455,0.545,0.52,1,HSC
MED11,0.6258054539511508,-0.15621852626089017,0.166,0.156,1,HSC
HK3,0.626206088161913,-7.315504219408023,0.008,0.015,1,HSC
NCR1,0.6262121676733876,0.8019307375416824,0.041,0.037,1,HSC
BCAT1,0.6264414088233625,0.6390121009231537,0.389,0.379,1,HSC
CPVL,0.6264610363776048,-17.5754785289146,0.243,0.257,1,HSC
UFC1,0.626507250419106,-2.271594805441037,0.824,0.844,1,HSC
KDM4A,0.626709878666341,0.3143202617290104,0.558,0.55,1,HSC
ZNF446,0.6267690832307448,0.3710732307594298,0.064,0.046,1,HSC
TMEM120A,0.6268263110573448,0.15691719706595686,0.125,0.104,1,HSC
JMY,0.6268861186109016,0.38747136548123096,0.384,0.388,1,HSC
NMD3,0.6269229740640588,-0.6256200664385263,0.593,0.627,1,HSC
ADAM8,0.6270822882583964,1.5486018038530163,0.437,0.41,1,HSC
TFRC,0.6271750381027308,-24.27759092539199,0.737,0.761,1,HSC
ZNF717,0.6271858382754149,-0.17536936599558262,0.366,0.367,1,HSC
CC2D1A,0.6272303477403915,0.3341840926636841,0.238,0.223,1,HSC
ZNF438,0.6273160459125584,0.6210752507863491,0.092,0.086,1,HSC
C8orf76,0.6275972495068425,0.23508339716179386,0.327,0.291,1,HSC
FBXO9,0.6276096680853539,-0.2628924876518408,0.45,0.483,1,HSC
AMD1,0.6276604357300792,-1.7689739732282348,0.803,0.832,1,HSC
ZNF835,0.6277032633130817,0.2959758764825824,0.061,0.058,1,HSC
SLC25A24,0.6277639013233532,1.2152667527855976,0.355,0.343,1,HSC
SKOR1,0.627861133500195,0.46872592798423085,0.018,0.012,1,HSC
TPRG1L,0.628037501345736,-0.206991825782476,0.274,0.251,1,HSC
RAB14,0.6281009326391356,0.9442005586688813,0.854,0.829,1,HSC
TNIK,0.6281559864915794,0.26594591530214373,0.598,0.566,1,HSC
PROM2,0.6284875769513076,0.9545223465244836,0.013,0.009,1,HSC
KTN1,0.6287238192551716,-0.18305079279028513,0.616,0.645,1,HSC
MTHFS,0.628976363743326,0.1761292150506366,0.258,0.235,1,HSC
TRAPPC12,0.6291197658722302,0.15148496909852582,0.486,0.502,1,HSC
UCK2,0.6291766304656746,0.4834903032436171,0.43,0.425,1,HSC
DUSP22,0.6291828175518979,-0.39339917077887143,0.253,0.278,1,HSC
FMC1,0.6292370443174998,-0.7877418332233277,0.529,0.56,1,HSC
WFS1,0.6292382013368674,-0.4599797131610375,0.026,0.037,1,HSC
ATP8B3,0.6292477969560178,0.2881390012731083,0.123,0.153,1,HSC
ADAP1,0.6294025523227925,-0.5601052285457184,0.02,0.031,1,HSC
PIGU,0.6294543661392669,-0.13595020978108097,0.141,0.156,1,HSC
UBQLN3,0.6295211443214446,-1.5024463093199871,0.046,0.043,1,HSC
YOD1,0.6296820662288305,-0.2288535950157007,0.258,0.278,1,HSC
ASB13,0.6301021550188488,-0.4317840170955929,0.133,0.147,1,HSC
ANKRD12,0.63015835452842,-0.6076676042112719,0.491,0.514,1,HSC
GMCL1,0.6301740149598261,0.10002877019896343,0.304,0.275,1,HSC
SARM1,0.6304458460908342,-0.5447474581748813,0.281,0.287,1,HSC
BORA,0.6305563151667561,0.15105204610027156,0.171,0.156,1,HSC
HHLA3,0.6306281007121534,-0.2439395307529959,0.066,0.07,1,HSC
JAG1,0.6307895632227558,0.9530649867022687,0.033,0.037,1,HSC
CPNE3,0.6307922448189823,-1.5489716198620598,0.486,0.486,1,HSC
ZBP1,0.6307988326567708,-0.49583854033342156,0.023,0.024,1,HSC
EDARADD,0.6308274045951624,-0.28173518365339834,0.141,0.119,1,HSC
MTIF3,0.6308698933419442,0.5906699050855881,0.473,0.446,1,HSC
USP3,0.6309897891397945,0.4132830181394809,0.509,0.52,1,HSC
ZBTB41,0.6310154458986238,-0.21561091452452064,0.184,0.196,1,HSC
PXMP2,0.6310460943672668,-3.8755990189114797,0.189,0.232,1,HSC
ZMYM3,0.6311148200882156,-0.7737453801494603,0.657,0.685,1,HSC
SERP1,0.6311630933994145,0.4408772006559376,0.795,0.761,1,HSC
ATXN1L,0.6312005270947462,0.10879708347525108,0.225,0.229,1,HSC
ERN1,0.6312789137561929,-1.45920235635164,0.225,0.211,1,HSC
ATL1,0.6313187513958962,-0.25130755593703913,0.182,0.205,1,HSC
APOM,0.6314592511596396,0.9353404506993579,0.038,0.043,1,HSC
SNTB2,0.6315238702943247,-0.6699675905287465,0.033,0.034,1,HSC
CCDC181,0.6315895531416368,-0.7262966384710605,0.023,0.034,1,HSC
ATP5MGL,0.6316432104088776,0.15234792298705813,0.036,0.021,1,HSC
SCIMP,0.6317960946892127,-1.6640397672230152,0.018,0.018,1,HSC
TOP3A,0.6318180885740038,-0.33466301184522895,0.176,0.214,1,HSC
H2AX,0.63183182804355,-1.53918643244159,0.199,0.202,1,HSC
UHRF1,0.6320767901901494,55.46631005451032,0.082,0.073,1,HSC
ABHD5,0.6322461371729788,-0.7001581946134521,0.102,0.128,1,HSC
ARHGEF17,0.6323017322878548,-0.6480855334247904,0.284,0.26,1,HSC
MS4A2,0.6323907891247994,8.398292273115558,0.09,0.104,1,HSC
ZFHX2,0.6325090903498762,-0.28919001752459694,0.061,0.067,1,HSC
ZBTB47,0.6327632842460663,0.40694292152433365,0.059,0.043,1,HSC
PEG3,0.6328895136348596,0.6648831660992229,0.026,0.015,1,HSC
VPS35,0.632983070316528,-0.19880307088972538,0.463,0.505,1,HSC
CALM2,0.6330282849031679,4.1403043405000375,0.89,0.875,1,HSC
SH2D3C,0.6330366928172398,2.4460937334105406,0.417,0.419,1,HSC
SLC4A7,0.6331524198672647,0.18583590070624914,0.294,0.269,1,HSC
STOX1,0.6333040183341361,-0.1777822785682095,0.026,0.037,1,HSC
DOLPP1,0.6333719292883226,-0.2198046094235182,0.133,0.128,1,HSC
TSPYL1,0.6333769267660138,0.2691514654061189,0.655,0.657,1,HSC
FAM228B,0.6334904826574327,0.4838880012535558,0.417,0.45,1,HSC
CENPL,0.6335393849752204,0.2712191025808415,0.056,0.055,1,HSC
SOGA1,0.6336131883447296,-0.17582708392768348,0.309,0.352,1,HSC
SSBP3,0.6336481685863293,-0.38420460191291816,0.619,0.645,1,HSC
GAN,0.6337813731331541,-0.32097912835121667,0.13,0.15,1,HSC
STXBP2,0.6338253660690208,-0.8767565343998118,0.575,0.529,1,HSC
NFX1,0.6338928491172938,-0.4650837690338867,0.601,0.624,1,HSC
GEMIN6,0.6339213846047183,-0.24844170276107402,0.169,0.202,1,HSC
ZNF92,0.633923396670233,-0.13944911841886198,0.345,0.361,1,HSC
HINT3,0.6340684607274019,-0.21632132827337558,0.353,0.324,1,HSC
SELP,0.6342176407787341,-1.2808985363878698,0.046,0.037,1,HSC
RIMKLA,0.6342228460740656,0.12929348130682605,0.01,0.015,1,HSC
PRSS27,0.6343483983538866,0.5032249181424957,0.043,0.04,1,HSC
TDRD6,0.6343995001156391,1.241593599948656,0.01,0.006,1,HSC
TP53,0.6345966382153847,-1.2109805697102862,0.675,0.657,1,HSC
SVBP,0.6346007492659823,-0.2810718414883061,0.404,0.379,1,HSC
NUP98,0.6346882049893126,-0.47861455923305973,0.652,0.642,1,HSC
GLRB,0.6348087831587248,-0.9261961233970744,0.018,0.031,1,HSC
HMG20B,0.6348436015202084,-0.9952969588908243,0.747,0.758,1,HSC
MATCAP1,0.6348713152143614,-0.3270241658529285,0.082,0.104,1,HSC
LRRC28,0.6349220317529828,-0.2626433501467481,0.197,0.214,1,HSC
GALNT10,0.6349306779367709,-2.8958335256706333,0.307,0.294,1,HSC
SLC25A22,0.6349323843686294,-0.20400262455218687,0.087,0.101,1,HSC
DHX16,0.6349640661030894,0.6459833360810298,0.317,0.324,1,HSC
ODAD1,0.6349765648885283,3.78311687718186,0.02,0.028,1,HSC
ZDHHC14,0.6349855179929312,-6.3790828495923275,0.238,0.251,1,HSC
CACNB4,0.6352043763025558,1.1186368943560279,0.015,0.009,1,HSC
ZNF793,0.6352258879225212,-0.23649022812572218,0.174,0.19,1,HSC
SLC38A9,0.6353630716352555,0.381227434891647,0.243,0.275,1,HSC
DNAJC19,0.6354062242887543,0.10504648640774761,0.207,0.235,1,HSC
VPS18,0.6357567836360363,0.42200211538014876,0.146,0.128,1,HSC
VIP,0.6358339670511803,0.18415664811480426,0.018,0.021,1,HSC
CCDC137,0.6358555056773729,-0.17500917510162983,0.12,0.141,1,HSC
NDUFAF1,0.6358857121052973,0.15454664025173803,0.266,0.232,1,HSC
LAIR2,0.636239507930595,2.9570888504636605,0.01,0.003,1,HSC
ITCH,0.6364241746295521,1.364551899832008,0.652,0.636,1,HSC
CLIP4,0.6364976626919384,-1.2232739882703656,0.412,0.45,1,HSC
NTAN1,0.6365401469983226,-0.34171891948485833,0.161,0.177,1,HSC
SRSF6,0.6367203845879069,-0.8414667579026482,0.107,0.131,1,HSC
SETD1B,0.6368113840074259,-0.27289723834990554,0.657,0.685,1,HSC
EDEM2,0.6370704559979645,-1.3763772098168947,0.519,0.52,1,HSC
SENP8,0.6373330437157958,-0.7150284547380399,0.036,0.043,1,HSC
PINK1,0.6373734300779893,-0.47178790244719626,0.34,0.358,1,HSC
CERS5,0.6373912530820984,-0.19163599807950127,0.384,0.361,1,HSC
MSH2,0.6377939009101626,0.46255994388709354,0.494,0.492,1,HSC
ALDH2,0.6380967433888163,0.42301675638084246,0.437,0.416,1,HSC
SPINT2,0.6385051309179333,-1.5821961833322753,0.872,0.856,1,HSC
EXOSC2,0.6385071667035724,0.5103032391511322,0.23,0.202,1,HSC
NBAS,0.6385555898404285,0.3102569644975217,0.581,0.575,1,HSC
BAMBI,0.638580554797755,-0.3915532024816688,0.018,0.024,1,HSC
CDK6,0.638659250566784,-7.790319069164134,0.913,0.911,1,HSC
UBC,0.6387100391323756,-0.14759661548755465,0.343,0.379,1,HSC
CCAR2,0.6389250356567631,-0.22158263118325972,0.486,0.474,1,HSC
STAC3,0.638948026253796,-0.27682795669766813,0.069,0.067,1,HSC
MED16,0.6390943088059525,-0.11804464278875448,0.171,0.193,1,HSC
TMEM181,0.6391058067739019,-0.5242128603241561,0.389,0.361,1,HSC
TIMM50,0.6391227143536119,-0.1147164738022815,0.263,0.278,1,HSC
PILRB,0.6392017634033949,-1.1056317606897395,0.775,0.786,1,HSC
MYO9A,0.6392110591745217,-0.11847896771696376,0.455,0.465,1,HSC
ATF7,0.639322825923447,-0.529659654046579,0.483,0.517,1,HSC
C6orf62,0.6394835960440466,-0.21620964944565513,0.601,0.59,1,HSC
IRF8,0.6396897073215421,-6.025593374152702,0.143,0.128,1,HSC
APPL2,0.6397433183151232,-0.5764025579421064,0.312,0.303,1,HSC
GMDS,0.6398312816433532,0.7801250343470926,0.402,0.437,1,HSC
HDGFL3,0.6399600705302012,-0.3824031025360686,0.547,0.575,1,HSC
AFF4,0.6400199480298654,-0.20246393076142755,0.532,0.523,1,HSC
LY86,0.640087298044501,0.41800463305347346,0.061,0.046,1,HSC
TMEM223,0.6403139645326544,-0.3216513307003792,0.082,0.095,1,HSC
ATP5PB,0.6403735965757746,-0.3713851024907706,0.691,0.67,1,HSC
SPRTN,0.6404390264844708,-0.24291913720638958,0.151,0.128,1,HSC
BEX3,0.6405561200582094,-1.8647462932573617,0.767,0.78,1,HSC
FAM200B,0.6406847199957533,0.19838265392195117,0.327,0.339,1,HSC
UNC119B,0.6408536950855572,-0.35022270614433326,0.517,0.554,1,HSC
TMEM165,0.6408540396066941,-0.13899943384418156,0.547,0.563,1,HSC
ENTPD4,0.6408775807332795,0.3435171884597454,0.338,0.312,1,HSC
PHC1,0.6410561989611262,-1.6248505641307958,0.588,0.587,1,HSC
LMLN,0.6411387345417542,-0.41385551651986185,0.031,0.024,1,HSC
PAIP1,0.6412308198863136,-0.3603969912123424,0.34,0.339,1,HSC
EXOC5,0.6412937657296035,0.4792202770907117,0.488,0.483,1,HSC
FBXL20,0.6413545457805625,0.34781140197640026,0.407,0.404,1,HSC
FHIT,0.6414776829134287,-0.10357563702948719,0.217,0.196,1,HSC
PIAS1,0.6415844903255754,-0.19092326013219796,0.512,0.505,1,HSC
TWSG1,0.6415961090200146,-0.15331808246034861,0.481,0.514,1,HSC
QARS1,0.6417703066715466,-1.1925153033732272,0.936,0.92,1,HSC
RWDD2B,0.6417763877052699,0.16863126639651438,0.189,0.156,1,HSC
RAB29,0.6418576049875742,-0.4485066475507967,0.159,0.131,1,HSC
COPS9,0.6419321989549206,0.33393424938516847,0.192,0.177,1,HSC
ENO2,0.6419458608355273,0.3454225853012779,0.304,0.339,1,HSC
MTERF4,0.642634943616274,0.7306316237701211,0.573,0.544,1,HSC
MINDY1,0.6427136809442625,-0.37222246996410696,0.251,0.269,1,HSC
ING5,0.6427246202552405,0.30580397889754973,0.284,0.275,1,HSC
EAF1,0.6427460361643329,0.22813264666877722,0.297,0.281,1,HSC
VGLL4,0.6427909043597687,0.289984664201528,0.189,0.15,1,HSC
CHCHD10,0.64286887604847065,0.6648831660992229,0.026,0.015,1,HSC
TRIM23,0.6431102572761087,0.3249572372591144,0.228,0.248,1,HSC
FRS2,0.6432977826059146,-0.23954590649097557,0.23,0.245,1,HSC
DPH7,0.6433428144192934,-0.1997293562368514,0.33,0.318,1,HSC
DYNLL1,0.6434400299417257,0.3793556833961791,0.061,0.049,1,HSC
RNF7,0.6438283363603202,-1.4894475318359959,0.793,0.768,1,HSC
RIPOR2,0.6438520545467903,-0.7281386322101042,0.66,0.682,1,HSC
WBP1,0.6438710437140481,1.098442502991781,0.642,0.606,1,HSC
ACAP1,0.6440447218613385,1.084104996982047,0.78,0.804,1,HSC
ZNF765,0.6443020615648345,0.8432934645115469,0.235,0.214,1,HSC
ZFYVE16,0.6445956523448315,-0.13840406387946758,0.284,0.303,1,HSC
ZPR1,0.6446349328628339,-0.3810654522330942,0.304,0.327,1,HSC
CARMIL1,0.6446859785483887,0.5211723429796847,0.261,0.242,1,HSC
BAG3,0.6447110404404042,-0.5459339380103243,0.023,0.028,1,HSC
WDR81,0.6447310285538138,-0.14871073412275027,0.184,0.174,1,HSC
MFSD6,0.6447723679241798,1.0755707399677816,0.506,0.459,1,HSC
XK,0.644823488167056,-1.248582019908973,0.023,0.034,1,HSC
DTNBP1,0.6449627252220892,0.5894779432599653,0.373,0.346,1,HSC
MFSD13A,0.6453320986361625,-0.23450609966974367,0.082,0.073,1,HSC
MORN2,0.6453509193079138,-0.44547903188329757,0.207,0.232,1,HSC
ACADS,0.6453617264140469,0.34481224522833,0.123,0.116,1,HSC
WIPF2,0.6455251750528462,-0.10129479859470616,0.358,0.324,1,HSC
UNC5C,0.6458175548403947,0.3821421766639208,0.013,0.009,1,HSC
MAN1A2,0.6458414682429279,-0.16980335461839058,0.478,0.465,1,HSC
TMEM170A,0.6459781418409976,1.4303020443680365,0.384,0.391,1,HSC
FBXO43,0.646024406548124,-3.6456765109512945,0.008,0.012,1,HSC
MFNG,0.6463779448792639,0.34589177744605903,0.532,0.541,1,HSC
PTGIR,0.6464341391288896,0.3821421766639208,0.013,0.009,1,HSC
ZNF211,0.6464386500685746,-0.32303732802779556,0.23,0.229,1,HSC
TBKBP1,0.6465405641270086,0.5668882741752254,0.279,0.26,1,HSC
TIMM17A,0.6467130814669125,-0.3521763468396417,0.379,0.382,1,HSC
RTN4R,0.6468361332180774,0.16192084204056645,0.046,0.049,1,HSC
REXO4,0.6468658525252129,0.2983782491251512,0.465,0.44,1,HSC
UBALD2,0.6469129753755776,0.20420553036843603,0.133,0.116,1,HSC
APOE,0.6469504664395781,5.961216211532811,0.015,0.009,1,HSC
ETF1,0.646965801011034,-0.34419566877024055,0.12,0.138,1,HSC
SLC36A4,0.6469708273519196,0.24271715399532776,0.24,0.211,1,HSC
ZNF287,0.6472757530848572,-0.1055734302812743,0.087,0.083,1,HSC
AFF3,0.6473286210507823,0.548322977954258,0.235,0.214,1,HSC
CD14,0.647397970375597,-2.809631142763584,0.043,0.046,1,HSC
AAK1,0.6473989132309461,0.47069394041740376,0.32,0.327,1,HSC
SLC35C1,0.6474495115545637,0.28720693969690836,0.107,0.107,1,HSC
BBS2,0.6474838866349836,-0.22310819426495362,0.292,0.278,1,HSC
TMEM161B,0.6475848580528473,0.10738106193733898,0.248,0.223,1,HSC
GPI,0.6476580486072266,0.10408831524754303,0.345,0.312,1,HSC
ZC3H15,0.6479052267967097,0.5117464255057023,0.734,0.743,1,HSC
AK6,0.6480086192953849,-0.3319185507172687,0.332,0.367,1,HSC
THAP11,0.6482603483099345,-0.12458671983166925,0.391,0.364,1,HSC
C1R,0.6482710941437282,-0.39813615387069423,0.128,0.144,1,HSC
AKR1E2,0.6485568475513703,0.361727914692465,0.1,0.08,1,HSC
AMH,0.6486781735541965,-0.6508413567111426,0.023,0.037,1,HSC
OR2L2,0.6487061561423757,0.8463709457208668,0.033,0.021,1,HSC
FGD5,0.6487894348613197,0.421898019047724,0.22,0.199,1,HSC
LRP8,0.6489099684860602,-0.7443897477960156,0.199,0.232,1,HSC
CNN2,0.6489373558904771,6.1845015855734555,0.754,0.749,1,HSC
B4GALT4,0.6489563518713445,0.44820237795923856,0.161,0.165,1,HSC
SENP2,0.6489822257217854,0.20634130745449264,0.486,0.498,1,HSC
PTK2,0.6490111998937245,0.3967850156972599,0.077,0.08,1,HSC
PCDHB2,0.6490267064928411,0.2015629354595374,0.008,0.012,1,HSC
PRPSAP2,0.6490801442049619,-0.3120635043842228,0.409,0.437,1,HSC
HPGDS,0.6491343299259639,8.398290250438286,0.514,0.547,1,HSC
FXR1,0.6491527085263077,-0.3684811975232014,0.588,0.606,1,HSC
KLF12,0.6494027809109226,-0.19846715435007045,0.453,0.413,1,HSC
DUSP28,0.6494583374317544,0.1920628888846454,0.09,0.08,1,HSC
MMP2,0.6494822021900889,-2.381606859160481,0.164,0.187,1,HSC
TTC1,0.6495008167911923,-0.12265872199645234,0.435,0.474,1,HSC
SLK,0.6495508967860459,-0.46559786326445307,0.598,0.624,1,HSC
JOSD1,0.649677426040935,0.26113270548667555,0.396,0.428,1,HSC
AEBP1,0.6497917465657447,-1.7689085041369133,0.266,0.248,1,HSC
DKC1,0.6501264107435688,0.9238366156413331,0.678,0.691,1,HSC
QRICH1,0.65020556814753006,0.8371854905067502,0.67,0.633,1,HSC
KMT2A,0.6502227583937569,-0.8618203914042972,0.716,0.694,1,HSC
TRDMT1,0.6502697534595003,0.10044557104378549,0.366,0.336,1,HSC
SLC38A10,0.6503415119726861,-0.8198410011306732,0.552,0.566,1,HSC
NFKBIE,0.650434988928004,0.13910988967818838,0.153,0.159,1,HSC
MEF2C,0.6505067945466644,-0.12693334824445124,0.509,0.538,1,HSC
ZDHHC12,0.6505294871413252,-0.3741026803120133,0.141,0.159,1,HSC
PRAF2,0.6505384301738308,0.36592410482048954,0.294,0.321,1,HSC
ITPA,0.6506551909712116,-0.3820102849092523,0.307,0.336,1,HSC
MAP3K8,0.650663879713489,-7.113885267083257,0.46,0.492,1,HSC
COPS4,0.650691703008224,-0.709872421872402,0.46,0.477,1,HSC
AGPAT2,0.650815489288019,0.24846748452579048,0.366,0.394,1,HSC
OAF,0.6508914318063314,1.0480848997794787,0.297,0.266,1,HSC
ZNF99,0.650996314869877,-0.6130921406295924,0.008,0.012,1,HSC
RAB15,0.6511428590197416,0.7356857712064397,0.043,0.055,1,HSC
CLDN12,0.651196836294057,-0.31085247541299577,0.046,0.058,1,HSC
SPIN1,0.6513093088657168,-0.25704991949702816,0.775,0.74,1,HSC
TOB2,0.6514262688418868,-0.19314607695720443,0.192,0.22,1,HSC
TAS2R4,0.6514896646002617,0.16590325129930794,0.176,0.147,1,HSC
ARHGEF35,0.6515018805628033,1.2659747167286266,0.018,0.009,1,HSC
PRPF40B,0.6515234797623403,0.13105497608913375,0.064,0.055,1,HSC
MAP3K2,0.6515724628760173,0.2559438068426585,0.442,0.41,1,HSC
CHRAC1,0.6515866736880407,0.40332458603934773,0.381,0.373,1,HSC
EIF1AX,0.6516984441224144,-0.531364260777468,0.023,0.034,1,HSC
PTAFR,0.6517354141062719,-1.356076927789877,0.113,0.128,1,HSC
KIF4A,0.6517864388374216,-0.19476808271392088,0.015,0.009,1,HSC
CLCN7,0.6518198680069429,-0.2921776547390871,0.588,0.569,1,HSC
TRPC1,0.6518507825626041,-0.5974895006982961,0.056,0.073,1,HSC
FAM200C,0.6519422762762233,0.27855493792824326,0.074,0.061,1,HSC
NDFIP2,0.6520302585611468,-1.0948605373772344,0.038,0.037,1,HSC
CYB5A,0.6520386500328966,0.351137535605041,0.125,0.138,1,HSC
ZNF320,0.6520874696657776,-0.13118807498052076,0.159,0.18,1,HSC
CCDC183,0.652155167519834,1.0648132055242598,0.038,0.046,1,HSC
CYP2C8,0.6522542981020716,0.5334640917158122,0.043,0.031,1,HSC
UBXN2A,0.652277827277493,-0.5521377529281095,0.376,0.37,1,HSC
MUS81,0.6523361764483213,-0.28166078224545155,0.297,0.321,1,HSC
RCOR3,0.6523374438879986,0.5688838754283219,0.737,0.719,1,HSC
CLIP2,0.652362051751243,-2.8149486643339063,0.532,0.547,1,HSC
BRD7,0.652487503425613,-0.6915767243774629,0.624,0.615,1,HSC
ANXA6,0.6527573650792446,2.3694973785866082,0.801,0.777,1,HSC
C4orf36,0.6531026203034328,0.8544221468325608,0.013,0.006,1,HSC
ZSCAN9,0.6533403238343322,0.12479991488459569,0.335,0.315,1,HSC
MOB1B,0.6534391063063413,0.14798554310586928,0.304,0.278,1,HSC
VAMP8,0.6536360532085181,-1.059019456757845,0.962,0.948,1,HSC
SFMBT1,0.6537944253966126,0.362820531036808,0.028,0.018,1,HSC
ROPN1L,0.6539201940674715,0.2646728245548866,0.015,0.012,1,HSC
FAM184A,0.6539238940107495,-0.7771847207999327,0.02,0.028,1,HSC
NR4A1,0.6540343107513311,0.6234261869639792,0.049,0.04,1,HSC
TMEM41A,0.6540411333666538,-0.5403304700424443,0.097,0.116,1,HSC
P3H4,0.6545701268141151,-0.3434294664504618,0.061,0.08,1,HSC
BRD1,0.6545975772399183,-0.10425859948612448,0.66,0.642,1,HSC
MPEG1,0.6546987484915525,-4.9677613989203575,0.079,0.08,1,HSC
BCL7B,0.6552156261646814,0.5035027650515309,0.43,0.425,1,HSC
ZBTB44,0.6553195823947906,0.8404640514845654,0.696,0.7,1,HSC
SEPHS1,0.6554571430570405,-0.6802499240836936,0.33,0.327,1,HSC
PSMC6,0.6554961888784065,1.7671396573002138,0.501,0.486,1,HSC
RAPGEF1,0.655547656284179,-0.29619368449432293,0.251,0.272,1,HSC
SNX16,0.6555596176388071,0.34636340486813105,0.276,0.303,1,HSC
MDGA1,0.6556653381451445,-0.8978981202824601,0.008,0.015,1,HSC
PRPF40A,0.6557305065093454,1.1996767041105851,0.783,0.758,1,HSC
PPP2CB,0.6557707621459273,0.19511323420293714,0.074,0.076,1,HSC
PCDHGB2,0.6558131420345299,-0.46193107523861343,0.015,0.021,1,HSC
GPBP1,0.6559425594953003,0.6069587374594558,0.852,0.856,1,HSC
TMBIM6,0.6559812193396396,-0.8490197433899489,0.619,0.615,1,HSC
NOPCHAP1,0.6560910227024584,0.14763173208472158,0.225,0.242,1,HSC
MBTD1,0.6561377552686413,-0.23234307216479522,0.68,0.651,1,HSC
PPIL3,0.6561463311100579,-0.5273554767191118,0.555,0.587,1,HSC
PLXNA3,0.6562313143589984,0.3786691879079813,0.118,0.089,1,HSC
TMEM272,0.656312098577399,-0.5956272538815908,0.018,0.028,1,HSC
ZNF324,0.6564533734330275,0.5154671229056145,0.153,0.125,1,HSC
IKZF4,0.6565745958751443,0.2654589403556651,0.074,0.061,1,HSC
CLNS1A,0.656663147432853,-0.289342789109452,0.68,0.673,1,HSC
PLPP5,0.6566804822203245,0.5964818590316859,0.414,0.379,1,HSC
FAM241A,0.6568996314431604,-0.8322145533757545,0.269,0.3,1,HSC
ANKRD33B,0.6569106183831416,-0.3273912289441081,0.171,0.196,1,HSC
PALM,0.6570214614281777,-0.946396868431427,0.143,0.168,1,HSC
C17orf58,0.6571594604749715,-0.23771665576892786,0.043,0.043,1,HSC
ZNF575,0.6571656392266725,-0.15930960549371065,0.051,0.064,1,HSC
LPCAT1,0.657239324145764,2.5361220574946493,0.468,0.446,1,HSC
TTN,0.6576004125761747,-0.3444617297951089,0.064,0.07,1,HSC
TDRD1,0.6577081320785307,0.4513196406394968,0.018,0.009,1,HSC
WDR44,0.6577267747806124,0.3570751142238139,0.33,0.297,1,HSC
MMP14,0.6578476845839538,0.5696161671796931,0.01,0.006,1,HSC
MFSD2B,0.6579191901409054,0.33467905636286743,0.095,0.107,1,HSC
OR2AK2,0.6579697675526295,0.46872592798423085,0.018,0.012,1,HSC
DNPEP,0.6580548972777567,1.2781891695009802,0.407,0.379,1,HSC
ZNF251,0.6581636404157014,0.5273945823453443,0.343,0.321,1,HSC
ZKSCAN8,0.6582055170016046,-0.5146237441050936,0.453,0.483,1,HSC
TAF6,0.658383226172373,0.344216442083497,0.276,0.287,1,HSC
NVL,0.6584078998831804,0.21460281917999469,0.274,0.232,1,HSC
CRLF3,0.658429560862986,-0.2728737183366525,0.514,0.544,1,HSC
AGRN,0.6584965089968312,0.3821421766639208,0.013,0.009,1,HSC
ARHGAP33,0.6585540035688326,0.3768778959237178,0.123,0.116,1,HSC
LRPPRC,0.6585701573722585,1.15423174189418,0.77,0.743,1,HSC
KIF27,0.6585764163526305,-0.26208017192692745,0.243,0.272,1,HSC
VAMP7,0.6587298153509523,0.3644063790747718,0.527,0.486,1,HSC
TARS2,0.6587345500535494,0.12530318631652276,0.299,0.306,1,HSC
MYO1D,0.6590017344195497,-0.15882007728477365,0.097,0.098,1,HSC
MRC2,0.6592516159776332,-0.6833048790901202,0.082,0.095,1,HSC
HBP1,0.6592694160336433,-2.6921671079259926,0.665,0.688,1,HSC
SZRD1,0.6592767618705991,-0.2840744546640097,0.583,0.554,1,HSC
FBXL4,0.6596171897205806,0.27261256604866857,0.414,0.425,1,HSC
SLC25A39,0.6598111145442577,-1.014112496439903,0.471,0.453,1,HSC
HYAL3,0.6598353900616922,-0.24238139337801012,0.113,0.116,1,HSC
USP6,0.6598798345678126,1.044435778580703,0.02,0.012,1,HSC
DNAAF4,0.6600375946460323,-0.4216488646351555,0.084,0.104,1,HSC
RBPMS,0.6601048198934436,-0.36757986446102775,0.445,0.422,1,HSC
MID2,0.6601244543212307,-0.432512899425209,0.013,0.009,1,HSC
SAFB,0.6603074439328991,-1.9105687312918853,0.849,0.832,1,HSC
NFIA,0.6603621108610915,-5.77141113727853,0.22,0.226,1,HSC
E2F1,0.6603971584094229,-4.343401546685696,0.033,0.04,1,HSC
WHAMM,0.6606228684850036,0.3603987749788575,0.22,0.205,1,HSC
BRPF3,0.660816228062594,-0.22455767350354905,0.194,0.193,1,HSC
CIAO2A,0.6608229251775944,0.6384897346377141,0.501,0.535,1,HSC
COPS3,0.660896372461042,-1.766980205556596,0.598,0.615,1,HSC
BANP,0.6611017522531253,0.1549068645684204,0.064,0.061,1,HSC
NAT1,0.6611328139049805,-0.1999841186313125,0.072,0.083,1,HSC
SPATA13,0.6612075911151818,0.14099593455933285,0.286,0.284,1,HSC
MEPCE,0.6614306389664825,-0.45890022083163906,0.522,0.535,1,HSC
H2AC6,0.6614621626758097,0.35375472634358784,0.064,0.052,1,HSC
MTHFD1L,0.6614753278151034,0.19533314624688802,0.133,0.147,1,HSC
DOHH,0.6616655678484297,0.27287571695635204,0.143,0.119,1,HSC
CAB39L,0.661818734758351,-0.4046269710356132,0.056,0.076,1,HSC
DYRK4,0.6621684481646763,-0.14413233471444564,0.182,0.187,1,HSC
TNFSF12,0.6622463700391318,0.7433103187304642,0.164,0.159,1,HSC
COG6,0.6622592391731135,0.17108014822285167,0.1,0.113,1,HSC
BRF2,0.6623031267878934,-0.23020325117798124,0.22,0.248,1,HSC
NUBP1,0.6626751685353929,-0.20568133657940552,0.228,0.211,1,HSC
RSRC1,0.6626797070929172,-1.1023071214410303,0.504,0.471,1,HSC
SLC4A5,0.6626896308189765,-0.415704547277572,0.036,0.049,1,HSC
NDUFB2,0.6627318618199136,-0.3094877375293095,0.312,0.339,1,HSC
CLDN15,0.6628070772497137,-0.8312219849678721,0.384,0.419,1,HSC
MOB1A,0.6628087853711044,-0.2386911851683694,0.427,0.459,1,HSC
PDLIM1,0.6629103956306206,0.3629842641790737,0.33,0.315,1,HSC
NTMT1,0.6629471604277888,-0.8216153715788616,0.12,0.147,1,HSC
FARP2,0.6630672015008423,0.2961032456970327,0.143,0.131,1,HSC
CNOT9,0.6632218600546457,1.322086621843674,0.509,0.535,1,HSC
SURF4,0.6632794298925192,2.219569190177133,0.399,0.437,1,HSC
TMEM203,0.6635007313517715,0.5690895103246516,0.1,0.092,1,HSC
DDAH2,0.6635948367326487,1.0783652589164667,0.821,0.823,1,HSC
RADIL,0.6636007468866226,0.5696161671796931,0.01,0.006,1,HSC
BEX4,0.6637213014453434,2.1102681645915196,0.862,0.884,1,HSC
PHTF1,0.6637478172019152,0.22953108359915342,0.427,0.41,1,HSC
FRMD4B,0.6637943083373922,0.14538428978783313,0.307,0.294,1,HSC
C9orf85,0.6638460319760126,0.2507465355464284,0.312,0.336,1,HSC
SATB1,0.6638973871752099,-9.097326144985573,0.939,0.917,1,HSC
SIPA1L1,0.6639771016976082,0.6567671157209352,0.092,0.07,1,HSC
CFAP43,0.6640104295632886,1.6907891063055205,0.031,0.018,1,HSC
CEPT1,0.6640462377545966,0.25691481608868605,0.532,0.514,1,HSC
PALB2,0.664114536876466,-0.2380772675272247,0.123,0.147,1,HSC
SPOUT1,0.664169875210652,0.3307587627845159,0.271,0.263,1,HSC
STIMATE,0.6642047508223519,-2.6968811154950663,0.381,0.343,1,HSC
PRR5L,0.6642714383790581,0.4951526954665027,0.107,0.089,1,HSC
OGFOD3,0.6642787308319382,0.868829375919593,0.253,0.275,1,HSC
TP53BP2,0.6648376429796521,0.416380685139774,0.412,0.382,1,HSC
B3GALNT1,0.6650931164243683,-0.18600301909754036,0.13,0.138,1,HSC
PPP1R35,0.6651062451116562,0.2704289244715954,0.512,0.498,1,HSC
HTRA3,0.6651235622362335,0.7797542506156319,0.031,0.043,1,HSC
EEF1AKMT1,0.6651329087232324,0.41410307404405433,0.118,0.119,1,HSC
ANAPC5,0.6654426880781299,-1.0668183030812228,0.79,0.786,1,HSC
MEF2A,0.6654888939348669,-4.19925470083463,0.435,0.394,1,HSC
LRRC58,0.6655202993264417,-0.8561192720995185,0.35,0.343,1,HSC
TRAPPC13,0.6657462779201583,-0.45243690248524976,0.23,0.226,1,HSC
TRABD2A,0.6659316971581423,2.107493235268987,0.038,0.037,1,HSC
SLC16A9,0.6659498461640104,-0.48076145198952114,0.028,0.018,1,HSC
PPP1CA,0.665989831480957,0.2170018419257791,0.609,0.569,1,HSC
CYTH4,0.6659959766564785,-1.4438787872036105,0.335,0.309,1,HSC
STK19,0.6660771384807262,0.4261883713830276,0.225,0.239,1,HSC
NIFK,0.6661427046191792,-0.1929747287688679,0.519,0.56,1,HSC
HSPA1B,0.6662223595581752,-0.17719330461546257,0.55,0.523,1,HSC
MYD88,0.6662867680651937,-2.6634269027231023,0.532,0.502,1,HSC
LOX,0.6666090825014044,3.720091493527673,0.217,0.196,1,HSC
CRTC2,0.6666640129498262,0.7269839887146001,0.448,0.459,1,HSC
NT5C3A,0.666786655708895,0.35329179645716646,0.537,0.572,1,HSC
VAV3,0.6667986357340784,1.081134111589841,0.547,0.569,1,HSC
KIAA0040,0.6668190949642818,0.34976288450801074,0.123,0.101,1,HSC
PPM1H,0.66699291642619,2.6871421283095236,0.465,0.495,1,HSC
CHD3,0.6672292226931577,-0.36093847921918787,0.844,0.835,1,HSC
RXFP1,0.6672654932304719,0.5437710895416155,0.092,0.08,1,HSC
RNF216,0.6672754492993964,0.2740253306621089,0.199,0.177,1,HSC
STX7,0.6673567082440927,0.48571014961531356,0.591,0.584,1,HSC
ZNF652,0.6674519435184731,-0.15915944976484442,0.389,0.388,1,HSC
TMEM167B,0.6676614407414017,1.1780181931480134,0.494,0.517,1,HSC
XPA,0.667723899581196,0.41765807525359255,0.476,0.459,1,HSC
ST8SIA1,0.6677306969580828,2.4952911555491832,0.01,0.006,1,HSC
RBM7,0.6678351654831575,-0.16335089213943754,0.425,0.446,1,HSC
CINP,0.6679740690448325,0.7682182058462367,0.233,0.217,1,HSC
RCBTB2,0.6680991565322835,0.22142128495469304,0.077,0.064,1,HSC
ALPK1,0.6681759430819556,-0.16268429550601982,0.21,0.232,1,HSC
ADAT1,0.6681875895562113,0.26781159191789067,0.284,0.287,1,HSC
SAMD4B,0.6682527956156044,0.39301230569976686,0.373,0.382,1,HSC
COX4I1,0.6684789527305245,-0.6043324646824164,0.898,0.902,1,HSC
ARHGAP17,0.6684814793972013,-0.5511153706286929,0.555,0.535,1,HSC
KARS1,0.6686072867631905,-0.4702512046366083,0.524,0.55,1,HSC
CBL,0.668613127861898,0.31888451472143453,0.276,0.281,1,HSC
SNAPC3,0.6687163237743579,-0.3135948998449414,0.591,0.563,1,HSC
KIFAP3,0.6688465918317608,0.19715815656208924,0.348,0.379,1,HSC
GINS4,0.6689090621052148,0.6066893080413935,0.038,0.037,1,HSC
TSGA10,0.6689410853812637,0.5555903390836368,0.11,0.086,1,HSC
SPCS3,0.6690314405482225,0.42437889936202433,0.639,0.609,1,HSC
PAPOLG,0.669244971304754,0.6465869540338445,0.394,0.367,1,HSC
MSI2,0.669349885196475,2.8948165840440865,0.916,0.933,1,HSC
PYGL,0.6695955995583492,1.0202670533667726,0.376,0.41,1,HSC
ATXN2,0.6696985017818845,0.9835554087081273,0.693,0.713,1,HSC
NPAT,0.6697067127424308,-0.17227775038535947,0.266,0.291,1,HSC
MESD,0.6698823132701929,0.17338177277813027,0.361,0.376,1,HSC
TRMT13,0.6700428437451512,0.45278097340699447,0.389,0.367,1,HSC
PIGX,0.6700676159744839,1.8614471089025686,0.24,0.251,1,HSC
MKRN1,0.6700971407655086,0.18822337579987947,0.417,0.443,1,HSC
DNAJC13,0.6701605448798927,-0.13957977197801852,0.509,0.505,1,HSC
PFKFB4,0.6703111655322112,-0.4276792297803209,0.046,0.064,1,HSC
CRISPLD2,0.6703684053430735,-1.5520801813293725,0.013,0.009,1,HSC
BCAS2,0.6704186224707985,0.2131057862730474,0.261,0.275,1,HSC
ABCB6,0.6705896086159263,1.5563248675931574,0.141,0.162,1,HSC
PRKCD,0.6706823628804398,3.104686571689949,0.153,0.131,1,HSC
RASAL3,0.670710305457512,-0.47550262264624177,0.614,0.593,1,HSC
HECTD3,0.6708524749197272,0.4102140330374171,0.279,0.275,1,HSC
TMEM107,0.6710659724340676,0.2250654598678299,0.11,0.095,1,HSC
GABARAP,0.6713919877174085,-1.2081913068731662,0.872,0.884,1,HSC
NIPA1,0.6715479550207218,0.5429144251216403,0.179,0.162,1,HSC
BICDL1,0.6715920475837853,0.23801545144954117,0.046,0.04,1,HSC
ZNF658,0.6716735741656981,-0.5016032980054952,0.033,0.049,1,HSC
MRTFA,0.6717411161855449,0.5413322774714178,0.547,0.575,1,HSC
ID2,0.6717432706991708,7.356958679646002,0.164,0.15,1,HSC
FNDC10,0.6719196851168688,-0.49583854033342156,0.023,0.024,1,HSC
ZNF573,0.6719734128017556,-0.31352916571021855,0.281,0.278,1,HSC
N4BP1,0.6720262145833219,-0.26388070657137574,0.414,0.419,1,HSC
RANBP10,0.6720658673446195,0.24313663309673994,0.197,0.168,1,HSC
ZNF222,0.6721232912611981,-0.5458005066999152,0.033,0.049,1,HSC
ALPK3,0.6721908693132778,1.241593599948656,0.01,0.006,1,HSC
CHIC2,0.6722571583856845,-0.4618129517195153,0.685,0.719,1,HSC
ZC2HC1C,0.6723791355087336,-0.1272957220893387,0.013,0.021,1,HSC
HSF1,0.6724739310078244,0.37789864788202054,0.637,0.667,1,HSC
RAB2A,0.6725258373597854,-0.3320687494678989,0.767,0.737,1,HSC
REEP3,0.672617069451885,-0.24504631679952138,0.143,0.171,1,HSC
MVB12B,0.6727878564916129,0.29876813776078026,0.164,0.174,1,HSC
GBP3,0.6729024142525031,-0.31071689854168766,0.23,0.257,1,HSC
PLEKHF1,0.67305377924609755,0.33736999782091726,0.054,0.043,1,HSC
KDM6B,0.673208037339362,-0.5538502447424545,0.368,0.385,1,HSC
CYB5R3,0.6732737891959436,-0.27533743306684944,0.777,0.749,1,HSC
IL10RB,0.6734603787871358,0.4939590273434593,0.473,0.477,1,HSC
FAM216A,0.6734647464232112,-0.6925126870184708,0.529,0.514,1,HSC
TFB1M,0.6736080756860793,0.2420575945653748,0.35,0.339,1,HSC
DNAH1,0.6736934563528763,-0.24668293721116008,0.143,0.153,1,HSC
SRSF7,0.6737164668365273,-0.16674217170897765,0.476,0.443,1,HSC
GIGYF1,0.6737766994971046,0.30472324140530604,0.555,0.535,1,HSC
EAF2,0.6738789580979665,-0.9818654274413565,0.54,0.554,1,HSC
ATF5,0.6740148629135944,-0.5034205453535712,0.143,0.168,1,HSC
TRIM8,0.6740607064162053,0.6147768342970363,0.512,0.498,1,HSC
ZNF431,0.6742515388723107,-0.29340369225331653,0.02,0.034,1,HSC
DBR1,0.6745556464590109,-0.17454800937271286,0.366,0.355,1,HSC
ENSG00000170846,0.6745831340053493,0.5456322188560472,0.141,0.122,1,HSC
MEFV,0.6747698274444227,-4.602482029870103,0.01,0.015,1,HSC
CNOT2,0.6748528961380871,0.5059993819104109,0.675,0.648,1,HSC
KIF21A,0.67499128289529,0.29774328294059016,0.038,0.034,1,HSC
SPIDR,0.6750189618458352,0.643448409887793,0.309,0.3,1,HSC
CNPY2,0.6751308444003635,-1.456873815069727,0.512,0.508,1,HSC
ACAT2,0.675152037767234,1.3450642162127826,0.292,0.269,1,HSC
LIX1L,0.6752205605361875,-0.5183682135221526,0.678,0.691,1,HSC
EEF1AKMT4,0.6755468158251783,0.13466529649814651,0.107,0.095,1,HSC
NEMP1,0.6755672018841995,-0.17878536729250832,0.215,0.235,1,HSC
SHFL,0.6757046641934308,0.6413228399105941,0.355,0.379,1,HSC
EMP1,0.6758366855345204,5.920222545202456,0.304,0.306,1,HSC
ILKAP,0.6760588021987385,-0.1089937398595604,0.325,0.355,1,HSC
SUV39H2,0.6760849506343641,-0.49882607452987227,0.179,0.205,1,HSC
ABR,0.6761819202614389,0.4504719671581621,0.205,0.208,1,HSC
PMM2,0.6762824899356384,0.465652751329926,0.286,0.284,1,HSC
HEBP1,0.6763772591182231,1.7532906832766193,0.46,0.483,1,HSC
ENY2,0.6764505438449129,-0.26367814191640493,0.66,0.682,1,HSC
INPP4A,0.6766163213542348,-0.4637164872073163,0.361,0.382,1,HSC
GPAM,0.6767651160806345,0.25460514852079275,0.118,0.113,1,HSC
CHN2,0.6770264254455394,0.5831695619793011,0.033,0.021,1,HSC
UCKL1,0.6775745217294517,-0.853418447428145,0.404,0.379,1,HSC
RAE1,0.6775805417224599,-0.3775099346398557,0.363,0.379,1,HSC
ACCS,0.6776141267783319,-0.17636149765298037,0.13,0.138,1,HSC
TP53I11,0.6776386280578519,0.3962900458126617,0.084,0.067,1,HSC
FAM117A,0.6776495581843732,-5.1995446178667954,0.867,0.893,1,HSC
TMTC4,0.6777310130261034,0.10069280164839811,0.199,0.199,1,HSC
SLC25A30,0.6777803232787086,-0.7650810591365454,0.269,0.272,1,HSC
PNPLA6,0.677828451519773,0.2664694935833032,0.381,0.358,1,HSC
HILPDA,0.6779354021619183,-0.46771192198507694,0.113,0.131,1,HSC
CAPN12,0.6781640131705813,0.8463709457208668,0.033,0.021,1,HSC
HM13,0.6781839053445681,0.12895405382885983,0.68,0.697,1,HSC
CTIF,0.6782906042885168,-0.19942157505725544,0.146,0.174,1,HSC
HEXB,0.6787931568133767,0.23092317529556855,0.315,0.309,1,HSC
NCBP1,0.6788900185681479,0.6864934955411612,0.437,0.462,1,HSC
COA7,0.6789057593934255,0.19571497272514993,0.12,0.101,1,HSC
PER2,0.6789624819491668,0.30062772743726884,0.153,0.138,1,HSC
NMT1,0.6790744494934664,1.1022790620107932,0.586,0.557,1,HSC
NCALD,0.6791102605949012,1.0524920998425893,0.105,0.089,1,HSC
COQ5,0.6791381919539109,-0.3184903179135037,0.335,0.355,1,HSC
GBP1,0.6792967192034967,-0.5176676453640576,0.105,0.089,1,HSC
ZNF44,0.6793515410134564,-0.4119334051868615,0.343,0.309,1,HSC
CCNE2,0.6796144382187536,0.5552694610566933,0.054,0.043,1,HSC
NCOR1,0.6796293179264221,0.14247622208611066,0.79,0.817,1,HSC
ANAPC7,0.6797476484882048,0.36101175264610097,0.55,0.526,1,HSC
SLC15A3,0.6799086037457727,-0.6406670362700257,0.015,0.024,1,HSC
IRF7,0.6801896752741303,-0.41466807422241825,0.223,0.229,1,HSC
PPP1R3B,0.680290495951597,0.1856217615734852,0.138,0.165,1,HSC
UFL1,0.6803718008762281,0.4250580012323991,0.192,0.196,1,HSC
TRIM14,0.6805385160901105,-0.1534946266778332,0.353,0.398,1,HSC
EZH2,0.6805596437737131,-1.3742552886556947,0.391,0.391,1,HSC
MED24,0.6805749245350339,-0.7183877107257464,0.517,0.505,1,HSC
FAIM,0.6807031302367085,-0.27960207255917147,0.317,0.3,1,HSC
ZNF185,0.6809083407842977,0.3014911860239935,0.176,0.165,1,HSC
PFDN5,0.6809911013415193,0.610474216744203,0.829,0.826,1,HSC
YPEL2,0.6810502404749127,0.3198959284691286,0.358,0.349,1,HSC
YIPF2,0.68130037090925,-0.12246382794872249,0.297,0.278,1,HSC
RPA3,0.6813731457896941,-0.5149820928050078,0.192,0.229,1,HSC
IL1RAP,0.6814118799985494,-4.00741440263633,0.115,0.131,1,HSC
LIPE,0.6815590961636456,0.756983491835328,0.026,0.018,1,HSC
CTSA,0.6815646801652009,1.0169689465835043,0.588,0.602,1,HSC
GOSR1,0.6817424979812207,0.15666092738443282,0.442,0.474,1,HSC
RIT1,0.6817426248356533,-0.11241328766826597,0.391,0.419,1,HSC
MMP16,0.6817602463068048,-1.0853721107982315,0.005,0.012,1,HSC
MTFR1L,0.6817926143687557,0.9627113789262189,0.432,0.45,1,HSC
OXA1L,0.6819850593787969,-2.3323423627716746,0.816,0.838,1,HSC
CPT2,0.6820412025916549,-0.4158804992487518,0.24,0.275,1,HSC
OBI1,0.6823755400807437,-0.1056251888751154,0.187,0.168,1,HSC
G2E3,0.682455764652669,0.9915867173440427,0.34,0.309,1,HSC
UGCG,0.6824761181812287,0.4966498528472483,0.11,0.104,1,HSC
ARHGAP27,0.6825589141102957,-1.020807941627294,0.327,0.312,1,HSC
C4orf46,0.6825646977890142,-0.33685846320908563,0.102,0.113,1,HSC
NUP155,0.682824912359089,-0.4143675935990909,0.404,0.388,1,HSC
RAD51B,0.6830609534317075,0.11898597444909731,0.486,0.52,1,HSC
NCK1,0.683133061434275,-0.12583111114838674,0.609,0.633,1,HSC
LYAR,0.6831726208519953,1.561521240787718,0.32,0.3,1,HSC
HSD17B14,0.6832641142319299,-0.3745850975571936,0.038,0.052,1,HSC
PRKCE,0.6833630612858237,0.8948356297427688,0.153,0.165,1,HSC
PPARA,0.6834141794216564,-0.17377146741312344,0.153,0.141,1,HSC
ARSD,0.6834426512173208,-0.18955796604719125,0.263,0.294,1,HSC
SLC30A9,0.6835046701260917,-0.10883864792018105,0.601,0.636,1,HSC
LUC7L2,0.683516893572302,-3.273194506184482,0.91,0.893,1,HSC
MFSD3,0.683552263517665,-0.5556485529610744,0.051,0.067,1,HSC
PFDN6,0.6835784580130033,0.8112605588916928,0.412,0.437,1,HSC
ARMC7,0.6836720392666292,-0.16848185914093272,0.217,0.208,1,HSC
SPI1,0.6839220101307398,-18.90344762377161,0.847,0.847,1,HSC
PRUNE1,0.6839524924378872,0.31285630557721167,0.23,0.229,1,HSC
TSC22D4,0.6848094630830832,-0.271241619235008,0.66,0.648,1,HSC
AMFR,0.6848813439348351,0.9813603205855608,0.601,0.575,1,HSC
GUCY1B1,0.6850660053073871,-1.1259103709744078,0.563,0.544,1,HSC
TMEM208,0.6851066354967206,0.249737574700591,0.286,0.327,1,HSC
TPST1,0.6852279575780088,0.22168261083043772,0.166,0.144,1,HSC
CYB5RL,0.6853884534717509,-0.22931394270106997,0.138,0.128,1,HSC
USO1,0.6854307871305252,0.1597044165915653,0.545,0.56,1,HSC
VPS13A,0.6855180430082802,1.539160068719334,0.527,0.517,1,HSC
AMPD3,0.6856912675691909,0.30985845080913843,0.524,0.538,1,HSC
MGAT3,0.6856981006716356,-0.5962955007755963,0.041,0.037,1,HSC
MAP7,0.6857290307933815,-0.356687151799425,0.54,0.56,1,HSC
CHAF1A,0.6857291759363978,0.12492915698869833,0.194,0.177,1,HSC
ANO8,0.6858187538422599,0.25978861156873245,0.146,0.156,1,HSC
NUP62,0.685841770831904,-0.21617945153525464,0.46,0.486,1,HSC
CD40LG,0.6858857672462425,4.690155382030701,0.043,0.034,1,HSC
RASAL2,0.6859262138752951,-0.24659828881422108,0.056,0.058,1,HSC
NRG4,0.6860456229017632,1.0844539121978771,0.015,0.018,1,HSC
FBXO34,0.6861267466175607,-0.11052231359520354,0.312,0.3,1,HSC
MLEC,0.6861544405131101,-6.171460503242777,0.632,0.633,1,HSC
BCKDHB,0.6863056216205382,0.14514292189369085,0.335,0.306,1,HSC
TAPT1,0.6863160951360682,0.1898895367062292,0.591,0.578,1,HSC
BTN3A3,0.6866071214089525,1.0775766290734925,0.366,0.346,1,HSC
DHRS7B,0.6868455531148256,-0.14663549028357004,0.107,0.101,1,HSC
TFPI,0.6871534906726717,-0.6053359041461466,0.542,0.581,1,HSC
NPW,0.6872736383095943,1.3331974080725764,0.033,0.028,1,HSC
SNAI3,0.6873257867687412,0.3453948594310492,0.09,0.089,1,HSC
ALMS1,0.687336957951201,0.44182768387836147,0.373,0.358,1,HSC
NSD3,0.6873413829704431,0.3071303962668395,0.238,0.217,1,HSC
MOAP1,0.687344491428675,-0.22547363743694881,0.473,0.502,1,HSC
SKA2,0.6873631986753058,-0.16040192192087988,0.059,0.073,1,HSC
PARP14,0.687367872399826,2.2312771333856745,0.609,0.633,1,HSC
RHBDF1,0.6876043932944507,0.5696161671796931,0.01,0.006,1,HSC
POGLUT2,0.6880353132725662,-0.29504395505793646,0.12,0.141,1,HSC
IRGM,0.6884441273007486,0.9640769227657966,0.036,0.024,1,HSC
PRKAB2,0.6885834319910034,0.23365449354299078,0.251,0.22,1,HSC
PWWP2A,0.6888794997503881,0.25128784783821245,0.412,0.388,1,HSC
TNFAIP1,0.6888864974321693,0.11844537683171286,0.087,0.089,1,HSC
ZNF318,0.6892459944336731,1.0884086274803368,0.102,0.089,1,HSC
TPX2,0.6892634379230852,-1.635116970476607,0.133,0.122,1,HSC
PIK3CA,0.6892670003923169,0.18620313910104153,0.263,0.266,1,HSC
ZNF23,0.6896008396151723,0.289472052857332,0.164,0.144,1,HSC
ACVR2A,0.689624368417044,-0.3052684660433429,0.095,0.101,1,HSC
STARD9,0.6898658590256169,2.321258089614249,0.23,0.223,1,HSC
CENPB,0.689916051359797,0.6887241858643058,0.327,0.312,1,HSC
MYO7B,0.6900154194541559,0.3724583458117392,0.02,0.012,1,HSC
CENPF,0.6900284588624948,4.747611200614513,0.118,0.101,1,HSC
ZBTB25,0.6900734317821029,-0.5197184919334012,0.412,0.428,1,HSC
BZW2,0.6901677505965498,-0.3369152614820088,0.767,0.807,1,HSC
LIF,0.6905383042211064,-0.5426839514621369,0.01,0.015,1,HSC
CEP43,0.6905748792551164,-0.3942611944350255,0.361,0.394,1,HSC
NPEPL1,0.6906071668793218,0.5388213380936493,0.358,0.355,1,HSC
FECH,0.6906648486524427,0.6367753236394122,0.389,0.401,1,HSC
MAPKAPK5,0.6907644386231732,-0.19350366520784668,0.399,0.413,1,HSC
RNASE6,0.6909144214011902,-7.019249777483601,0.064,0.058,1,HSC
FGFR1OP2,0.691070415101231,-0.6834562180797388,0.76,0.731,1,HSC
IFI30,0.691090045368749,-0.25838669512359225,0.13,0.107,1,HSC
BTN3A1,0.6912022993957717,0.5212488540156291,0.217,0.208,1,HSC
RWDD2A,0.6912475477341136,-0.5429654914481579,0.028,0.037,1,HSC
PRDX6,0.691303304712839,-0.5308713765481281,0.77,0.792,1,HSC
CHRNA10,0.6919043703334347,1.3632272888055583,0.013,0.009,1,HSC
EPHX2,0.6923849348304217,0.23980772665252426,0.066,0.067,1,HSC
NDUFAF3,0.6924822551384612,1.8319610414744596,0.506,0.502,1,HSC
GGNBP2,0.6925163386642388,-1.899923079346888,0.66,0.645,1,HSC
SNX1,0.6925420286567815,-0.49924466724881533,0.806,0.783,1,HSC
ENOSF1,0.6926136144196632,0.37943929962331313,0.404,0.382,1,HSC
TMEM219,0.6926991968768994,-0.41350052916738456,0.754,0.743,1,HSC
ABI2,0.6927056850740929,0.8891025964792165,0.56,0.569,1,HSC
ZNF780B,0.6927948386677515,0.24161908674171695,0.166,0.159,1,HSC
TXNDC16,0.6928410007685534,-0.337357393411441,0.184,0.183,1,HSC
MYCNOS,0.6930298275421944,-0.432512899425209,0.013,0.009,1,HSC
PUF60,0.6931083390105444,0.4529934589212954,0.552,0.55,1,HSC
NDUFA12,0.6931557266759766,0.1458602092668505,0.363,0.343,1,HSC
ZNF75A,0.6933908620834188,-0.16428995909458344,0.463,0.462,1,HSC
MAZ,0.6936744738008307,0.14214469459266255,0.182,0.165,1,HSC
TTK,0.6938876381066896,0.42713834938793394,0.026,0.018,1,HSC
BOLA3,0.6938904294548385,0.2215102363667576,0.061,0.058,1,HSC
SLC25A40,0.6940451447282711,-0.14901691098486655,0.286,0.3,1,HSC
FMR1,0.6940800568801859,-0.4666712190387665,0.442,0.462,1,HSC
NKX3-1,0.6941469204116624,0.14655589923938406,0.041,0.043,1,HSC
C1GALT1C1L,0.6943441030563254,-1.279178669154244,0.01,0.018,1,HSC
FAM8A1,0.6944470659739452,-1.147709490010143,0.353,0.376,1,HSC
UBOX5,0.6945162809690931,0.16840774769356154,0.258,0.242,1,HSC
ZNF503,0.6945946669982668,1.11263650830394,0.028,0.018,1,HSC
CEP44,0.6946796285920523,0.3951037238926975,0.299,0.278,1,HSC
PRELID3B,0.6949121396480673,-0.2182765251724829,0.289,0.297,1,HSC
DLGAP4,0.6953861249133092,-0.6672299296522,0.43,0.459,1,HSC
PHLDB2,0.6954666919027543,-0.18680713244694358,0.087,0.089,1,HSC
UTP3,0.6961208977547774,0.5992415244715223,0.524,0.505,1,HSC
STARD13,0.6961394567499616,1.4268023166931236,0.013,0.006,1,HSC
DPP3,0.6961495121297079,-0.3881503250819289,0.026,0.034,1,HSC
RSAD1,0.6962483922556613,0.23674683901118398,0.348,0.324,1,HSC
ZNF678,0.69633473731862106,0.1226871880823249,0.312,0.297,1,HSC
PROM1,0.6964427100488616,6.220555073234433,0.665,0.654,1,HSC
SEPTIN8,0.6966120939398215,5.014340339291521,0.072,0.086,1,HSC
NT5C2,0.6966813547742142,-0.606066155495105,0.698,0.737,1,HSC
SLC4A1AP,0.696892114725626,0.17858508460478822,0.274,0.275,1,HSC
USP10,0.6969490028599621,-0.2593282383604705,0.614,0.642,1,HSC
ARNT,0.6969498575666548,-0.4018515612451562,0.414,0.437,1,HSC
MTFR1,0.6970964756509116,0.1657914747226704,0.294,0.269,1,HSC
ITGB7,0.6971213149316565,-3.4987142044612938,0.223,0.202,1,HSC
ANGPT1,0.6971366805273798,-0.5898663418269727,0.517,0.511,1,HSC
DNAL1,0.6971949815905123,-0.6873148469573058,0.125,0.144,1,HSC
CSE1L,0.6973655688229426,0.17209383091016084,0.248,0.223,1,HSC
MALT1,0.6978507545283459,0.3424488818290419,0.266,0.248,1,HSC
MAP7D3,0.6978522335728276,0.3545021036343632,0.389,0.364,1,HSC
EFCAB2,0.6979720479943373,-0.23302736294705065,0.269,0.294,1,HSC
CXXC5,0.6982438934122823,-0.11565208686769202,0.57,0.572,1,HSC
SMS,0.6983008777561109,1.0307409863246382,0.55,0.532,1,HSC
TMEM67,0.6983113289272682,0.19889712599549086,0.23,0.248,1,HSC
DALRD3,0.6986663718584528,-0.32612153999267934,0.284,0.269,1,HSC
TMEM184B,0.6986715743132651,-0.7598515031001211,0.269,0.284,1,HSC
TEK,0.6986855709680957,-0.3594910316273783,0.036,0.049,1,HSC
COA6,0.6987322375461289,-0.6241900525547766,0.309,0.327,1,HSC
EXOSC4,0.6988486580564932,0.15000401055860563,0.256,0.287,1,HSC
SH3YL1,0.6988643252349757,0.22321487834848663,0.353,0.336,1,HSC
MAK16,0.6988852356257318,-0.14866273920327305,0.248,0.275,1,HSC
BUD23,0.6989348269942943,-0.10557037758725335,0.274,0.3,1,HSC
RAB5C,0.698978085654154,-0.24303701333134242,0.54,0.547,1,HSC
MYO9B,0.6990832826274855,1.4189528595416472,0.673,0.645,1,HSC
LINS1,0.6990971612488605,0.16035765025214221,0.297,0.284,1,HSC
CARD9,0.6991017247625759,0.2323973969789015,0.092,0.104,1,HSC
YTHDF3,0.6991316676006453,-0.8363862715754844,0.555,0.581,1,HSC
ZFP90,0.6992710502641512,-0.4925182566224733,0.391,0.379,1,HSC
ENC1,0.6995241362481965,0.29734783383407715,0.028,0.034,1,HSC
RMND5B,0.6997711681401947,-0.4174441884488644,0.207,0.229,1,HSC
RNF19A,0.6998424711037503,2.352107696937727,0.437,0.437,1,HSC
FER,0.6999042133891171,-2.9710142007992184,0.614,0.602,1,HSC
LSM4,0.6999738112245498,-6.359252472049072,0.624,0.612,1,HSC
DUS2,0.7000702016923311,0.7498200830710118,0.128,0.15,1,HSC
RAB4A,0.7001421587829788,5.535181102499714,0.716,0.709,1,HSC
GOT2,0.7005829603815809,-0.43314096395123824,0.455,0.44,1,HSC
TLR2,0.7005835243325922,-5.503353143899346,0.066,0.067,1,HSC
NEDD8,0.7006293168007983,0.14740344533517846,0.611,0.627,1,HSC
CHCHD1,0.7007551175583258,-0.9338219697001152,0.325,0.346,1,HSC
DNMT3B,0.7010699929799693,-1.4270188208696655,0.248,0.272,1,HSC
TRIM16L,0.7011263010565443,0.8239400968045532,0.018,0.009,1,HSC
BCAP31,0.7011403404750582,-1.814824739613928,0.76,0.774,1,HSC
TUSC1,0.7013897354975376,-0.2578779718092692,0.077,0.092,1,HSC
UBR3,0.7019722191441046,0.1880372324963158,0.353,0.324,1,HSC
CENPQ,0.7019726163549014,-0.16566236280013458,0.074,0.083,1,HSC
SLC27A3,0.7021292868207291,-0.4228660873713237,0.095,0.116,1,HSC
TBXA2R,0.7022027168187469,-0.1824287502219728,0.077,0.086,1,HSC
SYT2,0.7023236388552035,-2.979173662782504,0.018,0.018,1,HSC
WDR83,0.7023837780211983,0.5405096761347039,0.123,0.104,1,HSC
LONRF3,0.7024138234222562,1.4885558606203464,0.015,0.009,1,HSC
TMEM214,0.7025286188338085,0.2533104755983641,0.261,0.281,1,HSC
FAM24B,0.7026171378449747,0.11360833952609273,0.095,0.08,1,HSC
GCC1,0.7027794500015496,0.1230952948008105,0.261,0.266,1,HSC
EFHC2,0.7029057848734526,1.0651073866231267,0.442,0.465,1,HSC
ZSWIM4,0.703263913557138,0.10670184819937223,0.097,0.101,1,HSC
SNX4,0.7033087275999184,0.4041635181194414,0.527,0.495,1,HSC
KIF18A,0.703320339708861,-0.34918279031714494,0.059,0.067,1,HSC
GNA12,0.7034046478245547,-0.10903758375920203,0.22,0.235,1,HSC
PIP4K2A,0.7034809342611106,2.399187049300558,0.806,0.804,1,HSC
INSIG1,0.703501692272199,-0.5437831570577165,0.491,0.52,1,HSC
TPP1,0.703530669979759,-0.29118034231691414,0.742,0.749,1,HSC
IDH3A,0.7036259768334581,0.21056937662636377,0.217,0.202,1,HSC
ACTG1,0.7036487331109679,-7.660516901145641,0.995,0.991,1,HSC
UQCRC2,0.7037016924390105,-1.200398208406951,0.749,0.774,1,HSC
KIFBP,0.7037228086690637,-0.28508175848516193,0.113,0.107,1,HSC
LRP6,0.7037599500208701,0.21138713284802169,0.066,0.07,1,HSC
MYL12A,0.7040690565751943,0.14471733417141652,0.414,0.407,1,HSC
VPS13C,0.7042577746429486,0.9635111006934389,0.762,0.731,1,HSC
NDUFB5,0.7042701766804682,-1.27880276101392,0.777,0.792,1,HSC
KNTC1,0.7043142716500208,0.7742338483009295,0.243,0.272,1,HSC
RREB1,0.7043326810329288,1.3440169753567899,0.471,0.465,1,HSC
M6PR,0.704362195026808,-1.8377700408626048,0.691,0.728,1,HSC
HERC3,0.7044706263955921,0.617914032610833,0.578,0.59,1,HSC
RPA1,0.7045583892641738,0.26867880164085234,0.524,0.508,1,HSC
TAS1R3,0.7047168644488571,-0.4073046082140772,0.015,0.012,1,HSC
RRAS2,0.7047279854214755,0.3035059675450227,0.072,0.055,1,HSC
CTBS,0.7048518318142788,-1.1174537098663777,0.358,0.361,1,HSC
OTUD7B,0.7048550501057408,-1.037799745271001,0.018,0.021,1,HSC
FLII,0.7050130364864307,3.1335455550129314,0.668,0.651,1,HSC
PPM1L,0.7050135761654638,0.5453547407936876,0.223,0.232,1,HSC
GCLM,0.7050459124323311,-0.24384182303944385,0.187,0.205,1,HSC
SMCO2,0.7051775585691654,-0.2578779718092692,0.01,0.012,1,HSC
MPZL3,0.7054360373121717,1.0815479355965856,0.038,0.028,1,HSC
POU2F2,0.7055738795766389,1.9073414061427258,0.256,0.266,1,HSC
ACBD6,0.7056761262293129,0.46364250902969895,0.665,0.691,1,HSC
RUVBL2,0.7057672529207639,-0.6066522999315471,0.371,0.388,1,HSC
PPP1R9B,0.7058188962116804,6.633263418568515,0.716,0.734,1,HSC
NUDT8,0.7059017126052585,-0.6162191152335041,0.128,0.113,1,HSC
TTC26,0.7059839374773014,0.40109885493196074,0.128,0.119,1,HSC
TMSB10,0.706142385039807,-12.198895038182748,0.967,0.966,1,HSC
DNAJC11,0.7062036333607953,-0.918562970110115,0.389,0.407,1,HSC
C16orf54,0.7066125614996529,-0.36074485721215743,0.409,0.391,1,HSC
RWDD3,0.7067104838922552,0.13994322851058663,0.307,0.297,1,HSC
TSPAN7,0.7067361567512158,0.280210767289816,0.043,0.055,1,HSC
TUT1,0.7068514685876417,-0.14739482205119475,0.243,0.254,1,HSC
AARS1,0.7068871169428361,0.11943207880022699,0.138,0.135,1,HSC
SLC2A8,0.7069353212834536,0.5517386287970307,0.043,0.034,1,HSC
ARHGEF26,0.7069508869678137,-0.3641941915474447,0.054,0.061,1,HSC
ADAMTS3,0.706994086102302,-0.3915532024816688,0.018,0.024,1,HSC
NCOA2,0.7070607267378816,0.35679542886547133,0.455,0.45,1,HSC
NFATC1,0.7071595980648513,-0.9000392951230087,0.437,0.471,1,HSC
MAP1LC3B,0.7072765521032922,1.0147450559677562,0.527,0.547,1,HSC
TIMM8A,0.7073512686861388,0.18196697461938072,0.276,0.278,1,HSC
C5orf15,0.7073852586369971,0.1286435086954238,0.286,0.321,1,HSC
ACSL4,0.70761053706026,6.955574709973728,0.522,0.547,1,HSC
ZNF697,0.7077563873024356,-0.16204758983987366,0.046,0.058,1,HSC
VAC14,0.7081865707476945,-0.37735234246908744,0.34,0.315,1,HSC
PLEKHA8,0.7083388373997398,-0.2822983534145974,0.153,0.174,1,HSC
FAM110A,0.7083933591058246,0.32005703523823614,0.09,0.08,1,HSC
FAF1,0.708413511835577,0.41925166043728535,0.419,0.446,1,HSC
SPTLC3,0.7088517511712691,0.6853947703291832,0.202,0.199,1,HSC
TRRAP,0.708886283758171,1.0063359860351486,0.703,0.694,1,HSC
C1orf216,0.708899811926814,-2.0093529159316446,0.327,0.327,1,HSC
SLC35B3,0.7089054341812522,0.1922351202125081,0.164,0.144,1,HSC
RHEX,0.7090181968293959,2.3421599402690183,0.21,0.232,1,HSC
TALDO1,0.7091164176158227,0.710907689353224,0.813,0.844,1,HSC
RER1,0.7091425266283495,-1.2644674184742923,0.675,0.679,1,HSC
TAFA2,0.7091608844577325,-0.39462769712791435,0.269,0.291,1,HSC
THUMPD1,0.7091721786215026,-0.5416660221322571,0.637,0.651,1,HSC
KCNH8,0.7092747892985128,1.879020896900737,0.026,0.018,1,HSC
SLC45A4,0.7093334012766362,0.4728346951649245,0.031,0.021,1,HSC
SEPHS2,0.7093762053045635,0.7102098219145165,0.46,0.468,1,HSC
SAP130,0.7094336539918328,0.5218700595836404,0.225,0.232,1,HSC
EXOC6B,0.7097200582830693,-0.3011112977973267,0.294,0.306,1,HSC
SPINK2,0.7097649483754342,0.7885501360330132,0.665,0.648,1,HSC
ARMC2,0.7097949518880916,0.15933177143184274,0.059,0.08,1,HSC
RSAD2,0.7098093456487523,0.10427431407820831,0.159,0.162,1,HSC
CCHCR1,0.7098492928225243,-0.36571869213268904,0.233,0.232,1,HSC
ERCC4,0.7100353230575606,0.23587008956457023,0.174,0.147,1,HSC
TEDC2,0.7104493317009116,-0.6423986101414121,0.015,0.015,1,HSC
RSPH1,0.7104513385125133,-0.22235225136522274,0.028,0.024,1,HSC
PRRC2C,0.7106738703546969,0.25815953733773744,0.547,0.584,1,HSC
LUZP1,0.7107398798507504,0.43703621563543416,0.412,0.379,1,HSC
CYTH3,0.7109307577808467,-0.24299518134360226,0.243,0.254,1,HSC
ENPP4,0.7109466571294887,-0.1384085607059377,0.258,0.226,1,HSC
RNPC3,0.7109869446858375,-0.7697389610483785,0.668,0.667,1,HSC
SHPK,0.7110592712027574,0.13870439095062947,0.197,0.205,1,HSC
MAP10,0.7110739312425765,0.28468177002104356,0.179,0.165,1,HSC
NKAPL,0.711261759588268,0.21548270866420838,0.028,0.021,1,HSC
ZNF30,0.7113693077529536,0.3304768085310976,0.059,0.049,1,HSC
PCID2,0.7114085337299154,0.27281988565329285,0.473,0.446,1,HSC
ATG101,0.711489698517321,-0.4187110426236508,0.171,0.177,1,HSC
STAG2,0.7116924916232362,0.9372387787508263,0.89,0.869,1,HSC
JADE1,0.7117499583585218,0.19368871855463565,0.266,0.287,1,HSC
ATP9A,0.7120275531834632,-0.18223173386386785,0.233,0.254,1,HSC
UBE2H,0.7121717341451538,0.42197709656641424,0.399,0.407,1,HSC
LTBP4,0.7121852714003221,0.193552051974882,0.345,0.312,1,HSC
ZBTB43,0.7122208980613098,0.5069264398370259,0.036,0.024,1,HSC
TLK2,0.7122213579765997,-0.3806220604033728,0.261,0.254,1,HSC
SCAMP3,0.7122667334434842,0.10337725630286632,0.432,0.437,1,HSC
NDUFC2,0.7125979461829947,-0.6308744160230142,0.483,0.498,1,HSC
RSL1D1,0.7126346352167736,-0.841167536787105,0.57,0.547,1,HSC
MIOS,0.7126476820675961,0.3568071110153568,0.435,0.459,1,HSC
MCM3AP,0.712721583804454,-0.1868605670183885,0.555,0.535,1,HSC
CHCHD5,0.7128454661595086,0.18066579338774824,0.386,0.413,1,HSC
RAB23,0.7129220409230368,-0.23143120460417332,0.064,0.058,1,HSC
TRMT44,0.712993676324773,0.5022926576812661,0.215,0.208,1,HSC
STARD3,0.7133394494696932,0.5926695675190345,0.481,0.48,1,HSC
RAB11FIP4,0.7133447217939202,-0.42813189485707925,0.179,0.18,1,HSC
PCDHGA12,0.7133701530808749,0.20253176875705137,0.038,0.031,1,HSC
VRK2,0.7134375817345308,-0.8276373249190679,0.404,0.428,1,HSC
N6AMT1,0.7136582032833715,-0.13158736311314412,0.248,0.263,1,HSC
SIN3A,0.7137667911538959,1.0588334068067722,0.731,0.752,1,HSC
DOLK,0.7137793659636203,-0.443896250372779,0.054,0.067,1,HSC
SIN3B,0.7137886834145976,0.4466859529017284,0.432,0.44,1,HSC
SPTBN2,0.7137940876162684,0.12762271680622295,0.215,0.232,1,HSC
RPGRIP1L,0.7138217565567182,-0.2952297273249799,0.171,0.18,1,HSC
ZC3H7A,0.7138679052246117,-0.3067823416240494,0.463,0.45,1,HSC
IFI27L2,0.7138959795304127,-0.2389819694873898,0.102,0.104,1,HSC
VTI1A,0.714168281727216,0.5118884492909267,0.407,0.388,1,HSC
ZNF74,0.7142010269275525,0.8413953456319194,0.082,0.08,1,HSC
GLI4,0.7145334409823914,-0.26783102980607054,0.189,0.19,1,HSC
MPV17L2,0.7147161726872662,0.3101069616885823,0.061,0.049,1,HSC
CD244,0.7147309791678025,-0.4025495216609747,0.391,0.416,1,HSC
NUDT14,0.7149337887968896,0.29108508201911665,0.079,0.07,1,HSC
RBFOX2,0.7149473665817209,0.10130620071011487,0.125,0.11,1,HSC
RBBP9,0.7150027698266957,0.10737935635959905,0.23,0.254,1,HSC
AGL,0.715125980396206,0.9196681882444439,0.355,0.364,1,HSC
NCOA7,0.7151956603485248,-0.6555137033357887,0.642,0.627,1,HSC
PARK7,0.7152567992158511,0.12077539561556039,0.519,0.489,1,HSC
ZNHIT1,0.7153147102373039,0.31532892639628585,0.402,0.41,1,HSC
CFD,0.7157287810347417,-7.469755425968145,0.031,0.04,1,HSC
RWDD4,0.7158658515307819,-0.1724695417913913,0.322,0.352,1,HSC
XIAP,0.7160315820179172,0.29835017430604427,0.353,0.327,1,HSC
ZDHHC2,0.716132303180437,0.7188710214164491,0.56,0.584,1,HSC
BAG5,0.7161720504666901,0.14061452101856586,0.506,0.471,1,HSC
JHY,0.7162489828582222,0.2829858092548698,0.138,0.113,1,HSC
C7orf50,0.7163962907219473,-0.46119542431464033,0.215,0.232,1,HSC
RNF113A,0.7164160239187636,-0.2658204242558283,0.345,0.324,1,HSC
ZNF513,0.7164351045456252,0.3371458073565252,0.143,0.135,1,HSC
ZNF579,0.7165213875206157,0.3976718077930963,0.105,0.092,1,HSC
DENND11,0.7165314359518224,-0.6366731478279188,0.801,0.786,1,HSC
PCTP,0.7166176433621381,-0.2564772306760344,0.286,0.272,1,HSC
RASGRP3,0.7167133738643683,-1.3803540480802654,0.038,0.043,1,HSC
ZNF230,0.7167217611514138,0.7344974988418724,0.059,0.046,1,HSC
DYNC1I1,0.7167982581000585,-0.5076274210156035,0.026,0.037,1,HSC
AMDHD2,0.7168431386640158,0.4713902279806812,0.123,0.141,1,HSC
BPHL,0.7168639269693067,-0.23767518844194035,0.136,0.153,1,HSC
EIF2AK1,0.7169105154329667,-2.82936110686878,0.836,0.813,1,HSC
DNAJB9,0.7169842499411967,0.24924503028985784,0.251,0.248,1,HSC
GNB2,0.7172612184429017,-1.235456963994444,0.596,0.618,1,HSC
ANAPC1,0.7173042560750722,-0.5855556999131375,0.036,0.046,1,HSC
NHSL2,0.7173437338842108,0.9870838909553796,0.146,0.141,1,HSC
AHRR,0.7174555623403525,-0.2578779718092692,0.01,0.012,1,HSC
ICAM5,0.7175213787300989,0.9232447662156048,0.146,0.153,1,HSC
CASP7,0.7175568494441705,0.4372153413970872,0.159,0.153,1,HSC
LCORL,0.7177535078831477,0.33945314564564033,0.338,0.309,1,HSC
SURF6,0.7180474942125095,-0.41438533196129784,0.248,0.251,1,HSC
YPEL4,0.7181715210815713,-0.6682667974359271,0.02,0.028,1,HSC
HBEGF,0.7183011698915035,-1.5520801813293725,0.013,0.009,1,HSC
ARMC5,0.7183243575580676,-0.181996120339738,0.02,0.031,1,HSC
MRM2,0.718435181028291,-0.29551476358854933,0.143,0.156,1,HSC
C1S,0.718525923554205,-0.4956227885205582,0.013,0.018,1,HSC
HDLBP,0.7185641580599791,-0.672164489623515,0.529,0.52,1,HSC
CEMIP2,0.7187040280028918,0.5857923218291411,0.151,0.168,1,HSC
OSTF1,0.7190116207056428,-1.2851432765597663,0.611,0.581,1,HSC
GALT,0.7192686896739803,0.2047784019226483,0.396,0.428,1,HSC
GFM1,0.7196243592188074,0.5643600279928183,0.465,0.471,1,HSC
CASK,0.7198221246655967,0.20432605851180397,0.253,0.229,1,HSC
ZNF580,0.7200414121007902,0.1267990779122341,0.522,0.55,1,HSC
PFKFB2,0.7201095882956497,0.13042201973423873,0.159,0.138,1,HSC
TP53RK,0.7201465765069959,0.9972970758849282,0.417,0.431,1,HSC
RAP1GAP2,0.7202814108715947,0.309888574437294,0.335,0.343,1,HSC
GLS2,0.7204527181183582,1.241593599948656,0.01,0.006,1,HSC
UQCC6,0.7206284079363953,-0.30361388901982567,0.049,0.052,1,HSC
TASP1,0.7207308247545778,0.18941784236091153,0.35,0.312,1,HSC
EBF4,0.7207651038195029,-1.0853721107982315,0.005,0.012,1,HSC
PIAS4,0.720782123316758,0.3204372258777028,0.263,0.251,1,HSC
MGST1,0.7208241714320855,-3.7998044764779673,0.384,0.373,1,HSC
IGHG3,0.7209724166664027,26.877876490484248,0.013,0.006,1,HSC
TRAF2,0.7212108961358001,0.38712057587567983,0.238,0.229,1,HSC
CENPE,0.721366497242605,0.7342138289453346,0.038,0.031,1,HSC
LGALS2,0.7213690641197179,-15.751181922411064,0.013,0.009,1,HSC
ATP7B,0.7213970924447353,0.14997928691240991,0.113,0.092,1,HSC
YJU2,0.721742255167976,-0.1712102117962988,0.419,0.425,1,HSC
ZFP1,0.7217932950959175,0.20105346642367594,0.179,0.205,1,HSC
RELB,0.7219766598038329,0.40206894902630697,0.238,0.214,1,HSC
UBE4B,0.7221004440045745,-0.8795654087895761,0.522,0.492,1,HSC
NSMCE1,0.7223055716101234,-0.4526019818362754,0.634,0.661,1,HSC
NOP16,0.7224327603151345,-1.0618594871326832,0.402,0.382,1,HSC
GNRH1,0.7224700501513107,-1.1579367551099977,0.054,0.067,1,HSC
SLC1A6,0.7225179140257859,1.1720874023158836,0.102,0.086,1,HSC
HSPB1,0.7227643545119282,-2.2856009648442264,0.619,0.633,1,HSC
IGF2BP3,0.7228142493494977,-0.25787797180926963,0.049,0.058,1,HSC
PCP2,0.7229569666880475,-0.3921827656804573,0.066,0.067,1,HSC
GRPEL1,0.7229693015523883,-0.260270698657045,0.263,0.287,1,HSC
ADTRP,0.7230146218495161,-1.7573495435671953,0.005,0.012,1,HSC
PDE4D,0.723014852956077,-0.10135914649793643,0.289,0.318,1,HSC
GNG10,0.723025477156472,0.4284270877906775,0.499,0.532,1,HSC
TAX1BP3,0.7231057066086908,-1.5356342149722482,0.361,0.343,1,HSC
MED4,0.7231142634610043,-0.5090701994914557,0.701,0.679,1,HSC
REEP6,0.7231502578695763,-0.5164223389434519,0.074,0.076,1,HSC
ARMC9,0.7231981850538343,0.18767652951419667,0.097,0.107,1,HSC
TACC1,0.7232688028439547,-4.373848846706103,0.591,0.575,1,HSC
CBX5,0.7233442567435566,-2.1719419300308442,0.445,0.456,1,HSC
FHIP1B,0.7233570641026449,0.5272224612206411,0.402,0.413,1,HSC
GNPAT,0.7235140195544072,-1.1285160622113612,0.473,0.505,1,HSC
SHLD3,0.723549021055513,-0.44831250178190696,0.118,0.135,1,HSC
GCAT,0.7236723276958077,-0.2578779718092701,0.066,0.08,1,HSC
GZMK,0.723684317671467,5.820115608484309,0.028,0.018,1,HSC
WNK1,0.7238938102521121,0.22884716847751285,0.688,0.673,1,HSC
G6PC3,0.7239231130223416,0.19763195572663428,0.419,0.391,1,HSC
EBPL,0.724346701229246,0.549761563949656,0.698,0.691,1,HSC
MARK2,0.7244913075967448,-0.41394542640030974,0.563,0.544,1,HSC
CDK11B,0.7245000161533973,0.2071451914919884,0.194,0.187,1,HSC
CANT1,0.7246399445187645,0.39295687990036865,0.366,0.336,1,HSC
OR13C3,0.7247094006961248,-0.6996758919499015,0.013,0.021,1,HSC
SLC25A3,0.7247094067843742,-1.5221819083405972,0.877,0.865,1,HSC
SLC39A6,0.7249433658533285,-0.18894129959914763,0.384,0.398,1,HSC
SETD1A,0.7251041687910813,-0.20542003482640953,0.258,0.269,1,HSC
TREM1,0.7251274392520625,-0.2578779718092692,0.01,0.012,1,HSC
FAM228A,0.7251838856526764,0.9107605479083043,0.018,0.012,1,HSC
MOSPD1,0.7254328425454073,0.25134738597223727,0.069,0.064,1,HSC
ST3GAL6,0.7254981575302673,-0.6324160956237341,0.156,0.141,1,HSC
HRAS,0.7256230897686836,0.1338940708424472,0.115,0.101,1,HSC
SNAPC2,0.7257109512577429,-1.0115982655237592,0.192,0.18,1,HSC
CTDSP2,0.7259871735656374,0.4069411116667241,0.606,0.63,1,HSC
GAMT,0.7260162045822163,-0.37103359121730484,0.23,0.22,1,HSC
PHKA1,0.7260764473544918,-0.2525236019403734,0.13,0.141,1,HSC
C17orf97,0.726151237104522,-0.5957651253469276,0.018,0.021,1,HSC
CCDC159,0.7261550779569454,0.5466975952522705,0.391,0.385,1,HSC
CD84,0.7262459216846271,2.968593497913268,0.494,0.52,1,HSC
ARHGEF40,0.7262669473343495,0.42454386035095926,0.286,0.303,1,HSC
ST7L,0.7263411118131405,-0.5579007513566046,0.179,0.202,1,HSC
TUBB4B,0.726358315831619,-4.653492536771116,0.299,0.272,1,HSC
RPAP2,0.7263872378343392,-0.19314332714850035,0.471,0.443,1,HSC
COMMD2,0.7267990153109867,0.3365445064771697,0.473,0.462,1,HSC
MEGF9,0.7270098027338321,-0.15212779516154448,0.302,0.284,1,HSC
CEP76,0.7270468200062968,-0.24503247732524192,0.107,0.11,1,HSC
IARS2,0.727210969559721,0.5202452236583561,0.488,0.523,1,HSC
VMA21,0.7273074960143201,0.6150456689714701,0.652,0.676,1,HSC
ZBED1,0.7274576542074944,-0.9409097818824094,0.358,0.382,1,HSC
S100A11,0.7276333071943042,-1.3314240262542312,0.24,0.229,1,HSC
SOAT2,0.7276595471214,0.7232071403323683,0.013,0.015,1,HSC
EML4,0.7276748157958157,0.10850721644134476,0.353,0.33,1,HSC
OLFML2A,0.7278207362714653,0.6474618890156423,0.02,0.012,1,HSC
PLA2G4B,0.7279011281757547,-0.1852923990108839,0.074,0.092,1,HSC
IRS2,0.7280644477456558,-1.1561409251158106,0.317,0.3,1,HSC
TCFL5,0.72819258825811,-0.29648036303169967,0.115,0.138,1,HSC
PTOV1,0.7283497517655573,0.39522568988634466,0.57,0.544,1,HSC
TSLP,0.7283533172746379,-0.4956227885205582,0.013,0.018,1,HSC
SMAD4,0.7285544653784287,0.6487498789641246,0.645,0.645,1,HSC
NLRX1,0.7285574916855837,0.15168602994335512,0.1,0.086,1,HSC
RRAGA,0.7285814611245981,-0.3502036420302229,0.361,0.382,1,HSC
VPS52,0.7286258010527566,-0.3887476444993141,0.481,0.486,1,HSC
ISOC2,0.7286866746075256,0.5954334110757159,0.292,0.291,1,HSC
DPM1,0.7288423308507763,-0.5185700484913935,0.532,0.535,1,HSC
DLG1,0.7288613677180453,0.33916426522611953,0.509,0.486,1,HSC
FAAP100,0.7289758444207326,-0.28972158068486675,0.143,0.156,1,HSC
BAX,0.7290551695825486,1.6716622089918225,0.742,0.719,1,HSC
PTPRE,0.7291657088640107,0.4644428923414907,0.21,0.193,1,HSC
NME8,0.7291978134590488,-0.10089907077157201,0.169,0.183,1,HSC
CD109,0.7293070787595164,-0.5343168017827322,0.639,0.639,1,HSC
MCM4,0.7294870753605804,-1.2811254635465819,0.225,0.217,1,HSC
UBE2N,0.7296744108219735,-0.4741953935545651,0.24,0.266,1,HSC
GOPC,0.7297508159764312,-0.6277662081140827,0.583,0.587,1,HSC
NAPEPLD,0.7297645983012154,-0.25208513241615255,0.23,0.245,1,HSC
SEC22C,0.7298746825670398,-0.18225073855523888,0.327,0.309,1,HSC
ABCA5,0.7299036102534938,0.5023073516012874,0.32,0.294,1,HSC
HSPA13,0.7299336386846543,-0.26089730009068446,0.243,0.266,1,HSC
DUSP15,0.7299574971249965,0.26728483123941116,0.041,0.037,1,HSC
SF1,0.7299867411011511,-0.1566521164603838,0.483,0.508,1,HSC
RFX8,0.7302659427106727,-0.23300091886748442,0.069,0.058,1,HSC
DNAI7,0.7303681564610544,0.8901466641288467,0.033,0.024,1,HSC
SPRY3,0.7303935293778849,-0.3773550677429438,0.028,0.037,1,HSC
DCAF6,0.7304784981089942,0.41119621739707646,0.409,0.401,1,HSC
SIMC1,0.7305448428555426,-0.14557539281620047,0.084,0.076,1,HSC
SCAF8,0.7307775952406298,0.12569316555627363,0.634,0.633,1,HSC
POLG,0.7308236935754562,0.10531247366377944,0.309,0.291,1,HSC
FNTA,0.731265559293501,-2.0197008955204154,0.765,0.749,1,HSC
ZNF718,0.7312956636110017,-0.35317475826084876,0.286,0.306,1,HSC
MT-ND1,0.7313052999834102,-1.753677357946775,0.373,0.382,1,HSC
EFCAB12,0.731341822897646,0.8544221468325608,0.013,0.006,1,HSC
ACYP1,0.7313586386503814,-0.37534732456507536,0.233,0.251,1,HSC
GIPC3,0.7313860007758048,0.15213565208594915,0.051,0.058,1,HSC
C4orf47,0.7317006411559119,-0.6450494249253653,0.013,0.012,1,HSC
STX8,0.7317403185540057,0.19533523241364992,0.34,0.355,1,HSC
SEPTIN7,0.7317592893365814,-0.13832016257200408,0.565,0.584,1,HSC
GRAMD1A,0.7318272826494039,0.13862113217673677,0.506,0.492,1,HSC
POLR2E,0.7319731019262355,-0.4810391469177739,0.217,0.199,1,HSC
ENGASE,0.7322202856765421,-0.24305422815412758,0.312,0.343,1,HSC
KIAA0319L,0.7326990024788947,0.3715718820035677,0.35,0.367,1,HSC
FZR1,0.7328476499155354,-0.33343123534012875,0.529,0.535,1,HSC
SPSB1,0.7330537424031605,-0.5261663751207668,0.026,0.031,1,HSC
NUP214,0.7330562092161248,-0.5852867669880353,0.276,0.303,1,HSC
RASGEF1B,0.7330593445119157,-1.260119781961095,0.192,0.208,1,HSC
SMARCC1,0.7332478387451854,8.838235202479115,0.79,0.81,1,HSC
DNAJC4,0.7332609061559059,-0.8399822758128757,0.542,0.563,1,HSC
RAP1A,0.7335664531497221,-1.4111901532049447,0.691,0.657,1,HSC
GCNA,0.7336046834365371,0.13265398248113236,0.056,0.049,1,HSC
ALS2CL,0.7336680738284809,-0.4073046082140772,0.015,0.012,1,HSC
TVP23C,0.7337750244717265,-0.1121904839063359,0.064,0.076,1,HSC
EGFL8,0.7337920328576235,0.3891224941981657,0.118,0.098,1,HSC
CENPX,0.7338120887482553,-0.33251769424298994,0.138,0.15,1,HSC
WDR27,0.7339624712759013,-0.21587569355761027,0.363,0.367,1,HSC
SCN11A,0.733993626263517,-0.6130921406295924,0.008,0.012,1,HSC
MT-CO3,0.7340992448727399,-19.00675045287248,0.957,0.942,1,HSC
DDIAS,0.7342727784538754,-0.7431029477195263,0.015,0.021,1,HSC
ENO1,0.7343381384555617,-2.5334410807990064,0.887,0.878,1,HSC
TEN1,0.7343384921365288,0.763363413602964,0.192,0.202,1,HSC
ZNF385D,0.7343947307389208,-0.5163662386344139,0.246,0.248,1,HSC
CYC1,0.7344638865973123,-0.8542693071708252,0.583,0.578,1,HSC
CASTOR1,0.7346305319782036,0.7236111849531635,0.095,0.083,1,HSC
KPNA5,0.7347642828480925,-0.10415948251908543,0.327,0.303,1,HSC
UBE2V1,0.7348288297463169,-0.6574933603222672,0.673,0.651,1,HSC
HADHB,0.7348626275154007,0.13522311312119584,0.826,0.82,1,HSC
ANTKMT,0.7349746292196697,0.5385057165365055,0.148,0.125,1,HSC
PRKAR2B,0.735015412805028,4.087017246397476,0.34,0.358,1,HSC
RNF130,0.7352867330929648,10.002038165575751,0.946,0.933,1,HSC
CCDC43,0.7353048638241219,-0.23287185144085187,0.263,0.294,1,HSC
BLCAP,0.7353137399984957,0.7775642914258152,0.422,0.437,1,HSC
AP1G1,0.7353783789942596,0.35300101475826207,0.563,0.581,1,HSC
RIPK2,0.7356732485497484,1.338665649571657,0.43,0.407,1,HSC
NOD1,0.736114171169365,0.10473209155692631,0.207,0.19,1,HSC
PPP2R3B,0.7361811071293717,-0.5525994819577909,0.199,0.183,1,HSC
MREG,0.7363801396976877,0.4761410878976502,0.082,0.073,1,HSC
PLOD1,0.7366080079905173,0.11903878689665981,0.138,0.138,1,HSC
ATXN3,0.7366123852495129,0.6012412809917445,0.668,0.657,1,HSC
POLR3D,0.736836732316217,0.5859151320218928,0.376,0.37,1,HSC
STN1,0.7368992215226945,0.32164232839477447,0.488,0.459,1,HSC
EYA3,0.736931659166602,0.23056172835547495,0.391,0.398,1,HSC
BRICD5,0.7370354301200603,-0.7804287681734259,0.01,0.018,1,HSC
ZNF473,0.7371039995582009,1.1841625940038558,0.051,0.037,1,HSC
TPM4,0.7371188425038312,2.728162502931793,0.532,0.584,1,HSC
FAM110B,0.7371286883903039,-0.5525747693607439,0.018,0.018,1,HSC
CEP295NL,0.7372551931143929,0.3533575992312503,0.028,0.021,1,HSC
PIK3CD,0.7372853544077369,1.2427665877308964,0.621,0.618,1,HSC
HMGXB4,0.7372990068880343,-0.2605360819811727,0.251,0.263,1,HSC
MAP4K2,0.7373285324061931,2.090633189709465,0.355,0.37,1,HSC
MOSMO,0.7378229936478788,-0.29070415862317467,0.174,0.199,1,HSC
CHTF18,0.7378491075991778,0.19325561997097473,0.049,0.046,1,HSC
IFI44,0.738079531793619,-1.7484701554953972,0.448,0.477,1,HSC
TBX19,0.7383442637936222,-0.2578779718092701,0.036,0.043,1,HSC
SH3TC1,0.7385199989227108,0.2418543826183176,0.159,0.138,1,HSC
ATG16L2,0.7387113546078506,-3.3264342077318068,0.78,0.758,1,HSC
SLC39A9,0.7388217350361015,0.4401969849403278,0.46,0.477,1,HSC
HOMER1,0.7388281783696068,-1.279178669154244,0.01,0.018,1,HSC
RALY,0.7388835686188263,-0.10543763631165581,0.481,0.459,1,HSC
WDR53,0.7391051101334521,0.2558699317004527,0.171,0.153,1,HSC
SLC48A1,0.7391781387540652,-0.2679374907064207,0.348,0.376,1,HSC
PHF5A,0.7392830647856566,0.1605413323344893,0.394,0.382,1,HSC
BMP1,0.7394902575653228,-0.2811842467584962,0.159,0.18,1,HSC
HPS1,0.7395937886576766,0.4026720087685321,0.34,0.321,1,HSC
MATN2,0.7397564368005949,0.756983491835328,0.026,0.018,1,HSC
ZNF17,0.7401340801597398,-0.10231361165291009,0.212,0.196,1,HSC
B4GALT2,0.7402272066902739,-0.1558791908956665,0.066,0.073,1,HSC
ZNF587,0.7402560043771708,-0.13714190541009263,0.169,0.183,1,HSC
EWSR1,0.7403355199760855,-0.5156624132406069,0.714,0.722,1,HSC
STAMBP,0.7403362283260577,0.4925084876179078,0.473,0.502,1,HSC
DIRAS1,0.740393390979552,0.2501906841865167,0.059,0.049,1,HSC
ALYREF,0.7404869489077492,-2.9389523782905718,0.376,0.391,1,HSC
ICAM2,0.740528308685948,1.114261820691698,0.56,0.575,1,HSC
TCF19,0.7406075558767342,-1.1320903538552685,0.079,0.089,1,HSC
TSC22D1,0.7407128921613524,-2.8628634225091147,0.829,0.804,1,HSC
MAML3,0.7407274049348371,-0.15907359904117335,0.708,0.676,1,HSC
TRAM1,0.7407410247115255,-3.9879083853745882,0.854,0.865,1,HSC
KLHL12,0.7409044275745114,-0.12354050061349042,0.414,0.425,1,HSC
ATP5MF,0.7410998921478726,0.35654728308923234,0.417,0.419,1,HSC
KCNG2,0.7411665818657331,-0.7173188790780767,0.01,0.009,1,HSC
ZNF341,0.741175224386991,-0.43765385017601677,0.056,0.07,1,HSC
WDR31,0.7412669573857485,0.654908774339527,0.066,0.07,1,HSC
SOHLH2,0.7414567962526507,0.9768883400680339,0.043,0.031,1,HSC
PLD3,0.7415029588036849,-1.0694201306206383,0.708,0.679,1,HSC
SLC26A2,0.7415786766742631,0.6660142729549068,0.343,0.373,1,HSC
ZNF169,0.7417039840733625,-0.28982847238830245,0.141,0.159,1,HSC
PAN2,0.7418185724807763,-0.3529136661865151,0.363,0.355,1,HSC
CGREF1,0.7418985419272741,0.3833791436133849,0.092,0.098,1,HSC
FAM111A,0.7419675985542792,-4.969670603268343,0.711,0.719,1,HSC
CENATAC,0.7420784164039387,-1.029343554605203,0.166,0.183,1,HSC
RPUSD1,0.7421716518067075,0.7791656723933407,0.107,0.089,1,HSC
RNF32,0.7421861107656816,-0.929855404578233,0.01,0.012,1,HSC
ZNF264,0.7422620801803756,0.13758443231291473,0.491,0.468,1,HSC
LRP3,0.7423468914780972,0.3821421766639208,0.013,0.009,1,HSC
ARHGAP6,0.7423933083552438,-0.19756109394817978,0.077,0.086,1,HSC
AKR1A1,0.7424707673407318,-1.651697321987251,0.685,0.67,1,HSC
TRIM39,0.7427200468609798,-0.17824849255920627,0.1,0.095,1,HSC
SALL2,0.7427469778341969,-0.2569357400291479,0.115,0.131,1,HSC
DUSP10,0.7431390611532053,-0.5028149941345754,0.527,0.517,1,HSC
TIGD2,0.7431397885263751,-0.12061579674563827,0.207,0.217,1,HSC
PARD3,0.7431459937119469,0.8559216424411633,0.031,0.028,1,HSC
FAM53B,0.7432257076128517,0.8333713832263439,0.269,0.242,1,HSC
GGPS1,0.7433594793359423,-0.4957057340225281,0.325,0.318,1,HSC
SIAH3,0.7435359036632965,-0.46193107523861343,0.015,0.021,1,HSC
TMEM242,0.7438490857532496,0.18939068981415885,0.386,0.364,1,HSC
MFN1,0.743867697738211,0.13760568100162984,0.399,0.373,1,HSC
PRPF3,0.7440719275215042,0.39353051446949205,0.647,0.627,1,HSC
LSM8,0.7441411161070384,-0.805585713726829,0.55,0.572,1,HSC
RUNX3,0.7441646082592996,-0.43246794514008546,0.302,0.291,1,HSC
MGST2,0.7442052796584168,-1.3215230917061151,0.463,0.477,1,HSC
VAMP1,0.7442246855237598,0.17828013916613616,0.153,0.147,1,HSC
GAPVD1,0.7443047797051205,-0.5163242323312021,0.512,0.495,1,HSC
SF3B5,0.7444184937376941,-4.956166002022142,0.816,0.798,1,HSC
ITFG2,0.7444349806664803,-0.11959136250446045,0.442,0.431,1,HSC
KBTBD3,0.7444690690168686,0.6349363786981554,0.143,0.135,1,HSC
TNFRSF6B,0.7447549950049851,0.5574107026605937,0.028,0.018,1,HSC
ZSCAN32,0.7450085606279008,0.22665899141319845,0.182,0.168,1,HSC
NEURL1B,0.7450969692791698,-0.2913666854336691,0.24,0.214,1,HSC
NAP1L4,0.7451047033836178,0.13550258846905994,0.783,0.765,1,HSC
PLEC,0.7451385785410582,1.0900486140854466,0.21,0.211,1,HSC
CCDC167,0.7452418748025398,-0.3259300186206828,0.125,0.147,1,HSC
RAB5A,0.7452826630858304,-1.245635800047718,0.506,0.495,1,HSC
ZNF189,0.7453278661325845,0.17048630281477672,0.322,0.339,1,HSC
SRSF2,0.7453557802186344,-1.8665818999381179,0.803,0.777,1,HSC
SEC13,0.7454187844838929,0.7773752843784747,0.588,0.566,1,HSC
ESD,0.7456368621035623,-3.223676687898136,0.854,0.872,1,HSC
C17orf49,0.7456596492042151,-1.3027383830580581,0.509,0.477,1,HSC
ASXL1,0.7457967579404854,0.5762530173105969,0.762,0.74,1,HSC
IGHD,0.7458437690214262,-0.4718187354728939,0.118,0.113,1,HSC
TKFC,0.7459038620603355,-0.7103875979786218,0.307,0.284,1,HSC
OIP5,0.7459932095607815,-0.25787797180926963,0.038,0.046,1,HSC
ST3GAL3,0.7461572754250365,1.1906639857783439,0.488,0.498,1,HSC
TANGO2,0.7462173858380751,-0.2597166590912085,0.299,0.3,1,HSC
IRAK1BP1,0.7464686401708542,0.1622340908573125,0.215,0.211,1,HSC
NT5M,0.7465780997177633,-0.18372688501585976,0.473,0.505,1,HSC
TRGJP2,0.7468226390469859,-1.40120230058632,0.031,0.04,1,HSC
SNX2,0.7468577741665592,-1.3859352357793586,0.744,0.731,1,HSC
TAMALIN,0.7468630294921959,0.48973439826408693,0.038,0.037,1,HSC
C2orf15,0.7469729650704376,0.3656640912372384,0.043,0.034,1,HSC
ACTB,0.7469994484136604,50.679143500171804,0.995,0.991,1,HSC
NRDC,0.7470398732238188,1.4582598916879261,0.844,0.838,1,HSC
ICA1L,0.7470638757976215,0.11637584210345919,0.159,0.18,1,HSC
RFC2,0.7472859505269402,-0.4238600173879411,0.266,0.263,1,HSC
BAHCC1,0.7477395334655917,-4.922673274974885,0.348,0.343,1,HSC
ATP23,0.747935687214071,-0.15392003793597492,0.253,0.263,1,HSC
RAB3A,0.7480947683373519,0.46872592798423085,0.018,0.012,1,HSC
EXTL2,0.7481292622181583,-0.2659410069342206,0.343,0.376,1,HSC
PNMT,0.7481592132628121,1.4243955670872106,0.123,0.116,1,HSC
MINK1,0.74815962339641,0.4792595241562554,0.442,0.416,1,HSC
LMTK3,0.7481657111063188,0.5086216636485452,0.033,0.028,1,HSC
CCDC59,0.748173869381027,-0.11446929514347026,0.527,0.563,1,HSC
CEP120,0.7482168851063169,0.2974888215259267,0.396,0.391,1,HSC
TNFSF10,0.7482416451859747,0.6619337047369704,0.284,0.251,1,HSC
IGSF9,0.7483679933490639,0.3626559093627746,0.02,0.015,1,HSC
NAALAD2,0.7486212933216773,-0.16313133898065768,0.02,0.031,1,HSC
HSP90AA1,0.7486670936988122,5.350954061865657,0.862,0.872,1,HSC
ZNF134,0.7487131641714151,-0.1159813321694877,0.215,0.235,1,HSC
FITM1,0.7488193949943311,-0.3915532024816688,0.018,0.024,1,HSC
USP20,0.7488920339763245,-0.30603841677897226,0.555,0.575,1,HSC
FBXW4,0.7490736132944269,-0.23707513456656965,0.281,0.291,1,HSC
ZFYVE27,0.7491643844501996,0.21140170432942537,0.338,0.324,1,HSC
NUMA1,0.7491745559804188,-3.933966468701912,0.934,0.93,1,HSC
DIPK2A,0.7492608534324515,3.346179616653443,0.402,0.391,1,HSC
PSMD6,0.7492756384755236,1.065420873035884,0.555,0.557,1,HSC
CEP170,0.7495502727966472,0.1553179383820269,0.609,0.581,1,HSC
ATRAID,0.7495652051708674,0.11070796009556849,0.596,0.578,1,HSC
NISCH,0.7496715038564686,-0.6490874654926002,0.471,0.44,1,HSC
MACROH2A1,0.7497166171043621,6.660294900986969,0.882,0.881,1,HSC
PEAK1,0.7497283233432518,0.17468135282124922,0.279,0.257,1,HSC
PPT2,0.7499841643730598,-1.2170065842370268,0.263,0.275,1,HSC
NUP188,0.7501399486490203,-0.7973773610241803,0.535,0.508,1,HSC
CSTF2,0.7501653352318164,-0.35356993291057615,0.036,0.046,1,HSC
PAXBP1,0.7503754552289322,0.6482870148808105,0.442,0.446,1,HSC
CTDNEP1,0.7503826066994502,-0.20859451053270517,0.174,0.19,1,HSC
PDPR,0.7506712104290665,0.18606605617275385,0.609,0.572,1,HSC
ATP13A4,0.7507592523330904,0.15678836072572322,0.046,0.037,1,HSC
IVD,0.7507749918120401,1.2127269679348331,0.499,0.502,1,HSC
ADGRL1,0.7510752286965932,-0.4616586031467953,0.23,0.211,1,HSC
PIK3CB,0.7510765163741673,0.10614789910978106,0.391,0.419,1,HSC
TLDC2,0.7510951995903437,1.4377453679558374,0.018,0.009,1,HSC
SLC2A6,0.7511337405033949,-0.21350916763730154,0.069,0.08,1,HSC
MIER3,0.7512104626810896,-0.27677614350181473,0.256,0.235,1,HSC
WDR89,0.7512369827688851,0.9574131495983073,0.286,0.269,1,HSC
MCMBP,0.7512693299295039,-0.5189408375998446,0.414,0.398,1,HSC
TTYH2,0.751599970742435,0.1885753277244997,0.061,0.061,1,HSC
QRICH2,0.7518330080988711,-0.5832918147045651,0.033,0.034,1,HSC
ANKRD16,0.7518796499036793,-0.3417568834038336,0.156,0.162,1,HSC
RUVBL1,0.7519424894671403,0.2138967455921943,0.535,0.523,1,HSC
MISFA,0.751967557931112,0.9857349436543879,0.033,0.028,1,HSC
CNOT11,0.7520049130397012,-1.1602086582479934,0.598,0.621,1,HSC
METTL5,0.7520239647742248,0.10759543979648223,0.517,0.492,1,HSC
HGF,0.7521288004272324,-1.7597973416785,0.113,0.104,1,HSC
CAMK1D,0.75217530059457,-0.8851443094632394,0.506,0.529,1,HSC
SLC22A5,0.7522986879837399,-0.28043640143296167,0.125,0.128,1,HSC
BAP1,0.7523321081478266,0.24324697226009093,0.302,0.272,1,HSC
NUDT10,0.7524936824438665,-0.43115550966482097,0.046,0.055,1,HSC
RNF25,0.7526648027775998,0.652992417832729,0.166,0.19,1,HSC
POMC,0.7530099525707399,-0.4366139328406815,0.018,0.024,1,HSC
TYROBP,0.7531949634101994,1.3313733373994394,0.138,0.125,1,HSC
MAP2K3,0.7532402038148905,0.19843735459354406,0.558,0.572,1,HSC
XYLB,0.7535338813530363,0.2646728245548866,0.015,0.012,1,HSC
ARMCX1,0.7536639953369728,0.24239274650923948,0.353,0.339,1,HSC
CD302,0.7538170960381432,-0.14142006669459306,0.442,0.462,1,HSC
GALNT4,0.7538514325226323,-0.2722171159721114,0.179,0.196,1,HSC
DNAJB12,0.753932167669227,-0.22134362018367537,0.391,0.419,1,HSC
NUP88,0.7539425419283573,-0.7352664185882463,0.455,0.477,1,HSC
E2F2,0.7539846071164208,-1.2348018018022824,0.01,0.009,1,HSC
TSHZ3,0.7540235237497003,-0.9771202026496,0.01,0.018,1,HSC
BEX2,0.7541012949022318,0.1994926685641965,0.302,0.291,1,HSC
TRIM62,0.7541941254381839,0.17304938684787174,0.041,0.028,1,HSC
PPP1R3F,0.7541992722189922,-0.6119899780993427,0.061,0.07,1,HSC
ELL2,0.7543220379902659,1.0210426091868625,0.258,0.242,1,HSC
NFATC3,0.7543508084912266,1.9549384630015738,0.67,0.654,1,HSC
USP15,0.7544505577725444,1.5075400243547445,0.862,0.875,1,HSC
NQO1,0.754453276136969,-2.6365157821760947,0.079,0.092,1,HSC
ZNF224,0.7546161909354796,0.28451733284003633,0.432,0.404,1,HSC
RPN1,0.7549269000440095,0.29847786898028983,0.373,0.373,1,HSC
ASCC1,0.7549432274752381,0.18589745822101744,0.327,0.336,1,HSC
FBXL17,0.7550126163984582,1.0883496921966824,0.578,0.593,1,HSC
POLR3G,0.7551018800908088,0.8800927763629622,0.043,0.037,1,HSC
POGK,0.7553700557958324,0.20464938542283306,0.563,0.547,1,HSC
CPD,0.7554140173848948,-0.13043503622085512,0.325,0.324,1,HSC
PIGC,0.7554745388542731,0.13746053969479838,0.292,0.263,1,HSC
TRAK2,0.7555060866256901,0.23822181158861705,0.233,0.214,1,HSC
DCAF1,0.7555424761956049,0.14594006438326007,0.315,0.349,1,HSC
TRBC1,0.7557258252393916,22.792136329633244,0.082,0.07,1,HSC
CCAR1,0.7558432845166093,-0.17194786905747628,0.194,0.214,1,HSC
ZNF280C,0.7559200209723037,-0.2836605603708733,0.202,0.202,1,HSC
LYPLA2,0.7561286848225405,0.20420553036843536,0.133,0.116,1,HSC
CLCN6,0.7561364877983483,-0.18790858532556592,0.248,0.257,1,HSC
EIF4A2,0.7561802114608238,-0.2967485950707456,0.877,0.865,1,HSC
DCUN1D1,0.7562269261402839,2.356500328877745,0.565,0.581,1,HSC
TPM2,0.7563943557865348,-0.6003303241451596,0.243,0.226,1,HSC
KIZ,0.7565834457272719,0.24905501074155922,0.302,0.321,1,HSC
PHKA2,0.7565951023324291,-0.18955239608291546,0.358,0.367,1,HSC
MTA1,0.7567844743501597,-0.5614212841785324,0.716,0.697,1,HSC
FAM200A,0.7570139144435226,0.3364887679399813,0.136,0.122,1,HSC
EFNA3,0.7570595250931867,-0.5855556999131375,0.036,0.046,1,HSC
SRD5A3,0.757242003361265,-1.1831366502903542,0.363,0.339,1,HSC
CCNB1,0.757254322847313,0.22573157220557516,0.176,0.159,1,HSC
ACTA2,0.7572734611147501,-0.5777799381910307,0.043,0.049,1,HSC
KDM2A,0.7572954400701202,-0.25265694177202747,0.798,0.786,1,HSC
SNRPB2,0.7573226507790184,0.546898611900601,0.662,0.685,1,HSC
NECAP2,0.7573870615642736,-0.2358008147870967,0.448,0.437,1,HSC
CNNM1,0.7575581810511771,0.3565598458523169,0.036,0.024,1,HSC
CDRT4,0.7575906961577675,-0.47932298594387657,0.373,0.401,1,HSC
LATS1,0.7576677791334605,-0.5197566686040136,0.647,0.63,1,HSC
RNFT2,0.7577291231786053,-0.531364260777468,0.023,0.034,1,HSC
DPH6,0.7577907241464176,-0.6589583438477655,0.345,0.318,1,HSC
IGF2BP2,0.757922063236692,-0.6450943329557699,0.355,0.394,1,HSC
MEF2B,0.7579708817837911,0.147666986612498,0.11,0.11,1,HSC
USF1,0.7580261010663549,-0.2504074715242284,0.448,0.416,1,HSC
SLC9A9,0.7581337757632916,1.3149265470012657,0.092,0.101,1,HSC
CCNT1,0.7585075153886345,-0.21744316748975145,0.499,0.532,1,HSC
BAK1,0.7585180059525425,-0.11079483045224903,0.504,0.477,1,HSC
PADI2,0.7585954186938527,-1.0123175764057315,0.015,0.015,1,HSC
TNRC6B,0.7586667090157359,-0.31404703690929736,0.67,0.645,1,HSC
KCTD9,0.7587650169729114,0.21859618015642224,0.338,0.309,1,HSC
POLM,0.7588787626932967,-0.33369748080251105,0.159,0.183,1,HSC
ZNF131,0.758988691639648,-1.0080863110925413,0.465,0.443,1,HSC
KLF13,0.759168214035507,0.2672331036888091,0.33,0.339,1,HSC
SERINC1,0.7591691444194009,-0.425722526469952,0.737,0.722,1,HSC
PSME3,0.7591835617389082,-0.17549210508199298,0.187,0.177,1,HSC
CISD3,0.7593415214700318,-0.14814243794324167,0.087,0.08,1,HSC
FBN1,0.7593492003133315,-0.3288959541676464,0.35,0.364,1,HSC
SPRYD4,0.7596606369632041,0.13896852987933322,0.309,0.318,1,HSC
SLC23A1,0.7598987832813653,0.6259545682554366,0.018,0.015,1,HSC
CSTF2T,0.7600868967732914,-0.2864763215649866,0.596,0.566,1,HSC
CASP3,0.7601216963014475,5.245028998597377,0.701,0.679,1,HSC
KCTD18,0.760133948845369,0.4714451807786103,0.153,0.153,1,HSC
TMEM248,0.7602381116090696,0.3337895478442481,0.685,0.67,1,HSC
CPT1A,0.76024650482335,-0.31124209857006857,0.54,0.52,1,HSC
TAF7,0.7604208975861165,-0.24975341341143142,0.849,0.872,1,HSC
UBE2A,0.7604951183507928,0.49037467253527467,0.634,0.606,1,HSC
SUPT3H,0.760554993809626,0.36037413786394246,0.284,0.294,1,HSC
SGTA,0.7605613329471703,0.5951192842876585,0.453,0.434,1,HSC
CD93,0.7606347739924438,0.23409192837139292,0.043,0.046,1,HSC
FZD7,0.7607515084171473,-0.3022467759812386,0.066,0.083,1,HSC
HEG1,0.7607552965497177,3.788411574410194,0.049,0.037,1,HSC
OR13C2,0.7613570748528348,-0.5261663751207668,0.026,0.031,1,HSC
LIMK1,0.7613862079283199,0.787436336749637,0.184,0.18,1,HSC
ANAPC11,0.7614223031873046,-1.6290995243207704,0.586,0.609,1,HSC
ACSS1,0.7614757702511817,-0.16920402655610678,0.542,0.532,1,HSC
ARID3A,0.7614913624334125,-0.32438042408802703,0.182,0.19,1,HSC
KLHL23,0.7616374293552446,-0.29809165183387115,0.248,0.263,1,HSC
KMT5A,0.761660844316946,-0.5709314976575985,0.361,0.379,1,HSC
PACC1,0.761676097902023,0.42032757843211854,0.478,0.502,1,HSC
BBC3,0.7617064802717395,0.40758301157697296,0.059,0.049,1,HSC
EPS15L1,0.7620922212140466,-4.669505721958931,0.642,0.661,1,HSC
TAS2R8,0.7621325051334648,-0.4073046082140772,0.015,0.012,1,HSC
VPS26B,0.7622062508506554,0.17698573424570707,0.519,0.541,1,HSC
FGF16,0.7622352890019871,-0.6548518613743308,0.02,0.024,1,HSC
IER3IP1,0.7623696391129209,0.35779326100036923,0.21,0.19,1,HSC
COL5A1,0.7624313381562582,0.34551727911297964,0.199,0.18,1,HSC
ERP44,0.7624539410215078,-0.329348162667618,0.614,0.648,1,HSC
CDCA7,0.7626829100858727,-2.054726783754067,0.307,0.352,1,HSC
FBXL2,0.7628262264132102,-0.8517916308348115,0.01,0.015,1,HSC
ADGRD1,0.7630735472496386,2.4135995234066856,0.036,0.043,1,HSC
SCAMP4,0.7631395605973796,-0.34372949165521166,0.189,0.205,1,HSC
SLC4A4,0.763199106776391,1.3166755834803419,0.02,0.021,1,HSC
ECHDC2,0.7633750369970455,0.1920628888846454,0.09,0.08,1,HSC
PNMA1,0.7635505363294477,0.46581343436073797,0.294,0.281,1,HSC
UNG,0.7636818596519704,-0.8687361111400399,0.182,0.18,1,HSC
GPRASP2,0.7636895390219859,1.0216812820632484,0.038,0.031,1,HSC
GALNT12,0.7636967944009372,-0.14692585646483147,0.054,0.058,1,HSC
TPRN,0.7637718441292389,0.6676349846894545,0.033,0.024,1,HSC
FKBP11,0.7639519755327657,-1.6596871182107387,0.353,0.336,1,HSC
TOGARAM2,0.7639526213940018,0.6259545682554366,0.018,0.015,1,HSC
SOD1,0.7639929783390279,-0.8622194940920322,0.499,0.502,1,HSC
CYB5R4,0.7640019416168695,-0.8611145562201914,0.731,0.731,1,HSC
PRRC2B,0.7640564016157977,-0.6235825194970108,0.368,0.391,1,HSC
DIAPH1,0.7640580539437849,8.428289409806808,0.767,0.783,1,HSC
NTN1,0.7642205424467077,0.317831878787203,0.02,0.021,1,HSC
ZNRF2,0.764260210785396,0.626494516036272,0.581,0.596,1,HSC
POLR2L,0.7643657093725564,-1.7092379101948976,0.366,0.376,1,HSC
IFT52,0.7647293476402554,-0.7007148760884686,0.307,0.333,1,HSC
GAR1,0.7649124957693693,1.3420608365176645,0.496,0.48,1,HSC
CRYBG3,0.7650384354184065,0.3993468535617044,0.038,0.034,1,HSC
AVIL,0.7651757376018291,-0.25787797180926963,0.023,0.028,1,HSC
NUDT17,0.7652089121310606,-0.17972283174403025,0.102,0.113,1,HSC
ZNF677,0.7656102498681068,0.2865482863836623,0.251,0.272,1,HSC
NDUFAF2,0.7656995996593204,-0.11268794166589907,0.289,0.272,1,HSC
PLEKHG3,0.7657282257294802,1.6038618702662841,0.018,0.009,1,HSC
PEX11G,0.7659771442840102,0.2646728245548866,0.015,0.012,1,HSC
HCK,0.766072798835679,11.795178335915962,0.049,0.052,1,HSC
TBRG4,0.7660882868591542,0.47328525005884914,0.409,0.379,1,HSC
DCTD,0.7661043992819145,1.0621248386552757,0.647,0.657,1,HSC
C12orf57,0.766126878201878,1.6696865217444223,0.824,0.832,1,HSC
SAMM50,0.7662098654212799,0.24791920009201696,0.304,0.33,1,HSC
KRT72,0.7666240599408957,1.9622188773823561,0.015,0.009,1,HSC
ZNRD2,0.7667278709123867,0.19494960920253493,0.253,0.278,1,HSC
C9orf24,0.7668461475089379,-0.4804591157009894,0.018,0.018,1,HSC
CHRNA5,0.7669621769092596,-0.19082162234097932,0.041,0.046,1,HSC
NOL4L,0.7671165120168928,0.19501601220315035,0.573,0.581,1,HSC
CDC42SE2,0.767553045921253,0.8108537356248373,0.88,0.899,1,HSC
FOXJ3,0.767593310138765,0.27831123313127004,0.496,0.505,1,HSC
RAVER2,0.76784981293291,-0.12203029159305556,0.453,0.471,1,HSC
SPTA1,0.7680036150831818,-1.7218407687500998,0.023,0.031,1,HSC
NIPAL2,0.7681935703990396,0.20026133269709973,0.286,0.269,1,HSC
CTSF,0.7683401990781611,-13.182458565396391,0.458,0.428,1,HSC
ETAA1,0.7683417468472746,-0.3238327038847456,0.284,0.297,1,HSC
ZNF202,0.7684441815038393,0.27866412275518293,0.138,0.141,1,HSC
EMC1,0.7685892012587936,-0.13252109705629164,0.304,0.312,1,HSC
IDE,0.7686143057688475,0.6371464799513766,0.307,0.312,1,HSC
TEP1,0.7688977230571169,-0.16286260806650477,0.309,0.336,1,HSC
SAMD15,0.7690991886116748,-0.5956272538815908,0.018,0.028,1,HSC
PLA2G4A,0.769149516950372,-0.5589768784042117,0.299,0.33,1,HSC
RENBP,0.7691736030063379,0.20222245761138935,0.286,0.254,1,HSC
ZNF37A,0.7693827651644913,-0.4366139328406815,0.018,0.024,1,HSC
TOMM5,0.7694991380149271,-0.7274346863262524,0.473,0.468,1,HSC
LAT2,0.7695107295505876,0.35953328809640617,0.652,0.654,1,HSC
DICER1,0.7697445592364955,-0.6261527074140565,0.593,0.606,1,HSC
CDKAL1,0.7700483956073356,-0.17624081044379558,0.668,0.67,1,HSC
MARVELD1,0.7701222343368799,0.21506438993020158,0.246,0.248,1,HSC
IFT22,0.7701552260460608,-0.14976630374679212,0.148,0.168,1,HSC
ZNF530,0.7702234361365129,1.0219946401671933,0.056,0.043,1,HSC
FASTKD3,0.7702338607759078,0.3343664607836525,0.102,0.089,1,HSC
CATSPER2,0.7702806377458766,0.5432191169226359,0.118,0.098,1,HSC
GATAD1,0.7705702513647285,0.6971239907765285,0.504,0.483,1,HSC
F2RL1,0.7709414089323332,-0.5818586740369227,0.327,0.327,1,HSC
TCP11L2,0.7709903018923143,-0.4022609454017543,0.586,0.602,1,HSC
MAPKAPK3,0.771164625914949,0.9561304021949191,0.708,0.731,1,HSC
TNFRSF25,0.7712258893090825,0.19080328600572272,0.074,0.086,1,HSC
ELF4,0.7713108516662557,-0.13834085756891784,0.294,0.312,1,HSC
TRAPPC4,0.7713985576521531,0.6354701471172555,0.458,0.453,1,HSC
SEPTIN2,0.7715413237020007,0.11742034461800799,0.586,0.602,1,HSC
FGFBP3,0.7715413983507544,-0.45484493292982675,0.046,0.055,1,HSC
ZDHHC18,0.7716213505450022,-0.42612986738779235,0.194,0.214,1,HSC
ZBTB46,0.7717506364251002,-0.7034584257968599,0.159,0.174,1,HSC
TMEM241,0.7719043864744328,-0.14573851456324882,0.194,0.196,1,HSC
MEI4,0.7719401726445426,-0.288022510195304,0.072,0.08,1,HSC
KXD1,0.7719655574145489,0.5971452287027663,0.593,0.621,1,HSC
SRPK2,0.7719884670089495,0.4263430576532128,0.44,0.459,1,HSC
KIAA1549,0.7720438717883221,-0.33752867500879746,0.24,0.242,1,HSC
SMC2,0.7720985793204025,-0.37062040658950585,0.269,0.281,1,HSC
KLF8,0.7722350086010747,-0.15930960549371065,0.051,0.064,1,HSC
VAMP3,0.7722384461856143,-1.9246433885155474,0.473,0.471,1,HSC
ADAP2,0.7722457675251586,-0.4366139328406815,0.018,0.024,1,HSC
AMT,0.7723049097631075,-0.1674592133729128,0.345,0.352,1,HSC
C19orf73,0.7723646441280467,-0.4956227885205582,0.013,0.018,1,HSC
RASSF5,0.772548267054491,0.5132119202119723,0.442,0.428,1,HSC
HSD3B7,0.7725894044396076,0.3456295241119878,0.056,0.049,1,HSC
XKR3,0.772762877769317,0.8239400968045532,0.018,0.009,1,HSC
SRGAP1,0.772791827835201,-0.5426839514621369,0.01,0.015,1,HSC
RSPH4A,0.7728064746698624,0.7285477555070705,0.018,0.021,1,HSC
ERMP1,0.7728268291133599,9.687144768868437,0.708,0.685,1,HSC
MIA3,0.7731744818118361,0.3383905782550607,0.481,0.502,1,HSC
TERF2IP,0.7732207349440825,0.1660866578478375,0.744,0.746,1,HSC
C1GALT1C1,0.7734546176685211,-0.3472101391176481,0.228,0.242,1,HSC
KNSTRN,0.7734875746512213,-0.34613122796347406,0.064,0.083,1,HSC
CBR4,0.7734880150630126,-0.1798442917044787,0.327,0.327,1,HSC
EPM2AIP1,0.7737075368800072,0.7455615479543454,0.629,0.642,1,HSC
SEC61G,0.7737338866257488,-1.505232150328165,0.43,0.407,1,HSC
KCTD12,0.7737949724261851,-6.493338128856772,0.12,0.107,1,HSC
NDRG1,0.7737954026165934,-0.32066902217457965,0.223,0.232,1,HSC
GID8,0.7738275700828252,-0.9754724557184171,0.683,0.703,1,HSC
MBD3,0.7738433679690007,-0.2623848200948997,0.307,0.318,1,HSC
C15orf40,0.7738573011907489,-0.3365238043581953,0.235,0.232,1,HSC
CCDC47,0.7739440389474598,-0.9307026662784472,0.555,0.56,1,HSC
LZTS2,0.7740017866955692,-0.39002129944487796,0.468,0.443,1,HSC
LZTS3,0.7740867285365731,0.576670268676998,0.018,0.012,1,HSC
LZTFL1,0.7741171587000022,0.4565270611280141,0.547,0.575,1,HSC
NFKBIA,0.7741840095792948,7.92453308687856,0.678,0.664,1,HSC
LBR,0.7743390699649918,2.9436379497111025,0.65,0.673,1,HSC
SPACA9,0.7745790673305949,-0.8111663884046088,0.066,0.092,1,HSC
ZDHHC20,0.7746067573276206,-0.17251681158440646,0.463,0.483,1,HSC
FMN1,0.7746241515881205,0.8546995430832678,0.043,0.031,1,HSC
HSF2BP,0.7747992800014887,-0.2578779718092692,0.01,0.012,1,HSC
PCYT1B,0.7748193802154115,-0.15196371249040652,0.146,0.156,1,HSC
SLC4A2,0.7748787549974863,-0.10476921670384276,0.133,0.147,1,HSC
ZC3H6,0.7748992943594101,0.4032232883573556,0.279,0.257,1,HSC
RMDN2,0.7751095056183283,1.4340274386912177,0.118,0.107,1,HSC
PTTG2,0.7751975085916939,0.46872592798423085,0.018,0.012,1,HSC
CTDP1,0.7752711278057328,0.39609318680157735,0.43,0.425,1,HSC
LIAS,0.7753688968296296,-0.1362826724414954,0.286,0.3,1,HSC
LCMT1,0.775409816395031,-0.43280827753375006,0.43,0.456,1,HSC
VWDE,0.7757450651278783,0.19780832789847647,0.307,0.336,1,HSC
BOP1,0.7757480485483421,-0.3186544180985826,0.171,0.177,1,HSC
OSGIN2,0.7758728385786343,-0.27905125230845923,0.223,0.232,1,HSC
NAALADL2,0.7759749971701353,0.4197489055140353,0.133,0.116,1,HSC
CD300A,0.7762884766463435,-1.771334095958975,0.483,0.471,1,HSC
EXOG,0.7763234274607762,-0.6996758919499015,0.013,0.021,1,HSC
SRXN1,0.7764154415158796,0.373918060217449,0.051,0.052,1,HSC
CARS1,0.7765145764079373,-0.36037081069840715,0.033,0.043,1,HSC
OXNAD1,0.7767525028798288,-1.3636061979122682,0.307,0.291,1,HSC
PILRA,0.7767858993187964,2.4793482823723716,0.041,0.031,1,HSC
FOXK1,0.776936896868655,-0.3559912889368597,0.506,0.532,1,HSC
LRRC14,0.7769455314308794,-0.3263013485304961,0.179,0.199,1,HSC
TMEM9B,0.7770324707990353,1.4867815220675649,0.373,0.37,1,HSC
CBX3,0.7771920503997722,-1.7201803777183091,0.716,0.703,1,HSC
RASSF2,0.777246632788893,0.5544253021323189,0.309,0.33,1,HSC
DOCK8,0.7772744878490057,-0.37120762581480893,0.788,0.798,1,HSC
LCAT,0.7775283033580601,0.23123616588571538,0.072,0.058,1,HSC
TADA2B,0.7775892833083982,-0.24471771000850362,0.11,0.107,1,HSC
MTERF3,0.77771162666849325,1.2361767890131958,0.251,0.254,1,HSC
LRPAP1,0.7778302519082594,-0.15093171714613485,0.529,0.514,1,HSC
MTHFSD,0.7784209378595303,-0.16649915402014592,0.13,0.144,1,HSC
JADE3,0.7784234848430598,0.2613579140692802,0.248,0.242,1,HSC
KLHDC4,0.7784560223100493,0.2910229820931056,0.376,0.37,1,HSC
DCAF7,0.7785179324734367,1.3709785557634921,0.859,0.875,1,HSC
PPM1G,0.7787702480078399,-0.9114608778466724,0.478,0.495,1,HSC
PRTG,0.7790621210648265,1.7702936627827088,0.02,0.012,1,HSC
S100A6,0.7791481132010756,-3.587870091955917,0.721,0.737,1,HSC
LTBP3,0.779268318604244,-2.019870316607101,0.739,0.755,1,HSC
CTSD,0.7793052040196732,-0.48861744244457217,0.478,0.511,1,HSC
PPP1R16B,0.7794282135459019,-0.4514976472491903,0.102,0.113,1,HSC
NDUFA8,0.7801954439224748,0.5735479916507931,0.425,0.456,1,HSC
UBXN1,0.7806614465007871,-0.3785771823105719,0.627,0.633,1,HSC
DNAJC21,0.7806658749012099,-0.626927546401983,0.616,0.606,1,HSC
CYBC1,0.7812292901602728,0.2243705656216224,0.581,0.557,1,HSC
VEZF1,0.7812839924001045,0.14576514480725544,0.665,0.679,1,HSC
ZCCHC2,0.7813050380298464,1.0124481770647493,0.281,0.284,1,HSC
GOT1,0.7813760276664287,-0.4391527132927133,0.156,0.177,1,HSC
KCTD13,0.7814601557536612,0.39876376646910583,0.294,0.278,1,HSC
HK2,0.7814781688800124,0.2478755575907,0.289,0.306,1,HSC
IPO4,0.7815072010487758,-0.23697173950225947,0.049,0.049,1,HSC
ARL11,0.7815124232731575,0.34948025385325565,0.266,0.251,1,HSC
MTFR2,0.7816926716554929,-0.2578779718092701,0.01,0.012,1,HSC
ZNF784,0.7818346451125516,-0.4537613231483345,0.148,0.141,1,HSC
PSMD3,0.7820883816105956,-0.22305414368422927,0.67,0.648,1,HSC
SNORC,0.7822779506741865,-0.46193107523861343,0.015,0.021,1,HSC
COLGALT1,0.782282907310578,-0.6708164009874775,0.361,0.355,1,HSC
NBPF3,0.7823527557028999,-0.37922250785555445,0.049,0.055,1,HSC
ILDR2,0.7824193807704327,-0.7313045233607331,0.02,0.015,1,HSC
CRY2,0.7824654614162125,0.3961741568333628,0.292,0.263,1,HSC
GPKOW,0.7824867568631889,0.22761397827950583,0.284,0.266,1,HSC
MTSS2,0.7825308669687585,-0.2531638373269244,0.166,0.183,1,HSC
MBNL1,0.7825868413423596,11.158885353873563,0.887,0.887,1,HSC
PPP1R14A,0.7826420112895043,0.16050216151343388,0.02,0.031,1,HSC
ABCE1,0.7826669818636287,0.1632179425522553,0.432,0.453,1,HSC
SDHB,0.7829927712071556,1.1887483097161127,0.522,0.535,1,HSC
NR1H3,0.7830071752645829,0.3458031215388304,0.379,0.385,1,HSC
SNX6,0.7830183451908618,-0.1400537042725145,0.668,0.673,1,HSC
SLC45A3,0.7830735455672357,-1.3612660019080298,0.363,0.333,1,HSC
METTL22,0.7830797221308046,-0.26049757731331974,0.253,0.248,1,HSC
UHMK1,0.7832305245667633,0.13011524682960962,0.719,0.716,1,HSC
TMEM33,0.78333290433772,-0.5341951238888947,0.627,0.645,1,HSC
CLINT1,0.7834548915930497,1.0091477019671284,0.821,0.795,1,HSC
ATP5F1D,0.7834793495984482,-0.47175064642809517,0.754,0.758,1,HSC
LRRC41,0.7835424000962344,-4.543083591281,0.655,0.661,1,HSC
SYVN1,0.7836586397551207,-0.15527619883769064,0.299,0.318,1,HSC
STEEP1,0.7837223300491535,-0.13802588032396929,0.361,0.379,1,HSC
CREG1,0.783748869604614,1.4495128531236912,0.813,0.826,1,HSC
ACLY,0.783923630132751,-0.5816758749305935,0.35,0.385,1,HSC
TTC5,0.7840537741784628,-0.5833716562915889,0.407,0.44,1,HSC
SPATA5,0.7841464991520031,-0.26576906038618897,0.192,0.211,1,HSC
ARL6IP1,0.7841482481071399,-0.20287860006728486,0.547,0.56,1,HSC
PHAF1,0.7843371617413182,0.313346957453965,0.307,0.294,1,HSC
HIGD1A,0.7843717592628007,0.4337415857542397,0.113,0.092,1,HSC
PRPF8,0.7844026098756061,-0.9868095375573815,0.57,0.593,1,HSC
CAST,0.784520273074315,-5.179735496410075,0.519,0.498,1,HSC
TBCE,0.784598637096138,0.260659954950869,0.368,0.352,1,HSC
ATOSB,0.7846087534331382,0.34528366960849244,0.138,0.116,1,HSC
NDC1,0.7846877750249479,-0.5368308904024419,0.292,0.324,1,HSC
INTS10,0.7847062413423639,-0.6448649402157627,0.545,0.554,1,HSC
RNH1,0.7847684699912438,-1.1631490193852732,0.524,0.514,1,HSC
HEMGN,0.7848912210622423,-3.6481143933810394,0.619,0.609,1,HSC
PTPN7,0.7849204318367107,-0.8100433438127883,0.422,0.443,1,HSC
HBD,0.7851184706162635,11.450352307907947,0.115,0.131,1,HSC
AMIGO2,0.7851768573100885,0.33178854551267145,0.036,0.043,1,HSC
SGTB,0.7852781249693498,-0.4911038390449103,0.166,0.168,1,HSC
ZNF41,0.7852840353172502,-0.7585162675355465,0.197,0.208,1,HSC
ALG12,0.7852999752526544,0.4622192402371443,0.33,0.315,1,HSC
ZNF622,0.7853836920990791,0.9034292860429787,0.309,0.318,1,HSC
MPG,0.7854814783794234,-0.5006976911154584,0.465,0.44,1,HSC
CDKN3,0.7855196966000397,-0.6406670362700257,0.015,0.024,1,HSC
SHISAL2A,0.7855402251846527,1.1700186245544928,0.023,0.015,1,HSC
TCEAL5,0.7856052937476619,-0.41689129285017934,0.02,0.028,1,HSC
KRTCAP3,0.785634540756284,0.4477168655738972,0.066,0.055,1,HSC
FOXP1,0.785649051703149,3.1363634247863725,0.926,0.933,1,HSC
TXN2,0.7857472397872688,-0.11046676307285352,0.634,0.624,1,HSC
IGHA1,0.7857618669567124,0.9545223465244836,0.013,0.009,1,HSC
VBP1,0.7859765480499477,-3.328053189862621,0.535,0.517,1,HSC
VDAC1,0.7860432876591271,-0.9673698668906696,0.396,0.391,1,HSC
SMARCB1,0.7861338561653891,0.9801107132010722,0.691,0.691,1,HSC
GCN1,0.7862957875334238,0.23274722400110426,0.407,0.425,1,HSC
DMD,0.786487424430998,0.8544221468325608,0.013,0.006,1,HSC
ANKMY2,0.786853023660522,-0.17262468496593186,0.171,0.18,1,HSC
VIRMA,0.7869914674192937,0.24586460413079214,0.445,0.456,1,HSC
GSE1,0.787022252392299,-1.59137178085712,0.816,0.832,1,HSC
TARS3,0.7870563207684087,-0.23080186819998005,0.271,0.275,1,HSC
SIRPA,0.7871097909463938,-0.3125941645765318,0.046,0.049,1,HSC
ANKDD1A,0.7871850018739754,0.8119242532281972,0.064,0.058,1,HSC
STRIP1,0.7874767096224521,0.11619458846860575,0.491,0.471,1,HSC
SH3BP1,0.7874892690043035,0.9754792181051952,0.373,0.343,1,HSC
IFI6,0.7875291856405485,-4.585868231214828,0.494,0.514,1,HSC
ID3,0.787559697896538,-0.4073046082140772,0.015,0.012,1,HSC
WDR37,0.7876419077470631,0.39506381906726196,0.412,0.41,1,HSC
SLC43A1,0.7876709159998151,-0.2924150035206528,0.292,0.275,1,HSC
RCL1,0.7878559793725031,-0.9842563771309116,0.419,0.401,1,HSC
KCTD20,0.7879632143848435,1.219093574347037,0.639,0.633,1,HSC
CCR9,0.7881775121498266,3.6683800314838373,0.072,0.07,1,HSC
DHFR,0.7882984109552432,-1.6453373524756332,0.092,0.083,1,HSC
C15orf39,0.7884679366648774,-3.7732128782346184,0.731,0.719,1,HSC
DDX20,0.788486048012655,-0.12433452198446909,0.309,0.333,1,HSC
SLC6A6,0.7886262880396337,-0.3023100259270244,0.468,0.474,1,HSC
ITGA10,0.7886511396422243,-0.7173188790780767,0.01,0.009,1,HSC
MIS18BP1,0.7886647359846705,0.5485362222229742,0.726,0.749,1,HSC
ZNF713,0.7886797857608655,-0.3300634833590508,0.156,0.174,1,HSC
SLC25A20,0.7890215326891639,0.5498950922732382,0.445,0.425,1,HSC
ZNF132,0.7891812506311418,0.11968641407280756,0.138,0.125,1,HSC
HMG20A,0.7892470042897689,0.12321037415799951,0.512,0.52,1,HSC
ATG5,0.7892480351421416,0.12479186184150703,0.396,0.376,1,HSC
COPS2,0.7892803167842718,1.0898781997258693,0.673,0.694,1,HSC
DDB2,0.7893567694564239,0.42640523789867235,0.151,0.159,1,HSC
KCNJ8,0.7894874499236435,1.0520105983932742,0.023,0.018,1,HSC
METAP2,0.789804119216507,0.7228436587112421,0.716,0.688,1,HSC
KLF6,0.7898608317558248,18.25203171563495,0.772,0.761,1,HSC
RNF26,0.7899520165141154,0.1365800434587804,0.215,0.193,1,HSC
CNPY3,0.7899535118533673,1.8065339243576677,0.841,0.844,1,HSC
COG7,0.790247772853828,0.3823414957913771,0.402,0.382,1,HSC
ANKRA2,0.7903639528027687,0.42258398248697693,0.238,0.22,1,HSC
NUDT9,0.790387872233545,-0.11107591607532452,0.256,0.26,1,HSC
SREBF1,0.7904107423318627,-0.6888176250210112,0.335,0.312,1,HSC
IMMT,0.790415189545024,0.6682605857419737,0.568,0.56,1,HSC
PDHB,0.7908907762291273,-4.057583447252656,0.647,0.661,1,HSC
CTHRC1,0.7909054287541638,0.5696161671796931,0.01,0.006,1,HSC
LCN2,0.7909695019896782,-0.7145308419651419,0.01,0.012,1,HSC
IL17RA,0.7913172017593942,-0.7199468455595234,0.189,0.19,1,HSC
TCF12,0.7913671192369144,-0.6913395820938475,0.701,0.667,1,HSC
TNNI2,0.7913733619139438,2.5760303491992906,0.02,0.018,1,HSC
RHBDD3,0.7917184353862928,-0.24291309550612938,0.061,0.064,1,HSC
FBRS,0.7917605690288936,1.1733453395207252,0.665,0.679,1,HSC
MROH1,0.7919564642491795,0.11360547283185148,0.312,0.297,1,HSC
CLTCL1,0.792015103029647,-0.2578779718092692,0.01,0.012,1,HSC
FH,0.7921073542127317,0.497028115569107,0.483,0.502,1,HSC
EXOSC10,0.7921259859210912,-0.5586324526165494,0.524,0.538,1,HSC
CDK4,0.7923422701090441,-1.4138975860989058,0.501,0.526,1,HSC
PLEKHG4B,0.7924043460448084,1.4472428525231915,0.061,0.049,1,HSC
NAIF1,0.7924824440058061,0.34467563446311544,0.123,0.104,1,HSC
XKR5,0.7925057133948867,-0.2578779718092701,0.01,0.012,1,HSC
ELP3,0.7925771923423632,0.4988505573986941,0.355,0.324,1,HSC
TYMP,0.7927400591740827,-11.799367637981176,0.066,0.073,1,HSC
PSENEN,0.792890768524364,0.3326480266750702,0.327,0.321,1,HSC
NARS2,0.7928955291290156,0.28580052384791993,0.335,0.309,1,HSC
USP14,0.7930016948054975,0.5232513590403767,0.611,0.609,1,HSC
APEX1,0.7930696996506402,-0.854102680338551,0.905,0.896,1,HSC
ITGA2,0.7931050027608837,-0.3710563453057705,0.061,0.076,1,HSC
DCTN4,0.7932617350825477,0.129427202894558,0.558,0.578,1,HSC
EVA1C,0.793366782787849,-0.22821301836342478,0.061,0.049,1,HSC
KLHDC10,0.7936094314896247,-0.20833502095618375,0.315,0.336,1,HSC
ANKRD35,0.7937602619634839,0.46872592798423085,0.018,0.012,1,HSC
G0S2,0.7940164969703515,0.6676349846894545,0.033,0.024,1,HSC
FAM199X,0.7940980421279396,-0.5282542864207693,0.281,0.287,1,HSC
ENDOV,0.7941240691239309,0.10108984569487711,0.179,0.19,1,HSC
PPTC7,0.7941734133749272,-0.40669983607608984,0.35,0.373,1,HSC
RERE,0.7942417134251698,5.792948862295935,0.895,0.896,1,HSC
NAP1L3,0.7942719597338641,-0.14912481562356583,0.199,0.19,1,HSC
BHLHE40,0.7944032888076806,-0.653463823970095,0.23,0.214,1,HSC
MCM9,0.7944328497145534,-0.20650294648410264,0.286,0.3,1,HSC
FHIP2B,0.7944606876429023,-0.1252320208430845,0.235,0.242,1,HSC
ZNF689,0.7945086693218744,-0.24496184980086433,0.141,0.141,1,HSC
ABHD11,0.7945128589929198,-0.7894406078584297,0.054,0.058,1,HSC
UPF3A,0.7945136056996387,0.4867762642176445,0.417,0.443,1,HSC
DDHD1,0.7945485509316952,-0.1104777905585681,0.44,0.468,1,HSC
PTBP1,0.7946300050726224,-0.7954010293918645,0.499,0.514,1,HSC
NDUFB1,0.7947368972933643,-0.3084815976632713,0.499,0.498,1,HSC
NEGR1,0.7947373014719953,2.0091771137534034,0.097,0.104,1,HSC
ALOX5AP,0.7947440943118281,2.388762232002346,0.171,0.171,1,HSC
LDB1,0.7947608830595055,6.781758071065823,0.872,0.881,1,HSC
IKBIP,0.7948189423943715,0.40021291935606573,0.166,0.15,1,HSC
CIRBP,0.7949744745382733,0.24654899264984742,0.964,0.957,1,HSC
HVCN1,0.7950380307858181,-6.942202074376876,0.11,0.128,1,HSC
BTBD3,0.7951293601521606,-0.6025531345406074,0.437,0.425,1,HSC
RASGRP4,0.7951546056505101,-0.3033028648451621,0.143,0.15,1,HSC
UBE2M,0.7951753171895573,-0.12243904721331611,0.148,0.153,1,HSC
FBXO48,0.7954411745277213,0.49260008806988864,0.069,0.055,1,HSC
PJVK,0.7954794093180518,-0.48510033695860644,0.066,0.076,1,HSC
LNPK,0.7955701839007219,-0.21861815370985457,0.271,0.297,1,HSC
CENPH,0.7957512076073494,0.9167049969774047,0.212,0.229,1,HSC
SLC19A1,0.7957688086791534,0.14616011908690685,0.189,0.18,1,HSC
EIF2B5,0.7958399083931355,-0.6903830252810317,0.471,0.45,1,HSC
P4HA1,0.7959097532997951,-0.46550932038224,0.363,0.373,1,HSC
PRDX4,0.7959280910681481,1.2862391121847576,0.304,0.312,1,HSC
SKAP2,0.7959967027026695,-0.14580445119917806,0.55,0.563,1,HSC
ALKBH2,0.7960875056052714,-0.1100777334056664,0.095,0.107,1,HSC
CUBN,0.7961787390987923,0.25473836891040125,0.136,0.122,1,HSC
NPR2,0.7963194282394727,0.4241445081093107,0.046,0.034,1,HSC
ZNF730,0.7968635959278333,0.41302195866904345,0.153,0.165,1,HSC
DDT,0.7970081078427002,3.2732269382920984,0.527,0.569,1,HSC
SGIP1,0.7970595037583064,0.13986727043535385,0.013,0.009,1,HSC
ALG3,0.7970622596784388,-0.5545259921679787,0.24,0.275,1,HSC
CPSF7,0.7973809085789367,0.4093990074992311,0.775,0.761,1,HSC
MAGOHB,0.7973874858850903,0.2256256808394994,0.061,0.052,1,HSC
TRPC6,0.7977633985812658,0.19877489834660267,0.01,0.012,1,HSC
RNF121,0.7977874413751666,-0.11632933654112043,0.113,0.135,1,HSC
USP48,0.798015392375906,-1.795130383461748,0.79,0.774,1,HSC
POP5,0.7982045332899648,-0.8986711103427297,0.228,0.251,1,HSC
ADAMTS14,0.7982592851040663,-0.9559206818313442,0.018,0.028,1,HSC
ICOS,0.7983264879365035,-1.3807097455763357,0.02,0.024,1,HSC
PSMD9,0.7984029388558267,-0.13063241425814498,0.45,0.483,1,HSC
AQP1,0.7984174340155491,-0.6130921406295924,0.008,0.012,1,HSC
TXLNB,0.7984842526920599,-0.380210831234872,0.02,0.028,1,HSC
P2RX7,0.7987488907524122,-0.43280789896369165,0.118,0.135,1,HSC
LATS2,0.7989667183980819,-0.43718160533908934,0.409,0.431,1,HSC
YWHAH,0.7990608791272754,-0.16993955455832632,0.332,0.333,1,HSC
HEXD,0.7991550464356474,-0.15927729879043495,0.496,0.477,1,HSC
ARHGAP15,0.7991699524326618,4.359881501514483,0.972,0.972,1,HSC
EFCAB14,0.7992083217583449,0.6989098892628558,0.652,0.639,1,HSC
SCAF1,0.799276884233332,-0.22858922522448794,0.276,0.297,1,HSC
DPCD,0.7994792890357696,0.4526352788164153,0.159,0.15,1,HSC
RBBP8,0.7995157436164579,-0.4414480636382545,0.11,0.131,1,HSC
CYRIA,0.7996041151340599,0.718218964384959,0.12,0.125,1,HSC
OGFRL1,0.7996270796860221,1.8821907449501158,0.491,0.474,1,HSC
VPS45,0.7998481987896078,-0.42444601322743836,0.547,0.538,1,HSC
THYN1,0.7998677260648211,-0.22359871745356363,0.491,0.468,1,HSC
EFNB1,0.8000180617399085,-0.613627005581368,0.061,0.076,1,HSC
CTNND1,0.800046091766734,0.3132769550220815,0.55,0.584,1,HSC
ELOVL7,0.8001451145010338,-0.3139729331576162,0.128,0.144,1,HSC
MAP1LC3A,0.8003635163663583,-0.22520801485715047,0.031,0.028,1,HSC
HEATR6,0.8004878022930274,-0.4951552278388446,0.171,0.187,1,HSC
TMEM91,0.8005335823753387,-0.36015783247735356,0.215,0.223,1,HSC
SLC2A4,0.8005365963689884,-0.2578779718092692,0.01,0.012,1,HSC
KRTCAP2,0.8005501681040252,0.17750967150935856,0.307,0.303,1,HSC
ANAPC10,0.8007718921918973,-0.18001405446565277,0.11,0.131,1,HSC
PEX1,0.8008485828656107,-0.5229912612109495,0.22,0.205,1,HSC
CCDC171,0.8008690251112196,0.7801680875087325,0.581,0.575,1,HSC
SYCP2,0.8015104647806891,-0.3915532024816688,0.018,0.024,1,HSC
KHDRBS1,0.8015105097868862,-0.5865446824547424,0.76,0.783,1,HSC
BBS12,0.8018916391329519,0.107730872659765,0.069,0.058,1,HSC
WDR11,0.8019255658608163,0.7361202696809435,0.496,0.523,1,HSC
ARL16,0.8019817206761309,0.5076452517359203,0.338,0.33,1,HSC
SLC29A3,0.8020120314958372,-0.19222730851669723,0.159,0.168,1,HSC
SLC12A6,0.8022136471897896,2.903285320344036,0.795,0.804,1,HSC
TMEM117,0.8023391509784656,-0.46193107523861343,0.015,0.021,1,HSC
DCHS1,0.802794553978305,-0.13808408246067994,0.113,0.125,1,HSC
METTL25,0.8029336194091782,0.14156045900459513,0.202,0.199,1,HSC
ZBTB26,0.8030379859510813,-0.49689444481428774,0.215,0.22,1,HSC
CDK11A,0.80310497915859,0.17031198801953895,0.084,0.076,1,HSC
OTUD5,0.8031932994602613,1.761419905193841,0.558,0.55,1,HSC
COPB2,0.8034221063825238,0.11567597307561783,0.634,0.651,1,HSC
RACGAP1,0.8037586491708475,0.46872592798423085,0.018,0.012,1,HSC
PKD1,0.8038414968388798,-0.2896131551435859,0.13,0.138,1,HSC
ARGLU1,0.8039226321969339,1.4901377552664412,0.903,0.902,1,HSC
ZC3H13,0.8041143745128978,-0.20747095523117143,0.427,0.443,1,HSC
SETMAR,0.8042503755915734,-0.2244136700815612,0.194,0.202,1,HSC
GYPC,0.8043171024980658,-0.2810975553852977,0.816,0.826,1,HSC
TMUB1,0.80434144059215,-0.14671383855623776,0.307,0.294,1,HSC
PARP10,0.8045507402151089,0.13626213129078213,0.179,0.199,1,HSC
RRAGD,0.8045614902852589,-0.3786368296724194,0.302,0.327,1,HSC
CDK2AP1,0.8045901495521814,-0.11769680795367865,0.662,0.682,1,HSC
MLLT3,0.8046410375687735,-0.16959430503784567,0.621,0.642,1,HSC
IFT20,0.8046941747963644,-0.7277376283130825,0.465,0.462,1,HSC
TRIM69,0.804744035278082,0.8544221468325608,0.013,0.006,1,HSC
AGK,0.8049294086985532,-0.5300782322518158,0.233,0.245,1,HSC
FAM53A,0.8050562807793353,0.24904873812852113,0.041,0.04,1,HSC
PTK2B,0.8051958654018149,-7.390401797960614,0.79,0.801,1,HSC
DXO,0.8054473906039037,-0.2694305846301972,0.13,0.141,1,HSC
NEK7,0.8054847069716387,1.1191302240349432,0.673,0.645,1,HSC
LPIN1,0.8056240776634394,-0.9864757944623201,0.44,0.462,1,HSC
RIC1,0.8057197781284594,-0.20086106851169294,0.425,0.404,1,HSC
MTX3,0.8057419040047876,-0.551823697021914,0.197,0.208,1,HSC
CFAP126,0.8057734683580027,1.9139195533592104,0.056,0.043,1,HSC
ITPKC,0.8058858578215352,0.1774554123788169,0.238,0.217,1,HSC
NXT2,0.8059236324506736,-0.8705554243606078,0.202,0.217,1,HSC
CHMP1A,0.8059798518660748,-0.14791662858557697,0.325,0.306,1,HSC
PCDHGA6,0.8060260684636198,0.23409192837139292,0.043,0.046,1,HSC
C11orf71,0.8060855387247955,-0.4978884929040247,0.343,0.37,1,HSC
WBP1L,0.8063713472320869,0.1451343329649486,0.166,0.15,1,HSC
ARMCX6,0.8066393782078296,0.15827618614922712,0.179,0.199,1,HSC
TPGS1,0.8066547945719467,-0.24937358352029815,0.389,0.407,1,HSC
G6PD,0.8067338396616814,0.26700700720990067,0.645,0.609,1,HSC
DPH5,0.80693558052956,0.8267991311817875,0.632,0.651,1,HSC
ATP2A3,0.8069490378392897,4.299364903384642,0.877,0.881,1,HSC
UBE2J1,0.8070509594935655,1.7865142938307432,0.808,0.817,1,HSC
POLR3E,0.8070727550908927,0.13649234765763138,0.32,0.324,1,HSC
APOO,0.8071261542436129,-0.3762135240343215,0.148,0.162,1,HSC
SELENOF,0.8071275950856293,5.090866699050615,0.813,0.798,1,HSC
XRN2,0.8073729871851039,0.7859123188796673,0.706,0.691,1,HSC
ST6GALNAC6,0.8073746235670891,-0.22158749818854817,0.419,0.401,1,HSC
CARD6,0.8075686348751597,-0.1231914008493391,0.148,0.122,1,HSC
PRDM8,0.8077380634628633,-0.7830701490791535,0.166,0.18,1,HSC
HPRT1,0.8077920825642939,1.2674816194972829,0.54,0.514,1,HSC
PUS1,0.8078115203934201,1.07213807028019,0.348,0.324,1,HSC
CRYZ,0.808067394055574,0.1344152185764489,0.376,0.355,1,HSC
SLC16A7,0.8082447924052326,0.22134212550734966,0.258,0.226,1,HSC
BBIP1,0.8085200344738019,-0.36653316055027685,0.189,0.205,1,HSC
NSMAF,0.8086107828836517,-0.4823892936434455,0.647,0.645,1,HSC
STK36,0.808923148027697,-0.23469009567130383,0.118,0.128,1,HSC
HACD3,0.8093542018310012,0.2648465260266377,0.43,0.41,1,HSC
MAML1,0.8094813123787674,1.1225248823557932,0.678,0.688,1,HSC
NEK4,0.8096038633614572,0.2778842615421735,0.215,0.217,1,HSC
CHRDL1,0.8097132860106497,0.3626984863357017,0.054,0.058,1,HSC
EMB,0.8099740669970877,0.634265405290368,0.545,0.52,1,HSC
CNOT8,0.8100489803646816,-0.42100622413601396,0.862,0.841,1,HSC
SH2B1,0.8100639152639727,0.29558169073799,0.522,0.495,1,HSC
RNF126,0.8102553784875769,0.13009317309436447,0.228,0.223,1,HSC
DHRS4,0.8102613330493361,-0.7173188790780767,0.01,0.009,1,HSC
MIB1,0.8103648971525278,0.13296619069125049,0.624,0.642,1,HSC
ZNF813,0.8104580405601463,0.4259785074785798,0.128,0.11,1,HSC
NFKBIL1,0.8104675329356815,-0.17811316324849785,0.258,0.266,1,HSC
ARMCX2,0.8105255340723408,-0.2781237104893084,0.133,0.138,1,HSC
UBALD1,0.8107586257923539,0.2938759619049103,0.087,0.073,1,HSC
MIDEAS,0.8107862840822603,-1.2703859786927776,0.609,0.618,1,HSC
C1orf159,0.8108808105249452,0.6091330541492317,0.041,0.031,1,HSC
SLC35F2,0.8111131727147678,-0.4038219623749381,0.212,0.242,1,HSC
ZNF844,0.8112017008438785,0.39087497868544524,0.223,0.22,1,HSC
ADI1,0.8112393230685602,0.24509831859052944,0.402,0.41,1,HSC
ZNF214,0.8113280350946315,0.46872592798423085,0.018,0.012,1,HSC
ZNF300,0.8113316360787196,-0.20106511408961927,0.174,0.199,1,HSC
PSMD2,0.8114224139118265,0.12291653825586091,0.412,0.391,1,HSC
RAI1,0.8114287666335716,0.36715134697964835,0.45,0.431,1,HSC
CDNF,0.8115244564960203,-0.5005679224870425,0.026,0.021,1,HSC
TVP23A,0.8115374274847498,0.5216692304036838,0.023,0.015,1,HSC
AKAP1,0.8116311117950171,-0.18841154848142128,0.189,0.217,1,HSC
UQCRC1,0.8116748806151575,3.700653405470142,0.673,0.648,1,HSC
PRKG2,0.8117156120178872,-1.900065564749038,0.348,0.352,1,HSC
MT-ND2,0.8118220806472911,-1.9120454610129762,0.488,0.498,1,HSC
KLHL25,0.8121276509230514,-0.929855404578233,0.01,0.012,1,HSC
ZNF763,0.8121751040423604,-0.3881503250819289,0.026,0.034,1,HSC
LARP4B,0.8122393078877885,0.1803933990822033,0.535,0.523,1,HSC
ZNF275,0.812333968649094,-0.694618069683244,0.136,0.153,1,HSC
CDC42BPG,0.8126174097971839,-0.6000719606536915,0.146,0.15,1,HSC
TNFRSF1A,0.8126185553071458,9.342908811226511,0.862,0.847,1,HSC
DPAGT1,0.8126923683910515,-0.21537914136918485,0.189,0.205,1,HSC
ATP6AP2,0.8129579628679888,0.5680461710173663,0.696,0.685,1,HSC
SMIM15,0.8129728054617817,-1.7962546664066017,0.57,0.584,1,HSC
C5orf34,0.8129824853597537,0.4824259163639484,0.038,0.037,1,HSC
TRIM16,0.8131546184101439,-0.3766841364040472,0.051,0.067,1,HSC
TTI2,0.8132988542450081,-0.14182428474184872,0.171,0.159,1,HSC
SEC61B,0.8133178430471567,-0.38799179733947664,0.558,0.566,1,HSC
ACBD4,0.81333799066222,-0.14041301527269712,0.194,0.19,1,HSC
CDC42BPB,0.8135607610646091,0.1764189289477911,0.054,0.055,1,HSC
PIP4K2B,0.81366199782442,0.23578522957014236,0.711,0.694,1,HSC
DFFB,0.8138030704615762,0.515432769402459,0.102,0.092,1,HSC
MID1IP1,0.813844266386017,-1.4274081455713516,0.532,0.547,1,HSC
FRG1,0.8138667158298775,0.20776729883347317,0.317,0.309,1,HSC
HSPA9,0.8138910807407017,0.6048206917201493,0.488,0.48,1,HSC
STK38,0.8141066446052196,0.9608870720263711,0.775,0.758,1,HSC
PLEKHM1,0.8141313797059625,-0.1233550776112069,0.041,0.052,1,HSC
NT5DC2,0.8141629509276141,2.0444448024397057,0.179,0.202,1,HSC
PIEZO2,0.8141878550439745,0.9549622190575489,0.041,0.037,1,HSC
PRR12,0.8142424456913568,-0.35417134602968703,0.386,0.41,1,HSC
C22orf39,0.8143240506663947,0.12531913074415946,0.215,0.196,1,HSC
CSRNP1,0.8144111661578597,-0.42533388146168183,0.355,0.373,1,HSC
GTSF1,0.8145053694757338,0.3092951108537157,0.107,0.095,1,HSC
RAPGEF3,0.8145320886253544,0.3566397979824889,0.056,0.046,1,HSC
RBPJ,0.8146199823668456,0.1289161748054244,0.417,0.416,1,HSC
CBR1,0.8146824985057827,-0.37708252156185007,0.153,0.177,1,HSC
COQ6,0.8147509890338842,-0.17293566590086817,0.281,0.266,1,HSC
ZBTB7A,0.8148828221310842,1.9759203276350608,0.504,0.492,1,HSC
CAPRIN1,0.8149071416640719,-0.3008676434019173,0.601,0.593,1,HSC
ITM2B,0.8149334602966422,-0.5580628246066013,0.683,0.691,1,HSC
COG3,0.8150059308403973,0.6952236827991884,0.545,0.517,1,HSC
MSANTD4,0.8152114517849691,1.8545838571404816,0.368,0.361,1,HSC
ZBBX,0.8156219464205677,0.31450219805129365,0.013,0.015,1,HSC
ABT1,0.8158500795312941,-0.26191552432904874,0.09,0.076,1,HSC
GOLGA1,0.8158867083933852,0.17259255441629118,0.315,0.324,1,HSC
MFSD4B,0.8159765702526222,-0.3811528688223357,0.322,0.333,1,HSC
CORO7,0.8159774542294791,0.3573821106254855,0.555,0.532,1,HSC
PCNX3,0.8162213882997259,-0.13408343605151984,0.182,0.196,1,HSC
GALNT14,0.8162871884729519,0.5421161198498163,0.028,0.024,1,HSC
DCLRE1C,0.8163818190171339,0.16949831969335036,0.343,0.318,1,HSC
P2RY2,0.8164149608022521,0.11490020317958294,0.038,0.04,1,HSC
CDADC1,0.8164387271790385,-0.10438838116017733,0.261,0.278,1,HSC
LTBR,0.8164528411562215,-0.5723812163625048,0.381,0.388,1,HSC
ATXN10,0.8164893929359335,0.5081276162837933,0.588,0.609,1,HSC
METRN,0.8166471678042029,-0.4956227885205582,0.013,0.018,1,HSC
TUFM,0.8169009744437956,-3.010178656997155,0.831,0.826,1,HSC
TBPL1,0.8170072398127174,0.30529855846431203,0.266,0.251,1,HSC
SMC4,0.8170400306234742,-6.47864898233888,0.645,0.651,1,HSC
GHITM,0.817387519798889,-0.4171235022653783,0.598,0.624,1,HSC
KLHL32,0.8174040989490058,-0.4366139328406815,0.018,0.024,1,HSC
PRIM2,0.8175407334391116,-0.9018682918712382,0.348,0.361,1,HSC
SH3PXD2A,0.8177910926038753,-0.5975942111645182,0.138,0.141,1,HSC
C5orf24,0.817799362712955,-0.18274671254685915,0.379,0.37,1,HSC
COA4,0.8180626864536084,-0.9554608875252399,0.535,0.547,1,HSC
SERF2,0.8181028535644149,-1.1618489242225731,0.708,0.682,1,HSC
ACOT7,0.8181106119993039,0.3378628718674199,0.105,0.095,1,HSC
DHRS3,0.8183049582338602,2.4043848191019075,0.12,0.116,1,HSC
ZNF704,0.8185399791818637,0.28173659995144873,0.194,0.202,1,HSC
SFT2D1,0.8185603103737834,-0.18426204476820757,0.343,0.327,1,HSC
PTPRS,0.8186751096727397,-5.533545211423449,0.102,0.107,1,HSC
MPZ,0.8187091140743836,0.35595356302690195,0.079,0.07,1,HSC
MTF1,0.8190089865643352,-0.2526517073365053,0.169,0.187,1,HSC
MTX1,0.8190236063405429,0.3777614379693506,0.261,0.278,1,HSC
PLK4,0.819217610181116,0.17167439335465762,0.051,0.043,1,HSC
RECK,0.8193265701233912,-0.3873720507920069,0.097,0.107,1,HSC
DST,0.8194400813633216,0.2661845510929548,0.399,0.379,1,HSC
BCL2L11,0.8195252310997914,0.5928903485468378,0.074,0.061,1,HSC
NDUFA3,0.8195555524527037,-0.5023208838841668,0.573,0.593,1,HSC
CDC25B,0.8199005712876805,0.32990721244441007,0.179,0.159,1,HSC
RAD1,0.8199833025469536,0.12745035083182576,0.228,0.205,1,HSC
COX7B,0.8202397547418789,-0.17529457771565315,0.187,0.19,1,HSC
LRR1,0.820369792265391,0.2903989383629718,0.182,0.202,1,HSC
DYM,0.8206239196187786,0.4285809634984723,0.816,0.817,1,HSC
SPINDOC,0.820676467516222,0.1703061408655947,0.281,0.284,1,HSC
MFAP3L,0.8208823264444502,-0.5285368664291359,0.031,0.04,1,HSC
UBA52,0.8211208371906118,-2.734315980110857,0.985,0.988,1,HSC
CLIC1,0.8211862949432789,-0.1310170588488344,0.506,0.508,1,HSC
NPRL3,0.8212132015411128,0.3196899159963763,0.343,0.336,1,HSC
CATSPERE,0.8214814424531537,0.6474618890156423,0.02,0.012,1,HSC
IDH2,0.8214815753639902,-6.414285426159374,0.87,0.887,1,HSC
MPPED2,0.8216721284434827,-0.3558768262904592,0.199,0.193,1,HSC
ORC6,0.8218331289659666,-1.2296709281349616,0.051,0.043,1,HSC
COX6A1,0.8219910454324747,-0.5559756653353634,0.483,0.505,1,HSC
ZFP2,0.8220653770111062,0.3210341254082705,0.036,0.034,1,HSC
FBXL19,0.8221496167133867,0.34144546504911777,0.345,0.364,1,HSC
TOP3B,0.8222868867892322,0.23057006754010761,0.279,0.251,1,HSC
FNIP2,0.8226598416383181,-0.11611707425883644,0.159,0.15,1,HSC
CCDC142,0.8227425072740535,0.28392441369239485,0.023,0.018,1,HSC
ZBTB38,0.8228676140217435,0.7662684421470445,0.235,0.257,1,HSC
LILRA2,0.8230093747720459,1.5672155415332267,0.097,0.092,1,HSC
ZGPAT,0.82302731739356,-0.24137263873402692,0.332,0.346,1,HSC
APOBR,0.8230648868034458,1.126986665747121,0.391,0.401,1,HSC
EMC7,0.8230687888169756,-0.2110514450097154,0.509,0.489,1,HSC
WWOX,0.8232754345316936,1.6947040977795051,0.478,0.45,1,HSC
BLOC1S5,0.823342297761745,0.13510011444999093,0.338,0.309,1,HSC
TMEM250,0.8233948646410432,-0.1735130150893167,0.396,0.391,1,HSC
STAT5A,0.8234338791732702,-1.1450773872806561,0.688,0.703,1,HSC
ACTL10,0.8235057639356289,-0.3553927729787394,0.028,0.037,1,HSC
TBC1D25,0.8235435464255476,-0.12915618906481852,0.123,0.11,1,HSC
DUSP19,0.824235604114431,0.9409860262095431,0.084,0.083,1,HSC
LNPEP,0.8242610126297245,-2.844502377200054,0.724,0.731,1,HSC
MAPK6,0.8243311591382533,1.2769965033785087,0.491,0.474,1,HSC
ZNF675,0.82433572208925,-0.19441257720443317,0.176,0.193,1,HSC
CALHM6,0.8243448610702605,1.491485991903927,0.422,0.44,1,HSC
H4C5,0.824400133558752,0.3593836049428982,0.041,0.037,1,HSC
METAP1D,0.8244973630530164,0.33023597748385947,0.141,0.138,1,HSC
AKAP11,0.8246584088737481,0.19407159846236377,0.565,0.575,1,HSC
CRLS1,0.8247284384893202,-1.0634714771537483,0.509,0.492,1,HSC
GAB3,0.8248351900017458,1.1186265908182795,0.552,0.526,1,HSC
NPIPB15,0.8249224370968923,-0.40109190750480916,0.023,0.031,1,HSC
CNOT7,0.8251165082038028,0.6026184009383324,0.038,0.024,1,HSC
DSE,0.8251496568952291,-0.20696564751059188,0.133,0.153,1,HSC
GALC,0.8252111539763639,-2.187954594302406,0.34,0.343,1,HSC
NUDT2,0.8254340883728875,-0.5411173201684822,0.425,0.416,1,HSC
RHOBTB3,0.8254903489859391,0.5252411688762771,0.373,0.379,1,HSC
KIF9,0.8256650849896753,1.3620235371197529,0.391,0.379,1,HSC
WNK3,0.8257517896391772,-0.6130921406295924,0.008,0.012,1,HSC
COBLL1,0.8257750550465428,-0.9767122780411226,0.128,0.135,1,HSC
COPB1,0.8258206860376159,0.2859519571903584,0.652,0.636,1,HSC
RALGAPB,0.8258255475404201,0.18817317888022767,0.483,0.468,1,HSC
FAM20C,0.825841381712292,-0.8649797540331319,0.018,0.015,1,HSC
PIM2,0.825885636236846,-1.015600820585691,0.473,0.465,1,HSC
ARAF,0.8260043383382073,-0.6617652585111995,0.57,0.56,1,HSC
ADSS2,0.8260194353948224,-3.2413333694662203,0.683,0.67,1,HSC
CEP131,0.826215302366671,0.11426901845361304,0.161,0.159,1,HSC
SSR4,0.8262247118769145,-0.5072202176021339,0.696,0.679,1,HSC
MIEF1,0.8263559270901157,-0.18430224114586835,0.225,0.211,1,HSC
VKORC1,0.8266295224149061,-1.7298702004646547,0.575,0.572,1,HSC
TLK1,0.8268319749439801,1.2347529668827155,0.765,0.768,1,HSC
CHERP,0.8269662276561335,-0.3828979476079899,0.499,0.517,1,HSC
ATP6V1G2,0.82720076636845985,0.42713834938793394,0.026,0.018,1,HSC
TMEM126A,0.8272611192798962,0.20002989332182575,0.358,0.343,1,HSC
SLC2A4RG,0.8272726903822089,-0.7889266742739031,0.113,0.125,1,HSC
SLFN14,0.8273079547992186,-0.2578779718092692,0.01,0.012,1,HSC
MYNN,0.8273250990860216,-0.13972333522895486,0.371,0.388,1,HSC
TAGLN2,0.8273776233201432,1.5237588534550737,0.68,0.673,1,HSC
PLCG2,0.8273887670205964,-0.11208215501061325,0.476,0.465,1,HSC
SACS,0.8275494179779602,-0.10788695062144382,0.246,0.281,1,HSC
UVRAG,0.827895654410425,-0.2182764765621562,0.373,0.349,1,HSC
ZW10,0.827941068436796,-0.18415058643703797,0.284,0.3,1,HSC
BAG4,0.828004252168874,-0.25787797180926963,0.059,0.07,1,HSC
FABP5,0.8280691767840789,-0.3314961662197988,0.32,0.336,1,HSC
PSMB1,0.82808559085655975,-0.3832183956440973,0.808,0.817,1,HSC
SAMD9L,0.8281147493658502,-0.22071055526075822,0.483,0.498,1,HSC
BLMH,0.8281427099740258,0.5298818765298847,0.581,0.609,1,HSC
RNFT1,0.8282874455415152,0.2739647747384358,0.325,0.3,1,HSC
FEM1C,0.82830562305631406,0.269706531957004,0.34,0.355,1,HSC
IL27RA,0.8284116024181141,-1.013749766643981,0.363,0.388,1,HSC
CLDND2,0.8284227070025046,0.18689698031226842,0.128,0.125,1,HSC
RRAGB,0.828474809041328,-0.1267542410482383,0.141,0.156,1,HSC
BCL6,0.8285348411799942,1.5133161795974799,0.079,0.083,1,HSC
EIF3A,0.8286059110201919,-3.9067389413958296,0.852,0.847,1,HSC
JAK3,0.8287781187946142,0.9388500098611328,0.593,0.615,1,HSC
ZNF707,0.8290418348186872,-0.10984982813341837,0.09,0.095,1,HSC
MS4A4E,0.8290421427290102,10.748265077946975,0.105,0.107,1,HSC
NEK8,0.8290958076477224,-0.10683144050703453,0.12,0.128,1,HSC
EPHB4,0.8292659493809071,0.5988527819686862,0.061,0.049,1,HSC
FAM13B,0.8292751255291979,0.49283827646433886,0.57,0.554,1,HSC
TAF9B,0.8293969965064861,-0.23521976577319692,0.128,0.15,1,HSC
IL9R,0.8295603953898198,0.756983491835328,0.026,0.018,1,HSC
WDR49,0.8295796032264839,1.5237179409500543,0.312,0.287,1,HSC
ETFB,0.8296574127956188,-0.2335056197519334,0.532,0.541,1,HSC
EME2,0.8298056331893134,-0.3881503250819289,0.026,0.034,1,HSC
MNAT1,0.8299091822574282,-0.17501323358257767,0.253,0.278,1,HSC
TXLNA,0.8299380480272618,0.3094544804439734,0.535,0.529,1,HSC
RBL1,0.8299829087501254,-0.6522882135121403,0.189,0.205,1,HSC
NDEL1,0.8301548869148884,-0.9908629888979035,0.583,0.566,1,HSC
PRADC1,0.8301659352613473,0.5470883724728139,0.079,0.064,1,HSC
HSDL2,0.830527703394308,0.6619787658298579,0.345,0.355,1,HSC
UTP25,0.8306126547753147,-0.19587618698211884,0.266,0.26,1,HSC
ZGRF1,0.8306673531560483,-0.6692743528084523,0.105,0.095,1,HSC
HDAC2,0.8307166948364094,-0.4451955048846563,0.573,0.554,1,HSC
JRKL,0.8311280350742077,-0.13080439765680169,0.33,0.315,1,HSC
TMEM161A,0.831549730105521,0.17573576115874157,0.171,0.159,1,HSC
C6orf120,0.8317198430013925,-0.14274351242393835,0.238,0.272,1,HSC
BTD,0.8317328555597037,-0.2263596910345636,0.207,0.199,1,HSC
LRP4,0.8319898504695599,-0.5911626841204978,0.031,0.031,1,HSC
SARDH,0.832125783114497,-0.20350294004874003,0.113,0.125,1,HSC
PCSK4,0.8322912504100689,-0.6130921406295924,0.008,0.012,1,HSC
TEX22,0.8324926074598453,-0.4366139328406815,0.018,0.024,1,HSC
USP39,0.8325935219226733,0.4280756591390411,0.407,0.401,1,HSC
DNAAF9,0.8327198730482194,-0.25922211936729067,0.205,0.214,1,HSC
ATOX1,0.8327506067912503,-0.2567958977808935,0.588,0.602,1,HSC
COQ2,0.832854028373724,-0.42454660982955705,0.22,0.248,1,HSC
CYBB,0.8328725621312397,9.816396650868967,0.107,0.095,1,HSC
AMBRA1,0.8332170683438775,0.23940600986950367,0.481,0.477,1,HSC
PPM1D,0.8332369390973523,-0.16589633652008928,0.256,0.269,1,HSC
LAS1L,0.8332907127178295,-0.40724675037237923,0.286,0.284,1,HSC
ATP6AP1,0.8336698058301077,-0.292115022965568,0.708,0.694,1,HSC
RELL2,0.833751356497522,-0.9039656951626878,0.015,0.021,1,HSC
PIBF1,0.8339838684446561,0.108447741914807,0.399,0.388,1,HSC
ARPC3,0.8340441497689725,-1.0053017632088692,0.637,0.636,1,HSC
SOS1,0.8340546717202597,-0.5251538526868762,0.629,0.621,1,HSC
TXK,0.8342842365106111,-1.217065163904521,0.207,0.229,1,HSC
PA2G4,0.8342905010416053,0.7597491572983124,0.46,0.48,1,HSC
UST,0.8343839207833835,0.1776881812771891,0.056,0.049,1,HSC
ANKRD36,0.8345980117585999,-0.45437989192368144,0.335,0.327,1,HSC
MYORG,0.8347158766647695,-0.7173188790780767,0.01,0.009,1,HSC
VPS11,0.8347537205600496,0.26342648732810814,0.391,0.364,1,HSC
DCAF11,0.8347902938038051,0.11090268681825188,0.578,0.581,1,HSC
CCDC188,0.8347962510958555,-0.6130921406295924,0.008,0.012,1,HSC
VPS41,0.8348248450867887,0.7237219752649393,0.455,0.45,1,HSC
ALAD,0.8348555295419127,-3.3104657243274698,0.409,0.416,1,HSC
NUP133,0.8353088198433093,-0.41418261871904116,0.535,0.554,1,HSC
CCDC102A,0.8353310793983194,-0.3887550428694382,0.243,0.242,1,HSC
LRSAM1,0.8353732703331408,-0.16192008671999344,0.279,0.263,1,HSC
ZNF569,0.8356280259718144,0.17771592905819578,0.174,0.165,1,HSC
PPIH,0.8356426071877823,-0.22546999762692987,0.1,0.116,1,HSC
RPUSD2,0.8357222638251569,-0.2728795194794902,0.128,0.141,1,HSC
ABCD3,0.8358144801552381,-0.19540042322239667,0.322,0.336,1,HSC
SEL1L,0.835818480277444,0.9858386782274711,0.478,0.492,1,HSC
PRAG1,0.8360993494079292,-0.656746583980893,0.059,0.07,1,HSC
ITM2C,0.8361981173644443,2.598499131127351,0.808,0.832,1,HSC
MED23,0.8363234020762373,-0.4133428691053802,0.468,0.453,1,HSC
BSG,0.8363412282719351,0.20337717781554665,0.522,0.502,1,HSC
ZDHHC3,0.8364952696124756,0.1638139471883977,0.366,0.358,1,HSC
ZNF66,0.83664677053758,-0.20811842976430645,0.235,0.242,1,HSC
ACD,0.8367635602621578,-0.6305826363631165,0.315,0.33,1,HSC
DUSP1,0.836796925214654,1.1816030017852555,0.801,0.826,1,HSC
NUCB2,0.8368575602448648,1.1904339943072912,0.9,0.896,1,HSC
ERP29,0.8369873598073866,-0.501011163959491,0.453,0.443,1,HSC
TRIM52,0.837116750486846,0.2963415678752256,0.258,0.263,1,HSC
ZMYM4,0.8372233993146991,-0.5563046278287156,0.624,0.654,1,HSC
PRKAR1B,0.8374192221409364,0.41373465124105,0.153,0.138,1,HSC
CAPS,0.8374575823044659,-0.6421784067153931,0.194,0.211,1,HSC
PTEN,0.8374744778449422,1.304318547757937,0.77,0.783,1,HSC
ABHD12,0.83752443794648,0.6299399190425511,0.34,0.315,1,HSC
SYNE3,0.8375655762492213,-3.0838720716827743,0.253,0.248,1,HSC
CAMKK2,0.8376590949922303,-0.5389241875651201,0.468,0.502,1,HSC
GNL3,0.8377046655541485,0.5238448239612863,0.611,0.636,1,HSC
LDLRAD4,0.8377528628798576,1.7007672583624722,0.284,0.297,1,HSC
GRAMD4,0.8378539981422913,-0.40260404933597993,0.535,0.56,1,HSC
THBS3,0.8379627261084182,0.6018748421969455,0.368,0.352,1,HSC
SLC30A7,0.8380798811898715,-0.11804237649108282,0.261,0.263,1,HSC
PPAT,0.8383035524285186,-0.15303302334757773,0.202,0.205,1,HSC
DTWD1,0.8384550526368041,0.22732910346372975,0.33,0.318,1,HSC
CIP2A,0.8384750317846958,0.2969229405702025,0.074,0.064,1,HSC
GNAI2,0.8385310679891661,-0.6085471111314705,0.355,0.361,1,HSC
ENSG00000188897,0.8386120927464195,-0.5426839514621369,0.01,0.015,1,HSC
PIP4K2C,0.8386848576679813,-0.1726154712002057,0.148,0.165,1,HSC
PYGM,0.8390161527239047,-0.7804287681734259,0.01,0.018,1,HSC
PTGR1,0.8390962241404878,0.15268560192662006,0.028,0.021,1,HSC
PCYOX1L,0.8392612530750766,0.13833603983452525,0.297,0.315,1,HSC
LYSMD4,0.8392750358270419,0.22447262317181238,0.125,0.125,1,HSC
KIF3A,0.8393633245499311,0.4347198956243816,0.156,0.159,1,HSC
LPAR2,0.8395268833435757,0.37924595936981387,0.166,0.162,1,HSC
PARP2,0.839544736152764,0.18396024043988946,0.118,0.113,1,HSC
KCTD3,0.8396312668584015,0.4334880946181159,0.442,0.446,1,HSC
RAB11B,0.8396447076997683,0.41245084677441013,0.471,0.48,1,HSC
HSH2D,0.8397984251700427,-1.1373880683322657,0.652,0.636,1,HSC
RNF214,0.8399261666281327,-0.3317281776155224,0.355,0.355,1,HSC
PNPT1,0.8399347206186031,0.25165184091824855,0.194,0.19,1,HSC
SDF4,0.8400196356632541,1.3745500272310816,0.573,0.56,1,HSC
NBN,0.8400208978197031,0.7720989162876859,0.637,0.606,1,HSC
GMPR,0.840255643809703,3.9568293270211363,0.407,0.434,1,HSC
RCCD1,0.8403328172587365,0.39098470607479124,0.21,0.202,1,HSC
DMAC2L,0.840498803769166,0.19846142298923963,0.471,0.48,1,HSC
CAPS2,0.8405333807872267,-0.33570779864886635,0.082,0.073,1,HSC
NUB1,0.840583305139162,-0.5532190130909642,0.593,0.587,1,HSC
MBOAT7,0.8406699298891108,3.771197840884435,0.854,0.869,1,HSC
ITGB2,0.8408584444351594,-6.200119913505583,0.496,0.468,1,HSC
ZNF486,0.8412693565795268,0.16902491190523605,0.141,0.122,1,HSC
PARVB,0.8413442254940828,0.9110683428684472,0.532,0.55,1,HSC
LSM14B,0.8417390361749814,0.10649585108040638,0.488,0.502,1,HSC
HDAC10,0.8419879106901904,0.21217614484941283,0.166,0.162,1,HSC
ZFP14,0.8420461340563075,0.8135591328483451,0.335,0.324,1,HSC
NOP9,0.8420560128681273,0.3951272891956215,0.317,0.33,1,HSC
KLHL15,0.8422023220541747,0.10990113598914125,0.297,0.284,1,HSC
ZNF233,0.8422966397950764,-0.4956227885205582,0.013,0.018,1,HSC
STK35,0.8423296012071899,-0.11070335827626399,0.141,0.15,1,HSC
LONP2,0.8423331143271204,0.5567204986638585,0.56,0.581,1,HSC
ZNF710,0.8423450183102705,0.22747160565448832,0.072,0.064,1,HSC
QTRT1,0.8423841358966283,-0.4251357868722734,0.468,0.468,1,HSC
C8orf82,0.842393058871304,-0.6130921406295924,0.008,0.012,1,HSC
BLZF1,0.842597370184122,0.3064629459758168,0.499,0.489,1,HSC
FBXO15,0.8426465012501598,-0.41689129285017934,0.02,0.028,1,HSC
ZDHHC15,0.8426851054122353,0.1630145522390094,0.11,0.11,1,HSC
CTNS,0.8428707766879993,-0.11434017174773092,0.192,0.208,1,HSC
CCT8,0.8430757192662666,1.2563483225210863,0.639,0.667,1,HSC
ZNF493,0.8432187872273083,0.3001609062171058,0.583,0.59,1,HSC
SECTM1,0.8434858145715406,0.1508269704718046,0.013,0.015,1,HSC
CSAD,0.8434986603760976,0.16338846818468622,0.207,0.193,1,HSC
PLEKHA5,0.8435210890342367,0.4701967262996063,0.455,0.44,1,HSC
TEDC1,0.8436115043879546,-0.29604875088782867,0.049,0.046,1,HSC
LHFPL2,0.843613396233135,-0.4125902033112374,0.463,0.48,1,HSC
TOM1L1,0.8438181636562343,-0.30984966742271736,0.049,0.052,1,HSC
STIL,0.8438286653722393,-0.7228057790739142,0.066,0.073,1,HSC
IL18,0.8438531820598977,2.386356517184743,0.747,0.749,1,HSC
PRMT6,0.8438735508753715,0.3370612299650063,0.199,0.208,1,HSC
TMEM134,0.843999086782129,-0.16230314736813006,0.299,0.321,1,HSC
TMEM9,0.8440537653830604,-0.48394651870297484,0.332,0.339,1,HSC
ARHGEF10,0.8442515796622706,-0.4238151578413092,0.049,0.058,1,HSC
RTEL1,0.8443193388935079,-0.2059773526683939,0.064,0.073,1,HSC
EDF1,0.844344377424,0.2531076810468704,0.706,0.719,1,HSC
ZNF517,0.8446756888112784,-0.2578779718092701,0.036,0.043,1,HSC
ZIK1,0.8446815552005373,-0.26374735911007974,0.161,0.171,1,HSC
PDHA1,0.844855998861254,-0.6397024846361261,0.634,0.657,1,HSC
TRIM28,0.844888373325581,-0.2123986243342495,0.645,0.642,1,HSC
CAPZA1,0.8449207213505427,1.5374584784151106,0.609,0.612,1,HSC
ADGRB1,0.8450077245700246,1.241593599948656,0.01,0.006,1,HSC
OAT,0.8451399377475468,0.18385690787975117,0.146,0.131,1,HSC
NF1,0.8453557029400683,-0.31060432496486867,0.529,0.523,1,HSC
KIFC3,0.8454011552716136,0.9945574023123147,0.1,0.107,1,HSC
AKAP9,0.8457740919414333,-3.3822241835898357,0.801,0.789,1,HSC
BST2,0.8457761968447558,-1.3537767345909355,0.872,0.865,1,HSC
ZNF2,0.8460132260342916,-0.3989403794834967,0.069,0.08,1,HSC
PLPBP,0.8460478617017533,-0.5181836460175329,0.458,0.446,1,HSC
STK10,0.8463194376981312,0.1446503894675102,0.624,0.621,1,HSC
TOP2B,0.8463317756080748,-0.6056420542292025,0.698,0.694,1,HSC
ZMAT3,0.8463638912352984,-0.2232718948139492,0.189,0.174,1,HSC
NPRL2,0.8464441502164749,0.16909774551983897,0.243,0.251,1,HSC
NUDT5,0.846584953042678,0.9016966049122455,0.537,0.547,1,HSC
TAL1,0.846588736583106,1.5799337540275133,0.409,0.422,1,HSC
MTDH,0.8466426201300735,0.30314142742912153,0.739,0.752,1,HSC
ERAL1,0.8467891418844582,-0.434043701748771,0.345,0.343,1,HSC
TAF12,0.846798528809896,2.2523439431053403,0.373,0.355,1,HSC
SHLD1,0.8468481830222067,-0.5325225079998434,0.228,0.245,1,HSC
NTRK1,0.8468800098057518,1.147513537338782,0.041,0.037,1,HSC
PFN1,0.8469048750994095,-1.0881555400437115,0.972,0.969,1,HSC
RPIA,0.8469651268634794,0.4531837542406205,0.453,0.431,1,HSC
DDX27,0.8471135036022717,-0.2684766646998149,0.453,0.446,1,HSC
ALDH3A2,0.8472883819748853,1.324575284690404,0.358,0.373,1,HSC
NNAT,0.8473292443551833,-0.5426839514621369,0.01,0.015,1,HSC
TUBGCP2,0.847453485095881,-0.16921971645091816,0.509,0.523,1,HSC
KCTD10,0.8479046906337896,0.36693660268268635,0.228,0.205,1,HSC
EIF3K,0.847917350905948,-0.2775493956618753,0.757,0.771,1,HSC
LRRC26,0.8482847167490691,-0.7173188790780767,0.01,0.009,1,HSC
RYK,0.8484435308516629,-0.1284070831772462,0.256,0.278,1,HSC
TRIQK,0.8485324726211927,0.40672003173071314,0.376,0.352,1,HSC
MAD2L1,0.8487469957846643,-0.8765766955299691,0.169,0.199,1,HSC
POR,0.8488318624122166,-0.2104623926598912,0.197,0.208,1,HSC
TMEM185B,0.8492382064303694,-0.49828909758938866,0.376,0.391,1,HSC
CLK2,0.8493046037088855,0.20216448123407638,0.066,0.055,1,HSC
FOXO4,0.8493772847024889,-0.27334247371171055,0.345,0.324,1,HSC
BET1,0.8493778948425557,-0.1320150533721815,0.24,0.235,1,HSC
CAVIN2,0.8494769585148283,-2.31774209618529,0.361,0.382,1,HSC
NOG,0.8496078787057625,-1.2605906681394181,0.284,0.287,1,HSC
ORAI1,0.8496680035031247,0.12321687564713835,0.496,0.483,1,HSC
TOR1AIP2,0.8500787735378432,0.7102044416372141,0.386,0.367,1,HSC
RAB27B,0.8505334338228712,2.166706376609004,0.205,0.193,1,HSC
NLRP6,0.8506806079183918,-2.2938171960158176,0.008,0.012,1,HSC
MRTO4,0.8506975362869738,-0.19237142791363127,0.123,0.122,1,HSC
THG1L,0.8507011690290449,-0.22647051254232387,0.358,0.349,1,HSC
EEF1B2,0.8509813854997982,2.6151802644965443,0.977,0.972,1,HSC
FAM20B,0.851251494198446,0.35809588802683184,0.256,0.266,1,HSC
TYSND1,0.8513475532453366,0.1939118906569628,0.077,0.07,1,HSC
CEP85,0.8519466083026165,0.3124016397095104,0.45,0.44,1,HSC
CSNK1G3,0.8521015060674136,0.11497098113748669,0.309,0.294,1,HSC
ACSL5,0.8521386590582922,0.430932095122722,0.481,0.492,1,HSC
RAB5B,0.8521437696483258,0.22532017404844362,0.629,0.645,1,HSC
HHEX,0.8522033474739407,-1.8581601649481607,0.662,0.661,1,HSC
HDAC6,0.8525585407122327,-1.3611423898611505,0.634,0.621,1,HSC
TUB,0.8527481049838651,0.2646728245548866,0.015,0.012,1,HSC
GTF2B,0.8528492068270419,-0.11264850230383683,0.453,0.465,1,HSC
TMEM267,0.8531417150379133,0.19438082352980052,0.205,0.199,1,HSC
SNX14,0.8532217712463457,0.40935216083466175,0.714,0.716,1,HSC
FAM168B,0.8534289983555877,-0.12918529501456555,0.501,0.495,1,HSC
MTCH1,0.8537212179651852,0.34056335680021643,0.486,0.471,1,HSC
ADNP,0.8538951361421383,0.4862547197540361,0.609,0.602,1,HSC
TRAPPC5,0.854165544104927,-1.387450888522542,0.609,0.59,1,HSC
KIF3B,0.8544827743481948,-0.17033037926277128,0.12,0.125,1,HSC
EIF2S1,0.8547794890626282,0.6848256722461703,0.54,0.538,1,HSC
RNF220,0.8548125467818335,-0.46002056813584846,0.486,0.508,1,HSC
TRIB2,0.8548159952449973,31.44147178074611,0.317,0.303,1,HSC
CYP4F22,0.8548447052916113,0.9234754687592188,0.023,0.031,1,HSC
ADCY3,0.8549486841420038,-0.25777691701431205,0.363,0.376,1,HSC
TRMT61B,0.854982393829102,0.14064585095210735,0.391,0.388,1,HSC
IREB2,0.8552543421527018,0.2380125256602359,0.504,0.526,1,HSC
ZNF502,0.8553199904594833,0.25657061765159517,0.095,0.08,1,HSC
SMC3,0.8553966917504388,-1.708334816226197,0.657,0.679,1,HSC
CTSO,0.8554152702530734,0.42333383746847614,0.289,0.291,1,HSC
GTF2H1,0.855430477709486,0.13382460817876884,0.517,0.517,1,HSC
CARD11,0.8554338046238837,-0.8850221917675136,0.253,0.223,1,HSC
PPP3CB,0.8557070530378177,0.4344470307117443,0.517,0.505,1,HSC
SLC18A2,0.8561187078454919,-6.604239561486743,0.192,0.18,1,HSC
LYSMD2,0.8562223035070258,0.1911422899343016,0.606,0.59,1,HSC
ALDH5A1,0.8563626945837496,-0.28224220691170254,0.455,0.474,1,HSC
FAM98C,0.8564958323139572,0.14546794066133106,0.023,0.018,1,HSC
TMEM115,0.8565668075631238,-0.3634140477351386,0.279,0.3,1,HSC
EED,0.8565702753058222,-0.12764618411901996,0.184,0.199,1,HSC
TM2D3,0.8567857145495681,-0.10274060479340463,0.412,0.419,1,HSC
RNF44,0.8568586059484598,0.6710733961613933,0.593,0.609,1,HSC
ZNF254,0.8569028541097891,-0.4773360801792592,0.532,0.505,1,HSC
ULK1,0.8569047128070849,-0.8931842431666004,0.565,0.547,1,HSC
RAB1B,0.8569272114954618,0.36243892810419354,0.573,0.547,1,HSC
SPAG8,0.8570402589792419,-0.36821283862364673,0.031,0.04,1,HSC
CYP4V2,0.8570812519801139,0.2954107909485064,0.276,0.26,1,HSC
HERPUD2,0.8570854984682078,0.11562202777176589,0.619,0.59,1,HSC
PALD1,0.8573391015169206,0.19949651458275053,0.064,0.058,1,HSC
S1PR2,0.8574231182137559,-0.14595256014859004,0.043,0.055,1,HSC
ABCB7,0.8574855313811329,-0.28850924545165135,0.575,0.59,1,HSC
SIKE1,0.8575028531830982,-0.20101029569919615,0.494,0.474,1,HSC
ATOSA,0.857766801946461,-0.32370228751168106,0.708,0.691,1,HSC
FCRL2,0.8578768975762358,-7.1604607477871465,0.01,0.009,1,HSC
TPRA1,0.8579685381959805,0.14056244649331398,0.322,0.309,1,HSC
SERTM2,0.8580163880644478,0.1299027822301868,0.036,0.037,1,HSC
PHB1,0.8585848726452945,-0.16802272759907766,0.169,0.19,1,HSC
SMC6,0.8586711907346188,-0.7030032187871372,0.315,0.312,1,HSC
ARL6IP4,0.8586897724591902,3.603982843134161,0.839,0.844,1,HSC
FBXL6,0.8588219718346612,-0.5139290247554591,0.187,0.19,1,HSC
MTRF1L,0.858966760945661,-0.3127467913216082,0.143,0.141,1,HSC
DNALI1,0.8591123503529419,3.927077598136605,0.02,0.015,1,HSC
ORC2,0.859230255808097,1.424590676593703,0.379,0.398,1,HSC
BLTP2,0.8594602344197543,0.41885898953510026,0.703,0.694,1,HSC
FAM135A,0.8594908203581014,0.35951198181721367,0.113,0.104,1,HSC
RWDD1,0.8601002620754393,-0.2596158941302342,0.46,0.48,1,HSC
ABI3BP,0.8602822202650385,0.14546794066133106,0.023,0.018,1,HSC
RANBP9,0.8603617532939284,-0.7214453002007115,0.629,0.599,1,HSC
NCKAP5L,0.860585629518402,-0.22131667628905816,0.417,0.44,1,HSC
USP54,0.8606753643329316,0.11999772270719156,0.1,0.086,1,HSC
SNRK,0.8607493108171281,0.43927203505370294,0.478,0.45,1,HSC
RRP7A,0.8610000730364918,0.21657203846458462,0.169,0.159,1,HSC
PLCB2,0.861075921855111,2.3260429026540788,0.772,0.774,1,HSC
C17orf50,0.8610908946851296,0.27615554228659267,0.015,0.015,1,HSC
HECTD2,0.8612258279585338,-0.4250956070922043,0.069,0.061,1,HSC
NCBP2,0.8612336389486966,-1.285156483274676,0.601,0.612,1,HSC
CSNK1D,0.8612899414744644,-0.1959815998736485,0.558,0.538,1,HSC
OGFR,0.8613436649849666,0.16185769164272978,0.384,0.358,1,HSC
UBLCP1,0.8615108568213027,0.2863641871402758,0.512,0.483,1,HSC
FAM193A,0.86160786764107,-0.38099574770713784,0.432,0.462,1,HSC
LITAF,0.8616246178534933,2.1696620007348226,0.519,0.498,1,HSC
ERGIC3,0.8617415000135089,-4.066604059247837,0.934,0.93,1,HSC
TM9SF3,0.861752760893762,-0.34753206067084363,0.795,0.777,1,HSC
SFPQ,0.8617578013352211,0.2871959531841979,0.657,0.667,1,HSC
PIK3AP1,0.8617819692398601,-4.145524679821258,0.391,0.407,1,HSC
WDR55,0.8619803085494993,-0.3847370581728805,0.279,0.281,1,HSC
POT1,0.862177688448668,0.10068199339390715,0.386,0.41,1,HSC
ICAM1,0.8622283193573336,0.2248607107448355,0.043,0.037,1,HSC
ZNF624,0.8622986358734689,0.22095732567575044,0.12,0.135,1,HSC
CD8A,0.8624261574309101,3.0413611051408695,0.069,0.055,1,HSC
TMEM230,0.8626055231053915,-0.5234504740495401,0.358,0.355,1,HSC
PKN3,0.8626148344283202,0.536287429259203,0.169,0.165,1,HSC
SFI1,0.8627984500808479,0.3495456297497406,0.281,0.284,1,HSC
DDX50,0.8628702065345403,0.13319175108976644,0.55,0.566,1,HSC
PRDM15,0.8628750629661103,-0.42449953947852226,0.097,0.11,1,HSC
CUTA,0.8629153617780475,0.8145598180944678,0.739,0.746,1,HSC
RASSF3,0.8629313909864114,-0.24280708267409667,0.358,0.346,1,HSC
IRAK3,0.8630443965208434,0.2309785249168197,0.609,0.624,1,HSC
RNF138,0.863082336408497,0.2123490493462672,0.583,0.587,1,HSC
GNPTAB,0.8631212189842086,0.22043456859316457,0.542,0.557,1,HSC
IL15,0.8631647223107525,-0.5794158990728042,0.09,0.083,1,HSC
MFSD14B,0.8632749533557744,0.33166283034471744,0.343,0.346,1,HSC
RTRAF,0.8634945570358661,0.10160999085958267,0.68,0.685,1,HSC
NAIP,0.8635133767116949,-0.28407984868620595,0.205,0.211,1,HSC
CAMKMT,0.8636964757126314,0.2666722154000436,0.345,0.358,1,HSC
RSBN1L,0.8637816996712722,-0.3351585127374954,0.583,0.606,1,HSC
PIP4P2,0.8638214600392611,-0.44705339495764784,0.113,0.135,1,HSC
GEMIN7,0.8638549703464663,-0.8581031198215161,0.419,0.431,1,HSC
TAF11,0.864074698660327,-0.4333198982863271,0.514,0.511,1,HSC
TRIM47,0.864082654973789,-1.109392400414873,0.128,0.144,1,HSC
BASP1,0.8640841576026744,13.164966934617027,0.269,0.266,1,HSC
ZNF775,0.8642185606566807,-0.4956227885205582,0.013,0.018,1,HSC
SHTN1,0.8642906257451206,-0.5729948966753797,0.049,0.046,1,HSC
MFSD10,0.864297647365789,0.36413173839811186,0.343,0.349,1,HSC
FBXO24,0.8643364032136294,0.8544221468325608,0.013,0.006,1,HSC
PHF8,0.8643677639825146,0.12099688704695899,0.417,0.407,1,HSC
GNB5,0.8644691223575127,0.17552450897611252,0.238,0.235,1,HSC
ARHGDIA,0.8645047107832338,-2.1817569193864093,0.519,0.489,1,HSC
HUS1,0.8645828687547163,0.24805310751687637,0.453,0.456,1,HSC
STX1B,0.8646481907613518,0.28392441369239485,0.023,0.018,1,HSC
TMEM131L,0.8647130279839751,0.6169600453579884,0.376,0.398,1,HSC
LARP1,0.8647288808983018,0.35018032050269143,0.619,0.609,1,HSC
CERK,0.8647457790850438,-0.1964291985529738,0.494,0.514,1,HSC
CIBAR1,0.8647696548002368,0.15578952163802162,0.115,0.107,1,HSC
OVGP1,0.8649321441691507,0.36540772795300613,0.033,0.031,1,HSC
ELOVL5,0.8651737016975991,-3.0811723677383576,0.806,0.823,1,HSC
RHOBTB2,0.8651870587207776,-0.33658456745916254,0.082,0.089,1,HSC
UBTF,0.8652193611250888,0.28318852425289176,0.399,0.394,1,HSC
CEP55,0.8653826769570883,-0.6406670362700257,0.015,0.024,1,HSC
PIK3R1,0.8655349570104548,-0.8765579030607462,0.665,0.667,1,HSC
RASSF9,0.8656989623920314,-0.10287515543154857,0.031,0.024,1,HSC
TRIM66,0.8657995244363099,-0.12371677206919673,0.202,0.205,1,HSC
XPO7,0.8658972801494246,0.40728680559581787,0.453,0.477,1,HSC
ATP5PF,0.8659118575299657,-0.17774891163775175,0.079,0.089,1,HSC
HTRA2,0.8662503458372315,-0.3307942934146493,0.44,0.425,1,HSC
ZNF727,0.866503686346053,-0.32172897364254216,0.09,0.098,1,HSC
SHARPIN,0.8665850243094079,-0.457741152915797,0.368,0.379,1,HSC
ATP8B4,0.8666614794693231,-1.7745128611618881,0.78,0.771,1,HSC
TIMELESS,0.8671029976160969,-0.34382365815887783,0.049,0.046,1,HSC
GP1BB,0.8674094767887219,4.57697494089312,0.506,0.489,1,HSC
PDCD2,0.8674134425108662,0.24842961641203498,0.092,0.089,1,HSC
FNTB,0.8676775232396249,0.25739323187715457,0.159,0.153,1,HSC
GPSM3,0.8678584226610406,-1.5412840555056464,0.762,0.771,1,HSC
COL9A2,0.8680004700493569,0.2636857760444107,0.051,0.043,1,HSC
LTV1,0.8680762497679919,0.2980460756045715,0.412,0.401,1,HSC
RHOH,0.8682625938270356,0.5421835650926417,0.442,0.44,1,HSC
FANCC,0.8682815932845619,0.3292963493850871,0.105,0.11,1,HSC
GOLM1,0.8683630532610077,0.5420516762209546,0.049,0.04,1,HSC
NDUFA5,0.8683947340718737,0.20957952830400117,0.683,0.67,1,HSC
NPR3,0.868665897476119,2.656661027710612,0.775,0.801,1,HSC
AATK,0.86866844894115,0.36444238892545755,0.049,0.037,1,HSC
TCIRG1,0.8687834399436568,-7.381674773785213,0.292,0.287,1,HSC
RAB4B,0.8689595480929906,0.21264752805962006,0.419,0.401,1,HSC
EPX,0.869110122746218,25.70042997810419,0.041,0.031,1,HSC
CCSAP,0.8693410666786952,-0.29040153258505796,0.125,0.141,1,HSC
MELTF,0.8695240629524431,0.11698513337334093,0.023,0.034,1,HSC
JPT2,0.8696128205478644,-1.3208786945292421,0.432,0.456,1,HSC
SGF29,0.8696727441599972,-0.2907759679261064,0.483,0.45,1,HSC
GPD2,0.8697168441509292,0.37579877360048514,0.317,0.312,1,HSC
PDE3A,0.8697235041269521,0.7761387058863285,0.077,0.076,1,HSC
FXYD6,0.8699801866669485,-0.8339317272127831,0.018,0.018,1,HSC
UQCC4,0.8701842588965927,-0.6389320253139457,0.023,0.031,1,HSC
FUZ,0.8701886129422263,-0.12391139164998508,0.212,0.22,1,HSC
FRS3,0.8702790242584018,-0.3388206012801378,0.146,0.156,1,HSC
AMZ2,0.8703330364190233,-0.2555391105017427,0.228,0.226,1,HSC
TRPV2,0.8703567808770669,-0.1095163049730421,0.537,0.541,1,HSC
CCDC194,0.8704397816049936,-0.35644633812482907,0.054,0.061,1,HSC
ZNF432,0.8705667431618294,0.1262462458225273,0.069,0.067,1,HSC
COX8A,0.8706019318070932,0.4350808685977101,0.494,0.474,1,HSC
MRM3,0.871135261046564,-0.12877123768122134,0.153,0.156,1,HSC
PKIA,0.8712545404072753,-0.23753781178900027,0.248,0.263,1,HSC
MTMR2,0.8712831296750514,-0.1033566157381417,0.396,0.416,1,HSC
HNRNPUL2,0.8713111073382466,0.15691829487560138,0.685,0.688,1,HSC
SUMO2,0.8713917817193191,-0.11299848030741266,0.437,0.459,1,HSC
AHI1,0.8715097729123933,0.15930175629046428,0.297,0.281,1,HSC
S100A4,0.8716383436660552,-31.915505825540883,0.854,0.862,1,HSC
LGALS9,0.8716901751874432,0.16021970126301088,0.437,0.416,1,HSC
ABCB1,0.8718223745013831,0.6668540664922478,0.376,0.37,1,HSC
IFNAR2,0.8720297402945362,-1.024240791605321,0.609,0.599,1,HSC
SCN9A,0.8720486514949345,-0.3064001879608633,0.361,0.385,1,HSC
POLR1A,0.8722090532633527,0.23447548595764545,0.412,0.401,1,HSC
HNRNPH3,0.8724261552247413,-1.9488569293245845,0.811,0.826,1,HSC
CMTM6,0.8725275941536774,-9.740137846492246,0.742,0.725,1,HSC
TFCP2,0.8726526858318938,-0.2826517921001517,0.598,0.566,1,HSC
CC2D1B,0.8728639141074925,0.18662111692091,0.184,0.174,1,HSC
ACOT4,0.8731855338797861,0.3626559093627746,0.02,0.015,1,HSC
ARMH2,0.8733095751700387,-0.46193107523861343,0.015,0.021,1,HSC
TTLL11,0.8733791945551119,-0.16153369159253383,0.107,0.107,1,HSC
GTF3C6,0.8734649988603695,-0.3182315078289668,0.542,0.566,1,HSC
NOP53,0.8734786962388277,2.2868219366534177,0.985,0.982,1,HSC
TMED1,0.8736550658140719,0.17553994524642252,0.263,0.251,1,HSC
SNX20,0.8738538880722064,-0.27613735348221935,0.56,0.563,1,HSC
BIN2,0.8744619345853005,-1.7881905428680032,0.79,0.768,1,HSC
PKIG,0.8744891974982966,2.8894507082041603,0.384,0.391,1,HSC
AKTIP,0.874551806226322,0.3383921347496721,0.095,0.092,1,HSC
ENKUR,0.8746240955126603,-1.0853721107982315,0.005,0.012,1,HSC
TMEM253,0.874670094753264,0.3821421766639208,0.013,0.009,1,HSC
DENND1B,0.8747140170028084,-0.1939903434049164,0.35,0.33,1,HSC
TRIM25,0.8748364941021013,0.5653213933438817,0.465,0.474,1,HSC
JAZF1,0.8748859642427974,1.2886426334181447,0.046,0.049,1,HSC
DYNC1H1,0.8749520919894855,-0.21292965652550136,0.376,0.379,1,HSC
ACTL6A,0.8751646990050801,0.27216562700541536,0.412,0.41,1,HSC
ZNF543,0.8752319292183472,-0.3206644982137033,0.217,0.226,1,HSC
ATAD1,0.8753473960679011,-0.3899731938836588,0.509,0.483,1,HSC
NUMB,0.8756388702259549,-0.5175896913676299,0.596,0.615,1,HSC
C3orf38,0.875653263118438,-0.11277818888287705,0.361,0.346,1,HSC
DDX19A,0.8757422556973177,-1.413097714864579,0.256,0.251,1,HSC
FHL2,0.8758399770617104,0.5003448798792318,0.23,0.226,1,HSC
NPIPB2,0.8759082075741937,-0.2578779718092701,0.015,0.018,1,HSC
CDC26,0.8761467919707571,0.19001569211689168,0.271,0.263,1,HSC
MED25,0.8761777385151674,0.9938491168671022,0.632,0.621,1,HSC
SIX5,0.8762391901873561,-0.8302581416698329,0.013,0.015,1,HSC
EVI5,0.8762548922982571,0.43447646032522313,0.102,0.113,1,HSC
DBNL,0.876345051219995,0.23149951960506243,0.668,0.642,1,HSC
GPR155,0.8763617732563388,0.2865180093561439,0.049,0.04,1,HSC
SAXO2,0.8764090637710991,-0.6272304883609128,0.051,0.061,1,HSC
ARMC8,0.8764295361264987,4.085711412017931,0.731,0.746,1,HSC
ABCF2,0.8764805658532873,0.10831543246397857,0.225,0.211,1,HSC
SH3BGRL,0.8765227051100242,-4.368590668952535,0.967,0.963,1,HSC
CFAP20DC,0.8765349019443158,-1.684163298259517,0.015,0.021,1,HSC
STING1,0.8766181053156374,-0.8454891371769513,0.916,0.924,1,HSC
TTI1,0.8767024694713502,0.16893313080258393,0.271,0.257,1,HSC
U2SURP,0.8768980404496123,-1.7844943569521767,0.793,0.789,1,HSC
ALKBH8,0.8771694629438948,0.10021205061422345,0.125,0.131,1,HSC
RHBDL1,0.8772828291280521,0.3626559093627746,0.02,0.015,1,HSC
CEBPZ,0.8773320329985582,-0.1270503393659017,0.517,0.505,1,HSC
TERF1,0.8774264937188495,0.12208521672996256,0.32,0.327,1,HSC
SNX27,0.8776018731157985,-0.9051600280629517,0.358,0.355,1,HSC
SS18L2,0.8776337250771842,-0.2353260669560286,0.281,0.3,1,HSC
ACAP2,0.8776380452578233,0.4454586624284449,0.56,0.554,1,HSC
TM7SF2,0.8776412502425186,0.14507077344028974,0.225,0.214,1,HSC
ACOX1,0.8777553672374759,0.29472955888351027,0.345,0.37,1,HSC
C11orf24,0.8777703281335698,0.2805555616166755,0.125,0.119,1,HSC
IFNGR2,0.877900977184098,-3.719923349739845,0.514,0.511,1,HSC
TENT5C,0.8779438602185206,-0.30892011881610415,0.161,0.153,1,HSC
ZFAND1,0.8780229969594815,0.19635389371495204,0.721,0.725,1,HSC
SLC19A2,0.8781727262349404,-1.2718885133062738,0.072,0.083,1,HSC
PEAR1,0.8784323298468324,-0.5626339836371834,0.087,0.092,1,HSC
B3GALT4,0.8787931717715097,-0.15260357986605344,0.107,0.107,1,HSC
NOP58,0.8788049823135792,-0.35800253733855403,0.57,0.593,1,HSC
EXOC4,0.8789120339130577,-0.40277966877797766,0.619,0.627,1,HSC
NSD1,0.8789221724822867,1.366140093938963,0.749,0.746,1,HSC
VWA8,0.8790219402572768,-0.7322556324973741,0.322,0.324,1,HSC
SMARCAD1,0.8790508893855145,0.9100310415842987,0.606,0.575,1,HSC
YIPF6,0.8790847266825935,-0.2729150413078377,0.169,0.168,1,HSC
FBH1,0.8791590496558391,-0.40807029909458636,0.522,0.508,1,HSC
DDX19B,0.8792457413210465,0.17492885861518415,0.223,0.235,1,HSC
CEACAM19,0.8795666305340908,-0.31656652095142546,0.036,0.037,1,HSC
MAPKAP1,0.8797487154455261,-0.3281176414318365,0.509,0.495,1,HSC
SACM1L,0.8797512112830799,0.6848151201344375,0.54,0.55,1,HSC
SNX10,0.8797598623113695,-0.8099053123541148,0.363,0.339,1,HSC
ARHGAP19,0.8800019248961892,-0.48697739163251286,0.136,0.147,1,HSC
DNTTIP1,0.8801852851635478,-0.7491239976442536,0.355,0.349,1,HSC
INTS9,0.8805024971933263,-0.43087869398886824,0.271,0.26,1,HSC
RPP21,0.8805487906075989,0.5970687842180593,0.246,0.239,1,HSC
PCOLCE,0.8806032007267073,0.9107605479083043,0.018,0.012,1,HSC
YDJC,0.880613265080052,0.23702994323955714,0.302,0.291,1,HSC
ATP6V1B2,0.881357271116416,-2.7768513817161145,0.44,0.468,1,HSC
SELENOW,0.8813836989740583,-17.510355762417866,0.639,0.618,1,HSC
KIF5B,0.8817383798518275,1.0188381771864345,0.726,0.709,1,HSC
CLSTN3,0.881913726026373,-0.6500651674622813,0.412,0.394,1,HSC
UBE2Z,0.8819457643602433,-0.5381183598081929,0.552,0.557,1,HSC
CDC40,0.8819919656809008,-0.22064299845683688,0.274,0.281,1,HSC
CEP83,0.8820572593924798,-0.10598024058451716,0.46,0.453,1,HSC
FUCA2,0.8821224947736322,0.46995435121013673,0.253,0.254,1,HSC
SPARC,0.882185270813616,0.3267032025324621,0.335,0.339,1,HSC
MTPN,0.8824988004618355,0.2927861355884658,0.691,0.679,1,HSC
EIF2B3,0.8825170699291635,-0.3822641071062955,0.253,0.266,1,HSC
PGAM1,0.8825689909198003,-0.2578779718092692,0.064,0.076,1,HSC
EFNA1,0.8826267549301283,-0.8649671088452977,0.12,0.11,1,HSC
RFLNB,0.8827693361304622,11.233702521104036,0.529,0.535,1,HSC
GORAB,0.8828747443807942,0.18991992414701153,0.176,0.177,1,HSC
SELENOP,0.882913153274816,-1.5135373088766246,0.304,0.297,1,HSC
COL6A1,0.8829874617890959,-8.838056782926897,0.064,0.064,1,HSC
CLDN5,0.8830804284095852,-1.2418528487003453,0.015,0.021,1,HSC
HLTF,0.8830982526783839,-0.660679203453542,0.565,0.59,1,HSC
CYSTM1,0.883264065743686,-0.34377672253719327,0.033,0.043,1,HSC
SAMD10,0.883557376306592,-0.4334228190413807,0.051,0.064,1,HSC
PIK3CG,0.8839254271125832,-0.12332707384177266,0.432,0.425,1,HSC
TSPAN32,0.8839402351989843,-0.8848343280347455,0.32,0.327,1,HSC
UBE4A,0.8839511523587065,-0.16359609898736815,0.601,0.612,1,HSC
MED10,0.8839741562772367,-0.22350905807080412,0.394,0.425,1,HSC
HEATR5A,0.884074260770079,-0.2578779718092701,0.026,0.031,1,HSC
TM2D1,0.8841292226649147,0.29403225990966186,0.506,0.511,1,HSC
EPRS1,0.8842088454629767,-0.10861988804609535,0.68,0.685,1,HSC
PRRC2A,0.8842213607631051,1.0182474903612335,0.614,0.609,1,HSC
VRK3,0.8842763936663978,0.45453859560234533,0.355,0.346,1,HSC
ZNF791,0.8843949091730162,-0.20445079925272513,0.189,0.202,1,HSC
SEC22A,0.8845765517004732,0.2584160817103849,0.274,0.26,1,HSC
IQSEC1,0.8847021245041544,-3.4219340467822907,0.335,0.352,1,HSC
ENG,0.8848782417703359,-0.44679734219514167,0.358,0.352,1,HSC
OCIAD1,0.8852187840657021,-1.0140568314361964,0.78,0.786,1,HSC
LRRC8D,0.8852977793263703,1.1131333851584455,0.402,0.428,1,HSC
DNA2,0.8853834417775392,-0.19528112707379974,0.136,0.131,1,HSC
HEATR3,0.8854410730140126,-0.10380813878957623,0.212,0.202,1,HSC
HOPX,0.885457681432178,-9.721089373090788,0.458,0.462,1,HSC
RIMS3,0.88551929823893,0.1793222791612794,0.031,0.024,1,HSC
FBXO8,0.8856569611635852,-0.25234593235314695,0.138,0.156,1,HSC
BTG2,0.8858610348900983,2.0547225359022088,0.639,0.639,1,HSC
SMAD2,0.8859493910105191,-0.17338227001621354,0.701,0.719,1,HSC
GCNT4,0.8859543632200972,0.22308524595859058,0.026,0.021,1,HSC
FAM219B,0.8865256723449023,-0.22629237054573959,0.399,0.428,1,HSC
OFD1,0.8865534748006021,0.13274750142537828,0.506,0.477,1,HSC
CA8,0.8866974355643785,-0.6614606926793001,0.041,0.04,1,HSC
NYNRIN,0.8868904400536136,11.08864916522232,0.422,0.407,1,HSC
DAB2,0.8869978831367779,-0.10335803592324982,0.174,0.193,1,HSC
STIM2,0.8871203426524777,0.24940420108736405,0.187,0.183,1,HSC
RETREG3,0.8874743450522912,0.24588545917058124,0.394,0.413,1,HSC
GNS,0.8876404019417199,-1.0947543384810166,0.463,0.45,1,HSC
EVPL,0.8878325466611546,0.46893540752725227,0.056,0.052,1,HSC
TRAF6,0.8879335407671799,0.22372735993905768,0.286,0.297,1,HSC
TIMP3,0.8881230445039177,-1.0804216508120805,0.269,0.263,1,HSC
APBA2,0.8881543092540591,0.7027432611292641,0.079,0.076,1,HSC
EHD1,0.888181781304117,0.46067991359403115,0.366,0.385,1,HSC
PPRC1,0.8882481973042671,0.6589204479962678,0.276,0.272,1,HSC
ZBTB21,0.8883671297634965,0.1798348439798313,0.187,0.199,1,HSC
NCLN,0.8884992482618885,0.15679765868669054,0.322,0.312,1,HSC
IGHM,0.8886274112381284,-44.97173557171463,0.422,0.437,1,HSC
DCXR,0.8888278075019083,0.39736334604089896,0.355,0.339,1,HSC
ARHGEF12,0.8890027155925219,0.369736408358216,0.22,0.223,1,HSC
MKNK2,0.8890729707852129,0.7315823115582463,0.55,0.563,1,HSC
SQSTM1,0.8891674868035689,-1.8167524062245715,0.811,0.82,1,HSC
SORT1,0.889201397784318,-0.31017598221459,0.09,0.092,1,HSC
AATF,0.8892051234966402,1.28812685685592,0.593,0.593,1,HSC
DPF1,0.8892274089490959,-1.324360617593692,0.064,0.073,1,HSC
EMILIN2,0.8892798763952572,2.283341264119444,0.182,0.177,1,HSC
EXTL3,0.8892839281411289,-0.282778332237402,0.166,0.159,1,HSC
C2orf74,0.8893160941206462,-0.14189234838385426,0.223,0.211,1,HSC
USP6NL,0.8895413657760591,-0.2662736256811893,0.442,0.428,1,HSC
BNIP2,0.8896592468768871,1.0038964182553913,0.767,0.78,1,HSC
ZNF383,0.8898105405544615,0.169399494134425,0.243,0.223,1,HSC
SUPT7L,0.8899256475085936,0.43246065067102024,0.366,0.367,1,HSC
PNKD,0.8899719213706895,0.5508904065982949,0.501,0.495,1,HSC
INIP,0.8902037115367643,-0.6356597882582702,0.261,0.272,1,HSC
POLR3B,0.8902753640404774,-0.2606047653004424,0.123,0.116,1,HSC
TMEM123,0.8903360766684756,0.8756929321362401,0.798,0.789,1,HSC
UAP1L1,0.8903658957172143,0.20469918310057755,0.036,0.031,1,HSC
NLGN1,0.8909584112661081,0.2646728245548866,0.015,0.012,1,HSC
DTX2,0.8910709568976205,-0.8517916308348124,0.01,0.015,1,HSC
FARSA,0.8910954276684158,-1.1793573574026137,0.591,0.606,1,HSC
EML6,0.8911236641462732,-0.8302581416698329,0.013,0.015,1,HSC
ARVCF,0.8914910064323537,-0.18542313835746693,0.102,0.104,1,HSC
ELOVL6,0.8915204877102846,0.4448100954906542,0.115,0.119,1,HSC
PHLPP2,0.8916002672612323,0.261647370861837,0.087,0.101,1,HSC
CA5B,0.8916582107873552,-0.5223394637036933,0.312,0.309,1,HSC
AMMECR1L,0.8917897279076491,-0.18581139505677247,0.161,0.171,1,HSC
UNC45A,0.8918450234582945,-0.28592928845904675,0.276,0.266,1,HSC
SLX4IP,0.8919216275580362,-0.10574602093156349,0.225,0.239,1,HSC
FOXN3,0.8920676170911153,-0.13571021514619797,0.517,0.514,1,HSC
LRRC34,0.8920685106273314,-0.6065455799791918,0.205,0.199,1,HSC
MFSD9,0.8922305756150177,-0.16156649642426668,0.09,0.098,1,HSC
KDM5C,0.8924222053560412,-0.6789871100874381,0.872,0.859,1,HSC
LRRC4,0.8925624889644215,-0.7566278727900881,0.015,0.018,1,HSC
SAR1B,0.8925836901638854,0.39071513992380436,0.256,0.248,1,HSC
FCGRT,0.8925963477748025,-4.545076247897706,0.491,0.486,1,HSC
GABPB2,0.8926260177410912,-0.45479325498106515,0.187,0.183,1,HSC
COG8,0.8927215374836248,-0.2637725201924537,0.396,0.382,1,HSC
IRF2,0.8929136818104553,0.5663468914690488,0.506,0.492,1,HSC
DNM2,0.8929746554727499,-0.9963403947212472,0.614,0.624,1,HSC
P2RY13,0.8929863606866385,2.0350483465041744,0.013,0.012,1,HSC
GKAP1,0.8931944698654808,0.13255354292382548,0.263,0.251,1,HSC
MZT1,0.893240948417241,0.8053558376130812,0.315,0.324,1,HSC
SON,0.8934255739223819,0.3949142547589388,0.598,0.618,1,HSC
LILRA1,0.8934504149272133,2.137099784595288,0.033,0.034,1,HSC
ZNF462,0.8938995597135468,0.25092809258533966,0.092,0.089,1,HSC
LRRC37A3,0.8939356989721626,-0.15485275564879952,0.059,0.064,1,HSC
ZC3HAV1,0.893940819141119,0.8536422311722545,0.714,0.734,1,HSC
ITM2A,0.893950940053804,-0.5787576397232153,0.668,0.679,1,HSC
PLP2,0.8940385292584502,-0.10899169522252333,0.202,0.223,1,HSC
SKP2,0.8940553743764955,-1.2525452510801833,0.228,0.251,1,HSC
TAF4,0.894073253781745,-0.1195047636704652,0.355,0.343,1,HSC
TREML2,0.8942569324790526,0.39756335133942056,0.077,0.076,1,HSC
RIBC1,0.8943245254779074,-0.16834381533609077,0.046,0.043,1,HSC
NIPBL,0.8948156096893117,-3.1248305827278973,0.742,0.725,1,HSC
MMAA,0.8949309380548305,0.20163478939629864,0.118,0.113,1,HSC
ADK,0.8950393046442899,-0.36212441413729657,0.545,0.557,1,HSC
FAM172A,0.8950739097986534,1.5163213855643638,0.578,0.587,1,HSC
CST7,0.895315909063632,8.897915250861391,0.161,0.156,1,HSC
FSTL3,0.895643809677463,0.11756978632117931,0.054,0.058,1,HSC
PATZ1,0.8957287523152346,-0.3058767760080121,0.588,0.609,1,HSC
BLOC1S3,0.8957355403285213,0.1590477777249628,0.066,0.061,1,HSC
TRIM24,0.8958505599764206,3.3020904689704516,0.754,0.749,1,HSC
PPM1B,0.8958962557091544,-0.43923456517244563,0.588,0.587,1,HSC
UQCR10,0.8961603654431474,-0.8370685625414507,0.621,0.615,1,HSC
BCDIN3D,0.8963718607454916,0.1658783079645545,0.166,0.156,1,HSC
CERS6,0.896416595556028,0.1745440531863287,0.545,0.547,1,HSC
MPP3,0.8964494897839934,-0.2578779718092701,0.01,0.012,1,HSC
APLP2,0.8964907892882863,9.227024666619407,0.885,0.899,1,HSC
TAF1A,0.8966737010995041,0.32673726263215364,0.125,0.128,1,HSC
NUDT15,0.8969162245768222,-0.40213359481031663,0.084,0.092,1,HSC
CSRP1,0.8969772923582571,-0.6765122519781062,0.596,0.581,1,HSC
CRYM,0.8970534826083794,1.0810341780361812,0.038,0.04,1,HSC
SEC61A1,0.8971492157796086,0.7000668390797884,0.601,0.615,1,HSC
BCL7C,0.8972099473560867,-0.4417777499509645,0.394,0.404,1,HSC
NR1H2,0.8972257416065543,-0.2583703901085148,0.45,0.456,1,HSC
APIP,0.8972364493958187,-0.37845852789464307,0.404,0.401,1,HSC
GCA,0.8973006278876351,0.555942264990656,0.555,0.532,1,HSC
WDR54,0.8974473679869401,1.048813477054591,0.212,0.208,1,HSC
EXPH5,0.8975420132564792,-0.6254359095312814,0.041,0.046,1,HSC
AIF1,0.8976036942205257,30.677602751080265,0.972,0.969,1,HSC
NUDT19,0.8976320342322165,-0.20371960209869044,0.171,0.177,1,HSC
TICAM2,0.8977413792830549,1.0797246034089314,0.028,0.024,1,HSC
CFAP410,0.8978020614931405,0.18338594240261585,0.143,0.131,1,HSC
PUM1,0.8979107347736995,-2.8014918951048564,0.775,0.758,1,HSC
SV2A,0.8979497371000231,-0.2849269830004243,0.279,0.284,1,HSC
POLR2A,0.8981340842898863,0.9271413673684137,0.655,0.639,1,HSC
HEMK1,0.8983093311203818,-0.2468263935927627,0.312,0.321,1,HSC
IFIT5,0.8987971810373367,1.2285595194658985,0.327,0.318,1,HSC
HTR1F,0.8988727832333413,-1.6125792850566594,0.588,0.596,1,HSC
NDUFB10,0.8990204009776835,0.1344716107497934,0.662,0.661,1,HSC
SOCS3,0.8991133011827105,12.826679364309154,0.243,0.239,1,HSC
DAXX,0.8991206815409818,0.13026376763516656,0.442,0.44,1,HSC
CTNNA3,0.8991387706262477,-0.5426839514621369,0.01,0.015,1,HSC
SPATA6,0.8991588145281777,-0.1662673781262244,0.228,0.232,1,HSC
MARCHF2,0.8991784958704575,0.2258240900513897,0.133,0.125,1,HSC
NGRN,0.8992179716974729,-0.23587766274428634,0.243,0.248,1,HSC
MCM5,0.8992390662242887,-1.2747586772814197,0.504,0.502,1,HSC
PRKAR1A,0.8995552487930365,1.279636697279467,0.826,0.823,1,HSC
SLC30A1,0.8995705416953689,0.21337766567833782,0.161,0.15,1,HSC
KRR1,0.8996246571713109,-0.23007985880827575,0.563,0.566,1,HSC
STKLD1,0.8997248712499507,-0.46193107523861343,0.015,0.021,1,HSC
DYNLT4,0.8998191603004774,-0.2578779718092692,0.013,0.015,1,HSC
TRPT1,0.9000277426685218,0.14130852390005516,0.256,0.263,1,HSC
CIAO1,0.9000365270291342,0.7771101451400593,0.522,0.532,1,HSC
MYCN,0.9001788091250822,-14.987744310746205,0.673,0.654,1,HSC
TBC1D12,0.9002081247919329,-0.2578779718092701,0.023,0.028,1,HSC
FKBP7,0.9002257011172738,-0.10831216237104235,0.12,0.11,1,HSC
LRRN1,0.9002326869881236,0.5801146685098817,0.125,0.116,1,HSC
SPRING1,0.9003153346322949,-0.46193107523861343,0.015,0.021,1,HSC
UBQLN4,0.9003163862662122,0.6074470507695104,0.24,0.229,1,HSC
SIRPB2,0.900327995483544,-2.174191916856897,0.015,0.018,1,HSC
PDZD2,0.9004894774589531,0.12099074795530801,0.207,0.223,1,HSC
OAZ1,0.9005266695629534,1.185245036131036,0.997,0.997,1,HSC
MAP3K7,0.900650474465484,0.22494014299622656,0.504,0.508,1,HSC
IFRD2,0.9009734536462215,0.8084613398746381,0.286,0.315,1,HSC
LCA5L,0.9010407427225007,-0.8649797540331319,0.018,0.015,1,HSC
TAB2,0.9011229686445255,-0.28453529805913114,0.841,0.856,1,HSC
FCGR2A,0.9011251686594678,0.24542027990697957,0.033,0.028,1,HSC
INTS15,0.9013237226413963,-0.27702447693210486,0.532,0.52,1,HSC
IMPDH2,0.9013560288897959,-1.7667276117035735,0.696,0.706,1,HSC
COX16,0.9013793588706187,0.25662271923901825,0.688,0.688,1,HSC
FNDC3B,0.9015203488374027,0.4004414632472404,0.325,0.306,1,HSC
MTSS1,0.9017239772269398,-5.901454289848704,0.102,0.104,1,HSC
DHFR2,0.9017931993433114,0.20119387681860346,0.084,0.083,1,HSC
NRROS,0.9018359296914406,1.2670451293216223,0.693,0.691,1,HSC
GANAB,0.902060209003259,0.9223233212520956,0.698,0.688,1,HSC
PECAM1,0.9021516178409802,-21.887225776382234,0.749,0.752,1,HSC
BTN2A1,0.9023313533743961,-0.21349981156244358,0.153,0.162,1,HSC
MTRES1,0.9025992448216631,0.19181820471275834,0.115,0.122,1,HSC
PCCB,0.9026040387572383,-0.5038292049385256,0.414,0.428,1,HSC
CCER2,0.9028281810496747,-0.3389484043327857,0.036,0.046,1,HSC
PRSS21,0.9028530744549077,-1.3801319030337549,0.13,0.135,1,HSC
ZNF480,0.9030089083834842,-0.128984507146532,0.281,0.294,1,HSC
MTHFD2,0.903058589950986,0.9998585139586857,0.289,0.309,1,HSC
TANK,0.9030701059945159,0.5512260043004591,0.417,0.401,1,HSC
SAP30,0.9030734515551189,0.26063813030379057,0.468,0.468,1,HSC
AFG3L2,0.9031427826925815,-0.29769794952522144,0.358,0.376,1,HSC
CEP72,0.9031784534940721,0.10518525900870412,0.136,0.138,1,HSC
DPH3,0.9034488462378198,-0.13652428000210065,0.248,0.242,1,HSC
TMEM183A,0.9035939243675559,1.704720885463078,0.701,0.697,1,HSC
NBPF11,0.9036885838861534,0.12772336760470004,0.064,0.058,1,HSC
KLHL11,0.9038564108508377,-0.2813793178730686,0.066,0.064,1,HSC
CTSW,0.9039199230720939,5.251471015660336,0.647,0.651,1,HSC
GLYATL2,0.9040172973685509,1.3229420955116442,0.023,0.018,1,HSC
SEC24B,0.9040990547832858,0.30070291907586544,0.504,0.483,1,HSC
MYO1C,0.9043033118879753,0.3626559093627746,0.02,0.015,1,HSC
SLC43A2,0.9043226321348333,0.21295012166134386,0.32,0.315,1,HSC
TGFBI,0.9043420054361937,5.481962396381583,0.026,0.028,1,HSC
ZNF329,0.9043842513026257,0.35096714149722613,0.225,0.208,1,HSC
GATM,0.9046016259336289,-0.6873562231172188,0.128,0.147,1,HSC
MAT2B,0.9046118633100538,-0.6479509092820317,0.747,0.722,1,HSC
RGS1,0.9048750179105174,4.413203801364668,0.072,0.073,1,HSC
SOCS4,0.904960686658391,0.1673779614042985,0.24,0.226,1,HSC
CCDC154,0.9050469495131716,0.2971326614410299,0.061,0.055,1,HSC
DCUN1D4,0.9053187620565497,0.12725672084353712,0.491,0.477,1,HSC
ANXA3,0.9054241444373491,0.6575173285882827,0.028,0.021,1,HSC
HOXB2,0.9055730110334737,0.2451131102505701,0.205,0.214,1,HSC
ATXN7L3B,0.9057574427717272,-1.5660915886930775,0.859,0.85,1,HSC
TAPBPL,0.9058768040793371,0.34634264145798854,0.297,0.297,1,HSC
PARD3B,0.9058851523425736,-0.3300138197014735,0.056,0.055,1,HSC
NDUFB3,0.9059377090327568,-0.23570758878092896,0.348,0.37,1,HSC
BCL9L,0.906002418554652,0.7915701655276413,0.35,0.339,1,HSC
SKIC3,0.9061077157881408,0.6143411599990465,0.721,0.697,1,HSC
RNF125,0.9063689065865792,-0.9902920821207122,0.596,0.615,1,HSC
GBGT1,0.9063746925548032,0.3044587745455136,0.197,0.211,1,HSC
GLMN,0.9065529072909827,-0.42404161807655594,0.327,0.339,1,HSC
PRDX2,0.9066214970259198,1.981932892353015,0.806,0.82,1,HSC
CHCHD7,0.9066307143827494,-3.0440469408942272,0.427,0.434,1,HSC
LRFN1,0.906673648634646,-0.37657350566700987,0.113,0.128,1,HSC
ACKR3,0.9066772812176744,-0.4200460569140634,0.105,0.116,1,HSC
TMEM14C,0.9066798540197109,0.10972498754370186,0.634,0.639,1,HSC
GPR35,0.9067773876894508,-0.1572445368419766,0.1,0.11,1,HSC
VAV1,0.9067977706589206,0.3988868216893344,0.57,0.56,1,HSC
KLF4,0.9068914062934099,6.194801991131774,0.087,0.08,1,HSC
TRAF1,0.9069181968443782,-0.4754820330220846,0.087,0.098,1,HSC
HINFP,0.9071670410766746,-0.21144382357976244,0.176,0.171,1,HSC
TMEM127,0.9072586232146851,0.1698758561859206,0.407,0.41,1,HSC
BTBD10,0.9073380683137497,-0.18591589303795408,0.171,0.168,1,HSC
IFT46,0.9073569348742498,-0.32301184067268185,0.327,0.318,1,HSC
ERCC3,0.9074849327089543,0.50399612057803,0.332,0.327,1,HSC
WDR13,0.9075696949473524,-0.38274727738280667,0.578,0.59,1,HSC
C21orf58,0.9076471296396427,-0.762748653414169,0.197,0.199,1,HSC
MAPK1,0.9079762889712882,5.282799448116188,0.826,0.817,1,HSC
PTAR1,0.9080175834565265,0.3803877678787728,0.665,0.67,1,HSC
RIOX2,0.9080194095593704,-0.8445090108409052,0.289,0.278,1,HSC
ZNF544,0.9080426466682805,-0.1623499991379822,0.504,0.495,1,HSC
EIF5A2,0.9081338198172554,0.10016395647250143,0.051,0.052,1,HSC
BEND3,0.9081452756218689,0.157027752924777,0.031,0.034,1,HSC
ZNF260,0.9081705557070254,-0.2282435307621875,0.389,0.41,1,HSC
STX2,0.9082324654374281,-0.24514005554303558,0.215,0.214,1,HSC
MAK,0.9082383888257154,2.253450487825674,0.026,0.024,1,HSC
EIF6,0.9083816093299429,0.18569536589941915,0.509,0.52,1,HSC
CRTAM,0.9084884728931097,1.3944150566696103,0.026,0.018,1,HSC
CHD4,0.9086108848208626,-0.2203222510819831,0.818,0.801,1,HSC
RIMOC1,0.908635372352447,0.17281768194836833,0.379,0.382,1,HSC
CENPW,0.908753400324882,0.42881846605445095,0.164,0.165,1,HSC
PIDD1,0.9093182828812816,0.5529303884059846,0.026,0.021,1,HSC
SLFN5,0.9093475698200302,5.362614200285403,0.184,0.162,1,HSC
FRMD6,0.909465921548441,0.627468182672799,0.13,0.131,1,HSC
ARHGDIB,0.9097033935352509,2.613642433502342,0.992,0.994,1,HSC
PIK3IP1,0.9098383374937181,0.18717927288899205,0.307,0.3,1,HSC
TDRD3,0.9099156806277713,-0.3170869201738362,0.284,0.291,1,HSC
MYL5,0.9099479768208427,-0.46377555889964817,0.176,0.165,1,HSC
DPPA4,0.9100811182921946,0.35206375129832734,0.425,0.428,1,HSC
TMEM39B,0.9101229728644005,0.3220685796326023,0.317,0.306,1,HSC
LRFN3,0.9101265955652399,-0.6999125917333435,0.018,0.021,1,HSC
EBP,0.9101899845364717,0.3660382759349998,0.384,0.37,1,HSC
MAPRE2,0.9102530306444632,0.34334370453679597,0.844,0.85,1,HSC
DNAJB11,0.9106206852703342,-0.2652180644382758,0.409,0.428,1,HSC
ANKMY1,0.9107229358565497,0.2164021812728142,0.199,0.196,1,HSC
GPR107,0.9107425076438442,0.24811814496602125,0.496,0.471,1,HSC
PREX2,0.9107886921126055,-0.13138090402692493,0.069,0.073,1,HSC
APRT,0.9109504085171002,0.6071588624292481,0.739,0.758,1,HSC
ANKRD52,0.9109541363869961,-0.14613694247333053,0.363,0.364,1,HSC
UBP1,0.9110828460629194,-0.1465823725231763,0.67,0.682,1,HSC
LRRFIP2,0.9111339206599471,0.787419787334871,0.65,0.651,1,HSC
MICAL3,0.9111434741993112,-0.38872213380264387,0.409,0.394,1,HSC
FAM209B,0.911452340110699,-0.2578779718092692,0.01,0.012,1,HSC
CEP89,0.91175191242388,0.11240034840543012,0.233,0.229,1,HSC
EI24,0.9119481219706648,-0.3602653214793879,0.35,0.367,1,HSC
PCMT1,0.912019795248917,-0.2662573423823855,0.565,0.587,1,HSC
PSMB2,0.9120809300980064,-0.6966399384396049,0.642,0.627,1,HSC
MRI1,0.9121390043915825,0.11885255596378555,0.276,0.275,1,HSC
KRTAP5-9,0.9121914110728712,0.3533575992312503,0.028,0.021,1,HSC
SSH2,0.9122026704571177,0.32019928911742346,0.22,0.214,1,HSC
PPCDC,0.9124702128901161,0.13140791892413395,0.212,0.217,1,HSC
GSKIP,0.9125442974009186,0.23867943208433695,0.184,0.177,1,HSC
PALLD,0.9126259380197603,0.48065653846948453,0.153,0.147,1,HSC
PPIL2,0.9126600726712939,0.3785057639274905,0.281,0.281,1,HSC
GPC1,0.9128486548916787,-0.8302581416698329,0.013,0.015,1,HSC
RBM48,0.9129300982436553,0.14379655871723296,0.031,0.034,1,HSC
MALSU1,0.9130580763784861,-1.5699372743415796,0.386,0.398,1,HSC
RAP2A,0.9130769775495067,0.1311410722919255,0.407,0.394,1,HSC
KIAA0232,0.913144830582907,-0.31361507805771016,0.187,0.183,1,HSC
TRAPPC6A,0.9133448931986585,0.10406280602440221,0.54,0.541,1,HSC
PLCXD1,0.9133484997799234,0.4043656100137225,0.583,0.578,1,HSC
MSANTD3,0.9135981115562787,0.18567286204410816,0.458,0.45,1,HSC
ZFP57,0.9136756132510208,0.826184181899053,0.11,0.107,1,HSC
DUSP8,0.9137145717922318,0.4728346951649245,0.031,0.021,1,HSC
AAMP,0.9137723249005638,0.5628626540747974,0.645,0.627,1,HSC
MSMP,0.9138484144152175,-0.4956227885205582,0.013,0.018,1,HSC
TSPYL4,0.913882087473342,0.427362372917404,0.327,0.33,1,HSC
GLIPR1L2,0.9139166383149964,-0.4956227885205582,0.013,0.018,1,HSC
CHMP2B,0.9141429361209067,0.4180446465817953,0.422,0.416,1,HSC
SH3GLB2,0.9142049370007098,0.1549766156858109,0.399,0.382,1,HSC
CES3,0.9142327619881321,0.18391994833136316,0.018,0.015,1,HSC
AEBP2,0.9144739247639743,-0.15408624747628075,0.691,0.709,1,HSC
ENOX2,0.9145270329805788,-0.2973827182468064,0.159,0.168,1,HSC
MED19,0.9145378883646689,0.16127489374996817,0.156,0.15,1,HSC
STK25,0.9146402648422787,0.535037191146555,0.491,0.511,1,HSC
METTL26,0.9147314135670379,-1.6293450510392704,0.519,0.508,1,HSC
GOLGA7B,0.9147357974001024,-1.265574502667142,0.013,0.018,1,HSC
JMJD8,0.9148507333794135,0.10908731855366205,0.269,0.272,1,HSC
HSD17B11,0.9148955709831422,-2.0764702211061365,0.934,0.93,1,HSC
PKN1,0.9149207202471996,1.31630637632274,0.77,0.752,1,HSC
ILF3,0.9149746543452575,-5.816918530377706,0.844,0.838,1,HSC
CDR2,0.9149765997430132,-0.22023355528905686,0.148,0.156,1,HSC
TOPBP1,0.915086234846657,-0.27430935555463765,0.407,0.404,1,HSC
PYGO2,0.9151314591445066,0.1783262081179604,0.55,0.56,1,HSC
CCP110,0.9152709898992268,-0.2601327225734509,0.44,0.428,1,HSC
METTL18,0.9154008801531055,0.2943986309908261,0.169,0.177,1,HSC
SSH3,0.9155665652685612,-0.24817268418655702,0.092,0.101,1,HSC
ABRACL,0.9156024074955074,-1.2969905436966362,0.78,0.777,1,HSC
REV3L,0.9156584420345968,0.49717575091331556,0.335,0.33,1,HSC
LNP1,0.915694287906615,-0.40109190750480916,0.023,0.031,1,HSC
CACNA1F,0.9158833654267403,-0.40109190750480916,0.023,0.031,1,HSC
VWA1,0.9159107215267456,-0.5601052285457184,0.02,0.031,1,HSC
EXOSC8,0.9160740526379455,0.16278601864874354,0.481,0.468,1,HSC
AUH,0.9162378576754779,0.1250190938600934,0.263,0.291,1,HSC
PIAS3,0.9162407294226312,0.14733745037499735,0.113,0.11,1,HSC
NFXL1,0.9166245361201071,-0.16450167913785946,0.292,0.309,1,HSC
WIPI2,0.9166335797274502,0.49882180484352334,0.519,0.535,1,HSC
AP2M1,0.9166491464610378,0.45315214598910103,0.675,0.688,1,HSC
PRKDC,0.9167939340597607,-0.6516092723968208,0.545,0.56,1,HSC
HIVEP2,0.9168738324269926,0.22106381469658176,0.299,0.287,1,HSC
PPP4R3B,0.9169647904533053,-0.2542639906555584,0.78,0.783,1,HSC
PRPSAP1,0.9170864863928637,-0.21242393410912386,0.366,0.373,1,HSC
UTS2,0.9171926704999432,1.8247014568494748,0.015,0.012,1,HSC
ZNF738,0.9176809941688815,-0.18969230104532353,0.455,0.456,1,HSC
PIM1,0.9177120338017666,-4.420356516410378,0.488,0.498,1,HSC
RAB32,0.9180555780325195,1.780774277185389,0.417,0.416,1,HSC
TCF20,0.9180752177004908,0.2615430343354091,0.366,0.382,1,HSC
DEGS2,0.9182944825247173,0.41063573413477217,0.051,0.046,1,HSC
RRM1,0.9183061654771518,-1.6299713306369992,0.335,0.339,1,HSC
CCSER1,0.918320567612189,0.272743518677878,0.207,0.214,1,HSC
SEMA4D,0.9187222410250274,0.158329597128829,0.45,0.446,1,HSC
NAA30,0.9187521644369075,-0.35015778112019935,0.394,0.407,1,HSC
PPP2R5E,0.9188564145807095,-0.17763383704116986,0.604,0.612,1,HSC
TMEM175,0.9190656343247704,0.2809556425816485,0.217,0.208,1,HSC
FRRS1,0.9191286292931123,-0.6102570602244499,0.125,0.131,1,HSC
PKP2,0.9193747391371062,-0.2578779718092692,0.028,0.034,1,HSC
STAU2,0.9196011883634753,-1.4471117526501454,0.806,0.804,1,HSC
POLR3GL,0.9198537743225196,-0.3239497984360482,0.422,0.434,1,HSC
SAE1,0.9200436465309488,-0.6090993022819647,0.212,0.22,1,HSC
RUNX2,0.9200777187433299,0.27385093204579647,0.619,0.602,1,HSC
PAOX,0.9204100846058231,0.24424143560166178,0.105,0.092,1,HSC
TENT5A,0.9204592929253541,-2.4169360122660883,0.294,0.303,1,HSC
CREB5,0.9205678781209714,-0.6923100544389618,0.026,0.034,1,HSC
NCSTN,0.9206156036269184,0.24613576521613645,0.691,0.685,1,HSC
NUP43,0.9206694018485868,-0.2759659462034232,0.558,0.566,1,HSC
RANGRF,0.9210093909034294,0.1352017152162554,0.302,0.324,1,HSC
TMEM169,0.9210300435515568,-0.6130921406295924,0.008,0.012,1,HSC
HEATR1,0.9211319634328503,-0.2922636052437353,0.552,0.569,1,HSC
ENPP5,0.9211819803449428,0.7634227255357056,0.015,0.012,1,HSC
MLX,0.9212421778750259,0.3957319714234764,0.407,0.419,1,HSC
MAP7D1,0.9214008559863308,-1.6120559143531867,0.652,0.661,1,HSC
TBXAS1,0.9216891328740245,-0.2271788085749442,0.435,0.45,1,HSC
SRPRA,0.9217918605544304,-0.19403684171891733,0.614,0.602,1,HSC
KPNA3,0.9218413171274591,0.16920485772339044,0.409,0.401,1,HSC
TTLL6,0.922148233487684,-0.114664036113731,0.026,0.028,1,HSC
SAR1A,0.9221768056220415,0.3626559093627746,0.02,0.015,1,HSC
GBA1,0.9223663276884405,-0.22494570482380472,0.294,0.309,1,HSC
LCP2,0.9224946240428646,-7.34394130597476,0.831,0.826,1,HSC
NTPCR,0.9225126329001281,0.18137002038588979,0.33,0.327,1,HSC
SNRNP200,0.9225222197501809,-0.5026338793685126,0.775,0.786,1,HSC
PFDN4,0.9225684403680363,0.1434034129483106,0.123,0.119,1,HSC
LRFN4,0.9226379269875391,0.46372513092458256,0.159,0.147,1,HSC
ARSK,0.922666081566011,-0.36980338346994923,0.046,0.052,1,HSC
ZNF430,0.9226660991098959,0.20370107678742322,0.153,0.156,1,HSC
IGFBP7,0.9227873341374172,-0.8481067389118433,0.621,0.63,1,HSC
CLU,0.9228001728805463,9.614854592814071,0.384,0.388,1,HSC
MLST8,0.9231063566389719,0.2728038365356581,0.355,0.361,1,HSC
UTRN,0.9231268992360951,10.4602485306226,0.655,0.661,1,HSC
TMEM150A,0.9231446628429296,-0.47521165968480283,0.13,0.122,1,HSC
PLAAT4,0.9233072023247992,-0.7576287574880758,0.555,0.547,1,HSC
CACHD1,0.9234057243035246,-0.24190235437869223,0.064,0.067,1,HSC
SPRED1,0.9234323311354267,0.2371049150428841,0.061,0.055,1,HSC
PITRM1,0.9235105025314727,-2.3562643482197374,0.545,0.544,1,HSC
C19orf44,0.923599900639779,-0.36127814165155137,0.128,0.125,1,HSC
RIN2,0.9236256136918549,-0.6249089124167309,0.092,0.101,1,HSC
ZNF830,0.9238285862948832,0.37161922075360354,0.453,0.465,1,HSC
ZNF623,0.924075451819814,0.31980050536163807,0.391,0.376,1,HSC
ZNF229,0.9241006290998561,0.15649281471853205,0.159,0.153,1,HSC
SLC27A4,0.9241622982828049,-0.1836032296907999,0.153,0.165,1,HSC
MPC1,0.9242468589100523,-0.11455773022791715,0.343,0.333,1,HSC
SHLD2,0.9243507123378597,0.4341469678226122,0.488,0.477,1,HSC
TFEC,0.9243928024360526,-2.1638566549745226,0.488,0.486,1,HSC
ZNF394,0.9245944092850391,0.5701511019599919,0.425,0.437,1,HSC
SETD3,0.9246945142914393,0.2720463272022906,0.604,0.621,1,HSC
SLC9A7,0.9247063173479607,2.017942584412874,0.655,0.67,1,HSC
PIGV,0.9249076958624309,1.812547559504106,0.297,0.306,1,HSC
ZNF384,0.9249132890520875,-0.4977002340467682,0.609,0.606,1,HSC
MPHOSPH8,0.9250710320638992,-0.2566511045771285,0.578,0.566,1,HSC
SLC25A36,0.9251242301131801,-0.49355054605947934,0.716,0.722,1,HSC
GVQW3,0.925204975969876,0.10856333681170824,0.299,0.297,1,HSC
SRSF1,0.9252501289462435,-0.15131432511987475,0.54,0.523,1,HSC
ENPP3,0.9254598351927192,-0.1486174459726992,0.036,0.037,1,HSC
DNAJA3,0.9255540544130976,0.4443844597279569,0.289,0.291,1,HSC
TBC1D24,0.9261348389158133,0.19940961176347505,0.171,0.183,1,HSC
GPN3,0.9263326954493745,0.2627275765299744,0.228,0.211,1,HSC
CCDC146,0.9264627398834279,0.3074559796193861,0.133,0.135,1,HSC
SLC25A43,0.9265483120779324,-0.120171173088373,0.153,0.162,1,HSC
MBD5,0.9271442325913054,-0.3877716235532481,0.325,0.343,1,HSC
ERGIC1,0.9271599428183598,-0.49197291973061313,0.322,0.333,1,HSC
CBFB,0.927275245297339,0.22428470640813591,0.662,0.67,1,HSC
NOA1,0.9273542730905399,0.301163087771704,0.593,0.596,1,HSC
ADAM17,0.9274007191772778,0.32861727123830997,0.478,0.477,1,HSC
TNFAIP2,0.9274525548846462,-1.0375064628322463,0.184,0.18,1,HSC
PPP1R26,0.9275560702453902,-0.20332024148130734,0.105,0.113,1,HSC
PPP2CA,0.9275832003905007,-0.155776309816277,0.463,0.483,1,HSC
TRMU,0.9281043663608787,0.21309855225151167,0.274,0.287,1,HSC
FPGS,0.9281537868680589,0.4232162439612617,0.514,0.526,1,HSC
RBM15B,0.9282636532815636,0.41579093897277897,0.655,0.654,1,HSC
RNASE4,0.9282899877462649,0.10838886646245083,0.049,0.043,1,HSC
MAP3K11,0.9283128837469551,-0.10688692373310293,0.501,0.498,1,HSC
N4BP2L2,0.9284498712959527,7.755427036939951,0.944,0.939,1,HSC
TSPAN18,0.9284677937663485,0.12491109265148559,0.02,0.018,1,HSC
RIF1,0.9285979093109668,-0.28075250467638924,0.509,0.495,1,HSC
BNIP3L,0.9286111949165352,-1.533360677195664,0.813,0.813,1,HSC
TRIP13,0.928667293503285,-0.6846703336660478,0.033,0.04,1,HSC
CCDC152,0.9287072066041814,0.11121831225047969,0.22,0.226,1,HSC
RABL6,0.9287606371242889,0.42710601110445223,0.545,0.55,1,HSC
PSMD11,0.9288735691560455,-0.19507968613577248,0.299,0.297,1,HSC
NT5C3B,0.9290279006079954,0.8588065841408249,0.317,0.309,1,HSC
ATP6V1F,0.9291467459299653,0.16914038675928822,0.381,0.379,1,HSC
ZNF460,0.9291922690044957,-0.20759019699957992,0.435,0.428,1,HSC
SIRT7,0.9292903952296546,0.23613625986669562,0.21,0.202,1,HSC
ATP5MG,0.9294227012927162,-0.28281704103842387,0.872,0.875,1,HSC
DYTN,0.9296055498372355,0.28392441369239485,0.023,0.018,1,HSC
IL5RA,0.9298556589245692,-0.24251864177658056,0.046,0.046,1,HSC
RSPH3,0.9302805763103238,0.18551308958362123,0.146,0.141,1,HSC
GTF2I,0.9302899678750586,0.46714927294885333,0.673,0.673,1,HSC
TMEM168,0.9305446328394308,1.0370037620098005,0.496,0.483,1,HSC
MAFK,0.9305522760258951,-0.3295161361039833,0.256,0.257,1,HSC
UNC13D,0.9305749488940553,1.1701890123853325,0.688,0.703,1,HSC
ZNF217,0.930674478335585,0.3719915903401376,0.54,0.541,1,HSC
CACNB2,0.9310019256073152,0.5367887138639451,0.133,0.147,1,HSC
ST8SIA4,0.9311263968150337,-1.4067301044775768,0.678,0.67,1,HSC
CFAP298,0.9311822615088312,0.2943426365208963,0.547,0.554,1,HSC
KAT14,0.9312222030782541,-0.29123144979772,0.174,0.171,1,HSC
DOP1B,0.9312494825736456,0.2281684884921505,0.223,0.211,1,HSC
DEPDC1B,0.931307897891167,-0.6561787261494767,0.105,0.113,1,HSC
MSL1,0.9313324683696937,0.9027350370083473,0.708,0.7,1,HSC
CDC73,0.9313674513317126,-0.5366379281800695,0.701,0.7,1,HSC
HDAC5,0.9315366815585677,0.20233316654186217,0.419,0.404,1,HSC
INSR,0.9317638246172643,-0.11346080201041575,0.21,0.223,1,HSC
SARAF,0.9320234149627652,4.315274261871976,0.757,0.765,1,HSC
ZNF112,0.9320760347571663,0.2214688065497752,0.074,0.07,1,HSC
FAM161B,0.9320761921046763,0.5762961687263402,0.031,0.024,1,HSC
LBHD1,0.9321155776298313,-0.8463103431083303,0.113,0.122,1,HSC
ANKAR,0.9322154100907483,0.30172959865235016,0.256,0.242,1,HSC
MBP,0.932248854903349,0.2632791874792001,0.233,0.22,1,HSC
SRSF9,0.9323519862150532,0.17502327584279742,0.512,0.508,1,HSC
FSCN1,0.9323884005903017,0.4646035756862561,0.348,0.333,1,HSC
ETV6,0.9323935262522505,-5.369012221555545,0.903,0.899,1,HSC
TLR6,0.9325250750974544,-0.10955546413727668,0.133,0.144,1,HSC
UBAP2,0.9326642874983142,0.4689730007658618,0.391,0.398,1,HSC
ZNF268,0.9327494579009359,0.1758517490238145,0.355,0.339,1,HSC
NHLRC3,0.9328122992613046,0.1090890222724637,0.297,0.294,1,HSC
AREG,0.9328886590388293,0.37083991513818404,0.033,0.028,1,HSC
ZNF141,0.9329526871767309,0.5684441870808554,0.44,0.453,1,HSC
CHMP1B,0.9329655803066104,-0.7558357188601437,0.655,0.661,1,HSC
ZNF700,0.9329689130607478,0.6913584448089181,0.483,0.48,1,HSC
RPP25,0.9330152119187091,-0.2578779718092692,0.018,0.021,1,HSC
CFL1,0.9331123797956206,-4.658376073227032,0.959,0.954,1,HSC
C16orf86,0.9331437276215074,-0.13114458360225334,0.123,0.131,1,HSC
BEST1,0.9332395047713558,-0.5426839514621369,0.01,0.015,1,HSC
FLNB,0.933257862001009,0.6972364665087993,0.391,0.407,1,HSC
SLC25A13,0.9336605217648521,-0.8547225302162789,0.289,0.284,1,HSC
FBXO44,0.933734764567021,0.6220608181748841,0.077,0.067,1,HSC
HMGB2,0.9337586580843129,-4.58578409742103,0.634,0.618,1,HSC
COX6C,0.9338817511988814,-0.1572052815270819,0.655,0.664,1,HSC
GBP2,0.9339207319890268,-1.8143581558154227,0.43,0.416,1,HSC
PRKG1,0.9339242763632737,2.6161777923373903,0.263,0.235,1,HSC
YARS1,0.934102379130934,-2.368420695283815,0.425,0.425,1,HSC
PPM1K,0.9343156613208895,0.3053081884719653,0.414,0.404,1,HSC
KEAP1,0.9344045460621588,-0.6840087552359324,0.486,0.468,1,HSC
PTPN18,0.9346926663772993,-0.453952678315094,0.079,0.089,1,HSC
SNRPD2,0.9349876734269309,0.98063216568739,0.714,0.728,1,HSC
CLK3,0.9350260488051119,0.36109190733445173,0.404,0.391,1,HSC
THAP12,0.9352653197139619,-0.9429858535118805,0.545,0.541,1,HSC
ZNF33A,0.935340190356657,0.10806884303226738,0.563,0.563,1,HSC
SNRPD1,0.9353740734550465,-0.22264996400975123,0.077,0.089,1,HSC
HBS1L,0.9357074681917724,-0.2591124707445651,0.803,0.804,1,HSC
OOSP3,0.9360165653146701,-0.6130921406295924,0.008,0.012,1,HSC
NUP58,0.9360445338912019,-0.1789341106641814,0.404,0.416,1,HSC
CRIP2,0.9361479939306568,-0.4485367846172692,0.041,0.037,1,HSC
SLFN12,0.936156073141273,0.10894440979514108,0.123,0.119,1,HSC
SCARF2,0.9362002636598599,0.5696161671796931,0.01,0.006,1,HSC
ASCC3,0.9362427790476375,-0.16223103636336922,0.471,0.48,1,HSC
ZMYM1,0.9362516509869726,-0.2745182293380992,0.266,0.257,1,HSC
TTF2,0.9363332579782682,0.18732989133942413,0.176,0.18,1,HSC
RAB33B,0.9363595007995633,0.12343996151210589,0.261,0.248,1,HSC
VPS8,0.9363997160722176,-0.13301179388968892,0.317,0.33,1,HSC
TMEM60,0.9365506472096029,-1.1135805936083956,0.281,0.278,1,HSC
ZNF451,0.93655832737225575,-0.34022780800231356,0.371,0.355,1,HSC
TMEM120B,0.9368485264642673,-0.11102567982981881,0.128,0.131,1,HSC
KIF20B,0.936964564416542,-0.4628265673290278,0.184,0.171,1,HSC
FIG4,0.9369721813358911,0.44109857937204466,0.343,0.343,1,HSC
NUFIP1,0.9371587962862123,0.45609992317734127,0.141,0.144,1,HSC
HERC2,0.9372233990767662,-0.22779389200829936,0.527,0.535,1,HSC
DUSP3,0.9374703820876659,0.19224750295233298,0.274,0.278,1,HSC
CBX7,0.9375146271711567,0.29774328294059016,0.038,0.034,1,HSC
TSR3,0.9376534524271785,-1.4531493208601882,0.448,0.446,1,HSC
PJA2,0.9376562320256203,0.680367820422604,0.849,0.85,1,HSC
ALKBH1,0.9376901173937962,-0.14179640556082074,0.148,0.159,1,HSC
CD38,0.9377487481857647,-1.82724464473419,0.568,0.563,1,HSC
TRIM38,0.9380057148368484,-0.5859666852097827,0.522,0.532,1,HSC
YAE1,0.9381502865517123,0.1796554997024794,0.286,0.266,1,HSC
BLOC1S2,0.9384234268408691,-0.3589140299844895,0.399,0.398,1,HSC
RBMS2,0.93881373440098,-0.6863703962951841,0.233,0.239,1,HSC
EIF4A1,0.9389300381483343,0.7011762649121671,0.862,0.862,1,HSC
SOCS7,0.9390773669096679,0.16869662508232913,0.274,0.257,1,HSC
EXOSC5,0.9393011402559538,0.11529043803028471,0.199,0.199,1,HSC
CMKLR1,0.9395124255789072,0.6541508626906545,0.013,0.012,1,HSC
NDUFAB1,0.9395538399530187,1.8165394533312322,0.501,0.526,1,HSC
ANKRD24,0.9396902988039872,0.12929348130682605,0.01,0.015,1,HSC
RPH3AL,0.9397299454559072,0.2646728245548866,0.015,0.012,1,HSC
AP5M1,0.9399537886940992,-0.7074004419550364,0.555,0.554,1,HSC
HOXB3,0.9399743730032402,0.4021666252278675,0.292,0.297,1,HSC
ZNF286A,0.9401191781648514,0.49912660929300956,0.12,0.125,1,HSC
CD58,0.9404222814570037,-0.5541453930794186,0.361,0.358,1,HSC
TEX10,0.9404386202212954,0.354811141029866,0.343,0.339,1,HSC
UBA1,0.9404387102870712,0.628053352617234,0.65,0.654,1,HSC
TNK1,0.9404863928924735,-0.78593688551272,0.023,0.028,1,HSC
SLF1,0.9405665243642924,0.1710553558543939,0.169,0.168,1,HSC
ARPC1A,0.9407223348570549,0.4299208128314179,0.399,0.394,1,HSC
SFXN3,0.9409028294776138,0.17731769116499885,0.248,0.242,1,HSC
FSD1L,0.9409778253959089,0.15362765057901484,0.146,0.159,1,HSC
BSDC1,0.9410217298074637,-0.13717076208541323,0.542,0.544,1,HSC
KIAA1671,0.9410750058390108,0.3821421766639208,0.013,0.009,1,HSC
SRRD,0.9412656529136277,-0.1115543248466031,0.33,0.333,1,HSC
PAK1IP1,0.9413405515460285,-0.29567717473699345,0.176,0.187,1,HSC
TM7SF3,0.9413411908977112,-4.119307655416566,0.841,0.835,1,HSC
GNG4,0.9413562063100765,0.411311423846759,0.01,0.009,1,HSC
LYG1,0.9413607595077443,0.48468778611982843,0.031,0.024,1,HSC
LPIN2,0.9414990738968744,0.15054599920569656,0.491,0.514,1,HSC
SDC4,0.94150333412791,-1.2729732746845372,0.028,0.031,1,HSC
VWA5A,0.9415778734603083,27.087145208331602,0.325,0.333,1,HSC
SAPCD2,0.9416002041409864,0.12929348130682605,0.01,0.015,1,HSC
RAD54L,0.9417275974104456,-0.929855404578233,0.01,0.012,1,HSC
VPS35L,0.9417635863015164,0.3803754079275685,0.616,0.596,1,HSC
CD63,0.9419069839583144,-3.5651937659926283,0.598,0.59,1,HSC
PBLD,0.9419545943786758,-0.326763870994337,0.09,0.101,1,HSC
APOL3,0.9420459163469219,-0.7320997196429043,0.217,0.208,1,HSC
DRC3,0.942245173699941,0.2646728245548866,0.015,0.012,1,HSC
WBP11,0.9422833022786385,-0.2414996644900015,0.315,0.324,1,HSC
MED17,0.9423366357915871,-0.2884085827472258,0.468,0.48,1,HSC
CAP1,0.9424778366668892,-0.24798448444886478,0.087,0.089,1,HSC
CES4A,0.9424892433832228,0.3702049984898721,0.082,0.083,1,HSC
NFYB,0.9426249903895252,-0.17944406021319814,0.45,0.462,1,HSC
HAL,0.9426588862857369,0.45297850234868386,0.028,0.031,1,HSC
RASA2,0.9429981707463337,-0.41314778288477827,0.389,0.413,1,HSC
WRNIP1,0.9430598861100934,0.457049116957986,0.66,0.676,1,HSC
SNAPC1,0.9430802685924895,-0.2349247750356842,0.223,0.223,1,HSC
ZNF263,0.9431149072053621,0.6715380413250498,0.363,0.361,1,HSC
SRSF11,0.9431327100185745,-0.595007281934798,0.563,0.563,1,HSC
ZNF626,0.9436432232323564,-0.36795925915076566,0.338,0.352,1,HSC
COQ9,0.9439458578950061,1.2985082691912662,0.315,0.318,1,HSC
RASSF1,0.943957054204683,0.3626413709609668,0.698,0.688,1,HSC
ERCC6L,0.9439626780538394,-0.5426839514621369,0.01,0.015,1,HSC
HHAT,0.944018962919691,0.20153966612850893,0.176,0.171,1,HSC
SF3B2,0.9440939835762933,0.2147607089498178,0.509,0.52,1,HSC
ROBO1,0.944099325704775,-0.11309529053376854,0.064,0.064,1,HSC
CTPS1,0.9442931143746897,-0.4651118726965009,0.184,0.196,1,HSC
YME1L1,0.9444523814294377,0.28888049184038245,0.583,0.596,1,HSC
GOLGA2,0.9445423769750126,-0.1819918839035406,0.302,0.303,1,HSC
PPDPF,0.9445705984677841,0.9028849409011315,0.806,0.823,1,HSC
NKAPD1,0.9448197379831403,0.4219758169017074,0.494,0.502,1,HSC
WIPF1,0.9448309237612321,4.958275103276902,0.903,0.908,1,HSC
FASN,0.9449513860048536,-1.5834045480564958,0.348,0.364,1,HSC
STXBP3,0.945005616069564,-0.2044494977173703,0.698,0.7,1,HSC
ATAD5,0.9450338644976686,-0.1873449160044125,0.182,0.177,1,HSC
ATG9A,0.9450764122021388,0.3559491796081266,0.297,0.294,1,HSC
TMEM43,0.945131863305134,-0.15171709916658616,0.624,0.624,1,HSC
ARRDC3,0.9451718163906329,0.39906797170536024,0.877,0.887,1,HSC
MEIS2,0.9453853846812164,-0.7173188790780767,0.01,0.009,1,HSC
IQGAP1,0.9455738893485698,-0.2955086818272177,0.302,0.303,1,HSC
TOE1,0.9456967230320532,-0.14182564307300388,0.269,0.281,1,HSC
TBL1XR1,0.9457169711653856,0.16017901255963718,0.849,0.841,1,HSC
TSSC4,0.9458061553441074,-0.4302140636038613,0.289,0.297,1,HSC
CD34,0.9461252222790655,3.245297822488034,0.847,0.856,1,HSC
NUP93,0.9463761472693274,-0.25042097843927946,0.496,0.486,1,HSC
POLR2H,0.9463875360968995,1.2742856505144697,0.496,0.492,1,HSC
ATIC,0.9464352358020875,-0.26965014179446634,0.662,0.682,1,HSC
PRMT9,0.9465027742398795,-1.2394730557092566,0.269,0.294,1,HSC
ZNF618,0.9465811308497557,0.1370080401191332,0.335,0.321,1,HSC
USF2,0.9466705639596885,-0.8061743721951915,0.826,0.832,1,HSC
IQCG,0.946782800948844,-0.3207336013165569,0.138,0.135,1,HSC
TENT4B,0.946882719112179,-0.12076514474264505,0.238,0.232,1,HSC
CCNQ,0.946912135796848,0.27167246010262236,0.159,0.147,1,HSC
NOLC1,0.9472649217466829,0.6460052615736436,0.263,0.281,1,HSC
CEP57,0.9473047865131409,-0.8271444316811221,0.645,0.654,1,HSC
PPIL6,0.9474445562080454,0.7890790080914734,0.092,0.086,1,HSC
PRR11,0.9474519070186865,-0.9138415330740917,0.082,0.086,1,HSC
ABRAXAS1,0.9475087408096947,-0.4945647744629662,0.65,0.676,1,HSC
FKRP,0.9476376705994849,0.10309430795264318,0.118,0.11,1,HSC
EIF4E2,0.9478025828517253,-0.26862072354559996,0.517,0.526,1,HSC
AEN,0.9480238932841532,-0.335532553072842,0.143,0.159,1,HSC
SUCO,0.9481556227121986,-0.19862064625517484,0.427,0.416,1,HSC
ADGRG6,0.948626972800432,1.4186212200732662,0.417,0.407,1,HSC
CCDC88A,0.9490465106603965,0.2722781782688557,0.788,0.78,1,HSC
DOK2,0.9493258263397784,3.4864462210219522,0.107,0.104,1,HSC
PPP1R3E,0.9496033466443476,-0.44169221425884553,0.074,0.08,1,HSC
SLC39A14,0.9496102294796538,0.4347658590602699,0.102,0.098,1,HSC
CAV2,0.9496314464625513,-0.7566278727900881,0.015,0.018,1,HSC
SLX9,0.9497226161361244,0.25498530091018856,0.169,0.165,1,HSC
TAF1D,0.9500846003305412,-0.8883873953012476,0.882,0.887,1,HSC
MAPK12,0.9504411440034648,-0.1374875920196998,0.23,0.239,1,HSC
ELP6,0.9508665917248469,0.5389999531498708,0.44,0.422,1,HSC
WDR43,0.9511299893150252,-0.5206662950167384,0.647,0.651,1,HSC
ERCC2,0.9514629704575653,-0.4336873625873167,0.24,0.235,1,HSC
TMX4,0.9517639318170347,1.7479012368482971,0.486,0.483,1,HSC
BMERB1,0.9518934106935738,-0.6947549145879206,0.105,0.104,1,HSC
NEDD1,0.9521046334824803,0.4042708964394522,0.309,0.324,1,HSC
NAA20,0.9522658275570824,-0.49191915963817134,0.509,0.532,1,HSC
AGA,0.9523248439429934,-0.4984805472788507,0.202,0.217,1,HSC
CAMK2D,0.952369091226576,0.3722436474540003,0.059,0.055,1,HSC
CARS2,0.9526430125327336,0.9081975734952239,0.535,0.544,1,HSC
SMPD2,0.9527280215297607,0.9077834736132271,0.309,0.294,1,HSC
KCNIP2,0.9529930659895582,-0.25787797180926963,0.031,0.037,1,HSC
TMEM178A,0.9530807611926598,-0.2578779718092701,0.015,0.018,1,HSC
OR2M4,0.9533849157105754,-0.4956227885205582,0.013,0.018,1,HSC
CLTC,0.9533923269948427,0.32087401253563086,0.153,0.15,1,HSC
RAB34,0.9534365310433304,-0.29342967831821953,0.542,0.544,1,HSC
CCDC9B,0.9534923068083645,0.1700309503681514,0.095,0.092,1,HSC
SPATA2,0.9535058066799701,0.14837071208441843,0.051,0.052,1,HSC
TBC1D8B,0.9535652408106364,-0.28753022940651607,0.128,0.128,1,HSC
TMEM50A,0.9535896852581437,0.7648324177624457,0.711,0.709,1,HSC
MICB,0.9536777085208824,0.18391994833136316,0.018,0.015,1,HSC
SMARCD3,0.9537280164027072,-0.25787797180926963,0.031,0.037,1,HSC
DIPK1A,0.9537762813099064,-0.6999125917333435,0.018,0.021,1,HSC
R3HCC1,0.9538685414207515,-1.124783274428642,0.335,0.324,1,HSC
CTSC,0.9539502575224554,-1.3681532253863233,0.573,0.593,1,HSC
HECTD1,0.9542177279536532,-0.34243006686246136,0.522,0.541,1,HSC
PDSS2,0.9542394611367003,0.3812906087230708,0.276,0.266,1,HSC
POLR3A,0.9548918987713628,0.15057394135087998,0.284,0.266,1,HSC
NUDCD1,0.9550135665746642,-0.20138679440259288,0.396,0.394,1,HSC
SSX2IP,0.9551325665134429,0.11290432190375738,0.23,0.226,1,HSC
METTL3,0.9552520716943753,-0.25218372435482417,0.586,0.587,1,HSC
CEP152,0.955292218469221,-0.2337607153590735,0.148,0.153,1,HSC
ENTPD7,0.9552922635921497,0.35477075728939067,0.235,0.229,1,HSC
MAP4K1,0.9556905837607939,-0.46223758466255993,0.501,0.52,1,HSC
APPL1,0.955859806226807,-0.11559046901762349,0.65,0.648,1,HSC
CLCN3,0.9561175477563049,-0.1445437148477282,0.269,0.257,1,HSC
PDHX,0.9562065774184246,0.20721358718795863,0.343,0.339,1,HSC
HMBOX1,0.9563038233734691,0.7355313807452102,0.558,0.569,1,HSC
EPS8L2,0.9563332177219602,-0.25787797180926963,0.031,0.037,1,HSC
CHAF1B,0.9564515422627272,-0.7403662187624924,0.061,0.067,1,HSC
DYNC1LI2,0.9565218426723514,-0.42444029149096685,0.486,0.492,1,HSC
CTSS,0.9565766236688881,-39.210644135537954,0.752,0.749,1,HSC
ZNF770,0.9566250524538131,0.11777900106030015,0.253,0.251,1,HSC
BMP2,0.956650460433341,-1.1149666549702095,0.028,0.024,1,HSC
CDYL,0.9567873589306318,0.1142962440903389,0.312,0.3,1,HSC
ZNF236,0.9568356063527453,-0.3598159839846408,0.246,0.257,1,HSC
AGPAT3,0.9568416650976946,0.3454756236048474,0.307,0.315,1,HSC
CCDC13,0.956879758192714,-0.2578779718092701,0.015,0.018,1,HSC
C5,0.9569297692133396,-0.19067036219632483,0.095,0.092,1,HSC
GNB4,0.9570182867449747,1.580522509051821,0.673,0.667,1,HSC
PRR15,0.9570765302594586,0.3533575992312503,0.028,0.021,1,HSC
MROH6,0.957142559153468,-0.13244832648976423,0.046,0.049,1,HSC
TOLLIP,0.9571760575649076,0.2382724163367953,0.199,0.19,1,HSC
GPR183,0.9572535141467253,0.7473563170383599,0.197,0.183,1,HSC
SCOC,0.957347835704887,-0.10324676315709225,0.215,0.214,1,HSC
CREB1,0.9577305940402367,-1.1613173645526977,0.609,0.615,1,HSC
BCL2L10,0.9577539901910183,0.769313629780016,0.01,0.009,1,HSC
ABL1,0.9578651528401019,0.2658359849010117,0.465,0.48,1,HSC
HDAC9,0.9581157488453917,-4.178916917037517,0.182,0.187,1,HSC
CCNL1,0.9582302966862613,-1.2656494833704937,0.739,0.743,1,HSC
TMEM14B,0.9583014867557884,-1.655603109189729,0.284,0.303,1,HSC
SLC35A2,0.9584871871268608,-0.12760561853661034,0.028,0.031,1,HSC
CCDC9,0.958531182206052,0.22717511719096706,0.348,0.339,1,HSC
FRAT1,0.9587336016758149,0.13909591775579067,0.02,0.024,1,HSC
WAC,0.9587829274527943,-0.4114124776224616,0.404,0.422,1,HSC
TRAPPC1,0.9590132195954499,-0.6620848042924083,0.568,0.578,1,HSC
ATG13,0.959075490434621,-0.22215581677392696,0.358,0.339,1,HSC
FZD6,0.9594690181868042,-0.22583482716121495,0.192,0.193,1,HSC
SYT1,0.9595028528172853,-0.3750987047781522,0.043,0.049,1,HSC
HP1BP3,0.9595060432872411,-0.5767112092706141,0.624,0.633,1,HSC
CIT,0.9595754493437835,0.13071386706769328,0.033,0.037,1,HSC
ADGRA3,0.9596692474428387,0.8010697405292124,0.376,0.394,1,HSC
AMMECR1,0.9598413747181349,-0.26796414075316033,0.113,0.113,1,HSC
AMOTL1,0.9599024615095247,-0.24057769142032298,0.317,0.312,1,HSC
ABCA7,0.9600072163569977,-0.5287236206236362,0.23,0.22,1,HSC
H2BK1,0.9601084485499606,0.3626559093627746,0.02,0.015,1,HSC
FBXO10,0.9601517340110057,-0.48032753883394674,0.041,0.046,1,HSC
KCNN4,0.9601705955675399,0.700070072313421,0.44,0.45,1,HSC
NAA80,0.9601798968368251,0.37281556893920453,0.409,0.413,1,HSC
MORN3,0.9602165356791362,-0.2578779718092692,0.015,0.018,1,HSC
ELAPOR2,0.9602689554591985,1.3025655017874551,0.174,0.177,1,HSC
CTDSPL,0.9604492043611241,0.47705902940943945,0.317,0.303,1,HSC
UCP2,0.9604671104693749,7.890310089987846,0.872,0.884,1,HSC
CLN8,0.960740167231717,-0.6244744041489574,0.322,0.318,1,HSC
HMGB3,0.9610012600371024,-0.2578779718092701,0.015,0.018,1,HSC
EHMT1,0.9611862526796995,-0.19305301124563545,0.744,0.737,1,HSC
KCNRG,0.9612573289574402,1.1684073546409768,0.018,0.018,1,HSC
KRTAP5-7,0.961293299468742,-0.2578779718092692,0.013,0.015,1,HSC
CD200R1,0.9613760765413755,-1.619362993202388,0.033,0.031,1,HSC
CSGALNACT2,0.9614289537421863,0.2369905756497548,0.404,0.41,1,HSC
ZNF24,0.9615875900064624,0.6144167351981479,0.396,0.398,1,HSC
ASPM,0.9616593844766341,-1.8903914224790284,0.015,0.021,1,HSC
WDR45B,0.961841743035984,-0.23696231291844883,0.465,0.446,1,HSC
NOD2,0.9618958324954585,-0.2578779718092692,0.01,0.012,1,HSC
NFKB1,0.9621026557823033,7.948981873114413,0.394,0.382,1,HSC
IL18BP,0.9621379615734803,0.23198814277882973,0.141,0.138,1,HSC
TPCN2,0.9623322261286252,-0.18602283097768257,0.051,0.058,1,HSC
TIA1,0.9625749080435831,0.4380128259845577,0.936,0.927,1,HSC
SEC11C,0.9627438351436725,0.2905706177981896,0.327,0.333,1,HSC
SUPV3L1,0.9629419483574888,-0.19590061087505428,0.309,0.321,1,HSC
ARHGAP5,0.9630212911545043,-0.7533404576571892,0.609,0.593,1,HSC
ZCCHC4,0.9630867693068702,0.18394652675997525,0.297,0.281,1,HSC
ISOC1,0.9635450560330953,0.4884888238108315,0.322,0.327,1,HSC
RNF187,0.9635500324722036,0.8649319061600091,0.581,0.599,1,HSC
ADAM32,0.9637359593992129,0.22308524595859058,0.026,0.021,1,HSC
TSPAN17,0.9637935534204092,-0.1422335354313633,0.156,0.168,1,HSC
NUDCD2,0.9638300845649413,-0.10827194749340219,0.473,0.474,1,HSC
DNAH10,0.9639972752092844,0.6442178416421491,0.023,0.018,1,HSC
TMEM69,0.9641010426122041,0.25961363263665715,0.512,0.517,1,HSC
HARS2,0.9641905496826984,-0.20141846927846366,0.302,0.297,1,HSC
ABCC5,0.9642276248083597,0.5697476888202089,0.501,0.511,1,HSC
C11orf58,0.9642736751430814,6.005379335843174,0.898,0.902,1,HSC
ADGRE2,0.9642981065703906,-2.5548401980211963,0.327,0.318,1,HSC
HIF1A,0.9643090022401372,-0.27478628714084663,0.414,0.41,1,HSC
VPS28,0.9643334406936037,0.11802689069171102,0.606,0.612,1,HSC
SMPD3,0.9643967505700503,-0.2578779718092701,0.01,0.012,1,HSC
ZFP64,0.964445934795146,-0.2395648547268967,0.246,0.257,1,HSC
ZKSCAN1,0.9644596612665335,-0.8910687076084667,0.693,0.691,1,HSC
CD274,0.964546013357611,0.3821421766639208,0.013,0.009,1,HSC
JMJD6,0.9645659426731232,0.49452534407330956,0.297,0.297,1,HSC
SPAG6,0.9646095612690381,0.18391994833136316,0.018,0.015,1,HSC
DHX30,0.9646855094675524,-0.880215553052754,0.427,0.425,1,HSC
CA2,0.9648701048894127,0.9107605479083043,0.018,0.012,1,HSC
OAZ2,0.9648740575696283,-0.1878656597488062,0.56,0.557,1,HSC
APOBEC3D,0.9649854989225197,0.20018175018618,0.115,0.113,1,HSC
BAG1,0.9650098705521476,0.5452900816566917,0.512,0.502,1,HSC
UBE2Q1,0.9652065322388365,-0.14729517436309836,0.488,0.462,1,HSC
GTPBP4,0.9652281393695039,0.6118279985823434,0.463,0.471,1,HSC
RCN3,0.9655300442533163,0.9638417217930941,0.018,0.015,1,HSC
CUL9,0.9656279389160054,0.2297943817928363,0.151,0.141,1,HSC
B4GALT7,0.9657886620649891,-0.15100900479551904,0.246,0.251,1,HSC
GK5,0.9661360538539346,-0.17720975645139658,0.212,0.211,1,HSC
POLR1E,0.9661402388088995,0.9755753458934693,0.353,0.361,1,HSC
GATD1,0.9663279824611805,0.34531818961848504,0.368,0.373,1,HSC
GPBP1L1,0.9663529107966335,-1.7779629363356158,0.841,0.829,1,HSC
NAA25,0.966509782688389,0.21384360267318586,0.251,0.251,1,HSC
HMGN1,0.9665345615128486,-0.8242523951108183,0.87,0.875,1,HSC
RAMAC,0.966659027473382,0.10925796459337042,0.243,0.235,1,HSC
DGKH,0.966660826479083,-0.7437577745936514,0.02,0.018,1,HSC
UBE2S,0.966698371771856,-0.1152425856778605,0.141,0.15,1,HSC
RUSC1,0.9670385985328142,0.4038382702077888,0.212,0.214,1,HSC
USP5,0.967046274333772,0.2931201513896451,0.379,0.37,1,HSC
PABPC5,0.9670650243508937,0.2646728245548866,0.015,0.012,1,HSC
LRRC36,0.9670767991945013,-0.2578779718092692,0.013,0.015,1,HSC
UBE2B,0.9672092985348844,-0.6599745762854949,0.647,0.651,1,HSC
ERH,0.9676260794016762,-0.3006922645908562,0.384,0.385,1,HSC
ZG16B,0.9677561285134977,0.16004535239896978,0.036,0.034,1,HSC
RIC8A,0.9678194361005666,0.3361294582896372,0.34,0.343,1,HSC
HACL1,0.968093864070537,0.1935509757439431,0.148,0.141,1,HSC
CETN2,0.9681776946116624,-3.9246770749437294,0.396,0.394,1,HSC
MAN2A2,0.9682972259867202,0.445469379863459,0.76,0.755,1,HSC
NBDY,0.9683265659120007,0.34948352267445604,0.184,0.168,1,HSC
DOCK2,0.9685109828661127,1.0401880846839058,0.821,0.817,1,HSC
DDOST,0.9687515989262269,-1.2438180152781473,0.614,0.606,1,HSC
BBS9,0.9688340201924374,0.5089938692688232,0.478,0.48,1,HSC
GTF3A,0.9689912367932567,-0.14351836742390978,0.532,0.541,1,HSC
PTDSS2,0.969184993039788,-0.22096942319677515,0.217,0.229,1,HSC
FNBP4,0.9691893508552869,2.279538301029777,0.729,0.734,1,HSC
TCEA2,0.9691969220772634,-0.5748036445147248,0.269,0.275,1,HSC
RFXAP,0.9695640255591408,0.23373285626666906,0.212,0.208,1,HSC
EXT1,0.9695777647524648,5.534082658362147,0.202,0.208,1,HSC
FCRL3,0.9696750206974372,1.3736367617900058,0.023,0.021,1,HSC
SGO1,0.9697299385270949,-0.20070421829753338,0.043,0.049,1,HSC
SANBR,0.9699877252485883,0.1933261580496745,0.179,0.174,1,HSC
PRPF6,0.970133425274307,-1.0473988914740708,0.836,0.829,1,HSC
IL17RC,0.970201935888922,0.14399790318707417,0.072,0.073,1,HSC
INTS8,0.970304872007979,-0.42722900320554835,0.655,0.645,1,HSC
SMU1,0.9705237902549341,-0.617307081047112,0.506,0.502,1,HSC
PAK2,0.9706707469464398,0.622930351922955,0.777,0.771,1,HSC
FANCF,0.970676531448929,-0.1603494353618749,0.381,0.388,1,HSC
NDUFA10,0.9707429771252909,0.6496080471894388,0.813,0.829,1,HSC
LSM10,0.9709467015681196,-0.31080316841853695,0.261,0.272,1,HSC
PRXL2C,0.9709520765667742,0.6244255733325652,0.325,0.327,1,HSC
POLR3C,0.9710544063627755,0.7147754760067908,0.499,0.502,1,HSC
ZNF433,0.9712414485290485,-0.14867553981110637,0.043,0.04,1,HSC
FGD4,0.9714198612201739,-0.16445525319605814,0.074,0.08,1,HSC
EXOSC1,0.9715039354566073,0.2640347769403266,0.294,0.291,1,HSC
SUZ12,0.971629357829826,-0.1959873982635062,0.412,0.41,1,HSC
KIT,0.9716951060825707,9.329464672691905,0.601,0.599,1,HSC
UBR2,0.9717529196877644,-0.16564600130726514,0.813,0.81,1,HSC
CROT,0.9718328438934098,3.7087533825632875,0.21,0.205,1,HSC
FANCL,0.9719518515495768,-0.36090323085053877,0.297,0.297,1,HSC
ZRANB2,0.9719800817014673,1.3312253703232004,0.898,0.902,1,HSC
RNASEH1,0.9720185627154047,0.13347868040284855,0.304,0.306,1,HSC
GARRE1,0.9722531906537226,-0.11436528274908109,0.161,0.162,1,HSC
FPGT,0.9724044184701197,-0.44738268506840045,0.315,0.333,1,HSC
PDK1,0.9724217372968628,0.5719364473651437,0.205,0.211,1,HSC
RNF217,0.9725006270509408,-0.40464611303156905,0.376,0.376,1,HSC
HAUS2,0.9726093124746598,0.6254604861193447,0.414,0.413,1,HSC
S100A12,0.9729181333982605,-4.263844720649932,0.056,0.058,1,HSC
TSR1,0.9729698070284812,-0.369179940221543,0.299,0.303,1,HSC
ARIH1,0.9730679325147905,0.2920364589905189,0.509,0.514,1,HSC
NDUFV1,0.9731226049908608,0.2507260990556963,0.737,0.746,1,HSC
IMP4,0.9731961739598703,0.5559850090249632,0.417,0.428,1,HSC
DIPK1B,0.9732616400445817,0.7866954190471267,0.719,0.725,1,HSC
SESN2,0.9732669087786558,-0.14596781323023045,0.118,0.122,1,HSC
CCNG2,0.9732744880156077,-0.7826640168762067,0.665,0.657,1,HSC
BYSL,0.9737540486008325,0.46242121961190713,0.217,0.217,1,HSC
KCNK17,0.9737981411541661,-2.8349503759318906,0.13,0.128,1,HSC
OXLD1,0.974054867165964,0.1074559287766589,0.307,0.306,1,HSC
SKIC8,0.9741327319461216,0.12457726829630866,0.44,0.446,1,HSC
DRAM1,0.9742050998739894,-0.728223402717518,0.292,0.3,1,HSC
MORC4,0.9742747940414332,-0.2578779718092701,0.015,0.018,1,HSC
KRIT1,0.9742864110412175,-0.30274569001032603,0.657,0.654,1,HSC
USP4,0.9743655430469067,1.120684523212292,0.568,0.587,1,HSC
SOCS6,0.9744613093931201,0.2126599162021875,0.261,0.263,1,HSC
SCAF11,0.9746578494655804,1.6809689564092825,0.719,0.713,1,HSC
SP100,0.9748316688466043,0.3231516712328979,0.673,0.688,1,HSC
NR4A3,0.9748790661865998,-0.2578779718092701,0.01,0.012,1,HSC
CNIH3,0.9749469176351098,-0.7173188790780767,0.01,0.009,1,HSC
SOAT1,0.9749953400108085,-0.7225273095737046,0.389,0.388,1,HSC
CRIM1,0.9750034182736951,0.14892032298875035,0.095,0.092,1,HSC
CEACAM21,0.975220461511013,-0.34773742126394147,0.046,0.052,1,HSC
ERI2,0.9752342112213039,-1.0800473666031767,0.169,0.165,1,HSC
NCF4,0.9753036672614607,0.32218769908033495,0.445,0.425,1,HSC
SFXN1,0.9753128089162872,0.6166146623891895,0.394,0.407,1,HSC
PPP3CC,0.9755472511679562,-2.4349438990475987,0.435,0.431,1,HSC
MYLK4,0.9755795169065246,-0.24881144003030697,0.115,0.113,1,HSC
SLC35B2,0.9756028816683392,-0.6189065771631286,0.376,0.376,1,HSC
OAS1,0.9756429342570173,-7.2160355132148295,0.12,0.135,1,HSC
PCDHGA7,0.9756966097290191,0.22308524595859058,0.026,0.021,1,HSC
ZWINT,0.9757270586155219,-4.279275659511937,0.038,0.04,1,HSC
MAT2A,0.9757821983130487,1.5294617356684999,0.949,0.945,1,HSC
MPDZ,0.9758396669919467,-0.4081572274693559,0.148,0.144,1,HSC
ZFYVE9,0.9758564649566795,0.19421268337909647,0.133,0.138,1,HSC
TRNAU1AP,0.9758624714888282,-0.2611635146209891,0.343,0.355,1,HSC
NDUFB8,0.9758763217202943,0.5561317784024613,0.616,0.624,1,HSC
PITHD1,0.9759122302491836,-0.5844479657747768,0.43,0.437,1,HSC
STK11IP,0.9759816902563018,-1.8641724548472456,0.307,0.312,1,HSC
C5AR2,0.9763655436549961,0.7260969050818051,0.018,0.018,1,HSC
NFATC2,0.9765288943005411,1.0959768739926847,0.624,0.627,1,HSC
TDRD9,0.9767161595949849,-0.5967288248837355,0.049,0.052,1,HSC
MIF,0.9767345586771694,16.859762877517195,0.813,0.801,1,HSC
RPUSD4,0.9767545602193545,-0.2904288349478996,0.458,0.446,1,HSC
PPID,0.976885942731658,0.1524250738197921,0.409,0.425,1,HSC
ADHFE1,0.9771331712959497,0.22780416931355602,0.258,0.26,1,HSC
LOXL2,0.9772784902679734,-0.2578779718092692,0.013,0.015,1,HSC
SLC25A34,0.9774728775372425,-0.2578779718092692,0.013,0.015,1,HSC
STX11,0.9775529201408922,-1.1359119917389595,0.12,0.116,1,HSC
ACAA2,0.9777733738140958,-0.21486260336911478,0.483,0.492,1,HSC
TMEM273,0.9778305388794075,0.9596694098784443,0.061,0.061,1,HSC
CDIN1,0.9779018872732755,-0.2684821190491411,0.113,0.113,1,HSC
SRRM1,0.9780295044644581,0.8279346229179647,0.742,0.743,1,HSC
SRGAP3,0.9782213240174144,-0.1759134069069237,0.072,0.064,1,HSC
HYOU1,0.9783952372984499,1.1117371444565676,0.322,0.336,1,HSC
ANXA7,0.9784107813024784,0.4287953197934682,0.724,0.719,1,HSC
NR1I2,0.9786490730551983,-0.5723837323235448,0.031,0.028,1,HSC
EPS15,0.9787405137231848,0.17867058519643253,0.529,0.526,1,HSC
MIS18A,0.9788473020092854,0.3750401910499068,0.294,0.3,1,HSC
NDE1,0.9790273237063127,-0.21435343613470081,0.716,0.728,1,HSC
AGAP3,0.9790889001378229,0.1924425373330052,0.115,0.11,1,HSC
PDXP,0.9791029862410905,-0.19117561302857244,0.217,0.22,1,HSC
POP1,0.9791164986269114,-0.37488546773284326,0.11,0.11,1,HSC
ZNF317,0.9792899857405929,-0.3371040404842404,0.348,0.336,1,HSC
PTH2R,0.9793497011857621,0.41409946095969374,0.01,0.012,1,HSC
SAPCD1,0.9794626595842084,-0.1926889178540323,0.128,0.135,1,HSC
TBC1D2B,0.9795444411759163,-0.7046851271674295,0.478,0.486,1,HSC
CUL4A,0.9796089888117556,0.14622559799217116,0.442,0.459,1,HSC
GLB1L2,0.9798985735378274,-0.2578779718092692,0.013,0.015,1,HSC
NIPA2,0.9803425234096501,0.1325281529820715,0.327,0.33,1,HSC
FIS1,0.9803932438592388,0.6718222748575275,0.839,0.841,1,HSC
TARBP1,0.9804225236332256,7.711559168290782,0.877,0.878,1,HSC
MINDY4,0.9807388151376065,-0.13840087587559502,0.031,0.034,1,HSC
MAGEF1,0.9809076629780449,0.49183075425235034,0.417,0.413,1,HSC
UPK3B,0.9810305911581781,-0.2578779718092692,0.018,0.021,1,HSC
MCUR1,0.9810621732941031,-0.7144658953044977,0.286,0.291,1,HSC
GPATCH4,0.9813126053434115,-0.20506319196926714,0.253,0.257,1,HSC
MAN2B2,0.981493068211719,0.20109448662747514,0.286,0.284,1,HSC
MICOS10,0.9819396536781667,-0.1272332389595353,0.335,0.336,1,HSC
GIMAP2,0.9820046162725969,0.41050145569772223,0.668,0.679,1,HSC
CMTM4,0.9820746041311059,-0.251151333312607,0.1,0.11,1,HSC
DRG2,0.9822155187494414,-0.1331349294464852,0.159,0.159,1,HSC
PMVK,0.9822440191618865,-0.30708568865052643,0.455,0.468,1,HSC
BECN1,0.9822466211702846,-0.2337579715776349,0.404,0.401,1,HSC
CEP20,0.9826344120272299,3.551887691786985,0.67,0.67,1,HSC
RSRP1,0.9826515459470964,1.5943334906581388,0.959,0.957,1,HSC
AK1,0.9826728140226946,-0.33339810708177753,0.084,0.086,1,HSC
ZNF682,0.9827405655544945,-0.112011386478577,0.136,0.135,1,HSC
RRP8,0.9828720153785065,-0.136768737891652,0.233,0.232,1,HSC
PLEKHB2,0.9828829288136621,0.23786488689961782,0.586,0.587,1,HSC
ACKR2,0.9830259385225668,0.2646728245548866,0.015,0.012,1,HSC
USP9X,0.9830884980813188,-0.857583692471894,0.739,0.74,1,HSC
PTPN13,0.9831890143044154,-0.39276213276364924,0.066,0.076,1,HSC
SLC9B2,0.9832217087663034,0.13225812677559454,0.266,0.284,1,HSC
OSBPL5,0.98328549884311,-0.10746248197179442,0.069,0.073,1,HSC
LYPLA1,0.9833364962510236,0.13091017455589693,0.151,0.147,1,HSC
C10orf88,0.9833628050918304,0.34923705924608506,0.215,0.217,1,HSC
NCOA5,0.9834074857214425,-0.24030101902783496,0.251,0.263,1,HSC
MCTP2,0.9834460897111745,-0.79183089973009535,0.606,0.609,1,HSC
TOMM7,0.9835194254296266,11.099108345958156,0.936,0.942,1,HSC
CA1,0.983609478497795,-14.669554670079505,0.01,0.009,1,HSC
CCDC175,0.983791805031512,-0.9786405859399374,0.253,0.26,1,HSC
WDR1,0.9839520774491598,0.1091556963123741,0.151,0.147,1,HSC
DCTN6,0.9841959172548478,-0.28497658843864593,0.481,0.48,1,HSC
CISD2,0.9843833094676427,-0.6984994742896462,0.437,0.44,1,HSC
WPRE,0.9847386115721622,-0.12760561853661034,0.028,0.031,1,HSC
ENO3,0.9848056973413379,0.10838886646245083,0.049,0.043,1,HSC
CHPF,0.9848087482452536,0.1288743847103193,0.064,0.061,1,HSC
ZNF182,0.9850004925219183,-0.42353366218688926,0.251,0.263,1,HSC
ZSCAN31,0.9852238048395502,0.2795416174738685,0.133,0.122,1,HSC
TMEM44,0.9854903508217813,0.25652098665646456,0.199,0.208,1,HSC
NAA16,0.9856211619397584,0.7259639455904748,0.412,0.422,1,HSC
SLC25A5,0.985652794685076,-0.25807022061402973,0.471,0.48,1,HSC
SIRT6,0.9857282277816587,-0.3614045537223092,0.128,0.135,1,HSC
CTRL,0.9857744395285076,0.12491109265148559,0.02,0.018,1,HSC
MPI,0.9858586576970206,0.21984770691249023,0.325,0.339,1,HSC
ADGRE1,0.985960867296372,-0.7088320660692368,0.095,0.104,1,HSC
TIAM1,0.9860649290163807,-2.277676413394187,0.049,0.052,1,HSC
ELP5,0.9861430796784882,0.29420749612251995,0.368,0.364,1,HSC
CKB,0.9861626996973916,1.3651239452354758,0.136,0.135,1,HSC
ICAM4,0.9864027309187176,0.5065198797674719,0.217,0.223,1,HSC
RANBP6,0.9864357674371709,-0.10264606582002148,0.335,0.346,1,HSC
OR13C4,0.9866287323844516,2.300650460371417,0.02,0.018,1,HSC
TECPR1,0.9867099173052353,0.45413702610367856,0.215,0.211,1,HSC
PEX14,0.9867511175880364,0.1959195367856139,0.174,0.168,1,HSC
GADD45B,0.9868179826854898,-0.2578779718092701,0.015,0.018,1,HSC
CEBPE,0.9868620839173853,-1.1649087282132773,0.01,0.009,1,HSC
PRDM4,0.9868715830603516,0.11524446457804333,0.376,0.37,1,HSC
CEACAM4,0.9872153830456722,1.6752432908247656,0.064,0.058,1,HSC
TIMM21,0.987323435259215,-0.15234883837552537,0.153,0.165,1,HSC
SEMA7A,0.9874794108069909,0.570925867490346,0.161,0.168,1,HSC
FLACC1,0.9875507039414312,-0.12760561853661034,0.028,0.031,1,HSC
FBXO25,0.9876655288201197,0.10859878271923515,0.233,0.229,1,HSC
AIFM2,0.9876840667758015,-0.2578779718092692,0.018,0.021,1,HSC
NPM2,0.9878987158112376,-0.2578779718092692,0.013,0.015,1,HSC
EIF4EBP2,0.9880619793280209,3.573352748118314,0.824,0.82,1,HSC
CD4,0.9881822287218883,10.009155905127411,0.128,0.122,1,HSC
DCTN2,0.9882594200007228,-1.0453803387384548,0.795,0.792,1,HSC
GSTM1,0.9883885378500248,0.8707523311155665,0.01,0.012,1,HSC
WDR46,0.9887105531813687,-0.9328383640276221,0.45,0.459,1,HSC
LAMB2,0.9887227917272041,0.2779206153633873,0.156,0.159,1,HSC
SLC17A9,0.9888341558240771,-0.22176647536500604,0.166,0.162,1,HSC
INPP5D,0.9888811126497715,0.2675556651522619,0.706,0.716,1,HSC
PPIE,0.9889317899370523,2.763435596534987,0.506,0.498,1,HSC
KDM4C,0.9889482487720651,0.7283578420342751,0.57,0.563,1,HSC
ZBTB42,0.9890241773162589,0.12955480647152173,0.079,0.076,1,HSC
NOL6,0.9892977483516017,-0.14459408047893807,0.184,0.196,1,HSC
ZNF674,0.9894727374030144,0.11936216862757432,0.09,0.092,1,HSC
FPR1,0.9897920262435345,-2.168125370946252,0.026,0.028,1,HSC
LINGO3,0.9898568088981246,-0.2578779718092692,0.013,0.015,1,HSC
IRF3,0.9899634676520581,-0.26853140094294686,0.35,0.346,1,HSC
MORN4,0.9899865747689843,-0.44475295624194455,0.059,0.061,1,HSC
POLDIP2,0.9900017492240557,-0.5316537429821309,0.611,0.606,1,HSC
ZNF470,0.9900026188070782,-0.4630929229017322,0.095,0.089,1,HSC
ELMO1,0.9901832368770805,-2.320868321327609,0.895,0.89,1,HSC
EDA,0.9902168599347391,1.4228470835769556,0.01,0.012,1,HSC
DDI2,0.990354184343556,1.367502817821073,0.197,0.193,1,HSC
ANKS1A,0.9907625167548297,0.29985051406085866,0.325,0.321,1,HSC
SF3A1,0.99080132612286,-0.14416335706409344,0.56,0.569,1,HSC
ISYNA1,0.9909323640728379,-6.09847033441287,0.448,0.453,1,HSC
FAM32A,0.9909959435535114,0.1556806528835546,0.66,0.661,1,HSC
PLEKHG5,0.9910430941554286,0.6696574536601587,0.018,0.018,1,HSC
MFAP3,0.9913012735462979,0.4401647382128058,0.023,0.021,1,HSC
TAOK1,0.9914664383979961,0.3132837390075478,0.629,0.621,1,HSC
NDUFA2,0.9914915005456463,-0.4006428525573944,0.627,0.618,1,HSC
SHROOM4,0.991603106408495,0.47861674588283787,0.015,0.015,1,HSC
DTX4,0.9919421885682366,0.5993081777041613,0.013,0.012,1,HSC
ADAR,0.9919632883107733,-0.21696364611465757,0.824,0.817,1,HSC
C17orf99,0.9920312710978934,-0.5925133249585448,0.015,0.015,1,HSC
COPE,0.9920523180244273,0.10710539205843772,0.504,0.508,1,HSC
BTG3,0.9923740749428314,-0.19633253637221748,0.128,0.128,1,HSC
CAPN2,0.9925226817470212,0.23849928306387458,0.435,0.44,1,HSC
LARGE1,0.9925992655819915,-0.2578779718092692,0.013,0.015,1,HSC
RUBCNL,0.9926570527329964,0.4689421459461869,0.013,0.015,1,HSC
THRA,0.9926584121123327,-0.24767664152383667,0.34,0.336,1,HSC
TENT4A,0.9927796552277505,-0.11073489089741251,0.235,0.229,1,HSC
RHOF,0.9928077234006192,-0.22922782422489202,0.304,0.3,1,HSC
RGMA,0.993289922404123,0.3882097515441476,0.018,0.018,1,HSC
UBE2V2,0.9934064212070791,0.14122323715119012,0.13,0.128,1,HSC
ZBTB16,0.9935216015093175,-24.326604742135604,0.657,0.651,1,HSC
DNPH1,0.9935545390838771,-0.26679889800588497,0.274,0.281,1,HSC
SMYD3,0.9936061873069467,1.0323362262578546,0.258,0.272,1,HSC
THRAP3,0.9937853877594056,0.46922919328886525,0.655,0.648,1,HSC
LRRC17,0.9938706425759171,-0.6450494249253653,0.013,0.012,1,HSC
CDCA4,0.9939517349081124,-0.24032836212761888,0.051,0.052,1,HSC
PDE5A,0.993981630240004,1.3746354788604882,0.018,0.018,1,HSC
NEO1,0.9940070520509007,0.1693730711835597,0.013,0.009,1,HSC
ADIPOR1,0.994161237273373,-0.39605609746745724,0.366,0.376,1,HSC
NSD2,0.9941778815569027,0.4478567282719006,0.253,0.254,1,HSC
WDR3,0.9943919107819476,0.13117892927834285,0.366,0.379,1,HSC
DMXL1,0.9947071759870536,-0.4799566582400909,0.542,0.538,1,HSC
CFAP206,0.9947583146452961,-0.2578779718092701,0.01,0.012,1,HSC
GXYLT2,0.9947662820428772,1.6677970165602214,0.01,0.012,1,HSC
ATG4B,0.9950055239973271,0.7213589080513669,0.611,0.609,1,HSC
ZNF90,0.995152562781772,0.11796060161469035,0.118,0.119,1,HSC
RTF2,0.9951827485262491,-0.9789629911943085,0.729,0.731,1,HSC
DENND5A,0.9952557188395136,-0.1195857222759047,0.506,0.502,1,HSC
NEFH,0.9954147386512684,-0.14511232161609033,0.026,0.028,1,HSC
LILRB2,0.995689863723443,-0.21561493789955843,0.092,0.098,1,HSC
MFSD4A,0.9956920776610478,-0.2578779718092692,0.01,0.012,1,HSC
NBPF19,0.9959887882633194,0.2215102363667576,0.061,0.058,1,HSC
SH3GLB1,0.996101797888357,0.10752989793403689,0.757,0.758,1,HSC
FUT4,0.9961200100225733,0.13476198396893713,0.138,0.138,1,HSC
OR52N4,0.9961224186766394,-0.5426839514621369,0.01,0.015,1,HSC
ABCA10,0.9961928428693978,0.26142877718139346,0.023,0.024,1,HSC
HSCB,0.9963134616883627,0.12657876273100294,0.21,0.211,1,HSC
GDPD3,0.9963201682254553,-0.30104134777863534,0.095,0.095,1,HSC
TNFRSF10C,0.9963234001880289,-0.5211766307019321,0.02,0.021,1,HSC
JRK,0.9963617247765175,0.1953956782838867,0.21,0.217,1,HSC
POM121C,0.9963977072440457,-0.114664036113731,0.026,0.028,1,HSC
KCNC3,0.9966589965968458,-0.3294145757458762,0.026,0.028,1,HSC
PSMD8,0.9967718333603073,-0.21187985429007658,0.325,0.346,1,HSC
P2RY14,0.996831603657704,-1.3379547156724398,0.041,0.04,1,HSC
PIP4P1,0.9968571091619389,-0.2793089923504065,0.289,0.287,1,HSC
SLC5A5,0.9969205983164743,-0.7173188790780767,0.01,0.009,1,HSC
PNO1,0.9971982097239458,0.2002832468201776,0.223,0.217,1,HSC
TJAP1,0.9972989494722933,-0.18073790883846463,0.092,0.089,1,HSC
CLCN2,0.9973775763001299,-0.2578779718092692,0.018,0.021,1,HSC
TTC39B,0.9973949463991947,-0.5874632955705499,0.256,0.263,1,HSC
MDP1,0.997408638228901,-0.21056063805939454,0.274,0.278,1,HSC
PPP6R3,0.9974570131593687,0.2160514861354903,0.596,0.602,1,HSC
CCNY,0.9975527016957186,-0.11637579248823737,0.754,0.761,1,HSC
SRBD1,0.997590906874455,-0.1432781818943032,0.202,0.208,1,HSC
MCCC2,0.997607170347316,0.8911401503149485,0.327,0.333,1,HSC
ZCCHC3,0.997703932241326,0.10371200582328322,0.419,0.413,1,HSC
HSD17B13,0.9977781461669285,-0.4749574640634844,0.026,0.028,1,HSC
GABPA,0.9979768307908707,0.1471518729591248,0.491,0.489,1,HSC
PIERCE2,0.9980618441714877,-0.5925133249585448,0.015,0.015,1,HSC
AMN,0.9983255520431126,-0.2578779718092701,0.033,0.04,1,HSC
ARMC10,0.9984973091598586,1.3521449823776406,0.604,0.612,1,HSC
MANBAL,0.9985073558470634,-0.2570212177689109,0.24,0.245,1,HSC
RABEP2,0.9986336899325756,-0.14906652939795156,0.332,0.327,1,HSC
PPP2R5B,0.9987250069525713,-0.3873724096490627,0.09,0.089,1,HSC
DOCK7,0.9987708565905594,-0.3635200524659928,0.327,0.339,1,HSC
MCRIP1,0.9987788745631392,-0.4527722102391506,0.386,0.388,1,HSC
CAMSAP3,0.9988071440110154,-0.2578779718092692,0.015,0.018,1,HSC
PCBD1,0.9988871572842488,0.20476752730015146,0.396,0.398,1,HSC
LGALS3,0.9989335320853928,-0.9372500051920865,0.038,0.037,1,HSC
BCLAF3,0.9989699765467194,-0.2527831475715948,0.317,0.312,1,HSC
ZBTB48,0.9989871828445246,0.4768489244446027,0.299,0.284,1,HSC
SALL4,0.9990437810729746,0.2646728245548866,0.015,0.012,1,HSC
CALML6,0.9991226243493996,-0.6450494249253653,0.013,0.012,1,HSC
MAN1B1,0.999131491822704,-0.1843280773328282,0.445,0.45,1,HSC
TTLL13,0.9992790478088575,0.769313629780016,0.01,0.009,1,HSC
CRHBP,0.9992798974224041,-17.997100982535738,0.621,0.636,1,HSC
SLC30A4,0.9993777678514137,-0.2354960884279098,0.038,0.037,1,HSC
BPNT1,0.9994091602133437,-0.3646121384729848,0.317,0.312,1,HSC
DNM1L,0.9994374316787245,0.43674335474164083,0.642,0.648,1,HSC
CLEC12B,0.9994409671428527,-1.1017022950812372,0.013,0.012,1,HSC
FAM218A,0.999464287195261,0.1350854130926029,0.031,0.028,1,HSC
AJUBA,0.9995775453579143,-0.929855404578233,0.01,0.012,1,HSC
CDC37,0.9995796532377123,2.6531033539678432,0.785,0.795,1,HSC
OR52N5,0.9995859424027506,0.16066217646090752,0.026,0.024,1,HSC
MDH1B,0.9996048494943258,0.12491109265148559,0.02,0.018,1,HSC
DMPK,0.999686842533484,0.12491109265148559,0.02,0.018,1,HSC
ELMO3,0.9997806215178088,0.12491109265148559,0.02,0.018,1,HSC
TNFRSF11A,0.9998464895712329,-0.7192496353032878,0.028,0.028,1,HSC
LRRC8A,1,0.2881186421437727,0.315,0.324,1,HSC
LOXL4,1,-0.6277969380735882,0.015,0.018,1,HSC
PNMA8A,1,0.2646728245548866,0.015,0.012,1,HSC
CLDN7,1,-0.2578779718092692,0.01,0.012,1,HSC
MTUS1,1,1.4228470835769556,0.01,0.012,1,HSC
CXCL16,1,-6.261802665986148,0.01,0.009,1,HSC
GADD45G,1,0.5993081777041613,0.013,0.012,1,HSC
