gene,p_val,avg_log2FC,pct.1,pct.2,p_val_adj,our_annotation
S100A8,3.987797875056853e-25,10.613115212547054,0.226,0.181,7.231073886840592e-21,Memory B cell
SMAP2,4.220259068686078e-22,10.410420494185574,0.85,0.834,7.652595769248465e-18,Memory B cell
S100A9,3.8180862997358266e-20,10.131580398377821,0.28,0.235,6.923335887310974e-16,Memory B cell
MT-ND6,1.512770717788007e-18,15.488304438322968,0.657,0.618,2.743107142564993e-14,Memory B cell
CCND3,4.688303794501451e-15,1.372268531132634,0.443,0.402,8.501301270569481e-11,Memory B cell
UCP2,2.8174879948410764e-13,5.828462831718127,0.949,0.939,5.108950981045324e-9,Memory B cell
JUNB,3.192731102691715e-13,-7.232561239565939,0.818,0.84,5.789379308510886e-9,Memory B cell
CASP8,3.4513809634833883e-13,5.780032167185755,0.648,0.619,6.2583891010844285e-9,Memory B cell
PTPN6,1.4512541241629702e-12,-11.826053386882379,0.94,0.924,2.6315591033447138e-8,Memory B cell
CRIP1,1.0718296398530557e-11,-9.84814464107312,0.709,0.69,1.943548685945546e-7,Memory B cell
CENPM,2.84987738365486e-11,3.525017791953781,0.299,0.267,5.167682659781357e-7,Memory B cell
STX7,1.0407093553646686e-10,0.39051788105346574,0.798,0.782,1.8871182740827535e-6,Memory B cell
PPBP,2.8398415070402646e-10,47.20752001579592,0.111,0.089,5.149484604716112e-6,Memory B cell
GIMAP4,5.023082843172445e-10,5.6286269626939855,0.067,0.05,9.108356119524594e-6,Memory B cell
JUND,5.816702051469598e-10,10.120240412182753,0.892,0.909,1.0547425829929822e-5,Memory B cell
CD180,1.0209725850184117e-9,0.154278564114799,0.74,0.708,1.851329588413886e-5,Memory B cell
TMSB4X,1.0516229874520809e-9,444.2139061659068,0.997,0.998,1.906907963146858e-5,Memory B cell
LYZ,1.6156022651408473e-9,-13.028157699603327,0.502,0.484,2.9295715873798984e-5,Memory B cell
QARS1,1.882465590626017e-9,-0.8803385558376817,0.531,0.505,3.4134748554821564e-5,Memory B cell
SBDS,2.33129128234594e-9,-0.3037485164490196,0.248,0.285,4.227330482277893e-5,Memory B cell
DAPP1,2.3998589873939574e-9,-6.607773223040727,0.719,0.699,4.351664301841463e-5,Memory B cell
HBB,4.4930039959333615e-9,259.2289459422691,0.013,0.007,8.147164145825964e-5,Memory B cell
BANK1,1.1030341535898322e-8,1.1190301213273948,0.974,0.969,2.0001318307044427e-4,Memory B cell
ADSS2,1.2323316546419815e-8,0.19071477605661014,0.425,0.412,2.234586989362305e-4,Memory B cell
IKZF1,2.1055513429052774e-8,5.058234718065133,0.925,0.917,3.8179962500901394e-4,Memory B cell
DUSP1,2.2929079634851745e-8,50.01025124657623,0.7,0.73,4.157730010187667e-4,Memory B cell
GSAP,2.715529391931191e-8,0.828496306628002,0.641,0.614,4.924069446388829e-4,Memory B cell
CSRNP1,2.8595306855839046e-8,-0.7705326626849459,0.178,0.205,5.185186992169294e-4,Memory B cell
FCRL2,3.3235450044877e-8,11.251671715817487,0.826,0.816,6.026584156637547e-4,Memory B cell
CD69,3.5303502010439783e-8,34.684868435223336,0.395,0.428,6.401584019553046e-4,Memory B cell
ATF7IP,3.538037682737374e-8,-0.7863046763615023,0.546,0.516,6.41552373010768e-4,Memory B cell
ELOVL5,3.633328642115373e-8,4.171644725255774,0.803,0.788,6.588314826747806e-4,Memory B cell
DOCK8,3.6969041450816645e-8,-0.2759355519752109,0.727,0.715,6.703596286276582e-4,Memory B cell
MT-ND3,3.9183881267883024e-8,-7.1642370736251735,0.995,0.996,7.105213190305229e-4,Memory B cell
CD53,4.166113061850622e-8,12.582428813892143,0.944,0.934,7.554412815053732e-4,Memory B cell
LBH,5.2480762467523735e-8,-0.9399403031021443,0.797,0.776,9.516336658236079e-4,Memory B cell
KLF2,5.3913211440371e-8,-0.8809027868322943,0.98,0.975,9.776082630482473e-4,Memory B cell
CD3D,7.26433848893821e-8,-3.081017314034712,0.063,0.048,0.0013172424981991655,Memory B cell
MS4A1,8.051269540492693e-8,9.545220437110984,0.998,0.997,0.00145993670577754,Memory B cell
NOP53,1.0415578344178692e-7,7.218296668057311,0.898,0.888,0.0018886568211499222,Memory B cell
TASL,1.1286908701634398e-7,0.17503869881609846,0.349,0.322,0.0020466551548673655,Memory B cell
MSN,1.4846014054543165e-7,-7.212085641180291,0.895,0.887,0.002692027728510312,Memory B cell
KLF6,1.6307757443355529e-7,-1.2446718455763914,0.844,0.866,0.002957085657203658,Memory B cell
ADCK2,1.8010674623512665e-7,0.17238645651055018,0.144,0.121,0.0032658756294815516,Memory B cell
RABEP2,1.9914011082701494e-7,-0.3173293982414309,0.451,0.421,0.003611007629626262,Memory B cell
DRAM2,2.034526541992719e-7,2.785084199859444,0.743,0.721,0.003689206978595397,Memory B cell
P2RX5,2.2208109348563153e-7,5.350847227504261,0.845,0.835,0.004026996468174957,Memory B cell
RNASE6,2.227429659573622e-7,0.38648343558874554,0.269,0.241,0.004038998201704848,Memory B cell
ZBTB10,2.536804433214316e-7,-0.3504465007384041,0.233,0.26,0.004599987478747519,Memory B cell
GPR18,2.585101870921505e-7,2.6663965286383036,0.429,0.409,0.004687565222541965,Memory B cell
EIF4E,2.759391483417739e-7,0.12128067706073334,0.349,0.319,0.005003604576881386,Memory B cell
EVL,3.008435853872983e-7,5.8082723060450014,0.939,0.929,0.00545519673382788,Memory B cell
TRAC,3.1692812253569e-7,-3.9135424695056855,0.224,0.199,0.0057468576459396665,Memory B cell
OAZ1,3.3552814081751434e-7,-7.133223670383828,0.99,0.989,0.006084131777443987,Memory B cell
ELMO1,4.234210802833305e-7,-2.2220607059287723,0.429,0.397,0.0076778944487776325,Memory B cell
DGKD,4.338965192356848e-7,-2.2898680460621597,0.487,0.462,0.007867845583300673,Memory B cell
CD52,4.631873218086792e-7,-28.421177905118327,0.997,0.997,0.00839897570635678,Memory B cell
ISG20,5.288121508438442e-7,-6.478441949866996,0.666,0.646,0.009588950731251428,Memory B cell
FGD2,5.488937153749621e-7,-0.5681890588421812,0.828,0.815,0.009953089740894188,Memory B cell
IRAG2,5.861612641330586e-7,5.638303750485775,0.753,0.737,0.010628862202524752,Memory B cell
SPG11,6.700540143508088e-7,0.17681324185358038,0.589,0.564,0.012150089442223216,Memory B cell
MLX,7.542237414470012e-7,0.3407592904476715,0.298,0.274,0.013676339103658472,Memory B cell
HEATR5B,8.332550643740083e-7,0.6147985431498793,0.474,0.452,0.015109414082293894,Memory B cell
GIMAP7,8.97661074216104e-7,1.781879426181631,0.049,0.037,0.016277288258760614,Memory B cell
CD4,1.0339994768424871e-6,-17.210139783941358,0.04,0.029,0.01874951251358482,Memory B cell
CPT1A,1.1624467934371964e-6,0.324857744823587,0.076,0.062,0.02107864770539668,Memory B cell
RHOB,1.2476472000752473e-6,-18.191476494196138,0.54,0.582,0.02262358667896446,Memory B cell
RABGAP1L,1.2847068534500662e-6,4.458950918856548,0.793,0.781,0.02329558937361005,Memory B cell
CCR6,1.4331082113463983e-6,-4.540009292834984,0.461,0.441,0.02598655119634424,Memory B cell
SERPINB9,1.5459478180212024e-6,0.6349468558273945,0.43,0.411,0.028032671784178464,Memory B cell
CLK4,1.657910179900699e-6,0.2815486219586437,0.415,0.394,0.030062885292139376,Memory B cell
CCNG2,1.722072608136462e-6,-2.0122764762498644,0.627,0.603,0.031226342603338467,Memory B cell
ASH1L,1.7336038306490652e-6,0.5931180776180893,0.665,0.665,0.0314354382611595,Memory B cell
IL7R,1.7672193128702405e-6,11.551492982142179,0.082,0.067,0.03204498780027607,Memory B cell
PMAIP1,1.8145060983737309e-6,-9.314967268776911,0.31,0.341,0.03290243908181086,Memory B cell
RGS14,1.947687820620245e-6,0.48865791938403574,0.296,0.275,0.0353174232513069,Memory B cell
TBCB,2.070289659475099e-6,-0.1525327281913249,0.492,0.466,0.03754056239526197,Memory B cell
SH3BGRL3,2.108664581292047e-6,-7.732546705496283,0.834,0.821,0.03823641485256869,Memory B cell
SH3BP5,2.163649194254536e-6,7.0698927620976395,0.681,0.671,0.0392334508394175,Memory B cell
NSUN2,2.2142750254397796e-6,0.20130861093961316,0.372,0.348,0.040151449036299525,Memory B cell
PPM1K,2.2469678720132495e-6,0.5841820013717696,0.608,0.588,0.040744268423216254,Memory B cell
ANKRD13D,2.626626707498042e-6,-0.4186529044949965,0.404,0.377,0.04762862208706199,Memory B cell
JUN,2.947171746648269e-6,8.281864971677535,0.707,0.74,0.053441065281973066,Memory B cell
WSB1,2.9672899661260662e-6,0.7089287891105585,0.542,0.522,0.05380586895576396,Memory B cell
GIMAP6,3.2699131116396505e-6,-0.5898421738287256,0.025,0.017,0.05929333445336178,Memory B cell
SCIMP,3.5026480921121337e-6,-0.12233686788108145,0.683,0.664,0.06351351785426933,Memory B cell
BLK,3.592879342980257e-6,-10.229762632672532,0.93,0.924,0.065149681126261,Memory B cell
EHBP1L1,3.6290944977576455e-6,0.7349239776066812,0.613,0.588,0.06580637052783939,Memory B cell
MT-CO3,4.261228867202432e-6,1.423115818073029,0.979,0.971,0.0772688630489817,Memory B cell
NPEPL1,4.284346764486465e-6,0.2601302545474651,0.203,0.183,0.07768805988043306,Memory B cell
RGS2,4.400689180322536e-6,15.642895444572874,0.217,0.233,0.07979769690678855,Memory B cell
CORO1A,4.5534648200175865e-6,37.560595752469524,0.98,0.976,0.08256797758137889,Memory B cell
AHNAK,5.172017482694753e-6,14.473968737810111,0.909,0.909,0.09378419301370396,Memory B cell
PPP3CB,5.8998865429677035e-6,0.37897187189651227,0.402,0.379,0.10698264268363336,Memory B cell
PNOC,6.068403079159689e-6,0.5362898848043678,0.382,0.361,0.11003835303440264,Memory B cell
TMSB10,6.726784385328606e-6,-12.863627030528534,0.971,0.966,0.12197678125916361,Memory B cell
SCAMP2,7.076658990166588e-6,0.3458655751302757,0.556,0.529,0.12832105746869074,Memory B cell
S1PR1,7.3789813980768704e-06,2.6998346221194107,0.527,0.505,0.13380306969132788,Memory B cell
GANC,7.53724460361663e-6,1.9578070158422771,0.566,0.55,0.13667285639738036,Memory B cell
CYTH1,8.274781879961106e-6,2.76267436882568,0.826,0.821,0.15004661982933473,Memory B cell
CCR7,8.291756956051235e-6,9.438049477695667,0.366,0.344,0.15035442888407705,Memory B cell
RSU1,8.320409910737725e-6,0.4617321763782371,0.309,0.284,0.15087399291140716,Memory B cell
SNAP23,8.348330464381962e-6,0.40292361459619086,0.433,0.414,0.15138027631063813,Memory B cell
ABRACL,8.614739323528806e-6,-0.25866640464260904,0.234,0.212,0.15621106815354782,Memory B cell
SRRD,8.829212661979592e-6,0.14231746636110088,0.159,0.14,0.16010011319967593,Memory B cell
DENND10,8.894375212095182e-6,0.3050904593468999,0.171,0.15,0.16128170572092193,Memory B cell
WASHC3,9.035633120826557e-6,1.0397438704469564,0.433,0.412,0.16384313537994796,Memory B cell
SLA,9.10361684877496e-6,1.4431475733614776,0.242,0.219,0.16507588431883635,Memory B cell
AKNA,1.0537584572089099e-5,5.454808751973944,0.853,0.843,0.19107802104569163,Memory B cell
TYK2,1.0920838183588097e-5,0.16886021281636787,0.4,0.375,0.19802755878300296,Memory B cell
ORMDL1,1.1649686708527812e-5,0.3131027368812416,0.52,0.498,0.2112437690857348,Memory B cell
TAGAP,1.2709201251004685e-5,-5.633358872935922,0.772,0.768,0.23045594628446794,Memory B cell
TBCD,1.2801285963730295e-5,0.13379002109786614,0.242,0.219,0.23212571838032145,Memory B cell
CAPG,1.2883844269049633e-5,-2.7556978765976723,0.62,0.605,0.233622748130677,Memory B cell
SLC25A20,1.4042870939776398e-5,0.17609662848674068,0.108,0.095,0.25463937875096543,Memory B cell
CYBA,1.4210571114577869e-5,-12.541077138257197,0.849,0.846,0.25768028602064047,Memory B cell
PDCD6IP,1.444998685408028e-5,9.455061510884644,0.654,0.637,0.26202161162503773,Memory B cell
IKBKG,1.4475543170406378e-5,0.2999596961950287,0.378,0.352,0.26248502430897885,Memory B cell
GIMAP5,1.5252178254114164e-5,0.2193613356910551,0.025,0.017,0.27656774828185215,Memory B cell
SNX17,1.5462134057362798e-5,0.3404495443868647,0.487,0.477,0.2803748768621596,Memory B cell
GOLGA8B,1.5714906338475708e-5,0.2109987016809809,0.401,0.385,0.28495839663558004,Memory B cell
BTN3A1,1.603390029637263e-5,0.2047046478498587,0.268,0.244,0.2907427140741249,Memory B cell
SNX1,1.7545267484540464e-5,0.1856719279554495,0.688,0.675,0.31814833529717224,Memory B cell
LUC7L3,1.767877174950163e-5,1.3565024557492489,0.805,0.791,0.3205691681337131,Memory B cell
VPS41,1.789065383808224e-5,0.2200949847581136,0.251,0.227,0.3244112260459453,Memory B cell
GLG1,1.7967142373391975e-5,0.20779557573710367,0.311,0.291,0.32579819265671667,Memory B cell
CASP4,1.814074927825802e-5,-0.1586887611439023,0.442,0.414,0.3289462066626527,Memory B cell
ARL6IP5,1.8162474933007594e-5,5.311549234879072,0.735,0.716,0.3293401579602267,Memory B cell
ACAP1,1.9259620097512655e-5,0.3191707616196906,0.698,0.684,0.34923469122819695,Memory B cell
MAPRE1,1.926536038539877e-5,0.35329240184210864,0.044,0.033,0.34933877986843587,Memory B cell
PTRHD1,1.9682956092851427e-5,0.2966077295617016,0.223,0.203,0.3569110428316749,Memory B cell
PDHB,2.0613560045493925e-5,-0.12681116384964075,0.403,0.378,0.37378568430494136,Memory B cell
DNAJC10,2.065526774394871e-5,-0.7566041283747555,0.744,0.73,0.37454197000102196,Memory B cell
TIA1,2.086514272072767e-5,0.6928058727161055,0.632,0.606,0.3783476329549548,Memory B cell
FYB1,2.0903806668758595e-5,1.0085335597319416,0.079,0.068,0.37904872632459957,Memory B cell
UQCR10,2.189562246927032e-5,-2.9590399555157942,0.38,0.354,0.39703332223527876,Memory B cell
COX10,2.1908696082896514e-5,0.23013482077148428,0.218,0.198,0.3972703860711625,Memory B cell
GRAP2,2.1954989099973902e-5,0.2202542268971658,0.162,0.147,0.39810981734982676,Memory B cell
GTF2H5,2.3290930322771713e-5,0.38095097369030123,0.189,0.167,0.42233443954281946,Memory B cell
CHAF1A,2.608986398862638e-5,0.31387490999097345,0.094,0.078,0.4730875037057622,Memory B cell
SNX9,2.620307961373824e-5,-2.342707214973107,0.251,0.23,0.4751404426359155,Memory B cell
CAPNS1,2.6467303958901803e-5,-0.9841336348261365,0.49,0.472,0.47993162268676637,Memory B cell
IFI16,2.6601095070532394e-5,-1.4815928494056188,0.795,0.784,0.48235765691396393,Memory B cell
SNX14,2.6845656666198903e-5,0.1562457222504552,0.454,0.432,0.4867922923281847,Memory B cell
SLC44A2,2.692600123973404e-5,3.168296777989151,0.759,0.739,0.48824918048009736,Memory B cell
PRKCD,2.7359110474323283e-5,-0.28399646260594125,0.422,0.398,0.4961027502309041,Memory B cell
PTPA,2.7542044723783835e-5,0.16930269288492014,0.253,0.231,0.4994198969763723,Memory B cell
ADD1,2.768654106007752e-5,-1.3148779967434159,0.825,0.814,0.5020400490423857,Memory B cell
POLR2G,2.7952796331134537e-5,1.0959668303026961,0.381,0.369,0.5068680558724625,Memory B cell
FYN,2.8525597570204906e-5,0.1910794131007325,0.377,0.364,0.5172546607405256,Memory B cell
C1orf174,3.144457404640208e-5,0.21880693402740597,0.219,0.2,0.5701844611834089,Memory B cell
SPIDR,3.166985197821077e-5,0.1543801574039294,0.183,0.162,0.5742694259208959,Memory B cell
STRBP,3.289528607501086e-5,-4.844674387545958,0.728,0.71,0.5964902223981718,Memory B cell
S100A12,3.302591324974419e-5,0.4659393964905454,0.068,0.055,0.5988588849576114,Memory B cell
WDFY4,3.410522059246004e-5,0.5037075379653722,0.819,0.814,0.6184299650030779,Memory B cell
GIMAP2,3.529622150799165e-5,-0.7539032273621533,0.229,0.213,0.6400263846044126,Memory B cell
WDR82,3.5366132607169304e-5,-0.8321696614178644,0.611,0.605,0.641294082565801,Memory B cell
CDK14,3.608859773219408e-5,-3.964518729925622,0.66,0.648,0.6543945426778752,Memory B cell
SEPTIN6,3.620403797490199e-5,-13.650644697283767,0.777,0.765,0.6564878205988978,Memory B cell
CCL5,3.63497956834016e-5,0.5708658036654697,0.118,0.104,0.6591308451271212,Memory B cell
AGPAT4,3.779184504199347e-5,0.39047150867060765,0.052,0.043,0.6852795261464676,Memory B cell
GPX4,3.9891593431786826e-5,0.15945618151946306,0.544,0.529,0.7233542636985905,Memory B cell
ABCF3,4.150377699904493e-5,0.1502957925862745,0.232,0.21,0.7525879883236817,Memory B cell
CAPZB,4.19557930067293e-5,16.806041360649747,0.735,0.721,0.7607843945910224,Memory B cell
CD47,4.1962907711947994e-5,-1.793158134287367,0.846,0.833,0.7609134055407529,Memory B cell
CTDSP1,4.2292490046805877e-5,0.3528209310739312,0.542,0.519,0.766889722018731,Memory B cell
CALM2,4.2329960052156684e-5,-2.889598744467028,0.677,0.665,0.7675691656257572,Memory B cell
HSH2D,4.352325205614112e-5,3.386169511554071,0.486,0.46,0.789207129534007,Memory B cell
ADH5,4.514314388196328e-5,0.17343112271564198,0.171,0.151,0.8185806280116402,Memory B cell
NEPRO,4.5418375537188096e-5,0.1507781611221895,0.283,0.261,0.8235714036158317,Memory B cell
PF4,4.6281041183840565e-5,4.903814616902357,0.017,0.011,0.839214119786581,Memory B cell
MTMR10,4.693610792361635e-5,0.12011065102285712,0.409,0.386,0.8510924449789353,Memory B cell
SLFN5,4.718248749453357e-5,7.932239910817919,0.107,0.091,0.8555600457383772,Memory B cell
DBP,5.167767561553113e-5,0.24801738416275398,0.347,0.324,0.937071291936426,Memory B cell
PSMB8,5.196253043837102e-5,-4.257346076241415,0.744,0.725,0.9422365644389816,Memory B cell
S100A6,5.229972613198523e-5,-23.00497385747469,0.65,0.628,0.9483509339512882,Memory B cell
VEGFB,5.321487862361464e-5,0.3418682101257384,0.473,0.448,0.9649453940820043,Memory B cell
SPIN1,5.656216674339732e-5,0.19206857825921775,0.196,0.175,1,Memory B cell
TTC9C,5.841700955057493e-5,0.2355554986904202,0.224,0.202,1,Memory B cell
RALGPS2,5.854973955429955e-5,0.9325753132956649,0.941,0.94,1,Memory B cell
ABCD1,6.0575894196552214e-5,0.1227095734070276,0.107,0.092,1,Memory B cell
CXCR3,6.091674424465193e-5,1.6649038755891885,0.131,0.12,1,Memory B cell
ANKHD1,6.131868455332636e-5,-0.4305526085110589,0.634,0.612,1,Memory B cell
PBDC1,6.172021453670754e-5,0.1704751995723045,0.184,0.165,1,Memory B cell
TSC22D3,6.283807706627128e-5,-14.686049661621134,0.932,0.938,1,Memory B cell
RSBN1L,6.31275947024435e-5,0.17302898868054695,0.457,0.434,1,Memory B cell
RIF1,6.562013508383616e-5,0.19843568639580733,0.202,0.183,1,Memory B cell
STK38,6.787215826121714e-5,1.1471179744312927,0.571,0.552,1,Memory B cell
NTHL1,6.874860263860606e-5,0.36659798070818383,0.092,0.077,1,Memory B cell
NLRC5,7.158539343857211e-5,11.441014455468665,0.785,0.776,1,Memory B cell
MYLIP,7.266727080010113e-5,-0.47097967458933043,0.304,0.32,1,Memory B cell
C19orf12,7.390201619042611e-5,0.48770204535629336,0.205,0.19,1,Memory B cell
ZNF585B,7.715604246526552e-5,0.15233117352564585,0.125,0.108,1,Memory B cell
ABCB10,8.160415484670067e-5,0.14321560191622296,0.151,0.134,1,Memory B cell
AP1S2,8.187350993978714e-5,0.6333842280769972,0.401,0.384,1,Memory B cell
FIS1,8.365678556357487e-5,0.10358718830731473,0.482,0.461,1,Memory B cell
LAMTOR2,8.382823517438487e-5,0.5303375351416064,0.283,0.262,1,Memory B cell
CD3G,8.47238889762048e-5,2.5063334024489263,0.048,0.038,1,Memory B cell
ADD3,8.609011424280097e-5,1.0945814498213888,0.76,0.743,1,Memory B cell
TFEB,8.973740007711372e-5,2.4401392548720255,0.525,0.503,1,Memory B cell
IDH2,9.270035985290434e-5,5.1267167345692695,0.335,0.311,1,Memory B cell
CD2,9.273192193467991e-5,-1.1137602292835043,0.057,0.048,1,Memory B cell
C16orf54,9.451488580815745e-5,0.4595158901990712,0.305,0.284,1,Memory B cell
UNC50,9.529663766957847e-5,0.21937354910777285,0.29,0.27,1,Memory B cell
SCP2,9.551541628807943e-5,0.6887554468041328,0.517,0.497,1,Memory B cell
MGAT1,9.551904752363445e-5,0.1726373385235569,0.359,0.335,1,Memory B cell
CD3E,9.593541751433258e-5,0.837906220171726,0.054,0.044,1,Memory B cell
CRYBG1,9.626296829925616e-5,0.5136662273504853,0.552,0.531,1,Memory B cell
IFNAR1,9.751394720484792e-5,-0.12942734323929717,0.613,0.597,1,Memory B cell
BRD2,9.833032022178315e-5,-0.5915566593833175,0.74,0.722,1,Memory B cell
ADA2,9.901888384187484e-5,-7.482841769211278,0.428,0.409,1,Memory B cell
OTUD1,9.944260996929522e-5,-0.5755458898827187,0.225,0.25,1,Memory B cell
FMNL1,9.963222827424641e-5,-2.46950370573653,0.758,0.749,1,Memory B cell
ATP5MGL,1.0032845194933589e-4,-0.5205754856028628,0.021,0.028,1,Memory B cell
PYGB,1.0047825971307907e-4,0.1864511010538933,0.191,0.169,1,Memory B cell
CCDC32,1.0154551399997385e-4,0.16702345246088246,0.452,0.433,1,Memory B cell
CNN2,1.0170374248820316e-4,1.4311146901363472,0.794,0.779,1,Memory B cell
CD7,1.0599579034760112e-4,2.3655560220916567,0.025,0.019,1,Memory B cell
FAM3C,1.0611891811556529e-4,4.348373947474649,0.654,0.635,1,Memory B cell
CYB5R3,1.0817768394026329e-4,-0.2958737577698707,0.517,0.5,1,Memory B cell
CELF2,1.0998004450940604e-4,-0.438251141485706,0.818,0.802,1,Memory B cell
FAM177B,1.1015941270228123e-4,1.291094074959638,0.093,0.08,1,Memory B cell
STAMBPL1,1.1150473297299603e-4,0.18477353051515177,0.282,0.262,1,Memory B cell
BHLHE41,1.1287759089534525e-4,1.4278329340226064,0.29,0.268,1,Memory B cell
TERF2,1.1468460099693087e-4,-0.7052670460931498,0.553,0.531,1,Memory B cell
CDC42SE1,1.1597106160826899e-4,3.246299560490149,0.826,0.809,1,Memory B cell
UBA7,1.1659532755038871e-4,0.1930593416864932,0.521,0.499,1,Memory B cell
TM9SF2,1.1831665096669524e-4,-0.10813017041159334,0.63,0.611,1,Memory B cell
EEF1G,1.246389947567422e-4,5.087827363072311,0.982,0.98,1,Memory B cell
CBFB,1.2540068029827763e-4,-0.11865824318367246,0.441,0.42,1,Memory B cell
ETFDH,1.2622014732659748e-4,0.27160195335831494,0.065,0.053,1,Memory B cell
AAK1,1.27181959118416e-4,0.48343127430197375,0.048,0.039,1,Memory B cell
PRDM2,1.3402823699646186e-4,-0.15382932168619412,0.71,0.732,1,Memory B cell
NDUFS2,1.34677874078446e-4,0.8985041772251177,0.255,0.233,1,Memory B cell
SETD4,1.3614315368517329e-4,0.18611868315402913,0.136,0.119,1,Memory B cell
LARS2,1.3696239278300162e-4,-0.10890796776726575,0.092,0.085,1,Memory B cell
RESF1,1.393996563229198e-4,6.822358758265288,0.908,0.901,1,Memory B cell
LUC7L2,1.4110810007136743e-4,0.31339547546189506,0.612,0.591,1,Memory B cell
NMRAL1,1.4298496202690256e-4,0.14028095889145054,0.202,0.18,1,Memory B cell
APPL1,1.44309718395686e-4,-0.17046674715411614,0.547,0.536,1,Memory B cell
SP100,1.4719773700353492e-4,0.5436442962565646,0.828,0.819,1,Memory B cell
PDE7A,1.4921222400396001e-4,1.123714466629199,0.706,0.701,1,Memory B cell
PMVK,1.5004052405175817e-4,-0.1166303489439775,0.251,0.233,1,Memory B cell
LDHB,1.5060755835157814e-4,-3.852591101490294,0.627,0.616,1,Memory B cell
NFKBIA,1.5521929861537356e-4,4.454506663904436,0.447,0.461,1,Memory B cell
RANBP9,1.5533778466575806e-4,0.3089730682419744,0.317,0.295,1,Memory B cell
ZNF224,1.5557267299533948e-4,0.15388016122251807,0.269,0.248,1,Memory B cell
NABP1,1.608031512116824e-4,0.15691159609852234,0.309,0.288,1,Memory B cell
RCAN3,1.609079939060375e-4,2.996897752792974,0.38,0.359,1,Memory B cell
CAND1,1.6392532154792795e-4,0.2767094607150653,0.425,0.406,1,Memory B cell
ARPC1B,1.675005858396761e-4,9.550564196732093,0.728,0.711,1,Memory B cell
USP34,1.6854351889642607e-4,-0.14944891848565334,0.66,0.638,1,Memory B cell
TP53RK,1.688940166599957e-4,0.11452723366735129,0.157,0.141,1,Memory B cell
IFT25,1.7283216036397494e-4,0.30881648448918764,0.218,0.198,1,Memory B cell
DHX35,1.7469308053708624e-4,0.3549781644228944,0.069,0.057,1,Memory B cell
SOCS4,1.771807271752568e-4,0.29930690251640724,0.157,0.14,1,Memory B cell
OAS1,1.825740064446304e-4,2.913717604441871,0.468,0.45,1,Memory B cell
TMEM156,1.8259316085315492e-4,-0.4006643630114697,0.468,0.446,1,Memory B cell
DUS1L,1.8556948430206057e-4,0.35916323965911734,0.421,0.398,1,Memory B cell
KLF10,1.8952462406284122e-4,-4.201760147056541,0.239,0.257,1,Memory B cell
RAB3GAP2,1.9126284391493017e-4,0.9282705218593024,0.348,0.336,1,Memory B cell
SP140,1.9565100356303255e-4,-2.2265879969630618,0.901,0.894,1,Memory B cell
ANXA1,1.9621183430669397e-4,4.337582186989858,0.079,0.069,1,Memory B cell
RIC1,1.980700374949053e-4,0.9138771272011008,0.409,0.392,1,Memory B cell
GNL3,1.9992365416510098e-4,7.98450361821883,0.395,0.382,1,Memory B cell
MNDA,2.0050850805341665e-4,-3.9415005569612362,0.217,0.202,1,Memory B cell
ATL3,2.0090802018007034e-4,0.24208851815754498,0.256,0.238,1,Memory B cell
GTF3C6,2.026382920387588e-4,2.244900449775423,0.262,0.244,1,Memory B cell
TLR10,2.039538453401202e-4,2.560150785392789,0.723,0.712,1,Memory B cell
ARHGAP1,2.0591260041149075e-4,1.1606061121263256,0.403,0.381,1,Memory B cell
RAPGEF6,2.1701798776218746e-4,-0.20652280036500237,0.439,0.425,1,Memory B cell
THAP6,2.177100374280647e-4,0.30310741913959066,0.222,0.207,1,Memory B cell
LPAR6,2.2204072660383253e-4,-0.6668536479421796,0.031,0.023,1,Memory B cell
ACAA2,2.2225075514204138e-4,0.39160910776733016,0.193,0.182,1,Memory B cell
DOCK10,2.275434303178628e-4,0.6595298257274171,0.689,0.673,1,Memory B cell
IL32,2.297317829004288e-4,-1.2053799374414638,0.102,0.095,1,Memory B cell
ANXA6,2.298883657215001e-4,-2.4857514953694277,0.89,0.889,1,Memory B cell
TXNDC5,2.321940497577996e-4,-8.6056448914428,0.277,0.263,1,Memory B cell
INTS6L,2.3426634950425533e-4,0.192045211729496,0.322,0.303,1,Memory B cell
TRIB2,2.3641119772690655e-4,8.177177345669332,0.34,0.323,1,Memory B cell
GBE1,2.3840980124673725e-4,0.38367518023988434,0.121,0.108,1,Memory B cell
COPA,2.3857725444380697e-4,-0.2262713499907827,0.445,0.421,1,Memory B cell
PAPSS1,2.388418185987398e-4,0.25299362920083285,0.287,0.266,1,Memory B cell
RCSD1,2.3932165034732595e-4,6.010741977184152,0.856,0.849,1,Memory B cell
NCOA7,2.4700658986900935e-4,0.3163394151978365,0.272,0.253,1,Memory B cell
VARS1,2.4775641242382623e-4,0.7581951077074338,0.385,0.36,1,Memory B cell
PPP1R11,2.523833123148148e-4,0.13734769152358695,0.218,0.217,1,Memory B cell
ZBTB16,2.54062488336508e-4,1.6669061913712941,0.031,0.026,1,Memory B cell
LITAF,2.5738050396976667e-4,-4.2728262810930815,0.591,0.57,1,Memory B cell
YPEL5,2.604074415712877e-4,4.331938388942984,0.678,0.703,1,Memory B cell
USP45,2.6375387917431384e-4,0.23575851076183663,0.335,0.315,1,Memory B cell
BUD13,2.65484256504393e-4,0.1566776110285275,0.128,0.114,1,Memory B cell
SPG7,2.752207744935721e-4,-1.277829825465438,0.43,0.412,1,Memory B cell
ANKAR,2.777304625184578e-4,0.14347561588433755,0.128,0.113,1,Memory B cell
ACTG1,2.8006635415126857e-4,44.77407101715514,0.855,0.844,1,Memory B cell
BPTF,2.8323408712885664e-4,0.7057861574705546,0.626,0.609,1,Memory B cell
HNRNPF,2.836977829814295e-4,3.4981597643933293,0.503,0.48,1,Memory B cell
PGGHG,2.841848010907077e-4,-3.684700486361647,0.232,0.215,1,Memory B cell
ARID3A,2.8739944526665035e-4,-0.5298323838154892,0.231,0.213,1,Memory B cell
PLCG2,2.89631913610167e-4,-8.564429679912028,0.878,0.876,1,Memory B cell
GSTK1,2.902628936947498e-4,-12.810373943908267,0.649,0.624,1,Memory B cell
CCNL2,2.9286369224433285e-4,0.40538335891252775,0.689,0.676,1,Memory B cell
SLC38A11,3.0223086080016006e-4,5.591413093949444,0.093,0.081,1,Memory B cell
KRIT1,3.0283804646198675e-4,0.15070625900874002,0.453,0.432,1,Memory B cell
MPHOSPH8,3.046669451099173e-4,0.28926363727802595,0.461,0.449,1,Memory B cell
CAMK1D,3.055663322837156e-4,0.7400371919795008,0.56,0.541,1,Memory B cell
RNF141,3.061265419497713e-4,1.9176649187292112,0.543,0.524,1,Memory B cell
VIM,3.15040884675164e-4,-63.42673755417485,0.946,0.946,1,Memory B cell
ANXA2,3.2104040319736187e-4,-2.83617551771907,0.555,0.54,1,Memory B cell
TRBC2,3.221619364878854e-4,-40.3448673976109,0.763,0.756,1,Memory B cell
ALG13,3.252913038741886e-4,-1.1711111532396297,0.61,0.592,1,Memory B cell
HSD17B4,3.294196028093972e-4,0.9613129686107529,0.378,0.357,1,Memory B cell
CIAO2A,3.349869558553072e-4,1.257900100155953,0.505,0.485,1,Memory B cell
RGCC,3.357147446089725e-4,0.5219088686308737,0.045,0.037,1,Memory B cell
ARHGAP30,3.386796886475489e-4,-1.8474803294132789,0.73,0.712,1,Memory B cell
TRMT1L,3.391340965461884e-4,0.21493580841346815,0.338,0.317,1,Memory B cell
ETS1,3.436693521165265e-4,0.21589086309575478,0.842,0.833,1,Memory B cell
TSFM,3.4449937253766457e-4,0.2975455987869564,0.149,0.133,1,Memory B cell
ATF2,3.474840276161841e-4,0.3435913764114993,0.528,0.511,1,Memory B cell
SRP68,3.515824174481229e-4,0.3482043432842667,0.26,0.246,1,Memory B cell
ARHGAP24,3.520282504063789e-4,-3.5602230736197837,0.608,0.602,1,Memory B cell
LIMK2,3.533236211496832e-4,0.30538028722358534,0.089,0.075,1,Memory B cell
CCDC115,3.565041789014141e-4,0.17847854384955528,0.292,0.27,1,Memory B cell
CYB5A,3.5662357470844287e-4,0.1967019622047541,0.135,0.12,1,Memory B cell
STMP1,3.639884190208441e-4,0.25068663411892267,0.419,0.399,1,Memory B cell
SEPTIN1,3.692611579981495e-4,-1.1445900876503563,0.654,0.642,1,Memory B cell
ATM,3.696071913585773e-4,-4.718535335080862,0.883,0.877,1,Memory B cell
FLOT2,3.704573406876527e-4,0.6527830428759511,0.726,0.714,1,Memory B cell
CPNE1,3.715031671459467e-4,1.1856073096247295,0.546,0.525,1,Memory B cell
RASGEF1A,3.7557699608475686e-4,1.0809331551494328,0.012,0.008,1,Memory B cell
TFIP11,3.7601454352543113e-4,0.2211627235814665,0.21,0.192,1,Memory B cell
PISD,3.8163602338649904e-4,0.29357619164408266,0.1,0.087,1,Memory B cell
TSPAN3,3.819474473817611e-4,-7.352508934627526,0.753,0.753,1,Memory B cell
HSPA8,3.8262505416419927e-4,36.11429499163696,0.824,0.816,1,Memory B cell
PSME1,3.869551743243012e-4,-3.813404849424998,0.821,0.807,1,Memory B cell
TRAF3IP3,3.9955283754860964e-4,-3.540261220158129,0.712,0.702,1,Memory B cell
ZNF331,4.0526303736493536e-4,0.16006136034130658,0.146,0.127,1,Memory B cell
NUCB1,4.060228423326825e-4,-0.6460692576048923,0.445,0.424,1,Memory B cell
TREML2,4.112314316335413e-4,0.15064568995230643,0.128,0.113,1,Memory B cell
ARHGAP25,4.141812177326564e-4,-0.8581192347617108,0.746,0.733,1,Memory B cell
FPGT,4.168500879089103e-4,0.36519675528374385,0.133,0.124,1,Memory B cell
ZC3H6,4.170357569982175e-4,0.1301028176194698,0.199,0.183,1,Memory B cell
RHOT1,4.196265783636594e-4,0.3285428389878977,0.241,0.225,1,Memory B cell
POLR3C,4.222642279413547e-4,0.12282898533802898,0.258,0.238,1,Memory B cell
MAN2B1,4.249311512905396e-4,1.2945257662977325,0.494,0.477,1,Memory B cell
HADHB,4.264939015887552e-4,0.22555637519036487,0.388,0.369,1,Memory B cell
CD28,4.2761055329825545e-4,0.2144228051283179,0.025,0.019,1,Memory B cell
MCOLN2,4.303674186632562e-4,0.6925612274554275,0.316,0.296,1,Memory B cell
BTK,4.3275025153157744e-4,2.128416513938914,0.696,0.681,1,Memory B cell
BET1,4.3713816016605035e-4,0.2260303612798622,0.144,0.138,1,Memory B cell
TRIM38,4.382074055604902e-4,-1.2558975242595594,0.818,0.806,1,Memory B cell
TXNL4A,4.393356651456942e-4,2.0430552966062843,0.559,0.548,1,Memory B cell
LAT,4.4497782517270696e-4,0.7762286447444069,0.043,0.034,1,Memory B cell
ZNF235,4.4560009920037853e-4,0.25211775427800154,0.072,0.06,1,Memory B cell
MAN1B1,4.464508665790617e-4,0.14787535117027517,0.206,0.191,1,Memory B cell
SPAG16,4.479983303267265e-4,0.1582095705647355,0.102,0.089,1,Memory B cell
FANCE,4.504183511203391e-4,-0.25238199367034175,0.044,0.054,1,Memory B cell
BTAF1,4.505766297430856e-4,0.37357231027144433,0.557,0.54,1,Memory B cell
CDC7,4.524167554278431e-4,0.6014113887952464,0.043,0.036,1,Memory B cell
ID3,4.5259755542243147e-4,-7.943956496981555,0.291,0.27,1,Memory B cell
KCTD9,4.5391093531608605e-4,0.3318526212445496,0.161,0.146,1,Memory B cell
AIP,4.70689072536096e-4,-1.685059057704013,0.595,0.576,1,Memory B cell
CNFN,4.788625555388823e-4,0.18128105933027494,0.103,0.091,1,Memory B cell
CHURC1,4.7956947087663304e-4,1.5583185612285981,0.548,0.531,1,Memory B cell
SKAP1,4.823236016786675e-4,0.2848936797013977,0.09,0.08,1,Memory B cell
IL16,4.873720534622178e-4,4.009296395165515,0.813,0.808,1,Memory B cell
MED18,5.00640870129014e-4,0.3494846246120621,0.148,0.135,1,Memory B cell
TMEM19,5.091347700314256e-4,0.14261364438501367,0.39,0.37,1,Memory B cell
SMDT1,5.125812363338368e-4,0.3053229213741995,0.635,0.607,1,Memory B cell
MDM2,5.26907145284222e-4,13.977225002312036,0.379,0.357,1,Memory B cell
USF1,5.362802538543681e-4,0.37501640953379756,0.383,0.366,1,Memory B cell
PRKAA1,5.370673934464248e-4,0.1657912414298055,0.438,0.424,1,Memory B cell
TRIR,5.458816443934853e-4,2.5229542236302773,0.842,0.835,1,Memory B cell
SARM1,5.463993058710073e-4,0.27108720478422965,0.129,0.116,1,Memory B cell
IRF9,5.48302052931907e-4,0.2814922801893467,0.403,0.384,1,Memory B cell
ACCS,5.501247346105754e-4,0.35252250558059384,0.046,0.041,1,Memory B cell
ACBD3,5.598724809992091e-4,0.39665232099107817,0.581,0.558,1,Memory B cell
ADGRB2,5.601658324641076e-4,0.6164853106527062,0.01,0.006,1,Memory B cell
PABPN1L,5.692434091098447e-4,-0.4936918409648534,0.018,0.025,1,Memory B cell
ANKLE2,5.702576903700568e-4,0.22799762316639516,0.45,0.433,1,Memory B cell
CNTRL,5.723935711221303e-4,-3.173302242415529,0.833,0.823,1,Memory B cell
FAM30A,5.764203108926101e-4,12.569286253289995,0.381,0.368,1,Memory B cell
ARHGAP17,5.817222429514992e-4,-6.314636241592089,0.776,0.774,1,Memory B cell
CYP2C8,5.864904978822158e-4,-0.43982397096204284,0.02,0.02,1,Memory B cell
TRIM27,5.865520705953734e-4,0.19577071507075547,0.32,0.303,1,Memory B cell
MAP4K1,5.891363414967871e-4,2.9286049098763964,0.682,0.672,1,Memory B cell
ERCC6L2,5.931878257155482e-4,-0.49046456541430766,0.282,0.262,1,Memory B cell
RGS18,6.018383573795543e-4,1.3120992031925747,0.018,0.015,1,Memory B cell
CASP10,6.202854681544063e-4,0.1265758870831062,0.305,0.284,1,Memory B cell
TLN1,6.487568106762174e-4,0.42851489398811093,0.562,0.543,1,Memory B cell
FGR,6.581903407751233e-4,-2.799678453994691,0.391,0.372,1,Memory B cell
APH1A,6.607395470088185e-4,0.1164967120269833,0.408,0.397,1,Memory B cell
COA3,6.639173131747e-4,0.17875944993243653,0.17,0.154,1,Memory B cell
TRIM22,6.754930960930436e-4,-4.201807179008069,0.774,0.765,1,Memory B cell
ESYT2,6.798467191216807e-4,0.22737042365097082,0.364,0.345,1,Memory B cell
ZBTB32,6.892612919934745e-4,2.631439354818368,0.249,0.233,1,Memory B cell
HMOX2,6.913706098871113e-4,0.2408297134601941,0.182,0.164,1,Memory B cell
ABI1,6.91737436761041e-4,-1.755661267889033,0.531,0.509,1,Memory B cell
SUN1,6.950538077350577e-4,0.452292021331,0.427,0.406,1,Memory B cell
SMARCA4,7.005016910794924e-4,0.6596929157030579,0.306,0.284,1,Memory B cell
NUP37,7.015996881569599e-4,0.16692952075465128,0.137,0.121,1,Memory B cell
PGM1,7.01897848070638e-4,0.6738284471995304,0.142,0.129,1,Memory B cell
SAMD9L,7.047163672142887e-4,7.472587609048878,0.562,0.549,1,Memory B cell
TM2D2,7.123666879401193e-4,0.39792033784362246,0.072,0.062,1,Memory B cell
LSP1,7.146223411353508e-4,0.6974475422115276,0.967,0.963,1,Memory B cell
EXOC1,7.194600890972967e-4,0.15541319222914993,0.309,0.291,1,Memory B cell
NAA80,7.215125441849969e-4,0.21262630501776814,0.121,0.106,1,Memory B cell
VPS39,7.249768817645545e-4,0.416809682419624,0.407,0.386,1,Memory B cell
TMEM165,7.287061468550908e-4,0.1813523108068808,0.294,0.278,1,Memory B cell
EPS15L1,7.324851868232309e-4,2.1688774105069744,0.479,0.462,1,Memory B cell
ZNF296,7.429596305499682e-4,1.4874984781683305,0.262,0.241,1,Memory B cell
SF3B3,7.485588195695705e-4,0.7240101326991704,0.482,0.463,1,Memory B cell
PFN1,7.534163815157103e-4,54.366891323442644,0.939,0.931,1,Memory B cell
TNFRSF17,7.59706801252685e-4,-13.965429005987595,0.122,0.106,1,Memory B cell
EIF2AK1,7.686964501682905e-4,-2.5113295019141875,0.501,0.48,1,Memory B cell
FUOM,7.751751088188353e-4,0.2091067891470486,0.136,0.121,1,Memory B cell
SEC62,7.75250275897878e-4,-6.194237566529577,0.736,0.72,1,Memory B cell
OXA1L,7.775917551553198e-4,-2.3543469953684673,0.572,0.55,1,Memory B cell
GOLGA5,7.791090852222455e-4,0.17450967982312438,0.208,0.19,1,Memory B cell
LMO4,7.81453467069755e-4,2.0374453213758725,0.388,0.379,1,Memory B cell
RIPOR2,7.854564753475932e-4,-10.271497525779044,0.961,0.953,1,Memory B cell
CWC25,7.859610187428344e-4,0.2714384534665859,0.1,0.09,1,Memory B cell
RGL2,7.876218445385209e-4,-0.2325418209235562,0.217,0.208,1,Memory B cell
NEMF,7.936033239991849e-4,0.6052674280471981,0.64,0.629,1,Memory B cell
ATP2B1,8.092985181737751e-4,-4.376963397694446,0.756,0.75,1,Memory B cell
NCF4,8.100745654576384e-4,0.5973618515093091,0.461,0.439,1,Memory B cell
HCLS1,8.266032534265085e-4,-12.489311785519337,0.868,0.864,1,Memory B cell
ACTL6A,8.293163864873883e-4,0.28788831935263126,0.197,0.182,1,Memory B cell
SLC25A38,8.381290858091603e-4,0.4026577489519101,0.354,0.339,1,Memory B cell
UBA3,8.46750502322062e-4,-0.15169207674222784,0.532,0.515,1,Memory B cell
NUBP1,8.479298942302807e-4,0.2657826808625583,0.177,0.161,1,Memory B cell
CD74,8.519378857052446e-4,-285.60177837828473,1,1,1,Memory B cell
MT-CYB,8.619095014181356e-4,-7.162950454738365,0.967,0.968,1,Memory B cell
AP2A2,8.739034500983767e-4,0.12732064569012408,0.238,0.224,1,Memory B cell
SLC30A9,8.809786566185455e-4,0.10805654503730949,0.284,0.264,1,Memory B cell
BCL11B,8.880332007563736e-4,-0.40061215308448317,0.048,0.041,1,Memory B cell
SDR39U1,8.884715647438877e-4,0.22784894827440638,0.496,0.48,1,Memory B cell
CLPX,8.973165588389793e-4,0.4615456529921488,0.292,0.273,1,Memory B cell
NCKAP1L,9.029908123907227e-4,0.7976165191852234,0.704,0.694,1,Memory B cell
CIC,9.035237009247469e-4,0.21143098152988193,0.372,0.356,1,Memory B cell
ANKRD40,9.062876383403977e-4,0.1936705260058459,0.183,0.169,1,Memory B cell
FCRLA,9.134180218012916e-4,3.8986531886362776,0.761,0.762,1,Memory B cell
ETNK1,9.15579022436269e-4,0.1729903283276628,0.413,0.395,1,Memory B cell
IL10RB,9.198025411131049e-4,0.3184036454024286,0.384,0.364,1,Memory B cell
DSN1,9.215969099180587e-4,0.20394595477692423,0.134,0.126,1,Memory B cell
SNX20,9.301620529303993e-4,0.9273061605540482,0.346,0.332,1,Memory B cell
ZFAND2B,9.327975177793651e-4,0.22974843987011873,0.329,0.308,1,Memory B cell
EVI2B,9.364447239872487e-4,7.249533964135786,0.946,0.942,1,Memory B cell
TBC1D7,9.435565371352958e-4,0.31137594124648194,0.181,0.172,1,Memory B cell
KIF1C,9.454102674413027e-4,-0.21073898974361016,0.153,0.137,1,Memory B cell
CTSZ,9.529180057892274e-4,-0.30107270780503015,0.81,0.795,1,Memory B cell
IRAK4,9.597173996078295e-4,0.3365301698035952,0.383,0.363,1,Memory B cell
CD83,9.663189104615501e-4,-6.16286381245213,0.34,0.36,1,Memory B cell
DCAF7,9.675819376559586e-4,0.19743671793244477,0.504,0.49,1,Memory B cell
NUCKS1,9.8423228369324e-4,-1.8399361415661697,0.375,0.359,1,Memory B cell
RNF14,9.893726479565802e-4,0.14220066532031575,0.208,0.193,1,Memory B cell
ACAD9,9.914869313016298e-4,0.231755798211843,0.077,0.065,1,Memory B cell
RNF5,9.981376536482448e-4,0.3830169344362243,0.354,0.334,1,Memory B cell
POLD4,0.0010054232943368263,-0.8060200065707992,0.472,0.452,1,Memory B cell
ZNF345,0.0010151037015288292,0.3147106573535131,0.179,0.169,1,Memory B cell
TCTA,0.001016170673897069,0.20856475730558022,0.174,0.16,1,Memory B cell
FLAD1,0.0010215716768252794,0.17225634529795308,0.181,0.165,1,Memory B cell
HSPA1B,0.001022138306976676,22.57191203057345,0.207,0.192,1,Memory B cell
COX6B1,0.0010286217725254986,0.1518001555185527,0.268,0.25,1,Memory B cell
BBS2,0.0010333071434597502,0.2084069253805656,0.172,0.155,1,Memory B cell
SERPINB1,0.0010399128199490922,2.241013016839827,0.529,0.508,1,Memory B cell
NELFCD,0.001067911655515021,0.21034321083790575,0.393,0.373,1,Memory B cell
FFAR1,0.0010759958025928595,-0.4257709336191273,0.047,0.057,1,Memory B cell
S100A10,0.0010808601862230564,-17.34122421721527,0.52,0.505,1,Memory B cell
ELP6,0.0010881660276891784,0.26489183922660664,0.142,0.13,1,Memory B cell
ARHGDIB,0.0011008997465628081,-37.45954631357017,0.99,0.988,1,Memory B cell
IGHD,0.0011168928371179893,-28.595845234572586,0.473,0.457,1,Memory B cell
MANBA,0.0011281898289964604,0.1817789880786732,0.288,0.274,1,Memory B cell
YIPF5,0.001129570523287867,0.2144498855254242,0.187,0.173,1,Memory B cell
NIPAL2,0.0011409715951012582,0.19930854287905284,0.274,0.255,1,Memory B cell
CASD1,0.001146364004604287,0.127957008926556,0.264,0.245,1,Memory B cell
METTL23,0.0011577944739488157,-0.17803745688924932,0.458,0.436,1,Memory B cell
HMGCL,0.001161820472668356,0.17038490113106464,0.166,0.15,1,Memory B cell
CD1D,0.0011776205626806019,6.983343828063646,0.264,0.247,1,Memory B cell
PARP11,0.0011799186391566233,0.1273473887382739,0.178,0.161,1,Memory B cell
LRR1,0.00119097521066419,0.220046420260684,0.067,0.056,1,Memory B cell
HAVCR2,0.0011919631032419786,0.4108513106163274,0.018,0.012,1,Memory B cell
EMG1,0.001199213133891154,0.10792326203873975,0.313,0.293,1,Memory B cell
LEPROTL1,0.0012050192405526747,-3.289087690665266,0.257,0.244,1,Memory B cell
WDR55,0.001212088448333514,0.12323328035508352,0.207,0.191,1,Memory B cell
RGS10,0.0012167157071969468,-1.21428603828288,0.169,0.157,1,Memory B cell
TMEM168,0.0012235493101064264,0.29562660619003855,0.335,0.315,1,Memory B cell
GALT,0.001234665669333561,0.40927646014165364,0.197,0.183,1,Memory B cell
LY96,0.0012518184857630563,0.26003048948673385,0.18,0.17,1,Memory B cell
FKBP5,0.001253671976899227,-1.0352455636753044,0.133,0.118,1,Memory B cell
SLC25A45,0.0012551873440135675,0.32563430849667413,0.255,0.237,1,Memory B cell
CDC42SE2,0.0012569312568076856,-2.4743486619192687,0.87,0.863,1,Memory B cell
FBXL4,0.0012569474602983014,0.10702210030834025,0.233,0.217,1,Memory B cell
XPNPEP1,0.0012587210462771093,0.18575200617589882,0.125,0.111,1,Memory B cell
NIT2,0.0012632090866332797,0.5819420458937591,0.282,0.264,1,Memory B cell
TMEM70,0.001265122557857562,0.5814430465781641,0.12,0.113,1,Memory B cell
GATAD1,0.0012661967598144618,0.2992929236908016,0.283,0.268,1,Memory B cell
KIF27,0.0012870756805426682,0.3033525797843164,0.083,0.071,1,Memory B cell
CTSW,0.001291149308688106,0.2658744786981013,0.039,0.032,1,Memory B cell
N6AMT1,0.0012927243097391357,0.2999085300988569,0.119,0.105,1,Memory B cell
TRPT1,0.0013028953755006042,0.2702060896182784,0.206,0.195,1,Memory B cell
YJU2B,0.0013031320477738771,0.13660437839401685,0.277,0.259,1,Memory B cell
RBM6,0.0013082678023257253,0.6824715913245765,0.67,0.657,1,Memory B cell
FBXO38,0.001314409827894093,0.21344319605572398,0.23,0.213,1,Memory B cell
GIMAP1,0.0013243949682376136,2.2657627820797135,0.023,0.017,1,Memory B cell
HEXD,0.0013270643215200608,-0.11744160103595469,0.342,0.321,1,Memory B cell
MFAP1,0.0013302808610153088,0.2211071289072697,0.105,0.091,1,Memory B cell
E4F1,0.0013346669947518401,0.17589183655900853,0.145,0.137,1,Memory B cell
SH3BP5L,0.001340104819455863,0.19868031437208528,0.201,0.187,1,Memory B cell
QTRT1,0.0013413055905921176,0.13403568333790827,0.209,0.192,1,Memory B cell
GAPT,0.001349449385333905,-0.36328884705810705,0.547,0.527,1,Memory B cell
KCTD7,0.0013603446844534103,0.1539480396501003,0.295,0.28,1,Memory B cell
FAM118B,0.0013615209528640565,0.35920851359478645,0.065,0.059,1,Memory B cell
BRWD3,0.0013625036356464289,0.11862999115734964,0.274,0.259,1,Memory B cell
PAK1IP1,0.0013758601002990883,0.20323780078095677,0.105,0.092,1,Memory B cell
ZNF142,0.001379120012666649,0.2536877041185132,0.248,0.232,1,Memory B cell
POGLUT3,0.0013950634674442617,0.1029687777408057,0.02,0.015,1,Memory B cell
TRMO,0.0013953404605278044,0.2534551820144418,0.229,0.21,1,Memory B cell
BMS1,0.001398620765858833,0.2569515370991717,0.215,0.201,1,Memory B cell
ZC3H4,0.0014024179378515854,0.21180654487188622,0.446,0.425,1,Memory B cell
MT-ND4,0.0014099751525536437,-34.547971420487954,0.971,0.966,1,Memory B cell
CWC15,0.0014293675957130244,0.41636999563405186,0.423,0.403,1,Memory B cell
CD27,0.0014348684013586858,-13.451371110556893,0.587,0.571,1,Memory B cell
LFNG,0.0014380439383028523,0.3208186855371583,0.276,0.259,1,Memory B cell
MICAL3,0.0014421407286611466,1.2301130253048198,0.671,0.651,1,Memory B cell
KIAA1328,0.0014486340021211295,0.10309430674956199,0.215,0.197,1,Memory B cell
GOSR1,0.0014524920397019088,0.19294828997069804,0.266,0.254,1,Memory B cell
PDK4,0.0014567463047336767,0.5738627740742537,0.018,0.016,1,Memory B cell
ATP6V1E1,0.001460627114425212,0.14172956963496486,0.415,0.396,1,Memory B cell
NXPE3,0.0014733112651578544,0.29807363038749557,0.258,0.245,1,Memory B cell
NIPA2,0.0014749137936690248,0.2704474912521107,0.345,0.326,1,Memory B cell
TMEM214,0.001497425467524565,0.1387197912285747,0.141,0.126,1,Memory B cell
MYD88,0.0015074664533757556,-0.39436530488582977,0.37,0.35,1,Memory B cell
SNX2,0.001519413681309094,-8.545266988206288,0.9,0.896,1,Memory B cell
TENT5C,0.0015206196277594626,1.411179108156713,0.219,0.236,1,Memory B cell
STX16,0.0015207450320843916,0.25761188363645493,0.479,0.466,1,Memory B cell
SPPL2A,0.001523414131707091,0.1242341381758797,0.371,0.352,1,Memory B cell
MAT2A,0.001528401617444771,-1.0851298819909907,0.605,0.586,1,Memory B cell
STK39,0.0015353319209704568,0.4304062630057448,0.298,0.285,1,Memory B cell
TCEANC,0.0015416482122151893,0.29853494569090167,0.06,0.05,1,Memory B cell
MCM3,0.0015475358898112625,13.207987608054601,0.258,0.24,1,Memory B cell
HHEX,0.0015606781228720019,-7.1057434615355115,0.623,0.603,1,Memory B cell
CD320,0.0015643818239884,1.3178210822197773,0.085,0.082,1,Memory B cell
SNTB2,0.0015992341687711851,0.34628677732937896,0.098,0.084,1,Memory B cell
OTULINL,0.0016100583756325953,0.5553712829571582,0.016,0.015,1,Memory B cell
TTLL1,0.001610775324732983,0.43637526495708245,0.039,0.031,1,Memory B cell
C2orf49,0.0016135572107015103,0.22890430968238942,0.268,0.257,1,Memory B cell
SLC25A5,0.0016158163097996629,0.24445923558272226,0.23,0.214,1,Memory B cell
ELF4,0.0016186289544954553,0.4968025401599021,0.183,0.169,1,Memory B cell
NELL2,0.0016291503986505692,4.199558578046038,0.024,0.018,1,Memory B cell
HINT3,0.0016397910677763414,0.1445684997187633,0.183,0.168,1,Memory B cell
KDM3B,0.0016402039238250724,0.11992360451776474,0.432,0.413,1,Memory B cell
DUSP22,0.0016406114113904564,-1.3852884042064275,0.452,0.435,1,Memory B cell
ATP6V1H,0.0016424180202157974,0.5720043457760149,0.235,0.225,1,Memory B cell
GOLGA7,0.00165555053640715,0.18119654389504036,0.274,0.255,1,Memory B cell
TMEM268,0.0016701861405584305,0.22657527884893902,0.331,0.317,1,Memory B cell
LRRN3,0.001681979583781336,1.1187737970307512,0.011,0.007,1,Memory B cell
LIN7B,0.001685430495533323,0.25467286884164286,0.039,0.031,1,Memory B cell
RBBP8,0.0016869081790653487,0.36925194274140205,0.051,0.044,1,Memory B cell
RBM25,0.0017016795909647082,0.1347439518088498,0.589,0.574,1,Memory B cell
SPATA20,0.0017026813435868577,0.33083241706041977,0.147,0.134,1,Memory B cell
PLEKHJ1,0.0017041663122484864,0.10299172642392729,0.151,0.137,1,Memory B cell
CCDC141,0.0017130213454435586,-5.033616798242029,0.378,0.368,1,Memory B cell
SOCS3,0.0017325148780285781,-0.2827029787647053,0.047,0.055,1,Memory B cell
ZFP62,0.00173759731412191,0.282292156311141,0.207,0.194,1,Memory B cell
ATF5,0.0017470546593115557,-8.100251647270156,0.069,0.059,1,Memory B cell
CPPED1,0.0017857250108177535,-0.1250834491502073,0.133,0.124,1,Memory B cell
SMARCD2,0.0018047397856005832,0.434322092259073,0.326,0.314,1,Memory B cell
IFI30,0.0018048923383472964,-11.965364770077432,0.514,0.495,1,Memory B cell
OAZ2,0.0018178758446136475,0.2455061307292184,0.222,0.207,1,Memory B cell
HARS2,0.00182332737118892,0.1461277854672718,0.168,0.153,1,Memory B cell
H2AJ,0.0018235573790510349,0.2628329838722414,0.103,0.09,1,Memory B cell
ALAS1,0.0018420880198645132,0.22310952470402,0.126,0.114,1,Memory B cell
VRK2,0.0018431117420325016,0.27624807034543897,0.293,0.279,1,Memory B cell
ZNF217,0.0018433741242416595,0.13779378232868789,0.464,0.444,1,Memory B cell
GLRX3,0.0018470358148221905,0.30402242023656245,0.407,0.399,1,Memory B cell
CD86,0.001847943232609225,1.7576078763894776,0.31,0.292,1,Memory B cell
INPP4A,0.0018572649488255812,0.27335171550561854,0.177,0.168,1,Memory B cell
SYNRG,0.0018607000556092052,-0.28273371228733435,0.645,0.637,1,Memory B cell
IL2RB,0.0018614270762322904,5.657456916920092,0.033,0.026,1,Memory B cell
C1orf74,0.0018618244668321493,0.5236509800977203,0.017,0.012,1,Memory B cell
CYC1,0.0018620033757984456,-0.31785132205058686,0.341,0.321,1,Memory B cell
DSE,0.0018621270480877442,0.6244686744893605,0.254,0.236,1,Memory B cell
ARRB2,0.0018666127071059384,-2.1054413366600793,0.474,0.454,1,Memory B cell
B2M,0.0018798886045371462,9.158610899075995,0.999,0.999,1,Memory B cell
DEF6,0.0018977470071007377,0.6096175311416818,0.448,0.431,1,Memory B cell
VPS52,0.001927189239270664,-0.184514743359412,0.284,0.266,1,Memory B cell
TRAPPC1,0.0019417740324886225,-0.8123980679842282,0.376,0.36,1,Memory B cell
SHOC2,0.001959735401850483,0.5488390707547,0.737,0.727,1,Memory B cell
ZMAT2,0.0019659415283866145,0.19629958363990485,0.397,0.382,1,Memory B cell
NAA60,0.001968425824388246,0.21972244563098853,0.187,0.174,1,Memory B cell
RPRD1A,0.0019901131908814135,0.11891267973801928,0.342,0.328,1,Memory B cell
BTD,0.0019915452875382722,0.15112103303761426,0.145,0.131,1,Memory B cell
SRGN,0.0019949630762066584,-14.373484356928934,0.393,0.379,1,Memory B cell
LAP3,0.0020006796111275895,0.3545379179626569,0.128,0.114,1,Memory B cell
MDFIC,0.002009649498549546,-0.3038345226132666,0.568,0.56,1,Memory B cell
LEMD2,0.0020120560841046927,0.10304236030718081,0.302,0.283,1,Memory B cell
HNRNPD,0.0020161513536052153,11.632288481650264,0.668,0.656,1,Memory B cell
SLC38A1,0.0020205729636738894,2.4964560121564965,0.804,0.789,1,Memory B cell
PTP4A3,0.0020383305673860757,2.8396099807450392,0.164,0.149,1,Memory B cell
SLC38A2,0.0020460005041229557,0.24040016159439426,0.375,0.358,1,Memory B cell
SBF1,0.0020682001062783126,0.20033273351307126,0.3,0.287,1,Memory B cell
TAP1,0.0020950112413364425,8.46914490790779,0.688,0.672,1,Memory B cell
DUSP18,0.0021047584941500646,0.1367935266894198,0.128,0.116,1,Memory B cell
RASGRP2,0.002113612826205834,25.230382248627734,0.924,0.923,1,Memory B cell
TBC1D10C,0.0021188455112839126,0.23360780081777577,0.866,0.86,1,Memory B cell
RAD50,0.0021291852749111993,0.2339786038002013,0.334,0.323,1,Memory B cell
ZNF175,0.00212997338832607,0.145687758224051,0.176,0.161,1,Memory B cell
METTL3,0.002159952104586921,0.1920075263923137,0.314,0.301,1,Memory B cell
PLEK,0.002162784503566998,-4.865680786414462,0.676,0.656,1,Memory B cell
C1QBP,0.002178727073287959,1.2759658225817367,0.275,0.256,1,Memory B cell
GFM1,0.0021814388488464423,0.8315883270440251,0.271,0.257,1,Memory B cell
ATP2A3,0.0021848211031888273,7.4301149387699965,0.894,0.887,1,Memory B cell
CETN3,0.002209360732845721,-0.15858349889936996,0.149,0.138,1,Memory B cell
PPP2R5C,0.002211939138056894,0.5198776670335945,0.439,0.423,1,Memory B cell
DNM1L,0.0022278181814146133,0.24714319892972628,0.242,0.226,1,Memory B cell
MOSMO,0.002230798093667749,0.13368269732264726,0.125,0.112,1,Memory B cell
SH2D1A,0.002231889180358685,1.509844483105872,0.023,0.018,1,Memory B cell
UTP6,0.0022440691469830503,0.20585635374008615,0.358,0.34,1,Memory B cell
RNPC3,0.0022566034558996733,0.2409847256206098,0.39,0.374,1,Memory B cell
MAPK3,0.0022639113027707234,0.13937936927593814,0.231,0.214,1,Memory B cell
PDCD6,0.002267608054887252,0.3018437994887919,0.487,0.474,1,Memory B cell
PRRC2B,0.002268310578862431,0.2499603292250563,0.23,0.215,1,Memory B cell
AMPD2,0.0022746368527565668,0.28244487895322473,0.215,0.2,1,Memory B cell
IQSEC1,0.00228684750747073,1.4348180997305384,0.852,0.844,1,Memory B cell
ZZEF1,0.0023218834460089627,0.15453619568498306,0.339,0.328,1,Memory B cell
MAP2K2,0.0023451445310937145,0.48166760887666493,0.544,0.529,1,Memory B cell
IL11RA,0.002347748366647226,0.18235543700005374,0.156,0.143,1,Memory B cell
CEP43,0.0023768999249990687,0.20253333084401648,0.174,0.16,1,Memory B cell
LAMTOR1,0.0023852937542919264,-0.3693226724445742,0.494,0.477,1,Memory B cell
PARVB,0.0023974543587774438,0.4810824923072358,0.258,0.241,1,Memory B cell
MFSD12,0.0024147636896866415,-0.283250508500962,0.076,0.084,1,Memory B cell
FH,0.0024224915266384916,1.1588755827026616,0.279,0.261,1,Memory B cell
ACTB,0.002433886743662027,181.76000311245065,0.996,0.996,1,Memory B cell
METTL18,0.0024386243354646564,0.1455388943348126,0.117,0.104,1,Memory B cell
ZEB2,0.002445110926978039,3.4073291597474356,0.555,0.539,1,Memory B cell
CHD3,0.0024465909259834963,-0.3498620240698389,0.284,0.268,1,Memory B cell
SMCHD1,0.0024506739624810597,0.6695673697017845,0.858,0.859,1,Memory B cell
C8orf33,0.0024608773271062537,0.3961634072400161,0.167,0.153,1,Memory B cell
RPA2,0.0024847426104788735,0.20400676025819053,0.236,0.225,1,Memory B cell
PPIA,0.002485042030741347,-17.521192478045727,0.591,0.572,1,Memory B cell
NDUFB9,0.0024927957823245744,-10.393016721642015,0.414,0.394,1,Memory B cell
PLBD1,0.0024953581445870624,-0.6893980597646698,0.047,0.039,1,Memory B cell
ADRB2,0.002498245537184792,1.1521232114275257,0.251,0.242,1,Memory B cell
CHTF18,0.002508378464478884,0.3364870156796149,0.032,0.025,1,Memory B cell
UXT,0.002510237886720155,0.8363545457134229,0.728,0.722,1,Memory B cell
SYNGR2,0.0025246048866633163,-2.2753226734895016,0.911,0.906,1,Memory B cell
ITK,0.0025444960811359953,0.8319413151035663,0.033,0.026,1,Memory B cell
KTN1,0.0025581694465940667,0.18972975222002675,0.36,0.349,1,Memory B cell
APBB1IP,0.0025640616849791414,0.31714847692467174,0.838,0.832,1,Memory B cell
CPT2,0.0025641424782303717,0.25540175262974074,0.094,0.082,1,Memory B cell
ZNF282,0.0025659411516465256,0.1333318055890529,0.1,0.088,1,Memory B cell
GRK2,0.0025714417457685895,5.114851511711366,0.805,0.796,1,Memory B cell
SP140L,0.002574336735319741,-0.31053957225198703,0.618,0.604,1,Memory B cell
C21orf91,0.0025844109485139693,0.2794775043946993,0.253,0.243,1,Memory B cell
PNRC1,0.002586174030110996,1.9820821510053008,0.991,0.992,1,Memory B cell
PAQR8,0.0025863913643758914,0.1795291488168358,0.095,0.083,1,Memory B cell
ETFB,0.002640561717440106,0.3178997225400595,0.228,0.213,1,Memory B cell
MRFAP1L1,0.0026536047139878714,0.1250594569129878,0.256,0.239,1,Memory B cell
DHX15,0.0026539842654315963,0.19531575313132965,0.519,0.502,1,Memory B cell
IKBKB,0.002657111459818253,-0.10258123510941797,0.656,0.651,1,Memory B cell
NDUFA7,0.002660334437929172,0.12325689870256706,0.195,0.18,1,Memory B cell
TASOR,0.0026614986312626255,0.2861607213978221,0.627,0.624,1,Memory B cell
NUDT2,0.002675874283982016,0.10880531903351942,0.146,0.131,1,Memory B cell
BABAM2,0.0026971508207076357,-0.12293271073413525,0.194,0.179,1,Memory B cell
E2F4,0.002708620840018088,0.36790156052300893,0.333,0.319,1,Memory B cell
ACTR1B,0.002719761468502449,0.1832951342471898,0.345,0.333,1,Memory B cell
C2CD3,0.0027210127766222106,0.2033684218364984,0.232,0.215,1,Memory B cell
CCDC88C,0.0027241781961952673,0.34684519323444984,0.653,0.638,1,Memory B cell
TRAK2,0.0027758947172896657,0.47737105742337427,0.178,0.17,1,Memory B cell
GK5,0.002786094784394862,0.2908054496234498,0.093,0.082,1,Memory B cell
FBXO30,0.0027923248077410573,0.14199013330268762,0.14,0.127,1,Memory B cell
PSMC4,0.0027953855728238904,0.1758993067330521,0.208,0.197,1,Memory B cell
MVB12B,0.0028113134283616324,0.1603812864307832,0.016,0.017,1,Memory B cell
BTBD2,0.0028187070380872982,0.28315468569633584,0.476,0.463,1,Memory B cell
IFNAR2,0.002823871404197111,0.5389521261364683,0.421,0.403,1,Memory B cell
DBNL,0.002832908364743325,-0.3989958106139593,0.804,0.794,1,Memory B cell
S100A4,0.0028546435153937568,-32.609406236811715,0.477,0.464,1,Memory B cell
ZNF649,0.0028612109562199364,0.15961255917083905,0.082,0.071,1,Memory B cell
KLRB1,0.00286959792924957,29.78624755086143,0.03,0.026,1,Memory B cell
LAMTOR4,0.002889787489931106,0.2776883928224363,0.646,0.628,1,Memory B cell
C14orf119,0.0029042950169941286,0.161859881756651,0.242,0.225,1,Memory B cell
HADHA,0.0029571038292650555,-1.0299841848092175,0.589,0.573,1,Memory B cell
TIMM8B,0.002976492825839794,0.33709731190305114,0.167,0.152,1,Memory B cell
C19orf25,0.0029867769792707136,0.11942548609279635,0.186,0.171,1,Memory B cell
DHX33,0.002988495515873393,0.211500441220559,0.115,0.105,1,Memory B cell
PARP12,0.002990815834588733,0.5664416940644807,0.478,0.458,1,Memory B cell
KLF3,0.0029939764960192814,-0.13344375699217448,0.347,0.338,1,Memory B cell
IGF2BP3,0.0030256545947621384,1.2790524349113879,0.051,0.042,1,Memory B cell
SRSF11,0.003042531902817509,0.12966607580561462,0.368,0.349,1,Memory B cell
POLR1G,0.003052378710056331,0.5033444828963161,0.034,0.027,1,Memory B cell
PIGO,0.003053912280076475,0.5118703582965445,0.081,0.073,1,Memory B cell
TSPAN14,0.003057772364048263,-0.12143105530095233,0.165,0.152,1,Memory B cell
IFI44,0.003059130854654725,5.431998702468319,0.144,0.131,1,Memory B cell
RRBP1,0.0030791249900585255,0.33748231835768516,0.044,0.052,1,Memory B cell
ZNF433,0.0030931583472598155,-0.7303750583322968,0.007,0.011,1,Memory B cell
WDR35,0.003094687024054651,0.13875482229859726,0.089,0.08,1,Memory B cell
SGPP1,0.003110429942670377,1.913075113297798,0.618,0.604,1,Memory B cell
NDUFAB1,0.003125598170649154,1.3147990455546603,0.268,0.251,1,Memory B cell
NFX1,0.00312872266323777,-0.3498146506704338,0.551,0.551,1,Memory B cell
DMXL1,0.003131179467734013,2.7960388004011474,0.574,0.563,1,Memory B cell
POLR2D,0.0031400266861036676,0.20277323431114658,0.173,0.158,1,Memory B cell
ABCA1,0.003140667925819869,0.13627970157890434,0.177,0.159,1,Memory B cell
SH3KBP1,0.003147190470279124,1.6413669820641346,0.457,0.438,1,Memory B cell
DHX58,0.0032222182140029566,0.32929181264605645,0.147,0.134,1,Memory B cell
ACADM,0.003232285983167057,0.23842464362755988,0.371,0.376,1,Memory B cell
ZNF638,0.0032627197557651834,0.12608892348487344,0.553,0.538,1,Memory B cell
CD80,0.0032712055549611696,0.27654973138444605,0.271,0.269,1,Memory B cell
BCCIP,0.0032849393235760724,0.547805365735193,0.371,0.36,1,Memory B cell
RASSF5,0.003285816794702755,0.2761089738052065,0.516,0.502,1,Memory B cell
CTSS,0.0033163284928011626,5.254037100852443,0.917,0.912,1,Memory B cell
SFXN4,0.0033229116550974975,0.1443415073129315,0.091,0.079,1,Memory B cell
ACTN1,0.003334876050150745,1.2280860468695391,0.026,0.02,1,Memory B cell
TTI2,0.003367883404304546,0.11896798502230688,0.073,0.065,1,Memory B cell
OSBPL9,0.0033704480257305976,-0.7371001347954071,0.389,0.371,1,Memory B cell
PROSER3,0.0033757415081155148,-0.2694257531680715,0.089,0.099,1,Memory B cell
FBL,0.003401193947439669,0.24916321836972366,0.505,0.488,1,Memory B cell
CXCR4,0.0034103840892975184,34.595729898463574,0.819,0.831,1,Memory B cell
CCNDBP1,0.003429702854454041,0.4400476407321019,0.584,0.58,1,Memory B cell
GMPPB,0.003437500104527382,0.18064833766428445,0.169,0.155,1,Memory B cell
ZNF480,0.0034730103968743753,0.10739117460472469,0.169,0.156,1,Memory B cell
PARP14,0.0034867268108962723,5.073297488735404,0.761,0.747,1,Memory B cell
CAPN1,0.0034880567260333647,-1.001130291551421,0.59,0.577,1,Memory B cell
IGHG1,0.0035434134836670275,Inf,0.707,0.694,1,Memory B cell
ALDH3A2,0.0035514882156931537,0.16534555343033755,0.232,0.215,1,Memory B cell
HIRIP3,0.003551500586768312,0.18286027708891783,0.08,0.07,1,Memory B cell
ALG6,0.003555837133942804,0.16061347030991935,0.216,0.201,1,Memory B cell
LINS1,0.003574653748297053,0.3975436143389436,0.21,0.196,1,Memory B cell
BROX,0.0035863567903001024,0.2285213495874748,0.255,0.239,1,Memory B cell
CEMIP2,0.003590136599858933,0.16149340379359312,0.124,0.115,1,Memory B cell
CRBN,0.003593915173196845,0.746870798546184,0.343,0.331,1,Memory B cell
ATP8B2,0.003596349451565846,0.20635138800739372,0.25,0.232,1,Memory B cell
SEL1L3,0.0035984501040159387,-1.1081561037669267,0.869,0.867,1,Memory B cell
MT-CO1,0.0036003226208649666,-82.18177761299529,0.998,0.996,1,Memory B cell
NUDT3,0.003606279745313972,-0.312681604956937,0.474,0.455,1,Memory B cell
EIF1,0.003608823232940866,5.222256602699231,0.929,0.934,1,Memory B cell
IFFO2,0.003610406751380289,0.30151346141345653,0.194,0.183,1,Memory B cell
DDB1,0.003612311992248731,-2.907548272431973,0.219,0.205,1,Memory B cell
DCAF4,0.003622764499112578,0.17359600237689088,0.192,0.184,1,Memory B cell
ARFGEF1,0.003626688739746343,0.20689690121182402,0.248,0.231,1,Memory B cell
ARL6IP6,0.003639060840197728,0.12442352683753888,0.193,0.18,1,Memory B cell
ZNF680,0.003656736890318229,0.14256991813694286,0.275,0.258,1,Memory B cell
CD14,0.003666594716947166,-3.309973835396071,0.036,0.029,1,Memory B cell
KIAA0319L,0.0036671693580133317,0.14276417459471147,0.195,0.181,1,Memory B cell
EIF4G3,0.003680706789458469,0.1874449652302328,0.45,0.435,1,Memory B cell
TXNRD2,0.003707965173880693,0.11402122793276825,0.172,0.158,1,Memory B cell
GTF2H1,0.003708717969014977,0.10933631147952133,0.289,0.272,1,Memory B cell
MAP2K3,0.003725784467728755,2.112109442543322,0.467,0.45,1,Memory B cell
GEMIN4,0.0037300154671781375,0.17261950770053724,0.146,0.132,1,Memory B cell
ZNF623,0.0037454777869448553,0.18251283522439943,0.24,0.228,1,Memory B cell
SSR2,0.003753200408415269,2.962229855140947,0.698,0.682,1,Memory B cell
TAF1D,0.0037573883582309757,0.1572114655370025,0.607,0.596,1,Memory B cell
LARP7,0.003758704240998805,0.16240630179600313,0.326,0.311,1,Memory B cell
SS18,0.003766046727225701,0.26188282438013083,0.309,0.296,1,Memory B cell
DDX17,0.003800421933090064,0.2226433414111142,0.809,0.801,1,Memory B cell
SLC16A7,0.003803485588571762,0.1310839627311564,0.209,0.19,1,Memory B cell
APOL3,0.0038055036228982504,-0.38152444850039846,0.24,0.226,1,Memory B cell
OGDH,0.003819142176489791,-0.7275292273896847,0.341,0.33,1,Memory B cell
STRADA,0.0038249952747197234,0.10571199225036332,0.195,0.179,1,Memory B cell
ARFIP1,0.0038342028203052856,0.19922108542804645,0.214,0.199,1,Memory B cell
APAF1,0.003869581772584284,0.17444474894062678,0.326,0.318,1,Memory B cell
UTP20,0.0038761878307162754,0.2788851272648105,0.088,0.077,1,Memory B cell
DPYD,0.0038987775861923334,1.7873742840393703,0.172,0.161,1,Memory B cell
CNBP,0.003956661956510521,1.2039030129636563,0.707,0.695,1,Memory B cell
PCED1B,0.00398168877144559,0.8389196059032367,0.357,0.34,1,Memory B cell
CLDND1,0.004018014811739514,-2.0613828663531084,0.485,0.468,1,Memory B cell
ORMDL2,0.004034480957094989,0.19472857864453133,0.25,0.237,1,Memory B cell
FBXO8,0.004048795222884741,0.1298412869671719,0.136,0.124,1,Memory B cell
NHP2,0.004055939960589461,11.657755852515718,0.475,0.457,1,Memory B cell
FAM50B,0.004058301522151783,0.3377595441079535,0.077,0.066,1,Memory B cell
CASS4,0.004095476309890822,0.6233119086018988,0.01,0.007,1,Memory B cell
ANXA11,0.004101199639174369,0.34824463789853866,0.779,0.764,1,Memory B cell
IAH1,0.004104696654246598,0.17863139214699975,0.343,0.327,1,Memory B cell
AGER,0.00410868223299579,0.17072938040208174,0.12,0.108,1,Memory B cell
GLYCTK,0.004119917184138314,0.20341364434345338,0.237,0.22,1,Memory B cell
ZNF227,0.004127799000162477,0.23004285656185286,0.142,0.13,1,Memory B cell
SNRNP40,0.0041315250902133815,0.6893684830441171,0.357,0.348,1,Memory B cell
CEPT1,0.004147433976866074,2.528115231212567,0.597,0.579,1,Memory B cell
VPS36,0.0041494922185430685,-0.2560443805569015,0.447,0.427,1,Memory B cell
UNC45A,0.0041501910470993905,0.18019306967025628,0.114,0.101,1,Memory B cell
ZWILCH,0.004179489620177169,0.2346143346847298,0.066,0.057,1,Memory B cell
KICS2,0.004201443301149936,0.15498243775168574,0.116,0.104,1,Memory B cell
TRIM14,0.0042018569495117265,0.29182279555674434,0.225,0.217,1,Memory B cell
RPAP3,0.004205873158982747,1.184807803349345,0.383,0.369,1,Memory B cell
GEMIN6,0.004214603719711152,0.41672976220859836,0.116,0.104,1,Memory B cell
TUBB6,0.00421618880247374,0.2716691976145187,0.108,0.099,1,Memory B cell
PPAN,0.004220139296265952,0.15916889554920988,0.125,0.112,1,Memory B cell
KLHDC4,0.004220378876205878,0.1482503261240076,0.241,0.231,1,Memory B cell
RMI1,0.004222736605150845,0.20338149144265882,0.1,0.088,1,Memory B cell
RNF145,0.00423242034759658,0.18727201678642602,0.213,0.196,1,Memory B cell
NDUFS1,0.004240326259239872,0.36989362751877203,0.229,0.215,1,Memory B cell
SNX8,0.004248870050036375,0.3378696828323241,0.275,0.259,1,Memory B cell
ZNF613,0.004255904000606612,0.2250931226264261,0.043,0.036,1,Memory B cell
CYB5B,0.00426296529261073,-0.17979037797097153,0.349,0.333,1,Memory B cell
RUVBL2,0.004275369833238125,0.14213069178922622,0.098,0.086,1,Memory B cell
EHD3,0.004282749346751517,7.118850784978287,0.376,0.359,1,Memory B cell
KDM5A,0.00431411327759197,0.10196230049603916,0.357,0.343,1,Memory B cell
NR2C2AP,0.004325949730691927,0.24061566792037614,0.11,0.098,1,Memory B cell
ASB8,0.004334401671139926,0.12025886842683225,0.289,0.274,1,Memory B cell
ZNF69,0.004337170314671908,0.2342925217952958,0.022,0.017,1,Memory B cell
CAPN2,0.004338939064593893,8.21609907916756,0.632,0.614,1,Memory B cell
CDC123,0.004367635478575103,-2.3421749870281157,0.473,0.463,1,Memory B cell
GTF3C2,0.004378265279463054,0.2992688132927386,0.27,0.258,1,Memory B cell
TRAF1,0.004392484734641204,0.3296490157751588,0.096,0.09,1,Memory B cell
MMP24OS,0.004404659025244957,0.20148215483638393,0.272,0.264,1,Memory B cell
ATP5PD,0.004406334928995178,-0.706770217602103,0.316,0.303,1,Memory B cell
SLC30A6,0.004476370215042346,0.18102575205423488,0.158,0.145,1,Memory B cell
G2E3,0.004481193723676575,0.10390808561202547,0.205,0.19,1,Memory B cell
NIBAN3,0.004511248863127219,2.8106491515050678,0.808,0.803,1,Memory B cell
SMC6,0.004538383233515238,-1.9274938490513502,0.606,0.598,1,Memory B cell
C11orf68,0.004548648848672412,0.1844094191343245,0.253,0.242,1,Memory B cell
MSTO1,0.004550385875559363,0.3100045241967193,0.274,0.258,1,Memory B cell
CEP44,0.004566415394351329,0.23574589542488855,0.194,0.18,1,Memory B cell
AOAH,0.004580702622099797,0.521498918767326,0.037,0.032,1,Memory B cell
BACE2,0.004604599992445303,1.8148469122582278,0.342,0.327,1,Memory B cell
C7orf50,0.004612721539917817,0.25754478401978087,0.183,0.165,1,Memory B cell
DNMT3A,0.004616475599400767,0.291836650267026,0.222,0.212,1,Memory B cell
TOMM70,0.004618639678927667,0.6804081826040407,0.32,0.304,1,Memory B cell
MACF1,0.004663562477905018,-0.12615089395559664,0.46,0.448,1,Memory B cell
TCF25,0.004673849154813076,0.42690355167696525,0.555,0.536,1,Memory B cell
ATG2B,0.004692050156112718,0.13306719842120274,0.218,0.204,1,Memory B cell
HERC3,0.004692109295576094,-0.39996603340794357,0.481,0.475,1,Memory B cell
PSME3IP1,0.004721654368389833,0.12605279770310096,0.218,0.203,1,Memory B cell
MYL9,0.0047271136437964795,6.399757154583675,0.021,0.017,1,Memory B cell
FERMT3,0.00473872486838202,-1.2475484350041883,0.444,0.427,1,Memory B cell
MAP7D3,0.004743182765781922,0.19136971471987807,0.147,0.133,1,Memory B cell
HMGN3,0.004757482765079363,0.2407184976740706,0.383,0.371,1,Memory B cell
CCDC117,0.004771724025280558,-0.8630904120649499,0.201,0.188,1,Memory B cell
MARCHF1,0.004776812981376218,-2.1909460698616856,0.821,0.808,1,Memory B cell
NSMCE4A,0.004803911594805554,0.16922727922778125,0.373,0.358,1,Memory B cell
TRUB1,0.004804239009520958,0.2365667071892681,0.152,0.142,1,Memory B cell
E2F1,0.004805939617650678,0.12892442471947607,0.033,0.027,1,Memory B cell
POLR1H,0.0048213443133449515,0.2454444181078006,0.148,0.138,1,Memory B cell
CYTH4,0.0048296715839909535,1.3309647952754178,0.58,0.568,1,Memory B cell
PIGK,0.004834314035532726,0.12458373460548233,0.186,0.178,1,Memory B cell
FLNA,0.004884066974525427,-3.312513080287527,0.723,0.719,1,Memory B cell
AGTRAP,0.00489561372679252,0.6027225211969003,0.126,0.113,1,Memory B cell
TRDMT1,0.004907666620534011,0.40880492266895885,0.166,0.151,1,Memory B cell
HTATIP2,0.0049156182378000905,0.1803548833482902,0.237,0.221,1,Memory B cell
SF3B4,0.00493858002419443,0.32017195923845915,0.337,0.319,1,Memory B cell
H3-3A,0.0049595399238586396,0.49884392415701484,0.792,0.779,1,Memory B cell
CPSF7,0.005021295105575046,0.1960194208692123,0.527,0.534,1,Memory B cell
SAMSN1,0.005039896496297263,0.1362681047791055,0.28,0.264,1,Memory B cell
BEND3,0.0050837278778751716,-0.14325665056207537,0.016,0.014,1,Memory B cell
RPRD2,0.005092309828166577,0.21041876335667542,0.483,0.469,1,Memory B cell
TRBC1,0.0051045082952875485,27.90138929480584,0.044,0.037,1,Memory B cell
ICA1L,0.005155453870681145,0.3321010449696997,0.054,0.048,1,Memory B cell
PSMA5,0.005160752063786616,0.20291498731038438,0.098,0.089,1,Memory B cell
MAGEH1,0.005189531772380804,0.12953485779673923,0.148,0.133,1,Memory B cell
DYNC2I1,0.005220521443883269,0.19410619933707962,0.129,0.116,1,Memory B cell
MAK16,0.0052358154166341625,0.11023323490418013,0.164,0.152,1,Memory B cell
HLCS,0.005256154087191751,0.18897848931257322,0.089,0.078,1,Memory B cell
HMGB2,0.005273902619083209,10.121912573982826,0.304,0.286,1,Memory B cell
PHOSPHO2,0.005304078018694154,0.23186074189362005,0.092,0.082,1,Memory B cell
YBX3,0.005308674597885642,0.4732888509996247,0.12,0.112,1,Memory B cell
SNAP29,0.005322679234943228,0.1593234898702165,0.192,0.178,1,Memory B cell
MGLL,0.005330667277668339,0.3242697870597788,0.03,0.023,1,Memory B cell
VPS45,0.0053550120370253395,0.193645170031419,0.369,0.353,1,Memory B cell
COL6A2,0.005367290255266715,6.053586390291035,0.01,0.006,1,Memory B cell
EMD,0.005370512403986314,0.12602679072132605,0.36,0.344,1,Memory B cell
CIRBP,0.005392095437222791,-1.082947456545675,0.826,0.81,1,Memory B cell
HMBS,0.0053973876104149755,0.4591392533235088,0.047,0.043,1,Memory B cell
DDX55,0.005412276940028984,0.25086848086300184,0.208,0.196,1,Memory B cell
ADAMTS6,0.00542022165600457,0.1082026588353413,0.072,0.064,1,Memory B cell
NEMP1,0.005460088484575936,0.219508235736656,0.179,0.167,1,Memory B cell
EXOSC8,0.005461237037626784,0.26700200806907975,0.261,0.244,1,Memory B cell
SAMD3,0.005482273377243233,0.9882224192998178,0.045,0.041,1,Memory B cell
RTN4IP1,0.005595397955801277,0.175297813832767,0.106,0.094,1,Memory B cell
ARHGEF3,0.005598853305090741,0.21165668334192222,0.307,0.29,1,Memory B cell
CNP,0.005606276564456186,-3.0162573198490605,0.256,0.252,1,Memory B cell
MPND,0.005623788875779763,-0.14565485351047158,0.053,0.052,1,Memory B cell
PRAF2,0.005625841804490731,0.16049122133439653,0.159,0.146,1,Memory B cell
GCC2,0.00565959897203045,-0.40685789860191,0.338,0.32,1,Memory B cell
TUBD1,0.005698868344672132,0.20866573028509006,0.135,0.122,1,Memory B cell
SGCB,0.005708093048812195,0.1076445944662141,0.092,0.081,1,Memory B cell
CIDEB,0.005713793758764684,0.1505506616439063,0.109,0.098,1,Memory B cell
TRAPPC11,0.005717427772313732,0.13200072223532267,0.252,0.236,1,Memory B cell
SMYD4,0.0057232401182913525,0.24404748020599565,0.198,0.182,1,Memory B cell
C1GALT1C1,0.005731315236303229,0.21381938558283142,0.127,0.114,1,Memory B cell
TC2N,0.005757719110284841,-2.035515178261755,0.161,0.158,1,Memory B cell
TANGO2,0.005783339433427252,0.1872212312407434,0.25,0.233,1,Memory B cell
DGKA,0.005891398323955212,2.7087696703478947,0.522,0.506,1,Memory B cell
SLC7A7,0.0059177614018846685,0.24447756150691213,0.224,0.206,1,Memory B cell
ROCK1,0.005928184000391509,0.5939671833822073,0.58,0.563,1,Memory B cell
CCDC137,0.005929833263572594,0.2452954765602291,0.092,0.082,1,Memory B cell
POLR2H,0.005947034287666228,0.3749057147890321,0.269,0.252,1,Memory B cell
ZNF266,0.005954846493583995,0.4487910293837041,0.376,0.363,1,Memory B cell
SNX6,0.005971856303030873,-0.4845620873190928,0.497,0.485,1,Memory B cell
ALDH5A1,0.005977952858827214,-0.18837609066068675,0.246,0.233,1,Memory B cell
ASF1A,0.006003441550897674,0.1876764837597024,0.244,0.226,1,Memory B cell
ERMAP,0.006013102610704599,0.2396641217151223,0.048,0.041,1,Memory B cell
SLC16A1,0.0060250871466829,0.4046584719323072,0.084,0.078,1,Memory B cell
ATIC,0.006028253255249185,7.144458705077305,0.415,0.401,1,Memory B cell
SPAG7,0.006047104810326683,-0.39875736831251907,0.322,0.307,1,Memory B cell
GYPC,0.006052861267917576,-0.9859582140893615,0.382,0.373,1,Memory B cell
PCSK7,0.006060332742246095,0.29999361987728257,0.549,0.533,1,Memory B cell
RNPEPL1,0.006089551954854986,0.5398866868226397,0.581,0.569,1,Memory B cell
CLASRP,0.006093133324014521,0.36395305058000993,0.658,0.643,1,Memory B cell
CD79A,0.006098074472115452,-54.70177974211094,0.996,0.995,1,Memory B cell
PCYOX1,0.006103745487359912,0.11494979631414015,0.099,0.088,1,Memory B cell
GMPPA,0.00610724118906066,0.25978457573118163,0.094,0.088,1,Memory B cell
KLRC4,0.006114891705800676,1.4251725299447493,0.013,0.009,1,Memory B cell
TUFM,0.0061304750468107036,-11.809217538501674,0.528,0.516,1,Memory B cell
MCTP2,0.0061947668060321915,-0.18631531373333599,0.325,0.336,1,Memory B cell
SDHB,0.006218710329183297,0.12141426758312268,0.405,0.391,1,Memory B cell
USF2,0.00623115079924752,0.2647134779808953,0.685,0.674,1,Memory B cell
EXOC4,0.006243976994181038,0.11619617518980668,0.32,0.304,1,Memory B cell
FOXP1,0.006244868002890953,19.471241529805248,0.818,0.815,1,Memory B cell
ACLY,0.006273037168401421,0.2639878400349138,0.181,0.167,1,Memory B cell
PAFAH1B1,0.006290308868089383,-0.39343443342297,0.624,0.618,1,Memory B cell
MAT2B,0.006300062637363241,0.6563432819531414,0.623,0.613,1,Memory B cell
TAPT1,0.006300916082041081,0.47998781446661093,0.223,0.221,1,Memory B cell
DDIAS,0.006302018315411506,-0.8758283117292975,0.051,0.055,1,Memory B cell
PXK,0.006310939552083045,-4.572992795700882,0.571,0.556,1,Memory B cell
COTL1,0.006315275813956107,-9.439153388362278,0.755,0.742,1,Memory B cell
TDP2,0.006332913875752997,0.16124905160571573,0.262,0.247,1,Memory B cell
OGT,0.006335991037462667,8.351550907923993,0.81,0.807,1,Memory B cell
CRYL1,0.006419745355709707,0.20395899300745834,0.106,0.096,1,Memory B cell
SUMO3,0.0064207793436614645,0.2467498581618952,0.485,0.467,1,Memory B cell
ISOC1,0.0064444471497230316,-0.11012238410129238,0.11,0.106,1,Memory B cell
DEAF1,0.0064509488407832605,0.19285581772150306,0.175,0.161,1,Memory B cell
YWHAG,0.006460488034249194,0.2040270268750335,0.151,0.139,1,Memory B cell
KRAS,0.006464060982496745,-0.24449980557947038,0.371,0.393,1,Memory B cell
F13A1,0.00648094419281477,6.233578059459793,0.016,0.014,1,Memory B cell
UBE2W,0.006497526304441197,0.24021324934414154,0.268,0.265,1,Memory B cell
IER3IP1,0.0065124854159855075,0.12742061611415467,0.096,0.085,1,Memory B cell
NCK1,0.006545978126230255,0.18447275900201834,0.309,0.293,1,Memory B cell
ADAM8,0.006560267553293918,1.23634124887423,0.343,0.329,1,Memory B cell
ITGB3,0.006567843961741573,10.165516562711053,0.02,0.017,1,Memory B cell
TMEM25,0.006595411341903989,-0.1907732675175553,0.039,0.039,1,Memory B cell
NCAPD2,0.006597497097928475,13.425207891634077,0.227,0.211,1,Memory B cell
MFN1,0.006622160218458385,0.38281914724112553,0.375,0.358,1,Memory B cell
SH3BGRL,0.006634412532815922,-1.0050980096071722,0.806,0.803,1,Memory B cell
NSUN6,0.006645766693223519,0.11012181191685773,0.248,0.231,1,Memory B cell
RALGAPA1,0.006683202986636278,0.12540222912584376,0.186,0.172,1,Memory B cell
SPTLC1,0.006692749765995746,0.19279966155968942,0.173,0.161,1,Memory B cell
ETAA1,0.006721100314575493,0.10027057908697756,0.15,0.137,1,Memory B cell
P3H4,0.006730009110134229,0.805959852345155,0.012,0.009,1,Memory B cell
PTPRC,0.006774081476472171,2.5505829420144837,0.78,0.767,1,Memory B cell
YWHAB,0.006782108234600397,0.17888933992968115,0.147,0.133,1,Memory B cell
NOP14,0.006822484739811646,0.14548492525459694,0.308,0.294,1,Memory B cell
SUSD1,0.0068555174040325125,0.3357029919214858,0.074,0.067,1,Memory B cell
NUP58,0.006878816583929923,0.2471656030458098,0.197,0.182,1,Memory B cell
PDCD11,0.006908592940695267,0.10298412710283245,0.159,0.145,1,Memory B cell
RILPL2,0.006926991970309885,0.12164279930131938,0.341,0.323,1,Memory B cell
PRMT9,0.006995810388488861,0.26574260065685196,0.12,0.108,1,Memory B cell
PDLIM1,0.007013281110775208,-11.141929738002471,0.512,0.502,1,Memory B cell
SNAPIN,0.007021641913953581,-0.44571154630516097,0.182,0.168,1,Memory B cell
KLHL29,0.007032625446906825,0.4709664636275468,0.018,0.014,1,Memory B cell
KEAP1,0.007044975072605535,0.25700830210872017,0.111,0.105,1,Memory B cell
ANKRD44,0.007048812341947534,-0.6456148338632959,0.734,0.73,1,Memory B cell
CAT,0.007060171431597588,-0.2944916890118612,0.46,0.446,1,Memory B cell
CTPS2,0.007099155150357051,0.22581928671512452,0.085,0.074,1,Memory B cell
EEF1B2,0.007105535252404927,-7.906860285642109,0.903,0.904,1,Memory B cell
MDM4,0.007122210373044953,4.614665050363122,0.934,0.936,1,Memory B cell
GPATCH2,0.007169580211773663,0.1612336902531264,0.15,0.138,1,Memory B cell
FANCF,0.007172429917162783,0.15511968765504186,0.218,0.204,1,Memory B cell
KLF9,0.007223813950657592,-0.2065588425978171,0.175,0.19,1,Memory B cell
PSMD10,0.007270624729888908,0.13410372542000693,0.205,0.191,1,Memory B cell
TRAPPC2L,0.007280156817097331,0.290178015280838,0.153,0.142,1,Memory B cell
PPP1R15A,0.007300982043435527,1.3405139961611905,0.413,0.436,1,Memory B cell
TBC1D10B,0.007316788988802192,0.16695043226068074,0.175,0.162,1,Memory B cell
TNFAIP8,0.007322874619968884,-2.908491042551878,0.831,0.819,1,Memory B cell
NMB,0.007328963823524726,-0.2777984920721406,0.036,0.035,1,Memory B cell
RBM4B,0.007359026429499602,0.10330696230117642,0.099,0.089,1,Memory B cell
B4GALT1,0.00738930441108078,-15.099387759718983,0.795,0.788,1,Memory B cell
PRPF38B,0.007394758538829265,-0.12714648087942892,0.547,0.535,1,Memory B cell
CUEDC2,0.007398375106274441,0.2046803605072408,0.194,0.183,1,Memory B cell
VDAC3,0.007431054262491508,0.14688672191794672,0.254,0.239,1,Memory B cell
SYMPK,0.007432194178013268,0.12813454216449194,0.417,0.41,1,Memory B cell
PER1,0.007452362028289228,-0.23561112890782332,0.126,0.136,1,Memory B cell
ARPC4,0.0074700291523538236,-0.632630366070206,0.585,0.574,1,Memory B cell
RAB3GAP1,0.007470188112437496,0.22399351816442015,0.511,0.494,1,Memory B cell
POLR3E,0.007511330316990687,0.16963062992899647,0.162,0.148,1,Memory B cell
TBC1D23,0.0075222364218758345,0.14130038439303383,0.152,0.139,1,Memory B cell
SMIM13,0.007545227610829136,0.1948636693070478,0.049,0.042,1,Memory B cell
CCDC138,0.007564200567629157,-0.360053467375655,0.104,0.093,1,Memory B cell
EXOSC4,0.007568702696655884,0.23392439776631413,0.079,0.069,1,Memory B cell
ZNF140,0.007569167766842024,0.1484328648568578,0.121,0.108,1,Memory B cell
VPS37B,0.007574990936470302,0.2981671779192813,0.331,0.313,1,Memory B cell
HADH,0.007634716048849528,1.1195718883875163,0.254,0.247,1,Memory B cell
ITGB1,0.0076659431794123606,1.2522850264583365,0.277,0.262,1,Memory B cell
TUBA4A,0.007665951173150244,0.2806999848343843,0.377,0.358,1,Memory B cell
PCK2,0.0077118560873995256,0.16819148253318517,0.162,0.148,1,Memory B cell
UBLCP1,0.007718787480561795,0.833281840756362,0.357,0.34,1,Memory B cell
WTAP,0.0077239956176417025,0.10358030094559612,0.265,0.249,1,Memory B cell
ITGA3,0.007775654762962492,0.1463735092790417,0.044,0.036,1,Memory B cell
RUSF1,0.0077856105407326775,0.1770774539718285,0.295,0.285,1,Memory B cell
TMEM39B,0.0077885259196514775,0.17064531440430963,0.15,0.137,1,Memory B cell
ANKRD46,0.007788707453810574,0.1709346902468929,0.105,0.096,1,Memory B cell
ANXA4,0.007841292268253142,0.3757608540346915,0.388,0.376,1,Memory B cell
VPS35L,0.007874166044464823,0.18513687430451997,0.316,0.306,1,Memory B cell
TNPO1,0.007893599129527229,0.20528462710875672,0.132,0.12,1,Memory B cell
ZBTB6,0.007897695812708546,0.16325930462784854,0.158,0.145,1,Memory B cell
ATF6,0.007936900467214517,0.1309220673637998,0.341,0.333,1,Memory B cell
TIMM9,0.007967301442465697,-0.18504113390387933,0.32,0.307,1,Memory B cell
TAF12,0.007991070287305833,0.17851023532641153,0.201,0.186,1,Memory B cell
FLVCR1,0.007997501651380507,0.13969513627537555,0.143,0.131,1,Memory B cell
MTF2,0.0080468008575119,0.19293819169298265,0.255,0.24,1,Memory B cell
LPGAT1,0.008053906389739646,-0.21106058640292646,0.503,0.499,1,Memory B cell
MAP3K14,0.008056572160002374,0.14791201521845454,0.211,0.196,1,Memory B cell
DNASE1L1,0.008099221796770292,0.1962550499567025,0.172,0.16,1,Memory B cell
DAAM1,0.008108800898368504,0.5661708849112403,0.273,0.261,1,Memory B cell
LPXN,0.008142752777173978,0.1761736907896223,0.594,0.579,1,Memory B cell
TTC31,0.008218904875939067,0.1537289993563855,0.132,0.12,1,Memory B cell
PATJ,0.00824541939241949,0.19912130906484582,0.344,0.333,1,Memory B cell
SDE2,0.008252114382665453,0.1589955467951546,0.208,0.201,1,Memory B cell
BIRC3,0.008309030637705292,5.733893852733651,0.798,0.79,1,Memory B cell
GATD3,0.00830996368680053,-0.14922493871280687,0.283,0.267,1,Memory B cell
ARL10,0.008318554985680293,0.16350001479853438,0.095,0.085,1,Memory B cell
KLHL42,0.008327458941545915,0.21653452266672302,0.093,0.082,1,Memory B cell
RPA1,0.008350324171117153,1.189645547507505,0.367,0.349,1,Memory B cell
LRCH3,0.008381608393620208,0.2530471736432023,0.497,0.484,1,Memory B cell
SLC1A5,0.008399904796053957,1.601313669306041,0.225,0.21,1,Memory B cell
TPK1,0.008430030037615591,0.10581775358065881,0.18,0.165,1,Memory B cell
ELF1,0.008435232900348298,0.7502981230993013,0.782,0.77,1,Memory B cell
URI1,0.008474576649475958,0.21109303462677853,0.497,0.481,1,Memory B cell
GSTZ1,0.008490259718089432,0.24271214526523321,0.061,0.052,1,Memory B cell
NRGN,0.008541270255428238,1.489672201326627,0.038,0.031,1,Memory B cell
GBP3,0.008599563764463273,0.13670730755791793,0.11,0.099,1,Memory B cell
ARRDC3,0.008615909040464732,-1.3376045001530255,0.719,0.723,1,Memory B cell
ZSCAN26,0.008647904678273463,0.136242289486614,0.157,0.143,1,Memory B cell
PRKCQ,0.008650811871759779,0.8670472189722256,0.021,0.016,1,Memory B cell
RTN4,0.008700988818857029,0.10853628320874839,0.293,0.279,1,Memory B cell
UNC119B,0.008745809119703019,0.24283220081769952,0.122,0.11,1,Memory B cell
NIPSNAP1,0.008754528974593933,0.26837040048617755,0.117,0.106,1,Memory B cell
RTF2,0.0087733883427869,0.32482727467939365,0.424,0.412,1,Memory B cell
TBC1D14,0.008829366621280985,-0.10719560092272645,0.276,0.263,1,Memory B cell
FXYD5,0.008845469518053144,-8.522266548883422,0.926,0.928,1,Memory B cell
GPBP1L1,0.008889976758525106,0.1293027099984574,0.561,0.546,1,Memory B cell
SLC40A1,0.008899562376053504,0.7427312598579023,0.014,0.011,1,Memory B cell
VRK1,0.008904810771873236,0.15701220992864673,0.332,0.317,1,Memory B cell
PRMT2,0.008909001882038867,-0.7217965531503538,0.411,0.401,1,Memory B cell
RSPH3,0.00891074358611852,0.4134120478519452,0.037,0.032,1,Memory B cell
PEBP4,0.008960607957855603,0.35808772373762254,0.031,0.026,1,Memory B cell
TCF12,0.008972867711146892,0.17147353609958071,0.352,0.336,1,Memory B cell
CIAPIN1,0.008989665567622459,0.14726350704232982,0.114,0.103,1,Memory B cell
CDS2,0.009027397598245957,0.13581652145182915,0.338,0.326,1,Memory B cell
NAA10,0.009047176478971599,0.18505891543088038,0.184,0.175,1,Memory B cell
ST3GAL2,0.009051162301154037,0.10603518571667103,0.14,0.13,1,Memory B cell
EHD4,0.009055816231924403,0.23651848464132863,0.08,0.072,1,Memory B cell
MYSM1,0.009091393007203928,0.1447702041311294,0.389,0.38,1,Memory B cell
ZNF835,0.0091035457693765,0.17465042313585588,0.026,0.021,1,Memory B cell
ITPR2,0.00911130932871687,2.4056711706865768,0.533,0.519,1,Memory B cell
KLHDC10,0.009135242529966961,0.1849427226112822,0.181,0.171,1,Memory B cell
NUDT13,0.00914511992196311,0.4055310922275357,0.049,0.041,1,Memory B cell
LTB4R,0.00917850000896907,0.1691089655084803,0.097,0.087,1,Memory B cell
MTR,0.009268813505164593,0.22163391561567936,0.333,0.318,1,Memory B cell
CCDC174,0.009278851453641164,0.15891191189587595,0.164,0.151,1,Memory B cell
ZNF10,0.009337540732356393,0.26313160422775894,0.049,0.041,1,Memory B cell
WDR37,0.009372476507217436,0.1996941635645275,0.291,0.283,1,Memory B cell
ADIPOR2,0.009422155345080568,0.15394135139314402,0.12,0.109,1,Memory B cell
NLRP1,0.00944053557796113,0.7391217992007979,0.531,0.518,1,Memory B cell
NUDT21,0.009443209796939682,0.32895183641148257,0.347,0.33,1,Memory B cell
KRT10-AS1,0.009450874172499379,0.37309603657968493,0.037,0.031,1,Memory B cell
STAT1,0.009460273671894698,4.407736139215118,0.338,0.321,1,Memory B cell
TSPO,0.00947206414725988,-0.6396927421708454,0.235,0.225,1,Memory B cell
ATP6V1D,0.009474289663483808,-0.16415757500477635,0.164,0.155,1,Memory B cell
AHSA1,0.00948353360625318,12.156052734535297,0.448,0.447,1,Memory B cell
PKM,0.009500770232162658,13.50927589126007,0.303,0.287,1,Memory B cell
TMEM134,0.009511624592394676,0.12418214738195366,0.324,0.309,1,Memory B cell
ZC3H12D,0.00956133956553817,1.9328590768252103,0.496,0.483,1,Memory B cell
HIPK2,0.009586298801502014,1.0330969888513053,0.406,0.388,1,Memory B cell
NLRC3,0.009588992135691391,0.1398323708126583,0.35,0.335,1,Memory B cell
CTNNBL1,0.00958976908806021,0.14186327635688323,0.157,0.145,1,Memory B cell
AGAP2,0.00960413557747132,0.27288618812028553,0.203,0.191,1,Memory B cell
SLU7,0.009611532341065517,0.1465343654858826,0.403,0.391,1,Memory B cell
THAP5,0.009615407398524732,0.17089326386217285,0.218,0.204,1,Memory B cell
FAM229B,0.009657265682594734,0.37274300918137104,0.01,0.007,1,Memory B cell
EID2,0.009677851810791253,0.2421880770955922,0.127,0.117,1,Memory B cell
SETD1B,0.009688980966161722,0.4046855588609244,0.505,0.497,1,Memory B cell
DDX54,0.009690431333330463,0.5381821812247211,0.331,0.316,1,Memory B cell
HDGFL2,0.00969235425158808,-0.226584552905154,0.185,0.174,1,Memory B cell
PTGES2,0.009757712650072754,0.36970086332610497,0.399,0.39,1,Memory B cell
ERGIC1,0.009823046630894235,0.11728995728023195,0.166,0.152,1,Memory B cell
CEP83,0.00983798109582685,0.2653686253500613,0.206,0.194,1,Memory B cell
CELF1,0.009872319355221653,0.15748179368998683,0.628,0.634,1,Memory B cell
PSMB9,0.009874598785700961,-1.3760450688564276,0.717,0.703,1,Memory B cell
NDUFB1,0.009880833675968167,0.6331887440938558,0.237,0.225,1,Memory B cell
NRBP1,0.009882401877567861,0.7966870308761216,0.401,0.388,1,Memory B cell
TRMT5,0.009937889524650025,0.20824457175882083,0.073,0.065,1,Memory B cell
PCED1A,0.009971882852476792,0.31352360455549855,0.41,0.394,1,Memory B cell
ZFP69,0.009980698664845472,0.2905722694193069,0.057,0.05,1,Memory B cell
ZC3H18,0.009982665848995638,0.20184202311356866,0.292,0.28,1,Memory B cell
RALGAPB,0.009994172596283494,0.19076594372578515,0.388,0.379,1,Memory B cell
RFC5,0.01007012992541538,0.1476504567369652,0.061,0.053,1,Memory B cell
COQ10A,0.010085680237124955,0.26584890256840077,0.103,0.096,1,Memory B cell
ST6GAL1,0.010107042049586108,-9.407635635469312,0.85,0.843,1,Memory B cell
CD247,0.01011612788166119,1.401708175777322,0.074,0.064,1,Memory B cell
HECTD1,0.010117726411941955,0.1819052374355658,0.321,0.306,1,Memory B cell
EIF3L,0.010130824685064184,-3.2562828502052676,0.712,0.705,1,Memory B cell
UBIAD1,0.010234792472291943,0.19072055031315371,0.156,0.145,1,Memory B cell
GPR160,0.01024244897469052,0.45694995515874604,0.19,0.175,1,Memory B cell
ATP5ME,0.01025154155638819,-0.10138065804401364,0.357,0.34,1,Memory B cell
NFKBIL1,0.010331563432358037,0.12918862143716314,0.07,0.062,1,Memory B cell
CNOT2,0.010348776425429196,0.2006307859211709,0.396,0.385,1,Memory B cell
GET1,0.010350756696847494,0.21694770040351363,0.124,0.115,1,Memory B cell
TTC33,0.010361865664209007,0.12655973197881032,0.147,0.135,1,Memory B cell
ADAT2,0.01036298062613673,0.2594562786687953,0.188,0.182,1,Memory B cell
NOSIP,0.010371603134347335,0.4039340810587305,0.269,0.26,1,Memory B cell
TOPORS,0.01037321003064843,-0.22568100264660212,0.2,0.21,1,Memory B cell
STOML2,0.010404175330167836,-0.40557242650085834,0.252,0.237,1,Memory B cell
RAB4A,0.010410769378838865,0.26415925883512037,0.35,0.336,1,Memory B cell
CCDC51,0.010439374963726726,0.34293224095578,0.036,0.029,1,Memory B cell
NDUFS5,0.01044889284139403,0.1687805271455849,0.122,0.111,1,Memory B cell
CD37,0.010459743662278687,1.493064960207633,0.998,0.998,1,Memory B cell
ABHD10,0.010474217905462381,0.11962383007119375,0.281,0.265,1,Memory B cell
RAB35,0.010489503175630818,0.16797061268821556,0.26,0.246,1,Memory B cell
SEC61B,0.01052374130050081,-6.013050589502662,0.251,0.245,1,Memory B cell
TTL,0.010542608010518349,0.1546519593403256,0.184,0.178,1,Memory B cell
ARF5,0.010577756957287906,0.16964174083028305,0.135,0.123,1,Memory B cell
CIAO3,0.010593355976640193,0.18349922212466185,0.161,0.149,1,Memory B cell
CAMTA2,0.010622465141100044,0.14376752599024345,0.222,0.207,1,Memory B cell
NDUFA9,0.010635026249932948,-1.48514433082276,0.149,0.139,1,Memory B cell
CD200,0.010642309219816444,0.47598884777856953,0.141,0.132,1,Memory B cell
TNFRSF25,0.010659644986024702,0.22483068556379537,0.027,0.021,1,Memory B cell
SERPINF1,0.010670960373884613,0.307188607447872,0.034,0.029,1,Memory B cell
PIGU,0.010697765197401315,0.2795811383916429,0.08,0.07,1,Memory B cell
KNOP1,0.010799298800553742,0.15826297781084797,0.092,0.083,1,Memory B cell
AP3M1,0.010816174800484938,0.16269296115226906,0.247,0.234,1,Memory B cell
KCTD12,0.010923502857614717,0.26614416561186927,0.064,0.056,1,Memory B cell
KRTCAP3,0.01093328410914732,0.38046023131837314,0.037,0.032,1,Memory B cell
SLC39A7,0.010936390758815565,0.14698879156140698,0.114,0.104,1,Memory B cell
FMO4,0.010956729586260866,0.31081915377936076,0.032,0.026,1,Memory B cell
VPS13A,0.010968471908628067,0.12376828956437602,0.252,0.237,1,Memory B cell
GGCT,0.010972341808048533,0.11281630247669172,0.097,0.087,1,Memory B cell
VAMP8,0.010989176494698008,1.2994672160675513,0.557,0.547,1,Memory B cell
PLCG1,0.010999001283415561,0.6302482018386907,0.172,0.163,1,Memory B cell
ZC3HAV1,0.011010730421367465,-0.23873003701602258,0.622,0.64,1,Memory B cell
DUT,0.01105825284397066,2.8581878720687333,0.287,0.275,1,Memory B cell
ANKRD26,0.011060846227471716,0.19346669770327019,0.134,0.123,1,Memory B cell
HMGN5,0.011129797076060969,-0.13492364097211595,0.013,0.01,1,Memory B cell
MBTPS2,0.01114058917712837,0.2144453061773235,0.065,0.056,1,Memory B cell
ARNT,0.011198399778151923,-0.23250596935382206,0.19,0.181,1,Memory B cell
JAK1,0.011226088878907246,-2.5861763735434256,0.821,0.812,1,Memory B cell
FAAH2,0.011314731670971643,-0.39080257459255385,0.03,0.037,1,Memory B cell
DUS2,0.011381992696843455,-0.7192962982399225,0.376,0.368,1,Memory B cell
STX12,0.011421159187128964,0.12515612440500234,0.198,0.184,1,Memory B cell
TMEM126B,0.01142381675982904,0.2835229963131295,0.246,0.231,1,Memory B cell
ACYP2,0.011477735420278705,0.37945134138609526,0.304,0.289,1,Memory B cell
CD40LG,0.011495708311628224,0.7932956935347142,0.016,0.013,1,Memory B cell
PRPF6,0.011528726798192368,0.10065423237442284,0.542,0.524,1,Memory B cell
NAA15,0.011538192718743822,0.391918857303615,0.497,0.486,1,Memory B cell
CENPT,0.011547172101144693,0.16960767967293622,0.185,0.172,1,Memory B cell
STX6,0.011560023276246662,0.18828500444139828,0.2,0.187,1,Memory B cell
PTS,0.011661393358591975,0.18342283268826187,0.202,0.197,1,Memory B cell
BBS12,0.011675164393059472,-0.14539491852826103,0.017,0.014,1,Memory B cell
UBL7,0.011733798634926766,0.14783874726948376,0.37,0.359,1,Memory B cell
DNAJA2,0.011740443578129782,-0.12593233635289125,0.409,0.414,1,Memory B cell
ERMARD,0.011792613879576749,0.15566083064856717,0.171,0.159,1,Memory B cell
ITGAL,0.011795722437800837,3.371912087107673,0.481,0.466,1,Memory B cell
LIMD1,0.01180186275224149,0.49089041048634696,0.604,0.594,1,Memory B cell
PHPT1,0.0118473198537726,0.1797241735457894,0.176,0.168,1,Memory B cell
C1orf52,0.011862595723560963,0.20836459000040847,0.329,0.311,1,Memory B cell
AIG1,0.011905155474129351,-0.40715425852800724,0.077,0.076,1,Memory B cell
YWHAZ,0.011967412231613534,6.146328822430746,0.927,0.924,1,Memory B cell
GZMK,0.011973621811523782,-0.55320504181877594,0.012,0.01,1,Memory B cell
SPTLC2,0.011991709332247089,0.1353446506093933,0.294,0.281,1,Memory B cell
NCAPD3,0.012064006846882702,-0.15407389644527192,0.156,0.144,1,Memory B cell
CFLAR,0.012168933601059907,0.2860793459230404,0.635,0.625,1,Memory B cell
CCSER1,0.012176690732383009,0.4188337755610686,0.255,0.24,1,Memory B cell
WASHC4,0.012207526202945865,0.595349466381986,0.809,0.806,1,Memory B cell
MCF2L,0.012210991966149568,0.5381355885657446,0.029,0.025,1,Memory B cell
TUT1,0.012220682884040992,0.20048946235728704,0.117,0.106,1,Memory B cell
SMKR1,0.012226550950736022,0.40743132229331813,0.026,0.021,1,Memory B cell
SPRTN,0.012243107085752733,0.20271839473800535,0.09,0.08,1,Memory B cell
CIB1,0.012290690719015585,2.980195947459098,0.526,0.514,1,Memory B cell
NRDE2,0.01230121010539983,0.18260588865518512,0.042,0.035,1,Memory B cell
SLC39A4,0.01243317865722718,0.2116249285436691,0.012,0.009,1,Memory B cell
DCAF10,0.0125106238219895,0.14618260849860742,0.205,0.193,1,Memory B cell
HCK,0.01251777007968601,2.1707599130495447,0.335,0.323,1,Memory B cell
UGCG,0.012522180002694007,-0.6287046626917832,0.443,0.428,1,Memory B cell
TTC8,0.012547730040846316,0.20609553898819755,0.04,0.034,1,Memory B cell
UBE2V1,0.012550401878887986,0.600873652372621,0.415,0.408,1,Memory B cell
NAAA,0.012597521210903058,-0.25280390218921234,0.393,0.378,1,Memory B cell
HDX,0.012614394878947086,0.19735796270232342,0.02,0.021,1,Memory B cell
CKAP5,0.01261590925953682,-0.13334494866736246,0.184,0.173,1,Memory B cell
GNG7,0.012628615177519623,-0.35953163378151287,0.426,0.408,1,Memory B cell
PLSCR3,0.012630849616672542,0.32727977467108327,0.285,0.27,1,Memory B cell
RASGRP1,0.01263917896584525,4.479371047982239,0.346,0.338,1,Memory B cell
TAPBP,0.012640349248833008,-7.509988163804355,0.949,0.946,1,Memory B cell
UPF1,0.01264954746491124,0.19983104502479537,0.326,0.318,1,Memory B cell
C10orf88,0.012653969844089069,0.17548848133430717,0.1,0.091,1,Memory B cell
MED31,0.01271162685861781,0.20580348516104285,0.072,0.064,1,Memory B cell
DDB2,0.012717292134940862,0.8205667748470787,0.17,0.159,1,Memory B cell
PLAAT4,0.012721682139153844,-0.9833963118311213,0.237,0.223,1,Memory B cell
TNFSF10,0.012767424794018857,0.5630993756787257,0.217,0.204,1,Memory B cell
IVD,0.012858044951441362,0.2188526276945626,0.185,0.176,1,Memory B cell
PPID,0.012879568228717678,0.15637154646895046,0.192,0.178,1,Memory B cell
KDM5B,0.012895295580452605,-0.12312905289107173,0.26,0.246,1,Memory B cell
MT-ND5,0.012908576238215863,1.7101988588768409,0.566,0.573,1,Memory B cell
NOL4L,0.012911927389960763,0.32454986130813046,0.118,0.125,1,Memory B cell
ARHGAP15,0.01293207436082203,3.5293711461502895,0.965,0.961,1,Memory B cell
ARMC6,0.012970469894340647,0.13414819988817328,0.138,0.127,1,Memory B cell
NCL,0.012973591358922041,15.758412321377222,0.555,0.545,1,Memory B cell
RAB9A,0.01297771011063266,0.15660283413655596,0.136,0.132,1,Memory B cell
FAM76B,0.01300138452318862,0.1616632124122699,0.285,0.274,1,Memory B cell
TMEM60,0.013033460718551253,0.2706733416623539,0.216,0.205,1,Memory B cell
MIS12,0.013040367236226818,0.2635581851552671,0.14,0.128,1,Memory B cell
TBL1X,0.013044585798850223,0.164832110630998,0.156,0.145,1,Memory B cell
RNF115,0.013047336986695184,0.1438035518688343,0.268,0.256,1,Memory B cell
BCL2L2,0.013093146355519378,0.13712042056600993,0.08,0.071,1,Memory B cell
FASTKD3,0.01312769391911598,0.3932229068640032,0.038,0.031,1,Memory B cell
KHDC4,0.013129598023830309,0.13530449132690586,0.271,0.258,1,Memory B cell
USP10,0.013160559947507158,0.2870771272703623,0.363,0.35,1,Memory B cell
MX1,0.013196721597010741,13.963482380438943,0.35,0.342,1,Memory B cell
RETREG3,0.013270639699035167,0.24709363152065916,0.334,0.324,1,Memory B cell
PBLD,0.01328230595413162,0.4556324468906068,0.016,0.012,1,Memory B cell
TSPAN33,0.01329673426836577,0.11718175852463886,0.407,0.393,1,Memory B cell
IFI6,0.013311470910229042,28.904244184657422,0.204,0.189,1,Memory B cell
MGAT4A,0.01333929692845871,0.241050783090746,0.198,0.189,1,Memory B cell
LAX1,0.013375207627569424,-0.5335327767380545,0.231,0.217,1,Memory B cell
MED28,0.013383923916804175,-0.8590244529920681,0.585,0.568,1,Memory B cell
ASL,0.013403107360924593,-0.11526612688768001,0.095,0.091,1,Memory B cell
PDE7B,0.013406631095903995,0.4417022969305249,0.02,0.016,1,Memory B cell
BIN2,0.013406723570538914,0.8345846700384518,0.388,0.373,1,Memory B cell
TOR1B,0.013412555583345639,-0.14605334864461605,0.114,0.11,1,Memory B cell
CD79B,0.013470097539367554,24.919827290612147,0.979,0.974,1,Memory B cell
SPG21,0.013569688739476726,2.371128409624358,0.567,0.56,1,Memory B cell
EIF4EBP2,0.013577036049739708,0.2899543185649174,0.581,0.581,1,Memory B cell
DPYSL2,0.01358932582832456,0.26401824596562795,0.248,0.237,1,Memory B cell
WDR76,0.013655106028409003,2.0538443391442915,0.106,0.097,1,Memory B cell
BAHD1,0.01365718842895719,0.17539005370655514,0.166,0.164,1,Memory B cell
DCK,0.01368636590609462,1.6572580537671007,0.704,0.695,1,Memory B cell
ATAD5,0.013694242187457737,0.1756552147720365,0.069,0.061,1,Memory B cell
POGLUT1,0.013699906807178867,0.16933092685262963,0.187,0.175,1,Memory B cell
MCL1,0.01373505849448067,-17.26181224269839,0.903,0.902,1,Memory B cell
PRKACB,0.013801785322054989,-2.0575719199330234,0.642,0.631,1,Memory B cell
BTF3,0.013809250251032528,-0.1626427678964214,0.193,0.201,1,Memory B cell
SRP9,0.013837149283745326,0.11977827918764228,0.374,0.368,1,Memory B cell
CHCHD1,0.013884336766062651,0.1458614105770022,0.165,0.152,1,Memory B cell
DCTN3,0.013911702028666362,0.4721092722058735,0.166,0.154,1,Memory B cell
XRCC5,0.01392329292442064,0.2700530909707438,0.345,0.333,1,Memory B cell
IFI27L1,0.0139404101105252,0.4448680231906561,0.017,0.014,1,Memory B cell
CCDC59,0.01394142840273181,-0.12491573998352634,0.37,0.388,1,Memory B cell
ESYT1,0.014048470544776568,3.8308051335623423,0.494,0.492,1,Memory B cell
TMEM43,0.014078304507647776,0.2729251707579234,0.229,0.218,1,Memory B cell
MLKL,0.014086923620004846,-0.25278949222658825,0.168,0.16,1,Memory B cell
PCMTD1,0.014132047726982257,0.7501173611318297,0.823,0.822,1,Memory B cell
ZNF440,0.014180766340488107,0.17858179725696033,0.039,0.033,1,Memory B cell
ARPC5,0.014205852286994109,1.1914382739630822,0.214,0.202,1,Memory B cell
CTSC,0.014206742440399956,0.35779463512258436,0.258,0.247,1,Memory B cell
BDH1,0.014247597215104726,0.296216368734207,0.067,0.059,1,Memory B cell
GALNT1,0.014254038809014335,-11.380247908976779,0.415,0.409,1,Memory B cell
SLFN11,0.014330068326592262,0.12459958900571466,0.197,0.189,1,Memory B cell
TMEM116,0.014390088588447989,0.23647078636344343,0.082,0.073,1,Memory B cell
POFUT2,0.014420102738648136,0.29493231367013073,0.094,0.085,1,Memory B cell
TP63,0.014428310445786206,3.6192000140452016,0.017,0.014,1,Memory B cell
CTDNEP1,0.01444775326807104,-0.10684839490715614,0.113,0.11,1,Memory B cell
ANKRD28,0.014469130357106211,-0.4002656367361094,0.233,0.223,1,Memory B cell
LARP1,0.014483699162222691,0.158151849202826,0.33,0.318,1,Memory B cell
DPP4,0.01448922421004729,0.9744628850036774,0.015,0.011,1,Memory B cell
CELF6,0.014500973557372366,-0.3662938242246945,0.023,0.029,1,Memory B cell
FUT8,0.014517014659670336,0.3498403314225893,0.425,0.41,1,Memory B cell
SCRN3,0.01455534963263344,0.23856947011279317,0.102,0.092,1,Memory B cell
MEGF8,0.014555922541724933,0.1563318997446017,0.061,0.053,1,Memory B cell
EMC2,0.014654416008366145,0.12297945955865874,0.223,0.21,1,Memory B cell
CFD,0.014692175160937359,0.3765331961487357,0.019,0.014,1,Memory B cell
CCT6A,0.014737916199647389,14.718553994759583,0.338,0.327,1,Memory B cell
XIAP,0.014760136598774122,0.14283238376074187,0.302,0.287,1,Memory B cell
CHKB,0.014797519242154156,0.3686526061459611,0.341,0.326,1,Memory B cell
MS4A6A,0.01480967223404772,23.10624963586259,0.051,0.044,1,Memory B cell
PCGF1,0.014825980458392285,0.1553305855710554,0.127,0.117,1,Memory B cell
MXD4,0.014853345946846876,-2.0251653014176343,0.371,0.372,1,Memory B cell
ZNF574,0.01491669756027765,0.2451889041484696,0.087,0.078,1,Memory B cell
TMEM154,0.01497096876001388,1.7806000126158406,0.774,0.773,1,Memory B cell
CMTR1,0.015001848256836425,-0.10363761365981772,0.33,0.316,1,Memory B cell
ACTR8,0.015009189181079985,0.3120192807776784,0.2,0.193,1,Memory B cell
MAP3K12,0.015026514578651706,0.16067844694928146,0.061,0.053,1,Memory B cell
BTN3A2,0.015094928637355311,-0.17239325454710253,0.568,0.557,1,Memory B cell
SLC26A2,0.015108347565591198,0.2026587153872581,0.126,0.116,1,Memory B cell
GART,0.015115598841057981,-0.28368018576418086,0.18,0.167,1,Memory B cell
AGGF1,0.015122322400869142,0.12084419978399166,0.271,0.256,1,Memory B cell
TRAT1,0.015132002542068066,-0.35542050180702023,0.022,0.017,1,Memory B cell
PPP1R21,0.015169744218816558,0.17158461746390996,0.3,0.291,1,Memory B cell
ASCC2,0.015209812963298666,0.12852616751607243,0.258,0.245,1,Memory B cell
DCUN1D5,0.015239587246673215,0.6057994278845261,0.167,0.155,1,Memory B cell
SASH3,0.015349497303594872,11.817597088293981,0.599,0.585,1,Memory B cell
DRAP1,0.015370829787093714,4.122469171069027,0.505,0.493,1,Memory B cell
APEH,0.015468880119923352,0.16422929001297293,0.216,0.201,1,Memory B cell
PUS7L,0.015469251651962362,0.31998426468747676,0.195,0.185,1,Memory B cell
BRAT1,0.015516347988387486,0.21572666994184364,0.177,0.164,1,Memory B cell
PWP1,0.01557358200272563,-6.092581650003889,0.422,0.406,1,Memory B cell
ADAM19,0.015577109622176585,-2.0737055463495153,0.751,0.74,1,Memory B cell
MGAT2,0.015595077345252666,0.11785861136704995,0.301,0.286,1,Memory B cell
CBR3,0.015599606767683795,0.42378263213715606,0.071,0.064,1,Memory B cell
IFRD2,0.015677672879681262,0.36392594064671635,0.171,0.158,1,Memory B cell
PAM16,0.015680072302952926,0.21309496579642728,0.181,0.169,1,Memory B cell
NUMBL,0.01571014084726573,0.10539060453911642,0.037,0.031,1,Memory B cell
AP1G2,0.015740776274406346,0.42234701517405915,0.549,0.541,1,Memory B cell
GNPNAT1,0.015753940510439265,0.1356790692529426,0.061,0.053,1,Memory B cell
THUMPD3,0.015779155894057467,0.12049311902661985,0.153,0.141,1,Memory B cell
IFT27,0.015805436704733503,0.2136959471744011,0.125,0.12,1,Memory B cell
ARHGAP11A,0.015833491545438165,-0.44227693012825586,0.042,0.044,1,Memory B cell
USP8,0.015878982130611726,0.18569765634554547,0.373,0.358,1,Memory B cell
NT5C3A,0.015930383892952246,-1.0185054999939815,0.31,0.296,1,Memory B cell
LDLR,0.01594069243223138,-1.305025714687837,0.015,0.015,1,Memory B cell
SYNE2,0.015970151422972284,-0.6967887368008316,0.384,0.38,1,Memory B cell
CCDC24,0.016027341966398236,0.3151311671962278,0.078,0.07,1,Memory B cell
FAM216A,0.016073413917216575,0.2101542559555427,0.133,0.122,1,Memory B cell
RNASE4,0.016087725513081425,0.16206469453909067,0.051,0.044,1,Memory B cell
GCNT2,0.016102188140169872,0.22861366988299836,0.193,0.181,1,Memory B cell
CCDC136,0.016122621728860014,0.4927429409299311,0.017,0.014,1,Memory B cell
PPP1R35,0.01623984521073468,0.14142714594927389,0.263,0.248,1,Memory B cell
CEP19,0.016318632436762296,0.43173373638918067,0.029,0.024,1,Memory B cell
ENC1,0.01632011113111515,-0.21889112154151225,0.07,0.074,1,Memory B cell
KIN,0.016385321102651566,0.14692049175969402,0.106,0.095,1,Memory B cell
CPSF2,0.016485989302769323,0.2190568629207994,0.276,0.265,1,Memory B cell
ANO9,0.01649955653757743,0.14187686410602152,0.166,0.154,1,Memory B cell
ACE,0.01650028430373739,0.15012769627136624,0.049,0.042,1,Memory B cell
GATAD2A,0.01651068953333046,0.14025682834606779,0.372,0.363,1,Memory B cell
MGME1,0.016578044909614266,0.28271332018029427,0.323,0.309,1,Memory B cell
STK36,0.01664628540919422,0.32081321184750466,0.046,0.04,1,Memory B cell
COPG1,0.016650300023489776,0.12799909741969168,0.254,0.244,1,Memory B cell
TENT4A,0.016652739987721828,0.11989251481199836,0.193,0.181,1,Memory B cell
EIF3J,0.016653393111146365,2.4730100151318934,0.417,0.405,1,Memory B cell
PCIF1,0.016694912342725386,0.15025768582421417,0.266,0.252,1,Memory B cell
TACC3,0.01670613091837779,-12.461917377851089,0.125,0.116,1,Memory B cell
KAT14,0.016723418001991095,0.22094405930174643,0.102,0.093,1,Memory B cell
ATP5MK,0.016725216010903845,0.1440866554907968,0.193,0.182,1,Memory B cell
FLT1,0.016762867015696025,0.5586355481308498,0.023,0.022,1,Memory B cell
CEP192,0.01676527255931995,0.13308203714920283,0.291,0.278,1,Memory B cell
CLCC1,0.016890145774404494,0.10743467613307597,0.253,0.24,1,Memory B cell
ORC5,0.016902599321334873,0.23317888575004275,0.108,0.099,1,Memory B cell
CRYZ,0.016915845157876707,-0.10703036082249617,0.246,0.231,1,Memory B cell
BTBD10,0.016931912607261457,0.13795149507903703,0.1,0.09,1,Memory B cell
NUP160,0.016954216664799703,0.16581551570691644,0.392,0.38,1,Memory B cell
STYXL1,0.017032013958293155,0.3265432948323639,0.078,0.069,1,Memory B cell
SUPT20H,0.017036835643931495,0.13313491828502633,0.267,0.268,1,Memory B cell
CSTF2,0.017039015575809512,-0.18384309565764756,0.015,0.015,1,Memory B cell
YIPF2,0.017039195118312513,0.29365951524155554,0.063,0.055,1,Memory B cell
SEMA4A,0.017112300126338128,4.011851989386035,0.016,0.013,1,Memory B cell
CA8,0.01713221034796066,0.30149247522458555,0.019,0.015,1,Memory B cell
PRKAR1A,0.01717394606582636,-1.4910416109921032,0.602,0.59,1,Memory B cell
SPN,0.01722121853852944,-1.962253714610592,0.054,0.047,1,Memory B cell
REXO2,0.01723483912975497,-0.1545673659664395,0.251,0.239,1,Memory B cell
MSH5,0.01723732337381634,0.1938915534566077,0.12,0.11,1,Memory B cell
RBX1,0.017240058121010045,0.2010156045544762,0.285,0.276,1,Memory B cell
PPP1R9B,0.017260712665204795,-4.921398271262966,0.891,0.882,1,Memory B cell
GATAD2B,0.01732922402674147,0.1537445968993647,0.466,0.449,1,Memory B cell
DOCK2,0.01737584655201993,-0.4604194633484022,0.788,0.784,1,Memory B cell
RIPK1,0.01739681798711321,0.15688083755053261,0.173,0.17,1,Memory B cell
PIP4P1,0.017470051387503648,0.13348887694752165,0.377,0.372,1,Memory B cell
KPNA6,0.01756891822393818,0.12337849355571792,0.289,0.277,1,Memory B cell
MKLN1,0.01757545249603373,-2.124191527772143,0.519,0.513,1,Memory B cell
AKR1B1,0.017583166842189104,0.3448464861154553,0.362,0.352,1,Memory B cell
L3MBTL4,0.017601972685303953,0.13347757586406495,0.035,0.03,1,Memory B cell
KLHL15,0.017653559599250045,-0.17827907300106838,0.104,0.116,1,Memory B cell
PRKCH,0.017674241090165126,1.5595523628413381,0.03,0.025,1,Memory B cell
UQCC1,0.017708355743146366,0.12137392088752069,0.286,0.27,1,Memory B cell
FCHSD2,0.017718332617761727,0.7916433656944282,0.65,0.65,1,Memory B cell
BICRAL,0.01771873259054263,0.4109713233373944,0.394,0.38,1,Memory B cell
NRBP2,0.017730317610005045,0.35701081923166367,0.041,0.035,1,Memory B cell
LPCAT1,0.017750262495977578,8.724462951074774,0.641,0.631,1,Memory B cell
ELK4,0.017757041842084684,2.020593714257969,0.783,0.771,1,Memory B cell
MISFA,0.017757391770775115,0.7969753566876676,0.01,0.007,1,Memory B cell
PCBP1,0.017852737433619727,0.11903596840876252,0.394,0.384,1,Memory B cell
PDHA1,0.017885916356983892,-1.678889105612002,0.38,0.365,1,Memory B cell
PEX19,0.01789100428298008,0.10078060029329816,0.277,0.263,1,Memory B cell
PLAGL2,0.017907923516904234,-0.10118493118658578,0.113,0.104,1,Memory B cell
TAS1R3,0.017975770933367177,-1.8963017994146507,0.059,0.057,1,Memory B cell
COA4,0.018016253254631364,0.16210374479851514,0.285,0.268,1,Memory B cell
SPOPL,0.018040617441242284,0.10746352926203037,0.291,0.281,1,Memory B cell
MKS1,0.018074514710335023,0.32005204998426295,0.039,0.033,1,Memory B cell
FAM172A,0.018138924886550337,0.147388844541543,0.374,0.365,1,Memory B cell
TANK,0.01815227481816162,-0.17660332207939122,0.555,0.541,1,Memory B cell
RAB11FIP4,0.01816874340801336,0.15340567863353152,0.238,0.228,1,Memory B cell
GTF2E1,0.018176972175003168,0.2142251470855916,0.104,0.095,1,Memory B cell
TAMALIN,0.018199210750298768,-0.43708178068873393,0.202,0.213,1,Memory B cell
C6orf89,0.018206308428313833,0.10159947205100961,0.174,0.162,1,Memory B cell
NABP2,0.01821210829715085,0.5636501290718984,0.159,0.148,1,Memory B cell
COQ5,0.01822466236477917,0.25900637891012734,0.116,0.108,1,Memory B cell
NPEPPS,0.018251939764364553,0.19449563098070732,0.436,0.426,1,Memory B cell
FNTB,0.018270853165596398,0.31294704907643833,0.037,0.03,1,Memory B cell
RFNG,0.018275103746346884,0.11176440702468038,0.112,0.101,1,Memory B cell
CRNKL1,0.01829646054314076,0.15447808173241406,0.178,0.167,1,Memory B cell
EIF6,0.018302728062705914,0.38276297534238807,0.279,0.265,1,Memory B cell
ATP5F1A,0.018304545199099676,-0.3880220666001254,0.342,0.328,1,Memory B cell
SLCO4A1,0.018304787917583564,0.5434626212455562,0.011,0.008,1,Memory B cell
ANK1,0.018308150589446303,0.15438874499316113,0.102,0.09,1,Memory B cell
PLEC,0.018346210538098772,0.3146800799925322,0.41,0.394,1,Memory B cell
GFUS,0.01843623755301209,0.29937775889573737,0.171,0.16,1,Memory B cell
DCLRE1C,0.01848700716099419,0.27900214277573826,0.304,0.291,1,Memory B cell
SLC20A1,0.018521532839640524,0.18708976442020075,0.343,0.332,1,Memory B cell
TASOR2,0.01855649885165132,0.10858592589821026,0.367,0.353,1,Memory B cell
NLRX1,0.018602613301712555,-0.4898926455853001,0.012,0.016,1,Memory B cell
GALNS,0.0186098893086405,0.15438634448880695,0.159,0.149,1,Memory B cell
SETX,0.018675145959101247,-0.6060713183804611,0.55,0.536,1,Memory B cell
TNPO3,0.01867595666084694,0.2041521711278818,0.344,0.333,1,Memory B cell
DDX60L,0.018682485101926397,0.48248440807933474,0.227,0.211,1,Memory B cell
TMEM80,0.018713072687433472,0.11950397890234132,0.169,0.156,1,Memory B cell
PSTPIP1,0.018770543364976515,0.23111504489618956,0.23,0.219,1,Memory B cell
ASH2L,0.018770696945812685,0.31702522496028723,0.217,0.205,1,Memory B cell
MFSD3,0.018771996252221864,-0.41747083306669897,0.023,0.027,1,Memory B cell
COQ6,0.018773116101643516,0.18507310645582442,0.134,0.124,1,Memory B cell
ZNHIT6,0.01878954657242739,0.10657878664781284,0.288,0.275,1,Memory B cell
CDC37,0.018825491264878067,0.23428138862262538,0.519,0.509,1,Memory B cell
UBA52,0.01883646637090757,10.482346030662924,0.963,0.96,1,Memory B cell
TTLL3,0.0188479375732553,0.4443317082297283,0.265,0.257,1,Memory B cell
ZNF500,0.019024664413635033,0.2637501237053135,0.052,0.045,1,Memory B cell
VPS13C,0.01903309092859619,-0.5481888562232253,0.689,0.676,1,Memory B cell
ENDOV,0.019049119830973613,0.18562310265080662,0.067,0.06,1,Memory B cell
LRRK2,0.019051732077699078,-0.15647477567648593,0.469,0.458,1,Memory B cell
ZNF44,0.019093015825059692,0.10115114008314297,0.182,0.17,1,Memory B cell
TMEM248,0.019232026284429878,-0.137062715286548,0.589,0.574,1,Memory B cell
PARP4,0.019295069965577595,0.16741726734579887,0.385,0.376,1,Memory B cell
ZNF35,0.019334553268619745,-0.26695669015904633,0.05,0.054,1,Memory B cell
MRM2,0.01942081066750533,0.11503521653620385,0.106,0.096,1,Memory B cell
GPN1,0.019422859408186253,0.18569654003470593,0.144,0.133,1,Memory B cell
SRR,0.019453318276964525,0.34570922742478416,0.034,0.029,1,Memory B cell
ADPRM,0.019484082580180518,0.25432577613501417,0.132,0.12,1,Memory B cell
PLPP6,0.01950099724171147,0.22316730172119437,0.049,0.042,1,Memory B cell
CDKL5,0.01950304730417431,-0.25936812760686134,0.024,0.03,1,Memory B cell
SLC25A3,0.019520410080695362,-2.6371940263827343,0.504,0.49,1,Memory B cell
EIF4E2,0.01959785555138375,-0.9627365060550187,0.314,0.302,1,Memory B cell
S100A11,0.01962662191064195,-1.530130150387199,0.178,0.165,1,Memory B cell
RCOR3,0.019629569766433246,0.2322873546912605,0.438,0.425,1,Memory B cell
EYA3,0.01963179106737425,0.7353003536060454,0.195,0.182,1,Memory B cell
MAN2A2,0.019657661229539134,0.11196866897338825,0.324,0.311,1,Memory B cell
GCC1,0.019670391615949474,0.22942688217174445,0.148,0.138,1,Memory B cell
COQ10B,0.019736151153712002,0.13428142558362177,0.23,0.217,1,Memory B cell
CERT1,0.019761963728372897,-1.8798635657878386,0.494,0.483,1,Memory B cell
LGALS1,0.01977794845005864,-34.57039418652468,0.333,0.321,1,Memory B cell
ZFYVE1,0.019853160666991835,0.14103998894049008,0.09,0.081,1,Memory B cell
EEF2KMT,0.01992027977680877,0.291753491577198,0.038,0.032,1,Memory B cell
LDLRAP1,0.019993072684673888,0.13122602224382246,0.209,0.196,1,Memory B cell
GOLPH3,0.020006151853285328,-0.5726660976107718,0.495,0.484,1,Memory B cell
MBNL1,0.020018324694867598,17.45361962847838,0.786,0.778,1,Memory B cell
CD274,0.02005736903680208,0.9430788000364032,0.025,0.022,1,Memory B cell
ARRDC4,0.02009536041066075,-0.48176246210274165,0.02,0.025,1,Memory B cell
RASA3,0.02009635715265601,5.656495119396414,0.461,0.447,1,Memory B cell
IBTK,0.020103815467899088,0.2078530191699614,0.27,0.26,1,Memory B cell
CNOT6L,0.02015437191851903,0.2912950773924474,0.592,0.578,1,Memory B cell
POLR3A,0.020186569990375876,0.25714476066725456,0.143,0.133,1,Memory B cell
ACAD10,0.02018921616399333,-0.1754406161683102,0.086,0.089,1,Memory B cell
FTSJ3,0.020191303599044863,0.8480908492176359,0.214,0.201,1,Memory B cell
LEKR1,0.020197845998698692,0.3390635690715733,0.013,0.012,1,Memory B cell
ABCG1,0.02022598358514033,0.16400054443275192,0.113,0.1,1,Memory B cell
OSTM1,0.020244618285958447,0.1495378113007897,0.179,0.168,1,Memory B cell
MPPE1,0.020252869507328658,0.142853747714076,0.205,0.194,1,Memory B cell
LTK,0.020291926018211382,2.9820152255899703,0.072,0.065,1,Memory B cell
ADCY3,0.02044273663775831,0.19757919388893141,0.158,0.146,1,Memory B cell
KCNAB2,0.02061043467303347,0.6397274638818626,0.302,0.295,1,Memory B cell
UBAC1,0.020625416203864197,0.1297547987339478,0.161,0.156,1,Memory B cell
NRM,0.02066158911101255,-0.17880452674264746,0.124,0.128,1,Memory B cell
TP53INP2,0.020661765075095068,-0.5242820137716677,0.056,0.064,1,Memory B cell
RAD9A,0.020662759170494188,0.15386783776842972,0.113,0.103,1,Memory B cell
TIMM8A,0.020666810348853766,0.22728689243839328,0.111,0.101,1,Memory B cell
FANCI,0.020716322205117446,-4.8938446178503225,0.054,0.046,1,Memory B cell
PRPS1,0.020763475812513227,0.15338352906748082,0.304,0.295,1,Memory B cell
HNRNPA2B1,0.02077443464488527,21.229165248445675,0.922,0.92,1,Memory B cell
HSD17B10,0.020845003405594836,0.33270235659038966,0.249,0.241,1,Memory B cell
PPM1M,0.02088453581207599,0.27828321730467404,0.235,0.227,1,Memory B cell
TOP1,0.020944300631727374,1.0074340468190315,0.397,0.384,1,Memory B cell
CCSER2,0.02098299681296472,0.7165891680897973,0.387,0.383,1,Memory B cell
THAP12,0.021068609697101764,0.20300812414163394,0.447,0.434,1,Memory B cell
UBL4A,0.021105029458027325,0.18229944167925627,0.056,0.048,1,Memory B cell
MYO9B,0.02112479920045691,-0.6234909977374632,0.517,0.513,1,Memory B cell
KATNAL1,0.02115454749239415,0.9731346832339656,0.104,0.096,1,Memory B cell
TP53I3,0.02116188111930991,0.1698082248343189,0.037,0.031,1,Memory B cell
DPH1,0.021171045696783127,0.34003291064194396,0.029,0.024,1,Memory B cell
CD226,0.02120096147792601,0.4583590704384002,0.034,0.028,1,Memory B cell
CCM2,0.021214254210451325,-0.8607372439662113,0.407,0.39,1,Memory B cell
IFT57,0.02125577429237234,-2.554674416138136,0.649,0.637,1,Memory B cell
SLX4,0.021268789434401466,0.23594898235085493,0.065,0.058,1,Memory B cell
EED,0.021384423882575804,-0.2919377802055587,0.214,0.201,1,Memory B cell
JADE1,0.02139905174388162,0.1831937750763724,0.223,0.218,1,Memory B cell
EP400,0.021466195072548353,-0.17131255022928515,0.066,0.069,1,Memory B cell
NUDT5,0.021484332257069274,-0.7202360625750199,0.282,0.27,1,Memory B cell
CC2D1B,0.02149908242296224,0.183248280571507,0.141,0.134,1,Memory B cell
MT-CO2,0.021514724928853292,-61.985362008682614,0.992,0.993,1,Memory B cell
FLNB,0.021596406722827297,-16.917059724960197,0.277,0.269,1,Memory B cell
EFR3A,0.02165642867526008,0.4038130864534999,0.447,0.432,1,Memory B cell
TGFBR2,0.021699436786488776,-3.6125158070309364,0.785,0.783,1,Memory B cell
CTSB,0.021719862136325537,0.3139287007823701,0.375,0.366,1,Memory B cell
SESN3,0.021768240328783273,1.6395902627119405,0.44,0.432,1,Memory B cell
IPO8,0.021828653553863445,4.906016329765533,0.316,0.302,1,Memory B cell
STAU2,0.021865955605334057,0.5373302559058764,0.498,0.489,1,Memory B cell
CBLB,0.021907176455737625,1.2060938862776798,0.387,0.379,1,Memory B cell
ZNF624,0.021915443821264254,0.16984165592505995,0.059,0.062,1,Memory B cell
PML,0.021934337060324546,0.33024297904271344,0.317,0.316,1,Memory B cell
MAD2L2,0.021956267275007775,0.13997768501529162,0.143,0.132,1,Memory B cell
ACOX1,0.021957346047096333,0.1397114034380842,0.116,0.106,1,Memory B cell
NARS1,0.021977553363641596,0.244441662198702,0.431,0.422,1,Memory B cell
TCL1A,0.02202924112797223,42.62989602280777,0.067,0.065,1,Memory B cell
ACSS1,0.02207965449609612,0.11129916898992968,0.294,0.287,1,Memory B cell
ERAP2,0.022127284467459415,-0.25108315012554683,0.376,0.358,1,Memory B cell
AGBL2,0.022294678917580187,0.3129221125376769,0.037,0.031,1,Memory B cell
MTFR2,0.022342479713180444,-0.5207804462665502,0.011,0.012,1,Memory B cell
ZFYVE16,0.022364617799867634,0.12155064585071362,0.167,0.164,1,Memory B cell
TRMT44,0.02245475842938005,0.14791528214495742,0.106,0.096,1,Memory B cell
APOBEC3G,0.022465374673026475,6.523294223514969,0.359,0.343,1,Memory B cell
GLIPR1,0.022486827279660764,-2.9508095696877437,0.581,0.571,1,Memory B cell
TMEM115,0.02253777292491305,-0.16433305238797602,0.147,0.144,1,Memory B cell
ACAA1,0.022555218162187148,0.574777455858047,0.274,0.272,1,Memory B cell
SATB1,0.022562812975874553,4.92022224891809,0.19,0.187,1,Memory B cell
SP2,0.02256452533717033,0.138166774924883,0.296,0.282,1,Memory B cell
HSPB1,0.02261776763852006,8.203092517410013,0.256,0.25,1,Memory B cell
CARMIL1,0.022636316956940624,0.17403272651926982,0.084,0.075,1,Memory B cell
DOLPP1,0.02269478373889573,0.1940707128300989,0.032,0.027,1,Memory B cell
USO1,0.022725672286714214,0.1071854331746195,0.282,0.271,1,Memory B cell
BYSL,0.02272567982271259,1.014252777846643,0.06,0.054,1,Memory B cell
EBNA1BP2,0.022734863043480293,1.8483904373619318,0.218,0.208,1,Memory B cell
AP3S1,0.022739284661612683,0.16289193014239767,0.187,0.184,1,Memory B cell
GTPBP4,0.0228799412725431,0.8338262924807778,0.278,0.264,1,Memory B cell
TMEM204,0.022898922286713773,0.47634020065021065,0.022,0.017,1,Memory B cell
TCEA2,0.022903970568188395,0.10247563210388733,0.111,0.103,1,Memory B cell
HCFC2,0.02290990658728485,0.11844021026337348,0.1,0.091,1,Memory B cell
CCNL1,0.022923638413137524,-0.1892348616209647,0.598,0.612,1,Memory B cell
ZBP1,0.022958180156657557,1.7627253804316418,0.283,0.279,1,Memory B cell
KPNA3,0.022966271127107665,0.5363540995631552,0.255,0.241,1,Memory B cell
MUS81,0.02297655789771543,0.12943204277565634,0.148,0.138,1,Memory B cell
DDT,0.023005612814282855,0.39412394900998604,0.355,0.345,1,Memory B cell
OGA,0.023010160619608824,-5.790353341738381,0.922,0.922,1,Memory B cell
PPFIBP1,0.023022706831750436,0.5356203375325577,0.024,0.019,1,Memory B cell
SNX19,0.02304119734675821,0.15002402645456409,0.299,0.283,1,Memory B cell
LCLAT1,0.02308136780287283,0.1459642215355228,0.196,0.182,1,Memory B cell
WSB2,0.02309306628820498,0.22064231337189244,0.105,0.098,1,Memory B cell
E2F5,0.023103302563137595,-0.39152054318684115,0.48,0.475,1,Memory B cell
LY86,0.023106941497225343,1.1494570040776484,0.672,0.663,1,Memory B cell
SIT1,0.023176433607168385,-1.1082840648338599,0.301,0.288,1,Memory B cell
ERGIC3,0.023217671031308028,2.523304690367683,0.499,0.495,1,Memory B cell
SRP72,0.023238399229647863,0.44284940138601536,0.522,0.512,1,Memory B cell
KANSL3,0.023296410282210352,0.10713584947757804,0.205,0.193,1,Memory B cell
TBX21,0.023323852912046757,-0.6927691241138547,0.092,0.085,1,Memory B cell
IQCN,0.023447013986256208,-0.20026306738298139,0.224,0.242,1,Memory B cell
PDIK1L,0.023454382924188253,0.10226408386267893,0.09,0.081,1,Memory B cell
DCP2,0.023465666972666464,0.19120644156344596,0.336,0.32,1,Memory B cell
CPEB4,0.02350459637224187,1.1889896057697897,0.202,0.192,1,Memory B cell
IRF4,0.02354412484556334,-18.774582214017634,0.389,0.378,1,Memory B cell
TUT4,0.02357156159145325,1.2054884731249729,0.701,0.693,1,Memory B cell
EGR1,0.02357497775771314,-8.596197577102686,0.065,0.074,1,Memory B cell
FTCDNL1,0.023575208053338768,0.24517142691683969,0.025,0.02,1,Memory B cell
MOSPD3,0.02375288763112569,0.12937201557107336,0.065,0.058,1,Memory B cell
DBNDD1,0.023787252252932514,0.2352420043489074,0.01,0.007,1,Memory B cell
BUB1B,0.023805049993864732,0.47679781078214134,0.017,0.013,1,Memory B cell
ATG14,0.023837419999026194,0.15993353098279461,0.21,0.199,1,Memory B cell
MSI2,0.023857398279292053,0.35336559064526496,0.377,0.376,1,Memory B cell
FCRL1,0.023892666171335175,-5.762199900352275,0.862,0.857,1,Memory B cell
ELF2,0.023942037237831667,0.13976661819373426,0.298,0.285,1,Memory B cell
SLAMF6,0.023986626852964644,1.9851889927713868,0.627,0.62,1,Memory B cell
KMT2B,0.024002927141003282,0.11623022498455993,0.361,0.349,1,Memory B cell
FCRL5,0.024005594029113165,-23.0326169366107,0.472,0.463,1,Memory B cell
PPIL1,0.024061919996754968,0.31101020059924744,0.094,0.085,1,Memory B cell
CLEC2D,0.02406618583086202,4.003650956063105,0.775,0.773,1,Memory B cell
PPP3CC,0.024076131404474135,1.6910838882762134,0.668,0.666,1,Memory B cell
C19orf53,0.024101910932195162,0.1915176710624222,0.306,0.294,1,Memory B cell
GPR132,0.024188690991391006,-0.17900106859457224,0.276,0.264,1,Memory B cell
C6orf120,0.024203581133822604,-0.8399333975957661,0.232,0.22,1,Memory B cell
TOR4A,0.024349496953745237,0.2510581654738142,0.081,0.072,1,Memory B cell
TRUB2,0.024352579836369005,0.11681302087382495,0.097,0.088,1,Memory B cell
UPF3A,0.024352755005205128,0.20693218645340902,0.265,0.251,1,Memory B cell
GMEB2,0.02436161644911913,0.25060456299853606,0.148,0.138,1,Memory B cell
NCOA4,0.024489574695036105,2.6587280716791133,0.423,0.411,1,Memory B cell
LRPPRC,0.024537648234042954,2.3235551089164668,0.509,0.498,1,Memory B cell
IVNS1ABP,0.024548371981693542,-3.6144317235485923,0.349,0.345,1,Memory B cell
TRAPPC13,0.024593009231354254,0.10880447822292294,0.147,0.135,1,Memory B cell
DOK1,0.02467491311920548,0.1452191273662793,0.05,0.044,1,Memory B cell
ZNF501,0.024858793240108996,-0.3183673808217522,0.032,0.032,1,Memory B cell
RNF220,0.024949327279678312,0.10567349199716292,0.236,0.237,1,Memory B cell
TUBGCP6,0.024974672479727525,0.16995177545039653,0.451,0.435,1,Memory B cell
ATE1,0.02497548390290721,0.13596138141520964,0.168,0.156,1,Memory B cell
H2BC21,0.02497721295459588,5.434714075195244,0.241,0.227,1,Memory B cell
PLXND1,0.025063300568831853,0.3801109536263092,0.025,0.02,1,Memory B cell
CNR1,0.02506880864473274,0.3463204300182925,0.048,0.044,1,Memory B cell
CORO2B,0.025087872448790134,0.48730680266229287,0.023,0.019,1,Memory B cell
UBE2S,0.025099345854020724,-0.6578931306885525,0.04,0.046,1,Memory B cell
C17orf58,0.02514733104063928,-0.5000743929126115,0.009,0.011,1,Memory B cell
PTER,0.025181650906753936,0.12612156815592257,0.175,0.161,1,Memory B cell
CTSA,0.025185122910237022,-0.2854562909563241,0.329,0.319,1,Memory B cell
CENPI,0.02531104763521136,0.2978040227340477,0.015,0.011,1,Memory B cell
TARBP1,0.025339308767533437,0.9868542918074504,0.348,0.334,1,Memory B cell
NME6,0.025396321348676452,0.13328541889002343,0.132,0.121,1,Memory B cell
EEF2,0.02541047349007248,-24.877290253738423,0.992,0.992,1,Memory B cell
LMNB1,0.025442062199019944,4.088344410039655,0.124,0.114,1,Memory B cell
PEMT,0.02546374653581908,0.23036488058739302,0.053,0.046,1,Memory B cell
MAN1C1,0.025481848459195777,0.7003176494858669,0.01,0.007,1,Memory B cell
SIGLEC10,0.02551061630745292,1.5265114730608285,0.316,0.307,1,Memory B cell
MEAF6,0.025523628912500766,0.12491657509789111,0.487,0.472,1,Memory B cell
FNBP4,0.02554104107922464,0.34224012497309886,0.616,0.607,1,Memory B cell
MPEG1,0.025550442365663745,-8.663600811696302,0.745,0.735,1,Memory B cell
LYRM9,0.025583697130470904,0.19531762105462924,0.105,0.095,1,Memory B cell
RCC2,0.025708471712852093,0.21514193757429,0.187,0.177,1,Memory B cell
MRTFA,0.025730074016439855,-0.16168154447907662,0.331,0.317,1,Memory B cell
ZNF585A,0.02573298799641915,0.17136510076140077,0.089,0.081,1,Memory B cell
IGFLR1,0.025733496026323643,0.2910569307550879,0.472,0.461,1,Memory B cell
ESF1,0.025745254701709117,0.10480204259196368,0.202,0.19,1,Memory B cell
RBM5,0.025768478028252245,0.12757213534202827,0.506,0.493,1,Memory B cell
TMEM101,0.025806155377782664,0.12477516726312055,0.123,0.113,1,Memory B cell
MMUT,0.02581487953353716,0.20563745477698991,0.111,0.103,1,Memory B cell
TMC8,0.025822564426601063,1.1078500013687957,0.62,0.614,1,Memory B cell
PIP4K2A,0.025876034247306952,1.9384449597505924,0.624,0.613,1,Memory B cell
RMDN1,0.02588649079189719,0.13168079899520924,0.192,0.179,1,Memory B cell
SEMA4B,0.02590925057159859,0.2507611105762111,0.616,0.606,1,Memory B cell
CFL1,0.02595283220307369,3.377987557459363,0.873,0.865,1,Memory B cell
POU2F2,0.026020000215492035,-0.902790368376996,0.707,0.696,1,Memory B cell
BIRC6,0.026066395901035926,0.9647741639459366,0.598,0.587,1,Memory B cell
CCDC180,0.026133003252144796,0.2009547144415249,0.063,0.054,1,Memory B cell
KRBA2,0.0261803487016891,0.165886290061954,0.089,0.081,1,Memory B cell
EXOC2,0.02620435591715245,0.3071977536234396,0.441,0.425,1,Memory B cell
KLRG1,0.026223383039352014,1.1091704348630373,0.039,0.039,1,Memory B cell
MLST8,0.02625456477965717,0.14978007719669972,0.153,0.146,1,Memory B cell
DPH2,0.02626288490212629,0.13570405139545905,0.098,0.089,1,Memory B cell
ELK3,0.02626875225884073,0.18157192322458626,0.106,0.1,1,Memory B cell
TMEM94,0.02632787340227702,0.18975758435284074,0.17,0.164,1,Memory B cell
NDUFS4,0.026427240717887792,0.28867600760522166,0.249,0.236,1,Memory B cell
CAVIN2,0.026486565231706335,-1.2104368137165675,0.017,0.014,1,Memory B cell
SLC39A13,0.026515092705098768,0.2613486901124231,0.046,0.039,1,Memory B cell
ZSWIM5,0.026590822217835982,-0.30606518730160026,0.009,0.012,1,Memory B cell
LUZP1,0.026634319602146458,0.17595097036994,0.097,0.091,1,Memory B cell
SFXN1,0.026673023095871273,1.8954844177122707,0.231,0.22,1,Memory B cell
MTREX,0.026673354184877363,0.18083424138725906,0.329,0.314,1,Memory B cell
IL18R1,0.026737891061832244,0.302159577478907,0.018,0.015,1,Memory B cell
ZNF320,0.026903187423793152,0.22447592007124806,0.065,0.058,1,Memory B cell
TOGARAM1,0.02698103060842537,0.17929313284067017,0.143,0.133,1,Memory B cell
NMNAT3,0.02702310463689555,0.2592050099827219,0.016,0.012,1,Memory B cell
NOTCH1,0.027031949192329634,-0.15079334080397844,0.159,0.149,1,Memory B cell
ZSCAN12,0.027036270240477205,0.14264921114629825,0.072,0.064,1,Memory B cell
MAMSTR,0.02704141876632507,-0.49827789243462384,0.013,0.016,1,Memory B cell
SAMHD1,0.027100070926180872,3.8390755587207455,0.234,0.228,1,Memory B cell
PHYKPL,0.02720444068027672,0.10691240399138435,0.346,0.331,1,Memory B cell
MGAT5,0.02720473807339747,-2.394662384397475,0.494,0.489,1,Memory B cell
FBXL17,0.027220165444887097,0.29369519172637837,0.456,0.445,1,Memory B cell
FZD2,0.02725197772664249,0.5703064370844722,0.01,0.008,1,Memory B cell
DMTF1,0.02726415680463872,-0.8542570550594029,0.508,0.501,1,Memory B cell
CD68,0.027298543895328622,-0.19818893538731874,0.214,0.204,1,Memory B cell
BRK1,0.02730410266508884,0.1898750153585513,0.31,0.302,1,Memory B cell
RNF34,0.02732334177762554,-0.17696524264343694,0.015,0.016,1,Memory B cell
PDSS2,0.027323494172678955,0.1459765497197666,0.216,0.206,1,Memory B cell
APEX2,0.02734704482045052,0.15742147783265437,0.147,0.137,1,Memory B cell
POLE,0.027401009160728802,0.4166162773604929,0.101,0.093,1,Memory B cell
PRCD,0.027485683254476107,0.44353418154571767,0.023,0.019,1,Memory B cell
SPTAN1,0.02751999674636231,-3.4537829812995167,0.68,0.667,1,Memory B cell
RFK,0.027571137000072434,0.15656304589374948,0.065,0.058,1,Memory B cell
CNOT6,0.027592233188724318,0.11711509942550469,0.211,0.199,1,Memory B cell
HOPX,0.027597812593994853,-1.6153336894445474,0.095,0.09,1,Memory B cell
IFIT2,0.027602154175670073,0.9254149993216831,0.1,0.094,1,Memory B cell
EIF3D,0.027604170669294194,1.3642560363748948,0.471,0.466,1,Memory B cell
SLTM,0.02768136218303528,1.1048644943443309,0.617,0.611,1,Memory B cell
C1RL,0.027720277469581337,0.15920827484410216,0.123,0.115,1,Memory B cell
PCGF5,0.027774926575563172,7.770443372803992,0.535,0.525,1,Memory B cell
FBXW7,0.027779888592358925,-3.3324157450172205,0.65,0.64,1,Memory B cell
HYOU1,0.027869130663832557,0.10844970761063322,0.152,0.141,1,Memory B cell
BRIP1,0.027905521146407358,1.8264454312550387,0.04,0.034,1,Memory B cell
CDC34,0.02800396986551309,0.11688113889402829,0.133,0.123,1,Memory B cell
DUSP3,0.028047834984039288,0.12648687083319965,0.045,0.039,1,Memory B cell
AIM2,0.02804974647461791,6.982002299250134,0.744,0.736,1,Memory B cell
CDIP1,0.028057410513581692,0.13706747952446063,0.092,0.086,1,Memory B cell
CASC3,0.02807431368593521,-0.15059135037933857,0.489,0.475,1,Memory B cell
SH2D3C,0.02809440671634095,-0.23000290732318684,0.427,0.414,1,Memory B cell
RBM12B,0.02810952779488374,0.10111745951815032,0.229,0.216,1,Memory B cell
RHOQ,0.02817447120750662,1.8723022519865289,0.674,0.659,1,Memory B cell
TNFAIP8L2,0.028213894300432855,0.1266497099427193,0.084,0.076,1,Memory B cell
RBM23,0.02823216502053436,0.1039608224256329,0.297,0.282,1,Memory B cell
GRAMD1A,0.02823801478717495,0.1278166622633744,0.189,0.177,1,Memory B cell
PSMF1,0.02825375941052142,-1.6932593075532596,0.488,0.476,1,Memory B cell
MSANTD2,0.028355794470785147,0.1499433624822044,0.134,0.123,1,Memory B cell
ARPC3,0.028434942621060756,-0.6344136120308184,0.499,0.491,1,Memory B cell
H3-3B,0.028486209811318216,-0.18815039073406625,0.116,0.127,1,Memory B cell
NME2,0.028541307460899893,-4.726546837013071,0.527,0.509,1,Memory B cell
EMC8,0.028559139018528776,-0.18478768318337213,0.138,0.136,1,Memory B cell
CD38,0.028629099814949162,0.412959971453863,0.099,0.096,1,Memory B cell
CD24,0.0286601111738398,18.704470143246517,0.747,0.752,1,Memory B cell
TRAM1,0.02871522279436012,1.1038778711287343,0.66,0.65,1,Memory B cell
INPP5B,0.028734777103901606,0.2667795786420384,0.433,0.421,1,Memory B cell
CCDC125,0.028750470583946343,0.19453555569254166,0.099,0.101,1,Memory B cell
TP53,0.02878123700012098,2.8844594286619722,0.489,0.475,1,Memory B cell
VPS50,0.028894220209665315,0.128455709132914,0.226,0.215,1,Memory B cell
ALDH16A1,0.028928555926018815,0.17283650884433355,0.329,0.316,1,Memory B cell
CD55,0.028945498032415785,0.6803420931168631,0.709,0.711,1,Memory B cell
PRCC,0.028976858518050826,0.12877041336798667,0.25,0.239,1,Memory B cell
UBTF,0.02900962103796416,-0.1609509129913503,0.265,0.25,1,Memory B cell
SBNO1,0.029059954447345302,0.31583527845896986,0.391,0.379,1,Memory B cell
CCDC34,0.029073232817374707,0.326370304488905,0.023,0.019,1,Memory B cell
FNTA,0.029118091498785498,0.2132454436250426,0.55,0.541,1,Memory B cell
TNNI2,0.029235754091547956,0.2663444846553795,0.031,0.026,1,Memory B cell
RAB4B,0.029350650442155755,0.14544031684260794,0.419,0.407,1,Memory B cell
CYB561A3,0.029442238451108056,3.8992737705455625,0.726,0.733,1,Memory B cell
NPLOC4,0.029460944988525924,0.14326201255814608,0.488,0.472,1,Memory B cell
ATP11B,0.029530201471034252,-0.16479101321808098,0.62,0.607,1,Memory B cell
DBT,0.029591086780546953,0.12511235721483482,0.171,0.16,1,Memory B cell
COBLL1,0.029690947809183868,0.38073219396954716,0.613,0.611,1,Memory B cell
MBP,0.029703552565441754,0.10390044113483365,0.129,0.121,1,Memory B cell
NUP54,0.02983159663986388,0.14236886310785313,0.245,0.238,1,Memory B cell
PSMA2,0.029847885162447345,1.8216361165801023,0.248,0.236,1,Memory B cell
TP53INP1,0.029861117944107826,-2.865890800136339,0.511,0.496,1,Memory B cell
SORL1,0.02990797399443178,-0.9219903673346679,0.113,0.105,1,Memory B cell
NHLRC1,0.029951288330437434,0.5744793923635596,0.01,0.007,1,Memory B cell
ARL8B,0.030012129430865696,0.22118866624897054,0.258,0.248,1,Memory B cell
SEPTIN11,0.030019906524822806,0.48172615592332857,0.151,0.142,1,Memory B cell
PPP2R2A,0.03010695496615616,0.22943100397311755,0.398,0.384,1,Memory B cell
SYNE1,0.03013881480572979,0.24468684291899256,0.08,0.071,1,Memory B cell
MYO1G,0.03016629728539285,-4.31632641838727,0.7,0.692,1,Memory B cell
TNFRSF14,0.030244806354567947,-0.3189843621988613,0.375,0.368,1,Memory B cell
APBA2,0.030445672040739197,1.0069033780066734,0.01,0.008,1,Memory B cell
NFKB1,0.0305276715376209,3.2110515656297918,0.32,0.317,1,Memory B cell
CNIH4,0.030559678003053665,0.18475582450901307,0.106,0.098,1,Memory B cell
SRSF4,0.03056090691642743,0.16540240045762533,0.457,0.442,1,Memory B cell
PLPP5,0.030688610378965864,-1.7358290097192022,0.356,0.342,1,Memory B cell
CALM3,0.030799407284428065,-0.6372995650851538,0.294,0.28,1,Memory B cell
PREX1,0.030854869676897694,0.8970365156597295,0.453,0.441,1,Memory B cell
GIT2,0.030883049532960654,0.1500195395041063,0.401,0.39,1,Memory B cell
CLUAP1,0.030899801660931536,0.3392380862880855,0.039,0.035,1,Memory B cell
PDCD5,0.030905510068931302,0.1627093879532837,0.098,0.091,1,Memory B cell
BABAM1,0.03094218229297469,-0.2117797764058281,0.308,0.295,1,Memory B cell
PLTP,0.0309638344167606,0.25775597491493585,0.021,0.017,1,Memory B cell
LRRC41,0.03116192148808849,0.27965087866778804,0.193,0.183,1,Memory B cell
TWF2,0.031199318781139396,1.4471631331072206,0.416,0.403,1,Memory B cell
PLEKHG2,0.031205883424070425,-0.14187866236886038,0.09,0.091,1,Memory B cell
FCRL6,0.03135771970617243,-2.5653826562416366,0.012,0.009,1,Memory B cell
PLCB2,0.03137049474738504,-0.18027453090004908,0.392,0.385,1,Memory B cell
BORCS5,0.03148919395247876,0.1240330449825367,0.238,0.232,1,Memory B cell
CD2AP,0.03151456925898005,0.26068216147654577,0.382,0.368,1,Memory B cell
UXS1,0.031520195837256716,0.15506441780441194,0.153,0.143,1,Memory B cell
CCR2,0.03153180801943317,-0.7711391363602718,0.079,0.073,1,Memory B cell
PPP1CA,0.0315895919817955,0.622753286076402,0.515,0.505,1,Memory B cell
PELO,0.031621106767186206,0.24656871982159956,0.054,0.047,1,Memory B cell
CD8A,0.03174464320165965,-2.152177318743366,0.032,0.028,1,Memory B cell
B4GALT2,0.031784452681228675,-0.15757895526674037,0.02,0.019,1,Memory B cell
TMEM141,0.031825702974272875,0.167422265879815,0.134,0.123,1,Memory B cell
ARHGAP27,0.031828048118743894,-0.8256056421268774,0.443,0.429,1,Memory B cell
MON1B,0.031828252826963756,-0.10837939954211662,0.194,0.192,1,Memory B cell
SMIM7,0.031836673778896145,0.10413192343046085,0.239,0.23,1,Memory B cell
FNDC3A,0.03199493272010932,-0.38929755879791006,0.332,0.319,1,Memory B cell
PRDX2,0.03205421874243843,-0.9191798141568186,0.386,0.371,1,Memory B cell
ARSA,0.03206910253061417,0.1119360059092237,0.186,0.174,1,Memory B cell
PPP3R1,0.03209316574304319,0.9033337473756147,0.673,0.667,1,Memory B cell
SLC35D2,0.032118019548244836,0.26018934821805995,0.141,0.134,1,Memory B cell
SLC9A7,0.03226927465836899,0.5298478415425456,0.486,0.484,1,Memory B cell
MAP4K4,0.03227958860653218,2.063526735607274,0.61,0.599,1,Memory B cell
SRP54,0.03229527659806223,0.896315520998234,0.351,0.336,1,Memory B cell
NME1,0.03231378390421538,6.214103297101503,0.149,0.141,1,Memory B cell
CLN8,0.032399461135859994,-0.29451127933969934,0.381,0.37,1,Memory B cell
TNFRSF18,0.03240618905504683,0.26679375712412057,0.012,0.009,1,Memory B cell
XRCC4,0.03247125339308586,0.16075118271932531,0.08,0.071,1,Memory B cell
EMC1,0.032552082619083156,0.17217426785261214,0.144,0.136,1,Memory B cell
MFSD5,0.032580685982940366,0.16532490664363797,0.162,0.151,1,Memory B cell
CSTF1,0.032619232035990896,0.13219411306539497,0.12,0.11,1,Memory B cell
PIK3R4,0.03276405453523822,0.1367916800219675,0.197,0.184,1,Memory B cell
TIMM17A,0.03277048580064622,0.16357371256361602,0.207,0.2,1,Memory B cell
ADHFE1,0.03281043978407802,0.31605438935070884,0.03,0.025,1,Memory B cell
RO60,0.03285014897941296,0.14610222749727875,0.382,0.369,1,Memory B cell
ATP6V0E1,0.03287640752974018,0.2568859628229463,0.615,0.608,1,Memory B cell
FDX1,0.03287687518996442,-0.17405109490523496,0.149,0.16,1,Memory B cell
NDUFB7,0.03287866709474803,-0.20955786039255803,0.244,0.233,1,Memory B cell
CLSTN3,0.03288530641126263,0.125755190679814,0.108,0.098,1,Memory B cell
ARL8A,0.032910171795815936,1.3534779036708593,0.423,0.428,1,Memory B cell
SUCO,0.03293101046841007,0.12759973983868722,0.202,0.192,1,Memory B cell
KBTBD7,0.03295412561484892,0.17949878253503426,0.054,0.048,1,Memory B cell
TUSC2,0.03298122609502189,0.16942506158425097,0.129,0.121,1,Memory B cell
SLC19A1,0.03300531744677526,0.10572292921405513,0.066,0.058,1,Memory B cell
CCDC187,0.033057237538861244,0.5751830840740659,0.012,0.009,1,Memory B cell
SPTBN1,0.0330581014727712,0.16705843294285883,0.442,0.438,1,Memory B cell
HGSNAT,0.0330704765843836,0.1934868905137943,0.188,0.177,1,Memory B cell
MT-ND2,0.03308753494606791,-1.6046901134488256,0.438,0.451,1,Memory B cell
C12orf76,0.03309878108067371,0.20828379517619444,0.045,0.039,1,Memory B cell
NAGA,0.033113954015566424,0.14950524858331726,0.109,0.099,1,Memory B cell
ANXA7,0.03316709322052458,-5.117454465306168,0.396,0.388,1,Memory B cell
EMC6,0.03323555716886726,0.1962573129241001,0.058,0.051,1,Memory B cell
SSX2IP,0.03324920136902397,0.19669058138607953,0.031,0.031,1,Memory B cell
ATOSA,0.03327173379475981,8.573454140318525,0.769,0.763,1,Memory B cell
MTMR14,0.033347026643546274,1.0261428494071456,0.381,0.371,1,Memory B cell
KATNA1,0.03334742657588109,0.11087006332869609,0.16,0.149,1,Memory B cell
SETBP1,0.033407823389658656,-0.4984002205404696,0.671,0.661,1,Memory B cell
SMAD2,0.03346015268204142,0.1641514169108249,0.423,0.416,1,Memory B cell
ZNF572,0.03347677846318286,0.27562138317160745,0.023,0.019,1,Memory B cell
BTBD6,0.033544482281764,0.1643461482469588,0.149,0.144,1,Memory B cell
C1QTNF3,0.03356236795077927,0.28829724582542404,0.029,0.024,1,Memory B cell
ZNF76,0.03357763866735395,0.11950578178852611,0.192,0.185,1,Memory B cell
ZNF627,0.033670228126598076,0.12210554538630425,0.106,0.1,1,Memory B cell
NOP2,0.03367979002868826,5.988802232638438,0.194,0.181,1,Memory B cell
GGNBP2,0.033687877568509716,1.2319374634784062,0.593,0.579,1,Memory B cell
TMUB1,0.033706289457990556,-0.2177068807680495,0.25,0.255,1,Memory B cell
UGGT1,0.03379609136820057,0.20904137048062887,0.28,0.27,1,Memory B cell
AP1G1,0.033865247405025424,-0.6507972929258925,0.394,0.382,1,Memory B cell
CPD,0.03387816031159335,0.14536307675449667,0.032,0.027,1,Memory B cell
TOMM7,0.03395699334136687,-0.5231167227719808,0.931,0.925,1,Memory B cell
ALKBH2,0.0340265252607176,0.19246254220883863,0.043,0.036,1,Memory B cell
PRRC2A,0.0341590470937434,0.16540439103110685,0.315,0.3,1,Memory B cell
AKAP9,0.03415930057232672,0.21152512150685432,0.554,0.547,1,Memory B cell
PLEKHF2,0.034162281018568566,-1.0174358746807712,0.867,0.859,1,Memory B cell
FBXW8,0.03416771248038768,-0.2829240821043317,0.257,0.248,1,Memory B cell
UBE4A,0.03417338418279199,0.12270024266590218,0.353,0.34,1,Memory B cell
PTPN1,0.03429405437036234,-2.139254431451768,0.684,0.681,1,Memory B cell
TTN,0.0343074971904071,0.2950423695319482,0.306,0.302,1,Memory B cell
PTTG2,0.03431713428454583,-0.15790660229589815,0.026,0.03,1,Memory B cell
NAALADL1,0.03432012662491294,0.16341060911117644,0.037,0.032,1,Memory B cell
SLC25A24,0.03434827360780427,0.29920332555206275,0.288,0.279,1,Memory B cell
TGM2,0.034424746610755314,-0.5925869622135802,0.026,0.023,1,Memory B cell
ITPKB,0.03449472687988495,0.3247768863325229,0.341,0.328,1,Memory B cell
GRN,0.034566462575874146,1.3408528627367176,0.523,0.514,1,Memory B cell
WIPI2,0.03457263742730116,0.1845927402496884,0.29,0.279,1,Memory B cell
LRRFIP1,0.034593804450276516,0.3692411778596718,0.475,0.461,1,Memory B cell
LRRC69,0.034615626239104566,0.2417452298054532,0.047,0.044,1,Memory B cell
ZNF587B,0.0346203994811822,0.13869104081833528,0.162,0.159,1,Memory B cell
ZNF708,0.03462057063590262,0.11399649105972443,0.205,0.192,1,Memory B cell
LCP1,0.03477211935854012,10.149390089288758,0.951,0.95,1,Memory B cell
COX7C,0.03488009997217276,0.1669337401514689,0.328,0.315,1,Memory B cell
BRMS1L,0.034894818769190906,0.26127162283574723,0.051,0.046,1,Memory B cell
DNAJB12,0.03496781218656973,0.17068643257407196,0.205,0.194,1,Memory B cell
KCTD13,0.03498594849099043,0.12278745486104903,0.206,0.194,1,Memory B cell
RYBP,0.035068482222214634,0.12024063571631535,0.258,0.244,1,Memory B cell
RNF167,0.035094634227431865,-0.262533205034164,0.474,0.46,1,Memory B cell
SYTL2,0.03513924577560299,0.9629037710881811,0.016,0.013,1,Memory B cell
VOPP1,0.035204533336598426,-0.5052354885642618,0.504,0.491,1,Memory B cell
H1-4,0.03524572732151048,-7.060151641403802,0.348,0.363,1,Memory B cell
PRKX,0.035271265081869674,-0.1756064976076972,0.151,0.16,1,Memory B cell
PRPF19,0.03531077685733374,7.378155316392221,0.387,0.373,1,Memory B cell
NEDD4L,0.035323820431422216,9.668975295405312,0.118,0.109,1,Memory B cell
NIPSNAP2,0.03533018702075197,0.12085695155862053,0.2,0.193,1,Memory B cell
DNAJB1,0.035357216571444146,0.2377070044318671,0.183,0.174,1,Memory B cell
HCFC1R1,0.03544518331791855,-0.10265690438376329,0.121,0.118,1,Memory B cell
NUBP2,0.03545149673042752,0.15594788035565044,0.124,0.116,1,Memory B cell
CDC16,0.03545790942193298,-0.1411860642400291,0.49,0.473,1,Memory B cell
CKAP4,0.035530633939233704,-1.6001254306460622,0.244,0.239,1,Memory B cell
MEF2A,0.03565005751634212,-0.9609552629281586,0.576,0.563,1,Memory B cell
ARID5B,0.035676448911397686,-1.5659894801871737,0.683,0.671,1,Memory B cell
DCAKD,0.03580589070557432,0.22060791255772894,0.118,0.108,1,Memory B cell
RGL4,0.03580932360730778,0.5340425059387233,0.013,0.011,1,Memory B cell
SPPL2B,0.035844411887535524,0.13144051655407446,0.321,0.306,1,Memory B cell
TTC14,0.03592945952384503,0.1692318072427108,0.588,0.582,1,Memory B cell
PLD4,0.035957560786616743,-17.47166602253892,0.474,0.465,1,Memory B cell
DOK2,0.03596722184156047,-0.8598424170851628,0.079,0.07,1,Memory B cell
COCH,0.03603881406766015,4.236340832510116,0.249,0.248,1,Memory B cell
MDP1,0.036083427978359686,0.2168755632288597,0.102,0.093,1,Memory B cell
BICD1,0.03612510548283821,0.24448647813231578,0.35,0.338,1,Memory B cell
CCDC102B,0.0362392143858735,0.4295764133535376,0.025,0.02,1,Memory B cell
FBXL15,0.03625647462716781,0.20340841591484438,0.147,0.142,1,Memory B cell
EHMT2,0.03628436712679662,0.18294730312472102,0.346,0.335,1,Memory B cell
ABHD4,0.036370663560675885,0.3000993881183942,0.057,0.051,1,Memory B cell
CDC25B,0.03645058233361258,-0.8285301281652733,0.378,0.364,1,Memory B cell
APOL6,0.036486321168897995,0.3761643484309107,0.172,0.16,1,Memory B cell
IFFO1,0.03649030789251188,0.15960054625814069,0.13,0.119,1,Memory B cell
SYNE3,0.03649346679227464,0.3130245781187586,0.429,0.418,1,Memory B cell
ASNSD1,0.036573937242245745,0.21129984560724302,0.254,0.242,1,Memory B cell
EIF3H,0.036587105698714,0.5136899814948284,0.514,0.509,1,Memory B cell
DBF4,0.036593505660500035,-0.1764163926524156,0.158,0.168,1,Memory B cell
IQCB1,0.036595227606786,0.16606487451688767,0.337,0.326,1,Memory B cell
MTO1,0.03660453411620032,0.10251172835285738,0.279,0.266,1,Memory B cell
IDH1,0.03665285994766638,0.20792097417408328,0.085,0.078,1,Memory B cell
CDKN2D,0.03691000781852438,-0.4556681922947632,0.401,0.389,1,Memory B cell
THAP1,0.03703333106756313,0.16855264201202758,0.126,0.116,1,Memory B cell
NCAPG2,0.03710608763929746,-0.3146174204205616,0.063,0.058,1,Memory B cell
IMPDH2,0.03711395867587997,-1.017690476294728,0.201,0.192,1,Memory B cell
PITPNM2,0.037193143223869664,0.1569209958836284,0.149,0.139,1,Memory B cell
PLCL1,0.037210701584519036,0.4809463762010546,0.014,0.011,1,Memory B cell
TXNDC9,0.03730209000099248,0.11888663482958095,0.133,0.123,1,Memory B cell
COA1,0.03735713288605613,0.14272402204530565,0.145,0.14,1,Memory B cell
FOXK2,0.037376182113444664,0.32657081384231257,0.208,0.207,1,Memory B cell
WDR27,0.037405734700823354,-0.14366219093515165,0.192,0.186,1,Memory B cell
DCAF13,0.037475249557894275,0.45826720704929547,0.152,0.142,1,Memory B cell
DZIP3,0.03752797238275066,0.16752725415927472,0.098,0.09,1,Memory B cell
BCL11A,0.037571833842749376,-3.8346416730506157,0.902,0.909,1,Memory B cell
RAB31,0.03765289500029952,-1.6305467460315088,0.274,0.262,1,Memory B cell
TRDC,0.03766162424335502,-13.856451965029514,0.012,0.011,1,Memory B cell
ETFA,0.037972038029614595,-5.154495497551997,0.346,0.335,1,Memory B cell
TECPR1,0.038046059708523115,0.45060673409349977,0.201,0.192,1,Memory B cell
ZNF555,0.03807387985287939,0.21284411664862368,0.052,0.046,1,Memory B cell
ANAPC16,0.03814353013142535,0.3657483379671831,0.757,0.752,1,Memory B cell
AURKC,0.038231693065059316,0.24620378623923678,0.014,0.011,1,Memory B cell
DELE1,0.038231751040945255,0.2676946848822092,0.334,0.321,1,Memory B cell
NQO2,0.03830861774753627,-0.16137765295876116,0.08,0.078,1,Memory B cell
GGT7,0.03848766466898964,0.17956064267319638,0.062,0.058,1,Memory B cell
MED30,0.0385335193143327,-0.23185341272702675,0.195,0.205,1,Memory B cell
DDI2,0.03859372248392927,0.16781859113286646,0.193,0.181,1,Memory B cell
BTBD1,0.03865193228409714,0.19857688172980148,0.343,0.337,1,Memory B cell
RHOF,0.03876384460472354,-0.12494393520956582,0.398,0.4,1,Memory B cell
GPRIN3,0.038818732777315214,0.26269196713792375,0.033,0.028,1,Memory B cell
OMG,0.038933334090905866,-0.5773849617773479,0.012,0.015,1,Memory B cell
GPM6A,0.0389797064785483,0.3909175493368473,0.083,0.072,1,Memory B cell
IRS2,0.03909963872662358,-0.17217815591091523,0.097,0.106,1,Memory B cell
ZC3H12A,0.03910792878699189,-0.8074733590999611,0.146,0.144,1,Memory B cell
PRKAR2B,0.0391308208624532,7.0868288706361335,0.015,0.014,1,Memory B cell
ZNF512,0.039210154485823615,0.1364479814071516,0.273,0.287,1,Memory B cell
USP24,0.03930494375872336,1.5622946621924823,0.648,0.639,1,Memory B cell
NACC1,0.039431846073752504,0.2123569369177974,0.233,0.22,1,Memory B cell
NAGK,0.039524862123278846,-2.8191749128559445,0.512,0.497,1,Memory B cell
PITPNM1,0.039555639170344666,0.5282599032403485,0.402,0.393,1,Memory B cell
MYO1E,0.039690495427460934,1.317494705668421,0.23,0.217,1,Memory B cell
NUDT19,0.0397309351547539,0.24915429368375364,0.088,0.083,1,Memory B cell
NENF,0.03977953020739009,0.1540794259649345,0.182,0.176,1,Memory B cell
RFC3,0.039803540825926624,0.18997752020480263,0.076,0.067,1,Memory B cell
MSRA,0.039816883448421915,0.2110191511487789,0.143,0.136,1,Memory B cell
RWDD2A,0.039837963644918824,0.21722648594359395,0.028,0.023,1,Memory B cell
EBF1,0.03986536399477995,-0.3590757625736214,0.49,0.478,1,Memory B cell
TFEC,0.040084556222576756,3.0936692436163185,0.217,0.21,1,Memory B cell
SELENON,0.04012175673763751,0.22046113359536323,0.129,0.119,1,Memory B cell
ERCC1,0.040185671757472646,0.18463245595443878,0.272,0.262,1,Memory B cell
TICAM1,0.04024282497214274,0.12719104960764493,0.207,0.196,1,Memory B cell
INTS10,0.040303315242397504,0.1743489256138413,0.333,0.32,1,Memory B cell
ERF,0.040381079205803735,0.1707396829495016,0.091,0.087,1,Memory B cell
DGCR8,0.04045397159610462,0.20823236975678383,0.135,0.131,1,Memory B cell
DCTN1,0.04049338336960225,0.129275081886711,0.418,0.405,1,Memory B cell
MYO19,0.04077851756747147,0.1281854283891386,0.134,0.13,1,Memory B cell
AASDH,0.04078564796551011,0.16674278063326664,0.134,0.125,1,Memory B cell
FAM169A,0.04078600947122227,0.15041808067072004,0.043,0.042,1,Memory B cell
PPRC1,0.040805487238892095,0.19450546144232095,0.15,0.139,1,Memory B cell
CALCOCO2,0.0408329916136171,0.21738125162603206,0.465,0.454,1,Memory B cell
SNRPA,0.040839765384384615,0.6850259472883367,0.461,0.479,1,Memory B cell
INO80B,0.04088066735723698,0.14009192163861509,0.274,0.265,1,Memory B cell
DUSP10,0.040885855828275676,-0.1665723708570983,0.049,0.056,1,Memory B cell
DLG1,0.04091573837899654,0.17085099743419524,0.305,0.293,1,Memory B cell
EID3,0.040940293549508226,0.2794983329980276,0.039,0.035,1,Memory B cell
ZNF473,0.040942420019179346,0.3295447114110468,0.027,0.023,1,Memory B cell
ARHGAP4,0.04097176185154932,0.2600092900738149,0.643,0.632,1,Memory B cell
DDA1,0.04099256502243462,0.20215142035219968,0.126,0.117,1,Memory B cell
MED14,0.04104792727978978,0.14712762319740724,0.25,0.239,1,Memory B cell
TMEM131L,0.04106599868181404,0.6448974989656673,0.669,0.655,1,Memory B cell
TK2,0.04110870689460818,0.2909851789815816,0.033,0.028,1,Memory B cell
NEIL1,0.04111034675816808,-0.24590114775805327,0.058,0.065,1,Memory B cell
USP32,0.04116713969757402,-0.10023244193093928,0.372,0.377,1,Memory B cell
IL6R,0.04117129663617315,-1.7959162416800933,0.063,0.056,1,Memory B cell
HYCC1,0.041295921843706514,0.15184615261870382,0.366,0.355,1,Memory B cell
HERC1,0.04139492129205866,0.1424623032026049,0.188,0.178,1,Memory B cell
TIMM10,0.04153194998744288,-0.18291583372090334,0.231,0.217,1,Memory B cell
IGHE,0.04156087550847641,11.562070662741913,0.026,0.03,1,Memory B cell
ARHGEF2,0.041695028338606534,2.5224959701597793,0.786,0.776,1,Memory B cell
HMGN1,0.041702315697414866,0.37114878832000864,0.601,0.59,1,Memory B cell
GOLGB1,0.041798031780673636,0.2186783499373074,0.262,0.258,1,Memory B cell
APIP,0.04179837457021421,0.19036311197761813,0.157,0.146,1,Memory B cell
SAMD1,0.041804449812521065,0.13788610013248492,0.139,0.13,1,Memory B cell
POLK,0.04181693115466276,0.4706457864110076,0.402,0.395,1,Memory B cell
ITPA,0.042037985761284515,0.26141969666965326,0.181,0.172,1,Memory B cell
SESN1,0.042061267010994455,-0.10246646487972377,0.133,0.126,1,Memory B cell
IRS1,0.042068673619272426,0.2155619559800641,0.051,0.044,1,Memory B cell
TRNT1,0.042074420583867025,0.14744996206371516,0.249,0.239,1,Memory B cell
USP28,0.042202964507061964,-2.371704333720624,0.395,0.384,1,Memory B cell
TCEANC2,0.042280753273935656,0.10165980418228537,0.101,0.099,1,Memory B cell
MS4A7,0.042315431972717234,2.2918620271494703,0.192,0.183,1,Memory B cell
CCDC120,0.042324592354839756,0.23056502056503936,0.035,0.033,1,Memory B cell
APOBEC3C,0.04232507538816779,0.98805151486558,0.584,0.57,1,Memory B cell
LRRC24,0.04233095966735435,-0.11061001909457868,0.024,0.022,1,Memory B cell
PEX10,0.042415896038223454,0.1904208845709534,0.058,0.053,1,Memory B cell
CYB5R4,0.04256271308138923,0.6489780020473588,0.575,0.575,1,Memory B cell
MYO1F,0.04259241487733828,-0.29088965037269343,0.316,0.3,1,Memory B cell
PSMA7,0.04273528679223343,1.1005168927875906,0.371,0.366,1,Memory B cell
C5orf22,0.04276112980011476,0.16759353352000694,0.12,0.11,1,Memory B cell
DECR1,0.042837108960506874,1.0595799016801397,0.387,0.375,1,Memory B cell
GLCCI1,0.04286184788411637,0.2656212162589825,0.213,0.205,1,Memory B cell
GPAA1,0.042908998604063435,0.12088484685258272,0.133,0.124,1,Memory B cell
CRIP2,0.04291508613513234,-0.4921223301887405,0.077,0.067,1,Memory B cell
ERO1A,0.04292667391884751,0.23996969656268563,0.415,0.414,1,Memory B cell
SLC25A42,0.04294986157916637,0.11646852702621713,0.246,0.235,1,Memory B cell
PRRC1,0.042980286890197575,-0.10277448851778698,0.215,0.204,1,Memory B cell
HIGD2A,0.04309173431828171,1.1115005214260179,0.542,0.539,1,Memory B cell
HSPA4,0.04309296952580317,0.11494076077321425,0.18,0.169,1,Memory B cell
MICALL1,0.04310333272800618,0.2110134662241303,0.055,0.049,1,Memory B cell
GNAI3,0.04314175360392849,0.2598225934770739,0.5,0.498,1,Memory B cell
ZNF837,0.043176567695324256,0.15197899254526792,0.015,0.012,1,Memory B cell
CCDC6,0.04322230511300048,0.40632986992941555,0.46,0.456,1,Memory B cell
DYNC1LI2,0.04346838662999974,0.2579888501447623,0.263,0.253,1,Memory B cell
HYCC2,0.04362280079470486,0.1351992208652686,0.185,0.173,1,Memory B cell
ATXN10,0.043680278339717625,0.14838727953145253,0.261,0.249,1,Memory B cell
MT-ATP6,0.04371486538538099,-15.828630868471691,0.994,0.995,1,Memory B cell
TAB1,0.04376837002512107,0.1172463253713032,0.168,0.157,1,Memory B cell
YKT6,0.0438364811497373,-0.42189759416234157,0.328,0.323,1,Memory B cell
MBD4,0.04400798164531435,0.8182589066074559,0.608,0.603,1,Memory B cell
TIMP2,0.04409368069350922,0.23232278411475749,0.053,0.047,1,Memory B cell
HNRNPH3,0.044211336874506915,-0.4866812009989463,0.627,0.641,1,Memory B cell
FXYD7,0.04422334691399256,0.353849297677006,0.031,0.027,1,Memory B cell
MX2,0.04433043264097098,12.2216659205745,0.311,0.303,1,Memory B cell
TGDS,0.04433712161086539,0.11900168940577349,0.119,0.11,1,Memory B cell
PPP1R3F,0.04436009861964405,0.299107798558218,0.036,0.032,1,Memory B cell
IPO11,0.04441491725568322,0.31071484750601863,0.098,0.091,1,Memory B cell
SNRPC,0.0444800490230367,1.8453271801983462,0.472,0.462,1,Memory B cell
NDUFA4,0.04453531790136908,-1.82508086766618,0.457,0.445,1,Memory B cell
OSGEPL1,0.04454346065196871,0.1771349032999041,0.107,0.099,1,Memory B cell
PICALM,0.04461556334406664,-2.340959453609528,0.584,0.573,1,Memory B cell
PHTF1,0.04463416916713258,0.13457315249767055,0.09,0.081,1,Memory B cell
PPCS,0.04479057400771703,0.1016014426116091,0.291,0.279,1,Memory B cell
MAD2L1BP,0.044812005792625315,0.10245821130710686,0.135,0.125,1,Memory B cell
THEM4,0.04481802037056217,0.1861428244579395,0.081,0.073,1,Memory B cell
HNRNPA3,0.044968207092709434,2.242315456070124,0.489,0.506,1,Memory B cell
PSMC2,0.04508164970161453,0.19011164685055654,0.309,0.297,1,Memory B cell
BEX3,0.04511452809607308,0.5628539059362629,0.018,0.014,1,Memory B cell
SS18L2,0.04511610811952582,-0.1642739010659401,0.209,0.217,1,Memory B cell
MGST3,0.045175740086757524,0.26491176558518614,0.275,0.258,1,Memory B cell
SLC25A53,0.04523878686933351,0.27229783915883266,0.051,0.045,1,Memory B cell
AAAS,0.04524834240683227,0.13571078196794473,0.171,0.163,1,Memory B cell
RWDD2B,0.04525207617312549,0.1266645916240714,0.061,0.054,1,Memory B cell
PIGC,0.04526323113947901,0.2552588984906279,0.148,0.146,1,Memory B cell
ZNF121,0.04527777060621254,0.41263279284431476,0.322,0.313,1,Memory B cell
NSRP1,0.045289303965101446,0.1242836604500206,0.169,0.16,1,Memory B cell
HDHD5,0.0453216227150132,0.11553987316238512,0.127,0.117,1,Memory B cell
PPIG,0.045333919951380176,0.19541202483650122,0.444,0.432,1,Memory B cell
RHOH,0.045347549202428936,0.7967089857060996,0.5,0.483,1,Memory B cell
TRIM25,0.04549026676007857,0.2050384651428786,0.319,0.309,1,Memory B cell
CRLF3,0.04585410143263487,0.45281750861720105,0.448,0.434,1,Memory B cell
HARBI1,0.045901616229967634,0.19104633330889342,0.027,0.022,1,Memory B cell
USP54,0.04595978879391038,0.20204349693484502,0.02,0.017,1,Memory B cell
POLR1B,0.04602559000085544,0.1584539582812623,0.184,0.176,1,Memory B cell
ZNF248,0.04606197642413746,0.15977308431356096,0.103,0.101,1,Memory B cell
OTUD7B,0.04606418192517882,-0.15657791545505395,0.038,0.038,1,Memory B cell
ARFGAP1,0.04607262383589889,0.11724477651864795,0.115,0.106,1,Memory B cell
DKC1,0.04613870957694389,1.272292918369072,0.329,0.319,1,Memory B cell
IL13RA1,0.04617677443521655,4.01153729873795,0.146,0.133,1,Memory B cell
ZNF655,0.04624267527058607,0.3168700505054325,0.562,0.558,1,Memory B cell
TTPAL,0.04625137879007421,0.4935857031278398,0.139,0.129,1,Memory B cell
BTN2A1,0.046336622569486736,0.13074480527855759,0.183,0.18,1,Memory B cell
WDR83OS,0.04640319966828349,-1.3185840009535745,0.403,0.411,1,Memory B cell
ADK,0.04641232160724917,7.023769167215223,0.549,0.535,1,Memory B cell
VPS13B,0.04643406318757534,4.456836805406688,0.666,0.664,1,Memory B cell
HMCES,0.04656295656178071,0.3806904964368276,0.077,0.071,1,Memory B cell
GAS7,0.04669127913619757,-2.214597849479889,0.066,0.063,1,Memory B cell
RNLS,0.046735030747254845,0.14394969330377583,0.062,0.056,1,Memory B cell
EMP3,0.046804926238483174,-8.301309448937594,0.864,0.857,1,Memory B cell
NDFIP1,0.04684069674843152,0.4446454160282653,0.324,0.316,1,Memory B cell
H2BC9,0.04691343927052095,-138.0191577545128,0.214,0.207,1,Memory B cell
RITA1,0.04696668859315259,0.21332813557587604,0.085,0.08,1,Memory B cell
APOBR,0.04697959687530354,0.1436841847043051,0.03,0.026,1,Memory B cell
NADK,0.04705860240588137,-0.16864464138876717,0.275,0.267,1,Memory B cell
VPS37C,0.04706359260811898,0.198859079317665,0.011,0.009,1,Memory B cell
HECTD3,0.0471062481910533,-0.11258936921615259,0.176,0.167,1,Memory B cell
MOB3A,0.04713216233029239,-0.16022344019589418,0.685,0.671,1,Memory B cell
NAP1L2,0.047179126044801685,0.2780853567249233,0.026,0.022,1,Memory B cell
CSF1R,0.04729546606883635,-0.5021138985681235,0.014,0.017,1,Memory B cell
USP20,0.04739612751172758,0.13270509057455637,0.199,0.188,1,Memory B cell
ZDHHC5,0.047403872685371704,0.11619387651440805,0.205,0.195,1,Memory B cell
FAM111A,0.047513906186075275,-10.259956322612425,0.437,0.425,1,Memory B cell
CCDC124,0.0475883245911017,0.3690387502062714,0.196,0.197,1,Memory B cell
HTRA2,0.04761226129290357,0.2701856482375027,0.226,0.217,1,Memory B cell
LAPTM4B,0.04761367478134253,0.21110468555249984,0.027,0.023,1,Memory B cell
SBNO2,0.04765148904852338,0.11213716974044197,0.192,0.182,1,Memory B cell
TRAF6,0.04767521821569818,0.10386554072589571,0.16,0.153,1,Memory B cell
LYSET,0.04778162401949804,0.24229303763781962,0.147,0.14,1,Memory B cell
WDR83,0.04778602600180682,0.19307541613061652,0.058,0.052,1,Memory B cell
DCUN1D4,0.04785108260471885,0.2358542325982239,0.206,0.205,1,Memory B cell
MORC3,0.0478896646436374,-0.25833064490459456,0.656,0.643,1,Memory B cell
UQCRFS1,0.04793733080905465,-0.16346653905435726,0.095,0.104,1,Memory B cell
SH2B1,0.04798772225770283,0.14899898990513333,0.343,0.33,1,Memory B cell
ZNF718,0.0481265205348651,0.13268821750331727,0.128,0.118,1,Memory B cell
METTL7A,0.04815709287729195,-2.7423005209645126,0.746,0.735,1,Memory B cell
DMAC2,0.04821516337375656,-0.10782120421370056,0.114,0.11,1,Memory B cell
ABCA5,0.048243896471899986,0.24023023324275605,0.18,0.174,1,Memory B cell
CISD2,0.048286929704215636,0.17839246595875635,0.146,0.147,1,Memory B cell
ERCC3,0.048287708442834344,0.16233571394300683,0.189,0.178,1,Memory B cell
ITGB2,0.048307604214090735,1.4258003424288628,0.517,0.503,1,Memory B cell
GLRX,0.04834799827886088,4.42804740805299,0.255,0.251,1,Memory B cell
ACSL5,0.048376818562859525,0.6473547009913363,0.317,0.313,1,Memory B cell
CHST2,0.04838649476947597,-0.13701669695955876,0.127,0.117,1,Memory B cell
BCAS2,0.04841542126479895,-0.10646459735446534,0.164,0.176,1,Memory B cell
ST6GALNAC4,0.04851917705777564,-0.10003586587078739,0.153,0.166,1,Memory B cell
MIS18BP1,0.04852848222946209,0.4150637764373113,0.592,0.579,1,Memory B cell
NOD2,0.04855467226623246,0.32649999953829045,0.012,0.011,1,Memory B cell
ZNF622,0.04857293864298601,0.12908430176334684,0.188,0.178,1,Memory B cell
CUTC,0.0487770274987538,0.13187124701718783,0.274,0.263,1,Memory B cell
NDUFB3,0.048781995590547605,0.16124841166944037,0.167,0.163,1,Memory B cell
JADE2,0.04883733156807321,0.12015567637208419,0.338,0.326,1,Memory B cell
KIF15,0.04886848675600891,0.23531752334930633,0.014,0.013,1,Memory B cell
SLC25A39,0.04887081003939001,4.079009050481181,0.33,0.316,1,Memory B cell
MYO1D,0.048874961177891564,-1.7326596649942525,0.173,0.161,1,Memory B cell
TTC27,0.04889292883832321,0.2934823417147122,0.227,0.215,1,Memory B cell
ALKBH4,0.04904796595595613,0.11968969788265627,0.046,0.04,1,Memory B cell
IL10RA,0.049050918206974964,-3.1626023012794615,0.493,0.49,1,Memory B cell
CYB561D2,0.04915494992364483,0.1194470857134674,0.183,0.174,1,Memory B cell
SNX3,0.049300648229356245,-2.654004613284588,0.862,0.855,1,Memory B cell
TRMT10A,0.04930165072637011,0.18853012229405053,0.047,0.042,1,Memory B cell
TM9SF3,0.0494302761193432,0.176227280615316,0.433,0.434,1,Memory B cell
SRD5A3,0.04944284846090891,0.2572390371893425,0.056,0.05,1,Memory B cell
ZNF700,0.049516189518369044,0.13084325550979423,0.314,0.303,1,Memory B cell
EIF3A,0.04956505983611785,3.8651177474912615,0.575,0.57,1,Memory B cell
PPP1R7,0.04971908894543731,-2.019708252859708,0.343,0.331,1,Memory B cell
CDC42EP3,0.04977088079511155,-0.53976209129896,0.288,0.278,1,Memory B cell
FAM107B,0.049906958659620596,-5.126623638174639,0.795,0.792,1,Memory B cell
TAF11,0.04992287564716938,-0.1562324086723558,0.313,0.301,1,Memory B cell
NAB1,0.049948167671970835,0.13833882300629918,0.138,0.131,1,Memory B cell
YY2,0.0499555188804036,0.2710251963119994,0.01,0.008,1,Memory B cell
PLEKHB2,0.050053047034570995,1.2817622274155358,0.33,0.321,1,Memory B cell
IKBIP,0.05007986598371277,0.14673859116792665,0.061,0.055,1,Memory B cell
SYK,0.050166098534570894,-1.8378952884838533,0.75,0.745,1,Memory B cell
WIPF1,0.05022289572925224,1.8909447198740743,0.882,0.878,1,Memory B cell
BCLAF3,0.050258182798484305,0.14027048830286948,0.216,0.204,1,Memory B cell
MSRB1,0.05026704490173035,0.2986032334051405,0.037,0.034,1,Memory B cell
TTLL4,0.050424646182178234,0.16231276087743618,0.103,0.096,1,Memory B cell
CD2BP2,0.05043862940720254,0.1267568747268802,0.252,0.241,1,Memory B cell
SLC35A4,0.05044403881280329,0.1972131280944313,0.306,0.297,1,Memory B cell
SAR1A,0.050454093224173754,0.29474905018590913,0.01,0.009,1,Memory B cell
COPZ1,0.050497522373730536,0.10312803806996584,0.217,0.209,1,Memory B cell
DPH6,0.05054575516994567,0.10928653417277762,0.204,0.193,1,Memory B cell
SLC25A14,0.050555979834883115,0.22199156581402724,0.036,0.031,1,Memory B cell
MZB1,0.0506667819356448,28.644811241006806,0.226,0.219,1,Memory B cell
NETO1,0.050780387016686045,-1.5458393897773157,0.098,0.089,1,Memory B cell
LILRB1,0.05088074274877417,0.2739308423857758,0.321,0.31,1,Memory B cell
SUPT5H,0.05088796200771292,0.9064739762274578,0.506,0.5,1,Memory B cell
MNAT1,0.050925259091713304,0.11051861261043472,0.161,0.152,1,Memory B cell
ATP6V1A,0.050972977420580344,0.23142807977605737,0.223,0.213,1,Memory B cell
CHST15,0.05102190632269553,0.13235119213974644,0.192,0.181,1,Memory B cell
CLUH,0.05105346530839487,0.1149484827591547,0.15,0.142,1,Memory B cell
FCRL3,0.05122542092671152,-21.589386502676568,0.542,0.531,1,Memory B cell
SEMA7A,0.05131084921110582,-4.24569023712727,0.238,0.23,1,Memory B cell
RFFL,0.051389442191911175,0.8134193121629488,0.238,0.226,1,Memory B cell
TSEN15,0.05139347848828332,0.13347095900242767,0.09,0.087,1,Memory B cell
GGH,0.051444265793809896,0.2925682379001766,0.031,0.029,1,Memory B cell
MFGE8,0.05144478932756076,0.24710063888298883,0.021,0.017,1,Memory B cell
TYROBP,0.0515276527208422,0.21440809658703053,0.034,0.029,1,Memory B cell
LY9,0.051612954071200284,29.00229669337064,0.559,0.561,1,Memory B cell
DHFR2,0.05166295566190121,0.2173714983332955,0.055,0.047,1,Memory B cell
ARV1,0.05174086400958115,0.21194002930357136,0.14,0.134,1,Memory B cell
AKAP7,0.05178787094799761,-0.10474351935198878,0.103,0.098,1,Memory B cell
SIRPG,0.0517931721311533,0.49257831984977063,0.01,0.007,1,Memory B cell
TMED3,0.051811016695219876,0.12870203691324766,0.15,0.155,1,Memory B cell
OR2L5,0.051972505007046595,-0.21787460078531407,0.015,0.015,1,Memory B cell
RIPOR1,0.05197592659377686,0.16401953236215805,0.531,0.52,1,Memory B cell
NOL12,0.052033148849903406,0.13541514377823993,0.213,0.206,1,Memory B cell
TAF1A,0.052081722873351,0.16078301503341086,0.181,0.172,1,Memory B cell
CHD2,0.05214601566641018,3.3105326801666717,0.861,0.872,1,Memory B cell
NOP16,0.05217498591834265,7.787871422915858,0.205,0.195,1,Memory B cell
PPP1R18,0.052175602121551805,-1.4902428089023232,0.655,0.644,1,Memory B cell
CCPG1,0.0521862225178526,0.12851956317147994,0.213,0.202,1,Memory B cell
CCDC88A,0.05222793184940263,10.903484603743177,0.129,0.123,1,Memory B cell
HM13,0.05242420149247892,-0.1322962211622385,0.314,0.301,1,Memory B cell
APEX1,0.052462981538297974,0.3077292062779855,0.428,0.421,1,Memory B cell
PARK7,0.05252028809463759,-1.444440726250776,0.261,0.249,1,Memory B cell
ARHGAP9,0.0526159155370935,0.7630481026868974,0.373,0.371,1,Memory B cell
FBXO9,0.05262675827638052,-0.10255502660941068,0.337,0.327,1,Memory B cell
TUBB,0.052679998335888684,0.48856978763016923,0.207,0.195,1,Memory B cell
TTC7A,0.05274682883393413,-2.2087725272942462,0.476,0.465,1,Memory B cell
H4C3,0.05309213715498405,-41.747790924756295,0.22,0.207,1,Memory B cell
COA7,0.05313985582359132,-0.10793629447217379,0.045,0.043,1,Memory B cell
BBS1,0.053166407477104626,0.14915896839772635,0.09,0.082,1,Memory B cell
KIDINS220,0.053425808425979486,0.18238398978825915,0.312,0.302,1,Memory B cell
ITGA2B,0.05352311929128609,1.0652353330128363,0.01,0.011,1,Memory B cell
TBL1XR1,0.05359628039981478,0.2223537671468967,0.537,0.531,1,Memory B cell
DIAPH1,0.053755531535574254,9.395770165191228,0.607,0.602,1,Memory B cell
GNB1L,0.05384194792233829,0.254753421164819,0.05,0.046,1,Memory B cell
NBEA,0.05386877487190573,0.27870414943708166,0.031,0.026,1,Memory B cell
PPP6R2,0.05387599950652708,0.1132903888616168,0.449,0.437,1,Memory B cell
DTNB,0.053920576700804454,0.23583974216295944,0.125,0.12,1,Memory B cell
SLC39A8,0.05392563624778838,0.3038740833870519,0.034,0.031,1,Memory B cell
SLC16A5,0.053929124970315524,0.32529286603065444,0.023,0.019,1,Memory B cell
CLASP2,0.05420594747952591,0.2398350122967835,0.312,0.299,1,Memory B cell
CARS2,0.05421316281372302,0.194285208609577,0.424,0.415,1,Memory B cell
SLC25A35,0.05422883188927835,0.2624079353767401,0.036,0.034,1,Memory B cell
SELP,0.054295419771902165,0.5981825714279667,0.01,0.007,1,Memory B cell
MAPK13,0.05430408180514593,0.13331185990520933,0.188,0.178,1,Memory B cell
PRR22,0.0545366895047274,0.377729843533646,0.022,0.019,1,Memory B cell
PAFAH2,0.054594525125579996,0.25537225014310616,0.051,0.047,1,Memory B cell
MARF1,0.054607591278935316,0.20070972822984334,0.469,0.461,1,Memory B cell
COMMD10,0.05478292368310843,-0.1422774177501696,0.354,0.34,1,Memory B cell
PQBP1,0.05479717489992878,0.25092780334622483,0.307,0.297,1,Memory B cell
CCDC50,0.054868304643623536,-44.835673929084685,0.786,0.778,1,Memory B cell
MXRA7,0.05491620628859927,0.23921261754233836,0.058,0.062,1,Memory B cell
SSR4,0.054995818542935365,-1.308224823383326,0.38,0.377,1,Memory B cell
NSUN5,0.05502404075551128,0.16212421620945516,0.098,0.09,1,Memory B cell
PLXNA1,0.05504046308731924,-0.3886696131766936,0.014,0.015,1,Memory B cell
CHCHD4,0.05516262722858995,0.2202878001554005,0.06,0.055,1,Memory B cell
FDXACB1,0.05518487247296427,0.151185836998327,0.042,0.036,1,Memory B cell
DNAH8,0.055224532487316354,0.6720403185874604,0.035,0.03,1,Memory B cell
APOBEC3D,0.055225161582795834,0.13681781281828065,0.145,0.135,1,Memory B cell
ZSCAN29,0.05526764713931839,0.1647190559363767,0.145,0.144,1,Memory B cell
MTERF3,0.05526857028006412,0.1430409854885084,0.118,0.109,1,Memory B cell
VDAC1,0.055445420822883784,0.17823068472123682,0.175,0.166,1,Memory B cell
ZC3H13,0.05544804455959012,0.11493265933054198,0.226,0.213,1,Memory B cell
LRRC45,0.05549664079659837,0.16083840126961801,0.041,0.036,1,Memory B cell
POLDIP2,0.05550894668740351,-0.12984395860537634,0.283,0.271,1,Memory B cell
WDR17,0.05567646297187643,0.21667457662821832,0.056,0.049,1,Memory B cell
ZNF135,0.0556985953103061,0.14351398790135406,0.017,0.014,1,Memory B cell
ABCA7,0.05569860232251282,0.3281878401897229,0.367,0.355,1,Memory B cell
CAST,0.055724927618116614,0.30151248169399514,0.569,0.558,1,Memory B cell
BIN1,0.05582726276773414,1.1519171370332701,0.695,0.696,1,Memory B cell
BOP1,0.055957302214478324,0.15804820466517544,0.117,0.112,1,Memory B cell
RAE1,0.056051144129089917,0.15934595636217397,0.178,0.167,1,Memory B cell
POMT2,0.05606648341156221,-0.16336956302657768,0.023,0.022,1,Memory B cell
NDUFB8,0.056142386737164936,-0.26810456660442167,0.35,0.338,1,Memory B cell
SPINT1,0.05622270643321337,0.22238497155985515,0.075,0.068,1,Memory B cell
C12orf75,0.05629792906196125,0.4995847697482283,0.166,0.157,1,Memory B cell
GPSM3,0.05632512954851159,0.9135702278760647,0.781,0.773,1,Memory B cell
ZDHHC21,0.056359413957684665,-0.20144609566081417,0.533,0.531,1,Memory B cell
SPARC,0.05642991133332583,-4.179892826597415,0.014,0.011,1,Memory B cell
FBH1,0.05644647264436975,0.254670741347782,0.365,0.362,1,Memory B cell
PHF3,0.05651829804753913,0.19350579011225388,0.525,0.535,1,Memory B cell
HIBCH,0.0565404020725749,0.21370068768617267,0.097,0.091,1,Memory B cell
TALDO1,0.05682347039076799,0.3090497902769509,0.249,0.241,1,Memory B cell
SQSTM1,0.05682918358703137,34.41119144319776,0.644,0.653,1,Memory B cell
NELFA,0.056835617695969724,0.11625973974415181,0.261,0.249,1,Memory B cell
QDPR,0.05684055360545906,0.1689041140728209,0.078,0.073,1,Memory B cell
HNRNPM,0.05688855776411263,0.6504471087658954,0.491,0.496,1,Memory B cell
PRR7,0.05690473472244906,-0.2462575565646823,0.112,0.116,1,Memory B cell
TELO2,0.05699935696340195,0.16905795544954694,0.217,0.209,1,Memory B cell
CFAP20,0.05712736445393396,0.137221300735497,0.115,0.113,1,Memory B cell
ANXA5,0.0571997698644568,-2.0936585014656903,0.388,0.384,1,Memory B cell
SPATA33,0.057293376620497154,0.24549364343794755,0.06,0.055,1,Memory B cell
TLK2,0.05739720446992905,-0.12376454765219114,0.164,0.17,1,Memory B cell
UNG,0.05745699245707818,0.18500270014300524,0.051,0.045,1,Memory B cell
STX18,0.05746470576251487,0.15261611033628597,0.054,0.052,1,Memory B cell
TNNT3,0.057545172669814744,0.4002223774841971,0.016,0.014,1,Memory B cell
MAP2K5,0.05755907699981988,-0.14926426492261347,0.115,0.125,1,Memory B cell
ZNF609,0.05757262317506417,0.33637353594055797,0.281,0.274,1,Memory B cell
HSPA6,0.05757263737396358,-2.7327206825733317,0.307,0.298,1,Memory B cell
EIF4E3,0.057627677412606285,-0.45266182471619415,0.071,0.065,1,Memory B cell
PSMB7,0.057643166348497824,0.1204424126095116,0.125,0.119,1,Memory B cell
RFX1,0.057644186415293244,0.3670958729410163,0.138,0.142,1,Memory B cell
ZNF544,0.05781345702590057,0.13206990602888036,0.216,0.211,1,Memory B cell
FHIT,0.057959320630504595,1.0472643272654842,0.031,0.027,1,Memory B cell
CA5B,0.05804072397527656,0.27478467546255203,0.116,0.109,1,Memory B cell
CRKL,0.05809832356822679,0.13429008380768337,0.404,0.407,1,Memory B cell
RANGAP1,0.05820306946656527,0.10983421893145784,0.172,0.167,1,Memory B cell
SGK3,0.05823539148859526,0.2208962907420967,0.192,0.184,1,Memory B cell
TUBB2A,0.05830117562429158,-0.9787802465358499,0.077,0.086,1,Memory B cell
METRNL,0.05835751752227203,-0.1467528502670019,0.072,0.067,1,Memory B cell
ALOX5,0.05843928535706072,31.664517670847196,0.812,0.807,1,Memory B cell
MAP1LC3B,0.058446175976173964,1.7722256731928079,0.409,0.421,1,Memory B cell
NEIL2,0.05853451903923394,0.18073030560513503,0.094,0.087,1,Memory B cell
ZKSCAN4,0.05857041911499532,0.1495172594376455,0.042,0.037,1,Memory B cell
ZNF696,0.05858799604237763,0.17951087069067073,0.056,0.051,1,Memory B cell
CDIN1,0.05861053693115649,0.16324338173858388,0.057,0.051,1,Memory B cell
GCH1,0.05861292323556775,0.18074095790219102,0.054,0.048,1,Memory B cell
TCAIM,0.058627603294929206,-0.19700842267314989,0.125,0.117,1,Memory B cell
MIDEAS,0.058718410938556655,0.3031251034822082,0.568,0.563,1,Memory B cell
CDC40,0.05886721392275159,0.16351890025583282,0.247,0.237,1,Memory B cell
FAM50A,0.059099990653372146,0.1235418449185729,0.2,0.189,1,Memory B cell
EIF4A3,0.0591276114594999,1.0652066157307276,0.311,0.296,1,Memory B cell
TCF4,0.0592757540956842,1.3014666016601808,0.647,0.635,1,Memory B cell
TSEN54,0.05928699358937071,-0.1847552588883561,0.1,0.096,1,Memory B cell
ZRANB2,0.059346124252537255,0.24144926306683479,0.648,0.638,1,Memory B cell
MTMR4,0.05947072270325043,0.16298985662151189,0.353,0.34,1,Memory B cell
PDPR,0.059495015290820553,0.13407240615774246,0.289,0.284,1,Memory B cell
CNDP2,0.05953925870613129,-6.679607413102649,0.673,0.674,1,Memory B cell
TRIM13,0.059580586417622435,0.12114487332357128,0.276,0.264,1,Memory B cell
RC3H1,0.05958198580396111,0.1722085467227481,0.371,0.361,1,Memory B cell
SSBP3,0.059664960369320355,0.7928352222697815,0.116,0.112,1,Memory B cell
PREB,0.05968067842725844,0.16018071674132173,0.184,0.176,1,Memory B cell
RUFY1,0.05993471727867354,0.4130588172133891,0.411,0.401,1,Memory B cell
THOC6,0.05995832909547886,0.10085308823526162,0.097,0.088,1,Memory B cell
PHF20L1,0.06004535004255067,0.1690085137752136,0.279,0.268,1,Memory B cell
SMPD3,0.060093666495957924,0.12604820635079506,0.045,0.049,1,Memory B cell
UTP11,0.06009776841388403,0.20197305668272003,0.043,0.04,1,Memory B cell
PLGRKT,0.06015427250694606,0.24228161494100098,0.113,0.105,1,Memory B cell
DGLUCY,0.06025774497487685,-0.2928672121342297,0.257,0.246,1,Memory B cell
SETDB1,0.06032323004127178,0.1681524531403602,0.389,0.382,1,Memory B cell
MIEF2,0.0604312713013985,0.2794081009972178,0.025,0.022,1,Memory B cell
KCNC3,0.06058983196636753,0.23479877872474209,0.083,0.075,1,Memory B cell
BEND5,0.06066158730492888,0.12690254495460707,0.13,0.121,1,Memory B cell
CHST11,0.06067948385971323,0.2457328285021067,0.319,0.306,1,Memory B cell
ZFP2,0.060701057737567676,-0.3519112657902417,0.01,0.01,1,Memory B cell
DCPS,0.060724105244799986,0.12738340660951297,0.115,0.106,1,Memory B cell
LLPH,0.060755183508538146,0.14131991301007474,0.196,0.205,1,Memory B cell
CSF2RB,0.06075980444902199,-0.6386330286031809,0.136,0.128,1,Memory B cell
LAMTOR5,0.060796181480410036,0.2825253059371742,0.254,0.245,1,Memory B cell
DCTD,0.06081505341901685,0.18568447067658234,0.41,0.398,1,Memory B cell
LY6E,0.06083282253237664,5.093055564656783,0.559,0.549,1,Memory B cell
KLF11,0.060846188997545604,-0.22422582594752433,0.255,0.267,1,Memory B cell
BCL6,0.06087610113678826,0.4013638660329353,0.085,0.081,1,Memory B cell
TMSB15B,0.06111726989978212,0.11454391457949287,0.057,0.057,1,Memory B cell
JPT2,0.06119137401212883,0.11051268816040882,0.235,0.224,1,Memory B cell
ZBTB22,0.06123005331716548,0.2406267268243475,0.194,0.184,1,Memory B cell
NMT2,0.061306393591713804,0.20727115248653893,0.053,0.052,1,Memory B cell
PPP2R5D,0.061406550367603716,0.15233097710773058,0.164,0.154,1,Memory B cell
THOP1,0.061636032890882826,0.17884700548624366,0.112,0.105,1,Memory B cell
ISCU,0.0616661138572058,1.5968666841686563,0.784,0.778,1,Memory B cell
DESI2,0.06173883652019537,0.15616055113844185,0.128,0.119,1,Memory B cell
SEC11A,0.061748870865392415,0.51933335030518,0.412,0.402,1,Memory B cell
MAGED2,0.0621326866224915,-0.13985105722027502,0.274,0.264,1,Memory B cell
SH3GLB1,0.06216057829505004,-0.36584009064371603,0.441,0.429,1,Memory B cell
KIFAP3,0.062172417818245986,0.1501695283767659,0.075,0.068,1,Memory B cell
TSEN2,0.062319084054745504,0.1864810348927799,0.052,0.046,1,Memory B cell
LEPR,0.06234183043020569,0.46332616750436184,0.011,0.01,1,Memory B cell
SPACA9,0.06234307059594825,0.4092178738217358,0.027,0.022,1,Memory B cell
HDAC4,0.06238351058147465,0.2468882141614941,0.06,0.054,1,Memory B cell
RETSAT,0.0624413242343573,0.10578718770287754,0.085,0.078,1,Memory B cell
MCF2,0.06268634663691543,0.4512223581972563,0.012,0.01,1,Memory B cell
TBC1D25,0.0627054941266611,0.15754529309186305,0.089,0.082,1,Memory B cell
LARP4B,0.06273220835806213,0.12189785616248405,0.372,0.361,1,Memory B cell
UBE2I,0.06288137507621173,6.954737864007864,0.713,0.702,1,Memory B cell
TMEM129,0.06292800909419105,0.16466906423498306,0.153,0.145,1,Memory B cell
SIGLEC14,0.06302145625398463,0.16028488071549196,0.166,0.155,1,Memory B cell
PJA2,0.06302588571777677,-0.20319621787828268,0.636,0.633,1,Memory B cell
IMPA1,0.06323058499711658,0.49536125918152135,0.225,0.218,1,Memory B cell
RXRA,0.063245588194752,0.159907190368747,0.034,0.029,1,Memory B cell
UBAP1,0.06331247958072586,0.18167298094078932,0.153,0.147,1,Memory B cell
HEXIM1,0.06350753334716269,-0.668073663416989,0.409,0.415,1,Memory B cell
NUP93,0.06354090523697221,0.14696838032084691,0.216,0.207,1,Memory B cell
CNPPD1,0.06378676587670132,1.4715434380573509,0.552,0.539,1,Memory B cell
SRRM5,0.06379335252301285,-0.7176282315782414,0.015,0.018,1,Memory B cell
KIAA0586,0.06393188406722194,0.1293831421993421,0.185,0.179,1,Memory B cell
RBL1,0.06403498430617083,0.21378876075623754,0.197,0.189,1,Memory B cell
NSF,0.06407170884420352,0.5139251040430923,0.238,0.233,1,Memory B cell
CCDC191,0.06408337995591379,0.12310525283325546,0.145,0.139,1,Memory B cell
OXNAD1,0.064112378366836,0.16795247249578835,0.126,0.12,1,Memory B cell
PPM1F,0.06427168890010992,0.17629495760967284,0.151,0.141,1,Memory B cell
NUDT17,0.0644314864448539,0.21241855223776662,0.04,0.034,1,Memory B cell
ZC3H7A,0.06454731990941946,0.14553942144276194,0.298,0.289,1,Memory B cell
TP53I11,0.06461151169418122,0.14904437525470993,0.109,0.102,1,Memory B cell
TAF10,0.06466092061035886,0.5062730651270329,0.39,0.38,1,Memory B cell
MDH1,0.06466285364284358,0.12201447881660132,0.122,0.115,1,Memory B cell
TXNIP,0.06470102440576457,-29.79412855310298,0.995,0.995,1,Memory B cell
OAS3,0.06486994185330203,13.003490326906343,0.079,0.072,1,Memory B cell
EGR3,0.06488706443357213,-30.51627798466584,0.014,0.013,1,Memory B cell
RTF1,0.06489196696048338,-0.188384985273635,0.409,0.398,1,Memory B cell
MXD3,0.06503338867942889,-0.7413897430288063,0.016,0.018,1,Memory B cell
CD200R1,0.06524185372899005,0.5837795120696997,0.185,0.177,1,Memory B cell
PHKG1,0.06525556815250284,-0.4283915301305461,0.009,0.01,1,Memory B cell
WDR33,0.0656107658344605,0.4206527127438049,0.672,0.666,1,Memory B cell
VPS4B,0.06574106865823474,0.15238481082228583,0.426,0.412,1,Memory B cell
GCLC,0.06583697737292729,0.10411443492676298,0.184,0.174,1,Memory B cell
PACS1,0.06583735598044525,-13.590971539546587,0.616,0.611,1,Memory B cell
RASSF2,0.06595594691853467,1.8945299616974096,0.541,0.539,1,Memory B cell
DTWD2,0.06599332674788302,0.15506076919590317,0.096,0.088,1,Memory B cell
PTPRJ,0.06604532262208027,-0.8030935233022376,0.39,0.38,1,Memory B cell
NFATC1,0.06606232375608645,0.39538140982355907,0.476,0.466,1,Memory B cell
OAS2,0.06620009753869573,8.232065463435013,0.475,0.465,1,Memory B cell
ATXN1,0.0662050018026868,0.6086273584918287,0.123,0.116,1,Memory B cell
MAP10,0.06625171780226646,0.28760702564946516,0.023,0.02,1,Memory B cell
RTL8C,0.0662964056640365,0.17639769566260588,0.088,0.081,1,Memory B cell
DHRS12,0.06631660207446047,0.23197543409015542,0.14,0.131,1,Memory B cell
CLTA,0.06638413969741662,0.11289102466799106,0.146,0.137,1,Memory B cell
CLNK,0.06646485505571458,-1.5463066306391673,0.062,0.055,1,Memory B cell
DDX56,0.06650992572839985,0.27184006701577856,0.227,0.216,1,Memory B cell
ARHGEF1,0.06664890258261917,1.9858295567645072,0.81,0.81,1,Memory B cell
NCOA5,0.06668573529038128,0.1735999483304268,0.213,0.206,1,Memory B cell
PARP8,0.06688143323068103,0.23330107972985137,0.328,0.321,1,Memory B cell
CCT3,0.06688595717006567,0.17495591732112636,0.188,0.178,1,Memory B cell
PLXNA3,0.06697666984002883,0.36919466552264946,0.225,0.216,1,Memory B cell
REEP5,0.0670151049014315,0.5648803008491163,0.551,0.537,1,Memory B cell
CINP,0.06712351442388226,0.13864015202854452,0.123,0.115,1,Memory B cell
FBXL20,0.06716961478984214,0.14842473370754572,0.179,0.176,1,Memory B cell
TCF7,0.06718535921514482,5.7667167878806485,0.23,0.225,1,Memory B cell
SEC14L1,0.06766801478663469,-0.4913144555852487,0.275,0.264,1,Memory B cell
IL23A,0.06772769648823096,0.22075765596444485,0.051,0.045,1,Memory B cell
RTL10,0.06775603837745695,0.1048026010065155,0.081,0.08,1,Memory B cell
ESCO1,0.06787547786949223,0.12715434111324075,0.214,0.205,1,Memory B cell
ARHGEF5,0.06793603998972232,0.18643289882462888,0.032,0.028,1,Memory B cell
C3orf14,0.0679367073699044,0.7476308951659596,0.021,0.017,1,Memory B cell
ASPHD2,0.06801013066069034,-0.20818620218478978,0.055,0.061,1,Memory B cell
HDHD2,0.06807541890522621,0.21121373877459448,0.302,0.296,1,Memory B cell
FKBP14,0.06818847294183068,0.11489987801767931,0.043,0.038,1,Memory B cell
RGS12,0.06819638594158457,0.3825145766596325,0.011,0.009,1,Memory B cell
PHF11,0.06820183158631019,0.45788863988236006,0.466,0.452,1,Memory B cell
MGA,0.06833664843009625,0.13274551656776712,0.335,0.324,1,Memory B cell
TLR4,0.0684408519468345,-0.12886179367751494,0.043,0.043,1,Memory B cell
INTS2,0.0686501718038165,0.10104480369316904,0.115,0.108,1,Memory B cell
RMDN3,0.0688050583336215,0.10457602106696262,0.094,0.094,1,Memory B cell
HDAC1,0.06884302074355778,0.8755520162716381,0.584,0.572,1,Memory B cell
POLH,0.06889714458231624,-1.377712652629238,0.224,0.213,1,Memory B cell
COG7,0.06890620253087808,0.10234501178959665,0.167,0.161,1,Memory B cell
TMEM245,0.06897582287504521,0.14595386489015894,0.27,0.26,1,Memory B cell
CLMN,0.0689928794685106,-0.14538991663495393,0.11,0.104,1,Memory B cell
STAG3,0.06901788078177176,0.3987123711401179,0.036,0.032,1,Memory B cell
ZNF460,0.06903869090835099,0.11686565510477928,0.29,0.283,1,Memory B cell
STRADB,0.0691413620078458,0.11094816251188022,0.122,0.114,1,Memory B cell
ZMIZ2,0.06917732392244619,0.40323797344533574,0.564,0.564,1,Memory B cell
ARHGAP35,0.06919156860635196,-0.1115604108269197,0.253,0.248,1,Memory B cell
FICD,0.06928535114701928,0.29654709120717637,0.034,0.029,1,Memory B cell
PSMB5,0.06935454245911542,-0.19580008518426917,0.116,0.11,1,Memory B cell
NDUFA8,0.06936688390572403,0.10916843509800023,0.182,0.173,1,Memory B cell
TMBIM1,0.06949673358532321,0.9498493897655333,0.408,0.396,1,Memory B cell
AKAP13,0.06966008068917481,0.7183757272231528,0.723,0.714,1,Memory B cell
HSP90AA1,0.06968300958593718,34.83134579273687,0.527,0.545,1,Memory B cell
RAB20,0.06969005073455078,0.3083765605811628,0.011,0.01,1,Memory B cell
CSK,0.0698405406201212,7.134530228673608,0.851,0.844,1,Memory B cell
ARL2,0.06984391580376749,0.2026388987385759,0.243,0.235,1,Memory B cell
USP25,0.069862197343655,-0.13121855175602848,0.531,0.527,1,Memory B cell
PRSS21,0.0699441440295955,-0.1378723992074793,0.021,0.018,1,Memory B cell
LMAN2L,0.06997732516084673,0.12945244232397446,0.065,0.059,1,Memory B cell
DCTN6,0.0700271633134111,0.18936562887713426,0.195,0.186,1,Memory B cell
C7orf25,0.07004814964349694,0.10598965624483858,0.11,0.103,1,Memory B cell
FKBPL,0.07006351891359215,-0.15125057603854852,0.015,0.014,1,Memory B cell
STK16,0.07007867956925783,0.12162250881838221,0.151,0.143,1,Memory B cell
NDUFB10,0.07019290902137217,-0.4400778419030966,0.397,0.387,1,Memory B cell
EEFSEC,0.07026558544858069,0.14397145177547,0.139,0.131,1,Memory B cell
RSAD2,0.07032855892020866,0.5807796519301274,0.019,0.017,1,Memory B cell
R3HDM4,0.07037730306153439,-0.22420852382849965,0.638,0.632,1,Memory B cell
GLB1,0.07039562909770364,-0.18846128954111796,0.25,0.238,1,Memory B cell
MEX3C,0.07056493323718131,0.17533281113011723,0.369,0.355,1,Memory B cell
UACA,0.0709508819989617,0.2233403631695916,0.019,0.015,1,Memory B cell
BLTP1,0.07105249204729693,-0.12461431968610248,0.374,0.364,1,Memory B cell
SUB1,0.07112924744015416,-10.117777797043626,0.535,0.524,1,Memory B cell
GNLY,0.07123471795476913,26.02046294276336,0.058,0.057,1,Memory B cell
VTA1,0.07124084135601204,0.1826601046800721,0.246,0.239,1,Memory B cell
ZBED2,0.07126984166691515,-0.301612821880032,0.017,0.014,1,Memory B cell
SNAI3,0.07142973091549351,0.16124042305579067,0.07,0.062,1,Memory B cell
SLC1A4,0.0716082319444831,-0.1184479314448228,0.033,0.03,1,Memory B cell
KLRF1,0.07195824272850895,6.48461999830473,0.022,0.018,1,Memory B cell
GCNA,0.072012396717539,0.22236667307222113,0.035,0.03,1,Memory B cell
ZNF681,0.07230371678982184,-0.13304504947922613,0.057,0.057,1,Memory B cell
SLC30A7,0.0723225354038015,0.11015912033371089,0.199,0.188,1,Memory B cell
HAPSTR1,0.07234166837723578,-0.54073799016088,0.649,0.651,1,Memory B cell
UBALD1,0.07239981368710761,0.22796535591031786,0.035,0.031,1,Memory B cell
ZNF404,0.07248030300428224,-0.24810657525960522,0.04,0.046,1,Memory B cell
RSRC2,0.07250502012259202,0.6042448288117352,0.559,0.548,1,Memory B cell
LACTB,0.07257078052656007,0.16751364107823186,0.077,0.079,1,Memory B cell
C11orf54,0.07269949136643694,0.12598135170398728,0.197,0.188,1,Memory B cell
ATRNL1,0.07280712614115722,-0.6625831169404393,0.068,0.066,1,Memory B cell
HIBADH,0.07286238725857026,0.131695589694373,0.065,0.065,1,Memory B cell
LRRC58,0.07290168596837968,0.1301944190404467,0.166,0.158,1,Memory B cell
SRSF6,0.07323028550511522,-0.18295732111955987,0.052,0.057,1,Memory B cell
FRYL,0.07334077789999656,-0.2559816540735438,0.427,0.417,1,Memory B cell
KDM2B,0.07338933635546634,-0.8120000970791583,0.42,0.409,1,Memory B cell
PARS2,0.07339446275378601,0.17478768372090414,0.021,0.018,1,Memory B cell
SAMM50,0.07343311313598574,0.11034002026980283,0.153,0.143,1,Memory B cell
NDUFB11,0.07349859303500833,-0.2738568201223439,0.457,0.447,1,Memory B cell
PRR5,0.07350942490129982,-0.13405879345589078,0.064,0.061,1,Memory B cell
FLI1,0.07371321980379163,10.416237188677364,0.711,0.706,1,Memory B cell
COX6A1,0.0737545904252652,-0.6879201613055357,0.349,0.34,1,Memory B cell
ROR1,0.07378442179828881,1.5221935340797303,0.018,0.018,1,Memory B cell
KRBOX5,0.07378474548136665,-0.11083796641726451,0.019,0.019,1,Memory B cell
USF3,0.0738462814202789,0.2887498232870553,0.262,0.251,1,Memory B cell
ZFP36,0.07392097517050024,8.681888324317793,0.559,0.569,1,Memory B cell
TRIM59,0.07392319626590212,-0.12789969147047997,0.157,0.152,1,Memory B cell
ZNF346,0.07410648655063662,0.2763472153542147,0.174,0.169,1,Memory B cell
SPIB,0.07423295631185015,-5.710891243523719,0.79,0.78,1,Memory B cell
GPATCH11,0.07429273859303116,0.1477324139261357,0.277,0.264,1,Memory B cell
TAOK2,0.07430166577263003,0.1326629168222292,0.218,0.208,1,Memory B cell
EIF5B,0.07431941999972959,0.5126429458024699,0.349,0.338,1,Memory B cell
MFSD9,0.07444134623262658,0.1263242611478259,0.07,0.07,1,Memory B cell
LY75,0.0744956950572779,0.14576602238459435,0.361,0.348,1,Memory B cell
CYTIP,0.0745963502781294,6.282084111980641,0.773,0.767,1,Memory B cell
CHIT1,0.07470040296493739,0.2605817154222869,0.013,0.011,1,Memory B cell
PLRG1,0.07482267554850736,0.15367954601296566,0.292,0.281,1,Memory B cell
DAPK3,0.07482992817205898,0.10789679961452503,0.165,0.156,1,Memory B cell
SLC36A1,0.07494077472210789,0.14475050078127394,0.08,0.074,1,Memory B cell
CITED2,0.07511191851737621,0.8750386257979323,0.194,0.185,1,Memory B cell
EPS8L2,0.0752791964308861,0.21240665938764147,0.045,0.04,1,Memory B cell
CATSPER2,0.07535860035354651,0.17155372872820562,0.056,0.052,1,Memory B cell
ZNF75A,0.07537059838412076,-0.18072227289788878,0.337,0.327,1,Memory B cell
DDX1,0.07538587770079859,1.9732405065480685,0.357,0.349,1,Memory B cell
DBF4B,0.07549616563432579,0.1568133091054209,0.049,0.044,1,Memory B cell
FBXL3,0.0754981897820932,0.17153829299922174,0.589,0.579,1,Memory B cell
ZSCAN30,0.07550057445014395,-1.1575440210036048,0.206,0.199,1,Memory B cell
PRTFDC1,0.07553086858261175,0.5355626464934877,0.01,0.007,1,Memory B cell
GLS,0.07567889894754919,0.2168067559388125,0.469,0.457,1,Memory B cell
LAT2,0.07572733584795405,-1.1784940111080497,0.556,0.569,1,Memory B cell
ZNF563,0.07580011872717941,0.26516990532833784,0.045,0.039,1,Memory B cell
SNN,0.07584206398351656,-0.2367800077883189,0.242,0.248,1,Memory B cell
DISC1,0.07584726790289527,0.2328884177130366,0.046,0.043,1,Memory B cell
EMC4,0.07585861002435948,0.26383292959757676,0.43,0.425,1,Memory B cell
NPIPB15,0.07592751845585026,-0.19656801541291546,0.02,0.021,1,Memory B cell
USP21,0.07608604349726769,0.13742177850643844,0.14,0.131,1,Memory B cell
TTC9,0.07611655417886186,1.0408634181708474,0.443,0.433,1,Memory B cell
SQOR,0.07619652406876032,0.14384690557632795,0.174,0.165,1,Memory B cell
MAP2K6,0.07621765811640639,0.2076589985108135,0.082,0.074,1,Memory B cell
NCSTN,0.07627867785994666,0.3629067036749898,0.423,0.419,1,Memory B cell
RANGRF,0.07632898976558855,-0.18197361900747322,0.192,0.2,1,Memory B cell
MINPP1,0.07635181333471794,0.14724755275913104,0.07,0.064,1,Memory B cell
GUCD1,0.0763609494604728,1.1785929049476689,0.588,0.584,1,Memory B cell
SLC22A18,0.07640199892427758,0.23543411740103615,0.042,0.038,1,Memory B cell
CENPB,0.07642182427561194,0.17030417577478407,0.221,0.212,1,Memory B cell
FAAH,0.07650618101792347,0.38649768363550674,0.012,0.011,1,Memory B cell
QRICH1,0.07654303809137482,0.2775813742600537,0.502,0.492,1,Memory B cell
FRA10AC1,0.07656306331278319,0.14388908619197788,0.24,0.235,1,Memory B cell
APP,0.07661074840741634,0.2980130499659101,0.256,0.259,1,Memory B cell
DHX8,0.07666724681894972,0.10265508525954548,0.263,0.257,1,Memory B cell
TCERG1,0.07672137210400913,-0.7426165593595739,0.466,0.452,1,Memory B cell
CEP350,0.07672239303126872,2.681736599041871,0.454,0.444,1,Memory B cell
PANX1,0.07678048412770248,0.12085438665884318,0.082,0.078,1,Memory B cell
HEATR6,0.07682889103728283,-0.1807069262416321,0.097,0.101,1,Memory B cell
MSL2,0.07692054037169091,0.3268158160999586,0.584,0.581,1,Memory B cell
POLR2F,0.07693609997406316,0.17561594854071627,0.073,0.066,1,Memory B cell
FAM200A,0.07695048949596364,0.14474526402088372,0.049,0.044,1,Memory B cell
SERTAD2,0.07707342275324251,0.13588357576501564,0.425,0.438,1,Memory B cell
AMMECR1,0.0770999229639697,-0.13294189002645673,0.088,0.095,1,Memory B cell
ICAM3,0.07710221890413259,4.103404961167614,0.49,0.481,1,Memory B cell
NONO,0.07711792031989023,0.4374135762658078,0.419,0.41,1,Memory B cell
UBALD2,0.07717924269533866,-0.14582882879770587,0.092,0.091,1,Memory B cell
RRAS,0.07719593599125911,0.4618929257899449,0.052,0.047,1,Memory B cell
CBLL1,0.0772605939978409,-0.11129806927225355,0.318,0.317,1,Memory B cell
ARPC1A,0.07740872318261764,0.10624137866484473,0.225,0.214,1,Memory B cell
TUBB1,0.07744519904829911,2.9302003567592774,0.017,0.014,1,Memory B cell
SNPH,0.07747633873624515,0.2644687282586,0.019,0.016,1,Memory B cell
STK24,0.0775154220300153,-0.6708462997379967,0.585,0.576,1,Memory B cell
MAPK7,0.07762519346230665,0.11542886730777702,0.135,0.127,1,Memory B cell
CANT1,0.07768043601169769,0.19616338017473844,0.17,0.162,1,Memory B cell
ACBD5,0.0777836774377865,0.15494128662848095,0.186,0.177,1,Memory B cell
FLCN,0.07781139077424766,0.15416199699849154,0.142,0.138,1,Memory B cell
GLIPR2,0.07785398351657848,0.20980911532069602,0.145,0.138,1,Memory B cell
H3-5,0.07788684518475143,0.19140882372367773,0.04,0.037,1,Memory B cell
ATG5,0.07804223142739572,-0.12755582416543976,0.296,0.289,1,Memory B cell
MAL,0.07809860602350983,-0.8993148122598973,0.034,0.028,1,Memory B cell
TSR3,0.07817621172018306,0.20735692779838077,0.333,0.321,1,Memory B cell
TXNDC17,0.07827725809992901,-0.850057843831462,0.186,0.178,1,Memory B cell
NUP35,0.07828369571208896,0.12097450446428981,0.081,0.074,1,Memory B cell
HABP4,0.07831773574011165,0.11074358830503561,0.142,0.133,1,Memory B cell
MCTS1,0.07834026326460462,0.2027669283101674,0.27,0.259,1,Memory B cell
COMTD1,0.07838703151664947,0.2026502707244897,0.047,0.041,1,Memory B cell
FBXL19,0.07851265285859325,0.13415081329785772,0.106,0.102,1,Memory B cell
NCALD,0.07852781587200582,1.0906441359777634,0.01,0.007,1,Memory B cell
MUL1,0.07861970814482395,-0.29337655778458593,0.092,0.097,1,Memory B cell
CYBC1,0.07898556243077538,2.4363916727703403,0.632,0.622,1,Memory B cell
RNF41,0.07901645093530875,0.10015268002190542,0.35,0.34,1,Memory B cell
ABITRAM,0.07901650135462773,0.295399233763467,0.02,0.016,1,Memory B cell
ELMO3,0.07915490695916796,0.22518520642927697,0.021,0.019,1,Memory B cell
TMEM106B,0.07918492318784753,-0.21787631599337953,0.308,0.297,1,Memory B cell
EXD3,0.07920540877615984,0.12513319575223347,0.058,0.052,1,Memory B cell
CCNG1,0.07935107980539077,-1.1182718619755105,0.428,0.419,1,Memory B cell
CCDC7,0.07936171265689107,0.22555762178291444,0.211,0.202,1,Memory B cell
ENO1,0.07941045718726196,26.0207241153659,0.413,0.405,1,Memory B cell
DNASE1,0.07957729608068378,-0.14203417232841886,0.069,0.068,1,Memory B cell
POP4,0.07959014604614746,0.2788812521175104,0.19,0.182,1,Memory B cell
VSIG1,0.07963081722717492,-0.1837631638303434,0.046,0.045,1,Memory B cell
TMCO1,0.0798129787815952,2.334624654537423,0.467,0.458,1,Memory B cell
CRY1,0.0799564440011364,0.2930335628580307,0.032,0.028,1,Memory B cell
BATF,0.08000130405858114,0.25840175818031286,0.073,0.069,1,Memory B cell
TMCO3,0.08001007450089752,0.39272493527379115,0.148,0.141,1,Memory B cell
ABHD16A,0.08008421972571365,0.15862096150191318,0.155,0.148,1,Memory B cell
RER1,0.08010032572551921,0.18830775206507333,0.538,0.531,1,Memory B cell
FBXO7,0.08022511794064656,-0.6233172746044837,0.529,0.516,1,Memory B cell
ELP5,0.08023947371009905,0.10041825242811164,0.174,0.165,1,Memory B cell
DOCK11,0.08024518728832217,0.9653326066254699,0.718,0.723,1,Memory B cell
OR56B1,0.08030759937588572,0.20929096733596841,0.03,0.03,1,Memory B cell
AVPI1,0.08048081629448271,0.18100675861305238,0.025,0.021,1,Memory B cell
SMIM8,0.08052567071375852,0.10268532342029557,0.157,0.148,1,Memory B cell
ACSS2,0.08066995064430918,0.20269320508213617,0.044,0.039,1,Memory B cell
NXPH4,0.08076163624861271,0.2984132115379319,0.084,0.087,1,Memory B cell
IWS1,0.08083092422334814,-0.1728421340311208,0.378,0.365,1,Memory B cell
YBX1,0.0808559054526508,11.580930986237073,0.663,0.652,1,Memory B cell
KLF12,0.08087074750276851,-0.203375971327038,0.443,0.431,1,Memory B cell
GAK,0.08099319254765454,-0.5295101361396499,0.488,0.476,1,Memory B cell
BASP1,0.08106180888764503,-1.0447752391220684,0.467,0.456,1,Memory B cell
UBE3C,0.08115367544077201,1.4689128739088053,0.482,0.479,1,Memory B cell
SLC4A1AP,0.08161501600479365,0.17193252745794774,0.154,0.144,1,Memory B cell
HP1BP3,0.08173718113709946,-0.12451080072393306,0.38,0.379,1,Memory B cell
TNFSF9,0.08178912706874059,-0.4575736461000903,0.055,0.061,1,Memory B cell
SAAL1,0.08191796061766216,0.15152755738939172,0.097,0.093,1,Memory B cell
AGFG2,0.08193544990413795,0.16980687713169385,0.057,0.052,1,Memory B cell
MCCC2,0.08207470683953023,0.10518212226692814,0.167,0.157,1,Memory B cell
ME2,0.08219163878567792,11.546354278975008,0.321,0.312,1,Memory B cell
CNNM4,0.08225764849790237,0.11129272173383298,0.271,0.261,1,Memory B cell
FADS3,0.08226177233701525,0.15819049380910188,0.072,0.065,1,Memory B cell
LTO1,0.08229832639255329,0.1697585294126096,0.074,0.067,1,Memory B cell
VANGL1,0.08233523395792317,-0.25968867103942905,0.016,0.016,1,Memory B cell
SLC25A46,0.08245199244226704,0.1501393513557918,0.306,0.294,1,Memory B cell
CHRNB1,0.08249475184389655,0.2538008770618636,0.043,0.039,1,Memory B cell
GOT2,0.08280012521602051,0.48992416268273575,0.236,0.226,1,Memory B cell
WWP2,0.08284665202185142,0.17508024993955107,0.294,0.287,1,Memory B cell
AP2A1,0.08288505916534014,0.3057631378822039,0.239,0.23,1,Memory B cell
TCOF1,0.08296099375248019,0.26377638406989734,0.285,0.284,1,Memory B cell
TPD52,0.08308114184607031,-0.480893287608676,0.589,0.579,1,Memory B cell
SIGLEC6,0.08315507706092304,-0.1312270510418827,0.249,0.25,1,Memory B cell
TMEM39A,0.08317469957138433,0.11231461063083747,0.154,0.145,1,Memory B cell
HSP90AB1,0.08318131137100426,33.21363840757182,0.637,0.646,1,Memory B cell
HOMER3,0.08341442344559208,0.8750664605290959,0.061,0.054,1,Memory B cell
ZNHIT2,0.08352594031733791,-0.1869911384243923,0.059,0.062,1,Memory B cell
PRDX4,0.08372854914027122,6.804208091351819,0.123,0.115,1,Memory B cell
IGLC7,0.08383456347262708,15.920170196552618,0.016,0.015,1,Memory B cell
TMOD2,0.08385997647067375,-0.16396626935428438,0.229,0.236,1,Memory B cell
PLEKHF1,0.08425549868384398,0.5118905599299488,0.025,0.021,1,Memory B cell
ITGB7,0.08428288983559565,-2.9456891923074764,0.699,0.693,1,Memory B cell
ZNF146,0.08432797506906732,0.1179217767818741,0.438,0.433,1,Memory B cell
ZNF19,0.08433057458577244,0.11765727175248841,0.067,0.061,1,Memory B cell
APRT,0.08434257038810597,-1.8040630762931853,0.469,0.462,1,Memory B cell
AIF1,0.08442878412332994,0.26918592440743727,0.093,0.086,1,Memory B cell
ABLIM1,0.08445082672537312,0.57800623939961715,0.351,0.336,1,Memory B cell
GTF2H3,0.0845477605688952,0.1256803768784257,0.183,0.173,1,Memory B cell
ENKD1,0.08455014808649935,0.21566158081852027,0.026,0.025,1,Memory B cell
AGPAT1,0.0846780511164573,0.10574360933760668,0.245,0.237,1,Memory B cell
SPEN,0.08478780930917265,-0.10085609892196645,0.54,0.528,1,Memory B cell
MED6,0.08484198062859992,0.198211477064837,0.343,0.338,1,Memory B cell
VAMP7,0.08486388884665709,0.19438968837049786,0.206,0.196,1,Memory B cell
NUCB2,0.0849900644581779,0.2997245010640297,0.051,0.047,1,Memory B cell
MMADHC,0.08499303352811155,0.5287583615860127,0.323,0.314,1,Memory B cell
TLCD4,0.08500404377576957,0.23017550017217614,0.06,0.054,1,Memory B cell
LHFPL2,0.08505670808875213,-0.2299935385628915,0.071,0.064,1,Memory B cell
L1CAM,0.08506632597766552,-0.3758588253410875,0.053,0.05,1,Memory B cell
L3MBTL2,0.08512395771304977,0.15183893292876083,0.162,0.153,1,Memory B cell
IRF1,0.08512676448895501,6.373542880223177,0.34,0.326,1,Memory B cell
C4orf3,0.08518610978381165,-0.9571086658217087,0.705,0.697,1,Memory B cell
MLLT3,0.08539277376083494,-0.1630755073784136,0.033,0.03,1,Memory B cell
ANAPC15,0.08542476151200712,0.28619001318807735,0.172,0.167,1,Memory B cell
TAF8,0.08545095567618478,0.10487386584410419,0.236,0.228,1,Memory B cell
PFDN5,0.08552641753562647,0.31888136954977897,0.638,0.632,1,Memory B cell
TSSK6,0.08560029202420913,0.3479756565109273,0.016,0.013,1,Memory B cell
CST7,0.08564420660609927,-2.2217539207210315,0.032,0.028,1,Memory B cell
SHLD2,0.08570924050901979,0.17407101312201267,0.34,0.332,1,Memory B cell
UMAD1,0.08604451288036367,0.4099777007075834,0.284,0.278,1,Memory B cell
NUGGC,0.08608354764435834,0.21598547719004246,0.076,0.067,1,Memory B cell
SLC16A6,0.08618344745332278,-0.25061099600237746,0.024,0.023,1,Memory B cell
PHLPP1,0.0862552597940928,0.4280238369731655,0.049,0.044,1,Memory B cell
PLXNB2,0.086259972507935,-0.4246570538083061,0.045,0.049,1,Memory B cell
TSPYL2,0.08635202688026254,-0.19175937353067196,0.269,0.274,1,Memory B cell
REST,0.08638301384662923,0.19538808605983338,0.418,0.413,1,Memory B cell
PARN,0.086393950322018,0.10825283003718278,0.404,0.391,1,Memory B cell
S100A13,0.08642830256963671,0.2475593952547257,0.07,0.065,1,Memory B cell
HS3ST3B1,0.08645580529072588,-0.12883473372625254,0.017,0.016,1,Memory B cell
DIRAS1,0.08657226754021748,0.12640014099981922,0.013,0.014,1,Memory B cell
WDFY2,0.08659893828941308,0.4539024245716825,0.435,0.426,1,Memory B cell
CAPN3,0.08668138607519196,0.14968659851564606,0.261,0.25,1,Memory B cell
KLHL32,0.08672331934660843,0.3966009988468766,0.012,0.009,1,Memory B cell
JAK2,0.08679792102243032,0.10545637977582634,0.356,0.348,1,Memory B cell
SLC25A33,0.0870006593039939,-0.141725888182898,0.099,0.1,1,Memory B cell
C12orf43,0.08710766707749264,0.16217595577331978,0.097,0.094,1,Memory B cell
SPSB3,0.08732519889545722,0.24464086977135402,0.398,0.39,1,Memory B cell
METTL14,0.0874067773174766,0.1007441355349411,0.206,0.196,1,Memory B cell
MCM8,0.08749722892526027,-0.17803692641989377,0.089,0.089,1,Memory B cell
KNL1,0.08765057761364857,-7.405120648463498,0.053,0.048,1,Memory B cell
EFCAB7,0.08765207304754778,0.16411440454830073,0.049,0.044,1,Memory B cell
LEF1,0.08765280387935356,0.4459320837969497,0.03,0.026,1,Memory B cell
OGFR,0.087661732892985,0.31692042652471686,0.37,0.371,1,Memory B cell
ZNF264,0.0878032798899497,0.13517121339319849,0.367,0.356,1,Memory B cell
ZNF184,0.08780783883367367,0.14148831552946173,0.106,0.098,1,Memory B cell
RAD54B,0.08794973494121236,0.2260916020527386,0.039,0.034,1,Memory B cell
BAG6,0.0881313320475019,-1.7438656174908207,0.562,0.552,1,Memory B cell
AGMAT,0.0881967206511135,0.582852660021598,0.126,0.118,1,Memory B cell
COPB2,0.08823156153817988,-0.10299928988670531,0.316,0.309,1,Memory B cell
FBXW2,0.08823464483371213,-0.13112331696902202,0.424,0.411,1,Memory B cell
MGAT4B,0.08834042170465313,-1.566307380406673,0.236,0.224,1,Memory B cell
CCDC194,0.08839320411565277,0.20877103502297345,0.03,0.026,1,Memory B cell
TMED5,0.08840804901353828,2.3370322295019315,0.462,0.455,1,Memory B cell
PAN3,0.08851946348733286,0.2548827347329645,0.629,0.621,1,Memory B cell
TCIRG1,0.08872774155059951,-1.1939801855103243,0.426,0.423,1,Memory B cell
DHX30,0.08884910409209833,0.1080873662675178,0.227,0.217,1,Memory B cell
SCYL1,0.08897122308589331,0.12298970453299296,0.243,0.235,1,Memory B cell
LYN,0.08899063603249116,1.408636295111851,0.737,0.729,1,Memory B cell
RNF213,0.08926777064167488,7.400504755031331,0.548,0.542,1,Memory B cell
BMAL1,0.08927296199896008,-0.12200700905068196,0.064,0.063,1,Memory B cell
ZCCHC18,0.08928649508045847,-0.11677680592022277,0.049,0.046,1,Memory B cell
DYRK4,0.08930080703870912,0.1211787213881994,0.132,0.123,1,Memory B cell
KDM4C,0.08938569058459654,0.4088848944365826,0.645,0.633,1,Memory B cell
CPSF1,0.08945763424855444,0.169570394284416,0.111,0.106,1,Memory B cell
ZNF584,0.08946405885699107,-0.1249755383343727,0.012,0.012,1,Memory B cell
EIF3M,0.08959321853103032,-0.13407652705463735,0.376,0.366,1,Memory B cell
ACSL4,0.08978600350346187,0.16906376614794644,0.274,0.262,1,Memory B cell
DAG1,0.08981700842971421,0.24615783976190242,0.052,0.047,1,Memory B cell
ASAH1,0.08988878835315116,1.6062944480011396,0.332,0.322,1,Memory B cell
NECAP2,0.08990831562565448,1.6476925361174002,0.421,0.412,1,Memory B cell
ZC3HC1,0.0899802781094041,0.154200570876184,0.092,0.091,1,Memory B cell
IKZF5,0.09026208474726784,-0.15950220133084425,0.244,0.246,1,Memory B cell
FHIP1B,0.09034944603838896,0.11349461662434623,0.204,0.194,1,Memory B cell
TMEM267,0.09038965702313458,0.11480681244890067,0.178,0.169,1,Memory B cell
TMEM185A,0.09047614494128614,0.15792995194604498,0.193,0.186,1,Memory B cell
MPV17,0.09082827730533659,0.3877716412848662,0.394,0.382,1,Memory B cell
BNIP1,0.0908722364773201,-0.12621226082018921,0.069,0.076,1,Memory B cell
RASA1,0.09106608011239047,0.1427291591882498,0.325,0.317,1,Memory B cell
SWT1,0.09107872173763622,0.13365092513709653,0.084,0.077,1,Memory B cell
ZNF610,0.09119617022045617,0.19741796517536336,0.018,0.014,1,Memory B cell
MAPK1IP1L,0.09122447940121438,0.16487841890401267,0.572,0.581,1,Memory B cell
GBP5,0.09122625164896908,-1.6074466292004146,0.139,0.132,1,Memory B cell
USP9X,0.0912628604152047,0.35561059961058517,0.583,0.582,1,Memory B cell
PYURF,0.09181456790836551,0.12686703652616593,0.236,0.23,1,Memory B cell
BAIAP3,0.09192933380487366,0.16925560672255002,0.109,0.1,1,Memory B cell
SLFN13,0.09197713935887973,0.19194066124535691,0.017,0.014,1,Memory B cell
LASP1NB,0.0919889498782285,-0.10794990152392003,0.049,0.048,1,Memory B cell
HSPBAP1,0.09203234954851701,0.6570247892508858,0.175,0.168,1,Memory B cell
ST8SIA4,0.09206210095744219,0.2767297454497566,0.648,0.638,1,Memory B cell
BLNK,0.09221556897248923,-0.19987937401827294,0.614,0.605,1,Memory B cell
PSAT1,0.09221991550843962,0.37958164338167677,0.02,0.018,1,Memory B cell
GPANK1,0.09235226508987755,0.20811051470200792,0.096,0.095,1,Memory B cell
GPN2,0.09241141964845866,0.1895084835999079,0.129,0.121,1,Memory B cell
MOCS2,0.09265428729918225,0.19564026140433244,0.234,0.228,1,Memory B cell
TXNRD1,0.09266456081558554,0.27058011251882735,0.247,0.242,1,Memory B cell
GPKOW,0.09271008992013118,0.20453943117259676,0.137,0.129,1,Memory B cell
AMN,0.09274273380364714,0.17984863018129538,0.083,0.084,1,Memory B cell
UQCRB,0.09275903336345809,0.24943672184876542,0.381,0.376,1,Memory B cell
DBNDD2,0.09296515598538847,-0.2085913637997736,0.013,0.013,1,Memory B cell
NAGS,0.09316810947470242,0.23481806353798973,0.018,0.015,1,Memory B cell
ITPRIPL2,0.09322255427229088,0.29619171931153643,0.049,0.043,1,Memory B cell
ZFP57,0.09336690183532016,0.5197418486214893,0.016,0.013,1,Memory B cell
LRRC20,0.09367040340843225,0.3719607111402681,0.011,0.01,1,Memory B cell
CEP164,0.09393682619909512,0.1050261677002009,0.17,0.162,1,Memory B cell
CZIB,0.09411353889768728,0.1312120987450824,0.24,0.23,1,Memory B cell
BICDL1,0.09420307561593555,0.3794324723112751,0.128,0.124,1,Memory B cell
PPP6R1,0.09424740589392279,0.30391209137428143,0.54,0.536,1,Memory B cell
ENY2,0.09426827632111229,0.9086204548045694,0.316,0.315,1,Memory B cell
PTPN22,0.0943224991290668,0.4794938066325023,0.366,0.364,1,Memory B cell
CSRNP2,0.0943345286905239,0.1229095907340243,0.069,0.063,1,Memory B cell
SNRNP25,0.09437993853210601,-0.19452587381925168,0.207,0.199,1,Memory B cell
ERI2,0.09456774690079998,0.10919753388709719,0.02,0.017,1,Memory B cell
SLC9A6,0.09456835812611661,0.11349742986843325,0.126,0.117,1,Memory B cell
PSAP,0.09463039783389816,2.210403595648736,0.519,0.509,1,Memory B cell
OPA1,0.09466426775275917,0.24315532790857225,0.345,0.334,1,Memory B cell
OSTF1,0.09470970649532125,-1.3711094145407108,0.66,0.656,1,Memory B cell
STOML1,0.09493761529061515,0.34955329778299493,0.016,0.013,1,Memory B cell
XRCC2,0.09505903281390936,0.3870034204466517,0.012,0.009,1,Memory B cell
RAB10,0.09510808104580051,0.1344432666605604,0.526,0.515,1,Memory B cell
UCHL3,0.0951118651546284,0.2184818729880924,0.152,0.15,1,Memory B cell
EPM2A,0.09517784545017195,0.18273592683869788,0.074,0.069,1,Memory B cell
DMAC2L,0.09524533387929197,0.223684045409927,0.273,0.264,1,Memory B cell
KLHDC7B,0.09526730226334133,0.25780313453959014,0.036,0.03,1,Memory B cell
RNF38,0.09531140660379957,0.12412132957529276,0.478,0.472,1,Memory B cell
C16orf87,0.09540750536419597,0.5863617226586041,0.215,0.219,1,Memory B cell
B3GNTL1,0.09552462145252795,0.376728393362578,0.014,0.012,1,Memory B cell
SRPRB,0.095605214571178,0.16368736256049887,0.178,0.172,1,Memory B cell
CHTOP,0.09570742623275316,0.11781226010104118,0.489,0.481,1,Memory B cell
ASTN2,0.09570807223033546,-0.23147442121742312,0.025,0.024,1,Memory B cell
ZFYVE27,0.09573279288359779,0.137017382958247,0.235,0.23,1,Memory B cell
DHX38,0.09611933773262822,0.11699694940112426,0.347,0.336,1,Memory B cell
TRAK1,0.09613696921430508,-0.27654233102280257,0.479,0.47,1,Memory B cell
ARAP1,0.09618825417426659,0.21349420151822818,0.601,0.592,1,Memory B cell
UQCRC1,0.09619756896914154,3.7022124672943675,0.365,0.362,1,Memory B cell
BIK,0.09624799203264159,4.872897591472794,0.016,0.013,1,Memory B cell
ZNHIT1,0.09652305045751425,-0.1663773012775287,0.152,0.15,1,Memory B cell
SMYD3,0.0965976609060911,0.1498333131146854,0.099,0.093,1,Memory B cell
GGACT,0.096671752268344735,0.15575587240815603,0.049,0.045,1,Memory B cell
RUNX1,0.09669728474749133,0.32163250276488925,0.248,0.239,1,Memory B cell
RNF144B,0.09689725331092283,0.36620319745315766,0.116,0.118,1,Memory B cell
GPBP1,0.09700696848888633,1.1681352317962936,0.678,0.668,1,Memory B cell
ADRM1,0.09712605936548448,0.30005323067914225,0.278,0.267,1,Memory B cell
GRPEL1,0.09713649253433172,0.1796044514471381,0.195,0.186,1,Memory B cell
RACK1,0.09722453020774081,-1.4191548572342256,0.567,0.558,1,Memory B cell
SERINC5,0.09742730394313308,-0.31167021436543774,0.061,0.055,1,Memory B cell
NUP155,0.09752659836272996,0.15731340784255565,0.238,0.228,1,Memory B cell
CLEC4A,0.09762498820678833,0.15887182170892356,0.087,0.081,1,Memory B cell
ANKRD13A,0.09785430120941035,0.2758699105778897,0.646,0.636,1,Memory B cell
PPM1G,0.0979678871220526,1.4968943936900143,0.274,0.265,1,Memory B cell
PMS2,0.0981191133175872,-0.12043949749282257,0.189,0.181,1,Memory B cell
CANX,0.09824579083260496,0.15928845064939062,0.269,0.259,1,Memory B cell
GPS1,0.09842372424238661,0.24306637589614632,0.179,0.173,1,Memory B cell
CCDC85B,0.09843896842744869,0.11460174365021109,0.294,0.282,1,Memory B cell
RNF121,0.09848740356734698,0.14162275583560646,0.074,0.068,1,Memory B cell
UBFD1,0.09852483194912989,0.2570736323344347,0.028,0.024,1,Memory B cell
BTG1,0.09859365969133602,5.432150943759083,0.94,0.942,1,Memory B cell
SLC2A3,0.09865299050994203,-0.853942119133462,0.306,0.311,1,Memory B cell
DAP3,0.09867015202713139,0.4787926122448103,0.453,0.444,1,Memory B cell
AGO4,0.09872710373653543,0.11581284210843124,0.123,0.118,1,Memory B cell
PROX1,0.09874650619035832,-0.27669259325736784,0.023,0.025,1,Memory B cell
ENSG00000170846,0.09880462392051567,0.14138689999595755,0.071,0.065,1,Memory B cell
BLVRA,0.09888575484274932,-0.159507188682936,0.054,0.048,1,Memory B cell
FNIP1,0.09896028805926942,0.18867189030851872,0.296,0.301,1,Memory B cell
CYFIP2,0.09904203754676447,6.170438131229102,0.595,0.584,1,Memory B cell
EFCAB14,0.09904991113795193,0.2972590587055901,0.551,0.545,1,Memory B cell
PLXDC2,0.09909483146249042,-0.3466742001801544,0.007,0.01,1,Memory B cell
CCDC127,0.09912783457611733,0.16813103127439755,0.08,0.073,1,Memory B cell
IFI44L,0.09924831546039765,8.11465469547555,0.129,0.12,1,Memory B cell
HACL1,0.0993119622220375,0.1643378051471438,0.066,0.06,1,Memory B cell
FDFT1,0.09938166422119572,-1.7331662576532403,0.444,0.437,1,Memory B cell
NOL6,0.10001453065417995,0.1497717361625317,0.094,0.086,1,Memory B cell
RAB8B,0.10025131606351112,0.8232390819191013,0.497,0.488,1,Memory B cell
KDM4A,0.1002677082398837,0.19565612396853505,0.202,0.197,1,Memory B cell
ALG11,0.10036471719392977,0.12352961158199394,0.093,0.091,1,Memory B cell
THOC7,0.10041520467868884,-0.3409628349997633,0.343,0.333,1,Memory B cell
GSDMB,0.10045575100992478,-0.1955622562102599,0.195,0.192,1,Memory B cell
RBM22,0.10060320952708098,0.1582189980517536,0.335,0.326,1,Memory B cell
ZFYVE21,0.10063621283706256,0.2268935742042988,0.083,0.078,1,Memory B cell
NDUFC2,0.10106520350644792,-0.737989017228385,0.211,0.206,1,Memory B cell
PPP4R3B,0.1010683419843637,0.5900472732303705,0.58,0.583,1,Memory B cell
DNAJA4,0.10111043610892914,0.2596132145923471,0.117,0.111,1,Memory B cell
FCMR,0.10111399538129574,24.575804354782235,0.975,0.973,1,Memory B cell
TESC,0.10123661920818285,-2.4017275970977527,0.115,0.112,1,Memory B cell
MTSS1,0.10127736742697341,-0.6335094710066258,0.623,0.616,1,Memory B cell
ZNF891,0.10128469505630198,0.12643072247084808,0.079,0.071,1,Memory B cell
ACP5,0.10136059647294034,1.3598788113632558,0.422,0.415,1,Memory B cell
KCMF1,0.10165247916921857,0.3594386674893213,0.41,0.411,1,Memory B cell
BSCL2,0.10167207736733563,0.11325123135188297,0.088,0.082,1,Memory B cell
CIPC,0.10175983709225314,-0.15058120229963512,0.081,0.089,1,Memory B cell
EI24,0.1017967599332763,0.1080622720600024,0.121,0.113,1,Memory B cell
FADS2,0.10182695455430361,-0.7856630036333202,0.06,0.068,1,Memory B cell
SRXN1,0.10183999398937416,0.19682566571753135,0.022,0.018,1,Memory B cell
XPOT,0.1018415314751202,-0.11580503065767966,0.117,0.12,1,Memory B cell
PDE3B,0.10214825546963982,0.981192854979192,0.054,0.048,1,Memory B cell
MMP17,0.10219514043711661,-0.14288787280213855,0.029,0.025,1,Memory B cell
GZMA,0.10228013065338308,6.065372516009225,0.038,0.037,1,Memory B cell
SH3BP1,0.10237515114849868,0.5948874660077128,0.339,0.336,1,Memory B cell
UBE2N,0.10252300615323862,-0.33798647456408315,0.223,0.212,1,Memory B cell
CCER2,0.10258814467947495,0.29884576328124624,0.01,0.008,1,Memory B cell
PLPBP,0.10261280046375915,0.3537508391960307,0.22,0.214,1,Memory B cell
CNR2,0.10270944307707576,-0.9906069702375451,0.503,0.489,1,Memory B cell
CR1,0.10279758666279326,-3.3455218216917366,0.551,0.544,1,Memory B cell
DENND4A,0.10327322351426219,6.622051967238679,0.724,0.722,1,Memory B cell
XBP1,0.10332063793330931,-54.2830757638921,0.202,0.2,1,Memory B cell
GIMAP8,0.10360440926014713,0.29289939001661613,0.026,0.025,1,Memory B cell
ZNF408,0.10376561911944712,0.3042505626167893,0.034,0.031,1,Memory B cell
PPOX,0.10382572444114305,0.20515870051960006,0.056,0.052,1,Memory B cell
GLRX5,0.1041308022069191,0.13726962221934014,0.107,0.11,1,Memory B cell
IFNGR1,0.10417174539492216,-1.8511881370853742,0.304,0.296,1,Memory B cell
CDK5RAP1,0.10423417558679872,0.1728602927044457,0.212,0.203,1,Memory B cell
EIF3B,0.1045593962286512,9.26373919384722,0.444,0.435,1,Memory B cell
KLHL17,0.10464172449847492,-0.21589755677486266,0.022,0.024,1,Memory B cell
CAMK2D,0.10474351030517874,0.17929990146323083,0.265,0.256,1,Memory B cell
HINT1,0.10476273048182759,0.56410014124384,0.592,0.599,1,Memory B cell
CD99,0.10480461296261367,3.811019595944301,0.461,0.459,1,Memory B cell
TET1,0.10484124102389504,0.33011559746210395,0.02,0.016,1,Memory B cell
CAMKMT,0.10486012341657791,0.18512303512215744,0.298,0.288,1,Memory B cell
MED8,0.10488885005062328,0.18219786172936125,0.196,0.187,1,Memory B cell
MYCBP2,0.10534444988815801,0.8972816972847428,0.422,0.411,1,Memory B cell
MARCHF7,0.10539539252918194,0.5634650512770971,0.735,0.741,1,Memory B cell
NOL11,0.10540393622011943,0.12483342160406652,0.223,0.214,1,Memory B cell
CREM,0.10561786378498583,-0.16255977193744964,0.141,0.134,1,Memory B cell
PDRG1,0.10576232502656777,0.10164731057370213,0.083,0.076,1,Memory B cell
IKZF3,0.10579465293955848,5.5188602673000915,0.887,0.883,1,Memory B cell
GNMT,0.10582449695837635,-0.277185871834122,0.033,0.035,1,Memory B cell
CAMSAP1,0.10582881474089481,0.16315031677843939,0.093,0.087,1,Memory B cell
ANO6,0.10606655020178896,0.11549045218537235,0.122,0.118,1,Memory B cell
ZNF136,0.1063195619636878,0.10542443884700692,0.143,0.136,1,Memory B cell
CIAO1,0.10638979468945353,-0.2772455070835318,0.325,0.318,1,Memory B cell
FCHO1,0.1064072749329232,0.5529394375309775,0.418,0.414,1,Memory B cell
ITGA10,0.10642324652533541,-0.30070184477427553,0.013,0.016,1,Memory B cell
ATP2C1,0.10666428031958342,1.9816891234579512,0.348,0.34,1,Memory B cell
MLXIP,0.10667076408490514,0.1375155652678819,0.131,0.13,1,Memory B cell
ARHGAP21,0.10691692882542606,0.20059657601569292,0.084,0.082,1,Memory B cell
EHMT1,0.107231425770545,-1.2480662837469096,0.55,0.537,1,Memory B cell
KLHL25,0.10744186319314103,0.6276623357744189,0.011,0.008,1,Memory B cell
OPTN,0.10746453310682841,-0.29392739695022796,0.217,0.214,1,Memory B cell
MOB1A,0.10746541563954709,-0.3529980555108052,0.484,0.477,1,Memory B cell
ZNF562,0.10765053433621206,-0.16014070391878876,0.142,0.135,1,Memory B cell
ENSG00000285976,0.10800403085008284,-0.10153911434103513,0.074,0.075,1,Memory B cell
ABCD3,0.10804131048955098,0.19546888768874693,0.137,0.13,1,Memory B cell
NR4A2,0.10821009768873167,0.8084675269944117,0.086,0.092,1,Memory B cell
PSMB1,0.10828429098995063,-0.7952772551928557,0.534,0.523,1,Memory B cell
PTPN12,0.10851342779392628,0.30152228536024994,0.426,0.419,1,Memory B cell
ZNF316,0.10859642740105811,0.13579397066987542,0.127,0.12,1,Memory B cell
PHKB,0.10859645013103017,0.9696727412073236,0.566,0.556,1,Memory B cell
KMT2E,0.10862212125752928,-1.7308627979714037,0.775,0.765,1,Memory B cell
ELOF1,0.10873541662164454,4.7643070127278015,0.328,0.317,1,Memory B cell
RUVBL1,0.10875353460066604,1.2324750855039357,0.254,0.245,1,Memory B cell
ANTKMT,0.10891749062110666,0.10576467059965977,0.147,0.138,1,Memory B cell
MIF,0.10893319301363623,-12.508976101927061,0.529,0.522,1,Memory B cell
PLAA,0.10901204526842444,0.1450905341392833,0.188,0.18,1,Memory B cell
NAPG,0.10908675119385425,0.17338361694275495,0.169,0.162,1,Memory B cell
BRMS1,0.10911494202400626,2.2406331778703956,0.305,0.302,1,Memory B cell
ARHGAP20,0.10941834150860799,-0.343584279345448,0.012,0.011,1,Memory B cell
CBR1,0.10943993950697549,0.17598620385768848,0.068,0.063,1,Memory B cell
SLC29A1,0.10945926222235666,2.4251778525557626,0.026,0.025,1,Memory B cell
ASB1,0.10960087236673083,0.1745224027862824,0.154,0.15,1,Memory B cell
PI4KB,0.1096181408370961,0.1052174409070995,0.401,0.393,1,Memory B cell
CCDC28B,0.10964524137431567,0.20465880875519993,0.043,0.038,1,Memory B cell
WDR46,0.10965481567106981,0.6964583702215404,0.269,0.259,1,Memory B cell
FAM193B,0.10967569631037782,0.14925169490143397,0.405,0.395,1,Memory B cell
MST1,0.1097013667005884,0.35010121091123736,0.021,0.021,1,Memory B cell
BLOC1S3,0.10979269410607584,0.11786126206284786,0.065,0.06,1,Memory B cell
LSM4,0.10980209636908111,-2.601536099742177,0.348,0.336,1,Memory B cell
TIMM50,0.10981177799282478,0.21205711631779223,0.117,0.112,1,Memory B cell
ZNF763,0.10987929759079039,-0.15753469030212575,0.014,0.014,1,Memory B cell
FARSA,0.10998866549369139,0.24261859667978142,0.217,0.207,1,Memory B cell
PPCDC,0.11029068936400976,0.13677813910019765,0.081,0.075,1,Memory B cell
JOSD2,0.11039166403219677,0.1678033471787983,0.048,0.045,1,Memory B cell
CCDC78,0.11051909136694413,0.18853805232399656,0.041,0.036,1,Memory B cell
TSPAN2,0.11052912521243109,0.34087053702956194,0.012,0.01,1,Memory B cell
MYL5,0.11095261324046982,0.15045291638370495,0.055,0.051,1,Memory B cell
C9orf72,0.11112372813321254,0.10935952981489075,0.293,0.283,1,Memory B cell
LZTS3,0.11137682930774061,-0.41103430933609175,0.008,0.01,1,Memory B cell
RIMS3,0.1115338346884874,0.1907473609768422,0.011,0.009,1,Memory B cell
PEBP1,0.11159376482597959,2.7039753420243926,0.431,0.422,1,Memory B cell
BCAP29,0.1116822870256204,0.1922860080104527,0.231,0.226,1,Memory B cell
SMC4,0.1117499247454078,-11.683189500705563,0.235,0.226,1,Memory B cell
ACACB,0.11194131249023849,-0.10028478872336022,0.055,0.052,1,Memory B cell
GPR180,0.1120035080817655,0.17418404281764266,0.069,0.064,1,Memory B cell
MVB12A,0.11223992142725578,0.10598165393826209,0.08,0.073,1,Memory B cell
UVRAG,0.1122468488198327,-1.186223799252352,0.463,0.452,1,Memory B cell
BAZ2B,0.11227107462679371,-0.12014658473304285,0.213,0.204,1,Memory B cell
PRDX3,0.1123256194412671,0.34179980719275305,0.14,0.133,1,Memory B cell
ITGA4,0.11267488026373321,10.99383164187092,0.809,0.808,1,Memory B cell
ZNF595,0.11269442694749855,11.97263374326382,0.219,0.208,1,Memory B cell
PPIE,0.1128350684631368,0.1393061974450528,0.289,0.286,1,Memory B cell
LENG1,0.11286665186630082,0.1350472914531553,0.122,0.116,1,Memory B cell
NCBP2,0.11287853646474041,0.2424051757571517,0.378,0.371,1,Memory B cell
TBC1D20,0.11301773970907444,0.12399911851052292,0.248,0.239,1,Memory B cell
PIH1D1,0.11304347237853567,0.9350729630652559,0.287,0.28,1,Memory B cell
NQO1,0.11305274805843962,0.4330293217459835,0.024,0.02,1,Memory B cell
ABHD5,0.1133026276631495,-0.40787458035946145,0.063,0.065,1,Memory B cell
IQGAP2,0.11364893489829798,0.31053540862813794,0.181,0.179,1,Memory B cell
SRSF2,0.11405798708644879,0.5682435926321416,0.522,0.511,1,Memory B cell
TMEM220,0.1141597379534094,0.18390883183161755,0.03,0.031,1,Memory B cell
ABCA10,0.11424618263230972,0.2536154146105529,0.02,0.02,1,Memory B cell
IRF2,0.11428074134411763,0.14474513362116914,0.52,0.508,1,Memory B cell
GLS2,0.11437752098604022,-0.3488843178763963,0.015,0.018,1,Memory B cell
IL5RA,0.11441278744899779,0.21478092390817594,0.024,0.021,1,Memory B cell
GRHPR,0.11441678809795999,2.7697478997126304,0.267,0.261,1,Memory B cell
WDR54,0.11455203703495842,-0.14154359163382724,0.078,0.081,1,Memory B cell
NRAS,0.11466010158910248,0.19552375563621638,0.392,0.387,1,Memory B cell
NFKBIZ,0.11473913029405494,-5.1793872664409495,0.514,0.527,1,Memory B cell
SHISAL2A,0.1147466043278658,-0.1719046726038458,0.121,0.128,1,Memory B cell
CBX8,0.11483776310921119,0.245940249025705,0.023,0.02,1,Memory B cell
CAD,0.11495412604219986,0.17065101163710672,0.091,0.085,1,Memory B cell
N4BP2L2,0.11509377388477837,1.4625853262991253,0.792,0.792,1,Memory B cell
ADAM15,0.11531629364872413,-0.4779552263292835,0.103,0.098,1,Memory B cell
ERMP1,0.11550836418916709,0.12644492923343775,0.101,0.098,1,Memory B cell
ADAM9,0.11552892214938898,0.14849932431747437,0.02,0.017,1,Memory B cell
ATXN7L1,0.1155815982202795,0.11482542768640203,0.159,0.15,1,Memory B cell
GEMIN5,0.11562435954762972,0.14205205842345903,0.097,0.094,1,Memory B cell
KAT8,0.11596550093220445,-0.1047172982401803,0.274,0.267,1,Memory B cell
VAC14,0.11603677454689902,0.17054712494422003,0.21,0.214,1,Memory B cell
ERBIN,0.11606712124695578,0.4591083427033693,0.614,0.625,1,Memory B cell
ATP13A1,0.11629525432275935,0.18817614493122614,0.339,0.331,1,Memory B cell
SNTA1,0.11636696391631093,0.14916934315483177,0.077,0.071,1,Memory B cell
CHUK,0.11637851125689717,0.16091093439237203,0.149,0.142,1,Memory B cell
INPP5F,0.11642437774041235,-0.7396597049948297,0.32,0.312,1,Memory B cell
WWOX,0.1164357702414552,0.2427873425782329,0.213,0.207,1,Memory B cell
SMUG1,0.11645921099344736,0.1214164280944865,0.067,0.061,1,Memory B cell
ZNF599,0.11660746313142833,0.21774585470679808,0.036,0.032,1,Memory B cell
FAM83H,0.11688367474575123,0.4395850720194776,0.01,0.007,1,Memory B cell
TIGD1,0.11710776682952632,-0.22225427799650532,0.011,0.014,1,Memory B cell
PNISR,0.11712620895799679,-6.204748453308932,0.895,0.895,1,Memory B cell
CLU,0.11741385691486358,12.514742137786463,0.013,0.011,1,Memory B cell
CAPZA1,0.11743601804994858,-1.0155277361616726,0.526,0.52,1,Memory B cell
ASXL1,0.11756953165751415,0.6671942034277842,0.7,0.692,1,Memory B cell
ACTN4,0.11759040361800147,0.11226278718115018,0.261,0.253,1,Memory B cell
MAP3K1,0.11775071948395606,-3.324231930633186,0.871,0.868,1,Memory B cell
SDF2L1,0.11794957068943847,3.7260212118951928,0.134,0.127,1,Memory B cell
CHAF1B,0.1179786766300931,0.11126970947565251,0.017,0.015,1,Memory B cell
DDX60,0.11799468226467073,0.4353216823628083,0.16,0.151,1,Memory B cell
PGD,0.11808549878153879,0.10989201234006662,0.13,0.123,1,Memory B cell
PLIN3,0.11815422914580925,0.11137307362213411,0.143,0.135,1,Memory B cell
GNB2,0.1183362768915743,-0.624310148334938,0.478,0.467,1,Memory B cell
CDK13,0.11836335974474253,0.13376479285354304,0.562,0.552,1,Memory B cell
THYN1,0.11844786367559836,0.1092129899971992,0.168,0.16,1,Memory B cell
SYNPO,0.11845542550186033,0.3549058542809862,0.27,0.257,1,Memory B cell
SKIC3,0.11856821665768953,0.1758018666662906,0.448,0.434,1,Memory B cell
BCAS4,0.11902107771077047,-2.19057483130144,0.615,0.608,1,Memory B cell
CPEB3,0.11913696335536243,-0.20387430712691135,0.069,0.074,1,Memory B cell
PNP,0.11918966625091981,0.18026443276678317,0.201,0.198,1,Memory B cell
TRIP12,0.11927175125366117,2.17939007948063,0.618,0.61,1,Memory B cell
USP19,0.11941404634245441,0.1638079406441484,0.215,0.211,1,Memory B cell
ENTREP3,0.1194591358433479,0.17735731487584205,0.059,0.056,1,Memory B cell
BNIP3L,0.11954945970363226,0.29671553046776555,0.338,0.337,1,Memory B cell
SLC35B3,0.11962247569370602,0.1484503750122501,0.09,0.082,1,Memory B cell
ARHGEF12,0.11972270968966922,0.14529569185782387,0.066,0.063,1,Memory B cell
PPP1R16A,0.11974219837422148,-0.23041027649895307,0.028,0.032,1,Memory B cell
CTNS,0.11985180694204725,0.10301444004011451,0.091,0.084,1,Memory B cell
SLC25A40,0.1199394249833153,0.13739323902419565,0.15,0.145,1,Memory B cell
ARHGAP32,0.12000945394446504,0.19700761929769595,0.01,0.011,1,Memory B cell
MAPKAPK2,0.12008801926176291,3.5135013026983657,0.45,0.461,1,Memory B cell
PIK3R6,0.12032158122024236,-0.29160289398849804,0.053,0.053,1,Memory B cell
HDHD3,0.12045319924257188,-0.1134250247312869,0.148,0.145,1,Memory B cell
HCST,0.12081950690554903,2.2049057716508553,0.095,0.086,1,Memory B cell
ARID4A,0.12097389609066789,-0.5200285655006108,0.353,0.348,1,Memory B cell
ATP5F1D,0.12121438095308058,0.5297519995243967,0.454,0.445,1,Memory B cell
SLC25A30,0.12127683883454907,-0.10997489404047012,0.104,0.102,1,Memory B cell
IL15,0.12145315245825526,-0.1593627464889975,0.09,0.092,1,Memory B cell
GINS3,0.1214556471032838,0.3548215831987127,0.02,0.017,1,Memory B cell
TIGD6,0.12149426360998404,0.3888368562030182,0.011,0.009,1,Memory B cell
ARPC2,0.12152532031334079,2.371049011222013,0.567,0.559,1,Memory B cell
H3C10,0.12161285567798351,1.6677955200572543,0.033,0.029,1,Memory B cell
B9D2,0.1217176488460889,-0.1921851611432519,0.069,0.074,1,Memory B cell
BZW2,0.12187620701017549,-3.900135824067542,0.28,0.272,1,Memory B cell
HIPK1,0.12188454278005542,0.10863240696813714,0.221,0.218,1,Memory B cell
KBTBD2,0.12192746888818456,0.20382287097507518,0.323,0.311,1,Memory B cell
GPR183,0.12204476942435612,-0.9091508014696608,0.805,0.794,1,Memory B cell
RRP1B,0.1220489174992791,2.9250354449173153,0.24,0.23,1,Memory B cell
LGALS3,0.12206488635268178,0.5487519413004949,0.051,0.049,1,Memory B cell
COLQ,0.12208376022363569,0.10278194225237858,0.013,0.011,1,Memory B cell
ANTXR2,0.12219305924084926,-0.1635902249573724,0.417,0.41,1,Memory B cell
JCHAIN,0.1222257341705498,227.92624445776244,0.53,0.533,1,Memory B cell
TNFAIP2,0.12228458527756005,-0.8207863286783903,0.011,0.013,1,Memory B cell
NIPSNAP3B,0.1222978146033063,0.1543200362034327,0.145,0.138,1,Memory B cell
STK40,0.12239163925979438,0.17973551374812624,0.369,0.359,1,Memory B cell
SF3B5,0.1224531075653394,-0.21800529987606998,0.483,0.474,1,Memory B cell
WARS1,0.12246551778026069,-6.592581082425461,0.175,0.164,1,Memory B cell
ZNF322,0.122673996686631,0.17774433721525007,0.135,0.127,1,Memory B cell
SPATS2,0.12293298559833875,0.10665288452544086,0.155,0.148,1,Memory B cell
PANK1,0.12304230007590115,-0.3897794517769224,0.019,0.022,1,Memory B cell
IQCG,0.12324178369072296,0.10626270554841644,0.09,0.087,1,Memory B cell
RAVER1,0.12354486717722322,-0.17415198284247868,0.404,0.392,1,Memory B cell
CELSR1,0.12361268085256857,0.1603182645168003,0.251,0.245,1,Memory B cell
RBBP6,0.12364162923619636,-0.21769212467257582,0.504,0.516,1,Memory B cell
ITPRID2,0.12369582030543946,0.13443820947611762,0.118,0.116,1,Memory B cell
ACVR2A,0.12371801164978272,0.24876995762458876,0.018,0.018,1,Memory B cell
UBA1,0.12377395450228172,0.322917493059113,0.426,0.427,1,Memory B cell
ZNF304,0.12412839383945425,0.21726034435075636,0.059,0.054,1,Memory B cell
SCX,0.1242213620050043,0.21268153850421045,0.065,0.06,1,Memory B cell
KLHL18,0.12424123034981523,0.2615520719840764,0.171,0.167,1,Memory B cell
GLRA3,0.12458885337430463,-3.514182222154516,0.027,0.023,1,Memory B cell
PXN,0.12490429804241308,0.6071881878223797,0.034,0.03,1,Memory B cell
NUSAP1,0.1249166834376149,-10.049807023963652,0.035,0.037,1,Memory B cell
OGFOD2,0.12525313398546384,0.15794645176172928,0.101,0.094,1,Memory B cell
PTGER4,0.12526604572088046,-0.1161051959542192,0.064,0.071,1,Memory B cell
GGA2,0.12534820716305614,2.4593037833320466,0.923,0.919,1,Memory B cell
CASTOR1,0.12543060065102793,0.19770163192318213,0.054,0.051,1,Memory B cell
UNC93B1,0.1254484440553457,3.647382860999185,0.557,0.549,1,Memory B cell
PLCXD1,0.12570201249531487,0.2611661228455774,0.176,0.167,1,Memory B cell
TMEM86B,0.1257077015933361,0.1119449283622993,0.074,0.072,1,Memory B cell
IFITM2,0.12601073458695547,0.6023694333292502,0.315,0.307,1,Memory B cell
DOK3,0.12654922111745515,-0.29297481448969953,0.173,0.172,1,Memory B cell
ECHDC2,0.12660190360123943,0.1020339232675116,0.134,0.125,1,Memory B cell
SP3,0.126691180411791,-0.2390598312691261,0.661,0.656,1,Memory B cell
OR52N4,0.12684240989900736,0.20114808864253675,0.047,0.044,1,Memory B cell
ACP2,0.12687957469613828,0.20247674716501596,0.06,0.058,1,Memory B cell
SHISA5,0.12693355623535224,0.1642629242331206,0.153,0.146,1,Memory B cell
PHC3,0.12694158144282797,0.6446091155443017,0.677,0.672,1,Memory B cell
RNF20,0.12697207959108514,0.11298461061269122,0.252,0.242,1,Memory B cell
AMMECR1L,0.127053147098508,0.2128939455007135,0.096,0.089,1,Memory B cell
UBE2M,0.12711177594379428,0.13873804629905173,0.08,0.074,1,Memory B cell
ZNF343,0.12741601486895715,0.1987935443965716,0.111,0.107,1,Memory B cell
GTSF1L,0.1276016893108671,-1.2621067740932967,0.018,0.022,1,Memory B cell
AMT,0.12763072325634398,0.12394833069458988,0.13,0.122,1,Memory B cell
MICB,0.12775497182583045,-0.2485283845454367,0.023,0.026,1,Memory B cell
CLEC17A,0.12787786626670586,0.2082110732514324,0.388,0.384,1,Memory B cell
LBR,0.12788965263207705,-0.9795920030924687,0.532,0.526,1,Memory B cell
SWAP70,0.128243072008484,-2.841940416304457,0.911,0.918,1,Memory B cell
ATPSCKMT,0.12851226252869533,-0.1560560349887734,0.114,0.108,1,Memory B cell
ZNF841,0.12857723072464106,0.14954430910498984,0.195,0.185,1,Memory B cell
KLHL14,0.12879379746594943,37.87143646903607,0.222,0.213,1,Memory B cell
TUT7,0.1288872820284356,1.618209932695903,0.763,0.757,1,Memory B cell
RAB5IF,0.12898803165747028,-0.15313717504858593,0.18,0.179,1,Memory B cell
C1orf54,0.12905140652565308,-0.2791645464304926,0.012,0.012,1,Memory B cell
ARL4D,0.12935293110064422,-0.2879214080493093,0.067,0.064,1,Memory B cell
MBOAT1,0.12939387363252397,-0.1858536931252721,0.05,0.052,1,Memory B cell
ZNF239,0.12961327062484418,0.26505544603523656,0.025,0.022,1,Memory B cell
ZNF230,0.12966378495611033,0.16699729849556366,0.031,0.026,1,Memory B cell
ZBTB37,0.12983464589432256,0.1174465439498574,0.231,0.222,1,Memory B cell
NFXL1,0.12997688462421045,0.14430422889998273,0.13,0.126,1,Memory B cell
DNAJC18,0.13012704131916616,0.219578886997279,0.037,0.034,1,Memory B cell
CIT,0.13019840787188952,-0.19333903817553288,0.014,0.013,1,Memory B cell
SYNGR1,0.13036999392404416,0.2787034678734006,0.023,0.022,1,Memory B cell
NEDD1,0.13047597029834068,0.2682179974825244,0.164,0.16,1,Memory B cell
CEP57L1,0.1306449486705424,0.17731287946961594,0.038,0.037,1,Memory B cell
SIRT2,0.13079505982311385,0.14877781547300972,0.144,0.14,1,Memory B cell
PLEKHG7,0.13082122403756102,-0.9713570262111682,0.206,0.198,1,Memory B cell
QSER1,0.13091900148408842,0.20896558374000596,0.196,0.187,1,Memory B cell
PKN3,0.13100786996447533,0.32148973051328245,0.018,0.014,1,Memory B cell
DNAJB9,0.13104133840394008,-0.10715388892334532,0.215,0.214,1,Memory B cell
SYNCRIP,0.1311620013246544,-0.16320922461290843,0.066,0.073,1,Memory B cell
GID4,0.13131902433948248,0.14478518211284563,0.134,0.131,1,Memory B cell
CLIP4,0.13150576598980657,-0.27493764587392366,0.139,0.132,1,Memory B cell
PIGW,0.1315438372168652,0.23446600109283633,0.063,0.06,1,Memory B cell
ADSL,0.13168819940232512,0.9993579473659435,0.297,0.287,1,Memory B cell
NFE2L3,0.13171751520170605,0.23769723515972352,0.017,0.014,1,Memory B cell
TKT,0.1318202081937823,-6.210051130309259,0.295,0.29,1,Memory B cell
MAP2,0.13200139138068973,-0.4591560582061289,0.017,0.019,1,Memory B cell
PARP2,0.1321037716649835,0.14464168344006323,0.032,0.028,1,Memory B cell
AARS2,0.1321178068161615,0.12739180459633204,0.139,0.133,1,Memory B cell
COPS3,0.13272156943034663,0.38683444269749273,0.251,0.24,1,Memory B cell
USP14,0.13284959421997058,0.45582741099862695,0.322,0.317,1,Memory B cell
TIPRL,0.13287829263308854,-0.13131797832455594,0.203,0.193,1,Memory B cell
HERPUD2,0.13291628766689148,-0.148664365526483,0.494,0.494,1,Memory B cell
STOM,0.13319631679408836,0.36699289722070416,0.032,0.034,1,Memory B cell
PIGN,0.13327386674775088,0.2204810868680801,0.224,0.215,1,Memory B cell
PSME4,0.1334211470121704,0.19438522753376564,0.54,0.531,1,Memory B cell
PHF21A,0.13350615287216586,0.23150648091897852,0.332,0.324,1,Memory B cell
CHERP,0.1335358578157005,0.10711566112272114,0.348,0.338,1,Memory B cell
RAB30,0.13357361963985587,-0.1064594581191527,0.358,0.352,1,Memory B cell
REM2,0.1336733753706608,-0.15406666230184696,0.037,0.042,1,Memory B cell
CPSF4,0.13371362330384431,0.3595800650343429,0.182,0.175,1,Memory B cell
MAN1A1,0.13390562728789077,6.113780843727976,0.136,0.129,1,Memory B cell
TESMIN,0.1343069710244507,0.3561424845041419,0.02,0.016,1,Memory B cell
GALNT10,0.1343088118552709,0.20036927800248727,0.38,0.383,1,Memory B cell
MYEF2,0.13437716006942588,0.22447216519366409,0.132,0.124,1,Memory B cell
TMED8,0.13471708990795014,-0.23280063619817315,0.454,0.445,1,Memory B cell
CD22,0.1347332851634465,-2.8394951669868007,0.903,0.91,1,Memory B cell
TMEM176B,0.1347733815475569,0.2856184383202489,0.016,0.012,1,Memory B cell
PRR3,0.13483259178069226,0.15134167597483072,0.042,0.038,1,Memory B cell
SLC7A6OS,0.13486766907308415,-0.14013891320278682,0.13,0.135,1,Memory B cell
SLC25A32,0.13487659259271711,2.8271519596109416,0.255,0.246,1,Memory B cell
TIRAP,0.13515421764949206,0.19836356888285556,0.044,0.039,1,Memory B cell
FCGR3A,0.13524876531040123,-2.0285667586902747,0.014,0.011,1,Memory B cell
PAWR,0.13533580233198392,0.10761741433676764,0.376,0.388,1,Memory B cell
ZNF514,0.13535008429684783,0.10481807009745214,0.137,0.13,1,Memory B cell
DNAJC27,0.13544179459599023,0.17400208563476927,0.049,0.044,1,Memory B cell
NSMAF,0.1356070628587209,0.513145252661361,0.316,0.31,1,Memory B cell
BCL2L11,0.13566347251249536,-0.9357641392878566,0.254,0.263,1,Memory B cell
SETD5,0.13570681574786578,0.4083436192552985,0.52,0.515,1,Memory B cell
GADD45B,0.13586932913878771,-0.2711602428905877,0.014,0.016,1,Memory B cell
KIAA0040,0.13595504068731445,0.22440270480379665,0.469,0.462,1,Memory B cell
IFNGR2,0.13597299802308052,0.8814143017738534,0.703,0.709,1,Memory B cell
TMEM63A,0.13601860484344447,0.16658225567713147,0.551,0.543,1,Memory B cell
YWHAH,0.13607377821955643,-0.48836884523661017,0.179,0.173,1,Memory B cell
LILRA4,0.13622572189946205,17.162662806324217,0.101,0.103,1,Memory B cell
NLRP6,0.13628634385047508,-0.35847365422359445,0.017,0.02,1,Memory B cell
ATP13A4,0.13661407368999998,0.5064138574631172,0.02,0.02,1,Memory B cell
MIS18A,0.1367608986385444,0.1616043888532399,0.093,0.087,1,Memory B cell
KBTBD6,0.13681680983705302,0.11259991313889639,0.026,0.023,1,Memory B cell
KCNK6,0.13689411165374407,0.20511077415283285,0.042,0.038,1,Memory B cell
MLYCD,0.13716206700023847,0.15207471224764912,0.08,0.076,1,Memory B cell
STK4,0.13716578242038077,-1.8208514623766439,0.791,0.783,1,Memory B cell
AMPD3,0.13718754316687606,0.580279554028166,0.45,0.437,1,Memory B cell
CD84,0.13728272301954858,-2.149007752530606,0.303,0.294,1,Memory B cell
SLFN12L,0.13745903734673448,-0.1510023829997138,0.038,0.034,1,Memory B cell
EFHD2,0.13760875018306037,-5.380994269074277,0.569,0.564,1,Memory B cell
FAR1,0.13785947723582195,-0.18077336558419332,0.355,0.347,1,Memory B cell
SRI,0.13789795632664373,0.14629901840414627,0.335,0.326,1,Memory B cell
RRAS2,0.13794545039239514,0.2602401411090285,0.55,0.551,1,Memory B cell
EMB,0.13820399686194845,-0.8259498699592931,0.533,0.524,1,Memory B cell
FUBP3,0.13826170477530095,0.11763856444722554,0.255,0.249,1,Memory B cell
PCGF6,0.13826281996264575,0.1945358958083192,0.066,0.065,1,Memory B cell
FADD,0.13837119237926185,0.19803849397395235,0.114,0.106,1,Memory B cell
DERL2,0.13865561737154322,0.13894058497682038,0.193,0.184,1,Memory B cell
SMIM5,0.13884452420316623,0.3705357974743704,0.011,0.01,1,Memory B cell
ABR,0.1388716441670143,0.11016028708324477,0.152,0.144,1,Memory B cell
NRSN2,0.1389490770882219,-0.17501532903764172,0.013,0.013,1,Memory B cell
PIGA,0.138955156103969,0.1956895584439602,0.025,0.023,1,Memory B cell
BORA,0.1389696609354136,0.18836051137289034,0.105,0.099,1,Memory B cell
ITGB1BP1,0.13897610232835633,0.17365889065008966,0.192,0.187,1,Memory B cell
TMEM177,0.13913438213841942,0.1459274030422697,0.046,0.042,1,Memory B cell
ABCE1,0.13920968525039665,0.31359900654720063,0.219,0.21,1,Memory B cell
ZC2HC1A,0.1392240613405457,-0.5342697463549773,0.154,0.154,1,Memory B cell
ZNF426,0.13927514897684903,0.11669729884766733,0.104,0.097,1,Memory B cell
TNIP2,0.13939020787240214,-0.43100681153865605,0.356,0.349,1,Memory B cell
SELENOF,0.13945230652805166,-0.5546265508155086,0.72,0.72,1,Memory B cell
N4BP2,0.1396071906818822,0.29368601317015086,0.186,0.178,1,Memory B cell
IL6ST,0.13966632368039325,0.7456978600031795,0.086,0.083,1,Memory B cell
AP3S2,0.13992763043435724,0.15445066315925415,0.175,0.167,1,Memory B cell
UHMK1,0.1399393158716198,1.2528281559995396,0.716,0.714,1,Memory B cell
TNR,0.1399929974132462,-0.8754178927276208,0.033,0.031,1,Memory B cell
POLR2L,0.14001552166588552,-0.3733828109795573,0.214,0.206,1,Memory B cell
ARHGEF18,0.1400770125078996,-0.5900369215672061,0.749,0.744,1,Memory B cell
GOT1,0.1401076037440521,0.18869174317498416,0.048,0.044,1,Memory B cell
NPM3,0.1402551690929302,0.13987194975526984,0.068,0.063,1,Memory B cell
ABHD15,0.14047693173906975,-0.15444942772894965,0.088,0.094,1,Memory B cell
GALNT4,0.1404989212911353,0.10441356777202992,0.096,0.091,1,Memory B cell
PRKAG2,0.1405300001637974,0.12608516518038138,0.157,0.15,1,Memory B cell
EXOC7,0.14076712496070773,0.17859653671521036,0.395,0.384,1,Memory B cell
EXOSC7,0.14080212738642067,0.26002116600250347,0.164,0.157,1,Memory B cell
SMIM14,0.14101187417605893,13.01943272332582,0.565,0.558,1,Memory B cell
PFKM,0.1410747742864533,0.23640170896015822,0.143,0.139,1,Memory B cell
RAP1GAP2,0.1410769669680554,0.13130350550258818,0.147,0.142,1,Memory B cell
POLG2,0.14108657885118633,-0.2588860357056218,0.312,0.318,1,Memory B cell
CLHC1,0.1413040126949933,-0.30960308354765065,0.029,0.032,1,Memory B cell
SKP2,0.1414080271841319,0.1330993313913702,0.11,0.103,1,Memory B cell
GPR65,0.14181918969361787,0.1094836350449116,0.296,0.286,1,Memory B cell
ZNF689,0.14183824322239755,-0.14738213918051368,0.061,0.063,1,Memory B cell
UST,0.1418422982770401,0.18771854327785797,0.165,0.158,1,Memory B cell
CMTR2,0.14188919392262922,0.13694328340266645,0.253,0.245,1,Memory B cell
TMEM35B,0.14222492732720257,-0.1339339737283064,0.19,0.181,1,Memory B cell
ATL1,0.14226328005263206,-0.21536053163467095,0.018,0.018,1,Memory B cell
RECQL,0.14238210196398896,0.33211654447462435,0.431,0.426,1,Memory B cell
ZFYVE28,0.14243717042566786,0.11252458748348015,0.041,0.036,1,Memory B cell
PDP2,0.14255575218333802,0.19277599879205587,0.046,0.041,1,Memory B cell
ERFL,0.14276304563749895,0.20210991535734868,0.035,0.03,1,Memory B cell
ZAP70,0.1428529224355543,0.21364689406258885,0.049,0.045,1,Memory B cell
PPIB,0.142865444965703,4.232545726045256,0.357,0.349,1,Memory B cell
PRKCB,0.14307086488956394,-5.478544118492643,0.947,0.947,1,Memory B cell
SUPT3H,0.1434256046499496,-0.16511010141380345,0.085,0.088,1,Memory B cell
SRSF3,0.1434817017738755,0.7942115244003518,0.585,0.577,1,Memory B cell
PFAS,0.14352978779402842,-0.1323323205781659,0.102,0.108,1,Memory B cell
DR1,0.14373263979535836,0.7905104612405969,0.488,0.48,1,Memory B cell
TSPYL1,0.1438382952266072,-0.24325054666388501,0.516,0.509,1,Memory B cell
WDCP,0.1438509270851467,0.1553648740255058,0.055,0.051,1,Memory B cell
UTP3,0.1439306867496569,0.1740082707777041,0.376,0.366,1,Memory B cell
ORC1,0.14397602473151855,-0.36922047335032904,0.012,0.015,1,Memory B cell
VEZT,0.14399829840153244,0.11946383937625926,0.134,0.128,1,Memory B cell
HSDL2,0.14413739892428254,0.13383142187781188,0.181,0.173,1,Memory B cell
WDR74,0.14459013151840755,0.2646223164103578,0.291,0.281,1,Memory B cell
SCAMP3,0.14477298122874852,0.15553678073792648,0.279,0.271,1,Memory B cell
TOM1L2,0.14480088705194033,0.1713739239495211,0.119,0.112,1,Memory B cell
CDNF,0.14485617966183356,0.36742956190320974,0.014,0.011,1,Memory B cell
ABL2,0.1448731309902716,0.13734226987330134,0.079,0.073,1,Memory B cell
EOLA1,0.1449014681645599,0.14818353312936683,0.069,0.065,1,Memory B cell
ZNF571,0.1450492457516851,0.11301042594131205,0.064,0.059,1,Memory B cell
GPR55,0.14510157458740383,0.2186590156529018,0.026,0.025,1,Memory B cell
PSMC6,0.14546073363762113,0.3187268880657049,0.252,0.247,1,Memory B cell
DPEP2,0.14551919714000203,0.18603742542019308,0.32,0.313,1,Memory B cell
KIAA0753,0.1457041899008023,0.16296867816580285,0.047,0.042,1,Memory B cell
DOK7,0.1457142379335187,0.21735858529941599,0.047,0.041,1,Memory B cell
SYTL1,0.14592980899781946,-2.9305084820967746,0.643,0.638,1,Memory B cell
LMAN2,0.14597951420343472,-0.6682486111712742,0.516,0.506,1,Memory B cell
TBC1D16,0.14611222217516898,0.3940711408157922,0.01,0.008,1,Memory B cell
IQCK,0.1461359108311885,-0.2975744564176379,0.01,0.01,1,Memory B cell
HSF4,0.14616187200002864,-0.3338104085519893,0.013,0.015,1,Memory B cell
TACC1,0.1462032609215808,4.074016612400283,0.357,0.357,1,Memory B cell
NCKIPSD,0.14642350428864453,0.2217496550499809,0.093,0.086,1,Memory B cell
MFNG,0.14706746918751504,0.5427048433802806,0.297,0.292,1,Memory B cell
ITIH4,0.14716624818084406,0.18103679996753552,0.029,0.026,1,Memory B cell
SLC10A3,0.14736395925618545,0.11766171798982394,0.196,0.188,1,Memory B cell
AGTPBP1,0.14753996785347545,-0.12218729994245514,0.342,0.333,1,Memory B cell
AXIN2,0.1475481980808662,0.1547704780129946,0.011,0.009,1,Memory B cell
CIP2A,0.14788700708835645,-0.14108449024638015,0.048,0.048,1,Memory B cell
ZNF600,0.14831802762282303,0.13906517920117278,0.16,0.151,1,Memory B cell
MYBBP1A,0.14838861156181754,0.5082090039871022,0.222,0.223,1,Memory B cell
SSH3,0.14844020017943746,0.36153047979422936,0.01,0.009,1,Memory B cell
LCK,0.14848244858896306,0.5365245541366708,0.058,0.053,1,Memory B cell
TMCC3,0.1487286709961146,0.1414607850844638,0.128,0.123,1,Memory B cell
EML4,0.14890094622623085,0.17526358930855856,0.692,0.683,1,Memory B cell
USP49,0.1491464651203278,-0.15606743503292764,0.026,0.03,1,Memory B cell
TMEM104,0.1495367225323451,0.1486348091986227,0.057,0.054,1,Memory B cell
BCL3,0.1495924310986678,0.33486506732530047,0.195,0.188,1,Memory B cell
SLC17A9,0.14964510576758802,-0.1180061630011009,0.07,0.071,1,Memory B cell
NDUFA2,0.1497668465442043,-6.504891024268753,0.422,0.412,1,Memory B cell
ALDH18A1,0.14978257957962024,0.1508857207636819,0.19,0.189,1,Memory B cell
REPS1,0.15027235616545076,0.2842744570299154,0.342,0.335,1,Memory B cell
SLC66A2,0.15039085169006153,0.11473217066661112,0.144,0.143,1,Memory B cell
FUCA1,0.15041701361734006,-0.1944059981909645,0.125,0.125,1,Memory B cell
LIME1,0.1506149385266547,0.3538170394494715,0.018,0.015,1,Memory B cell
LYST,0.15076577371284688,-7.123140879099386,0.49,0.481,1,Memory B cell
NICN1,0.15081819667366708,0.16371865881188274,0.176,0.171,1,Memory B cell
OPA3,0.1509349980056964,0.14619566522846084,0.07,0.065,1,Memory B cell
MTHFD1,0.15114683207919397,-2.097472313821748,0.328,0.32,1,Memory B cell
CCT6B,0.15116630738702644,0.2940451270267106,0.022,0.019,1,Memory B cell
AP4E1,0.15151073487423597,0.14956522483714263,0.172,0.165,1,Memory B cell
CCDC18,0.15154922899928494,0.15698424740973027,0.116,0.109,1,Memory B cell
TP53I13,0.1516057639568213,0.1526615192602594,0.082,0.075,1,Memory B cell
CDPF1,0.15173833575605103,0.21601023760276927,0.065,0.06,1,Memory B cell
NEK11,0.1517601661838281,0.2885194892356937,0.019,0.016,1,Memory B cell
CTSH,0.15180731859158902,1.2395017551997505,0.734,0.729,1,Memory B cell
MLLT11,0.15181329977238894,-0.23535028818947135,0.031,0.029,1,Memory B cell
RIMKLB,0.1518705278808269,-0.23308141182255104,0.117,0.122,1,Memory B cell
DYNC1I2,0.15199937211039455,-0.8840372425885432,0.391,0.383,1,Memory B cell
PIK3C2B,0.15206398713133673,0.2062814266951237,0.216,0.209,1,Memory B cell
GLTP,0.15216402990016767,0.10500904494585361,0.083,0.08,1,Memory B cell
PAIP1,0.15223628587130603,0.11762035143681615,0.122,0.116,1,Memory B cell
HOXC4,0.15229588228316293,0.18510865814481026,0.088,0.086,1,Memory B cell
TOX2,0.15237796634354703,-0.5089870821353308,0.012,0.011,1,Memory B cell
MAGOHB,0.15261542421976612,0.1863222052287239,0.04,0.037,1,Memory B cell
THADA,0.1526449103077448,0.18072173408217385,0.415,0.405,1,Memory B cell
CA2,0.15317391528185256,3.3192929521921246,0.019,0.017,1,Memory B cell
OFD1,0.15366286828970158,0.2031482564894047,0.43,0.421,1,Memory B cell
EFNA3,0.15410926220123933,0.13922192178429516,0.022,0.019,1,Memory B cell
IMP3,0.15416317992529527,0.11471689719217859,0.206,0.198,1,Memory B cell
GALNT2,0.1543136140274423,0.1704765455640631,0.147,0.141,1,Memory B cell
PA2G4,0.15439545649587985,0.5272151911171157,0.207,0.198,1,Memory B cell
GNPDA2,0.15440051218025688,0.1305795423696301,0.153,0.144,1,Memory B cell
TMEM167A,0.15443563841682287,-0.17365241880348148,0.346,0.338,1,Memory B cell
SPINT2,0.15444640444935404,-0.10090191098159207,0.422,0.41,1,Memory B cell
MYO1B,0.15462529522612853,0.3897824739900648,0.027,0.023,1,Memory B cell
GATC,0.1546750982895722,0.12465053522701153,0.124,0.119,1,Memory B cell
RBM33,0.1546863709515348,1.1420500564036544,0.854,0.848,1,Memory B cell
TRIM4,0.15486425514085853,0.11766524924356511,0.302,0.291,1,Memory B cell
MED26,0.15495081373402922,0.1589005732347668,0.102,0.096,1,Memory B cell
RCHY1,0.1550466736175493,0.10810706313526558,0.225,0.218,1,Memory B cell
HSD17B14,0.15516085739067276,0.37204761273522013,0.01,0.008,1,Memory B cell
JAGN1,0.15551506112654745,0.23320130050913201,0.123,0.115,1,Memory B cell
CENPF,0.15562928743672344,1.4188707600201362,0.011,0.01,1,Memory B cell
ATP2B4,0.15573491726803043,1.7617743237511576,0.159,0.151,1,Memory B cell
AUH,0.1559321821163222,0.1376268135446248,0.133,0.128,1,Memory B cell
HCFC1,0.1562171913693269,0.3541760280283348,0.406,0.403,1,Memory B cell
TAGLN2,0.1562707727526978,6.985530760626571,0.348,0.341,1,Memory B cell
NOL9,0.15643681371731105,0.13734726551848842,0.179,0.17,1,Memory B cell
TAF6L,0.15645948157169787,-0.19089316880719664,0.056,0.056,1,Memory B cell
TLR9,0.15659979305601582,0.18960662245518334,0.136,0.131,1,Memory B cell
ERAL1,0.1569102143807167,0.11341621149373071,0.139,0.133,1,Memory B cell
CSTA,0.15702254733525556,0.26753407880788505,0.041,0.037,1,Memory B cell
LBHD1,0.15717008952661854,-0.14663166806002614,0.063,0.068,1,Memory B cell
EAF2,0.15725054093386903,2.7516128874326053,0.57,0.579,1,Memory B cell
GNG3,0.15738989129665715,0.6623486047787386,0.045,0.042,1,Memory B cell
NOP56,0.1574024903613343,14.64984497257985,0.324,0.32,1,Memory B cell
HACD4,0.15754138252676772,-1.2034483059857317,0.237,0.228,1,Memory B cell
ADAM17,0.15763106209015967,1.2543504621504258,0.305,0.296,1,Memory B cell
FHOD1,0.1577554788233019,-0.27620619930867196,0.096,0.097,1,Memory B cell
TMEM50A,0.15782551461541808,0.4786348725140608,0.428,0.419,1,Memory B cell
PRPF40A,0.15807503804363357,0.38010351712089396,0.472,0.466,1,Memory B cell
PSME2,0.15812275468857137,-0.14429419497255536,0.055,0.057,1,Memory B cell
TATDN2,0.15834571267912875,0.10538587301013791,0.378,0.369,1,Memory B cell
BPGM,0.15857653930593624,0.1106729241771095,0.153,0.145,1,Memory B cell
EFCAB2,0.15873804706991534,0.11640067385851083,0.046,0.047,1,Memory B cell
DMD,0.15876465446401494,0.20796358926045366,0.036,0.034,1,Memory B cell
DOT1L,0.15890335549947748,0.33123896241847267,0.291,0.282,1,Memory B cell
TXK,0.1591353771086096,0.19200608302874134,0.026,0.022,1,Memory B cell
NUDT9,0.1592045894903442,0.1738546277955455,0.146,0.139,1,Memory B cell
GP1BB,0.15926361098077643,3.3482102148617106,0.013,0.011,1,Memory B cell
MAFB,0.15934709848835346,-0.3872252600241408,0.011,0.014,1,Memory B cell
BGLAP,0.1594348424601288,0.14555646997465388,0.029,0.025,1,Memory B cell
TLE1,0.15943750670431833,1.231431601307272,0.298,0.291,1,Memory B cell
GPD2,0.1595241799853865,-0.16007735438938853,0.163,0.157,1,Memory B cell
RPA4,0.15958931206034446,-0.3223651071932161,0.029,0.03,1,Memory B cell
CDK5RAP3,0.15991977364669543,0.20183131475573468,0.73,0.727,1,Memory B cell
IER2,0.15997114806735233,15.92065478562128,0.644,0.64,1,Memory B cell
PALS2,0.16058745764789278,-1.3338113780532899,0.209,0.22,1,Memory B cell
DPF2,0.16064283563450393,0.13298500586504305,0.291,0.282,1,Memory B cell
PICK1,0.16066361707780888,-0.10691110982333729,0.082,0.08,1,Memory B cell
HACE1,0.16083329909049585,0.12208066980755317,0.104,0.099,1,Memory B cell
GALK1,0.16106477983215745,0.14323524088641237,0.094,0.089,1,Memory B cell
SDF4,0.1613199878896598,-2.5926062353122763,0.394,0.387,1,Memory B cell
PARG,0.1614629514808573,0.17188143544247247,0.12,0.118,1,Memory B cell
DMXL2,0.16151135888266507,-0.15914188199366208,0.035,0.03,1,Memory B cell
HMMR,0.16151751326527666,-6.19802016142896,0.01,0.01,1,Memory B cell
KIF13A,0.16158941311480066,0.11911005102757333,0.101,0.096,1,Memory B cell
AMBRA1,0.1617539920888254,0.11509246217326921,0.267,0.261,1,Memory B cell
RABL3,0.1617758572823815,0.1299148167658517,0.138,0.131,1,Memory B cell
ESPNL,0.161897504392946,0.23862254820922768,0.014,0.011,1,Memory B cell
TERF2IP,0.1625348103695634,0.20945765499627145,0.546,0.536,1,Memory B cell
NLRC4,0.16253542661354836,0.19383769387963135,0.024,0.021,1,Memory B cell
MREG,0.16254606808032268,0.2066100765929897,0.044,0.039,1,Memory B cell
TRIM47,0.16310676394356516,-0.36156375382001604,0.04,0.041,1,Memory B cell
TTC1,0.16316692493185697,0.15707015189615556,0.292,0.285,1,Memory B cell
PAFAH1B2,0.16335262963894068,0.11909247208836349,0.404,0.403,1,Memory B cell
ARAP2,0.16341368372283163,1.1985148396593623,0.268,0.26,1,Memory B cell
SENP2,0.16350130494346243,0.10942929418788354,0.272,0.264,1,Memory B cell
CRLS1,0.1636698034416819,0.21449364273423355,0.22,0.213,1,Memory B cell
GNAZ,0.16382167791723512,0.252341861473778,0.056,0.052,1,Memory B cell
DENND2D,0.1638638579110673,0.16635058204571937,0.222,0.211,1,Memory B cell
SEPTIN9,0.16394411144890256,-6.804376634187537,0.684,0.69,1,Memory B cell
SPATA5L1,0.16406143600266634,0.1530884668590351,0.112,0.107,1,Memory B cell
HSPE1,0.16420232355130482,0.20558832662599946,0.19,0.188,1,Memory B cell
DEXI,0.16424985765425842,0.1420773296203537,0.039,0.04,1,Memory B cell
ALOX5AP,0.1646555395624275,0.3428051767225826,0.387,0.388,1,Memory B cell
CCL4,0.16475542056993875,-12.855149107484163,0.017,0.014,1,Memory B cell
ADPRH,0.16561479651498912,-0.47654384837088726,0.19,0.185,1,Memory B cell
NBPF11,0.165768331936538,0.16436406161714823,0.052,0.048,1,Memory B cell
PRKD2,0.16596190948138936,-0.4687306472132846,0.593,0.584,1,Memory B cell
GABRR2,0.16606617784726405,0.2717042473414404,0.017,0.015,1,Memory B cell
ECI1,0.16619863604583762,-0.1050305580784624,0.274,0.265,1,Memory B cell
PILRB,0.16631593155897276,4.734031033228341,0.597,0.585,1,Memory B cell
TTLL11,0.1663371372522809,0.19165076538898207,0.043,0.041,1,Memory B cell
RFTN1,0.1663447969983845,-1.4995579727478143,0.157,0.152,1,Memory B cell
STK19,0.16656965074210725,0.18283530368047485,0.069,0.064,1,Memory B cell
TNFSF4,0.16666492448586362,0.34948651923084295,0.016,0.013,1,Memory B cell
FGF2,0.1668442024842828,0.9400663841406587,0.011,0.009,1,Memory B cell
G6PD,0.16713577559575274,0.11392011645936728,0.215,0.223,1,Memory B cell
ZNF573,0.16742012696663844,0.10698690537736899,0.178,0.169,1,Memory B cell
EEIG1,0.16748732514574957,-11.64360992951541,0.359,0.351,1,Memory B cell
SH2B3,0.16749595665536546,0.3823156324027469,0.213,0.208,1,Memory B cell
CSF2RA,0.1675173803186108,-2.8926047136625086,0.01,0.01,1,Memory B cell
TAPBPL,0.16794892825127383,0.19572275805118156,0.161,0.152,1,Memory B cell
NIPBL,0.16798643389816903,-0.18206211923103321,0.499,0.489,1,Memory B cell
GPR137,0.16801956130865087,0.15674123328624523,0.103,0.099,1,Memory B cell
ZNF550,0.16815168882677017,0.12826001372536555,0.143,0.136,1,Memory B cell
RAB5B,0.16825872546895929,0.11937797712182119,0.4,0.397,1,Memory B cell
TKFC,0.16828177110129164,0.1032403176847394,0.129,0.123,1,Memory B cell
TMEM199,0.16828933749779215,-0.18538436830422889,0.197,0.2,1,Memory B cell
RAB39B,0.16832033089732648,0.1518538982872244,0.109,0.102,1,Memory B cell
ZNF445,0.16832878589643105,0.1438787348643591,0.093,0.089,1,Memory B cell
FAIM,0.16837625916784546,0.23688394738590368,0.131,0.125,1,Memory B cell
ANKRD34A,0.16878280988057734,-0.29834084243690917,0.012,0.014,1,Memory B cell
COL9A2,0.168793878428884,0.40875175041382095,0.045,0.042,1,Memory B cell
DHRS9,0.16886974125546786,-2.6372840035705587,0.029,0.028,1,Memory B cell
EIF2S1,0.16897670195401343,3.138175581458988,0.347,0.342,1,Memory B cell
PIWIL2,0.16904030935038866,0.10664286121372957,0.011,0.01,1,Memory B cell
UFM1,0.16911615489456525,0.2692667516784586,0.57,0.563,1,Memory B cell
ABLIM2,0.169202700556607,0.2575138438209912,0.013,0.01,1,Memory B cell
OCEL1,0.16926873730660716,0.1434917813294696,0.096,0.092,1,Memory B cell
TNFRSF1A,0.1693401930901536,0.5252697489733222,0.022,0.023,1,Memory B cell
TRABD,0.16936495439356372,-0.48971983149269316,0.258,0.248,1,Memory B cell
PRPF39,0.16941198305703098,0.15017933895343671,0.426,0.421,1,Memory B cell
APOO,0.16946212656444296,0.21423800953427596,0.054,0.05,1,Memory B cell
ATAD1,0.17007628539447925,0.13430195730624334,0.328,0.323,1,Memory B cell
DHX9,0.1701254330051927,3.196299131641524,0.515,0.506,1,Memory B cell
H2BC8,0.17014789540484218,-0.2700951301986936,0.044,0.039,1,Memory B cell
UBE2D4,0.17040111809616879,0.158168010401881,0.054,0.049,1,Memory B cell
CHI3L2,0.17053645454367275,-1.332947416071409,0.061,0.056,1,Memory B cell
HSD17B6,0.17063426936138065,0.49692991514204543,0.012,0.01,1,Memory B cell
FBXL13,0.1711950835878231,-0.3307381568058574,0.008,0.01,1,Memory B cell
TMEM41A,0.17122736674494143,0.16492439448698848,0.053,0.049,1,Memory B cell
SLC5A6,0.17129292999797377,4.006168470236787,0.108,0.115,1,Memory B cell
KDM2A,0.1714573690760008,0.15488720253053945,0.653,0.651,1,Memory B cell
RBL2,0.17170241918091003,0.660791675436943,0.539,0.531,1,Memory B cell
FOSB,0.1718485531396273,6.239319672006298,0.107,0.104,1,Memory B cell
SNRK,0.1718586453092382,0.15390771120602398,0.345,0.335,1,Memory B cell
LIMD2,0.17200773944506767,4.914655206793309,0.902,0.897,1,Memory B cell
KLHDC3,0.17212495479597278,-0.12530230117262864,0.259,0.263,1,Memory B cell
SGF29,0.1721394145878851,0.49117650514779876,0.198,0.188,1,Memory B cell
CEP295,0.17242913285594358,0.10475317681333762,0.124,0.118,1,Memory B cell
ZNF430,0.1726073132695462,0.10039921561236631,0.126,0.119,1,Memory B cell
YTHDC1,0.1727561583446809,0.10858937432451077,0.521,0.509,1,Memory B cell
TMEM259,0.17277523750569124,-0.17105540740813163,0.425,0.414,1,Memory B cell
PXMP2,0.17283300947169472,0.19581892299803894,0.03,0.028,1,Memory B cell
TNFAIP1,0.17291844980902618,0.1425488555451695,0.041,0.037,1,Memory B cell
ASAP1,0.17292130381144324,0.22350623734300096,0.266,0.26,1,Memory B cell
DENND4B,0.17313006829657118,0.10601378223194645,0.299,0.29,1,Memory B cell
POMT1,0.17315214142161783,0.19727226683159982,0.046,0.041,1,Memory B cell
PPP1R16B,0.1735110307406587,4.636913042939931,0.514,0.511,1,Memory B cell
IER5,0.17361167003408043,6.538136539216903,0.61,0.621,1,Memory B cell
RAB5A,0.17421760120003085,0.41913183576057245,0.353,0.346,1,Memory B cell
VCAN,0.17428973879378032,-19.996161322896114,0.057,0.052,1,Memory B cell
CCNC,0.17431113041385257,-0.6958894380246462,0.365,0.352,1,Memory B cell
GDPD5,0.17434144651454006,0.29981003309207777,0.164,0.166,1,Memory B cell
GTF2F2,0.17434286243923378,0.10448221799052027,0.269,0.262,1,Memory B cell
ZNF780A,0.1743629588295523,0.11973310737780563,0.12,0.111,1,Memory B cell
ANKS3,0.17450113174357954,0.12081667722574796,0.061,0.056,1,Memory B cell
TPGS2,0.17469850761805333,-0.26130642000287074,0.217,0.209,1,Memory B cell
ISCA1,0.1749492083952132,-0.15066795433803715,0.111,0.118,1,Memory B cell
THAP11,0.17496542248031674,0.12963263183973567,0.279,0.27,1,Memory B cell
USP36,0.1753080420111974,-0.19000884995398415,0.223,0.23,1,Memory B cell
FLACC1,0.1753855864228357,0.22205532798832106,0.025,0.026,1,Memory B cell
ZNF174,0.1756023895755554,0.1746347514583788,0.052,0.047,1,Memory B cell
RIGI,0.17561905160192953,1.010336449234452,0.238,0.235,1,Memory B cell
WDR41,0.175761983905814,0.22073627003216728,0.199,0.19,1,Memory B cell
SERPINH1,0.17576251728830639,-0.20727236153265505,0.009,0.01,1,Memory B cell
TRABD2A,0.17620995273207474,0.13095018227443544,0.04,0.037,1,Memory B cell
ENO3,0.17658625367537462,-0.18419686095015875,0.04,0.043,1,Memory B cell
RFWD3,0.17662855077442882,-0.18311692889006792,0.171,0.165,1,Memory B cell
NBAS,0.17664687607313734,0.11279296529845906,0.227,0.218,1,Memory B cell
NT5E,0.17665048706351966,-0.5496406278176971,0.257,0.249,1,Memory B cell
SNRPD2,0.17687697884605805,-1.6731351306174551,0.398,0.392,1,Memory B cell
P2RY13,0.1769217163092673,1.1135641996506784,0.012,0.011,1,Memory B cell
ANAPC5,0.17695570469237076,0.24335060344568937,0.53,0.52,1,Memory B cell
SCNN1D,0.17700908216443811,0.18870683320276882,0.022,0.019,1,Memory B cell
PDGFD,0.1776072441238332,0.4629903734880507,0.01,0.008,1,Memory B cell
THOC1,0.17789615594142827,0.11077564590578859,0.23,0.221,1,Memory B cell
RGS19,0.17794465444345967,-4.639983622039541,0.475,0.468,1,Memory B cell
HOXB2,0.17804212147960413,0.28789776923713006,0.011,0.01,1,Memory B cell
EBAG9,0.17811507487627992,0.2026471704507714,0.268,0.259,1,Memory B cell
TMOD3,0.17824111890762107,0.27452452424770346,0.41,0.412,1,Memory B cell
CREB1,0.17830790474556135,0.350328667070126,0.441,0.432,1,Memory B cell
MLH1,0.1783925551076182,0.3721609122584969,0.218,0.21,1,Memory B cell
CDKN2C,0.17847308579516724,-4.649950149314134,0.023,0.021,1,Memory B cell
MED23,0.17889014784395668,0.9427796200595548,0.278,0.271,1,Memory B cell
ITGA6,0.178906918695094,2.0022617442151347,0.02,0.016,1,Memory B cell
LCP2,0.1789907940015141,-0.2833600221977128,0.15,0.144,1,Memory B cell
RIC3,0.17918990449009173,-1.4946510738006902,0.491,0.476,1,Memory B cell
DTD1,0.17927211261556877,-0.15483330437233045,0.213,0.205,1,Memory B cell
CCDC71,0.1794369169564081,0.1407857055619215,0.08,0.076,1,Memory B cell
CHD1,0.17957674428159245,-0.3218227958256441,0.515,0.512,1,Memory B cell
SUN2,0.17974358755669498,6.519878314893168,0.822,0.816,1,Memory B cell
NEB,0.17987282370321248,-0.4715203965912744,0.035,0.04,1,Memory B cell
AGO1,0.1801051890285241,0.10020916683715042,0.189,0.183,1,Memory B cell
IDS,0.18011063065053923,-2.325007639334973,0.559,0.551,1,Memory B cell
PSMC3IP,0.1803090019409745,-0.2924707388496297,0.025,0.026,1,Memory B cell
SUSD6,0.1803135650585344,0.32245254642007715,0.465,0.46,1,Memory B cell
TOM1,0.180451169334883,-0.1359361816838096,0.101,0.103,1,Memory B cell
CREB3L4,0.1805732124661195,0.17659696989202756,0.039,0.035,1,Memory B cell
DNAJB11,0.18090865801770387,0.11157637508977403,0.204,0.206,1,Memory B cell
MIER1,0.18093227627504382,0.37429420846632055,0.449,0.44,1,Memory B cell
SART1,0.18096473043958705,0.26291093925143316,0.305,0.308,1,Memory B cell
SULF2,0.18111765727720477,0.3713729942740276,0.01,0.008,1,Memory B cell
PECR,0.18161979830076885,0.10866389788026787,0.099,0.092,1,Memory B cell
SMG5,0.1816828089551879,0.1429028277084543,0.288,0.279,1,Memory B cell
ZFP37,0.1817541556656103,0.31473573481284767,0.023,0.019,1,Memory B cell
INF2,0.1818663592116612,-2.3234774877952797,0.409,0.409,1,Memory B cell
FAM32A,0.18209190512723838,-0.25626063019978407,0.387,0.38,1,Memory B cell
TPRA1,0.18217976667002875,0.14498674179843207,0.096,0.095,1,Memory B cell
SLC29A2,0.18235606880376037,0.14163135751038247,0.052,0.048,1,Memory B cell
P2RY14,0.1824346209831734,-0.6093746687406838,0.042,0.04,1,Memory B cell
GPAT4,0.18254356854521123,0.16044032338745884,0.332,0.327,1,Memory B cell
ZNF625,0.18265152433828083,0.15789161029817,0.056,0.051,1,Memory B cell
ARSG,0.18273779252384048,0.1095985067823162,0.084,0.078,1,Memory B cell
SEC16A,0.18276080785712967,0.12930180630623694,0.24,0.232,1,Memory B cell
BRPF3,0.18292309078304864,-0.31290338583371247,0.142,0.15,1,Memory B cell
HAPLN3,0.18300438607038724,0.40443523343692345,0.018,0.015,1,Memory B cell
ETV6,0.18308476477287985,-0.3138996467651456,0.377,0.37,1,Memory B cell
BLCAP,0.18315277107965772,0.32253387925613985,0.479,0.479,1,Memory B cell
ADGRG5,0.18326976907616288,0.758358426855238,0.275,0.269,1,Memory B cell
DOP1A,0.1832873774039852,0.10826616150139179,0.161,0.156,1,Memory B cell
LRP10,0.18346676399336168,-0.238303291773998,0.36,0.352,1,Memory B cell
XYLT2,0.18350401105376768,0.14424473702283813,0.114,0.109,1,Memory B cell
GIN1,0.18350403286500114,0.18674169548203423,0.057,0.052,1,Memory B cell
BCR,0.18361587984304514,0.2748564844771609,0.228,0.214,1,Memory B cell
TEN1,0.18403244004744204,0.10778370053549602,0.102,0.096,1,Memory B cell
SPECC1L,0.18406867912957933,0.2598829143624991,0.391,0.385,1,Memory B cell
PGP,0.1843811147389129,0.17542477705708848,0.16,0.151,1,Memory B cell
RAD52,0.1844727334467635,0.11131170084561548,0.06,0.06,1,Memory B cell
CDK5,0.1845454863306141,0.21178828399155414,0.027,0.024,1,Memory B cell
RALY,0.18474390734166968,0.10856028101355542,0.238,0.231,1,Memory B cell
CBX3,0.18525043337029629,0.27172159161744136,0.353,0.345,1,Memory B cell
CCT8,0.18533292443743796,1.173521552182474,0.308,0.299,1,Memory B cell
YWHAE,0.1853994144809294,1.4786115180122013,0.348,0.341,1,Memory B cell
JAKMIP2,0.18559521769383683,0.4908414570287265,0.013,0.01,1,Memory B cell
ZNF724,0.18562567790897466,0.2177868630864941,0.035,0.032,1,Memory B cell
ARCN1,0.1857749552574543,0.21115765048236645,0.53,0.525,1,Memory B cell
EID1,0.1857917669331544,0.23010480662205568,0.452,0.441,1,Memory B cell
BBLN,0.18630374519715293,0.12871564823159332,0.198,0.189,1,Memory B cell
SMIM29,0.18647321528493954,-0.1506409912568758,0.158,0.161,1,Memory B cell
CLIP2,0.18647625687102523,-0.1448490116605149,0.142,0.143,1,Memory B cell
RFXANK,0.18739613156042076,0.2889565395052006,0.259,0.261,1,Memory B cell
CPNE3,0.18742690062300302,0.16466283580954733,0.36,0.352,1,Memory B cell
PAFAH1B3,0.18750138044044046,0.4391168979938448,0.139,0.132,1,Memory B cell
GRB2,0.18767317450041576,0.5912374591570675,0.83,0.824,1,Memory B cell
SNX10,0.18780232530499527,-2.3845954437325503,0.477,0.469,1,Memory B cell
GAB1,0.18785919593592895,0.1792119525292506,0.022,0.02,1,Memory B cell
JAZF1,0.18795254856128885,-0.16100219894860568,0.329,0.344,1,Memory B cell
FGL2,0.18796442431255822,-0.7517416004218549,0.252,0.243,1,Memory B cell
PPA1,0.1880766140829425,-0.16652427522656232,0.119,0.112,1,Memory B cell
PALD1,0.18824175549796035,0.30860599119096044,0.015,0.012,1,Memory B cell
LRRC42,0.1883273248220086,0.20338997842187778,0.054,0.05,1,Memory B cell
KIAA2013,0.18844243499468857,0.2661637223865284,0.204,0.207,1,Memory B cell
MFSD8,0.18845017221532318,0.45215467446406044,0.309,0.301,1,Memory B cell
RAD17,0.1886182753812793,0.18807013215929222,0.237,0.229,1,Memory B cell
UTS2B,0.18865737882808822,8.689867671328628,0.101,0.102,1,Memory B cell
ZNF275,0.18885926120072638,0.1561811759641889,0.1,0.093,1,Memory B cell
RASSF6,0.18886918951954507,1.0096454177408865,0.04,0.037,1,Memory B cell
APPBP2,0.1889469280808036,0.13543768372651033,0.214,0.205,1,Memory B cell
MARS1,0.1889655295084515,0.17149068363446984,0.048,0.044,1,Memory B cell
KIF9,0.18899038989104183,0.13478892126363462,0.015,0.015,1,Memory B cell
BRWD1,0.18942392649868325,-0.18363647422140933,0.309,0.313,1,Memory B cell
ARFGAP3,0.18952073452513157,-0.2419491689295517,0.23,0.231,1,Memory B cell
TYMP,0.1896080690487729,-1.6172619519086004,0.221,0.211,1,Memory B cell
ASB13,0.18979380040362362,0.34045260825288715,0.014,0.012,1,Memory B cell
GSE1,0.18979607475385168,-0.42979862978331373,0.327,0.322,1,Memory B cell
ATP6V1F,0.1898047545870003,0.11325855853225475,0.179,0.173,1,Memory B cell
STK32C,0.18983585106102308,-0.19650166751822074,0.043,0.046,1,Memory B cell
EVI2A,0.19008817780624335,14.436185014952464,0.43,0.42,1,Memory B cell
C9orf85,0.19036082060622803,0.10544377432951269,0.155,0.147,1,Memory B cell
YTHDF2,0.1906190513597005,0.1621555035453035,0.443,0.434,1,Memory B cell
AAMP,0.19074872833239256,0.6054264913334004,0.381,0.371,1,Memory B cell
CDK6,0.19091532711469777,0.2823065412363728,0.049,0.046,1,Memory B cell
ZNF438,0.19106775512741825,0.31742727236495183,0.03,0.027,1,Memory B cell
XRN1,0.19110276717673824,-0.17210844929622615,0.572,0.562,1,Memory B cell
TMEM69,0.19143854517728606,0.20618562345995795,0.18,0.174,1,Memory B cell
C2orf76,0.1914693112182253,0.12361490072027292,0.059,0.059,1,Memory B cell
SLC7A5,0.19184149121302385,0.6088686008812547,0.045,0.042,1,Memory B cell
FBXO32,0.19193221167406815,-0.18683262702876746,0.069,0.071,1,Memory B cell
P2RY10,0.19204802728571202,1.2890075327695403,0.785,0.783,1,Memory B cell
TRIM44,0.1921410428803008,0.20823163350856078,0.512,0.51,1,Memory B cell
EPB41L4A,0.19220469391299888,0.20270457848091583,0.079,0.073,1,Memory B cell
METTL8,0.1922635700478532,0.22891439563666816,0.094,0.089,1,Memory B cell
NTMT1,0.19238408774317597,0.1547561038419607,0.085,0.083,1,Memory B cell
MPZL3,0.19283374068138306,0.23412186064389706,0.029,0.026,1,Memory B cell
SLC26A11,0.19294657536583373,0.1186633385311362,0.027,0.024,1,Memory B cell
E2F6,0.19323771418948696,0.11591728441778182,0.062,0.057,1,Memory B cell
DPEP3,0.19325104392842435,0.21267721509558424,0.019,0.017,1,Memory B cell
TRIB1,0.19332748957121648,-0.5261721612920223,0.017,0.016,1,Memory B cell
UROS,0.1933307182215182,0.18509461704226632,0.196,0.191,1,Memory B cell
SLA2,0.19335117309475086,0.31948734072521656,0.016,0.014,1,Memory B cell
GTF2A2,0.19361789756595707,0.21720334162414445,0.323,0.319,1,Memory B cell
UGGT2,0.19375174520441585,0.17796655452814125,0.074,0.068,1,Memory B cell
HNRNPH2,0.1939561411869063,-0.2067953455099769,0.358,0.37,1,Memory B cell
RAVER2,0.1939640185337606,-0.13259563433832966,0.033,0.038,1,Memory B cell
ACOT7,0.19439728457691863,0.39296863481405087,0.013,0.012,1,Memory B cell
DCLRE1B,0.19451314862640387,-0.20311880860851605,0.014,0.015,1,Memory B cell
JHY,0.19461987339052028,0.1969880049368662,0.06,0.055,1,Memory B cell
SCN3A,0.19485098722174277,1.5671547946625282,0.055,0.05,1,Memory B cell
LIG1,0.19566775350519794,0.18461706543357664,0.206,0.202,1,Memory B cell
ZKSCAN7,0.19577417129661326,0.17889127527580673,0.039,0.035,1,Memory B cell
HOMER1,0.19581388132448727,-0.24697462432408868,0.029,0.031,1,Memory B cell
KLRD1,0.19585540333305257,8.180644631613038,0.023,0.021,1,Memory B cell
RHEX,0.1960815214607235,0.2141389759619461,0.022,0.02,1,Memory B cell
ATAD2B,0.19644966551624335,0.1486946422082398,0.278,0.278,1,Memory B cell
DGAT1,0.19657486421283452,0.12371913572584703,0.211,0.21,1,Memory B cell
ZNF511,0.19671319623133476,0.10227642830065298,0.141,0.133,1,Memory B cell
DPM2,0.19732782595857867,0.14188894523619533,0.044,0.04,1,Memory B cell
KAT6A,0.19779402891915404,-0.9047075652098724,0.672,0.666,1,Memory B cell
TMEM14A,0.19785195155314272,0.11973210315333849,0.165,0.158,1,Memory B cell
B4GALT3,0.1979027064558807,-0.6381032969666514,0.175,0.168,1,Memory B cell
GALE,0.19797161226876622,0.22156427998876538,0.039,0.035,1,Memory B cell
UBXN4,0.19803671007058204,0.6364948472477918,0.54,0.53,1,Memory B cell
NEK6,0.19805475316332782,4.846524895137781,0.57,0.562,1,Memory B cell
RIPK3,0.1980840642061256,0.11454984954250813,0.14,0.135,1,Memory B cell
TBC1D15,0.19809256440094583,0.13293664216646728,0.287,0.283,1,Memory B cell
PITPNA,0.1985215928963445,-0.11053847327853483,0.365,0.36,1,Memory B cell
RRS1,0.19872654193967537,0.20884349416682668,0.121,0.114,1,Memory B cell
ZNF257,0.19878533472433196,0.19490358993456436,0.052,0.047,1,Memory B cell
GPALPP1,0.19885324307664512,0.16380334060040547,0.251,0.242,1,Memory B cell
TPRN,0.19894700761627754,0.19042569089194217,0.016,0.014,1,Memory B cell
H1-10,0.1990847515814738,4.01138207653937,0.32,0.328,1,Memory B cell
PARPBP,0.19968170393547097,0.17387442986921098,0.047,0.042,1,Memory B cell
SLC2A4RG,0.1999491651988597,0.13889370227019082,0.085,0.079,1,Memory B cell
ZNF276,0.1999505709692755,-0.1100102876829761,0.234,0.227,1,Memory B cell
FRMD3,0.20006763497262742,0.3359781412426086,0.01,0.009,1,Memory B cell
JAML,0.20034694053755903,-1.462738244406823,0.036,0.032,1,Memory B cell
EXT2,0.20041675870130596,0.1410111516499506,0.109,0.105,1,Memory B cell
MGMT,0.20047366402894998,-0.3689216790137214,0.212,0.206,1,Memory B cell
PRKCA,0.20072172828092777,0.3545123810926656,0.014,0.013,1,Memory B cell
TMX3,0.20094489444621508,0.10781952042968002,0.22,0.213,1,Memory B cell
ATP5MC2,0.20102537578163507,-0.21076239268529573,0.668,0.659,1,Memory B cell
ACTR6,0.2012060736580936,0.12195557392875034,0.175,0.17,1,Memory B cell
AKAP17A,0.20128613101756024,-0.5572290675027429,0.546,0.537,1,Memory B cell
MIEN1,0.20136095555309874,0.1256031125508755,0.238,0.235,1,Memory B cell
METTL21A,0.20136418445035761,-0.13593732981970663,0.2,0.192,1,Memory B cell
ABHD13,0.20137540855068864,0.10489021334103193,0.233,0.237,1,Memory B cell
INKA1,0.2016399109156559,0.13069525834675222,0.06,0.055,1,Memory B cell
CUL1,0.20175821390421766,0.15935415510936893,0.329,0.324,1,Memory B cell
WDR36,0.20206959695716764,0.10842593411296142,0.165,0.164,1,Memory B cell
ZDHHC17,0.20241036410613306,0.37572568101230697,0.273,0.266,1,Memory B cell
ZNF449,0.20251556622084288,0.13627686501831437,0.045,0.041,1,Memory B cell
SMIM27,0.20297315760614734,0.24487665595881533,0.21,0.204,1,Memory B cell
MTFR1L,0.20301887389894482,0.1642518044783503,0.178,0.17,1,Memory B cell
THBS3,0.20302152207064844,0.17003520454871168,0.075,0.071,1,Memory B cell
SFXN5,0.2032107248808565,-0.1330555508090785,0.04,0.038,1,Memory B cell
TMEM218,0.20325445191519292,0.11501170439637876,0.139,0.132,1,Memory B cell
MICU2,0.20330868456492,-2.6287100293981522,0.495,0.488,1,Memory B cell
COG5,0.20342715111425555,-0.12276587014853377,0.266,0.26,1,Memory B cell
SNAP47,0.2034341986062666,0.17999646058785657,0.153,0.148,1,Memory B cell
RUNX3,0.2035076110484259,0.21129330443101435,0.372,0.363,1,Memory B cell
ZNF181,0.20356139664942374,0.1528119818690934,0.049,0.045,1,Memory B cell
ABHD11,0.2037084101820454,0.13795033922230937,0.04,0.039,1,Memory B cell
FBXL5,0.20404684206352602,-0.21795817308046095,0.391,0.385,1,Memory B cell
NFKBID,0.20423973223351843,-13.949031976938947,0.17,0.174,1,Memory B cell
PLEKHO1,0.20451965365408628,-0.30623968187551043,0.788,0.782,1,Memory B cell
ATP8B3,0.20483410042848657,0.2891352365986455,0.01,0.009,1,Memory B cell
CCNB1,0.20514637674858988,-0.3782336480151831,0.035,0.032,1,Memory B cell
UBP1,0.2052632455450806,0.1469914720543437,0.406,0.4,1,Memory B cell
RNPS1,0.20536232391587186,0.14877880247037045,0.435,0.427,1,Memory B cell
CTNNBIP1,0.20548143022196633,0.16196555249718392,0.076,0.07,1,Memory B cell
SND1,0.20550944972342405,0.501459007326532,0.412,0.402,1,Memory B cell
UQCRC2,0.20595028787348998,-1.6343604950179658,0.386,0.374,1,Memory B cell
PRKD3,0.2059945134641577,-5.837865033436149,0.551,0.557,1,Memory B cell
BAG3,0.20607133442679929,0.2765864348828142,0.018,0.015,1,Memory B cell
CTIF,0.2062348382904537,0.20256454007508973,0.033,0.029,1,Memory B cell
TES,0.20641179630508955,-2.365269424322003,0.598,0.595,1,Memory B cell
KAT2A,0.2064204464702235,-0.1364475274487047,0.082,0.086,1,Memory B cell
ZNF581,0.20651616842475848,-0.22945305751530964,0.332,0.335,1,Memory B cell
RAB13,0.20706086865972406,0.3754676880766805,0.011,0.01,1,Memory B cell
ZUP1,0.20708986779720903,0.1170932995930305,0.118,0.112,1,Memory B cell
HERC2,0.20712278156011876,0.12418018324655306,0.246,0.24,1,Memory B cell
IGSF6,0.2071260320658307,0.3673308052527755,0.014,0.012,1,Memory B cell
PPHLN1,0.2071566906017037,0.30674050005031495,0.571,0.568,1,Memory B cell
ZNF740,0.20759235159678038,0.10092508254727495,0.169,0.162,1,Memory B cell
POLD1,0.20769461252825172,0.15254001723723265,0.091,0.086,1,Memory B cell
PCSK6,0.207777428779971,2.0121134964138188,0.018,0.015,1,Memory B cell
PRDM11,0.20792028299532628,-0.1976204196624174,0.023,0.026,1,Memory B cell
COX7A2L,0.20793564773656859,0.28856266432454447,0.303,0.301,1,Memory B cell
ECH1,0.20823088314560848,-5.332251846718254,0.503,0.501,1,Memory B cell
PIGV,0.208234797734881,0.13306443592259454,0.09,0.086,1,Memory B cell
ST3GAL3,0.20850868348569157,0.12538050346006158,0.188,0.182,1,Memory B cell
TAF9,0.20851349149580348,-1.0683976989143011,0.192,0.185,1,Memory B cell
DNM3,0.20866400687792674,0.24191556002096704,0.023,0.021,1,Memory B cell
PTGR2,0.20896001661824734,-0.1494193361626408,0.024,0.027,1,Memory B cell
RAD23A,0.20928665021194598,0.15499418790751063,0.397,0.388,1,Memory B cell
ZNF677,0.20932605347378022,0.2234848185011109,0.067,0.066,1,Memory B cell
FAM228B,0.2093623844173857,-0.19010086635057924,0.229,0.226,1,Memory B cell
SLC7A1,0.2100461312363701,0.27238531811041633,0.114,0.113,1,Memory B cell
ERLIN2,0.2104357193406041,-0.11017654594267201,0.105,0.108,1,Memory B cell
NBPF1,0.21048968017562764,0.2891589941404815,0.011,0.009,1,Memory B cell
CDC14B,0.21061248994385018,0.10706766476378116,0.053,0.049,1,Memory B cell
C6orf62,0.2106715981277677,0.2219469079290981,0.44,0.433,1,Memory B cell
FIP1L1,0.21084989566379464,0.1926217517426923,0.356,0.347,1,Memory B cell
FMNL3,0.2113149748325939,0.14372617729991521,0.134,0.129,1,Memory B cell
IL6,0.21173808343058578,-6.546916542094895,0.069,0.067,1,Memory B cell
HEBP1,0.21175639705911392,-0.13678977023935968,0.055,0.057,1,Memory B cell
RAB33A,0.21192140243568297,0.17693578530759568,0.044,0.039,1,Memory B cell
MICA,0.21196336250028527,0.148040606305059,0.093,0.087,1,Memory B cell
MMAA,0.21207094592240108,0.12645610700895338,0.064,0.059,1,Memory B cell
CTC1,0.21209671552898068,0.14978351071453466,0.186,0.177,1,Memory B cell
SREBF2,0.21219598838624604,-2.6930506475008276,0.544,0.549,1,Memory B cell
BTG3,0.2123622063704452,-0.1443984224221424,0.05,0.056,1,Memory B cell
SLC9B2,0.21258496161910176,0.1461216029064203,0.143,0.136,1,Memory B cell
METTL4,0.21260410236516017,0.1150582949518964,0.213,0.205,1,Memory B cell
ACAP3,0.21269230341695947,0.11338216467149162,0.227,0.223,1,Memory B cell
AASS,0.21272427158627452,0.16413503300314636,0.044,0.042,1,Memory B cell
ZNF579,0.21293545441072614,-0.25064196443494335,0.018,0.021,1,Memory B cell
PPP1R12B,0.21328391724361606,0.44068807137519067,0.202,0.201,1,Memory B cell
ACTR2,0.21328765391597054,8.755008350229724,0.465,0.459,1,Memory B cell
SHCBP1,0.2135933093938766,0.23796503339299147,0.028,0.025,1,Memory B cell
XKR8,0.21414091968358226,0.10449389803467435,0.066,0.064,1,Memory B cell
TPM4,0.21416078084734014,0.6330051514921292,0.348,0.344,1,Memory B cell
PCM1,0.21420680170852577,-1.0237672928686372,0.657,0.648,1,Memory B cell
ZNF576,0.2142524444006785,0.11829010952606467,0.052,0.048,1,Memory B cell
LSM10,0.21448407022466823,-0.5917639469688225,0.422,0.416,1,Memory B cell
TMEM184B,0.21470750975015057,-0.14968403146752607,0.072,0.073,1,Memory B cell
SEC13,0.21480176050964458,3.1124613333125084,0.284,0.276,1,Memory B cell
LGALS9,0.2149027876705158,0.16249782158895787,0.148,0.143,1,Memory B cell
ALPL,0.21491176022108963,0.5073859209881295,0.031,0.027,1,Memory B cell
ACP3,0.21517133008623332,0.5043481279495987,0.01,0.008,1,Memory B cell
DYNC2LI1,0.2152266310201708,0.12217666254956505,0.067,0.064,1,Memory B cell
ZFP30,0.2153190492813146,0.16315544609317234,0.092,0.089,1,Memory B cell
FGFBP2,0.21550952232698642,2.2459261655133456,0.011,0.01,1,Memory B cell
PPP5C,0.21603863340244406,0.16998936279222132,0.155,0.148,1,Memory B cell
CHMP4B,0.21608945573679703,-2.472809854189633,0.543,0.551,1,Memory B cell
IMP4,0.21623887140434198,1.4479085452255944,0.274,0.266,1,Memory B cell
SHMT1,0.2165124478936303,0.1554595796411311,0.083,0.078,1,Memory B cell
KIF5B,0.21658717494472143,0.29847705525801915,0.499,0.492,1,Memory B cell
FGD4,0.2166885806956204,0.34767690199747514,0.084,0.079,1,Memory B cell
TBK1,0.2172772729990553,0.13336988829628363,0.245,0.238,1,Memory B cell
SRP19,0.21728432685798268,0.17825540949183233,0.299,0.289,1,Memory B cell
MCM2,0.21729248099202086,7.249425262914112,0.134,0.128,1,Memory B cell
HNRNPK,0.2174418648750374,13.048366328972644,0.615,0.62,1,Memory B cell
SLC25A43,0.21773107418375529,0.10431537822405823,0.128,0.121,1,Memory B cell
DPY19L4,0.21783685137075948,0.15127415886406848,0.075,0.07,1,Memory B cell
ARMH2,0.21789664227278857,-0.1459610810221732,0.073,0.076,1,Memory B cell
SRRM1,0.21805323063171925,0.18152327084505337,0.539,0.53,1,Memory B cell
KCNQ5,0.21853067514791535,0.15560554898028522,0.099,0.092,1,Memory B cell
ZFYVE9,0.21882581915988078,0.1456640381974319,0.021,0.023,1,Memory B cell
TSHZ2,0.21890461079870352,0.49195218594686363,0.033,0.03,1,Memory B cell
CRYGS,0.21915271192911,0.15906318617499604,0.047,0.043,1,Memory B cell
MAN2B2,0.21944294443228232,0.26502708721868,0.276,0.276,1,Memory B cell
MCRIP1,0.21959490361716746,0.10645990474218603,0.187,0.18,1,Memory B cell
ATP5MG,0.21970542902144344,5.765122849988759,0.547,0.546,1,Memory B cell
ABI3,0.21975011076878717,-0.193717013833012,0.068,0.063,1,Memory B cell
PCCB,0.21980666341496533,0.1834300679134131,0.136,0.129,1,Memory B cell
DUSP8,0.22011543916614768,-0.3679294693203383,0.027,0.027,1,Memory B cell
FBXO25,0.22045704365096966,0.15716383841714432,0.18,0.177,1,Memory B cell
NME4,0.22080675381443304,-0.11617596342917036,0.147,0.149,1,Memory B cell
FOLR2,0.22093337716929312,0.17690044654035209,0.025,0.024,1,Memory B cell
EXO5,0.2210436553098322,0.12415831887245377,0.069,0.065,1,Memory B cell
LASP1,0.22117550472254663,-2.6956661307248435,0.534,0.53,1,Memory B cell
CUL4A,0.22118061386257387,0.11102513535405477,0.282,0.275,1,Memory B cell
TNFRSF10D,0.22130362425464267,0.2451725198650765,0.025,0.024,1,Memory B cell
LYRM4,0.22136442536467463,-0.1811174464250742,0.158,0.151,1,Memory B cell
NANP,0.22147769352210372,0.2277058632766975,0.021,0.018,1,Memory B cell
IPO5,0.22160668672952002,0.1153131771212077,0.195,0.19,1,Memory B cell
TLR6,0.22165476447037846,0.7519237755320511,0.525,0.531,1,Memory B cell
NDUFS7,0.22178483627916257,0.1488538314634843,0.229,0.225,1,Memory B cell
ZNF570,0.22182605072211461,0.19883576591154828,0.052,0.048,1,Memory B cell
ZNF442,0.2219402325883032,0.22105009028740064,0.018,0.015,1,Memory B cell
RCL1,0.22198278734288254,0.1685943078737805,0.176,0.171,1,Memory B cell
BHLHE40,0.2220171870598244,3.002087679161911,0.266,0.26,1,Memory B cell
LMNB2,0.22216598128817455,-4.469289551656255,0.083,0.078,1,Memory B cell
HDLBP,0.22220365991882754,0.10404489325231103,0.183,0.175,1,Memory B cell
RFLNB,0.22231838868815987,0.9145517676373989,0.037,0.032,1,Memory B cell
CPEB2,0.22236014461213366,-0.23822845325473896,0.144,0.151,1,Memory B cell
FRMPD3,0.22253135525746573,-0.38444412149164364,0.017,0.018,1,Memory B cell
WAS,0.2226857267671207,-0.26129814257582984,0.51,0.507,1,Memory B cell
TFDP2,0.22275853744424534,0.11617892962957188,0.135,0.129,1,Memory B cell
GALNT12,0.2228445117147399,-0.20143831926334688,0.028,0.03,1,Memory B cell
DFFA,0.22330038290758886,0.530499379043974,0.194,0.187,1,Memory B cell
PARP1,0.223452583755624,-0.20509180915223113,0.471,0.464,1,Memory B cell
PPP1R32,0.2235207898258402,0.1671275327173607,0.015,0.013,1,Memory B cell
ECHS1,0.22368701721259088,0.20041013648035133,0.326,0.318,1,Memory B cell
CTBP2,0.22421239013964453,0.1470087774535993,0.049,0.047,1,Memory B cell
P2RX1,0.22452823417437007,-0.12491233197969187,0.038,0.035,1,Memory B cell
TMEM42,0.22473994380690493,0.11595829739803021,0.101,0.095,1,Memory B cell
IFIT1,0.22486569088831482,4.03922201004385,0.043,0.039,1,Memory B cell
FAS,0.22491113436068236,7.367765622819649,0.105,0.1,1,Memory B cell
ZBTB45,0.2249133982729037,0.19566543531898306,0.086,0.082,1,Memory B cell
SOWAHD,0.22493037190530796,0.18650983089980455,0.037,0.036,1,Memory B cell
PDE4D,0.22493395419606607,-4.24942845841715,0.242,0.235,1,Memory B cell
ATP5MF,0.22496655529178838,-1.1063496448736645,0.194,0.192,1,Memory B cell
SPRING1,0.22498710660465354,0.12126281845973441,0.02,0.02,1,Memory B cell
TBC1D31,0.22541329726837558,0.1950813385572574,0.052,0.047,1,Memory B cell
CYTH3,0.22543348722572637,0.23662438910303019,0.045,0.045,1,Memory B cell
GALK2,0.22545739144450624,0.10205327056843727,0.163,0.159,1,Memory B cell
AKIRIN1,0.22578781103222778,0.699705620882717,0.511,0.518,1,Memory B cell
EXT1,0.22583313980016315,-0.2704354383908485,0.1,0.105,1,Memory B cell
CISH,0.2259234561818379,5.390786885016961,0.038,0.035,1,Memory B cell
CXCL8,0.2259319124892438,4.429194001231207,0.019,0.017,1,Memory B cell
PAK4,0.22600540237772096,0.17903070932458665,0.025,0.022,1,Memory B cell
RBKS,0.22610765393055232,-0.20366136617070296,0.024,0.025,1,Memory B cell
YTHDC2,0.22632254109384592,0.1243348340649757,0.434,0.425,1,Memory B cell
MTMR6,0.22645966726636202,0.2050464681818504,0.208,0.202,1,Memory B cell
POLE3,0.22668136824612262,0.34103082815227115,0.343,0.335,1,Memory B cell
PUS3,0.22674258257486077,0.15345664939072146,0.074,0.07,1,Memory B cell
FAM171A2,0.22675294611328814,0.2537769490456112,0.016,0.014,1,Memory B cell
ABHD17B,0.22683992966222694,-0.9537387696204285,0.207,0.202,1,Memory B cell
IL18,0.2269146188074811,0.3779857249639491,0.01,0.009,1,Memory B cell
SRCAP,0.22772769960936629,0.15158678542563786,0.478,0.472,1,Memory B cell
NME3,0.22823090215960734,0.15508726447182236,0.316,0.307,1,Memory B cell
ZNF490,0.2284567763824385,0.10202199420685143,0.109,0.104,1,Memory B cell
NMNAT1,0.22850430060263358,0.1582424139823979,0.097,0.091,1,Memory B cell
F11R,0.2286516561978593,0.16270836080624007,0.108,0.107,1,Memory B cell
RAB36,0.22919404423102946,0.3640782956721713,0.012,0.01,1,Memory B cell
DLG3,0.2292444394706861,0.25907584339336953,0.021,0.021,1,Memory B cell
CCNI,0.22930721050321784,6.971550663385726,0.919,0.914,1,Memory B cell
PCDH9,0.22935766455552486,-1.5541645782317195,0.111,0.108,1,Memory B cell
BORCS7,0.22973431762024568,-0.10430769802630524,0.179,0.182,1,Memory B cell
FNDC11,0.23051725674278833,0.12243825158766031,0.034,0.032,1,Memory B cell
PWWP2A,0.2307637895580139,0.14734624197946325,0.255,0.254,1,Memory B cell
CLK1,0.23097644337683934,1.5335115095216763,0.739,0.733,1,Memory B cell
CNIH1,0.23103982128343545,-0.23187359086133222,0.225,0.228,1,Memory B cell
FCER1G,0.23120024405727063,0.8018096646052393,0.066,0.063,1,Memory B cell
RNFT2,0.23122521783653602,0.16153013832778607,0.068,0.063,1,Memory B cell
CGGBP1,0.231552065144359,0.7375323988943334,0.58,0.577,1,Memory B cell
ZFP36L2,0.23184601473756433,-5.515558078654038,0.774,0.768,1,Memory B cell
SNRNP200,0.23189498526572003,0.36673631295811004,0.547,0.537,1,Memory B cell
USP31,0.23209819047913438,-0.2742973024507558,0.021,0.025,1,Memory B cell
ICOS,0.2321421164996714,0.4035119658175166,0.011,0.009,1,Memory B cell
UBE2D2,0.23225287173173115,-0.3612171691695356,0.538,0.531,1,Memory B cell
PFDN2,0.23250281939948664,0.19951214190107677,0.307,0.313,1,Memory B cell
TAX1BP3,0.23258245144306158,1.0350971504003084,0.26,0.264,1,Memory B cell
TENT2,0.23263704789994827,0.18528427211167764,0.422,0.413,1,Memory B cell
NDST2,0.23272532471445678,0.17523533934157243,0.029,0.026,1,Memory B cell
PIP5K1C,0.2329069978057304,0.1087597044650559,0.118,0.113,1,Memory B cell
SLC30A5,0.23304460564004414,0.12564123549722583,0.17,0.164,1,Memory B cell
ATXN2,0.23314809579302329,0.10433133881224904,0.315,0.31,1,Memory B cell
STX5,0.23319238212589538,-0.2826935239504169,0.348,0.353,1,Memory B cell
IFT22,0.2332404317258439,0.17830572501151076,0.035,0.032,1,Memory B cell
NEK10,0.2334764693767643,0.10150976072965001,0.014,0.015,1,Memory B cell
TSC22D1,0.2336414935602813,0.41983636530848,0.065,0.069,1,Memory B cell
TRIM69,0.23364281210906043,-0.12413892265410276,0.018,0.02,1,Memory B cell
STK3,0.2337675307030056,-0.22103855731798872,0.048,0.051,1,Memory B cell
VASP,0.2339816354963297,5.1962670965672935,0.715,0.71,1,Memory B cell
CABLES2,0.23406643909971625,0.19538251851248267,0.047,0.043,1,Memory B cell
IQCE,0.2346824465509761,0.2363574056492883,0.04,0.036,1,Memory B cell
WDR20,0.23540479988231552,-0.4685076169327622,0.33,0.328,1,Memory B cell
TCF19,0.23551678062876172,1.0461028097952005,0.09,0.085,1,Memory B cell
FAM76A,0.23554099989890065,0.13663866089820242,0.145,0.138,1,Memory B cell
CEP89,0.23620800094124955,0.11374811405775476,0.111,0.106,1,Memory B cell
LMO7,0.23638082686276976,0.16561601422330652,0.037,0.035,1,Memory B cell
TNFRSF13C,0.23654030753857183,6.635156737216306,0.922,0.92,1,Memory B cell
KDM8,0.23655657242989703,-0.32498512009709835,0.009,0.01,1,Memory B cell
SYTL3,0.23685573408881366,0.29459577136626436,0.019,0.016,1,Memory B cell
TRPM7,0.23693662512397826,0.13837587884494895,0.462,0.456,1,Memory B cell
GON4L,0.23725957683768667,0.26121922630156735,0.359,0.352,1,Memory B cell
MCTP1,0.23740251765106424,1.5136765036433468,0.023,0.021,1,Memory B cell
LRRN1,0.23758471909659107,0.1300516684095867,0.061,0.056,1,Memory B cell
RHEBL1,0.23773108874922383,-0.13957253111534662,0.033,0.034,1,Memory B cell
MEAK7,0.23782271164986937,0.12790036718145892,0.064,0.06,1,Memory B cell
GCNT1,0.23795000658728685,0.2198095134849849,0.041,0.037,1,Memory B cell
SEL1L,0.23795926073513884,0.14008056493338794,0.272,0.264,1,Memory B cell
RRM1,0.23811286609302762,0.4392619636817967,0.124,0.118,1,Memory B cell
RRP12,0.23812970411196535,0.14356117597364437,0.193,0.191,1,Memory B cell
CARS1,0.23845187981847396,0.18168572084861356,0.028,0.025,1,Memory B cell
MYPOP,0.23846568616864167,0.217935994172044,0.041,0.038,1,Memory B cell
C1orf131,0.23851242642879208,0.1211015716720254,0.123,0.117,1,Memory B cell
THEMIS,0.23898607336852523,1.4098890073503205,0.027,0.024,1,Memory B cell
MGST2,0.2390990410204533,0.29926707147910303,0.01,0.008,1,Memory B cell
MAP3K8,0.23914319407229695,0.13693726226446756,0.446,0.438,1,Memory B cell
GPR89B,0.2396123603397883,0.1254934453323875,0.084,0.081,1,Memory B cell
EPB41,0.24031220682630763,-5.604132332563091,0.597,0.588,1,Memory B cell
TNFRSF13B,0.2404870086986757,-2.7998654404840337,0.808,0.803,1,Memory B cell
ALKBH8,0.2405100140658763,0.15392946185870215,0.091,0.085,1,Memory B cell
UIMC1,0.24057537170479212,0.1336852571799964,0.267,0.264,1,Memory B cell
DCAF5,0.2405768495520398,0.10515922375534892,0.309,0.302,1,Memory B cell
SH3YL1,0.24083482224064262,-0.14213646993575924,0.293,0.286,1,Memory B cell
ZNF215,0.24090881522920976,0.26539335639302397,0.018,0.016,1,Memory B cell
LRRC66,0.2410046453800885,0.25532337534209315,0.017,0.014,1,Memory B cell
RPGRIP1L,0.2411313195508113,0.18247575479607114,0.047,0.043,1,Memory B cell
DNAH1,0.24152374380336938,0.1661733502421947,0.113,0.107,1,Memory B cell
PTRH1,0.241578557387452,0.11511752065517378,0.033,0.03,1,Memory B cell
SCFD2,0.2417783494787895,0.11071488870111867,0.118,0.114,1,Memory B cell
CHL1,0.2417889247084942,-0.7033645941730522,0.03,0.034,1,Memory B cell
CBX1,0.2422705519599803,0.10779590866470112,0.054,0.052,1,Memory B cell
TLE5,0.24253795102533324,2.7238126446760784,0.456,0.449,1,Memory B cell
FAM174C,0.24257372857217016,0.27125526756752655,0.205,0.198,1,Memory B cell
TUBG2,0.24259934601204186,0.2446347917236058,0.049,0.045,1,Memory B cell
MCM9,0.24261427430110166,-0.12491194576591758,0.129,0.13,1,Memory B cell
TM7SF3,0.2427995315119817,0.12271356521814447,0.229,0.224,1,Memory B cell
POF1B,0.2428119437368892,0.2543468941042004,0.041,0.037,1,Memory B cell
MSANTD7,0.24290330172468907,0.14292321888517368,0.082,0.079,1,Memory B cell
DARS1,0.24294853111798098,-2.428430347530128,0.428,0.418,1,Memory B cell
ARL16,0.2429900156999471,0.1421597136031476,0.183,0.176,1,Memory B cell
ZNF639,0.24313836901435373,-0.11801291952709936,0.25,0.258,1,Memory B cell
TNFAIP3,0.24330207841215065,-1.221280850375432,0.237,0.234,1,Memory B cell
CCNF,0.243302786118859,-0.6554526157714604,0.03,0.027,1,Memory B cell
SMAD7,0.24332925069069683,0.16056016662126904,0.011,0.011,1,Memory B cell
DIPK1A,0.24335573053901274,0.17356423061514292,0.207,0.204,1,Memory B cell
ARHGAP12,0.2434015008121403,0.2971508971387398,0.334,0.328,1,Memory B cell
HK1,0.24340758352184913,0.13295435033900432,0.311,0.312,1,Memory B cell
SNX4,0.24350601328630966,0.10652851698534649,0.228,0.228,1,Memory B cell
PRRC2C,0.24378212503913024,-0.10915277270686019,0.462,0.47,1,Memory B cell
CLIC3,0.24401770951161617,5.99772930206337,0.011,0.009,1,Memory B cell
MARCHF2,0.2440823655962006,0.18871372979357748,0.058,0.055,1,Memory B cell
VMP1,0.2441767985787248,-0.9397704581227755,0.335,0.327,1,Memory B cell
RBM12,0.2447166974490145,0.10057925272813706,0.179,0.176,1,Memory B cell
ITGA5,0.24490701647546295,0.203174743916545,0.017,0.015,1,Memory B cell
SNRPG,0.24493985728418552,1.191098825534873,0.181,0.174,1,Memory B cell
AACS,0.2449709567795087,-0.15236084512017456,0.077,0.077,1,Memory B cell
GSS,0.2450119397422579,-0.1202900041748729,0.099,0.095,1,Memory B cell
AKIRIN2,0.2451098139623258,-0.8710394344712324,0.533,0.539,1,Memory B cell
PBX3,0.24539517845722186,0.3043879980349822,0.154,0.149,1,Memory B cell
GPT2,0.24543964907697646,0.17556786998680884,0.044,0.039,1,Memory B cell
RBBP5,0.24570020778317056,0.2701353492541906,0.246,0.24,1,Memory B cell
HCN2,0.24587695901364054,0.160299699777811,0.017,0.015,1,Memory B cell
ZNF221,0.24609586082652227,-0.3402814390018527,0.017,0.018,1,Memory B cell
RNF185,0.2463396798824717,0.11860339682387067,0.115,0.108,1,Memory B cell
KCNRG,0.24700024995360584,0.25636737933641207,0.01,0.008,1,Memory B cell
NDUFB2,0.24700705313570273,-0.5620476481871275,0.176,0.169,1,Memory B cell
RGS1,0.24705890407242873,-9.986702726796414,0.079,0.085,1,Memory B cell
PPP1CB,0.2474422043330573,0.7588844344887611,0.527,0.52,1,Memory B cell
ZDHHC8,0.24750968779913696,-0.16387654392862774,0.235,0.242,1,Memory B cell
TMC6,0.24752505588396853,0.23833046951084436,0.558,0.555,1,Memory B cell
CCDC43,0.2475662138601589,0.13210919591104675,0.1,0.096,1,Memory B cell
LAIR1,0.24779956680064552,0.9348256824196381,0.237,0.229,1,Memory B cell
CLDN15,0.24791050764674066,-0.1304145345977985,0.101,0.103,1,Memory B cell
CCR4,0.2479225526871827,15.846880681614005,0.015,0.013,1,Memory B cell
TNFRSF10A,0.24802449851720834,-0.23625793787044466,0.268,0.27,1,Memory B cell
SEPHS1,0.24807405870014101,0.11513794775173114,0.103,0.105,1,Memory B cell
STAT2,0.2481368743090034,0.6863941432390339,0.397,0.393,1,Memory B cell
SMAGP,0.24816204404782405,0.6294312594193093,0.19,0.191,1,Memory B cell
RELL1,0.2483174233658979,-0.4304762970791165,0.025,0.024,1,Memory B cell
NKG7,0.2486488737649841,-7.3237630091912465,0.083,0.08,1,Memory B cell
ZNF557,0.2487709215226574,0.30086537763905885,0.122,0.116,1,Memory B cell
UBA2,0.24883880431293393,0.36097158722242106,0.379,0.377,1,Memory B cell
NAT9,0.24885008494935718,0.2723289497321115,0.118,0.111,1,Memory B cell
NOXA1,0.249054740950396,-0.30139734215723024,0.009,0.01,1,Memory B cell
HDGF,0.24926391912963516,0.6129382413893525,0.189,0.191,1,Memory B cell
COQ8B,0.24988602534959403,0.10373677575233131,0.09,0.084,1,Memory B cell
TRMT6,0.25004244804687237,0.1547025448633561,0.113,0.107,1,Memory B cell
KCNIP2,0.2502201658115474,-1.9053037777816273,0.106,0.1,1,Memory B cell
ATAD2,0.25033732038188067,0.11229907205958689,0.086,0.08,1,Memory B cell
DYM,0.25036164388799625,0.2125000015547016,0.524,0.521,1,Memory B cell
FOXO1,0.2505956938676362,0.30475346449265683,0.4,0.394,1,Memory B cell
C19orf38,0.2506093164709307,-0.1760793006153749,0.024,0.027,1,Memory B cell
MAP3K7CL,0.25086013382515676,12.24536199658619,0.132,0.126,1,Memory B cell
CHCHD7,0.2509992355176804,0.34509707045673954,0.409,0.401,1,Memory B cell
SAMD10,0.2515619478166304,0.22975107414754925,0.029,0.026,1,Memory B cell
COLGALT1,0.2518602146402799,0.54064710815872985,0.313,0.312,1,Memory B cell
STEEP1,0.25210230753039853,0.1083030066128493,0.208,0.204,1,Memory B cell
TICAM2,0.25244447766666545,0.12426460342267642,0.097,0.092,1,Memory B cell
DERPC,0.2525535025798839,-0.1788441696046874,0.012,0.013,1,Memory B cell
IGLC1,0.2525590248902435,37.56057836322459,0.112,0.108,1,Memory B cell
SH3BP2,0.25262263954630176,-0.2376928170788597,0.148,0.142,1,Memory B cell
RPRD1B,0.25273549804275874,0.12433920893194106,0.096,0.091,1,Memory B cell
KCNH8,0.2532209361688374,0.3013228013076704,0.136,0.138,1,Memory B cell
PYCARD,0.25378182694091606,-0.2269088892726938,0.21,0.211,1,Memory B cell
CCR5,0.2539033741447955,0.18801470926739094,0.014,0.013,1,Memory B cell
EIF4A2,0.25434910556234097,-0.21967742310367466,0.753,0.753,1,Memory B cell
IREB2,0.25440735234687273,0.20672750723542266,0.244,0.238,1,Memory B cell
FAM217B,0.25499404793063624,0.13438035467762366,0.153,0.151,1,Memory B cell
TXNL4B,0.25524702202911714,-0.11097669547949951,0.128,0.13,1,Memory B cell
RAB11A,0.25532705692665286,0.13717984928980526,0.306,0.302,1,Memory B cell
GBP1,0.2553855390284748,0.23603088946867234,0.088,0.082,1,Memory B cell
ADI1,0.255406415896229,-0.14508701865406137,0.203,0.201,1,Memory B cell
NUDC,0.2557587982558146,17.411088749702376,0.391,0.381,1,Memory B cell
KLHL3,0.2559485831484192,0.12708157221037109,0.022,0.019,1,Memory B cell
ANKRD37,0.2560968312424781,0.10829387342773966,0.041,0.038,1,Memory B cell
HIKESHI,0.25639674359096354,0.10684838553492204,0.047,0.046,1,Memory B cell
AP2S1,0.2570044224156999,0.10394025675822083,0.197,0.191,1,Memory B cell
ADARB1,0.2574594059311087,-0.3283728104640449,0.106,0.104,1,Memory B cell
PDE8A,0.25766324688262576,0.11144720772529526,0.166,0.164,1,Memory B cell
SDR16C5,0.258047945877166,-1.033310513507655,0.029,0.025,1,Memory B cell
DDX43,0.25831505612593064,0.39272320034399666,0.011,0.008,1,Memory B cell
POLI,0.25842211660704334,0.14133083161942583,0.193,0.189,1,Memory B cell
NT5C,0.2589858399445336,0.4374553297633128,0.366,0.356,1,Memory B cell
TSG101,0.2590710605848281,0.1283242246739915,0.258,0.254,1,Memory B cell
STX1A,0.25947818976762416,-0.17798339262852636,0.009,0.01,1,Memory B cell
PACSIN2,0.26009381679573207,0.10914559614931307,0.321,0.319,1,Memory B cell
FAHD2A,0.2602914016443621,0.10787848085309593,0.063,0.059,1,Memory B cell
NPTN,0.26036923655356015,0.10489631762901386,0.327,0.32,1,Memory B cell
PEX5,0.2604578073675459,-0.11477986650193817,0.048,0.052,1,Memory B cell
ADRB1,0.2607198870891041,0.24462522121356312,0.012,0.011,1,Memory B cell
ADGRE5,0.2608860923021041,-6.711009419697724,0.509,0.508,1,Memory B cell
RAB2B,0.2609419704120556,0.10978760516547881,0.204,0.198,1,Memory B cell
ATOX1,0.26138118810947153,-0.12576565922575433,0.284,0.275,1,Memory B cell
CHEK1,0.2617185094374212,0.88209122545766006,0.018,0.018,1,Memory B cell
PRF1,0.26230976459552263,-5.637434025821673,0.03,0.028,1,Memory B cell
TGFBR3,0.2626413320394147,0.2258601460794809,0.01,0.008,1,Memory B cell
AP1AR,0.26279928083089027,0.16213844628976648,0.168,0.161,1,Memory B cell
SIGMAR1,0.2632241304409877,-0.10901245098074419,0.098,0.104,1,Memory B cell
PAM,0.26359389359762625,0.22577582588760237,0.018,0.016,1,Memory B cell
ZNF710,0.26367241286287396,0.1087224026860758,0.024,0.022,1,Memory B cell
NPDC1,0.26379533483523315,0.9014896820764084,0.01,0.008,1,Memory B cell
ZNF596,0.2638809387103945,-0.16857800408846968,0.023,0.024,1,Memory B cell
KNTC1,0.2640890623334257,0.32989089955403333,0.223,0.216,1,Memory B cell
ZNF526,0.264638373142058,0.10663371894421703,0.091,0.086,1,Memory B cell
GCSAM,0.2650095012236638,0.2731180069036345,0.097,0.09,1,Memory B cell
KIAA0513,0.265228043690916,0.2094948053589416,0.017,0.014,1,Memory B cell
SRPK1,0.2652537414052964,0.13018329186928,0.267,0.26,1,Memory B cell
POP1,0.265257518586463,0.20711686358671066,0.039,0.036,1,Memory B cell
KCTD6,0.26566270550995524,0.12108070347053657,0.067,0.065,1,Memory B cell
ARL14,0.26566925141949493,-0.27271485932406136,0.01,0.011,1,Memory B cell
AQP3,0.26575246590283175,-1.0548932714298924,0.017,0.015,1,Memory B cell
ENTPD1,0.266172093131176,-1.156199386845973,0.479,0.474,1,Memory B cell
TIMMDC1,0.26657562853980954,0.12575845057484955,0.301,0.292,1,Memory B cell
RCC1,0.2666555022788169,-0.16012430907199526,0.115,0.114,1,Memory B cell
PHTF2,0.2667979235793061,7.588560745449399,0.573,0.569,1,Memory B cell
PTTG1,0.26711731035057923,-2.9702360289855876,0.029,0.027,1,Memory B cell
FAF1,0.2672473896748232,-0.2753104399006192,0.22,0.214,1,Memory B cell
CLPTM1L,0.2673134056646666,1.347242469935891,0.382,0.374,1,Memory B cell
CRABP2,0.26754513073729386,-0.13831549393229547,0.01,0.011,1,Memory B cell
CHTF8,0.26788489736192866,0.16082838484431594,0.037,0.035,1,Memory B cell
CLEC2B,0.26830860798239087,0.58825726319369,0.245,0.243,1,Memory B cell
ALDH9A1,0.26852470818944324,-0.23130892588179697,0.277,0.272,1,Memory B cell
HS3ST1,0.26885133454415977,-0.14666586973618578,0.094,0.092,1,Memory B cell
NUFIP2,0.26914667529359193,0.47028457646081123,0.475,0.475,1,Memory B cell
TFPT,0.26928086725152867,-0.1295339409979812,0.073,0.075,1,Memory B cell
DFFB,0.26989142311068465,0.11203486068325752,0.061,0.056,1,Memory B cell
KAT5,0.26995263037227624,0.12756777497367894,0.307,0.301,1,Memory B cell
SNX16,0.270457959155532,-0.21577466923660227,0.061,0.062,1,Memory B cell
KPNA1,0.2704837918596871,0.19981786056636086,0.327,0.322,1,Memory B cell
KLHL6,0.27051233090713395,-0.25400362070720006,0.459,0.45,1,Memory B cell
CERS2,0.2706765771561663,0.2511428478431277,0.445,0.44,1,Memory B cell
C17orf67,0.27079278967573683,0.2041999296392758,0.026,0.023,1,Memory B cell
CMSS1,0.27091671208631696,0.11519129914625048,0.134,0.129,1,Memory B cell
CD44,0.2710686950255341,-2.2531099940725916,0.795,0.797,1,Memory B cell
TNFSF13,0.27117019213985166,0.5337947117514877,0.133,0.129,1,Memory B cell
PHF14,0.2711724861454586,0.1407123653449443,0.335,0.333,1,Memory B cell
UBE2G1,0.27123964510358567,0.5154914184237929,0.465,0.459,1,Memory B cell
GALNT14,0.2714292700846969,0.32631962398363257,0.013,0.012,1,Memory B cell
ZNF185,0.2718420183333959,0.5317825934332792,0.018,0.016,1,Memory B cell
LTBP3,0.27193336084213593,0.2067123831896125,0.177,0.171,1,Memory B cell
TRAF4,0.2719747078972107,4.574463607852779,0.411,0.417,1,Memory B cell
UBE2F,0.27246364996074907,0.21910527263927726,0.071,0.068,1,Memory B cell
KIAA0825,0.27270954025925326,0.10202529996409515,0.039,0.036,1,Memory B cell
OTULIN,0.27283343365108753,0.2319103865966966,0.351,0.348,1,Memory B cell
RAD51B,0.27324663359206697,0.1380267905667768,0.374,0.366,1,Memory B cell
AP2M1,0.2733656199580515,-0.11846848121982795,0.326,0.321,1,Memory B cell
SMARCE1,0.2734434832367667,0.3313096282969107,0.346,0.339,1,Memory B cell
WWC3,0.27357048440260334,1.1991156227892676,0.246,0.237,1,Memory B cell
FUT7,0.27378143232078017,0.956107762395962,0.142,0.137,1,Memory B cell
KIF22,0.2740850295516664,-4.062679020743576,0.222,0.214,1,Memory B cell
HSPA1A,0.2741646304466476,0.4053905478885613,0.032,0.03,1,Memory B cell
DGAT2,0.274502911459369,0.17732381539578457,0.073,0.072,1,Memory B cell
CAPN12,0.2751732336268452,-0.15079019316392728,0.038,0.042,1,Memory B cell
RPP21,0.275210951655721,0.11217608682056857,0.198,0.193,1,Memory B cell
ARID2,0.2752186954686578,-0.1214431842565534,0.243,0.251,1,Memory B cell
ZNF765,0.27540685089360195,0.18818370687851793,0.089,0.085,1,Memory B cell
MACIR,0.2759579141189153,0.23576776785414744,0.025,0.023,1,Memory B cell
TEP1,0.2759865742645645,-0.26758329760158417,0.427,0.427,1,Memory B cell
PDSS1,0.276062476388363,0.16604332031574387,0.034,0.031,1,Memory B cell
TAS2R30,0.27668687037540846,-0.101988673520238,0.109,0.109,1,Memory B cell
SMARCB1,0.27748060614099507,-0.6697735517136101,0.647,0.644,1,Memory B cell
HMG20B,0.277804711810224,-0.6955978388469191,0.234,0.227,1,Memory B cell
MRGBP,0.27794691827992773,0.10448382978550241,0.127,0.121,1,Memory B cell
CENPH,0.27822121947016365,0.11625120836285796,0.102,0.101,1,Memory B cell
CARD11,0.27855214832404845,0.3840894841073301,0.51,0.51,1,Memory B cell
IFT122,0.2786328212870493,0.1444844508860159,0.044,0.041,1,Memory B cell
TTC30B,0.2786650573436042,0.26413479638271475,0.013,0.011,1,Memory B cell
ZNF792,0.27867387387273246,0.1319013580054631,0.06,0.058,1,Memory B cell
TFRC,0.278725604431987,0.7829717187117007,0.39,0.374,1,Memory B cell
BUB3,0.2787391698132888,0.3017979853024211,0.454,0.445,1,Memory B cell
LRRK1,0.27965882768050304,-0.3378907199887784,0.276,0.272,1,Memory B cell
RAC2,0.27971662569620764,-11.260723997876969,0.831,0.835,1,Memory B cell
ATG16L2,0.2799496874185343,-0.36826099709179827,0.512,0.504,1,Memory B cell
SERF2,0.27998344837170586,-2.4701207711263553,0.482,0.49,1,Memory B cell
ZNF134,0.2800381820601134,0.11613310821986778,0.09,0.085,1,Memory B cell
VPS4A,0.28027204213452256,0.3157262704324856,0.352,0.344,1,Memory B cell
TOP1MT,0.2803184752233519,0.5861918398706398,0.237,0.242,1,Memory B cell
SH3BGRL2,0.28049989171765666,1.8637765582746122,0.01,0.008,1,Memory B cell
EIF2AK2,0.28060911339684586,3.543031082759397,0.346,0.34,1,Memory B cell
ZNF502,0.280868974457949,0.1576608142601965,0.044,0.039,1,Memory B cell
ZMYM4,0.28087159217611124,0.4542819022635541,0.225,0.222,1,Memory B cell
FIBP,0.2809673132411582,-1.199230115370558,0.166,0.16,1,Memory B cell
UBE2Z,0.2811616115083633,0.11793120715747174,0.348,0.338,1,Memory B cell
SLC16A11,0.2815434143425765,0.2997740259734374,0.035,0.032,1,Memory B cell
ALYREF,0.28163745696577497,4.974528180787438,0.172,0.179,1,Memory B cell
SS18L1,0.28164413760033824,0.11864417087729473,0.062,0.06,1,Memory B cell
ZMYM2,0.28186015486004123,0.15196992521605956,0.423,0.415,1,Memory B cell
SLC48A1,0.28192124356401327,0.12754229411011764,0.093,0.088,1,Memory B cell
TUBA1B,0.2819306887006647,-38.71912294229638,0.401,0.391,1,Memory B cell
TAGLN,0.28193217626645606,0.4051210564866723,0.315,0.314,1,Memory B cell
TMEM120A,0.28199486913910526,0.10749968147267674,0.112,0.109,1,Memory B cell
CD58,0.2820871016618826,0.17147538984182525,0.223,0.22,1,Memory B cell
TCTN3,0.28223636013959397,0.15975741436624658,0.082,0.082,1,Memory B cell
SVBP,0.2824134436117434,-0.12788806665812968,0.157,0.151,1,Memory B cell
ATP6V0D1,0.28264576561950483,-0.5138377463292589,0.341,0.337,1,Memory B cell
NDUFA1,0.28292038873902914,-2.306099205629377,0.367,0.365,1,Memory B cell
MTRF1,0.2832449918232842,0.11708221791821805,0.191,0.185,1,Memory B cell
AGPAT5,0.2835281352149225,0.770226253735836,0.302,0.291,1,Memory B cell
SLC9B1,0.2838260565160839,0.218478047339282,0.013,0.011,1,Memory B cell
WDR11,0.2839864614284504,-0.32439443233224496,0.511,0.504,1,Memory B cell
XRN2,0.2839884636116124,0.6224575412792056,0.341,0.341,1,Memory B cell
DIS3L,0.2840748213814106,-0.10468160835222198,0.242,0.236,1,Memory B cell
TECR,0.28417828198908923,0.20587065082566802,0.031,0.028,1,Memory B cell
SUPT16H,0.2842478140831562,2.367222824412941,0.492,0.489,1,Memory B cell
SLC11A1,0.28446308135627335,-3.179751527963463,0.059,0.056,1,Memory B cell
PABPC4,0.2844727409900952,0.2874990162364889,0.245,0.243,1,Memory B cell
WBP4,0.2844846465126901,-0.16606479580198208,0.075,0.074,1,Memory B cell
LAPTM5,0.2846354081260266,-18.70260339733173,0.989,0.988,1,Memory B cell
PCDHGB6,0.2846754671987495,-0.20709279231346045,0.015,0.016,1,Memory B cell
DNAJA3,0.28474081125825784,0.21135203306500872,0.207,0.202,1,Memory B cell
THEMIS2,0.2848471135017532,-1.4252392584117883,0.413,0.4,1,Memory B cell
STT3A,0.2850420590843758,0.3161798500193604,0.295,0.292,1,Memory B cell
SKAP2,0.2851369039122573,0.17926254609637748,0.543,0.544,1,Memory B cell
PTPN9,0.28595794562715426,0.1561161697557374,0.148,0.142,1,Memory B cell
FLOT1,0.2862644414890432,0.1798946434431492,0.295,0.297,1,Memory B cell
MYBL2,0.2863411290588857,2.9023093892045564,0.11,0.106,1,Memory B cell
ZNF829,0.2864008620147327,-0.1727185114646197,0.019,0.02,1,Memory B cell
C1orf216,0.2864098257287835,0.13209701324461776,0.082,0.078,1,Memory B cell
NDUFB5,0.2867369260866654,-0.48823948921928007,0.434,0.432,1,Memory B cell
FUCA2,0.28688828838617303,-0.26680814102562445,0.093,0.092,1,Memory B cell
TCEAL4,0.28703423555248897,0.1371663025959493,0.098,0.093,1,Memory B cell
DPF3,0.28720205568730406,0.15178849225349866,0.113,0.109,1,Memory B cell
VAV1,0.2875198397024715,-0.13110785652162837,0.438,0.435,1,Memory B cell
ABHD6,0.2877783460559109,-0.10627917746381121,0.112,0.107,1,Memory B cell
STAU1,0.28817482625714946,0.16448842782566753,0.38,0.382,1,Memory B cell
PLEKHG4,0.2882427647293392,0.12607689162360103,0.016,0.014,1,Memory B cell
SLCO4C1,0.28829280342844604,-0.6019893065069875,0.023,0.025,1,Memory B cell
GPR15,0.28844295597352765,2.9264145924546767,0.051,0.054,1,Memory B cell
IGHA1,0.2886525349234265,67.85698877809185,0.303,0.313,1,Memory B cell
PRELID3A,0.28914799104265126,0.18830680250077414,0.022,0.022,1,Memory B cell
CENPE,0.28916111255908006,-0.5132953375977483,0.016,0.013,1,Memory B cell
SCFD1,0.2895046069042363,-0.11488686238369628,0.385,0.377,1,Memory B cell
TXNL1,0.28986663308934124,0.3839928016471119,0.314,0.308,1,Memory B cell
DDX39A,0.29026776519043557,2.035934917622354,0.341,0.332,1,Memory B cell
TNKS1BP1,0.2903540295168256,0.19668740406094276,0.026,0.023,1,Memory B cell
NMT1,0.29076471223025774,0.21674217200707768,0.429,0.425,1,Memory B cell
ARL4C,0.29101271590661776,-0.7026472812733937,0.266,0.26,1,Memory B cell
MSANTD4,0.29103848422202466,0.10198679560747603,0.158,0.152,1,Memory B cell
RHBDL1,0.29129387211071117,-0.26172560323012384,0.011,0.012,1,Memory B cell
CD9,0.2923205078532195,4.416776404713402,0.026,0.029,1,Memory B cell
CARD6,0.2925172046592121,0.23313877468059596,0.033,0.032,1,Memory B cell
NUMA1,0.292876843159237,-0.16651145781908738,0.667,0.666,1,Memory B cell
MIOS,0.2928775805323508,0.18259126083523203,0.354,0.349,1,Memory B cell
PRMT6,0.2929704804868402,0.12214724647064723,0.104,0.1,1,Memory B cell
SPIRE1,0.2934236488628712,0.38590802384959844,0.011,0.009,1,Memory B cell
ING3,0.2936600134128317,-0.13603552211714287,0.168,0.176,1,Memory B cell
NBEAL2,0.2944944144045748,-4.691892365900008,0.239,0.232,1,Memory B cell
DISP1,0.29475985452536063,0.12842572374942707,0.036,0.034,1,Memory B cell
CACUL1,0.29480166355508763,0.1261982045640726,0.185,0.182,1,Memory B cell
ZNF879,0.2948148230310978,0.13870153196440604,0.036,0.032,1,Memory B cell
TRIM65,0.2948461512485943,0.14529783708933053,0.083,0.078,1,Memory B cell
ELMO2,0.2955139835570406,-0.14157387531494647,0.122,0.12,1,Memory B cell
ACSM3,0.29551775943962627,0.18248955531276412,0.017,0.015,1,Memory B cell
TTC13,0.2955537486824947,0.11267075972075175,0.285,0.28,1,Memory B cell
DBI,0.2957131197944673,-1.3400425412833403,0.191,0.188,1,Memory B cell
GAR1,0.29574020288497405,1.3517995191663363,0.174,0.167,1,Memory B cell
ISOC2,0.29585681516661994,0.22088733037581765,0.087,0.082,1,Memory B cell
DOCK9,0.29659618468840376,0.26099930005739924,0.151,0.147,1,Memory B cell
JPT1,0.2966861534592892,0.10281810519840784,0.067,0.062,1,Memory B cell
SOD1,0.29680562230221014,-0.10997519046151188,0.259,0.253,1,Memory B cell
UNC5CL,0.2972588862655246,0.12073232473793105,0.021,0.018,1,Memory B cell
STUB1,0.2973014652970026,0.11295941851459268,0.352,0.344,1,Memory B cell
ZNF644,0.2974807557767172,-0.513720569205284,0.683,0.682,1,Memory B cell
BMPR1A,0.297481709131012,-0.1383329845173722,0.088,0.09,1,Memory B cell
ATP5F1E,0.2975399599735524,-0.7381547516410971,0.407,0.4,1,Memory B cell
TMEM256,0.29813764473132226,0.12330918784185751,0.154,0.149,1,Memory B cell
ZNF415,0.29840984281710004,-0.22589461514673825,0.011,0.012,1,Memory B cell
BRD7,0.29857128774651853,0.3151042510282771,0.369,0.362,1,Memory B cell
SMARCAL1,0.2987790139814934,0.1593948489808541,0.152,0.146,1,Memory B cell
USP27X,0.29888123707194886,0.20833065410745277,0.016,0.013,1,Memory B cell
ANKRD10,0.29904183889191965,18.756470596509512,0.723,0.714,1,Memory B cell
FCGBP,0.2993861891879265,0.3021907910835085,0.035,0.033,1,Memory B cell
KANTR,0.29983749530882753,0.17535896472400125,0.026,0.023,1,Memory B cell
FN3K,0.29992998454168773,-0.30627282953482293,0.012,0.013,1,Memory B cell
PNPO,0.29993610874069915,0.11044401183372266,0.089,0.085,1,Memory B cell
CDC14A,0.2999962769396777,-0.9245077668543494,0.183,0.179,1,Memory B cell
CARNS1,0.3002852612943709,-0.28293751030999675,0.172,0.178,1,Memory B cell
CCDC121,0.30128319999469927,0.13018335186878094,0.021,0.022,1,Memory B cell
KLF16,0.30158030284286136,-0.10987392891512693,0.062,0.062,1,Memory B cell
HPSE,0.3018550971849306,0.242404934672245,0.013,0.011,1,Memory B cell
ASS1,0.3018574424312177,-0.15217122210754574,0.015,0.017,1,Memory B cell
EPRS1,0.30207702258702135,0.9028171419036057,0.433,0.434,1,Memory B cell
NFU1,0.30236656143761076,0.20639246907403622,0.218,0.211,1,Memory B cell
PLEKHM1,0.3026676162506069,0.120998732717009,0.032,0.029,1,Memory B cell
SECISBP2L,0.30284248722065255,0.10908826955424122,0.379,0.37,1,Memory B cell
LRRIQ3,0.3029830968143408,0.15352567425509633,0.018,0.018,1,Memory B cell
INPP1,0.30312840008993935,0.1632703087037548,0.045,0.04,1,Memory B cell
CMTM3,0.30317634564459434,1.1611027631482458,0.061,0.058,1,Memory B cell
PRDX6,0.30355593684081167,-0.20051507408347158,0.262,0.258,1,Memory B cell
INTS12,0.30366520548300646,-0.10893621158464972,0.093,0.096,1,Memory B cell
WHAMM,0.30386707885019487,-0.1094243406586195,0.172,0.175,1,Memory B cell
PABPC1L,0.303910855434037,-0.2380419071206228,0.296,0.305,1,Memory B cell
CDK5R1,0.30417159434155683,-0.5782488814298874,0.066,0.07,1,Memory B cell
ZNF225,0.30458838552241374,0.16382065972612514,0.051,0.047,1,Memory B cell
EHD1,0.30464174865977833,-1.5856961773245333,0.506,0.496,1,Memory B cell
ATP11A,0.3047556432568777,0.12406595461498693,0.092,0.085,1,Memory B cell
DDX6,0.30501101936887093,1.7353130196749804,0.826,0.819,1,Memory B cell
EPS15,0.30529456211492717,0.2940430371092757,0.398,0.391,1,Memory B cell
TMEM62,0.3053038419036886,0.1079115376729447,0.163,0.157,1,Memory B cell
VPS16,0.3057473188810337,0.1361989057666726,0.039,0.035,1,Memory B cell
CRACR2A,0.3058671017293791,0.13866757983080674,0.213,0.211,1,Memory B cell
PDE4A,0.30600110451702467,-0.27109533419257836,0.013,0.016,1,Memory B cell
GPN3,0.30602644155508957,0.13150847226858642,0.112,0.107,1,Memory B cell
ITM2B,0.3061566164046508,0.303339307076655,0.373,0.372,1,Memory B cell
TSR2,0.306261512750926,0.14457618977181635,0.286,0.28,1,Memory B cell
ARSK,0.30635342709497887,0.15893849998893295,0.018,0.017,1,Memory B cell
GBA1,0.30655550293900663,0.10916194198459683,0.131,0.126,1,Memory B cell
ZMYND8,0.3068421656360949,0.31099896360687107,0.385,0.378,1,Memory B cell
CISD1,0.30684584784126034,0.11701665808533979,0.112,0.114,1,Memory B cell
STAT6,0.30708526914763057,2.678438312798479,0.518,0.522,1,Memory B cell
CXorf38,0.30758750189900785,0.10842422251669757,0.272,0.265,1,Memory B cell
LARGE1,0.3078946354322516,0.16229147773044117,0.098,0.091,1,Memory B cell
SRF,0.308233565258683,0.14105821721828116,0.172,0.177,1,Memory B cell
NIP7,0.3083234532326634,0.3911172060200364,0.152,0.146,1,Memory B cell
CDCA8,0.3083266486423494,-1.5658016467802707,0.009,0.011,1,Memory B cell
SEMA3D,0.3083566366329741,-0.3193289472903711,0.009,0.011,1,Memory B cell
NNT,0.308544679401512,0.10325202642896025,0.183,0.177,1,Memory B cell
SELPLG,0.30863695851617823,-0.38509493262949446,0.083,0.078,1,Memory B cell
PKN1,0.3097932680213881,-0.18044071024883612,0.483,0.476,1,Memory B cell
RAB22A,0.3101277668408763,0.10002587557443587,0.218,0.212,1,Memory B cell
TARS3,0.3102292185467356,0.14761396582358155,0.133,0.127,1,Memory B cell
AURKA,0.3105341788124383,-0.2818777413618623,0.012,0.011,1,Memory B cell
CCND1,0.31083763508349865,1.4894811289589316,0.024,0.021,1,Memory B cell
HCCS,0.31091558874033315,0.1816802259318857,0.131,0.127,1,Memory B cell
EZH2,0.3113941544345239,1.8738889921919522,0.09,0.084,1,Memory B cell
MAP1LC3A,0.31180690404743755,-1.390210788298031,0.035,0.035,1,Memory B cell
DNAJC24,0.3118761833954211,0.12459372042514438,0.168,0.162,1,Memory B cell
AMFR,0.31194417073374275,0.6498199584621132,0.73,0.727,1,Memory B cell
CHAD,0.31224551191085653,2.5476033185277007,0.06,0.058,1,Memory B cell
TMA7,0.3122700777281997,-0.11347970150175657,0.375,0.367,1,Memory B cell
SLC25A4,0.3125291612296103,0.10137225762820257,0.107,0.102,1,Memory B cell
DNAJC7,0.3129266323506544,-0.1494377403710132,0.406,0.397,1,Memory B cell
NAMPT,0.3132439723134001,0.9054845678762158,0.067,0.069,1,Memory B cell
POLR3H,0.3138814079069701,0.2152181569564714,0.174,0.172,1,Memory B cell
SMIM12,0.3138886892702334,0.1694928397738884,0.194,0.191,1,Memory B cell
FEM1C,0.31397271659801645,-0.15085262000081867,0.218,0.226,1,Memory B cell
RORA,0.3147789300269359,0.4524941905809903,0.071,0.066,1,Memory B cell
HECA,0.31482162883110837,0.4153724224718003,0.588,0.588,1,Memory B cell
ARRDC1,0.3149284950003481,-0.11170935900457996,0.289,0.282,1,Memory B cell
H1-3,0.3150215239678255,-21.896138138260937,0.582,0.581,1,Memory B cell
MPIG6B,0.31585826642162385,0.6631817654837784,0.01,0.009,1,Memory B cell
IFI35,0.31591076346226127,0.14823881731431965,0.119,0.116,1,Memory B cell
CABIN1,0.3159913102901076,-0.10374739945073364,0.252,0.249,1,Memory B cell
HMG20A,0.31628178922418476,-3.810032881094934,0.27,0.264,1,Memory B cell
SEC31A,0.31635137812371567,-0.4188314860232474,0.479,0.473,1,Memory B cell
CTSO,0.31637467333003305,0.154820371968322,0.168,0.175,1,Memory B cell
ATOSB,0.31649255424914885,0.12855692512833805,0.019,0.017,1,Memory B cell
PARM1,0.3166807689769275,-0.16380926246197713,0.152,0.157,1,Memory B cell
MBD2,0.31671689240729595,-1.107944398815956,0.794,0.798,1,Memory B cell
RIN3,0.31676953024181653,-1.365619273517087,0.655,0.65,1,Memory B cell
PSEN2,0.3169260190998055,-0.10763256849796488,0.037,0.038,1,Memory B cell
ACER3,0.31789426876648547,0.13898545487747072,0.036,0.036,1,Memory B cell
STAT5B,0.3182908034702459,-4.389181161839122,0.517,0.508,1,Memory B cell
TMEM121,0.3186288954417706,-0.16787322935802518,0.019,0.018,1,Memory B cell
ZNF703,0.31885342033414454,-0.7949450448860778,0.023,0.025,1,Memory B cell
CLEC7A,0.31886273115544583,-0.841054942353745,0.023,0.021,1,Memory B cell
CHPF2,0.3190662918281204,0.11273347297062908,0.124,0.121,1,Memory B cell
MAF,0.3192820021709201,0.33240086068432806,0.01,0.01,1,Memory B cell
SIN3B,0.3193908990232511,0.14508560292568806,0.386,0.378,1,Memory B cell
GRINA,0.3200252203995206,0.430658038373136,0.443,0.441,1,Memory B cell
CIZ1,0.3201540910980977,0.11554877981959799,0.117,0.111,1,Memory B cell
HSBP1L1,0.32097931576154815,-0.14064250752109686,0.018,0.02,1,Memory B cell
OLFML2A,0.3212492912106281,-0.2861848701096079,0.014,0.016,1,Memory B cell
ULK1,0.3212832625025992,0.8636777327254752,0.23,0.233,1,Memory B cell
DTWD1,0.3213137127929766,0.14696921914070193,0.091,0.085,1,Memory B cell
KCNA3,0.3215159464363247,-0.28968481666096224,0.18,0.183,1,Memory B cell
MLH3,0.322018568618499,0.10259767513323204,0.128,0.126,1,Memory B cell
TGFBI,0.3221714192707955,0.3693928741897059,0.03,0.029,1,Memory B cell
AGO2,0.3224153456506695,0.1224659818996191,0.246,0.244,1,Memory B cell
HTR3A,0.32260235787508634,-2.128212680141486,0.021,0.019,1,Memory B cell
PLP2,0.32337986351467435,0.13799394592129544,0.282,0.282,1,Memory B cell
FBRSL1,0.32342328983085833,-0.15595635558590618,0.266,0.259,1,Memory B cell
GEMIN8,0.3234790873390469,-0.11687896723013713,0.084,0.087,1,Memory B cell
TBC1D8,0.32411544167572426,-0.3011287406607135,0.009,0.01,1,Memory B cell
SLBP,0.32415475323289095,14.608744299837817,0.314,0.306,1,Memory B cell
BTN3A3,0.32424132314986853,0.1766074672639072,0.35,0.347,1,Memory B cell
IL7,0.32451480543462463,0.17030098939479338,0.253,0.248,1,Memory B cell
PHF10,0.3245257936061605,0.15030027687994352,0.508,0.507,1,Memory B cell
SSU72,0.32468507879430375,0.11668132586427749,0.379,0.38,1,Memory B cell
PTPRG,0.3248129135591443,0.16857716389180943,0.03,0.029,1,Memory B cell
SCIN,0.3249314623531599,2.48984393502709,0.013,0.015,1,Memory B cell
ELAVL1,0.32505330282992273,0.14478056234818593,0.438,0.432,1,Memory B cell
TIMM22,0.32526012792781717,0.13965485881708206,0.149,0.143,1,Memory B cell
PIM1,0.3252899824935457,1.2241631689636912,0.124,0.121,1,Memory B cell
NLK,0.3260130608204945,-0.4011571075468163,0.35,0.344,1,Memory B cell
PHF13,0.32647291667330364,-0.10655231108836283,0.071,0.073,1,Memory B cell
LDB1,0.32678320998543287,0.3799065650941085,0.569,0.561,1,Memory B cell
FRAT2,0.3270966229325553,0.1318221915075064,0.105,0.1,1,Memory B cell
MYH9,0.3273542916316498,-3.6280758573234904,0.685,0.684,1,Memory B cell
DNAAF9,0.3277790828514955,0.10450455653605895,0.052,0.049,1,Memory B cell
TRAIP,0.32805751098335206,0.27727617622495604,0.01,0.009,1,Memory B cell
PGLS,0.3284265627782503,1.4773889378091343,0.275,0.271,1,Memory B cell
IFT140,0.3284488724630424,0.15157484420212697,0.016,0.014,1,Memory B cell
STIM1,0.3295707513936636,-0.24449201360018846,0.408,0.404,1,Memory B cell
ZCCHC24,0.32968400655381425,0.10506581749454202,0.014,0.014,1,Memory B cell
ZFC3H1,0.3297089748332539,-1.5130167045697105,0.618,0.623,1,Memory B cell
GPR108,0.3297593035679866,-0.15062591551140442,0.209,0.206,1,Memory B cell
TOR3A,0.33006329098319487,0.497455299258574,0.24,0.241,1,Memory B cell
TSPOAP1,0.33011385978305885,8.822686152330627,0.056,0.059,1,Memory B cell
TMED1,0.33013504730866233,-0.1365658248748911,0.066,0.066,1,Memory B cell
ING1,0.3303442689377479,0.11595654970846159,0.133,0.128,1,Memory B cell
ZNF711,0.33073717478826675,-0.23540681231431204,0.083,0.085,1,Memory B cell
PIK3R2,0.33079425604327883,0.12394845207075122,0.101,0.096,1,Memory B cell
RNF13,0.3309727331925983,0.5057828576000485,0.32,0.322,1,Memory B cell
ALKBH6,0.3311416627624263,0.1997842254351494,0.129,0.125,1,Memory B cell
ZGRF1,0.33136950230401,0.2534309943142097,0.087,0.084,1,Memory B cell
REL,0.3315383030173526,0.8602774280821777,0.786,0.791,1,Memory B cell
NFATC3,0.3319947416300742,-5.70514056393314,0.484,0.492,1,Memory B cell
PRPF31,0.3329763606203282,0.16771472054941283,0.325,0.318,1,Memory B cell
CCDC85C,0.33348091842387323,0.27603415743153636,0.014,0.012,1,Memory B cell
RBPMS2,0.3336951682556101,-0.7099211748813667,0.01,0.009,1,Memory B cell
FTH1,0.3339391029650312,0.7672385378650892,0.733,0.736,1,Memory B cell
CCDC167,0.3339934129408243,-1.948725371688699,0.149,0.143,1,Memory B cell
HNRNPC,0.33399834413505397,1.4477470181164227,0.603,0.595,1,Memory B cell
SLC37A2,0.33458373021884835,-0.19509423387102443,0.07,0.075,1,Memory B cell
CCND2,0.33461862154705424,-1.160523120026343,0.27,0.268,1,Memory B cell
PPP1R3E,0.33466112777634666,0.11613666247269627,0.049,0.045,1,Memory B cell
CIITA,0.3349213995752058,2.147181416890959,0.942,0.937,1,Memory B cell
PANK3,0.33534431435485845,-0.14281587603476936,0.317,0.315,1,Memory B cell
RARG,0.3353731783044843,0.13013891286630264,0.066,0.063,1,Memory B cell
ZNF432,0.33565707154990154,-0.15221396469023407,0.039,0.042,1,Memory B cell
EIF2A,0.33595958950827487,0.5086293754774336,0.463,0.456,1,Memory B cell
MCM5,0.33596060473686834,-1.60080170262348,0.507,0.502,1,Memory B cell
KPNA4,0.33604423458044747,-0.20202459633420133,0.492,0.491,1,Memory B cell
POLR2B,0.33609257959310496,-0.16195042916567792,0.497,0.491,1,Memory B cell
OSBPL10,0.33614730213781624,-1.501313851973764,0.814,0.809,1,Memory B cell
ZFAND3,0.336377560797411,-0.25432719613204013,0.428,0.423,1,Memory B cell
PSMB10,0.3364245721732804,0.47140499776637057,0.504,0.498,1,Memory B cell
LRRC51,0.33655099643439684,0.13287852034246228,0.012,0.012,1,Memory B cell
CYB5D2,0.33666958130519525,0.16006131682276514,0.033,0.029,1,Memory B cell
PRAG1,0.3368901784668589,0.9228882324646901,0.321,0.314,1,Memory B cell
ZNF667,0.33697180598574933,-0.22535508149751582,0.019,0.019,1,Memory B cell
EHHADH,0.3372111589459391,0.2728469509715348,0.015,0.013,1,Memory B cell
CDKN1B,0.3375533750552912,-0.1160628361996352,0.648,0.639,1,Memory B cell
PER3,0.3376386392175407,0.2651948935605377,0.019,0.017,1,Memory B cell
NAA38,0.3376652130191583,0.10723030851853038,0.224,0.219,1,Memory B cell
CMTM6,0.3380582091960152,-2.636461389974089,0.595,0.593,1,Memory B cell
ZNF821,0.3381299209080682,0.12436403682259933,0.147,0.145,1,Memory B cell
NFIC,0.33820075786284415,0.10939534811850882,0.093,0.09,1,Memory B cell
IGHG3,0.3382064894095565,-564.0432362295563,0.267,0.26,1,Memory B cell
DAP,0.3383351908182876,1.495045473732098,0.327,0.322,1,Memory B cell
EEA1,0.3384268535895413,0.5314415781067809,0.243,0.238,1,Memory B cell
ENTPD5,0.3386679198498727,-0.14167806501849278,0.085,0.086,1,Memory B cell
IZUMO4,0.33869357256695987,-0.1992615329188001,0.058,0.061,1,Memory B cell
HAL,0.33880050115469784,-0.13292407884412505,0.016,0.015,1,Memory B cell
ATP5IF1,0.33884031658310454,0.5230810112911257,0.307,0.299,1,Memory B cell
PNO1,0.3388628757360922,0.5717959809383284,0.158,0.152,1,Memory B cell
GPR157,0.3390784555367126,-0.13583463638502824,0.02,0.022,1,Memory B cell
SH3TC1,0.33921689618348133,-0.24179110298184403,0.153,0.158,1,Memory B cell
INCENP,0.3392235669820659,-2.900786223519055,0.105,0.103,1,Memory B cell
LRP11,0.33993839740516624,0.12068764645434182,0.012,0.011,1,Memory B cell
PRDX1,0.3400048106849123,2.198952816042829,0.285,0.281,1,Memory B cell
ADAM28,0.34027754992330944,0.4243426726181596,0.654,0.649,1,Memory B cell
SET,0.3402780075885227,-0.1181517234018013,0.308,0.316,1,Memory B cell
CRHBP,0.3412130263031212,-0.12330377169693207,0.013,0.016,1,Memory B cell
NANS,0.34132148840345505,-0.11980395057491844,0.074,0.075,1,Memory B cell
ATP5F1B,0.3414382970444427,2.4565016550281276,0.486,0.482,1,Memory B cell
CLPP,0.34144143262389287,-0.5467109034271376,0.217,0.21,1,Memory B cell
MAP4K3,0.34145274932811276,-0.19520418664415695,0.054,0.056,1,Memory B cell
RNF157,0.3415319855415921,0.33798462446199284,0.01,0.008,1,Memory B cell
IL12A,0.3415756043291968,-0.2845034227248249,0.035,0.038,1,Memory B cell
STK33,0.3417227025837185,0.17076528049575979,0.03,0.029,1,Memory B cell
ITGAV,0.3418382657939241,0.23013576659044466,0.035,0.035,1,Memory B cell
DUSP7,0.3420199774569312,-0.41165618057900555,0.096,0.094,1,Memory B cell
TPX2,0.3422889782645472,-0.4134990847188761,0.01,0.011,1,Memory B cell
NCK2,0.3424612287436591,0.14384946394473408,0.145,0.14,1,Memory B cell
TGM1,0.34334442442846924,0.3611207487721444,0.016,0.014,1,Memory B cell
DYNLT2,0.34340874182671327,0.23297494376701922,0.058,0.054,1,Memory B cell
HERPUD1,0.3434229166672018,1.9840683828104337,0.467,0.464,1,Memory B cell
VGLL4,0.34351698197982844,-0.11229654301546033,0.055,0.059,1,Memory B cell
GABARAPL2,0.3435516583001822,0.46548157620123876,0.366,0.371,1,Memory B cell
PCDHGA12,0.3437110993880389,-0.19012893628820837,0.019,0.019,1,Memory B cell
PGM2L1,0.3437694862645148,-0.12405222112701653,0.076,0.076,1,Memory B cell
SPCS3,0.34382504741841613,-0.13274375637595304,0.385,0.378,1,Memory B cell
GNAI2,0.3438616317235781,0.4076498863666249,0.298,0.294,1,Memory B cell
KHDRBS2,0.34393975731862403,0.13146625784717547,0.19,0.188,1,Memory B cell
CENPS,0.344174209895424,0.13355572101691582,0.037,0.035,1,Memory B cell
CEP131,0.3442303015769567,0.11987282651350517,0.091,0.087,1,Memory B cell
COX6C,0.34438460758762185,0.25272128690586415,0.37,0.366,1,Memory B cell
POLR3B,0.3444802615121841,0.10085597994694373,0.062,0.058,1,Memory B cell
SFPQ,0.34448482589807333,0.15493333996140657,0.403,0.411,1,Memory B cell
CISD3,0.34461565582142095,0.13480735422364543,0.058,0.055,1,Memory B cell
PRKN,0.3447044416191352,0.18084942093603384,0.03,0.027,1,Memory B cell
EBP,0.3447357086462449,0.13033109664587061,0.14,0.134,1,Memory B cell
HTRA4,0.34477663458271807,-0.17089818145089453,0.014,0.016,1,Memory B cell
DNMT1,0.3449666418052577,0.566353578190572,0.207,0.201,1,Memory B cell
PRKACA,0.3453448185795352,-0.4659526854762157,0.361,0.367,1,Memory B cell
ZNF780B,0.345826932977158,0.1262360335877024,0.101,0.096,1,Memory B cell
LSM3,0.34606940514499374,-0.22360260743968752,0.011,0.013,1,Memory B cell
TNKS2,0.34624655960449713,0.46146867682328696,0.436,0.427,1,Memory B cell
MYO5B,0.34640573527362967,0.11379792314087878,0.031,0.03,1,Memory B cell
PSMB2,0.34718464586537906,-8.637346610391294,0.312,0.308,1,Memory B cell
RARS1,0.34719428606802044,2.4663545051433,0.283,0.277,1,Memory B cell
SH3GL1,0.3474443962967522,0.16090899082006693,0.115,0.11,1,Memory B cell
ICMT,0.3485392161498021,0.34314641961723646,0.119,0.115,1,Memory B cell
ZCCHC14,0.34864446899154045,0.16277979276088494,0.024,0.022,1,Memory B cell
CD40,0.34868896493745405,-2.0727315035326885,0.597,0.603,1,Memory B cell
C17orf100,0.3489533883110304,-0.10705127297468309,0.013,0.013,1,Memory B cell
LIN7C,0.3489941627338711,0.24152736885136922,0.326,0.324,1,Memory B cell
TSPAN31,0.34969132168560146,0.12337915948398015,0.138,0.134,1,Memory B cell
KDELR2,0.34973587288444513,0.10140124474179046,0.076,0.073,1,Memory B cell
GNL1,0.34986458413597615,0.22121754696495,0.362,0.358,1,Memory B cell
PSMC1,0.35027375512486847,0.29846674886046287,0.195,0.188,1,Memory B cell
GARRE1,0.35043807336350397,-0.10235017192779144,0.237,0.238,1,Memory B cell
EFEMP2,0.35044702492506385,-0.3091967186354516,0.008,0.01,1,Memory B cell
NATD1,0.35057773629622613,0.16051269848545502,0.026,0.025,1,Memory B cell
PIF1,0.35063964698122246,-0.23395793875733784,0.013,0.015,1,Memory B cell
C21orf58,0.35070890056896353,0.1587863159622973,0.017,0.014,1,Memory B cell
RHBDF2,0.3510339412989302,-0.1806422353671131,0.494,0.489,1,Memory B cell
TTC5,0.3512103035297971,0.13936647066953944,0.151,0.146,1,Memory B cell
GALNT7,0.35122083356217454,0.17313225939526955,0.158,0.151,1,Memory B cell
POPDC2,0.35146652162844083,0.15358976745737163,0.038,0.038,1,Memory B cell
EIF4A1,0.3515545344785402,9.49163831010455,0.445,0.44,1,Memory B cell
RRP1,0.35170753993156845,1.4762910676827206,0.125,0.123,1,Memory B cell
ARFGEF2,0.3524738442792217,0.1129338217711996,0.318,0.312,1,Memory B cell
KLRK1,0.35277041921765534,12.933063529212344,0.131,0.124,1,Memory B cell
TTC21A,0.3532914736165535,0.1773309511582165,0.182,0.177,1,Memory B cell
DPP3,0.353298552233839,-0.25883941331278315,0.011,0.012,1,Memory B cell
RPAP1,0.35350283646603325,-0.18728951776090175,0.123,0.126,1,Memory B cell
TRGC2,0.3537771384256703,0.6062950474732212,0.011,0.009,1,Memory B cell
NISCH,0.35389952938697317,0.11278694271880513,0.29,0.283,1,Memory B cell
NELFE,0.3539913399213849,0.11629027758925536,0.101,0.095,1,Memory B cell
DOCK5,0.35408027996622515,-0.14946802633405198,0.009,0.01,1,Memory B cell
KCTD3,0.35436888235138986,0.12347143018945372,0.04,0.037,1,Memory B cell
SYNGR3,0.35454631587653374,-0.15355456748315577,0.041,0.045,1,Memory B cell
HNRNPAB,0.3549062660437753,8.78409349883875,0.226,0.219,1,Memory B cell
MARCHF9,0.355258818782412,0.160511030430464,0.416,0.415,1,Memory B cell
ANO10,0.35569299515213987,-0.1392603793207563,0.046,0.047,1,Memory B cell
BBC3,0.3559270089420636,1.8468272380593604,0.094,0.101,1,Memory B cell
ZBTB7A,0.35599666709743194,-0.7591751647071896,0.579,0.571,1,Memory B cell
STX2,0.35669383598900795,0.1550977121478323,0.14,0.139,1,Memory B cell
ULK2,0.35669989887329395,0.18068018920965212,0.027,0.024,1,Memory B cell
C1orf56,0.3567040094318863,0.1528760020454203,0.037,0.034,1,Memory B cell
EPC2,0.35726787244470626,-0.12840700643814573,0.45,0.444,1,Memory B cell
BICRA,0.35732368804403775,0.1447543941786571,0.147,0.141,1,Memory B cell
C17orf49,0.357438870713513,0.6222181831339781,0.237,0.233,1,Memory B cell
RHBDD2,0.3584271791899857,0.10749124321847692,0.07,0.066,1,Memory B cell
GSN,0.35878230247040355,-4.274279894575493,0.191,0.186,1,Memory B cell
PLEKHG1,0.3588653808414424,-0.12113780999776669,0.356,0.363,1,Memory B cell
CD151,0.358991994156459,0.2550517281244371,0.068,0.063,1,Memory B cell
ZNF34,0.3590985685374464,-0.1091867233192727,0.036,0.039,1,Memory B cell
STX11,0.3592587232985323,0.1847657020980562,0.077,0.077,1,Memory B cell
FCRLB,0.35944336259539816,0.13083368862252254,0.02,0.021,1,Memory B cell
NBDY,0.3600057220293426,0.16086502972193628,0.066,0.062,1,Memory B cell
TSC22D4,0.3600276703573936,0.8000721463998328,0.467,0.46,1,Memory B cell
DNAJC25,0.36039797740630547,-0.1300810583849512,0.056,0.054,1,Memory B cell
DRICH1,0.36081554535573207,0.1177619536344574,0.012,0.01,1,Memory B cell
HIP1,0.3608503362248819,0.11701969256768585,0.01,0.009,1,Memory B cell
OTUD3,0.360866958817563,0.1674341719761132,0.104,0.099,1,Memory B cell
RAP2C,0.36113298058281185,0.8862587779152364,0.505,0.502,1,Memory B cell
PER2,0.36118197538963515,0.14709568204514945,0.081,0.076,1,Memory B cell
PIK3CB,0.3617312390373877,0.10465737731303681,0.106,0.102,1,Memory B cell
EME2,0.3623379692883977,-0.1616835617436374,0.024,0.026,1,Memory B cell
WNT3,0.36273448125763885,0.5651953619086223,0.016,0.016,1,Memory B cell
SGK1,0.36277972590977103,-38.01917393725602,0.044,0.049,1,Memory B cell
ENTPD7,0.36296871166085326,0.1817002939284933,0.035,0.034,1,Memory B cell
PCF11,0.36301795684106014,-0.6971036616882618,0.573,0.574,1,Memory B cell
UBR2,0.3632974485385991,-0.7627236250090967,0.611,0.604,1,Memory B cell
ZNF165,0.3635540562125053,0.24067041904970488,0.041,0.041,1,Memory B cell
ODF3B,0.36414211334652963,-0.25427388372474935,0.038,0.041,1,Memory B cell
AMH,0.364437071466673,-0.21763162345027975,0.011,0.013,1,Memory B cell
SSR3,0.36467028278743185,2.241215868711965,0.288,0.282,1,Memory B cell
NOP58,0.364937422794446,3.8710720975479678,0.447,0.44,1,Memory B cell
CHMP5,0.36508705152885496,0.1356694995676649,0.225,0.221,1,Memory B cell
SGPP2,0.3655782395986819,0.6011352772202603,0.043,0.038,1,Memory B cell
ACAT2,0.3661261030745974,0.12147619337854465,0.102,0.097,1,Memory B cell
DYNC2H1,0.3665720290843142,-0.31594934518548357,0.015,0.018,1,Memory B cell
HTT,0.3668866447438648,-0.20058144895789365,0.487,0.482,1,Memory B cell
MPRIP,0.36727483144964607,-0.16677895351345384,0.622,0.622,1,Memory B cell
HMGCS1,0.3674711708720171,-11.289441027063631,0.212,0.221,1,Memory B cell
PIK3R5,0.3675963917451634,-2.0712033537097763,0.213,0.214,1,Memory B cell
LSM11,0.36796310092517065,-0.225477351876882,0.045,0.044,1,Memory B cell
UBR3,0.36802421434115873,0.11434355659419426,0.215,0.208,1,Memory B cell
MCUB,0.3680578227554409,0.17686522006344574,0.382,0.381,1,Memory B cell
SHMT2,0.3680636358802719,0.2166437079041802,0.269,0.266,1,Memory B cell
MAST4,0.3685370864639657,0.2864730572116646,0.138,0.133,1,Memory B cell
FBXO2,0.36891720954880425,0.13485730245644634,0.058,0.053,1,Memory B cell
SMCR8,0.36898409420707867,-0.10719461630116767,0.258,0.263,1,Memory B cell
FOCAD,0.369575088679304,-0.22375227255330454,0.058,0.055,1,Memory B cell
PSMD5,0.369920218464988,-0.11856941932003195,0.024,0.025,1,Memory B cell
RLN1,0.36996088731697946,0.27158705384227577,0.014,0.013,1,Memory B cell
PRKCE,0.3703283142705738,0.19461425558792378,0.32,0.317,1,Memory B cell
DDX19B,0.37050571064934174,0.11498521018467911,0.127,0.122,1,Memory B cell
ARMC2,0.3708787775896439,-0.21431308416670536,0.025,0.029,1,Memory B cell
RNF126,0.3709806537381668,-0.10459519159758252,0.229,0.228,1,Memory B cell
KMT2C,0.37099037612443697,0.6714287066560498,0.732,0.74,1,Memory B cell
INO80D,0.3712059132049873,-0.6399003326281049,0.356,0.353,1,Memory B cell
CHID1,0.3713760714387341,0.11165952712017946,0.244,0.238,1,Memory B cell
SURF4,0.37191695893517446,0.10649464233284389,0.127,0.122,1,Memory B cell
GIGYF2,0.37211154578903544,0.11915118437388439,0.193,0.19,1,Memory B cell
LRFN1,0.372282658624978,-0.20717828996447274,0.019,0.021,1,Memory B cell
NET1,0.3724127035283356,0.17351623010120143,0.033,0.03,1,Memory B cell
SELENOS,0.37264845053737305,0.12092879299317905,0.159,0.154,1,Memory B cell
STK38L,0.37333404417423605,-0.16212092002407608,0.177,0.171,1,Memory B cell
IL2RG,0.3735058709828974,-0.9680063767254055,0.861,0.86,1,Memory B cell
ZNF410,0.3736820603498985,0.17964388442992962,0.322,0.316,1,Memory B cell
OBSCN,0.37394154356548026,-0.7815272644650813,0.202,0.208,1,Memory B cell
HNRNPLL,0.37405258112023204,0.23282531900500425,0.023,0.02,1,Memory B cell
SPATC1L,0.37432272061425115,0.12801281961677313,0.059,0.055,1,Memory B cell
TRIB3,0.3745714064076176,0.1672590256692048,0.125,0.117,1,Memory B cell
SKI,0.3747414520928952,0.20768398763100993,0.373,0.366,1,Memory B cell
HEBP2,0.37516237005993247,-0.3910480111832213,0.329,0.339,1,Memory B cell
SLC16A4,0.37624911456039295,-0.23119561392517474,0.021,0.021,1,Memory B cell
PSTPIP2,0.37626793140061865,0.2254223047728745,0.01,0.008,1,Memory B cell
TTC26,0.3764291198370181,-0.6839979838066168,0.032,0.035,1,Memory B cell
DPY19L1,0.37666788677734936,0.1961201858686108,0.082,0.082,1,Memory B cell
TARBP2,0.3767481423653492,0.11115608766544272,0.072,0.069,1,Memory B cell
MYH3,0.3769930599354646,0.2157008000546652,0.027,0.024,1,Memory B cell
FMR1,0.3770968327529249,-0.11920666546757486,0.35,0.355,1,Memory B cell
MTX2,0.37720228735609923,-0.14632849187262198,0.201,0.196,1,Memory B cell
SAFB,0.37728055640399866,-0.41599257360991615,0.622,0.616,1,Memory B cell
GSKIP,0.3774962058572697,0.10246912006582476,0.107,0.103,1,Memory B cell
FNBP1,0.37758082928774894,-2.018000094485128,0.844,0.842,1,Memory B cell
HEXA,0.37781283449594844,3.125758894140058,0.499,0.492,1,Memory B cell
HMGCR,0.3779348809335412,0.2072476369790841,0.133,0.131,1,Memory B cell
SFT2D2,0.37814976593036087,-1.0019903221500512,0.523,0.521,1,Memory B cell
EPHB4,0.37902240646157226,-0.12763623010741032,0.019,0.022,1,Memory B cell
PUS10,0.37931661199737693,-0.10470870819314282,0.053,0.057,1,Memory B cell
NECAB3,0.3795677673040351,-0.14977578192177754,0.052,0.049,1,Memory B cell
ECHDC3,0.3796392183636594,-0.16127097562340076,0.011,0.01,1,Memory B cell
RBM39,0.37986032053269403,-0.13262627794618487,0.64,0.644,1,Memory B cell
SMCO4,0.3798872559658827,0.21609952254698328,0.021,0.019,1,Memory B cell
CSNK1D,0.3806850488997056,-0.16062774640997401,0.334,0.333,1,Memory B cell
SERPINA1,0.381568170279883,0.16365650367116924,0.04,0.036,1,Memory B cell
FKBP1B,0.3816801205652338,0.15104147975298332,0.019,0.016,1,Memory B cell
ZHX1,0.38175402729474356,-0.12404256521857304,0.132,0.137,1,Memory B cell
RHOG,0.38197002411978,-0.6702794830300887,0.465,0.462,1,Memory B cell
TMPO,0.38207652630235667,-5.976133361014215,0.434,0.433,1,Memory B cell
SLC25A36,0.3821303319165828,0.9532771269219206,0.364,0.372,1,Memory B cell
ANKRD12,0.38222385999629094,-0.34187001255863736,0.574,0.571,1,Memory B cell
KANK1,0.3825661896166429,-0.2223316203032808,0.035,0.037,1,Memory B cell
ANKRD13B,0.3828178853538746,0.25064980422890404,0.013,0.012,1,Memory B cell
SF3B1,0.38314641164678664,0.179099622366669,0.534,0.529,1,Memory B cell
FA2H,0.38354049730875384,0.11618697653496923,0.043,0.04,1,Memory B cell
ELOA,0.3839423055850353,0.7067698074524039,0.279,0.272,1,Memory B cell
ANAPC1,0.3843658087841997,0.1588938284163719,0.027,0.024,1,Memory B cell
SCPEP1,0.38479514711612595,0.7220989793319061,0.351,0.347,1,Memory B cell
FUBP1,0.3849002488168365,4.242271155153219,0.66,0.655,1,Memory B cell
CHEK2,0.3855200666612562,-0.13918464553361298,0.115,0.113,1,Memory B cell
ZNF786,0.38554808211375236,0.14097949643402008,0.108,0.103,1,Memory B cell
RASGEF1B,0.3858468833773545,-0.18247934025006995,0.301,0.296,1,Memory B cell
CES2,0.38587333117417244,0.12763987424347567,0.067,0.063,1,Memory B cell
TCP11L2,0.38588329539654764,-8.176434384264804,0.525,0.527,1,Memory B cell
DPM3,0.38604849376524275,0.14777929139899637,0.043,0.039,1,Memory B cell
SLC35F2,0.3861626037762863,0.16815385231941082,0.135,0.13,1,Memory B cell
GTF2I,0.386360738292958,-0.6092147296404044,0.339,0.333,1,Memory B cell
CDKL1,0.3867385695550471,0.17011735705869313,0.075,0.072,1,Memory B cell
SURF6,0.38674662894296763,0.2585863163254165,0.123,0.12,1,Memory B cell
SLC4A7,0.3873936485101658,-0.3435611153534859,0.324,0.316,1,Memory B cell
ATF3,0.38750253488380076,0.2346529877159531,0.011,0.014,1,Memory B cell
MAGED1,0.3880423333785805,0.130197294694245,0.175,0.174,1,Memory B cell
RAB3A,0.38822060610746434,0.2156907307424163,0.019,0.017,1,Memory B cell
NOC3L,0.38824600076539517,0.21488446119641602,0.341,0.335,1,Memory B cell
UBQLN2,0.38835957742647,0.3083758908556796,0.358,0.359,1,Memory B cell
ASPH,0.38857298465845774,0.13258180788359952,0.199,0.2,1,Memory B cell
SPATA2L,0.38861250472666453,-0.1281950017077369,0.027,0.028,1,Memory B cell
SYDE2,0.3886337805889657,0.28624461234854515,0.013,0.012,1,Memory B cell
ALG3,0.38943409538327084,0.11256668991430985,0.087,0.085,1,Memory B cell
LRRCC1,0.38957314118510644,0.1405247799975955,0.022,0.02,1,Memory B cell
PIK3AP1,0.3900356925658009,0.1095861275275114,0.671,0.666,1,Memory B cell
USP53,0.39008123336050715,0.17512259609686132,0.138,0.128,1,Memory B cell
STX4,0.39019319089398957,0.12241698232879977,0.302,0.303,1,Memory B cell
TNF,0.3902799776683219,-0.27127886417321045,0.023,0.022,1,Memory B cell
POU2AF1,0.3906445915106538,11.592083875641066,0.927,0.924,1,Memory B cell
ABCA3,0.3907188741934461,0.18186748360475313,0.051,0.048,1,Memory B cell
ORAI3,0.3911035585587477,-0.11505672052700566,0.055,0.056,1,Memory B cell
NAT14,0.3912323053225207,-0.11423684800901057,0.037,0.036,1,Memory B cell
ZNF566,0.39141620120398846,0.22724448654390783,0.135,0.13,1,Memory B cell
TBKBP1,0.39156122014902295,-1.2543576558228497,0.086,0.083,1,Memory B cell
TNFSF8,0.3920123126534275,0.20222791685066355,0.016,0.016,1,Memory B cell
SNRNP70,0.3921191321637476,0.10762204953695476,0.372,0.369,1,Memory B cell
CAMK4,0.39261153944114446,1.678933882065804,0.048,0.043,1,Memory B cell
SUV39H1,0.392788031375894,0.12105334260162248,0.055,0.051,1,Memory B cell
HGH1,0.3928524527787808,0.113521116905968,0.112,0.107,1,Memory B cell
METTL26,0.3930364724638857,0.12166303763720637,0.282,0.278,1,Memory B cell
MCM4,0.3934184782705434,11.454430743658767,0.072,0.067,1,Memory B cell
POM121C,0.39371063813696794,0.19146188208483572,0.016,0.013,1,Memory B cell
LSM1,0.39407426513955673,0.2583538622494567,0.241,0.238,1,Memory B cell
MT1F,0.3941591311518898,0.18293356477155154,0.016,0.015,1,Memory B cell
NDC80,0.3943522702189731,-0.7245893053764023,0.041,0.038,1,Memory B cell
PXYLP1,0.3946822509822964,-0.20805360790951788,0.014,0.013,1,Memory B cell
MAP3K11,0.3949136722983016,0.1761817391304773,0.216,0.217,1,Memory B cell
KTI12,0.39497489801291097,-0.12712396173608553,0.089,0.094,1,Memory B cell
VPS29,0.39592723376149197,-0.1019457638669028,0.045,0.046,1,Memory B cell
NF1,0.39618537374454954,0.14301050022691708,0.113,0.111,1,Memory B cell
COPRS,0.396299815470875,0.14486244946592075,0.079,0.076,1,Memory B cell
ZNF484,0.39670746757159847,0.11722018362449971,0.144,0.141,1,Memory B cell
RP2,0.39709637156564975,-0.13845942778180984,0.291,0.292,1,Memory B cell
LGMN,0.3972657726544206,-7.064262164754915,0.116,0.113,1,Memory B cell
KCNN4,0.3976373156978825,-9.373917335053658,0.47,0.472,1,Memory B cell
ERCC8,0.3976897423102368,0.13168835694845193,0.106,0.101,1,Memory B cell
CD1C,0.3977201425769502,-6.718896962799414,0.265,0.268,1,Memory B cell
DDX21,0.39815861981349365,10.41969463928773,0.349,0.358,1,Memory B cell
PNKD,0.3986611165328071,0.11941056774767034,0.205,0.204,1,Memory B cell
ORAI2,0.3986841049259583,0.12392482124254434,0.606,0.598,1,Memory B cell
IFT81,0.39902861036368953,-0.14393534367987915,0.026,0.028,1,Memory B cell
LGALS3BP,0.3997101569717542,0.14544215707516983,0.026,0.023,1,Memory B cell
PEF1,0.3999122027335449,0.1407432854656524,0.196,0.191,1,Memory B cell
ITGAM,0.4000116496788248,1.1909355867815763,0.248,0.243,1,Memory B cell
UROD,0.40013724986509525,0.10055443729660829,0.118,0.114,1,Memory B cell
RALBP1,0.4003205059197048,-0.15723296090561242,0.272,0.269,1,Memory B cell
AFF3,0.4004344557586799,-0.6665211845290013,0.53,0.523,1,Memory B cell
CAMSAP2,0.4005559537343321,0.20371727850916876,0.012,0.012,1,Memory B cell
MAN2A1,0.4006258399094811,-0.2014198519996886,0.493,0.492,1,Memory B cell
AFG1L,0.40075494900815817,0.20981366996947504,0.045,0.041,1,Memory B cell
EXOG,0.4007721035641317,-0.1008049052775215,0.017,0.018,1,Memory B cell
DNASE1L3,0.4012050369924422,-0.1987317193344258,0.02,0.022,1,Memory B cell
AMIGO2,0.40155652999692365,-0.1324703734581103,0.1,0.105,1,Memory B cell
CENPP,0.40174523127046363,1.2534074121142318,0.087,0.083,1,Memory B cell
ST3GAL5,0.4019060099684357,-1.1639035456421203,0.433,0.432,1,Memory B cell
MAPK12,0.4022560661793754,0.3569896161147508,0.021,0.019,1,Memory B cell
UAP1,0.40253142556966837,-1.048878004189887,0.173,0.169,1,Memory B cell
NCOR1,0.40276110728547576,4.083710276921924,0.671,0.664,1,Memory B cell
TRANK1,0.4033731039552076,0.814041252079678,0.402,0.396,1,Memory B cell
SIRPB1,0.40348252262792994,0.39910703778604795,0.015,0.014,1,Memory B cell
ZNF79,0.4036679744553572,0.18851803864085426,0.02,0.018,1,Memory B cell
DUSP5,0.4038268587940314,-0.7432345223532109,0.046,0.051,1,Memory B cell
SLC12A4,0.40451772185314433,0.10636039522569174,0.066,0.062,1,Memory B cell
MCM7,0.4045696659737967,8.125180637636078,0.323,0.318,1,Memory B cell
M6PR,0.4046363048599162,-0.3806698547684686,0.429,0.423,1,Memory B cell
TAL2,0.40587221727366435,0.2455231619950453,0.013,0.012,1,Memory B cell
RBP7,0.4059194726713397,0.288739973259478,0.012,0.011,1,Memory B cell
SLC16A10,0.4059217113563765,0.39623319633813026,0.013,0.011,1,Memory B cell
PCDHGA10,0.40595740107002065,-0.22308391065239253,0.009,0.01,1,Memory B cell
SIN3A,0.4061037601434262,0.13418969007759474,0.529,0.529,1,Memory B cell
CYRIB,0.40676091420104693,0.3005964283574398,0.567,0.562,1,Memory B cell
CEACAM1,0.4068779256799726,-0.18134326696016778,0.024,0.026,1,Memory B cell
TST,0.4070104259114934,-0.34885792785696434,0.009,0.01,1,Memory B cell
TNS3,0.40801885170576774,-0.44684669429149526,0.393,0.392,1,Memory B cell
METAP1D,0.4081826696409405,-0.16464323304882678,0.042,0.043,1,Memory B cell
DCP1A,0.40847003199850235,0.12942282263907534,0.248,0.243,1,Memory B cell
FN3KRP,0.4084741729319464,0.15138265413745577,0.164,0.159,1,Memory B cell
FMC1,0.40862618421785635,0.17291630718171036,0.197,0.192,1,Memory B cell
CYP1B1,0.40862914022982266,0.2931612874657903,0.01,0.008,1,Memory B cell
NTAN1,0.4087942764137154,0.6332294297605672,0.147,0.148,1,Memory B cell
GEMIN7,0.4088777186654423,-0.7305498641885806,0.391,0.386,1,Memory B cell
RNF11,0.4089724134462315,-0.34253439843934574,0.14,0.147,1,Memory B cell
SGCE,0.40976657554264545,-0.1954951257161226,0.038,0.041,1,Memory B cell
CHCHD3,0.40980564266172603,0.12876190676888677,0.202,0.196,1,Memory B cell
BCL10,0.4099595751414195,-0.13952795040865684,0.425,0.426,1,Memory B cell
GNL3L,0.4102237212273071,0.3722260304221301,0.285,0.279,1,Memory B cell
RNF170,0.410307956571259,0.10758643016214142,0.095,0.09,1,Memory B cell
ARPC5L,0.4105923799579928,-0.3227877831864925,0.469,0.463,1,Memory B cell
RABEPK,0.4106646761715812,0.10442548438392185,0.057,0.054,1,Memory B cell
CLEC20A,0.4108630881591372,0.10941531929157922,0.02,0.019,1,Memory B cell
EDEM1,0.41099647088894925,12.063194572599393,0.624,0.622,1,Memory B cell
PSMG3,0.41176130194355015,0.22493757448537333,0.246,0.24,1,Memory B cell
TBC1D32,0.41251517183015984,0.11987130870502671,0.055,0.051,1,Memory B cell
CD82,0.41253727733857326,1.3598154277635217,0.782,0.781,1,Memory B cell
CSNK1G2,0.412770455636376,-0.203789510356571,0.361,0.368,1,Memory B cell
SSRP1,0.4129507814831986,5.810743924959948,0.354,0.347,1,Memory B cell
OCIAD2,0.412960755645436,-0.335513876721311,0.293,0.29,1,Memory B cell
PHACTR2,0.41297810786588157,0.10166415831264963,0.082,0.079,1,Memory B cell
KANSL1,0.4129904563765245,0.39634665126129454,0.573,0.582,1,Memory B cell
OSM,0.4132089341515665,-0.4713888760770306,0.011,0.012,1,Memory B cell
CAPN14,0.4144660345803308,0.2534749365460538,0.012,0.01,1,Memory B cell
ZNF292,0.41458895277496965,-0.11405533114097399,0.433,0.436,1,Memory B cell
POU5F2,0.4148430741987652,-0.10903490237440305,0.102,0.103,1,Memory B cell
ESR1,0.41512430025062086,0.2052296474673554,0.02,0.017,1,Memory B cell
ROGDI,0.41518063752047973,0.16400417238616782,0.022,0.02,1,Memory B cell
PSMD13,0.41592985409316147,-1.413815008736547,0.416,0.419,1,Memory B cell
TRMT1,0.41609645345274154,0.22483407321518328,0.32,0.326,1,Memory B cell
SPAG5,0.4164027493016863,-1.306610560789741,0.028,0.027,1,Memory B cell
NBPF19,0.41643436851736143,-0.1692317733976889,0.017,0.018,1,Memory B cell
MCRIP2,0.41705090213486423,-0.16363489014868993,0.026,0.029,1,Memory B cell
DUSP19,0.41730570005311257,0.35140624426323797,0.012,0.011,1,Memory B cell
MANEA,0.41742762556726737,-0.371089794295316,0.119,0.116,1,Memory B cell
SAXO2,0.41752487675296235,0.17885021185776973,0.033,0.029,1,Memory B cell
SMNDC1,0.4177668499948112,0.1377254949411929,0.377,0.377,1,Memory B cell
ARGLU1,0.41827837529845757,-0.40643854302016,0.726,0.718,1,Memory B cell
BACH2,0.4183025238268674,-0.714308565331431,0.315,0.308,1,Memory B cell
DENND11,0.419019695807463,-0.140935271929425,0.496,0.496,1,Memory B cell
NIN,0.419376894887398,0.13912832179303658,0.58,0.571,1,Memory B cell
ASCC3,0.4194403248582592,0.23399819797976096,0.43,0.433,1,Memory B cell
PIK3CD,0.4194522994130201,0.17045694312008308,0.717,0.712,1,Memory B cell
MSL1,0.4198635038160373,0.2816403375631056,0.482,0.482,1,Memory B cell
MTBP,0.41995912091233545,0.11577200559924172,0.048,0.047,1,Memory B cell
KXD1,0.42063606145603233,0.14800326923416596,0.354,0.347,1,Memory B cell
UBXN2A,0.42077315662813863,0.1159790565498483,0.159,0.156,1,Memory B cell
ZNFX1,0.4209174078504696,0.14649112665946618,0.177,0.174,1,Memory B cell
TDRD9,0.4210075921431878,0.1749832988667661,0.011,0.01,1,Memory B cell
NINJ2,0.4221490309630194,0.2924331740787576,0.032,0.03,1,Memory B cell
ATRIP,0.4222269051523356,0.11778072949487228,0.07,0.067,1,Memory B cell
ARL13B,0.42231539113436045,0.1260223531978224,0.05,0.048,1,Memory B cell
CLCN5,0.4227008353319285,0.34152914282476043,0.035,0.034,1,Memory B cell
TMEM135,0.422766017463733,-0.10413304405913082,0.096,0.097,1,Memory B cell
VAT1,0.42294045934229396,0.15396710328606122,0.224,0.221,1,Memory B cell
DIS3,0.42300790214324174,0.20590505086496524,0.342,0.339,1,Memory B cell
TLK1,0.4237781247347813,0.659110949618336,0.684,0.695,1,Memory B cell
LCN10,0.42496895221925335,-0.10215460157578515,0.182,0.183,1,Memory B cell
PSD4,0.42519383146723533,0.16187649322572772,0.508,0.51,1,Memory B cell
TEF,0.4253321981936887,0.12500297281284345,0.038,0.036,1,Memory B cell
FYTTD1,0.4255771892381304,-0.11558011235946414,0.314,0.316,1,Memory B cell
LTA,0.42560205277568236,0.178116049112242,0.028,0.027,1,Memory B cell
FAM104B,0.4256438421971397,0.15960129634757947,0.103,0.101,1,Memory B cell
RAI1,0.4259570530394886,0.12630584358458652,0.094,0.091,1,Memory B cell
NSMCE2,0.42616949434827645,0.11503035176932663,0.194,0.189,1,Memory B cell
KHDRBS1,0.42636575310187147,-0.24897550983202998,0.421,0.42,1,Memory B cell
CPTP,0.4263832381074829,-0.3551623612962236,0.156,0.152,1,Memory B cell
KLHL11,0.4264351218260286,-0.11005552291610288,0.034,0.037,1,Memory B cell
SLC35A2,0.42646239726085483,0.13638482431899046,0.011,0.01,1,Memory B cell
TYW5,0.4266337412760273,-0.10652335244444311,0.074,0.073,1,Memory B cell
PBXIP1,0.4267505470499422,0.12410772233117218,0.317,0.312,1,Memory B cell
NKAPD1,0.4269910235087739,0.10422517851835555,0.189,0.184,1,Memory B cell
UAP1L1,0.42701958961664943,0.10934916788040105,0.028,0.028,1,Memory B cell
RAB14,0.4272219054023192,-1.0380703490301544,0.586,0.583,1,Memory B cell
ZFP82,0.4274078829177405,0.1418899027163132,0.09,0.087,1,Memory B cell
GCFC2,0.42769609969381767,0.24008281951048738,0.138,0.135,1,Memory B cell
CEP250,0.42777676108676,0.13043479875994013,0.053,0.05,1,Memory B cell
UBB,0.42781096782234534,-1.02989111534048,0.532,0.525,1,Memory B cell
RBM42,0.42809907538515884,0.14499149460796412,0.258,0.253,1,Memory B cell
ZNF778,0.4282991399671366,0.13297448087640706,0.048,0.046,1,Memory B cell
RASL11A,0.42861269740383434,0.39772264009654634,0.012,0.01,1,Memory B cell
TBC1D4,0.4288137463036972,0.25915341426288396,0.01,0.008,1,Memory B cell
SVIL,0.42892140810586726,0.31400015343048615,0.01,0.008,1,Memory B cell
EMILIN2,0.42915843969660805,-0.15672447511035736,0.062,0.066,1,Memory B cell
CAMKK1,0.42958330261003985,-0.1341019983812064,0.018,0.02,1,Memory B cell
C2orf69,0.4296082075080371,-0.10133041570851442,0.104,0.108,1,Memory B cell
SLC39A9,0.42964612187127954,0.2801843664779937,0.214,0.208,1,Memory B cell
MID1IP1,0.42968490914735313,-0.8019308638274152,0.137,0.136,1,Memory B cell
FUT4,0.4300451637906717,-0.1497102353574773,0.015,0.015,1,Memory B cell
ZNF790,0.43024226534856375,0.1083365762237567,0.054,0.05,1,Memory B cell
GSTCD,0.4305331891632569,0.14456616323767868,0.146,0.143,1,Memory B cell
CFP,0.4305601022934071,-0.8337062658115886,0.031,0.029,1,Memory B cell
SIGIRR,0.4305973116843038,0.41326384069178146,0.31,0.305,1,Memory B cell
PACRGL,0.4307066427996544,0.12039615499442013,0.098,0.095,1,Memory B cell
ECE1,0.43129872713694023,-0.2115091729712537,0.428,0.43,1,Memory B cell
SKIL,0.43145922880353527,2.298614839861591,0.259,0.255,1,Memory B cell
GPR174,0.43164496548213316,0.3109782593599856,0.355,0.347,1,Memory B cell
GZMM,0.43179979336376356,0.22431816399383875,0.017,0.015,1,Memory B cell
ANKRD17,0.43188065583603696,-0.1844499000287816,0.457,0.451,1,Memory B cell
PPM1D,0.43209320422067754,-0.1059370070593566,0.113,0.118,1,Memory B cell
PCID2,0.4322476595893612,0.5676964849039713,0.278,0.273,1,Memory B cell
QSOX1,0.432265255292218,-0.16057350954154392,0.037,0.04,1,Memory B cell
CNTNAP2,0.43227042661607834,-0.1290146573059272,0.067,0.067,1,Memory B cell
PRDM4,0.432516225979885,0.27546972345526965,0.379,0.386,1,Memory B cell
P2RY8,0.4326912009205209,0.14243127004243772,0.414,0.416,1,Memory B cell
HNRNPUL1,0.43269889248929466,-0.5811622351385726,0.507,0.505,1,Memory B cell
NPRL2,0.4333800945726817,-0.13875761203609271,0.136,0.131,1,Memory B cell
CLDN12,0.4341434433535403,0.20132153502955497,0.012,0.011,1,Memory B cell
GEN1,0.4343846897945741,4.236736973582847,0.374,0.37,1,Memory B cell
CHCHD5,0.43532709049581625,0.16418869944320225,0.149,0.149,1,Memory B cell
SMIM26,0.4354291863796665,-0.21087392605779332,0.277,0.273,1,Memory B cell
LONP2,0.43554685204351296,0.21091515777010228,0.426,0.421,1,Memory B cell
ACO1,0.43579870752805266,-0.11894879919020784,0.058,0.058,1,Memory B cell
IKZF4,0.43612924303128425,0.20998284242717258,0.012,0.01,1,Memory B cell
SLC16A13,0.4363803339695157,0.10227848235278403,0.056,0.055,1,Memory B cell
CPNE5,0.43659934583304827,-2.743462251457723,0.558,0.551,1,Memory B cell
MFF,0.43667073244865695,-0.3357170698243377,0.463,0.459,1,Memory B cell
SLAMF7,0.436899402522271,1.3605997149983782,0.038,0.036,1,Memory B cell
MZT1,0.43706051042721783,-0.18896373721192156,0.197,0.205,1,Memory B cell
IGBP1,0.43736073410747656,-0.4597281836986906,0.439,0.44,1,Memory B cell
OS9,0.4375246911376953,2.080143794554503,0.615,0.612,1,Memory B cell
CREB5,0.4379656499029019,-0.3603239591535168,0.009,0.011,1,Memory B cell
THAP9,0.4379752578694804,0.1019146677966627,0.027,0.027,1,Memory B cell
ZPBP2,0.4382761757133464,0.28544770114840823,0.018,0.017,1,Memory B cell
DNAL4,0.43858076600639717,0.17307068039483875,0.057,0.055,1,Memory B cell
ZER1,0.43892757886024003,0.1010772426780372,0.252,0.246,1,Memory B cell
PI16,0.43909435124686713,-0.19206278193593906,0.016,0.015,1,Memory B cell
F8,0.4396009002158039,-0.18104033639366524,0.013,0.014,1,Memory B cell
USP33,0.439935880150275,0.43016814557688665,0.433,0.426,1,Memory B cell
ANKRD49,0.44006100709062684,0.16432142537988986,0.317,0.312,1,Memory B cell
ZNF22,0.440220712516841,-0.27464392093813184,0.332,0.338,1,Memory B cell
NAA20,0.44061820593255496,0.1970552740585112,0.234,0.228,1,Memory B cell
AP1M1,0.44106018497250465,0.26537535232831533,0.444,0.442,1,Memory B cell
OR2T11,0.441237752184,0.5400639274901247,0.017,0.014,1,Memory B cell
CEP126,0.44129053707893107,-0.11573637160516004,0.066,0.066,1,Memory B cell
IRF7,0.44257529070724183,0.20172551484411105,0.317,0.324,1,Memory B cell
CUL3,0.4427542610338483,0.30454023878911896,0.599,0.594,1,Memory B cell
PRELID2,0.4427756427849674,-0.14784633404917047,0.03,0.032,1,Memory B cell
SLC46A1,0.4434617940494817,0.1467893080914866,0.014,0.012,1,Memory B cell
NAA40,0.44365331276743547,0.10718053890963741,0.189,0.183,1,Memory B cell
TBXAS1,0.44366705843210985,0.13177319730722026,0.079,0.079,1,Memory B cell
BBS5,0.44373503097488526,-0.10316106471445075,0.014,0.015,1,Memory B cell
ZNF431,0.4440043420121977,-0.2104139256236719,0.01,0.011,1,Memory B cell
FGD6,0.44457406485528617,-0.1829578702132557,0.045,0.047,1,Memory B cell
TAB2,0.44471811490716506,1.2281276427410588,0.588,0.587,1,Memory B cell
SPIN4,0.44489966024735433,0.11406046950627191,0.087,0.087,1,Memory B cell
TADA2B,0.4450137135709064,0.13952443338931828,0.285,0.279,1,Memory B cell
H4C2,0.4453254541999848,-0.11060280998760597,0.017,0.018,1,Memory B cell
ZNF672,0.44540987396782394,-0.12873559257662315,0.14,0.145,1,Memory B cell
STEAP3,0.44577852499290643,-0.17682727791643327,0.013,0.013,1,Memory B cell
SPON2,0.44600680560813094,-0.6087384981706645,0.011,0.01,1,Memory B cell
CCNJ,0.4461262968765689,-0.1144452437946275,0.051,0.051,1,Memory B cell
GDPGP1,0.44619247182724847,0.1508824876610917,0.062,0.059,1,Memory B cell
LOXL2,0.4462200832713862,0.1912263381815693,0.016,0.017,1,Memory B cell
USP6NL,0.4468668871412716,-0.1370156760345438,0.627,0.623,1,Memory B cell
TEX264,0.4480662204488124,0.10198168932089935,0.159,0.155,1,Memory B cell
ADISSP,0.4484277336876974,0.16789986095598852,0.013,0.011,1,Memory B cell
CKS1B,0.4490077794524884,-8.560398008827704,0.173,0.181,1,Memory B cell
ADAM22,0.4491316952015996,-0.22212131566639037,0.017,0.018,1,Memory B cell
BID,0.44913203058872675,0.23024595355885857,0.076,0.073,1,Memory B cell
ARSD,0.4491586364091777,0.11428654901095214,0.031,0.028,1,Memory B cell
YPEL3,0.4493909027877149,0.5494444328033676,0.571,0.568,1,Memory B cell
RABAC1,0.4499048099855821,-0.11933932644284717,0.361,0.357,1,Memory B cell
ALG5,0.4501035906383313,0.10070108236060449,0.108,0.104,1,Memory B cell
PTBP3,0.4504373109237444,-1.3935064792929186,0.663,0.662,1,Memory B cell
PRICKLE3,0.4504555214437534,0.11299919396558522,0.072,0.068,1,Memory B cell
DEGS1,0.45047091697219577,0.34212991393721115,0.503,0.498,1,Memory B cell
H1-5,0.4508040957334049,-316.2519263653492,0.317,0.314,1,Memory B cell
FAM83D,0.4508446876514636,-9.002361980031868,0.01,0.01,1,Memory B cell
FOSL2,0.45118582479206887,0.20139427338326144,0.014,0.015,1,Memory B cell
ZBTB21,0.4512545259306234,0.1053987797147573,0.141,0.146,1,Memory B cell
EPSTI1,0.45140511478756845,11.524834144893493,0.333,0.337,1,Memory B cell
ZNF367,0.4522961712619913,0.19538025856078356,0.025,0.023,1,Memory B cell
RNF10,0.4529639328076833,0.8221841013686162,0.341,0.335,1,Memory B cell
CCDC134,0.45300815264334005,0.10251216395687779,0.101,0.097,1,Memory B cell
MAP9,0.4530526174740776,-0.14526554229146216,0.076,0.08,1,Memory B cell
DAZAP2,0.45317861406450805,-0.6880612804614055,0.741,0.737,1,Memory B cell
TENM4,0.4532648156435945,0.3596794487552408,0.016,0.014,1,Memory B cell
RIMBP2,0.4533369937157853,2.82084900486939,0.015,0.016,1,Memory B cell
H2AC25,0.45370597138460955,-0.14542749291912127,0.061,0.061,1,Memory B cell
C5orf63,0.4540159358270634,0.1123372853195641,0.062,0.059,1,Memory B cell
NOCT,0.4542433528446575,0.10159741742397177,0.045,0.042,1,Memory B cell
RIOX1,0.4543047914366642,-0.1937319686682757,0.144,0.145,1,Memory B cell
SLC4A5,0.45431181474280147,0.11114360352864772,0.021,0.021,1,Memory B cell
CHMP4A,0.45449681164774114,0.5737641458298648,0.533,0.529,1,Memory B cell
TMBIM6,0.4546809673927652,-0.1061807343835186,0.473,0.483,1,Memory B cell
C9orf64,0.45508409935587424,0.17618479709020685,0.065,0.063,1,Memory B cell
PCDHGB2,0.45521776508985284,0.1509932050239069,0.012,0.01,1,Memory B cell
NSDHL,0.4554872258275082,-0.15766869607876188,0.078,0.077,1,Memory B cell
FAM120C,0.45553053621152884,-0.10032664091258536,0.144,0.143,1,Memory B cell
CARM1,0.45622007076080917,-0.44641619740169114,0.303,0.298,1,Memory B cell
SIGLEC5,0.4566959662106969,-0.11164051635685146,0.066,0.068,1,Memory B cell
WDR97,0.4569145065162306,-0.10405744193962319,0.037,0.038,1,Memory B cell
MYO3B,0.45694033531997424,-0.286642169131647,0.012,0.015,1,Memory B cell
FOXP4,0.4571234638826189,0.31634971849751103,0.185,0.192,1,Memory B cell
CCNA2,0.4571712165746642,-4.661195883134737,0.012,0.012,1,Memory B cell
TCTN2,0.45753898939328674,0.11349035871003244,0.04,0.038,1,Memory B cell
FAM43A,0.45778188027813327,-0.33423246066450557,0.204,0.2,1,Memory B cell
UCK2,0.4581915184632549,0.10821886039657436,0.089,0.086,1,Memory B cell
RGS7,0.4592473076753263,-0.19261996229280154,0.014,0.015,1,Memory B cell
FABP5,0.4594431295900729,2.5121843787739673,0.153,0.148,1,Memory B cell
TSPAN5,0.45946118604254294,-0.11397251706106237,0.028,0.029,1,Memory B cell
PON2,0.45946379958734757,0.1708645104757296,0.029,0.027,1,Memory B cell
TSPAN4,0.4598982664312604,0.11575936519427898,0.011,0.009,1,Memory B cell
RNF138,0.4602694541560113,0.14537342247524188,0.393,0.398,1,Memory B cell
TBX6,0.4605441238174055,-0.1937717090421387,0.013,0.013,1,Memory B cell
FAM114A1,0.4609747806463377,0.1833854545849425,0.011,0.012,1,Memory B cell
ARIH2OS,0.4612827853628678,-0.27316339990680216,0.048,0.05,1,Memory B cell
NPHP1,0.461339221809004,0.18233539700150647,0.027,0.025,1,Memory B cell
ATF4,0.4615899794206272,-0.12591411595212385,0.297,0.306,1,Memory B cell
CMPK2,0.462173151097356,1.6901370746628375,0.044,0.04,1,Memory B cell
CREBZF,0.4624850222419313,1.3241065295994012,0.594,0.589,1,Memory B cell
XAF1,0.4628120996041622,3.750250752555904,0.335,0.336,1,Memory B cell
PLOD3,0.46302351788760954,-0.18919807787247112,0.09,0.094,1,Memory B cell
ZNF84,0.4638382127554247,-0.12147147301387129,0.177,0.175,1,Memory B cell
SLMAP,0.4640054588455056,0.1269341007301561,0.274,0.269,1,Memory B cell
TIGIT,0.46524337691212303,0.44305558444637416,0.038,0.037,1,Memory B cell
PMFBP1,0.46525381482760647,0.30920212483836407,0.022,0.021,1,Memory B cell
STAT4,0.4653450418369309,0.5454464035777895,0.041,0.038,1,Memory B cell
CCDC122,0.46535136678752603,0.1941529963490387,0.028,0.026,1,Memory B cell
MAF1,0.465410544396945,1.165085075156648,0.599,0.597,1,Memory B cell
PFKP,0.4655891795268322,-0.3705754939913266,0.188,0.188,1,Memory B cell
CXXC1,0.4658269666502628,-2.9259745209641976,0.307,0.309,1,Memory B cell
ZNF692,0.46594961917242794,-0.1023297335605311,0.106,0.111,1,Memory B cell
ZFP92,0.4662720358852815,-0.3002187857745575,0.011,0.012,1,Memory B cell
DOP1B,0.4664757770781926,-0.11418020713467203,0.378,0.374,1,Memory B cell
NLE1,0.46651155493084234,0.11585383048098663,0.058,0.055,1,Memory B cell
DESI1,0.4666345044151482,-0.15920048018370125,0.179,0.18,1,Memory B cell
TRIP10,0.46677894086614924,0.19141495699506894,0.046,0.045,1,Memory B cell
TRIM46,0.467061123769855,0.15931817794733227,0.014,0.014,1,Memory B cell
CALHM6,0.46723133287632757,3.275393444458468,0.398,0.393,1,Memory B cell
SRSF5,0.4673302579264219,0.23650092314922233,0.781,0.781,1,Memory B cell
CDCA7L,0.4673820939994925,0.7111053507804033,0.448,0.441,1,Memory B cell
IMPDH1,0.4675869505272885,-0.2251376602125017,0.015,0.016,1,Memory B cell
CAB39L,0.4679311292736243,0.14976172329503967,0.044,0.041,1,Memory B cell
PRKCZ,0.4680236027480506,-0.12938996374378187,0.09,0.093,1,Memory B cell
ATP2A2,0.46831623092268787,0.12258944492661339,0.195,0.189,1,Memory B cell
IMPA2,0.46832064010158286,0.38253566555971874,0.063,0.058,1,Memory B cell
STK10,0.4688789632304746,0.45303941428109784,0.581,0.576,1,Memory B cell
KLHL5,0.4688898131917342,0.1683140505296481,0.512,0.51,1,Memory B cell
CCR9,0.46920801564876324,-1.0970565968384434,0.036,0.035,1,Memory B cell
TACO1,0.46950993175137873,0.15512225304455696,0.157,0.151,1,Memory B cell
ZNF594,0.46955839335423816,0.12099802668833481,0.09,0.087,1,Memory B cell
NGLY1,0.46974638801987706,0.11440690371542717,0.492,0.484,1,Memory B cell
LPCAT4,0.4703342215593464,-0.15408301692966364,0.121,0.117,1,Memory B cell
MIPEP,0.4703376276708525,-0.1542026438697417,0.087,0.084,1,Memory B cell
TIGD3,0.4703832138506929,0.1558000291540358,0.033,0.031,1,Memory B cell
VPS33A,0.4704157753039524,0.11474935704137912,0.21,0.204,1,Memory B cell
PLXNC1,0.4708503354972935,1.2506090068424145,0.294,0.292,1,Memory B cell
P2RX7,0.4708835904225688,-0.10823174685680348,0.03,0.031,1,Memory B cell
TNIP1,0.47150492122848775,2.2522701768935622,0.626,0.619,1,Memory B cell
OPRL1,0.47182820749519416,0.13769879834583154,0.017,0.015,1,Memory B cell
CRAT,0.4723470654057809,0.2613255215374508,0.012,0.01,1,Memory B cell
MYO5C,0.4724527676958173,0.3127074435376791,0.01,0.009,1,Memory B cell
DDX5,0.47246521879998576,7.261127287881774,0.961,0.962,1,Memory B cell
ANXA2R,0.4733431722233007,-0.8884136994185704,0.198,0.191,1,Memory B cell
RABGGTA,0.4736899719764131,0.12288477878246484,0.183,0.184,1,Memory B cell
GALNT3,0.47386570109192394,0.1364849112616584,0.097,0.098,1,Memory B cell
CLCN7,0.4738718501075918,0.13659485725226594,0.417,0.418,1,Memory B cell
TTYH2,0.47447245390286014,-0.135845828552144,0.012,0.014,1,Memory B cell
MED22,0.47471356471657583,0.20945419866237974,0.277,0.278,1,Memory B cell
GRK4,0.47532237551108497,-0.17559924401953886,0.012,0.012,1,Memory B cell
RTL6,0.475896881017618,-0.16345132088505565,0.026,0.029,1,Memory B cell
GPR25,0.47634919810386395,0.632995674723615,0.037,0.034,1,Memory B cell
TREM1,0.47639176054901394,-0.6738087030035813,0.013,0.013,1,Memory B cell
GZMH,0.476583201753088,-5.374337685547833,0.011,0.01,1,Memory B cell
EPB41L5,0.4773924700142751,-0.1717856331999712,0.124,0.127,1,Memory B cell
EEF1AKMT4,0.4774612411705809,0.21505460645124597,0.026,0.024,1,Memory B cell
NRCAM,0.4775421395624762,0.22728161986233797,0.017,0.015,1,Memory B cell
SRM,0.4775452453991833,10.28339686202991,0.278,0.273,1,Memory B cell
ELAC2,0.4778893062213724,-0.13856150182847293,0.325,0.32,1,Memory B cell
SLC38A7,0.4781514027724648,0.11464956940097304,0.067,0.064,1,Memory B cell
GAB3,0.4783769827748951,0.12947866660491125,0.111,0.107,1,Memory B cell
PTPN18,0.4788583434367191,-0.10787325323765273,0.022,0.025,1,Memory B cell
RABGGTB,0.4789628682579281,6.116602684125103,0.644,0.64,1,Memory B cell
FGD3,0.4791431427763948,-0.5991115706339301,0.612,0.615,1,Memory B cell
CXCL16,0.47924116121751315,0.169946590257271,0.062,0.061,1,Memory B cell
CD36,0.4793032628227143,-0.24845454127842492,0.022,0.019,1,Memory B cell
PDE4B,0.47957433653776255,0.47324754434464245,0.491,0.497,1,Memory B cell
TIMM23,0.47964111184304586,-0.27100983968237957,0.238,0.231,1,Memory B cell
NREP,0.47979661733779533,0.15315124257442525,0.035,0.037,1,Memory B cell
ACTR3,0.4799750181292054,0.4087872327045601,0.349,0.343,1,Memory B cell
NKX3-1,0.47998520617114593,-0.12910747692879898,0.021,0.023,1,Memory B cell
TGFBRAP1,0.48041178670010776,-0.13489059481342247,0.153,0.159,1,Memory B cell
TMEM107,0.481052459007225,0.10380417182358714,0.058,0.057,1,Memory B cell
SHISA8,0.48112288892651234,-0.13564623423707478,0.103,0.1,1,Memory B cell
PMPCB,0.4813040246538385,-0.8538426118967837,0.483,0.478,1,Memory B cell
KDM3A,0.48144350671609415,0.5231622016075923,0.313,0.312,1,Memory B cell
TPM2,0.4817234977965664,-3.2550604037960382,0.01,0.011,1,Memory B cell
CNPY3,0.4817574248183136,1.1115067569837125,0.788,0.783,1,Memory B cell
NR1D2,0.48229094839960773,-0.26175385195134415,0.347,0.341,1,Memory B cell
RRAGD,0.48246071870067275,-0.19951603330232626,0.03,0.03,1,Memory B cell
HIGD1C,0.48268389394542854,-0.13051606551871764,0.011,0.013,1,Memory B cell
UBE2H,0.4831085620519999,-0.10644012178500317,0.364,0.357,1,Memory B cell
IL21R,0.4831784723046021,1.6246216245432767,0.055,0.053,1,Memory B cell
TERC,0.4832918941163591,0.10436334416810311,0.035,0.034,1,Memory B cell
SUMF2,0.4833536751313312,0.8439482102269884,0.39,0.385,1,Memory B cell
ETFBKMT,0.48394687647325196,0.12308032524024526,0.017,0.015,1,Memory B cell
EIF3F,0.48466820324455756,-0.5795831981950887,0.582,0.577,1,Memory B cell
AVIL,0.4856396816954735,0.12746061722681912,0.014,0.012,1,Memory B cell
CHD4,0.4867577626537787,-0.18552113622118682,0.472,0.477,1,Memory B cell
PRICKLE2,0.4870225773528374,0.4100114777390953,0.016,0.014,1,Memory B cell
NOB1,0.48726492055420717,0.13022309262726783,0.14,0.142,1,Memory B cell
MAP3K7,0.48778295812629363,0.22022021416979398,0.291,0.289,1,Memory B cell
TRPM2,0.48836731506003084,-0.10931017759773098,0.025,0.024,1,Memory B cell
ZNF470,0.48857863467380686,0.20788797807503778,0.047,0.044,1,Memory B cell
ZNF483,0.48883250483492324,-0.1204594834831254,0.043,0.044,1,Memory B cell
CNTNAP1,0.4888519164428054,0.5029649805419885,0.019,0.017,1,Memory B cell
MKNK1,0.4889294627316758,0.10628108357823929,0.187,0.182,1,Memory B cell
PLSCR1,0.4893380423636711,-0.5744859660815504,0.155,0.155,1,Memory B cell
WDTC1,0.4894518868640253,0.10680055516819564,0.433,0.43,1,Memory B cell
RXRB,0.49004786141510637,0.128960906403912,0.256,0.251,1,Memory B cell
RUFY3,0.49071167017275175,0.28912194873885066,0.339,0.343,1,Memory B cell
TRAPPC10,0.4910203616055402,-0.11589882194930912,0.575,0.578,1,Memory B cell
KIF3C,0.4911936201026591,-0.32860358482692487,0.014,0.014,1,Memory B cell
ZCWPW1,0.4914321648279655,0.1554279310212534,0.083,0.081,1,Memory B cell
TRAPPC3,0.49149578897620255,0.2261320140322447,0.318,0.314,1,Memory B cell
PPP1R13L,0.49153217945641947,-0.2575045572232515,0.023,0.026,1,Memory B cell
CDK4,0.49186718983961364,1.4087612838273784,0.159,0.155,1,Memory B cell
GPR137B,0.49189498036449286,0.41981051067926467,0.044,0.042,1,Memory B cell
LHPP,0.4919702581464957,0.1145187757060826,0.227,0.219,1,Memory B cell
LRBA,0.4919912108572832,0.2670843626616146,0.642,0.639,1,Memory B cell
TMEM225B,0.49205980093623103,0.21601628522801164,0.017,0.016,1,Memory B cell
ACTA2,0.492067175369853,-0.21475345903662735,0.018,0.018,1,Memory B cell
PM20D2,0.4921668986721145,0.12862552866445143,0.224,0.219,1,Memory B cell
GCA,0.4924753005341169,-0.14109002104114332,0.304,0.306,1,Memory B cell
BLOC1S4,0.49287174725180244,0.14389446380451554,0.186,0.182,1,Memory B cell
CDKN2A,0.49370142794656835,0.11348708925995199,0.029,0.026,1,Memory B cell
CMIP,0.4942631475796237,0.4142103627197904,0.445,0.443,1,Memory B cell
TARS1,0.49459732993359573,-0.14509652517943206,0.009,0.01,1,Memory B cell
PDIA6,0.49467701775659234,0.4397875006195313,0.213,0.213,1,Memory B cell
AOC2,0.4948254892639871,0.1888757436572428,0.012,0.011,1,Memory B cell
LILRB2,0.4950955027739222,-0.8885987382863694,0.048,0.046,1,Memory B cell
C4orf46,0.4952007189356281,-0.15844015771204223,0.018,0.019,1,Memory B cell
HOMEZ,0.49537223623505244,0.12904593912452045,0.056,0.053,1,Memory B cell
PHF1,0.49546589929917156,0.9777333804016997,0.548,0.549,1,Memory B cell
NUBPL,0.49621070225466174,0.11935896606057383,0.081,0.078,1,Memory B cell
ATP1B3,0.4965548417481237,0.3861224982341902,0.1,0.1,1,Memory B cell
GMFG,0.497102359948454,1.9348579983848184,0.414,0.407,1,Memory B cell
TWSG1,0.49749654028453133,0.12423433241565185,0.074,0.07,1,Memory B cell
RUNX2,0.4982446969834104,0.6346866266476996,0.041,0.043,1,Memory B cell
WDHD1,0.4984258541421961,0.1529070361006788,0.034,0.032,1,Memory B cell
MYL6,0.4988020802599017,0.15206400856361046,0.43,0.427,1,Memory B cell
CHST7,0.4988548268448393,0.16068899610555132,0.022,0.02,1,Memory B cell
METTL9,0.4990245290245534,0.48221793268664126,0.326,0.322,1,Memory B cell
FUS,0.49903798642904323,0.4478508318766382,0.347,0.341,1,Memory B cell
MEST,0.4992730723152083,-0.19840602145374664,0.032,0.033,1,Memory B cell
CAMKK2,0.4992794894665541,-1.8705997477676684,0.143,0.143,1,Memory B cell
GM2A,0.49947632186680935,3.502796570840137,0.245,0.246,1,Memory B cell
PFKFB2,0.500377631838312,0.11786809745633531,0.102,0.099,1,Memory B cell
ENTPD4,0.5005381540294385,0.13138464520044946,0.425,0.423,1,Memory B cell
ATP23,0.50126950844831,-0.21336125185456334,0.05,0.051,1,Memory B cell
EPC1,0.5016680974589768,-0.30664782135445723,0.597,0.604,1,Memory B cell
WASF2,0.5020584412402428,0.40031209297288584,0.53,0.531,1,Memory B cell
H2AC6,0.5022239911611878,-0.18781219355783474,0.015,0.017,1,Memory B cell
SIPA1L1,0.5027889540798818,0.17073180859696635,0.189,0.189,1,Memory B cell
SQLE,0.502825592345729,-0.7824323734606144,0.073,0.071,1,Memory B cell
HILPDA,0.5041656215831563,0.11998682912403114,0.038,0.036,1,Memory B cell
ITPRIPL1,0.5042771148600906,0.14136267947153058,0.027,0.026,1,Memory B cell
TMEM243,0.5043577076498132,-1.2811345721504752,0.516,0.511,1,Memory B cell
SLC2A6,0.5044561875934697,-0.219260409705516,0.28,0.274,1,Memory B cell
DHX32,0.5045589713453701,0.17240923199372027,0.059,0.058,1,Memory B cell
MACROD2,0.5049187307151499,0.6313114604306655,0.068,0.066,1,Memory B cell
CA13,0.5050320147249795,0.15666772025451792,0.026,0.024,1,Memory B cell
UBXN8,0.5052232222116613,0.10655400053522479,0.035,0.032,1,Memory B cell
TARS2,0.50558627914526455,0.1385411600061981,0.146,0.142,1,Memory B cell
DHRS11,0.5057343247284608,-0.20542242033191638,0.012,0.014,1,Memory B cell
HSPA9,0.5059922995930398,0.10388712492637031,0.273,0.271,1,Memory B cell
CEBPG,0.5060254797517778,-0.12470596362179698,0.331,0.332,1,Memory B cell
GBP4,0.5062777312467982,0.11473252455175864,0.136,0.135,1,Memory B cell
PSTK,0.5063914574546144,-0.19968611530638736,0.036,0.039,1,Memory B cell
SLC35C1,0.5069419366948373,-0.10973388720257304,0.055,0.058,1,Memory B cell
YAE1,0.5069951378198351,0.10790279405069492,0.11,0.107,1,Memory B cell
VN1R1,0.5075105877191803,-0.10638029758038314,0.033,0.034,1,Memory B cell
ZNF16,0.5075940827745126,0.1287348462135247,0.031,0.029,1,Memory B cell
BRICD5,0.5076384535185816,-0.1385773868814706,0.014,0.014,1,Memory B cell
ELL3,0.5079332241290632,-0.1780854132839056,0.04,0.04,1,Memory B cell
TMEM140,0.5088712918823538,-0.13923786757653617,0.234,0.235,1,Memory B cell
PRCP,0.5090537180284783,-0.21762423390898245,0.255,0.251,1,Memory B cell
TNIK,0.5090819424152291,1.2669793833724752,0.086,0.082,1,Memory B cell
CHSY1,0.50916650758167,-0.195516034578486,0.172,0.166,1,Memory B cell
RLN2,0.5095110559318784,0.12800561924669385,0.015,0.013,1,Memory B cell
FTL,0.5100238099594956,1.666418291895022,0.905,0.906,1,Memory B cell
TMEM81,0.5104148928939647,-0.12033153792986084,0.042,0.041,1,Memory B cell
PRKAR1B,0.5111370143010289,0.13748195479868786,0.064,0.062,1,Memory B cell
SLC2A5,0.5115566891117518,-0.14184961362228599,0.043,0.044,1,Memory B cell
LCOR,0.5116926651516925,0.3659265249396346,0.409,0.409,1,Memory B cell
TIAM1,0.51183555660585,-0.24690602714091536,0.013,0.012,1,Memory B cell
ETV3,0.5119486819795455,0.11755471008961704,0.07,0.069,1,Memory B cell
CCT2,0.5119962669288918,6.197871438434297,0.192,0.195,1,Memory B cell
ABCC2,0.5120299067664223,-0.12565678997081253,0.023,0.022,1,Memory B cell
ATP7A,0.5123823839923751,0.15105762137064982,0.117,0.113,1,Memory B cell
CSDE1,0.5130270729170585,0.8251304193448972,0.543,0.542,1,Memory B cell
MYADM,0.5134183226389494,-9.645858644638416,0.128,0.126,1,Memory B cell
LRRC25,0.5136331210402294,0.11360697416262999,0.063,0.06,1,Memory B cell
CD6,0.5138455943871733,0.4233431693448537,0.058,0.055,1,Memory B cell
CAMTA1,0.5140207866391379,0.16515161003484913,0.221,0.218,1,Memory B cell
METAP2,0.5143096511260941,0.12995624625680757,0.338,0.34,1,Memory B cell
GAB2,0.5146097178473489,-0.42217237936921004,0.114,0.117,1,Memory B cell
IPCEF1,0.5147507181114396,0.7553083159841423,0.021,0.02,1,Memory B cell
KMT2A,0.5149201380065297,0.14693178987080402,0.527,0.523,1,Memory B cell
TSR1,0.514972971808232,0.27053434431995294,0.173,0.173,1,Memory B cell
TMEM38A,0.5151342664655599,-0.24647200769753574,0.016,0.016,1,Memory B cell
BMPR2,0.515337568337451,-0.15085687928698577,0.176,0.182,1,Memory B cell
ZKSCAN5,0.5164753357405693,0.15927318985454075,0.059,0.057,1,Memory B cell
SLC31A2,0.5166457189286493,0.2877200821684598,0.01,0.008,1,Memory B cell
SH3RF1,0.5167893016797018,0.1497533875159407,0.051,0.047,1,Memory B cell
FRY,0.5168158609501851,-0.204186678977484,0.044,0.045,1,Memory B cell
BDH2,0.5169695132917582,0.12316073221631463,0.11,0.106,1,Memory B cell
CALR,0.5170514921476067,1.45648888888417,0.32,0.327,1,Memory B cell
PTBP1,0.5173511451045655,0.19253324897146673,0.297,0.3,1,Memory B cell
AS3MT,0.5177631683295756,-0.102390355727775,0.014,0.014,1,Memory B cell
MDN1,0.5183285680916022,0.12197963102286247,0.15,0.149,1,Memory B cell
PDCD4,0.5184430222815021,7.225124274806181,0.823,0.827,1,Memory B cell
PRPF3,0.5184774818362896,0.1825059604957695,0.51,0.504,1,Memory B cell
RBM26,0.5185646864377552,0.11643538581611845,0.454,0.448,1,Memory B cell
PPP3CA,0.5188446463746131,0.1806519699919269,0.595,0.601,1,Memory B cell
ZNF618,0.5189856305735387,-0.22062983549062487,0.012,0.012,1,Memory B cell
MAP7,0.5196121171631566,0.20871560680885093,0.02,0.018,1,Memory B cell
PIK3R1,0.5202160253734563,-0.7211149794586833,0.333,0.336,1,Memory B cell
ATP11C,0.5204546278658368,-0.1746500465901556,0.217,0.218,1,Memory B cell
AAMDC,0.5206225804333763,0.10612433640566943,0.041,0.038,1,Memory B cell
TMX1,0.5206502603865663,0.6356107850668398,0.274,0.28,1,Memory B cell
TGOLN2,0.5212546074194969,1.293790153710117,0.773,0.775,1,Memory B cell
TMEM71,0.521317400824498,0.2644052782695987,0.095,0.091,1,Memory B cell
TRAF3IP1,0.5215799767751537,0.11915197463836047,0.094,0.091,1,Memory B cell
DIPK1B,0.5220639637386502,-0.5942203379470503,0.017,0.016,1,Memory B cell
L1TD1,0.522256370007269,-0.4434470486475437,0.016,0.017,1,Memory B cell
AP3B1,0.5223397240730245,-0.10553897874633122,0.457,0.451,1,Memory B cell
ARHGEF19,0.5225285644751075,0.1202735886457571,0.027,0.025,1,Memory B cell
RNF19B,0.5226279241535079,0.3686196459183072,0.266,0.264,1,Memory B cell
ATP1A3,0.5226331291326543,0.18300826250382407,0.015,0.014,1,Memory B cell
VNN2,0.5227310493477768,1.0059402799840707,0.268,0.265,1,Memory B cell
MANF,0.5227940841304672,1.1418454326836303,0.182,0.179,1,Memory B cell
SERPINB8,0.5233552598249249,-3.7304555446953893,0.141,0.141,1,Memory B cell
METTL25B,0.5234008814474485,-0.1059437682936446,0.058,0.061,1,Memory B cell
WDR43,0.5234625049561601,8.42261972817639,0.397,0.391,1,Memory B cell
EEF1AKMT1,0.5245147781132229,0.1504894984236893,0.034,0.032,1,Memory B cell
LRATD2,0.5249571152593792,-0.16288865196227054,0.022,0.024,1,Memory B cell
NAA50,0.5250263104309243,-0.12083850999702905,0.12,0.121,1,Memory B cell
AICDA,0.5251051266287273,1.2072408719811991,0.014,0.013,1,Memory B cell
FBXL18,0.525614753722397,0.14171792997734567,0.084,0.085,1,Memory B cell
CDKAL1,0.5256546882924445,0.2340269611734611,0.479,0.476,1,Memory B cell
ATP5PB,0.5258406967301182,-1.7161269752027233,0.358,0.353,1,Memory B cell
ZMIZ1,0.5263364791037481,-0.27239561904085996,0.161,0.166,1,Memory B cell
CSTB,0.526492540305952,-0.14581065260861836,0.234,0.235,1,Memory B cell
COX8A,0.526786944995298,-1.2607504371902523,0.262,0.258,1,Memory B cell
HELZ,0.5274189441365178,0.11165970170616979,0.382,0.375,1,Memory B cell
MAP2K4,0.527550354999966,0.10308148496410352,0.156,0.151,1,Memory B cell
ADAM10,0.527830625240947,0.20412347135278086,0.487,0.485,1,Memory B cell
SLCO5A1,0.5283362592329228,0.18688536402438416,0.025,0.025,1,Memory B cell
MPP1,0.5283776674265898,0.444784999839102,0.053,0.05,1,Memory B cell
WBP1,0.5288610184488128,-0.10074308710573121,0.271,0.269,1,Memory B cell
PAX5,0.52924966226843,2.9817393304728768,0.869,0.869,1,Memory B cell
GPLD1,0.5293308796755857,-0.18326649335069423,0.011,0.013,1,Memory B cell
C1QTNF6,0.5298305142218098,0.12636901671013367,0.076,0.078,1,Memory B cell
NUDT14,0.5303356193255327,0.11609454036303335,0.044,0.043,1,Memory B cell
DTX2,0.5307525577303958,-0.15351338000617165,0.013,0.014,1,Memory B cell
AGRN,0.5310874445385851,-0.18084916447375932,0.011,0.012,1,Memory B cell
LMTK3,0.5329102028287763,-0.17856562377525442,0.01,0.01,1,Memory B cell
ZNF223,0.5329583272612024,0.19665147294409469,0.027,0.025,1,Memory B cell
PREPL,0.5331467860786866,-0.6359414463626847,0.282,0.275,1,Memory B cell
L3MBTL3,0.5332659026570381,-0.10576477856732447,0.337,0.339,1,Memory B cell
HAUS4,0.5332951276671665,-0.5915913623939868,0.15,0.154,1,Memory B cell
CD48,0.5336293874965403,3.571385601060772,0.9,0.899,1,Memory B cell
POLR3F,0.5336726538614215,-0.15026891558741218,0.084,0.085,1,Memory B cell
TMEM65,0.5338355367516383,0.2685243041862646,0.196,0.195,1,Memory B cell
CSNK1G3,0.5338567832982242,-0.10880126214725741,0.328,0.335,1,Memory B cell
MTCL1,0.5340142803463048,0.21860245297991643,0.01,0.009,1,Memory B cell
GSTA4,0.5340999054023836,-0.16203522826712735,0.016,0.015,1,Memory B cell
MSMO1,0.5341988067790805,0.15182074282634983,0.116,0.112,1,Memory B cell
PLAAT3,0.5343517184326526,-0.6768103783611248,0.033,0.03,1,Memory B cell
ZNF391,0.5355294635619168,0.15987031060036738,0.065,0.061,1,Memory B cell
PNPLA6,0.5361586884848066,-0.4086728176261344,0.235,0.237,1,Memory B cell
TOB2,0.5364644324886155,0.6362705239389934,0.181,0.18,1,Memory B cell
CDV3,0.536667796154655,-0.35368050445136734,0.411,0.409,1,Memory B cell
SENP6,0.5371060919341362,1.2538718820591441,0.688,0.683,1,Memory B cell
BCAT2,0.5376321337939236,0.12268666169451725,0.106,0.104,1,Memory B cell
CTSK,0.5376323366236244,0.10036877745575579,0.07,0.066,1,Memory B cell
ACVR2B,0.5376621896749487,-0.26094077228680845,0.012,0.014,1,Memory B cell
C1orf198,0.5382076365712953,-0.14104831173521193,0.032,0.032,1,Memory B cell
C3orf18,0.5395800278197491,0.1439827584677662,0.02,0.019,1,Memory B cell
FAM234A,0.5413607349148521,0.14835383765312282,0.125,0.121,1,Memory B cell
CHMP2A,0.5415402893714127,0.24828903307005357,0.236,0.234,1,Memory B cell
ANKRD13C,0.5418708822928898,-0.46114290755914716,0.201,0.197,1,Memory B cell
BTN1A1,0.542220142361413,0.2807167470214278,0.012,0.011,1,Memory B cell
ZBTB38,0.5426207351045615,-0.2814714234045459,0.273,0.268,1,Memory B cell
MARCKSL1,0.5426858659306872,-6.839667500030942,0.276,0.276,1,Memory B cell
ZNF784,0.5434452062805514,0.17587905542578497,0.06,0.057,1,Memory B cell
ZNF283,0.5436267533909206,0.11254159401836517,0.112,0.111,1,Memory B cell
UBR5,0.5438841446675847,0.21979479452759088,0.407,0.402,1,Memory B cell
ABRAXAS1,0.5442232513663287,0.4127984546237503,0.201,0.201,1,Memory B cell
LZTS2,0.5443602046827986,-0.16987632922754026,0.128,0.132,1,Memory B cell
HSCB,0.5444046213355179,-0.15518387922750332,0.085,0.088,1,Memory B cell
ITSN2,0.5444098886741363,-1.1468966234537339,0.757,0.755,1,Memory B cell
MTPN,0.5450336587283562,-2.3537599274915193,0.632,0.629,1,Memory B cell
ARMCX5,0.5451769542930539,0.11067492596447126,0.083,0.081,1,Memory B cell
LATS2,0.5453104289755486,0.22789302215121676,0.02,0.018,1,Memory B cell
ICAM1,0.5455963128974448,-0.13494155826107823,0.028,0.026,1,Memory B cell
NXT1,0.5461374440225619,-0.13894252747170893,0.233,0.236,1,Memory B cell
NDUFA11,0.5465789211782784,0.15982887774302684,0.245,0.242,1,Memory B cell
GRK6,0.5467538919904127,-0.15058437486300602,0.355,0.36,1,Memory B cell
ATRX,0.5468015586324636,0.6093155625396669,0.587,0.589,1,Memory B cell
LRWD1,0.5468962386053496,-0.18923447871982813,0.141,0.146,1,Memory B cell
FAM111B,0.5470822689878124,0.8923119197513436,0.09,0.09,1,Memory B cell
ZNF606,0.5482390675020073,0.11941621652588741,0.143,0.138,1,Memory B cell
IRF8,0.5484147685649091,1.1298835403326635,0.949,0.953,1,Memory B cell
TMF1,0.5485231828329913,-0.14798939815605516,0.437,0.438,1,Memory B cell
SP110,0.54858563549955,4.280491639598715,0.887,0.883,1,Memory B cell
ZNF674,0.5487580163294294,0.11816788321530591,0.013,0.011,1,Memory B cell
FAM136A,0.5490736643088185,0.23653335262989866,0.276,0.271,1,Memory B cell
ZNF232,0.549076347720546,0.11057365695902721,0.048,0.046,1,Memory B cell
WDR90,0.5503431529542027,0.14226703546128228,0.025,0.024,1,Memory B cell
ZNF620,0.5508701962340203,-0.13453709887561738,0.039,0.04,1,Memory B cell
RC3H2,0.5512321299819555,-0.4780620412577825,0.464,0.457,1,Memory B cell
RNF168,0.5513661827206913,0.10468344643789373,0.247,0.24,1,Memory B cell
FAM210B,0.5515746159265116,0.14358938023470103,0.048,0.046,1,Memory B cell
LRP8,0.552013704978422,0.3745239372909701,0.077,0.076,1,Memory B cell
PMM2,0.5528319600158532,0.123893898760643,0.229,0.227,1,Memory B cell
SPICE1,0.5528478659122437,0.29326263219699955,0.15,0.152,1,Memory B cell
CMPK1,0.5531638819599517,0.19705122343303572,0.685,0.689,1,Memory B cell
EIF3E,0.5543116498899096,-0.22207420708332587,0.312,0.314,1,Memory B cell
TK1,0.5543882502766022,0.21017020676381204,0.014,0.013,1,Memory B cell
TPST1,0.555541930113967,0.40629248113769956,0.049,0.048,1,Memory B cell
SLIRP,0.5555703886276558,0.12204330612576175,0.118,0.115,1,Memory B cell
ACVR1,0.5559719872104883,0.13023207743895826,0.061,0.058,1,Memory B cell
RINT1,0.5560616033007817,0.10241758576033111,0.134,0.133,1,Memory B cell
FADS1,0.5566690900375274,0.4458009548035875,0.016,0.015,1,Memory B cell
SLC44A1,0.5569635725045438,5.596338522687359,0.08,0.08,1,Memory B cell
TFE3,0.5575985596029858,-0.12547294428366773,0.178,0.182,1,Memory B cell
ADGRB1,0.5577293543042396,-0.23874994520716886,0.018,0.02,1,Memory B cell
H2AX,0.5579364958245023,-2.5240741205974895,0.061,0.058,1,Memory B cell
HDAC8,0.5580092073126788,0.30420416943370565,0.244,0.239,1,Memory B cell
PHF8,0.558076504233594,0.19624265768278487,0.276,0.277,1,Memory B cell
MOSPD1,0.5586155220300129,0.10835600571136528,0.045,0.043,1,Memory B cell
AMDHD2,0.5586883552822512,-0.1284467042860509,0.218,0.212,1,Memory B cell
UNC13D,0.558765308446403,-0.142973615127453,0.287,0.282,1,Memory B cell
CRYBG3,0.5593527987918518,0.3340342593965513,0.019,0.016,1,Memory B cell
DUSP11,0.5594069339904375,0.16002959215634616,0.402,0.403,1,Memory B cell
TMEM38B,0.559800794019723,-0.1506634170218974,0.214,0.22,1,Memory B cell
CHCHD10,0.5607972593312816,-0.10280406706701006,0.045,0.047,1,Memory B cell
NRIP1,0.5611132073535883,-0.12743815650000112,0.16,0.166,1,Memory B cell
BAG4,0.5612717275727556,0.11694448320129025,0.036,0.033,1,Memory B cell
PAICS,0.5633443406727776,0.10926206712876096,0.074,0.071,1,Memory B cell
LMNA,0.5636313059651147,4.131376364594111,0.034,0.033,1,Memory B cell
MIX23,0.5636555136537477,0.10423541172274797,0.052,0.049,1,Memory B cell
SNU13,0.5638476923109449,4.287684609886908,0.722,0.722,1,Memory B cell
RBM48,0.5642092873252232,-0.11137349218570414,0.02,0.022,1,Memory B cell
ZNF684,0.564723624650211,-0.10740810447212201,0.027,0.028,1,Memory B cell
RNF103,0.5647926409423805,-0.4536987210102028,0.235,0.237,1,Memory B cell
PES1,0.5654574027057837,7.384104308879509,0.189,0.185,1,Memory B cell
SDC3,0.5664708795133127,-1.999830048929546,0.012,0.013,1,Memory B cell
C5orf34,0.5668329245683004,-0.1411884907578722,0.01,0.011,1,Memory B cell
PLK1,0.5672214759266508,-8.307513502930139,0.018,0.017,1,Memory B cell
TSGA10,0.5674151557161,0.15050680191572985,0.056,0.053,1,Memory B cell
PRDX5,0.5674649110789893,-0.17118319399686388,0.212,0.209,1,Memory B cell
KIAA0319,0.5675867373056501,0.1585661167223127,0.026,0.023,1,Memory B cell
CCDC142,0.5679713733007418,-0.13293849323803553,0.01,0.011,1,Memory B cell
VHL,0.5685685822628905,0.6530470228270953,0.602,0.6,1,Memory B cell
CYRIA,0.5685932243213865,-0.4325942461546375,0.384,0.382,1,Memory B cell
IL1B,0.5687731853097706,0.11082826157280401,0.01,0.009,1,Memory B cell
CSGALNACT2,0.5692836930140858,1.3074043907846935,0.207,0.201,1,Memory B cell
PEG10,0.5700082977499429,1.5472481367804674,0.06,0.063,1,Memory B cell
ZNF652,0.5702316449892716,-0.18440487887221813,0.434,0.429,1,Memory B cell
GSDME,0.5703160036506773,-0.11254740798572449,0.015,0.016,1,Memory B cell
SETDB2,0.5714457296852016,-0.20404030341335122,0.3,0.296,1,Memory B cell
AHR,0.5721483383136653,-0.13282967816044633,0.163,0.157,1,Memory B cell
SIK2,0.5723074460255918,-0.11267623335646948,0.125,0.127,1,Memory B cell
TRIM5,0.5727973372683942,0.17333993760895716,0.275,0.273,1,Memory B cell
SCAF8,0.5728719238929807,-0.31022013033265905,0.456,0.451,1,Memory B cell
ANKLE1,0.5729647006113474,0.11311570132244597,0.045,0.045,1,Memory B cell
TEX2,0.5734759191686443,0.10264123205398645,0.072,0.069,1,Memory B cell
NDUFS6,0.5735821577838066,0.31039374848972945,0.155,0.15,1,Memory B cell
PLA2G15,0.573631749378271,-0.10522889750603781,0.025,0.025,1,Memory B cell
STARD4,0.5738417133239337,-0.13731844311250174,0.181,0.187,1,Memory B cell
BMF,0.5742514384521142,-8.092307154574604,0.214,0.212,1,Memory B cell
POLD2,0.5742745451932231,0.2049999944719847,0.145,0.142,1,Memory B cell
CORO7,0.5746776744996083,-1.1851844242839271,0.48,0.48,1,Memory B cell
ZNF583,0.5746787192998428,0.10036339889647472,0.042,0.04,1,Memory B cell
MVK,0.5747149169184022,0.21345165914230435,0.102,0.101,1,Memory B cell
ARRB1,0.5747573628798305,-0.19006444538977707,0.015,0.016,1,Memory B cell
MS4A14,0.5747767465294517,0.20806844976067485,0.042,0.04,1,Memory B cell
ABI2,0.575092438797558,0.13645888030591036,0.15,0.15,1,Memory B cell
RNF44,0.5754344141604912,0.39071125636040227,0.503,0.501,1,Memory B cell
DUSP2,0.5760635658309653,4.383483939288993,0.04,0.041,1,Memory B cell
ZMYM6,0.5763187660977126,0.10265430086821481,0.207,0.201,1,Memory B cell
DNAJA1,0.5767345967491638,0.12481708054075669,0.36,0.367,1,Memory B cell
SETD9,0.5786138016625337,0.1090778053496857,0.02,0.021,1,Memory B cell
ZNF527,0.5787963631222939,0.1274837874327357,0.059,0.058,1,Memory B cell
ZNF48,0.5792311216379188,0.10067812973144896,0.034,0.033,1,Memory B cell
PPP1R26,0.5797929134351723,-0.18166182058728353,0.01,0.011,1,Memory B cell
TIMM44,0.5806314113091775,0.7107868815388104,0.152,0.148,1,Memory B cell
PLPP1,0.581555851849073,0.15849274710134464,0.086,0.085,1,Memory B cell
SELENOM,0.5815984828626347,0.10748852799984143,0.138,0.134,1,Memory B cell
CPLANE1,0.5816963335224553,0.11206831241849646,0.141,0.139,1,Memory B cell
SMS,0.581703601833507,1.2530592821664102,0.281,0.277,1,Memory B cell
MALT1,0.5821007633897525,0.9767106598277553,0.646,0.644,1,Memory B cell
PLEKHM2,0.5825325069830503,-1.064315639589398,0.341,0.348,1,Memory B cell
TCF3,0.5827711799176262,0.9333618986772292,0.574,0.573,1,Memory B cell
ATR,0.583031231213022,0.14441860735481393,0.313,0.31,1,Memory B cell
FOXRED2,0.5842599868490417,0.17802537121571316,0.018,0.017,1,Memory B cell
GNG11,0.5846943225877926,1.5548893460775326,0.077,0.075,1,Memory B cell
SLC16A3,0.5848969047220673,-0.3643646748440175,0.149,0.146,1,Memory B cell
HDAC6,0.5860982038440921,-0.10304616203633782,0.267,0.263,1,Memory B cell
MIDN,0.5867490005809531,-0.3667622113680209,0.317,0.312,1,Memory B cell
NSD1,0.5889796423358092,-1.1153609522151373,0.606,0.602,1,Memory B cell
MYBL1,0.5900795359390364,-0.4683549001496923,0.016,0.015,1,Memory B cell
UBE3A,0.5901308732825351,-1.3888954705812409,0.571,0.568,1,Memory B cell
PTAFR,0.5905999006451366,0.14672641460758773,0.062,0.064,1,Memory B cell
PYHIN1,0.5906155287543171,-0.1943785853986788,0.187,0.189,1,Memory B cell
EPHA4,0.5910807879507265,0.17954928982158658,0.096,0.093,1,Memory B cell
CSE1L,0.5913609212312154,0.528232823206721,0.104,0.1,1,Memory B cell
ANK3,0.5916822282604846,-6.776908811494186,0.185,0.188,1,Memory B cell
ENO2,0.5919620153191459,0.152553886849891,0.209,0.206,1,Memory B cell
ZNF419,0.5920992785707266,0.10351723843704708,0.021,0.019,1,Memory B cell
PIDD1,0.5924962955585119,0.10856163072595582,0.023,0.022,1,Memory B cell
NDUFV2,0.5926315409489604,0.35774119898594936,0.49,0.492,1,Memory B cell
PARP9,0.5930565620733907,2.4918650610702366,0.289,0.286,1,Memory B cell
HELZ2,0.5937178399869592,0.2152031584879267,0.167,0.164,1,Memory B cell
STAT3,0.5939472955478069,0.10736315496126858,0.378,0.373,1,Memory B cell
ELP2,0.5940046084132593,0.2612980643324876,0.402,0.404,1,Memory B cell
G3BP2,0.5952457364859158,1.1499958812412903,0.532,0.534,1,Memory B cell
IGHA2,0.5958762583140238,4.378422601898549,0.189,0.186,1,Memory B cell
YOD1,0.5960064116002448,-0.1387313865273736,0.079,0.083,1,Memory B cell
MKNK2,0.5964806915122891,1.6359665389632632,0.793,0.799,1,Memory B cell
LYPLAL1,0.596781493087482,-0.32054387407752216,0.39,0.385,1,Memory B cell
PPIF,0.5976709375952735,-0.1553957001712365,0.139,0.135,1,Memory B cell
DZANK1,0.5984510110563985,0.14018628190697324,0.025,0.024,1,Memory B cell
PKNOX1,0.5987950034948538,0.1017021928595947,0.11,0.108,1,Memory B cell
JAK3,0.5995274708484459,0.49528628671265607,0.348,0.341,1,Memory B cell
IKBKE,0.5997021485583098,-0.26000124213202774,0.249,0.243,1,Memory B cell
DENND3,0.5997264005409149,-0.18675720100993498,0.293,0.298,1,Memory B cell
CCDC96,0.5998936465030101,-0.20405967666920954,0.011,0.013,1,Memory B cell
PSPC1,0.5999490031567006,0.12275139211770725,0.503,0.497,1,Memory B cell
ACP6,0.6002963116245251,0.10562233825381906,0.045,0.043,1,Memory B cell
GLUL,0.6005116986825842,-9.847473450470273,0.174,0.17,1,Memory B cell
HAAO,0.6007853146574986,0.13647603150072296,0.024,0.024,1,Memory B cell
PTEN,0.6018259104005722,-0.18253498379866606,0.489,0.485,1,Memory B cell
PRDM15,0.602227857498135,0.20689492561820133,0.081,0.078,1,Memory B cell
NUS1,0.6024329121172158,0.3830697239560499,0.397,0.398,1,Memory B cell
BST1,0.6026784387063611,0.1823140553140572,0.012,0.011,1,Memory B cell
CTCF,0.603171621358453,0.4690124911808332,0.39,0.389,1,Memory B cell
IGHM,0.603304520030227,-Inf,0.723,0.725,1,Memory B cell
EXD2,0.6035080393322801,0.1015977673631614,0.047,0.045,1,Memory B cell
ARF6,0.604131929099263,6.599878213536673,0.905,0.907,1,Memory B cell
ZCCHC7,0.6043720916562618,0.6552412117439559,0.683,0.687,1,Memory B cell
UCK1,0.6047331877485645,-0.11772668853383883,0.112,0.114,1,Memory B cell
PTPRS,0.6047932612146205,-0.36067666963050593,0.04,0.042,1,Memory B cell
PRKD1,0.6051224833497301,-0.19937258107751266,0.015,0.017,1,Memory B cell
NFKB2,0.60517485129449,0.10663941809470279,0.463,0.46,1,Memory B cell
ARL4A,0.605421315929903,-0.10138196233339136,0.118,0.122,1,Memory B cell
PCOLCE,0.6057718625739587,-0.1588193153068156,0.013,0.014,1,Memory B cell
SAP30,0.6059187695566518,0.17659630616099609,0.041,0.039,1,Memory B cell
CEP135,0.6059639986503056,-0.13122031554971073,0.24,0.24,1,Memory B cell
FECH,0.6064036734776055,0.11985237746968691,0.067,0.065,1,Memory B cell
HIVEP2,0.6065009234829346,-0.35108411578517107,0.238,0.234,1,Memory B cell
VDAC2,0.6067261322483177,-0.30420715932378806,0.328,0.328,1,Memory B cell
PARVG,0.6085223766516785,0.5807559283449688,0.606,0.606,1,Memory B cell
ARHGAP31,0.6085393426293385,-0.1311137628825314,0.1,0.105,1,Memory B cell
HSP90B1,0.6085682115012637,-6.922860220710248,0.328,0.325,1,Memory B cell
SIPA1L3,0.608579815968385,0.33866861635195233,0.555,0.554,1,Memory B cell
KBTBD8,0.6092014412820331,-0.2546440631400669,0.27,0.267,1,Memory B cell
UFD1,0.6093560375042592,-0.12477840299263998,0.132,0.128,1,Memory B cell
CPQ,0.609755887188101,-0.12715343385018985,0.069,0.072,1,Memory B cell
SLC38A5,0.6098109615209661,11.948375385609692,0.067,0.066,1,Memory B cell
FAM149B1,0.6100044568426113,0.12834010024046894,0.044,0.043,1,Memory B cell
RNF212,0.6105583972317152,0.24522283582350202,0.014,0.013,1,Memory B cell
THRA,0.6108269968450156,0.1897526753312011,0.065,0.062,1,Memory B cell
MICU3,0.6109270479852812,-0.13501480782796538,0.08,0.085,1,Memory B cell
RAB21,0.6111471776493375,0.11503794436415138,0.472,0.471,1,Memory B cell
CORO2A,0.6115828649755067,-0.102669228097787,0.023,0.026,1,Memory B cell
LYPD6B,0.6117607328565515,0.10179601675273986,0.031,0.03,1,Memory B cell
RMND5A,0.6118657943582878,-1.0077053899279755,0.356,0.356,1,Memory B cell
ALKAL2,0.6121044557965106,0.30241998687040494,0.014,0.012,1,Memory B cell
AP1S1,0.6126230221262661,-0.1265051050381134,0.106,0.104,1,Memory B cell
BLMH,0.6134943262960669,-0.7008969995716562,0.111,0.108,1,Memory B cell
PTK2B,0.6138667515750404,0.17705036496315607,0.814,0.811,1,Memory B cell
TOX,0.6141988243010469,1.3683280902740544,0.091,0.089,1,Memory B cell
UQCRQ,0.6142832177213642,-0.13064914007534933,0.161,0.16,1,Memory B cell
ESD,0.6148557995189409,-0.8763086610443156,0.338,0.334,1,Memory B cell
AGAP3,0.6156017786707519,-0.10193919416315289,0.039,0.041,1,Memory B cell
COL18A1,0.6157604125952425,1.059867327416376,0.051,0.046,1,Memory B cell
TXNDC11,0.6159838379424204,-2.325242997262577,0.405,0.402,1,Memory B cell
LANCL2,0.6184349271754942,-0.11500234546450683,0.063,0.064,1,Memory B cell
ZNF281,0.6186165426269582,0.14635802804458797,0.193,0.19,1,Memory B cell
HIRA,0.6193173419656547,0.16316691508735684,0.243,0.241,1,Memory B cell
PRKDC,0.6194911937119375,4.689751527973187,0.362,0.361,1,Memory B cell
C5orf24,0.619567182297835,0.22725297708875009,0.226,0.228,1,Memory B cell
HPCAL1,0.6197570032587436,0.18720842823292383,0.107,0.103,1,Memory B cell
VPREB3,0.6198734911832948,0.601937700478941,0.358,0.365,1,Memory B cell
UBXN10,0.6212678057827945,0.5846306607324063,0.013,0.012,1,Memory B cell
FAM117A,0.6217349532772469,-0.10510379035029382,0.403,0.398,1,Memory B cell
ULK3,0.6225840186726088,0.10351234578386714,0.065,0.063,1,Memory B cell
PSMG1,0.6226211854800217,0.4403916682682265,0.105,0.102,1,Memory B cell
PDIA4,0.6236021134823356,-0.1055750351030853,0.041,0.044,1,Memory B cell
EFCAB13,0.6240096373695512,0.44816297411169553,0.307,0.313,1,Memory B cell
SPATA7,0.6243862034418401,0.13581779807916305,0.021,0.02,1,Memory B cell
CCDC112,0.6249369929421416,0.16956285780794733,0.143,0.145,1,Memory B cell
MKI67,0.6252374069802074,-9.997501061134425,0.009,0.01,1,Memory B cell
FHL3,0.625968611404446,-0.21938753037157976,0.009,0.011,1,Memory B cell
PSMA8,0.6265764921313792,-0.1083577642959419,0.019,0.018,1,Memory B cell
PTDSS1,0.6266156645218315,-0.13380121423009594,0.43,0.426,1,Memory B cell
FSTL3,0.6271128197509337,0.145258359643047,0.01,0.009,1,Memory B cell
DNAJB2,0.6276675907573193,-0.21440553667070422,0.271,0.276,1,Memory B cell
ZNF20,0.6292629989613931,0.10842054664981937,0.013,0.013,1,Memory B cell
TGFBR1,0.6294475517718338,0.19442775189730044,0.302,0.301,1,Memory B cell
VPS26B,0.6304990261392518,0.11201721201441117,0.112,0.109,1,Memory B cell
ST6GALNAC6,0.6307337280931572,-0.1432361204806064,0.295,0.29,1,Memory B cell
ATP5PO,0.6307777869711739,0.11999516924784093,0.044,0.042,1,Memory B cell
ZNF90,0.6319192095180675,0.1175845397653763,0.06,0.058,1,Memory B cell
NFKBIE,0.632047954380861,-5.321217099659418,0.119,0.117,1,Memory B cell
B3GLCT,0.632212041509334,0.21896034823178923,0.058,0.057,1,Memory B cell
NUDT12,0.6324076751272183,-0.14800920570028797,0.013,0.013,1,Memory B cell
SLC37A3,0.6325141850580664,0.19717197608229586,0.059,0.061,1,Memory B cell
UCKL1,0.6333585239864552,-0.5512944796160144,0.386,0.383,1,Memory B cell
NEXMIF,0.6345394147063785,-0.12950220126180145,0.023,0.024,1,Memory B cell
CENPW,0.63518042349927,1.053974288172355,0.023,0.021,1,Memory B cell
TBC1D2,0.635330356739116,0.11145402549091354,0.021,0.019,1,Memory B cell
SLC15A4,0.6361992576130091,0.5117364304042957,0.336,0.332,1,Memory B cell
REPS2,0.6376730943830918,0.1371169770563827,0.037,0.037,1,Memory B cell
ADAMTS13,0.6381056890629873,-0.10134690618227804,0.023,0.023,1,Memory B cell
SERPINI1,0.6381684042905394,-0.128043139350845,0.039,0.041,1,Memory B cell
SLC43A1,0.638698661143681,0.17656812275015987,0.026,0.026,1,Memory B cell
GPATCH2L,0.638700335545672,0.30098073820350435,0.394,0.391,1,Memory B cell
NDUFA12,0.6398181852390641,-0.14877283681172837,0.188,0.185,1,Memory B cell
QRSL1,0.6401355114851716,0.11659449877861738,0.18,0.178,1,Memory B cell
CSF3R,0.6419865398894631,-17.154581808932853,0.025,0.024,1,Memory B cell
CCP110,0.6421252859410214,-0.11913119190478705,0.137,0.135,1,Memory B cell
TLE4,0.6429914784025038,-0.4717132852146444,0.194,0.193,1,Memory B cell
PHACTR1,0.643055827888544,-45.162972064326354,0.32,0.321,1,Memory B cell
PPAT,0.6434771707586124,0.15111055988531952,0.068,0.066,1,Memory B cell
COX7A2,0.6435729507871832,-0.7800218652811288,0.352,0.348,1,Memory B cell
SAP130,0.6437317838631208,-0.12928103057122686,0.116,0.117,1,Memory B cell
RNF4,0.6447183040707334,0.2501069111559131,0.577,0.575,1,Memory B cell
NDUFAF4,0.6449133784620212,-0.10042450589173879,0.14,0.145,1,Memory B cell
TOMM40L,0.6449697333850994,0.10875859635502794,0.048,0.047,1,Memory B cell
PSMA3,0.6451953719293719,-0.36515243840547673,0.155,0.155,1,Memory B cell
ACADS,0.6453584262906903,0.10274189619457452,0.027,0.026,1,Memory B cell
CUL9,0.6453589075444932,0.10373325032003766,0.083,0.081,1,Memory B cell
LMNTD2,0.6454850823052947,0.14283768770297955,0.034,0.034,1,Memory B cell
YIPF1,0.6470557259798374,-0.14780728211611893,0.11,0.114,1,Memory B cell
CD19,0.6471472607260329,-0.20014536979565722,0.462,0.457,1,Memory B cell
UBE2J1,0.6471883925546638,-4.484135935443284,0.784,0.779,1,Memory B cell
SPI1,0.6472730049948917,0.9018002481338598,0.772,0.77,1,Memory B cell
HYI,0.6482513277414116,0.10860440239831526,0.035,0.035,1,Memory B cell
SCCPDH,0.6484188917732702,0.11121587101333641,0.088,0.087,1,Memory B cell
NCEH1,0.648719450227779,-0.11093859135367445,0.075,0.074,1,Memory B cell
CEP104,0.6490593584806921,-0.10355350309300448,0.202,0.201,1,Memory B cell
ZNF268,0.6493066770099754,0.12950071601304947,0.15,0.151,1,Memory B cell
C16orf74,0.649659701335068,-0.5146617573012536,0.177,0.172,1,Memory B cell
BACH1,0.6496692171743627,-0.31945002935126077,0.411,0.419,1,Memory B cell
FBXW5,0.6498195384032701,-1.3425188745780754,0.249,0.246,1,Memory B cell
CRIP3,0.6498280936358414,0.5272213905092498,0.042,0.045,1,Memory B cell
PDXK,0.6498435041307689,0.2534618333437404,0.219,0.217,1,Memory B cell
MYDGF,0.6506230597025298,2.0648370378714316,0.241,0.24,1,Memory B cell
SLC44A5,0.6507110290461297,0.22150358747745091,0.019,0.019,1,Memory B cell
ADGRG1,0.6511604315358223,-4.646345350785157,0.011,0.01,1,Memory B cell
SIPA1,0.6513316420090365,1.2754988717014193,0.724,0.728,1,Memory B cell
UBN2,0.6519843409126158,-0.22331038905942868,0.198,0.201,1,Memory B cell
CSNK2A2,0.6522702533894373,0.17969055011112978,0.322,0.324,1,Memory B cell
SAP30L,0.6529054647962574,0.12009710629476425,0.275,0.271,1,Memory B cell
EPB41L2,0.653001766577055,7.706517213067934,0.14,0.144,1,Memory B cell
KAT2B,0.6543559722205922,0.3768214543860138,0.484,0.48,1,Memory B cell
FOS,0.654492374977558,26.01902184614753,0.27,0.275,1,Memory B cell
SMARCC1,0.6545509450435112,3.734966820312149,0.523,0.521,1,Memory B cell
DCUN1D3,0.6550751247286218,0.46778157498616935,0.035,0.033,1,Memory B cell
TULP4,0.6551294026210155,0.13150467443110483,0.251,0.252,1,Memory B cell
GGA1,0.6555464786582349,-0.15040855100754064,0.296,0.301,1,Memory B cell
RAPSN,0.6559874092057267,-0.17460223758744942,0.017,0.019,1,Memory B cell
ATP5MC3,0.656010090997918,-1.7189766625467344,0.261,0.257,1,Memory B cell
CEP128,0.6562223546645883,1.3912806896981713,0.065,0.065,1,Memory B cell
CX3CR1,0.6563674360130678,-5.2354805513700375,0.017,0.016,1,Memory B cell
ALKBH7,0.6567865813165286,0.16197426395798076,0.24,0.236,1,Memory B cell
LTA4H,0.6574112242959902,2.4649352927719725,0.595,0.597,1,Memory B cell
SOS2,0.6574615946251625,0.13184098448215342,0.331,0.328,1,Memory B cell
GAREM2,0.6577428668768487,0.16283752342535873,0.021,0.02,1,Memory B cell
FCSK,0.6583353033532425,-0.1044239603194792,0.037,0.038,1,Memory B cell
HIP1R,0.6586531477169342,0.33404969299701426,0.56,0.563,1,Memory B cell
H2BC26,0.6589189505521856,-0.16485478169729406,0.034,0.033,1,Memory B cell
KLHL8,0.6591165133831818,0.12811268522437724,0.099,0.097,1,Memory B cell
SPATA13,0.6594615330842017,0.23228989884587325,0.087,0.085,1,Memory B cell
EIF2S3,0.6595024671087009,-0.23172175243405313,0.646,0.653,1,Memory B cell
RAP2A,0.6604066479452653,-0.4238398930450526,0.181,0.179,1,Memory B cell
ZNF446,0.6604818423761816,0.10553677312650489,0.035,0.033,1,Memory B cell
NUMB,0.6605198544367807,0.21356302537240635,0.46,0.458,1,Memory B cell
NUF2,0.6606495063772363,-1.781814337184536,0.015,0.014,1,Memory B cell
SELENOO,0.6615434774231335,-0.5888398080226496,0.168,0.165,1,Memory B cell
HNRNPL,0.6616783747228792,0.3798504801874416,0.535,0.54,1,Memory B cell
TNNC2,0.6620859584626403,-0.12165321695513054,0.01,0.011,1,Memory B cell
ERCC6L,0.6620919249044601,0.20482042246989618,0.011,0.01,1,Memory B cell
PRKAB1,0.6621797126998047,0.19312027162938694,0.258,0.258,1,Memory B cell
PRPS2,0.6629559359719834,-0.25205121465976105,0.2,0.2,1,Memory B cell
TPP2,0.6633501598731222,-0.24354407536981126,0.286,0.28,1,Memory B cell
DENND1C,0.6634311139724816,0.21909599394430979,0.473,0.469,1,Memory B cell
RNF24,0.663901765178172,0.20032406637862543,0.017,0.016,1,Memory B cell
ODC1,0.6641730597378089,5.171012160752001,0.406,0.411,1,Memory B cell
SESN2,0.6646123652048189,0.10121595745943512,0.053,0.052,1,Memory B cell
USP51,0.6650493672151407,-0.1998504106714485,0.017,0.017,1,Memory B cell
AREG,0.6670941367950578,-0.4918958008880865,0.036,0.036,1,Memory B cell
COL9A3,0.6671470785463833,0.1054970178385739,0.013,0.012,1,Memory B cell
MAP3K21,0.6680094865616353,0.18815632710611752,0.017,0.019,1,Memory B cell
HPS5,0.6686963996478693,-0.1635296674332435,0.323,0.321,1,Memory B cell
ZNF800,0.6693830723010422,-0.12461735113321137,0.406,0.404,1,Memory B cell
YY1AP1,0.6696125549594228,-0.34026519711013387,0.357,0.358,1,Memory B cell
IRAK1,0.6696554076771265,-0.25463104390008984,0.28,0.277,1,Memory B cell
STAT5A,0.669682982391712,0.10755081142750444,0.181,0.179,1,Memory B cell
ACAT1,0.6702258164939748,-1.2119455121937734,0.225,0.228,1,Memory B cell
MLLT6,0.671427315121212,0.504818927854449,0.634,0.635,1,Memory B cell
PPP4C,0.6718530341844644,0.3973199326732457,0.495,0.492,1,Memory B cell
CCT4,0.6719193607440034,0.2789292278858925,0.296,0.293,1,Memory B cell
BCL9L,0.6719689228069002,-1.6531310764962717,0.265,0.264,1,Memory B cell
CAMK2N1,0.6727689860654058,-0.13264097516301243,0.028,0.028,1,Memory B cell
FBXO34,0.6731686208399682,-0.11977723863096323,0.166,0.169,1,Memory B cell
GJA3,0.6733263327024566,0.11525514676433524,0.014,0.013,1,Memory B cell
CUL4B,0.6739405657504012,-0.1208490716793107,0.369,0.367,1,Memory B cell
AKAP5,0.6740818341938826,-0.27039330927928074,0.019,0.02,1,Memory B cell
ABHD3,0.6744039643630325,0.16126378250803738,0.265,0.26,1,Memory B cell
BRD4,0.6745713895922445,-0.1077197490875692,0.753,0.751,1,Memory B cell
CENPX,0.674594996466709,0.278069938650094,0.068,0.068,1,Memory B cell
AKT1,0.674642334056903,-0.10283506166427947,0.337,0.334,1,Memory B cell
PLD6,0.6756327782925351,0.18088546248396176,0.051,0.046,1,Memory B cell
YJU2,0.675753860144796,0.12221102102327233,0.297,0.297,1,Memory B cell
ZNF57,0.676028335298041,0.1533440672928954,0.016,0.015,1,Memory B cell
PYROXD2,0.6760305976945907,0.11389493365848047,0.023,0.021,1,Memory B cell
ABCC4,0.676071264486074,-0.1513703320873849,0.184,0.183,1,Memory B cell
SMC3,0.6761683379756234,0.14242214192520475,0.352,0.348,1,Memory B cell
TOP2A,0.6762788513719458,-25.87033259540446,0.01,0.01,1,Memory B cell
VPS11,0.6763862795737989,0.11969363227907703,0.234,0.229,1,Memory B cell
ILF3,0.6769714593736013,-0.8376246937959011,0.538,0.534,1,Memory B cell
VASH1,0.6770268573792158,-0.13942584879445707,0.015,0.014,1,Memory B cell
MCFD2,0.6775657072939839,0.10390235992677108,0.255,0.251,1,Memory B cell
NHERF1,0.6775951232236266,-2.7839053026320224,0.336,0.331,1,Memory B cell
IL27RA,0.678820734547561,-0.7775098506182643,0.338,0.338,1,Memory B cell
CDK1,0.6788240866880492,-19.495466055772212,0.016,0.017,1,Memory B cell
FGF9,0.6791421449327159,-0.8761309975909013,0.014,0.014,1,Memory B cell
ZNF253,0.6793594284254779,-0.11352812040542881,0.162,0.166,1,Memory B cell
SFXN2,0.6797125727477652,-0.12141957505616308,0.079,0.078,1,Memory B cell
EIF2S2,0.6801116930701244,-0.14199131994157277,0.012,0.013,1,Memory B cell
RETREG1,0.6803211394450716,-0.15887972789425575,0.038,0.04,1,Memory B cell
DENND6B,0.6807541074296366,-0.11475405358337287,0.016,0.017,1,Memory B cell
KPNA2,0.6814003155292039,-7.860782333024518,0.135,0.132,1,Memory B cell
CLPB,0.6817415115255818,-0.10114243975301274,0.128,0.132,1,Memory B cell
SGSM1,0.6827393337547587,0.1125247027465619,0.011,0.01,1,Memory B cell
USP3,0.6827666822393634,-0.8505051127399055,0.522,0.518,1,Memory B cell
HOOK3,0.6828803151267063,0.5813683251851186,0.322,0.326,1,Memory B cell
POC1A,0.6829094138453548,0.1476099811660907,0.014,0.013,1,Memory B cell
TUFT1,0.6830091965906002,0.14666640539114084,0.013,0.012,1,Memory B cell
UTRN,0.6831242429713016,0.3820564079191531,0.593,0.591,1,Memory B cell
PIM2,0.6853595054425035,-1.92429770472544,0.588,0.593,1,Memory B cell
TFAP2E,0.6854797525630815,0.18983476131951882,0.019,0.019,1,Memory B cell
ZNF24,0.685498897661714,0.1569515273137917,0.295,0.294,1,Memory B cell
ZNF213,0.685644405705338,0.10978553410315905,0.042,0.041,1,Memory B cell
MYO1C,0.6858771486740981,0.7629411726745283,0.187,0.189,1,Memory B cell
NCOR2,0.686256891753774,-0.7253589282820907,0.453,0.452,1,Memory B cell
SHLD3,0.686339237207337,-0.12665421488602568,0.08,0.083,1,Memory B cell
ANP32E,0.6865577322932991,-4.2062424169707064,0.358,0.364,1,Memory B cell
CAPZA2,0.6865683944031329,0.2249503487439481,0.327,0.324,1,Memory B cell
KLHL23,0.6872214285385825,-0.13006685326416534,0.011,0.01,1,Memory B cell
GID8,0.6883022681781373,0.21165060703099303,0.369,0.366,1,Memory B cell
PIGS,0.6888636877380776,-0.22115157141510264,0.22,0.223,1,Memory B cell
FZD6,0.6893810086770276,-0.278611930155539,0.016,0.018,1,Memory B cell
EBI3,0.6894950344463711,-1.0465766557303136,0.076,0.073,1,Memory B cell
ORC6,0.6912437510880463,3.8201253778994677,0.042,0.04,1,Memory B cell
ZFP36L1,0.6914502917730956,-4.577084307779443,0.369,0.372,1,Memory B cell
MYC,0.6917395299150778,3.584470374113211,0.364,0.366,1,Memory B cell
CD72,0.691863314172497,-8.869241916414166,0.371,0.369,1,Memory B cell
SAT1,0.692575331650469,-11.415466246098926,0.52,0.519,1,Memory B cell
GRAMD1C,0.6929745492957875,2.3451872310151956,0.096,0.095,1,Memory B cell
TRAPPC12,0.6934813168107861,0.23865443630796362,0.328,0.331,1,Memory B cell
RASGRF1,0.6935054807654113,0.16474776263175572,0.027,0.027,1,Memory B cell
SMTN,0.6936092100239546,0.16565925647686708,0.019,0.018,1,Memory B cell
ERN1,0.6937650092294944,2.5410192002204948,0.053,0.051,1,Memory B cell
PPP6C,0.6951451366417317,-0.18334860428469346,0.519,0.515,1,Memory B cell
ZBTB42,0.6954040572432039,0.11851007390404433,0.021,0.02,1,Memory B cell
GPC2,0.6956603854487526,0.11304091522758242,0.016,0.015,1,Memory B cell
LENG8,0.6959884971151742,-0.5988296405393623,0.898,0.896,1,Memory B cell
UBE2A,0.6961302181757596,0.5876823949510479,0.41,0.407,1,Memory B cell
HDAC7,0.6962133554279564,0.12215914590847954,0.329,0.324,1,Memory B cell
ZNF713,0.6963228415018952,-0.13481527769089485,0.02,0.02,1,Memory B cell
C11orf58,0.6966093664940588,0.23957644073676132,0.664,0.661,1,Memory B cell
NRN1L,0.6973890107516337,0.1370194916870009,0.023,0.021,1,Memory B cell
TLR2,0.6977970843776058,-0.31057669351496564,0.04,0.039,1,Memory B cell
MED10,0.6978106766772686,-0.1036140697765473,0.334,0.339,1,Memory B cell
CFAP44,0.6979929264810438,0.28187864669833274,0.107,0.108,1,Memory B cell
GNG2,0.6986770619761007,-0.40120684232769377,0.344,0.339,1,Memory B cell
TYMS,0.6987733107984504,25.916342387724434,0.018,0.017,1,Memory B cell
CNST,0.6988031150539971,-0.17667147877972433,0.456,0.454,1,Memory B cell
NDUFS3,0.7010008981110187,-0.23120613673527063,0.27,0.274,1,Memory B cell
SYT17,0.7013987626929381,0.2788833887513471,0.042,0.04,1,Memory B cell
QRICH2,0.7024783754906676,-0.10740791772193337,0.014,0.015,1,Memory B cell
RPTOR,0.7032134554596767,0.3011599297430082,0.322,0.318,1,Memory B cell
ATXN1L,0.7034081714885945,-0.11634299016793315,0.192,0.196,1,Memory B cell
NMRK1,0.7035090632970514,0.11584363671259212,0.139,0.138,1,Memory B cell
TMEM170B,0.7036690162776372,-0.11569262416739523,0.02,0.02,1,Memory B cell
RBM14,0.7038048522218078,0.2148053997946091,0.617,0.616,1,Memory B cell
PLA2G2D,0.7039045830542316,1.2770419844411627,0.035,0.035,1,Memory B cell
LARP4,0.7039894402165696,0.1855969466881987,0.371,0.37,1,Memory B cell
ZNF799,0.7044060001627939,-0.14212651700833234,0.03,0.032,1,Memory B cell
PNMA1,0.7057041550704245,-0.1378162000242431,0.114,0.116,1,Memory B cell
LIMA1,0.7063565104159026,-0.18715712460664236,0.015,0.016,1,Memory B cell
WSCD2,0.7067315229174095,-0.28157002919002583,0.013,0.014,1,Memory B cell
STK17A,0.7071697475543597,-8.413084573388362,0.641,0.645,1,Memory B cell
IGFBP4,0.7081065993787657,0.4527763760118644,0.011,0.01,1,Memory B cell
CDR2,0.7090434092552127,-0.8465546168767797,0.092,0.089,1,Memory B cell
VPS25,0.7091126734490738,-0.13450992701466258,0.174,0.171,1,Memory B cell
DCLK2,0.7093021704552999,-0.62806789764061,0.049,0.047,1,Memory B cell
MINK1,0.7097901924177058,2.0596148360209257,0.483,0.485,1,Memory B cell
GTPBP8,0.7101173989798208,0.10108154133948366,0.098,0.097,1,Memory B cell
B3GNT9,0.7106423630230273,0.1358887029027791,0.018,0.017,1,Memory B cell
FCHO2,0.7112869988282151,0.12955978833628423,0.068,0.066,1,Memory B cell
FAM218A,0.7113145425537635,-0.7915888643363234,0.017,0.016,1,Memory B cell
TTC4,0.7114073247232041,0.13941880935942663,0.079,0.077,1,Memory B cell
CALCOCO1,0.7114181748638551,-0.21757317524903333,0.255,0.252,1,Memory B cell
KYNU,0.7117486953081873,-4.863211289989112,0.607,0.604,1,Memory B cell
URB1,0.7124229507102732,-0.11953315688153487,0.162,0.164,1,Memory B cell
MYO7B,0.7125672167202329,0.4521631164142792,0.083,0.086,1,Memory B cell
TMEM237,0.7148705977040652,0.20562804698506731,0.016,0.016,1,Memory B cell
TMEM126A,0.715640278060252,0.34018745861363164,0.159,0.162,1,Memory B cell
PPM1L,0.7157902895711795,-0.29621736456521885,0.049,0.047,1,Memory B cell
MTHFD2L,0.7165527671622751,-0.14614050443064253,0.054,0.055,1,Memory B cell
ALDH4A1,0.7166171880846115,0.11400892048133038,0.015,0.014,1,Memory B cell
NINL,0.7166854094489605,-0.12390497876925366,0.018,0.019,1,Memory B cell
GBGT1,0.7171480080616915,0.14827742701963276,0.048,0.046,1,Memory B cell
CCDC97,0.7175488858620586,-0.19819303344002537,0.317,0.313,1,Memory B cell
TMCC2,0.7175544779986549,0.17291443233043235,0.012,0.012,1,Memory B cell
SPCS1,0.7183273267311394,2.712934771622668,0.492,0.496,1,Memory B cell
NPL,0.7183815063003454,-0.19733209575647237,0.021,0.023,1,Memory B cell
MTMR1,0.7184863717014285,0.2010671268370241,0.433,0.43,1,Memory B cell
SNX21,0.7186282532964985,0.21010472582354645,0.012,0.012,1,Memory B cell
TRA2A,0.7187616563263762,-0.46796820987615284,0.558,0.553,1,Memory B cell
KLHDC9,0.7190088371863168,-0.11098566892771444,0.012,0.013,1,Memory B cell
GRAP,0.7198666258091966,-0.11999170174589535,0.142,0.143,1,Memory B cell
RFC4,0.7213702647288907,0.24227980067832977,0.087,0.085,1,Memory B cell
RHBDD3,0.7216237713275754,0.12269857353288671,0.011,0.011,1,Memory B cell
HDAC9,0.7219358806778715,0.8135994968676421,0.491,0.489,1,Memory B cell
BAK1,0.7223216491578578,1.6237071104941754,0.263,0.259,1,Memory B cell
EVI5L,0.7228626497428791,0.11755518493248562,0.057,0.054,1,Memory B cell
PUF60,0.7229929762837934,0.2231058158916548,0.338,0.335,1,Memory B cell
DLAT,0.7230676155314921,0.11748521695858283,0.178,0.18,1,Memory B cell
GORASP2,0.7231798275846882,-0.12315436362944984,0.3,0.3,1,Memory B cell
CDK17,0.7232285119655589,-0.10133634195559851,0.268,0.273,1,Memory B cell
RUBCNL,0.7232836638741877,-1.0132181165830652,0.634,0.629,1,Memory B cell
TMEM50B,0.7240151926191872,-0.1132071155930156,0.222,0.223,1,Memory B cell
EPHX2,0.7252044215170792,0.37201057976672747,0.033,0.031,1,Memory B cell
PTMS,0.7256461796872926,-1.5589196193376549,0.013,0.014,1,Memory B cell
IL3RA,0.725955203794747,0.35429553356827226,0.012,0.013,1,Memory B cell
COL19A1,0.7262753756312924,0.8816957230138944,0.301,0.297,1,Memory B cell
DNAJC2,0.7273746730237874,0.4812076623222038,0.222,0.219,1,Memory B cell
PCDHGA5,0.7284092589077078,0.1165131252509557,0.019,0.019,1,Memory B cell
ARHGAP5,0.728494050350665,0.13725216718549732,0.287,0.29,1,Memory B cell
EDEM2,0.7295679615665805,-0.1141269228485825,0.303,0.301,1,Memory B cell
CBFA2T3,0.7297199691159284,-3.87400917579132,0.572,0.574,1,Memory B cell
ZBTB2,0.7308149671752088,-0.11069906200085994,0.18,0.178,1,Memory B cell
EIF4G1,0.7312992292209286,5.326481605063732,0.305,0.302,1,Memory B cell
CDC42EP2,0.7319620377801621,-0.13029857025180913,0.016,0.017,1,Memory B cell
PFN2,0.732169943518341,-0.27412367129595205,0.034,0.034,1,Memory B cell
CHCHD2,0.7323526171403117,8.459071796841972,0.447,0.446,1,Memory B cell
RIOK3,0.7336597716044877,-0.12263820187609475,0.412,0.412,1,Memory B cell
REC8,0.7349029681773465,-0.3069421198406822,0.152,0.149,1,Memory B cell
KIF5C,0.7352031530407969,0.14818680678193275,0.042,0.04,1,Memory B cell
MRNIP,0.7357616414650028,-0.6179209571936319,0.403,0.398,1,Memory B cell
ZNF598,0.736847537649402,0.14412942666198392,0.087,0.086,1,Memory B cell
SARAF,0.7371504063346017,0.20480636077048486,0.407,0.405,1,Memory B cell
ACTR3B,0.7377725253684647,0.10761369500602713,0.059,0.057,1,Memory B cell
ACVR1B,0.7382274354490924,0.10925666015162472,0.029,0.027,1,Memory B cell
MME,0.7383226195383179,0.5056058178924636,0.017,0.017,1,Memory B cell
DLG2,0.7393613045665074,0.1365721563914395,0.016,0.015,1,Memory B cell
TM6SF1,0.7395386634483402,0.2755458980766612,0.011,0.01,1,Memory B cell
EEF1A2,0.7398073059610417,0.19633895776720234,0.01,0.009,1,Memory B cell
FGF11,0.7402628273498102,-0.13066690295953354,0.012,0.013,1,Memory B cell
KIF11,0.741301460372745,-4.421219371784173,0.031,0.029,1,Memory B cell
FAM167A,0.7425242604115572,0.47070084909872634,0.02,0.018,1,Memory B cell
ZNF385A,0.742562847163887,-0.12342583624176795,0.064,0.067,1,Memory B cell
SLC9A1,0.7434051746532675,0.214501362167842,0.099,0.097,1,Memory B cell
CYP51A1,0.7437975791666647,-0.1544364394277776,0.133,0.133,1,Memory B cell
SNRPE,0.743834488072221,-0.72638309407939206,0.303,0.299,1,Memory B cell
B9D1,0.74400025234663,-0.36049085134834913,0.021,0.022,1,Memory B cell
BET1L,0.7440592083787101,0.12319328076194008,0.323,0.321,1,Memory B cell
FMNL2,0.7443901519906255,-0.2681320109210392,0.029,0.03,1,Memory B cell
SCLT1,0.7447194722163389,-0.3189151613842522,0.247,0.245,1,Memory B cell
POMGNT2,0.7449226113819413,0.1665989093159972,0.017,0.015,1,Memory B cell
ASIC3,0.7451126119000936,-0.19356491195043546,0.01,0.011,1,Memory B cell
CD70,0.74568099692384,-0.9573169500825034,0.098,0.097,1,Memory B cell
ZBED4,0.7457039233053303,-0.10771772685729708,0.141,0.144,1,Memory B cell
AP4M1,0.7457892978323691,0.16336456670796418,0.04,0.038,1,Memory B cell
PRDM1,0.7459958869594383,-18.761435452731284,0.052,0.053,1,Memory B cell
MBNL3,0.7460164466987657,-0.14990343566440312,0.479,0.477,1,Memory B cell
NACC2,0.7461033766553793,-0.18473447182182134,0.013,0.014,1,Memory B cell
GTF3C4,0.7463502132003953,-0.12569332913153186,0.069,0.071,1,Memory B cell
RTL8A,0.7475261964457853,-0.11576478033864035,0.016,0.017,1,Memory B cell
GRAMD1B,0.7479668437131781,0.32137870734055696,0.01,0.01,1,Memory B cell
PTGER2,0.7491465586058956,-0.789176608883784,0.014,0.014,1,Memory B cell
G0S2,0.7498185551432655,-7.550996796173527,0.016,0.016,1,Memory B cell
JUP,0.751191763673796,0.7446550171623363,0.32,0.322,1,Memory B cell
TMEM44,0.7514900080888954,-0.1790786099064552,0.026,0.025,1,Memory B cell
IP6K2,0.7517698693150849,-0.14572693932459035,0.22,0.226,1,Memory B cell
CYB5D1,0.752418341472816,0.10868255446655439,0.02,0.019,1,Memory B cell
RAB37,0.7525742670349268,1.6221157534081314,0.272,0.273,1,Memory B cell
TMPRSS13,0.7528539675504045,-0.2529314341444753,0.016,0.016,1,Memory B cell
NOC4L,0.753273548551064,-0.11352401855823224,0.092,0.094,1,Memory B cell
RTN3,0.7544033635043498,-0.6908115610524046,0.236,0.238,1,Memory B cell
GPATCH4,0.7549414300428643,0.306585098426562,0.172,0.169,1,Memory B cell
BCL7C,0.7562426916149718,0.1424729419100233,0.248,0.251,1,Memory B cell
IGF2R,0.7567962792362226,-0.1852803843569495,0.168,0.17,1,Memory B cell
KPNB1,0.7568668777739364,-0.24245239412313704,0.326,0.324,1,Memory B cell
FANCA,0.7569807164042193,1.4582663240909324,0.022,0.021,1,Memory B cell
TENT5A,0.7571189728413089,-0.28371535493353095,0.069,0.067,1,Memory B cell
DNAJC15,0.7571589785166591,-4.959293383333769,0.425,0.424,1,Memory B cell
MAP2K1,0.7573800998104742,0.20057871469837885,0.475,0.474,1,Memory B cell
MSRB2,0.7579166144020728,-0.11280457828441337,0.045,0.046,1,Memory B cell
E2F3,0.759635931280452,-0.1477192521951194,0.072,0.074,1,Memory B cell
GDI1,0.759669662254258,0.1697961568702302,0.451,0.447,1,Memory B cell
KLK1,0.760057349287609,8.891489588747275,0.14,0.138,1,Memory B cell
CCDC171,0.7601513964046256,0.12297799070812543,0.033,0.031,1,Memory B cell
SCRN1,0.7607779335967934,0.37509383808704966,0.503,0.5,1,Memory B cell
HSPH1,0.7619214738682366,1.1730821535031937,0.398,0.401,1,Memory B cell
CSKMT,0.7627027847413549,-0.10286310462372583,0.021,0.02,1,Memory B cell
C5AR2,0.763195666010257,-0.16781971026245568,0.017,0.017,1,Memory B cell
ZNF101,0.7633380032259596,-0.11371720545107866,0.312,0.314,1,Memory B cell
HOXB4,0.7634025374197513,-0.17472094092768975,0.034,0.035,1,Memory B cell
RTCA,0.7638953192146455,-0.12123175730368896,0.191,0.193,1,Memory B cell
PPP1R9A,0.7645978343779041,-0.28889930929349905,0.023,0.022,1,Memory B cell
GABPA,0.7655466369750967,-0.24807891411208688,0.317,0.318,1,Memory B cell
FER,0.766755253010718,0.7919701959823385,0.279,0.284,1,Memory B cell
CCDC163,0.7667588871003842,-0.10347676308379405,0.019,0.02,1,Memory B cell
UBASH3B,0.7673334751054943,-3.8341374790243,0.037,0.036,1,Memory B cell
HERC5,0.7674484088267948,2.9318843903082703,0.095,0.097,1,Memory B cell
TRAM2,0.7676917682609244,0.12092673262464526,0.162,0.162,1,Memory B cell
DNPH1,0.7682295332752997,-0.2463171014115122,0.128,0.126,1,Memory B cell
MZF1,0.7682524691621658,0.11241143653623542,0.022,0.021,1,Memory B cell
RB1,0.7683428812955211,-0.23988117825849953,0.496,0.494,1,Memory B cell
JMJD1C,0.76910514189846,1.1781313729030778,0.794,0.791,1,Memory B cell
SRRM2,0.7691640662858672,0.13229887898335757,0.224,0.22,1,Memory B cell
SFMBT2,0.7696352942988918,0.11244224556266269,0.151,0.149,1,Memory B cell
SPACDR,0.7697340997298362,-0.24768940173915777,0.017,0.018,1,Memory B cell
STYX,0.7700658147012664,-0.13250718604764583,0.319,0.322,1,Memory B cell
PLK2,0.7701323480828798,0.42766320277081427,0.01,0.01,1,Memory B cell
RMI2,0.7711038570531527,-0.13324560431198051,0.045,0.045,1,Memory B cell
IFRD1,0.7717057542837377,-0.23718323714561115,0.284,0.288,1,Memory B cell
DHCR24,0.7722692955326771,0.19086249710269332,0.042,0.042,1,Memory B cell
CLDND2,0.7724086552378887,0.12335482789441965,0.025,0.025,1,Memory B cell
CYSLTR1,0.772461038175029,0.17429121040106965,0.403,0.4,1,Memory B cell
RNF169,0.7726595261017752,-0.16818387713204658,0.274,0.279,1,Memory B cell
FAM241A,0.7732143167144062,0.13653922574883204,0.025,0.023,1,Memory B cell
NUFIP1,0.7735625913414356,0.12567956872950825,0.053,0.053,1,Memory B cell
RAD51,0.7736370031150611,0.6138190880976468,0.014,0.016,1,Memory B cell
GPR155,0.7744152725724913,0.10128868012971859,0.036,0.035,1,Memory B cell
STT3B,0.7756741517769535,0.2319650941144662,0.511,0.508,1,Memory B cell
DGKG,0.7761307707004488,-0.5236348787015639,0.054,0.054,1,Memory B cell
ZNF517,0.7768054829993961,0.11011676978923823,0.028,0.026,1,Memory B cell
HSPD1,0.7772005973252065,31.46283789543833,0.327,0.324,1,Memory B cell
TINF2,0.7773058022209758,0.17160688710734506,0.45,0.448,1,Memory B cell
ZNF280D,0.7773432592607783,0.13449468202120296,0.347,0.344,1,Memory B cell
ZNF92,0.7781079942264458,-0.44024937118555396,0.452,0.448,1,Memory B cell
SLC2A13,0.7781172535441048,-0.13280468957487068,0.071,0.073,1,Memory B cell
FCGRT,0.778184916541095,0.5481719257334972,0.225,0.228,1,Memory B cell
MSH6,0.7787596261929083,0.9457200119356161,0.176,0.179,1,Memory B cell
PRPF38A,0.7788074531128284,-0.8710091725255814,0.338,0.345,1,Memory B cell
ATP6V0A1,0.779294562811217,0.13932442202104556,0.149,0.147,1,Memory B cell
CPVL,0.7798129783358636,0.14060305353225466,0.029,0.027,1,Memory B cell
AIFM3,0.7800970124186583,0.1877180174494768,0.02,0.019,1,Memory B cell
ALDH6A1,0.78031071636349425,0.10074805037961809,0.112,0.111,1,Memory B cell
AIMP2,0.7806513376196447,0.414640946492721,0.109,0.107,1,Memory B cell
RDH5,0.7808236643164688,-0.19124269914239722,0.024,0.026,1,Memory B cell
STK17B,0.7810208935710365,-10.625584870464344,0.94,0.939,1,Memory B cell
CDAN1,0.7812536783309476,0.12094875834558838,0.061,0.058,1,Memory B cell
DYNLRB1,0.7823987898887397,0.4459287422911393,0.403,0.402,1,Memory B cell
CCT5,0.7832247705563914,-0.20869264567969836,0.181,0.183,1,Memory B cell
GTPBP2,0.7837913912085314,0.11723955306061588,0.264,0.268,1,Memory B cell
MAD2L1,0.7839036011117079,-0.8900842212163154,0.036,0.035,1,Memory B cell
PPP2R3C,0.785146144965304,-0.15080830469209272,0.225,0.222,1,Memory B cell
FCER2,0.7855149416804239,11.9230222001983,0.358,0.367,1,Memory B cell
WAPL,0.7861800792042782,0.18429810340337982,0.373,0.375,1,Memory B cell
TRPV1,0.7868865191885706,0.191254175442495,0.065,0.068,1,Memory B cell
PYGM,0.7872122221275661,-0.14071651058210932,0.037,0.038,1,Memory B cell
SLC25A37,0.7872513690292434,-0.33807344121185134,0.22,0.218,1,Memory B cell
ABHD17C,0.7881539205038064,0.12108187946639859,0.013,0.012,1,Memory B cell
ZNF804A,0.7885825695497264,-0.2393364506103759,0.029,0.029,1,Memory B cell
IDE,0.7888472369540146,0.10874936577691052,0.121,0.12,1,Memory B cell
ESAM,0.7890863501360981,-0.17521782780768458,0.016,0.017,1,Memory B cell
MORN2,0.7891414955726336,0.10879861665761315,0.017,0.016,1,Memory B cell
CASP9,0.7891532704681673,0.10647958443216332,0.155,0.154,1,Memory B cell
POLRMT,0.7895565890399858,-0.1267559907186726,0.01,0.011,1,Memory B cell
FAM81A,0.7897553778031455,-0.26525783833399963,0.014,0.013,1,Memory B cell
NSMCE1,0.7901099993861525,4.190474222766493,0.25,0.246,1,Memory B cell
BAX,0.7902006610158552,1.4212557522001052,0.552,0.549,1,Memory B cell
GHRL,0.7903399961111887,0.1489166958396293,0.011,0.01,1,Memory B cell
AK8,0.7906458736512325,6.633092408460988,0.064,0.059,1,Memory B cell
ZFP69B,0.7908063841571931,0.13130682276205796,0.031,0.029,1,Memory B cell
PSMA1,0.7909202939251055,-0.14129054050085155,0.131,0.133,1,Memory B cell
NMI,0.7914555263916185,-1.885192056287766,0.323,0.321,1,Memory B cell
RAD21,0.7919808358441304,0.9474984481734279,0.342,0.343,1,Memory B cell
PITPNC1,0.7920559270798588,2.4555221325586754,0.139,0.137,1,Memory B cell
SYT1,0.792153801287386,-0.12329627379269459,0.028,0.028,1,Memory B cell
C1GALT1,0.7924551006868582,0.12591475779552563,0.285,0.285,1,Memory B cell
PCLAF,0.7925544026775053,0.977634584950851,0.012,0.011,1,Memory B cell
PUM2,0.7932623414920457,-0.3101555455336791,0.608,0.611,1,Memory B cell
UQCRHL,0.7932682608185808,0.285453925783826,0.014,0.013,1,Memory B cell
UFC1,0.7940851016772383,-1.8535389182452002,0.421,0.427,1,Memory B cell
GMNN,0.794128631436597,0.13480086902254484,0.044,0.045,1,Memory B cell
CD63,0.794446321693522,-0.253081970382918,0.169,0.172,1,Memory B cell
ZNF496,0.794540027423047,0.1255565061900601,0.049,0.047,1,Memory B cell
TSPYL4,0.7947746275978478,-0.10172384577122706,0.09,0.089,1,Memory B cell
MAPK8IP3,0.7948463205325131,0.754756196521396,0.423,0.425,1,Memory B cell
TMUB2,0.7952041688861623,0.17560604599331264,0.422,0.42,1,Memory B cell
DAPK2,0.7953151117503533,-0.153383169038515,0.095,0.096,1,Memory B cell
IL4R,0.7955470848517857,-0.2897350969540615,0.049,0.047,1,Memory B cell
SIRT3,0.7957751959194254,0.1740634662413285,0.091,0.09,1,Memory B cell
ATP6V1G1,0.795910345356008,-0.1053684673208728,0.516,0.514,1,Memory B cell
NCF2,0.7961278857483667,-0.1500448058243684,0.114,0.113,1,Memory B cell
MT-ND4L,0.7963438721026985,-0.3478403965765007,0.31,0.315,1,Memory B cell
ZMAT3,0.7964956432680278,0.41965938365768424,0.192,0.191,1,Memory B cell
UBE2Q2,0.7970066955621962,-0.44165332586359174,0.31,0.307,1,Memory B cell
TBC1D8B,0.798042622764195,-0.14574100752401353,0.026,0.026,1,Memory B cell
SNX15,0.7980975589092689,-0.37807198016188126,0.223,0.222,1,Memory B cell
ERI3,0.798935514165595,-0.1666510054383149,0.176,0.174,1,Memory B cell
BMAL2,0.7992500552695756,-0.49802379161104904,0.021,0.02,1,Memory B cell
WRAP73,0.7994023490028856,0.10290548728129223,0.141,0.138,1,Memory B cell
NUDT16,0.7998408044682951,-0.11640335724944251,0.113,0.111,1,Memory B cell
FBXW9,0.8004778090175183,0.11147520608628891,0.011,0.011,1,Memory B cell
CKS2,0.8008941470345246,-21.084983276828446,0.096,0.094,1,Memory B cell
EPHB6,0.8011482774795224,1.6129017321562196,0.298,0.297,1,Memory B cell
XPO1,0.8013302280779083,0.5436031700609147,0.391,0.393,1,Memory B cell
PRPF4B,0.8016778441657479,0.31820342046496375,0.55,0.547,1,Memory B cell
POLA2,0.8019726595502978,-0.7965524117961259,0.128,0.126,1,Memory B cell
COA6,0.8033954756201568,0.11025712235443397,0.128,0.128,1,Memory B cell
PNRC2,0.8042443319622131,0.16165491284208677,0.59,0.589,1,Memory B cell
CYBB,0.8042690570648677,-11.399169521430618,0.824,0.824,1,Memory B cell
UBAP2L,0.8044221939079957,-0.11633784758627597,0.535,0.536,1,Memory B cell
IMMP2L,0.804768634854039,-0.4937075664141526,0.426,0.423,1,Memory B cell
FKBP11,0.8048526384397072,1.1686377507675831,0.193,0.194,1,Memory B cell
HRK,0.8054508216718366,0.34966969729705266,0.074,0.074,1,Memory B cell
SUV39H2,0.805778836697258,0.23084183924879298,0.011,0.011,1,Memory B cell
LRRFIP2,0.8062819759246581,0.1352462626643537,0.204,0.206,1,Memory B cell
PRR5L,0.8062970015610231,-0.13061077843174473,0.01,0.01,1,Memory B cell
BST2,0.807909766283778,-0.31084153012602833,0.479,0.483,1,Memory B cell
DIDO1,0.8086656110613779,0.20957812702743728,0.486,0.483,1,Memory B cell
WIPI1,0.8097919475881981,-0.31897750435591554,0.019,0.018,1,Memory B cell
UBE2D3,0.809875795811913,0.2935798552309872,0.645,0.646,1,Memory B cell
KHK,0.8100646482979723,-0.10545838261939533,0.013,0.014,1,Memory B cell
ITPR3,0.8111813320080582,0.1138596542154805,0.349,0.352,1,Memory B cell
CEBPD,0.8113620475041731,4.774353017500969,0.03,0.029,1,Memory B cell
H2AZ1,0.8119262150563028,3.549051340022058,0.169,0.169,1,Memory B cell
LRRC59,0.8131758935084414,-0.10364524854790552,0.255,0.253,1,Memory B cell
NRROS,0.8139183569862173,0.1366065522120522,0.262,0.261,1,Memory B cell
ISY1,0.8140676378449541,-0.1517049842251016,0.292,0.291,1,Memory B cell
ZNF300,0.8163944994258965,0.11084091484844594,0.056,0.054,1,Memory B cell
RHPN1,0.8173438443563257,0.11402351715443526,0.025,0.024,1,Memory B cell
KCNMB4,0.8174650990952205,0.17964846388196776,0.013,0.012,1,Memory B cell
CDYL,0.8174907740944114,-0.17120942624851299,0.178,0.176,1,Memory B cell
TADA3,0.8177836898207995,0.9500714358659781,0.209,0.212,1,Memory B cell
FBRS,0.817819104515396,0.27529731705347915,0.45,0.448,1,Memory B cell
TRIM2,0.818106899949743,-0.1451905588062692,0.016,0.017,1,Memory B cell
SF3B6,0.8183622587366877,-0.4531454092168967,0.222,0.227,1,Memory B cell
MYL12A,0.8187637321907238,0.35983732825248316,0.379,0.378,1,Memory B cell
VAV3,0.819888161018351,-0.16298881526158887,0.252,0.257,1,Memory B cell
WDFY1,0.8203249105215594,2.62800712829285,0.335,0.339,1,Memory B cell
TMEM183A,0.8211838358795858,0.11433158043380454,0.406,0.404,1,Memory B cell
DNAJC21,0.8213075294621183,-0.12167059990012585,0.356,0.359,1,Memory B cell
COX17,0.8217561582141075,-0.11585826987911552,0.187,0.189,1,Memory B cell
PCBP3,0.8218646117366691,0.24503280982883435,0.014,0.012,1,Memory B cell
BRCA1,0.8235831746997149,0.11298615106245746,0.023,0.025,1,Memory B cell
OXCT1,0.8252810222219957,0.1533209440907386,0.242,0.241,1,Memory B cell
TMEM131,0.8277315284133533,-0.6572930662758716,0.514,0.516,1,Memory B cell
DCTN2,0.8279006225294585,0.8395009722941973,0.35,0.348,1,Memory B cell
SPOCK2,0.8285752964893595,0.4853086311591932,0.492,0.487,1,Memory B cell
AKR1A1,0.8291278660314683,-0.25358664619287463,0.291,0.289,1,Memory B cell
CXCR5,0.8292033951621958,1.1582053424809509,0.551,0.547,1,Memory B cell
ARL6IP1,0.8295018623736211,-6.415932257400346,0.331,0.331,1,Memory B cell
SOX5,0.8302067068810088,-2.012570123878115,0.212,0.216,1,Memory B cell
BMP8B,0.8305917709473583,-0.5298038256302924,0.033,0.036,1,Memory B cell
PPP1R15B,0.8316289238001071,0.12650283777246019,0.46,0.461,1,Memory B cell
PRC1,0.8323892872356036,-0.10347813108283788,0.021,0.022,1,Memory B cell
NDRG2,0.8330674074867161,-0.21475008872550827,0.022,0.022,1,Memory B cell
OST4,0.834702211684941,2.346744755906273,0.495,0.496,1,Memory B cell
ALG14,0.8351636778204193,0.1069322486794726,0.061,0.06,1,Memory B cell
GNB1,0.8365705504918353,0.5005555610507293,0.448,0.454,1,Memory B cell
RBM15,0.8393636737319508,-0.41735910811127885,0.531,0.531,1,Memory B cell
IL18BP,0.8412065860443134,0.10161648887177832,0.196,0.194,1,Memory B cell
RNF7,0.8423377332520534,-1.2588717984702817,0.468,0.471,1,Memory B cell
CENPU,0.843087106924898,0.5694509397056002,0.015,0.014,1,Memory B cell
LONRF1,0.8433254523436245,1.77094660400792,0.305,0.303,1,Memory B cell
RARA,0.8440675532171555,-0.440122393804963,0.295,0.293,1,Memory B cell
EMC9,0.8440869120980217,0.11661895492982977,0.063,0.064,1,Memory B cell
EIF2AK3,0.8449548037457207,0.48176705663294195,0.311,0.315,1,Memory B cell
BTG2,0.8458455924884093,-16.27099064511576,0.88,0.884,1,Memory B cell
UTS2,0.8460198914412068,0.7125974151135717,0.011,0.009,1,Memory B cell
SEC23IP,0.8464212937463904,-0.3778384417861572,0.297,0.299,1,Memory B cell
C20orf96,0.8469580470958858,-0.11424196684390298,0.035,0.038,1,Memory B cell
RELT,0.8484962399984249,-0.36366270762142094,0.36,0.36,1,Memory B cell
TMEM150A,0.8496764085211355,-0.13154951547693772,0.041,0.043,1,Memory B cell
USP1,0.8507394630919423,-1.904128581626051,0.358,0.357,1,Memory B cell
C5AR1,0.8509634599948207,0.10262623839517548,0.013,0.013,1,Memory B cell
SLC29A3,0.8512115145165062,0.1872519482998185,0.044,0.043,1,Memory B cell
OTUB1,0.8529244741667618,0.11563296923124922,0.39,0.39,1,Memory B cell
CARHSP1,0.8530520975110587,0.5422454076976364,0.142,0.141,1,Memory B cell
AP3D1,0.853206713238746,-0.18480940068607632,0.312,0.311,1,Memory B cell
MARCKS,0.8536444615039733,-1.4142111819579348,0.636,0.641,1,Memory B cell
ZNF106,0.8539204980538093,-0.10507909056027778,0.298,0.297,1,Memory B cell
NR1H3,0.8539253158399286,-0.1641955132477131,0.02,0.021,1,Memory B cell
ID2,0.854247714061019,0.11047464726749912,0.027,0.027,1,Memory B cell
NCOA3,0.8555317384499781,9.92126204804677,0.842,0.841,1,Memory B cell
PLPP3,0.8562239388206024,-4.2590224226943265,0.087,0.09,1,Memory B cell
OR2L3,0.8566524121445616,-0.2502226362195792,0.016,0.017,1,Memory B cell
HARS1,0.8568510903897785,-0.2025742733635989,0.199,0.201,1,Memory B cell
CYFIP1,0.8575456238552721,-0.16591466048765335,0.063,0.065,1,Memory B cell
COPS2,0.8578622474613757,0.20872801293348486,0.419,0.42,1,Memory B cell
PLCH2,0.8581119033703276,0.2497087322677336,0.012,0.011,1,Memory B cell
GRIK3,0.8584912741689327,3.829691894263937,0.012,0.012,1,Memory B cell
SLC35G1,0.8588217822124136,0.1036820721565812,0.014,0.013,1,Memory B cell
FEN1,0.8598494632369743,0.28694594975170995,0.064,0.062,1,Memory B cell
CST3,0.8604283954622456,-0.11747703066523663,0.061,0.061,1,Memory B cell
MCM3AP,0.8610853146393612,0.3353935865113769,0.333,0.338,1,Memory B cell
CYB561,0.8613417498992615,0.13200599628018583,0.01,0.009,1,Memory B cell
CCDC69,0.8618255053844074,0.5235975040365415,0.472,0.472,1,Memory B cell
ISG15,0.8622352602997572,44.234859720590826,0.195,0.193,1,Memory B cell
PRMT5,0.8628913026897506,-0.11114703935139225,0.023,0.024,1,Memory B cell
CDCA7,0.8629050531615186,5.734287199319715,0.031,0.031,1,Memory B cell
DGKZ,0.8634671609051565,0.11646961137209111,0.02,0.019,1,Memory B cell
ENG,0.8637270367458163,0.17126683671394227,0.033,0.034,1,Memory B cell
GYG1,0.8648810481083136,-0.3650034191382805,0.111,0.111,1,Memory B cell
CLN3,0.8667741971672669,0.11917021346446344,0.083,0.084,1,Memory B cell
HMOX1,0.8674221569182076,-0.41179528211010386,0.171,0.173,1,Memory B cell
UBE2L6,0.8674521910324635,0.5578350456181755,0.365,0.361,1,Memory B cell
TUBA1C,0.8689265052453952,-2.38917225325145,0.106,0.11,1,Memory B cell
PALB2,0.8690828877152373,0.13104901086872278,0.075,0.074,1,Memory B cell
SNED1,0.8701075562270086,0.11842532525816951,0.038,0.039,1,Memory B cell
E2F2,0.8715022518192995,0.18414716423890543,0.019,0.019,1,Memory B cell
TGFB3,0.8715829843505496,-0.11283178542046635,0.023,0.024,1,Memory B cell
GLI1,0.8719351190744189,-0.12950903354838506,0.013,0.014,1,Memory B cell
ASF1B,0.8719352680447704,0.34427550450495836,0.017,0.016,1,Memory B cell
RBMX,0.8720270782895637,0.14162167508519746,0.361,0.361,1,Memory B cell
ARHGAP18,0.8725952497920674,-0.11441932249986864,0.087,0.087,1,Memory B cell
EMC7,0.8738563524557751,-0.24564170197140545,0.312,0.311,1,Memory B cell
SLC12A8,0.8743132637004383,1.5407687367110918,0.01,0.011,1,Memory B cell
EIF2D,0.8750610782578462,-0.10058643222747843,0.279,0.279,1,Memory B cell
AMD1,0.8750712617046493,0.7775670350966399,0.279,0.278,1,Memory B cell
PTOV1,0.8754858242696507,-0.2907536207452452,0.281,0.285,1,Memory B cell
MED24,0.8763485502331185,0.11502469995390519,0.266,0.264,1,Memory B cell
PECAM1,0.8764202773629186,-8.155111927843587,0.304,0.305,1,Memory B cell
FAM89B,0.8767177430321039,-0.1248271614348273,0.154,0.158,1,Memory B cell
ASCL2,0.8772502641916159,-0.706658162231113,0.02,0.02,1,Memory B cell
TSPAN17,0.8778010152770905,0.7889586013210688,0.065,0.063,1,Memory B cell
TMEM273,0.8779055148888878,1.3713286819642034,0.234,0.239,1,Memory B cell
C3orf33,0.8780161963970454,0.1310005258569764,0.024,0.023,1,Memory B cell
GZMB,0.8783798988064604,-2.1521943981414036,0.016,0.016,1,Memory B cell
MUC16,0.8798497935347394,1.2399886078941316,0.014,0.014,1,Memory B cell
PDE1B,0.8800053074149982,0.12056377450217237,0.028,0.027,1,Memory B cell
MTARC2,0.8801217276079094,0.13082743501290572,0.053,0.05,1,Memory B cell
TSN,0.880806278843242,0.12415981744117494,0.289,0.29,1,Memory B cell
DONSON,0.8808996073610396,0.19019596106399472,0.052,0.052,1,Memory B cell
DDX18,0.8817238694421223,0.7561748268433592,0.454,0.459,1,Memory B cell
EZR,0.8821630842215608,-1.3944373405124324,0.954,0.955,1,Memory B cell
TUBB4B,0.8823277536315955,-7.623233414213784,0.167,0.17,1,Memory B cell
RNF43,0.8829348358684517,0.10221741408215212,0.018,0.018,1,Memory B cell
SAMD12,0.8843833944594792,0.1558092913231639,0.152,0.152,1,Memory B cell
ADO,0.8874756117127318,-0.14266930047150295,0.062,0.064,1,Memory B cell
CARMIL2,0.8881947773045447,-0.2162150596328689,0.531,0.532,1,Memory B cell
LZTFL1,0.8883562968546052,-0.29033503399069005,0.132,0.133,1,Memory B cell
MEF2C,0.8884555499225666,3.2260001726660423,0.658,0.657,1,Memory B cell
MCM6,0.8885202156542565,-6.5456159204775,0.098,0.096,1,Memory B cell
INPP5E,0.8904200688876781,-0.10029163289475496,0.133,0.135,1,Memory B cell
GNB5,0.8905458744229002,-1.858586398218871,0.533,0.533,1,Memory B cell
NUDT8,0.8914035190613827,-0.10862859282184889,0.021,0.021,1,Memory B cell
SRSF8,0.8923116873495989,0.599012629518936,0.48,0.477,1,Memory B cell
VEGFA,0.893230538047298,-0.11378018037624216,0.01,0.01,1,Memory B cell
PTPRE,0.8938136741791085,-0.14010723990656682,0.091,0.094,1,Memory B cell
KLF4,0.8944560415385119,-0.4890361795507201,0.021,0.021,1,Memory B cell
PUS1,0.8951882032683778,-0.108171370626852,0.356,0.354,1,Memory B cell
KIF16B,0.8952470373626616,-0.18769272261757586,0.158,0.157,1,Memory B cell
SF3A2,0.8956104630126761,0.1499238828049636,0.413,0.415,1,Memory B cell
TIAM2,0.8967497149758009,-0.10366208746801053,0.029,0.027,1,Memory B cell
CCR1,0.8970159476951136,1.5317073473864427,0.016,0.015,1,Memory B cell
FASN,0.8977594327198202,2.060353145843491,0.082,0.081,1,Memory B cell
SPSB1,0.8983879492598356,0.40573027514422755,0.026,0.025,1,Memory B cell
ZDHHC20,0.8994892166340287,-0.16652340798709941,0.354,0.357,1,Memory B cell
HBEGF,0.9009264839067316,0.12032984896957455,0.015,0.015,1,Memory B cell
BTBD8,0.9010648122941644,-0.2063029859469081,0.026,0.027,1,Memory B cell
GNAQ,0.9013988803977788,-1.6155742028522586,0.015,0.016,1,Memory B cell
BNIP2,0.9021506836979578,-0.11365753135102352,0.593,0.594,1,Memory B cell
SLC43A2,0.9021543648187624,-3.4515300649771308,0.262,0.261,1,Memory B cell
SELENOH,0.9032238609383428,4.016074418679069,0.678,0.678,1,Memory B cell
TIAL1,0.9035202975302679,-0.21444896495706844,0.583,0.581,1,Memory B cell
ANAPC11,0.9045316605893731,0.2314031225443538,0.336,0.338,1,Memory B cell
AFF1,0.9049460937647146,0.13542853930229426,0.31,0.312,1,Memory B cell
SEPTIN8,0.9070580299935225,-0.16859189510997696,0.024,0.025,1,Memory B cell
TAF7,0.9071978709333772,0.8010588686742182,0.732,0.73,1,Memory B cell
VAMP2,0.9088651233316122,-0.28146540432805134,0.573,0.574,1,Memory B cell
MT2A,0.9102402489995617,0.16818100481416254,0.041,0.041,1,Memory B cell
RAD23B,0.9102496829307072,0.7831710576691668,0.294,0.295,1,Memory B cell
ZNF182,0.9114746155911985,0.26095285136072865,0.143,0.142,1,Memory B cell
SMPD2,0.9120256830572869,-0.218277290660368,0.194,0.193,1,Memory B cell
RCN3,0.9128848475706235,-0.22284303659069593,0.013,0.013,1,Memory B cell
NCR3,0.9134569223715506,-0.14535024051798068,0.18,0.18,1,Memory B cell
TPP1,0.9143725498547736,1.4140998568804957,0.519,0.524,1,Memory B cell
RAB11FIP1,0.9152205329003613,-4.634657332821105,0.282,0.287,1,Memory B cell
ILF2,0.9160445813270706,0.12046744591105883,0.264,0.266,1,Memory B cell
H1-2,0.916195629833123,-109.5942983580184,0.855,0.855,1,Memory B cell
AP1S3,0.9163283287061313,-0.1760821013055982,0.423,0.425,1,Memory B cell
COA8,0.9180910519320752,-0.1333817049720436,0.156,0.156,1,Memory B cell
OSBPL11,0.9180929697759433,-0.21338699997527816,0.276,0.276,1,Memory B cell
CBX4,0.9187708666081218,-1.7409677422878542,0.469,0.467,1,Memory B cell
STRAP,0.9188635704994269,2.095949078769456,0.344,0.349,1,Memory B cell
LARGE2,0.9189444443330762,-0.17934888065744164,0.217,0.215,1,Memory B cell
MECP2,0.9190799068119848,0.128316271192356,0.33,0.328,1,Memory B cell
ALKBH5,0.9197218204457225,0.2119745194572864,0.461,0.46,1,Memory B cell
FAM110A,0.9204753007608287,-0.11168337341115153,0.033,0.034,1,Memory B cell
ANP32B,0.9206245334411216,3.6112679516430877,0.313,0.313,1,Memory B cell
CYLD,0.9206281994579533,0.59126303717838,0.586,0.584,1,Memory B cell
LUC7L,0.9207576177149003,0.3912402647229096,0.544,0.546,1,Memory B cell
WDR26,0.9225074511360521,0.48306666894256534,0.555,0.558,1,Memory B cell
HGS,0.9240085559147759,-0.19176874273374755,0.419,0.418,1,Memory B cell
BMI1,0.9241869860697137,-0.8338807147513312,0.502,0.499,1,Memory B cell
TBC1D9,0.9249547229684736,0.11734747035876225,0.682,0.684,1,Memory B cell
HK3,0.9251748120027189,-1.3278265244543488,0.012,0.012,1,Memory B cell
CLEC4C,0.9264957111556674,-0.74291593924803,0.017,0.018,1,Memory B cell
IFIT3,0.9276230392382817,-5.710157067293018,0.072,0.072,1,Memory B cell
LTB,0.9280527879869288,-12.933796084638828,0.949,0.949,1,Memory B cell
UBE2E1,0.9283260260847447,-0.2569829669665637,0.285,0.283,1,Memory B cell
NDUFAF3,0.9286869630231497,2.580003094340789,0.262,0.26,1,Memory B cell
PPP6R3,0.9287103930811317,0.16158561935242688,0.388,0.392,1,Memory B cell
MBTPS1,0.9292517685288187,0.2206311388950527,0.405,0.408,1,Memory B cell
RABGEF1,0.9292771647766708,0.21050708430060017,0.235,0.233,1,Memory B cell
LMBR1L,0.929841817201505,-0.10808749511223831,0.237,0.236,1,Memory B cell
UFL1,0.9301122083829174,0.10060763799861383,0.131,0.13,1,Memory B cell
MARK1,0.9302811270522597,-0.3040304388462731,0.015,0.015,1,Memory B cell
ACADVL,0.9305100401287276,2.533971582710609,0.343,0.349,1,Memory B cell
ZBTB7B,0.9317627676179023,0.1414201540409714,0.384,0.387,1,Memory B cell
ANPEP,0.9319883948026758,-0.6206295784372609,0.014,0.013,1,Memory B cell
MYL6B,0.9322022057700848,-0.12129198745464453,0.073,0.076,1,Memory B cell
MAX,0.9324079750810965,0.19705016876376202,0.747,0.747,1,Memory B cell
TRIQK,0.9324431358454702,-0.39146550438911687,0.037,0.038,1,Memory B cell
NFE2L1,0.9325131062279264,1.1916475478530268,0.3,0.302,1,Memory B cell
CALM1,0.9327791258451371,1.4288737942465306,0.523,0.526,1,Memory B cell
STMN1,0.9343256862167335,-9.654756151678288,0.049,0.048,1,Memory B cell
RSRP1,0.9361049904864336,3.1049050332482597,0.874,0.877,1,Memory B cell
GTPBP1,0.9371922985658596,9.158281698630507,0.471,0.472,1,Memory B cell
C1orf115,0.9385961158104282,0.13338248849291423,0.037,0.036,1,Memory B cell
TFDP1,0.9389461384408705,0.8330421937708123,0.211,0.212,1,Memory B cell
KCNMA1,0.9397908924663783,0.3641882950928972,0.01,0.009,1,Memory B cell
GALNT6,0.939914411471866,0.11176017541389438,0.019,0.02,1,Memory B cell
SERBP1,0.9403151600737946,-1.3095344312463517,0.508,0.508,1,Memory B cell
ZNF582,0.9406522676773368,-0.10601193640106565,0.043,0.042,1,Memory B cell
IK,0.9407109152302761,-0.7794326046207145,0.418,0.42,1,Memory B cell
GSK3B,0.9412570304054403,0.14184348126714696,0.38,0.381,1,Memory B cell
NTNG1,0.941517283107532,2.827928618536634,0.066,0.068,1,Memory B cell
SOX4,0.9415471808457306,-0.43225176172028634,0.047,0.047,1,Memory B cell
TSPAN13,0.9418334552600458,0.30617456779515395,0.329,0.328,1,Memory B cell
RAB8A,0.9426256174104198,-0.34175857171960833,0.515,0.517,1,Memory B cell
BCAT1,0.9427500809644984,0.2110114283069029,0.02,0.02,1,Memory B cell
USP18,0.9428211205999824,0.8246132810615694,0.019,0.018,1,Memory B cell
PLA2G4C,0.9432294537297367,-0.2239850879630252,0.05,0.049,1,Memory B cell
ERG28,0.9439965948605465,-0.10970014745647605,0.19,0.192,1,Memory B cell
PSMA4,0.9457154075440635,-0.16262052270151583,0.282,0.282,1,Memory B cell
EIF4B,0.9471976446787859,0.25107146606274355,0.68,0.68,1,Memory B cell
TOMM22,0.9476694183007076,0.11844898194069398,0.338,0.342,1,Memory B cell
FAM117B,0.94833955538334,0.10019460941576797,0.413,0.415,1,Memory B cell
ALCAM,0.9484053104825857,3.7130440235728517,0.248,0.247,1,Memory B cell
ARHGEF6,0.94855527745814,-0.35675888181520843,0.363,0.364,1,Memory B cell
ADA,0.9498100547213888,0.6014826911706139,0.03,0.029,1,Memory B cell
DYRK1A,0.9499632101184231,0.3621757718018541,0.575,0.574,1,Memory B cell
HIVEP3,0.9500769173282864,2.2791278781266064,0.088,0.088,1,Memory B cell
PRDM8,0.950440921859483,-0.11341496255413472,0.19,0.193,1,Memory B cell
RHOA,0.9504469692123215,-0.5240400132489818,0.722,0.723,1,Memory B cell
PRR11,0.9508044222197821,3.1613918635228924,0.027,0.027,1,Memory B cell
INSIG1,0.9510269163057438,0.18640866385632732,0.222,0.222,1,Memory B cell
BCAR3,0.9511710007180537,-0.2222058142667942,0.049,0.05,1,Memory B cell
RAB27A,0.951531374318763,-0.3723042632756219,0.143,0.143,1,Memory B cell
IKZF2,0.9523253681338207,0.32062843048587153,0.027,0.027,1,Memory B cell
TMEM169,0.9525552358449122,-0.17871644116904584,0.013,0.013,1,Memory B cell
N4BP3,0.9531782634872609,0.2575687048379663,0.178,0.178,1,Memory B cell
LSM14B,0.9544961941764519,-0.1460539512624221,0.273,0.274,1,Memory B cell
CLIC5,0.9547603961560358,0.1706088384493114,0.012,0.012,1,Memory B cell
PLCB1,0.9553048915447703,0.48217449290616177,0.014,0.013,1,Memory B cell
DTX3,0.9553707819883579,0.11845471303411603,0.025,0.024,1,Memory B cell
KIAA0408,0.9557267135680327,-0.12002692220247724,0.02,0.02,1,Memory B cell
RRM2,0.9560542960046753,8.427033760344004,0.013,0.012,1,Memory B cell
FAH,0.9580882541954239,0.14085439731900973,0.01,0.009,1,Memory B cell
BCL2A1,0.9583566294424962,4.749949834372256,0.281,0.282,1,Memory B cell
WNK1,0.959129420548816,1.1494405297147492,0.566,0.569,1,Memory B cell
MTHFD1L,0.9596176669940476,0.25084986092538086,0.063,0.063,1,Memory B cell
CEP85L,0.9612890242058564,-0.12696549070285773,0.262,0.261,1,Memory B cell
KCNJ14,0.9613371057685456,-0.14776602736214084,0.016,0.016,1,Memory B cell
CHD7,0.9618086068955474,-0.5399020504774503,0.661,0.66,1,Memory B cell
SH2D3A,0.9623982287492183,0.12400130068196691,0.119,0.119,1,Memory B cell
GFOD1,0.9630846169928555,-0.16080057481350452,0.173,0.175,1,Memory B cell
SCARB1,0.9638053953651037,0.2776452990987275,0.106,0.105,1,Memory B cell
ARHGAP11B,0.9674333464693418,-1.3274585594858752,0.056,0.056,1,Memory B cell
TMEM87B,0.9700600189255459,0.25518349988403954,0.237,0.239,1,Memory B cell
BAZ1A,0.9703975153603893,0.10482751492185696,0.261,0.263,1,Memory B cell
DTX3L,0.9711304611112198,0.16295970167554374,0.407,0.406,1,Memory B cell
MATK,0.9726721997605606,-0.177455338949688,0.015,0.015,1,Memory B cell
ENAH,0.9729849956403955,-0.10141976203536984,0.01,0.011,1,Memory B cell
TRIM45,0.9743432938046267,0.10174828677114522,0.011,0.011,1,Memory B cell
TMEM14C,0.9754067471458473,-0.24464817472877473,0.222,0.225,1,Memory B cell
LZIC,0.9754757521215852,0.49043162673722407,0.302,0.303,1,Memory B cell
ZDHHC2,0.9755350128745799,-0.14771966708882406,0.332,0.333,1,Memory B cell
SLC12A7,0.9758080822021873,0.48642354239821045,0.169,0.159,1,Memory B cell
ARHGDIA,0.9766496819091888,4.604143440435371,0.449,0.451,1,Memory B cell
NCBP1,0.9790954382846306,0.14809079872112021,0.271,0.273,1,Memory B cell
CUTA,0.9798596132365591,0.2952243484384396,0.425,0.426,1,Memory B cell
ITFG2,0.9803778523137591,-0.21261917829055582,0.335,0.335,1,Memory B cell
EXOC5,0.9804665780985012,0.2761410645738651,0.304,0.305,1,Memory B cell
PEA15,0.9805797852932205,-3.554133458521931,0.432,0.436,1,Memory B cell
CLIC4,0.9816450366175937,0.45851966697293145,0.512,0.515,1,Memory B cell
TEX9,0.9817929233773182,-8.687648912843859,0.249,0.252,1,Memory B cell
KLHDC2,0.9818226165056644,-0.17563643885403113,0.342,0.342,1,Memory B cell
TEAD2,0.9821618968910638,-0.4139028283760321,0.084,0.091,1,Memory B cell
SLC12A6,0.9823760296880236,-0.2850276682963473,0.36,0.361,1,Memory B cell
ITPR1,0.9826298559789733,-0.10837193103623566,0.562,0.56,1,Memory B cell
MBOAT7,0.9833795722902692,0.4650041378174741,0.117,0.116,1,Memory B cell
PPDPF,0.9834430178631399,-1.031231294849567,0.682,0.687,1,Memory B cell
KMT5A,0.9857312741064247,-0.11261800149349122,0.202,0.203,1,Memory B cell
CBL,0.9857604601218081,-0.11439945032759108,0.283,0.283,1,Memory B cell
DCAF12,0.9873630501098069,0.3532907126757445,0.012,0.013,1,Memory B cell
SOD2,0.9890804692920148,0.22775806882234767,0.303,0.3,1,Memory B cell
LIMS2,0.9898577980475741,12.705315317378684,0.078,0.078,1,Memory B cell
INPP5K,0.9900713629252065,0.1589236235685823,0.224,0.225,1,Memory B cell
AEBP1,0.9901889756356479,-5.218602935990774,0.137,0.139,1,Memory B cell
LSM5,0.99171016763878606,-0.1668334076796758,0.137,0.138,1,Memory B cell
AURKAIP1,0.992607712578821,-0.10001583381138085,0.234,0.235,1,Memory B cell
TOMM5,0.99323569073753,3.655316043124112,0.289,0.291,1,Memory B cell
DTX1,0.9941474240174435,0.8323539880024216,0.144,0.146,1,Memory B cell
OGFRL1,0.9942290965013985,-0.17019228809857634,0.291,0.293,1,Memory B cell
HNRNPA0,0.9945627450577791,5.235670899626865,0.702,0.704,1,Memory B cell
ZYX,0.9949294155509003,0.18000390849281145,0.144,0.145,1,Memory B cell
DUSP6,0.9959039137261354,0.3086045811810991,0.034,0.035,1,Memory B cell
PALM2AKAP2,0.9974643409607573,-1.5111274304375835,0.69,0.688,1,Memory B cell
PPP2R5E,0.9974883867798029,0.4146219075631561,0.418,0.42,1,Memory B cell
PNPLA2,0.9986466483537919,0.3411264552311799,0.641,0.643,1,Memory B cell
SON,0.9992531596947642,-0.25134834701365105,0.471,0.472,1,Memory B cell
