gene,p_val,avg_log2FC,pct.1,pct.2,p_val_adj,our_annotation
FKBP5,4.12189195320307e-93,1.0840110951648136,0.253,0.182,7.474226678743127e-89,NK cell
JUNB,2.8498293288838e-60,-10.01683608536105,0.68,0.717,5.167595522064995e-56,NK cell
CORO1A,1.810688223513083e-41,6.027494056730951,0.96,0.951,3.2833209556962735e-37,NK cell
CCND3,3.1977714976674024e-37,1.3954789846124118,0.781,0.739,5.7985190567203006e-33,NK cell
MT-ND6,3.2806029901916656e-36,-0.9349330185190317,0.527,0.486,5.948717402114548e-32,NK cell
ACTG1,4.264821247739004e-36,-1.8529585206939814,0.905,0.883,7.733400368525136e-32,NK cell
MT-CO1,8.373456419649327e-36,-73.49146155858347,0.972,0.962,1.5183588525750125e-31,NK cell
PTGDR,4.1417676726670167e-33,-0.6414625688897897,0.579,0.545,7.510267320847102e-29,NK cell
GIMAP7,5.129680397287567e-31,3.795833264438384,0.8,0.78,9.301649464401544e-27,NK cell
SLFN5,3.926592951759749e-29,-7.717708749031958,0.858,0.833,7.1200909994259535e-25,NK cell
SLC25A20,4.6697924720184125e-29,0.24176239738407906,0.325,0.286,8.467734689510988e-25,NK cell
SASH3,4.734608318990926e-28,-7.033344577043287,0.786,0.761,8.585265264826246e-24,NK cell
PTPN6,4.43443540968456e-25,3.124570453297192,0.656,0.62,8.040961728381012e-21,NK cell
CX3CR1,9.602265382730922e-25,5.8332113690157,0.911,0.891,1.7411787818505983e-20,NK cell
SPN,1.1457614008154777e-24,2.8685462086375644,0.92,0.904,2.0776091480987055e-20,NK cell
CD300A,5.761595178609105e-24,-12.046968249841687,0.884,0.875,1.044750053737189e-19,NK cell
UCP2,1.120100233860889e-23,-23.15927680238112,0.88,0.853,2.03107775405995e-19,NK cell
GIMAP6,1.5561642207064747e-23,0.24422870013939013,0.569,0.537,2.8217925814070505e-19,NK cell
KLRD1,4.320355078520905e-23,-5.684971912630516,0.993,0.991,7.834099863881958e-19,NK cell
BTG2,7.291396962839372e-23,1.4588050691735956,0.444,0.47,1.3221490112716633e-18,NK cell
GNLY,6.789482340093228e-22,-167.2668261829582,0.982,0.982,1.231136832729105e-17,NK cell
CLIC3,3.020295078008079e-21,41.87133883636106,0.689,0.672,5.47670106495205e-17,NK cell
TBC1D10C,8.366347694573525e-21,6.834612836458033,0.842,0.815,1.5170698274570173e-16,NK cell
PDE4D,4.9034622790927946e-20,-0.18966591059006066,0.313,0.341,8.891448150678965e-16,NK cell
LPCAT1,1.6319819598801834e-19,6.945676264449267,0.892,0.882,2.9592728878507366e-15,NK cell
ITGAL,1.6815113924359323e-19,-2.0659062614925574,0.97,0.962,3.049084607904076e-15,NK cell
DUSP2,3.0127132808279214e-19,-0.1190818893034229,0.141,0.157,5.46295299212527e-15,NK cell
IKZF1,6.92840154500445e-19,3.389143582626737,0.934,0.919,1.2563270521556568e-14,NK cell
DENND2D,1.5856853209956815e-18,-0.20830229900073505,0.641,0.614,2.875323192561469e-14,NK cell
SH3BP5,4.547789379212077e-18,0.6126366403313379,0.591,0.564,8.246506481325259e-14,NK cell
FOSB,7.146051198134957e-18,-0.679528945610776,0.036,0.048,1.2957934637578117e-13,NK cell
NRROS,1.8890135514879862e-17,0.25004363962842685,0.26,0.24,3.4253482729131656e-13,NK cell
TPM4,2.952181318582033e-17,1.459697987333255,0.344,0.318,5.3531903849848e-13,NK cell
TNFAIP3,4.5731410705255305e-17,34.75280687470997,0.378,0.402,8.292476703183944e-13,NK cell
PRMT2,8.016323551173031e-17,0.8360061255893179,0.721,0.72,1.4535999495342058e-12,NK cell
ZFP36,9.206488057021208e-17,-1.44559742257271,0.342,0.346,1.6694124793796556e-12,NK cell
TENT5C,1.1376768279052482e-16,-0.2175288752857072,0.08,0.098,2.0629493920405865e-12,NK cell
NFKBIA,2.6599925975555584e-16,19.292275305012204,0.295,0.317,4.823364577147494e-12,NK cell
KLF2,3.218320837228984e-16,2.7294331549931243,0.942,0.929,5.835781174147317e-12,NK cell
RGS3,4.604052398525123e-16,-2.404201413856537,0.685,0.66,8.348528214245605e-12,NK cell
RGS2,8.146856182253893e-16,2.3327873346264014,0.139,0.154,1.4772694315280985e-11,NK cell
LYZ,1.8422240009807973e-15,12.73916262003809,0.321,0.343,3.34050478097848e-11,NK cell
ADGRG1,2.477378705395358e-15,4.3396173517009125,0.908,0.896,4.4922308064934027e-11,NK cell
DDIT4,5.401385240570857e-15,2.72530717801292,0.461,0.462,9.794331856727134e-11,NK cell
SMAP2,6.344858859838507e-15,0.7257642575576682,0.502,0.468,1.1505132570545166e-10,NK cell
ARHGAP30,2.09234160494429e-14,3.5066280728088124,0.809,0.787,3.794043032245481e-10,NK cell
TGFBR3,3.097394994033241e-14,-0.118600422586848,0.666,0.684,5.616506342680476e-10,NK cell
PIP4K2A,3.3709410829587365e-14,-0.20071856345128936,0.879,0.864,6.112527465729077e-10,NK cell
GIMAP2,3.642975491399319e-14,-0.5796719005914239,0.585,0.568,6.605807458554386e-10,NK cell
APOBR,4.592160847338042e-14,-0.3205502144630801,0.639,0.614,8.326965264478072e-10,NK cell
PSD4,5.4481864939783846e-14,0.5803782888024247,0.591,0.562,9.879196569531005e-10,NK cell
CD2,6.358616191434459e-14,-4.897036593060783,0.644,0.64,1.1530078739928105e-9,NK cell
PER1,1.7292897122633292e-13,-0.3212559215347288,0.084,0.097,3.1357210352470947e-9,NK cell
GSAP,2.0444797442935483e-13,-0.7241769689361783,0.591,0.575,3.707255120327491e-9,NK cell
MT-CO2,2.50099433368432e-13,-33.07997455045493,0.914,0.905,4.535053025269777e-9,NK cell
CD47,9.020927217990836e-13,1.8743629961021844,0.831,0.81,1.635764732438278e-8,NK cell
FCRL6,1.3759249704201345e-12,2.1099078326653053,0.817,0.8,2.4949647488628298e-8,NK cell
PNRC1,1.5783590370558561e-12,-0.47521574287703316,0.954,0.956,2.8620384418933838e-8,NK cell
CELF2,2.392831997603273e-12,-4.602728138482258,0.871,0.854,4.3389222612540145e-8,NK cell
ZBTB1,3.727930231386515e-12,-0.12543784574501204,0.518,0.535,6.759855888573168e-8,NK cell
ACTB,3.855221827262842e-12,-1.355573518880135,0.995,0.993,6.990673739375711e-8,NK cell
FOSL2,4.853687766741588e-12,-2.5396794234896887,0.527,0.544,8.801192027432521e-8,NK cell
P2RY11,5.309339635039066e-12,0.4132893003365884,0.192,0.165,9.627425560216339e-8,NK cell
PPP1R18,7.725194509194016e-12,2.0461124215855744,0.743,0.72,1.4008095203521508e-7,NK cell
EFHD2,7.919903619618977e-12,5.846686729967701,0.993,0.991,1.436116123345509e-7,NK cell
B2M,8.282702094163021e-12,53.847352327534935,0.999,0.999,1.5019023707345807e-7,NK cell
CD5,1.0538011835597824e-11,0.8585171425044296,0.081,0.087,1.9108576861489534e-7,NK cell
ARPC4,1.083261690737925e-11,0.10218550096492951,0.667,0.645,1.9642784238150795e-7,NK cell
PDE3B,1.956111361812815e-11,0.16298774076945377,0.132,0.12,3.5470167323751773e-7,NK cell
CD7,2.3223936782418056e-11,2.998462393912888,0.803,0.793,4.211196456755866e-7,NK cell
CNN2,2.4922025182434683e-11,-6.957743889475543,0.45,0.426,4.5191108263308813e-7,NK cell
CASP8,2.8323607350371962e-11,-3.130714563144676,0.793,0.776,5.135919720842947e-7,NK cell
KLRC4,2.874759961204027e-11,-0.9636189248882481,0.616,0.611,5.212802237651263e-7,NK cell
PLEK,3.047126527974242e-11,1.4131273017810262,0.877,0.864,5.525354533175693e-7,NK cell
ABRACL,3.059416250131023e-11,0.3406008657429911,0.38,0.364,5.547639486362584e-7,NK cell
LRIF1,3.189657394447224e-11,0.13955994329019872,0.195,0.18,5.783805753351151e-7,NK cell
GTF2H5,3.524038182768785e-11,0.17038899027114285,0.151,0.134,6.390138436814637e-7,NK cell
APOBEC3C,3.5546697085275855e-11,0.2089157020723933,0.646,0.621,6.44568258247307e-7,NK cell
RAP1GDS1,3.772972093392838e-11,0.2075388657604488,0.287,0.263,6.841530296949233e-7,NK cell
METRNL,5.574549805981386e-11,-0.9468380077030196,0.438,0.451,1.0108331163186046e-6,NK cell
CD69,5.779665005610521e-11,-4.084703617541747,0.443,0.465,1.0480266554673557e-6,NK cell
DUSP1,1.1388472165170058e-10,-4.339295761503667,0.387,0.406,2.0650716577102866e-6,NK cell
CFLAR,1.2447201203141506e-10,11.136653239870999,0.821,0.803,2.2570509941656494e-6,NK cell
IFNAR2,1.5615260081120364e-10,0.15372401547786252,0.475,0.453,2.831515110509556e-6,NK cell
IL10RB,1.9242994361446057e-10,0.1163378817818547,0.289,0.27,3.4893321675610137e-6,NK cell
FLNA,2.702355854335057e-10,-2.9131228057378245,0.936,0.928,4.900181870665758e-6,NK cell
CMC1,3.5681782096388795e-10,-4.223765914785556,0.411,0.384,6.4701775475381805e-6,NK cell
FGR,4.2258604158524897e-10,-4.344313156035252,0.807,0.789,7.66275269206532e-6,NK cell
EEF1G,4.308760329483926e-10,1.604278335744544,0.732,0.713,7.813075105453203e-6,NK cell
TES,4.357926219786098e-10,-1.8241465733512197,0.737,0.716,7.902227614338132e-6,NK cell
CLEC2D,5.032667430624049e-10,1.5977135001025466,0.838,0.829,9.125735851950589e-6,NK cell
SPOCK2,5.07704846425793e-10,6.711991011967202,0.489,0.49,9.206211980238904e-6,NK cell
LITAF,5.907691168075195e-10,0.9975077207696206,0.931,0.932,1.071241639507075e-5,NK cell
ST8SIA4,6.248713527223507e-10,0.9551500390682675,0.533,0.506,1.1330792238914386e-5,NK cell
ZFP36L2,9.073614022409737e-10,-1.5900807275155557,0.867,0.855,1.6453184306835578e-5,NK cell
MT-CO3,9.844246816256094e-10,-10.013066785946869,0.767,0.752,1.7850572751917176e-5,NK cell
VAV1,1.1707597518759484e-9,0.2281628202571505,0.369,0.35,2.122938658076657e-5,NK cell
DDX3X,1.1724411591477892e-9,-0.14536592077750193,0.361,0.377,2.125987553882686e-5,NK cell
DEF6,1.2076425370685605e-9,0.1532173659714644,0.505,0.486,2.189818212466421e-5,NK cell
CDC42SE1,1.244265794130216e-9,0.1012770926812383,0.893,0.883,2.2562271644963205e-5,NK cell
TMEM141,1.3140849256440536e-9,0.14605926991804075,0.134,0.119,2.3828301956703622e-5,NK cell
CYBA,1.3338246161573998e-9,2.262612796871693,0.837,0.825,2.4186241764782133e-5,NK cell
CYTH4,1.8442037693061557e-9,-0.19281319235237682,0.603,0.574,3.344094694882852e-5,NK cell
ASCC1,2.0176858147293212e-9,0.22327880018582147,0.157,0.139,3.658669687848678e-5,NK cell
ENC1,2.0929420964010065e-9,-0.26019069031908115,0.144,0.161,3.795131903403945e-5,NK cell
SLC38A2,2.1242933178798205e-9,0.26099228407329356,0.364,0.344,3.8519810733114786e-5,NK cell
SIAH1,3.1417796855291073e-9,-0.1222854187564053,0.168,0.182,5.69698910376993e-5,NK cell
KLRF1,3.435048123607765e-9,2.4038454408916543,0.851,0.848,6.228772762537961e-5,NK cell
IL10RA,3.791140982145716e-9,-5.152457374998691,0.747,0.728,6.874475942924826e-5,NK cell
FTL,4.170799255320836e-9,1.1223093500006707,0.689,0.703,7.562910289673272e-5,NK cell
ARPC5L,5.7061332370448844e-9,0.42041839134840187,0.616,0.589,1.0346931398733489e-4,NK cell
GBP1,5.954579916440523e-9,0.36765764370122667,0.229,0.213,1.07974397624816e-4,NK cell
PLAAT4,6.033592205003745e-9,-1.0999544090676183,0.803,0.791,1.0940712745333291e-4,NK cell
GPR65,6.614673899164116e-9,-0.2758964459331752,0.572,0.551,1.1994388181354292e-4,NK cell
TRIB2,6.936560345597332e-9,-9.042771488385956,0.38,0.362,1.2578064874671643e-4,NK cell
CPNE1,6.9752114535856195e-9,0.6121325154752872,0.535,0.512,1.2648150928786805e-4,NK cell
LPAR6,6.992437691936513e-9,-2.0141876817937883,0.36,0.342,1.267938726678848e-4,NK cell
MOB3A,7.197584926797128e-9,1.5133193007603083,0.712,0.694,1.3051380747761232e-4,NK cell
YPEL5,7.57973393712974e-9,-0.3646822494494044,0.449,0.46,1.3744331548197359e-4,NK cell
APOBEC3G,1.0459390855210537e-8,4.540461245567799,0.692,0.677,1.8966013437753267e-4,NK cell
TMC8,1.049447390337984e-8,1.0347971488944738,0.742,0.72,1.9029629528998664e-4,NK cell
GZMA,1.2856307480882364e-8,-20.097677737032534,0.966,0.965,2.331234235508399e-4,NK cell
EIF1,1.5606619851113002e-8,9.928752619687893,0.848,0.854,2.8299483776023207e-4,NK cell
IKZF3,1.5641886560480175e-8,-0.45154275841701974,0.692,0.683,2.8363432900118703e-4,NK cell
S1PR4,1.6990229095512777e-8,0.12836063750629512,0.386,0.365,3.080838241889332e-4,NK cell
SPON2,2.1148570464349373e-8,-14.182033407214835,0.671,0.648,3.8348702823004716e-4,NK cell
NRGN,2.1345483158681202e-8,6.617849397873419,0.016,0.012,3.8705764611636625e-4,NK cell
FMN1,2.1862110513492677e-8,-0.4886913417421752,0.049,0.054,3.9642564994116274e-4,NK cell
ZYX,2.6744114756269834e-8,0.14886001833613915,0.329,0.307,4.849510328754409e-4,NK cell
GIMAP8,2.7819699760318466e-8,0.15404389863997237,0.247,0.233,5.044546157538547e-4,NK cell
TAGAP,3.0865765283134535e-8,-27.623708676126682,0.654,0.64,5.596889218790785e-4,NK cell
PTPRE,4.4762809655732175e-8,0.25123623167563913,0.453,0.429,8.116840274873915e-4,NK cell
CRTAM,4.913021854231994e-8,-2.026289148790884,0.124,0.11,8.908782528278874e-4,NK cell
TMSB4X,5.321375837172012e-8,17.815193147896935,0.999,0.998,9.64925080554401e-4,NK cell
ATP5PB,5.399686522436941e-8,0.2754710538786618,0.341,0.324,9.791251571134906e-4,NK cell
LSM6,5.540833971910291e-8,0.10995843531388294,0.286,0.27,0.001004719424126493,NK cell
CTDSP1,5.803966770727808e-8,1.1246215823479329,0.665,0.644,0.0010524332945360735,NK cell
NOTCH1,5.8875565425213876e-8,-0.3199712134232735,0.465,0.441,0.0010675906278554033,NK cell
MED18,6.232992371298633e-8,0.11075443885644543,0.128,0.115,0.0011302285066875813,NK cell
SNTB2,6.735560878826767e-8,0.16390822906992522,0.281,0.26,0.0012213592541576578,NK cell
ZNF595,6.83832059279507e-8,0.1480173884759961,0.353,0.339,0.00123999267309153,NK cell
ANXA6,7.273096595425097e-8,-2.5247960327883163,0.928,0.916,0.0013188306056484329,NK cell
ZAP70,8.231198473383444e-8,0.6192677202986214,0.888,0.876,0.00149256321917862,NK cell
SLCO4C1,8.514147865439248e-8,0.1514309844224928,0.425,0.4,0.0015438704324400988,NK cell
MYLIP,9.69529137684418e-8,-0.2713963412554914,0.306,0.321,0.0017580471853631552,NK cell
RHOB,1.0814055609579214e-7,61.521113264355584,0.163,0.175,0.0019609127036849987,NK cell
SATB1,1.1005387610067513e-7,-0.2196924592894547,0.604,0.624,0.0019956069353335424,NK cell
RAP1GAP2,1.233535346364417e-7,0.14287847861810876,0.579,0.554,0.0022367696435625973,NK cell
MFF,1.2635363922461904e-7,0.19357841725966407,0.363,0.343,0.002291170540060017,NK cell
GIMAP4,1.3128209534060372e-7,-1.410827486821617,0.819,0.825,0.0023805382348111672,NK cell
SAMD9L,1.3388060491022433e-7,0.6653036802528316,0.468,0.45,0.002427657008837098,NK cell
IRS2,1.361406199435726e-7,-0.28017537735967335,0.093,0.106,0.0024686378614368018,NK cell
SBDS,1.3730418951778753e-7,-0.16832327850917084,0.151,0.162,0.0024897368685260412,NK cell
THAP6,1.3895822727475398e-7,0.18681043499504435,0.149,0.135,0.002519729535173114,NK cell
MACF1,1.4261658939164218e-7,-1.1623240852443235,0.701,0.688,0.0025860666154386477,NK cell
C1orf162,1.504171358330075e-7,0.6827816107495042,0.477,0.457,0.002727513924059925,NK cell
CRIP1,1.5542673307130963e-7,-5.470630112713064,0.571,0.554,0.0028183529507820573,NK cell
CPT1A,1.7132135758755248e-7,0.16739284709972813,0.148,0.134,0.003106570177135089,NK cell
SMIM19,1.9236051992553685e-7,0.272307160675359,0.237,0.219,0.00348807330780976,NK cell
ZMIZ2,2.0822255374146354e-7,0.10288391766476829,0.29,0.272,0.0037756995669939583,NK cell
AOAH,2.1675583758726706e-7,-0.795352783689756,0.752,0.743,0.003930433602969913,NK cell
PPBP,2.2925340286400923e-7,8.741959842732783,0.039,0.033,0.004157051954133079,NK cell
RASGRP2,2.3187085837932887e-7,0.5099998887120023,0.715,0.7,0.00420451427499237,NK cell
RAB5IF,2.461863939663315e-7,-0.1470699827354809,0.23,0.242,0.004464097881791489,NK cell
ARHGEF1,2.6658269432525115e-7,3.2982866672714692,0.862,0.853,0.004833943996199779,NK cell
MATK,2.6841872525501277e-7,-0.2518124507331887,0.733,0.719,0.004867236745049146,NK cell
ABI3,2.7893415142397916e-7,0.2604456145496431,0.352,0.33,0.005057912967771014,NK cell
DAXX,2.8210951984009747e-7,0.12601658143806493,0.357,0.337,0.005115491923260488,NK cell
TRAF5,2.94239377608402e-7,0.10831951082887563,0.261,0.245,0.005335442634173153,NK cell
MAPK14,3.177910988030852e-7,-0.17742248326488785,0.479,0.459,0.005762505994596344,NK cell
JUND,3.1923071686896595e-7,15.082358115951244,0.556,0.569,0.005788610588984959,NK cell
NACC1,3.26719970383089e-7,0.14646839427565253,0.294,0.275,0.005924413222956553,NK cell
AKNA,3.8046825156446194e-7,2.1962281778481554,0.939,0.931,0.006899030805618388,NK cell
CEMIP2,3.83444604831282e-7,-0.44904059064400553,0.232,0.248,0.006953001019405637,NK cell
ABCA2,4.2920750871125963e-7,0.7596584718494719,0.516,0.498,0.007782819755461271,NK cell
ZNF227,4.595946258324351e-7,0.10995507966850093,0.098,0.088,0.008333829350219545,NK cell
IKBKB,4.716077073761971e-7,0.3207413392804943,0.534,0.511,0.008551662557852582,NK cell
PBX2,4.967514030303751e-7,-0.22144728722216644,0.472,0.453,0.009007593191149792,NK cell
SH3BP1,5.017707066784552e-7,0.3347104095709619,0.484,0.466,0.009098608224200428,NK cell
ZNF266,5.113230829635935e-7,0.8719712665509296,0.413,0.393,0.009271821463378842,NK cell
SLA,5.384614705361369e-7,1.599719867167602,0.349,0.327,0.00976392184523177,NK cell
ERN1,6.880195670159348e-7,-0.5586833966671785,0.302,0.314,0.012475858808699945,NK cell
CSK,7.361103194098415e-7,-1.5961033182121351,0.739,0.721,0.013347888421858656,NK cell
SNUPN,8.254802451547275e-7,0.3922981671761001,0.163,0.15,0.014968433285390674,NK cell
RNF167,8.946645247796219e-7,0.20956174532522498,0.563,0.543,0.016222951827828885,NK cell
IL2RB,9.008480796983064e-7,-19.233791702989166,0.907,0.9,0.01633507822916939,NK cell
TRIM22,9.98042905140279e-7,-2.8697588606430102,0.661,0.649,0.018097511998908678,NK cell
C9orf64,9.99822009397125e-7,0.14037923386964568,0.089,0.079,0.01812977249639807,NK cell
ZBTB3,1.0721719650552826e-6,0.18449805437922695,0.069,0.06,0.01944169424234744,NK cell
GIMAP5,1.073200404704897e-6,0.32807552140433205,0.431,0.417,0.019460342938513897,NK cell
KRIT1,1.1502881810393993e-6,0.1887449923753508,0.371,0.353,0.020858175586787427,NK cell
IGIP,1.2566608124139307e-6,0.11925804994692246,0.116,0.105,0.022787030511501806,NK cell
KLRK1,1.29017567409647e-6,-21.339959505978207,0.968,0.968,0.023394755498391293,NK cell
BPGM,1.338721436776896e-6,15.139238170608692,0.188,0.202,0.024275035813075455,NK cell
MT-ND4,1.3402763106340553e-6,-12.582391896669826,0.761,0.755,0.024303230340727327,NK cell
BTF3L4,1.446752705599397e-6,0.21049342791039732,0.232,0.22,0.026233966810633867,NK cell
PIK3R1,1.5259213343230566e-6,-1.3247909555068444,0.562,0.569,0.027669531555279986,NK cell
RAB10,1.5658223131188517e-6,0.35768451074687624,0.438,0.417,0.028393056003784136,NK cell
NUP107,1.5888930885852073e-6,0.12346970704459248,0.169,0.155,0.028811398375315565,NK cell
VRK1,1.6666105718619104e-6,0.19105939219832468,0.336,0.319,0.03022064949957202,NK cell
MTOR,1.7999549395315744e-6,0.1478026626719271,0.18,0.166,0.03263858291852604,NK cell
MTMR1,1.8192287874203306e-6,0.1409618768033276,0.224,0.208,0.03298807560229285,NK cell
HCLS1,1.919936968539613e-6,-0.5665615850129004,0.833,0.82,0.0348142170505288,NK cell
ZNF276,2.03940442556223e-6,0.1114288485911552,0.458,0.437,0.03698052044871992,NK cell
DRAP1,2.122760940518314e-6,0.44282976364862847,0.649,0.634,0.03849202413441859,NK cell
RASSF1,2.2246500123935154e-6,0.4079692636456027,0.7,0.686,0.04033957867473161,NK cell
FLI1,2.448868122733881e-6,0.30975362583741006,0.652,0.634,0.044405325669533466,NK cell
SERTAD3,2.483338895997442e-6,-0.1264110253042494,0.099,0.108,0.04503038420112162,NK cell
ZNF84,2.517964188253784e-6,0.1489944031658137,0.097,0.086,0.045658244625605866,NK cell
GZMH,2.526221745238416e-6,2.0607394187583523,0.655,0.639,0.0458079789064082,NK cell
CSRNP1,2.5670580577372763e-6,5.188529732831505,0.102,0.111,0.04654846376095003,NK cell
KLRC3,2.5964293079386454e-6,-2.36147639114448,0.553,0.528,0.04708105264085146,NK cell
TMEM186,2.6778921762310628e-6,0.2663203972448409,0.056,0.051,0.04855821883159786,NK cell
APBB1IP,2.8949432391118734e-6,3.6367144341157713,0.797,0.78,0.0524940057548156,NK cell
RNF139,3.0251927262051606e-6,-0.15578750344097347,0.223,0.23,0.05485581970427818,NK cell
HDAC8,3.1721491769749054e-6,0.13453026198602747,0.188,0.174,0.05752058102608596,NK cell
BCL3,3.3764843381974806e-6,-0.7129836777634374,0.104,0.117,0.061225790504534916,NK cell
EMG1,3.6330852617986735e-6,0.162075009157027,0.215,0.203,0.06587873505219535,NK cell
STING1,3.799966395060524e-6,1.9577515457529406,0.462,0.439,0.06890479064163248,NK cell
LCP1,3.835885980053518e-6,17.541819275878296,0.987,0.984,0.06955612047631043,NK cell
PLAC8,3.892539762141619e-6,-1.6030517233491324,0.862,0.85,0.07058342350691399,NK cell
CTBP2,3.973989910360275e-6,-1.446583694671495,0.61,0.592,0.07206035904456286,NK cell
ADGRE5,4.1811932950920655e-6,5.193445035202711,0.92,0.913,0.07581757801990442,NK cell
SPATA13,4.21670190152554e-6,0.10090205127727536,0.501,0.484,0.07646145558036262,NK cell
GPR174,4.227955717248753e-6,-0.14572527043927064,0.391,0.377,0.07666552102087162,NK cell
CENPH,4.273551028702733e-6,0.17475089829377044,0.057,0.049,0.07749230080346665,NK cell
ADAM8,4.27427301293588e-6,0.7132622758820695,0.607,0.593,0.07750539254356631,NK cell
TSPAN5,4.336377600394797e-6,0.21642724626122067,0.071,0.06,0.07863153502795885,NK cell
SPPL2A,4.370011199974172e-6,0.22402362502066686,0.397,0.381,0.07924141308913166,NK cell
CTSA,4.414002458090038e-6,0.19997307712736317,0.237,0.221,0.08003910657254665,NK cell
CEP78,4.669803348728653e-6,0.16267438073195617,0.686,0.67,0.08467754412249666,NK cell
KRCC1,4.726234345547893e-6,0.14658097198254444,0.216,0.201,0.08570080738781995,NK cell
IFNGR1,4.748537316553439e-6,-0.6854485951956257,0.274,0.291,0.08610522716106352,NK cell
FAM53B,4.794785980677946e-6,0.1463794980792048,0.464,0.444,0.0869438541876332,NK cell
C17orf75,4.835393647760336e-6,0.200276080986157,0.089,0.079,0.08768019301483818,NK cell
PMAIP1,4.887841887839643e-6,-0.9874407559484175,0.159,0.167,0.08863123695219624,NK cell
PTPN12,5.037743714410821e-6,0.5335788523341289,0.772,0.754,0.09134940677341143,NK cell
PRKAR1A,5.099716192750485e-6,0.14434411722908402,0.637,0.629,0.09247315372314453,NK cell
KIAA1328,5.1124252330594896e-6,0.10372949872665105,0.158,0.145,0.09270360675106773,NK cell
PSMB8,5.333570447126451e-6,-1.3779045215431402,0.672,0.656,0.09671363291774394,NK cell
CXCR1,5.927242246819644e-6,0.1384777137668955,0.182,0.168,0.1074786836615806,NK cell
NXT2,6.543178637476314e-6,0.19699623998739457,0.124,0.115,0.11864745823335801,NK cell
MAPK7,6.649608102362264e-6,0.16752803550099482,0.191,0.177,0.12057734372013493,NK cell
GSN,6.713311004122603e-6,1.1805258076959158,0.303,0.291,0.12173246843775516,NK cell
CTSO,7.014144498734442e-6,0.13505164047095475,0.186,0.173,0.12718748219555162,NK cell
CNTRL,7.818017976996902e-6,1.5860639389861673,0.516,0.498,0.14176411997688482,NK cell
RSRP1,8.12462464980988e-6,-0.7187445366114122,0.762,0.764,0.14732381877500256,NK cell
NXF1,8.599559158648311e-6,-0.15643961197621664,0.227,0.237,0.15593580622376982,NK cell
PTS,8.944213172106075e-6,-0.12411046801490011,0.185,0.197,0.16218541744979947,NK cell
IL16,9.119051143556897e-6,0.6394586385730463,0.711,0.701,0.16535575438611722,NK cell
ZNF585B,9.66954574190488e-6,0.1242375015421957,0.076,0.068,0.1753378729379612,NK cell
IDNK,9.733143307491225e-6,0.2941701554297147,0.063,0.055,0.1764910875947384,NK cell
RBL2,1.051755546045586e-5,-0.7581404093451907,0.759,0.738,0.1907148331644461,NK cell
BIN2,1.0559203338378902e-5,-0.48694631801645727,0.918,0.908,0.19147003413482463,NK cell
LAIR1,1.1030250412778901e-5,0.28237854469977863,0.417,0.386,0.2000115307349198,NK cell
TXK,1.136764142539482e-5,-0.19700164335462134,0.544,0.535,0.20612944196668426,NK cell
HNRNPDL,1.1456289466685791e-5,-0.14000312071567222,0.592,0.602,0.20773689689941346,NK cell
CCDC117,1.1465950958124193e-5,0.1988923071441947,0.246,0.231,0.20791208872366598,NK cell
IFITM2,1.1531875860657281e-5,-3.814627470507917,0.641,0.625,0.2091075049812985,NK cell
LIMK1,1.2103786171216002e-5,0.29144008368178376,0.262,0.248,0.21947795464265976,NK cell
TCP11L2,1.2396192393705564e-5,7.580037253211253,0.252,0.267,0.224780156675063,NK cell
TM9SF2,1.2845656391741269e-5,0.1408691293863369,0.432,0.414,0.23293028735144441,NK cell
RAP1A,1.3879211190624884e-5,1.1084004695985579,0.655,0.638,0.251671736519601,NK cell
ZFP30,1.4656663351321941e-5,0.2041608278747682,0.065,0.057,0.26576927654952076,NK cell
PLXND1,1.4955820352365794e-5,0.8370821941087785,0.236,0.227,0.2711938904494489,NK cell
GTF3C4,1.5407541314598008e-5,-0.13094724499287036,0.049,0.049,0.27938494665760566,NK cell
EVL,1.6498372258225398e-5,-4.325934954322442,0.987,0.985,0.29916498415840115,NK cell
UFM1,1.6676715184583136e-5,0.207891036332712,0.45,0.432,0.302398876442046,NK cell
TMEM106B,1.670906302838525e-5,0.1286188612506156,0.328,0.315,0.30298543989370974,NK cell
UBE2I,1.7152840563054658e-5,0.16620246502624614,0.529,0.514,0.3110324579298701,NK cell
GRK5,1.7573094912123228e-5,0.12849831663097838,0.267,0.246,0.3186529300415305,NK cell
CNOT6L,1.796300895289252e-5,0.30634223025174556,0.755,0.757,0.32572324134280006,NK cell
ATM,1.8052753501771465e-5,8.296895201853719,0.924,0.923,0.32735057924762195,NK cell
ARRDC3,1.8073490782094345e-5,8.74121608803654,0.562,0.553,0.32772660835171674,NK cell
PSME1,1.829033656397118e-5,0.14087362250364066,0.851,0.839,0.3316586729144894,NK cell
SP100,1.873278772291766e-5,0.18750998381512307,0.619,0.598,0.3396816397796659,NK cell
ENPP4,1.904199325521882e-5,0.13328905935154078,0.444,0.421,0.3452884636968828,NK cell
CAPNS1,1.937868008946626e-5,0.5306625262016245,0.59,0.573,0.3513936060622917,NK cell
IGKC,1.939496913182608e-5,-Inf,0.053,0.059,0.35168897526740234,NK cell
IRAK4,1.958045976638903e-5,0.10333309427534654,0.375,0.36,0.35505247694393227,NK cell
ZNF441,2.0041109026468883e-5,0.12338662542898415,0.095,0.087,0.36340542997696024,NK cell
RAB27B,2.0382814482646864e-5,0.16415049837228113,0.197,0.183,0.36960157501383556,NK cell
HNRNPK,2.0758717986890418e-5,-0.1510668896002485,0.532,0.539,0.3764178332562839,NK cell
ALOX5AP,2.108188712594106e-5,-1.0063550151919305,0.473,0.474,0.3822778592546892,NK cell
PARP8,2.20146535731504e-5,0.16444284278381804,0.739,0.722,0.3991917132419362,NK cell
GEMIN6,2.223780896685565e-5,0.20330269536350265,0.07,0.062,0.4032381899959935,NK cell
SMPD3,2.2550122954013493e-5,0.2417107826792111,0.031,0.027,0.4089013795251267,NK cell
SLC25A45,2.27498043943799e-5,-0.3952987708720175,0.184,0.169,0.41252220308329074,NK cell
CC2D1A,2.277662223342667e-5,0.10299831547480265,0.112,0.102,0.41300849095872577,NK cell
PRKD2,2.2900984701181662e-5,0.13553052440237812,0.45,0.433,0.4152635555865271,NK cell
PLEKHG3,2.293184546093316e-5,0.1928270137109993,0.574,0.553,0.415823153743101,NK cell
RMDN1,2.3116417376668007e-5,0.1349855222312497,0.136,0.124,0.41916999629112095,NK cell
MYO1G,2.369430649969343e-5,0.6972632712936555,0.824,0.808,0.42964885975894096,NK cell
RASGEF1A,2.4776038769396294e-5,0.32418222594285795,0.121,0.109,0.44926391100546303,NK cell
DPY19L4,2.5155476400036437e-5,0.15094855584027878,0.067,0.06,0.4561442535618607,NK cell
RNF44,2.5571735994539337e-5,0.2680740866575535,0.481,0.462,0.46369228878898183,NK cell
MAFF,2.6339164464035228e-5,-0.23947435351777235,0.029,0.034,0.4776080692263508,NK cell
PRR7,2.694841317062265e-5,0.14032725195828144,0.078,0.069,0.48865557602290055,NK cell
ATF4,2.7810429941162438e-5,-0.1103783768077049,0.164,0.169,0.5042865261230984,NK cell
ISG20,2.8212232828762147e-5,3.2291442282340803,0.371,0.349,0.511572417883944,NK cell
ERCC2,2.8666461803921092e-5,0.20536019228334634,0.063,0.056,0.5198089518905011,NK cell
NUAK2,2.8783516603392672e-5,0.12517753535807308,0.102,0.093,0.5219315065693193,NK cell
COL6A2,2.9127767345814298e-5,3.809123256201893,0.244,0.236,0.5281738052816507,NK cell
STAMBPL1,3.0192090633567574e-5,0.14245331050273435,0.091,0.083,0.5474731794584808,NK cell
SEMA4C,3.0198457010497704e-5,0.12738971146783795,0.3,0.287,0.5475886209713549,NK cell
ARHGEF12,3.0200038376074398e-5,0.1529350216472758,0.143,0.129,0.5476172958733571,NK cell
TSPAN14,3.056756417748899e-5,0.13017806992078607,0.407,0.385,0.5542816412304078,NK cell
MEX3C,3.0795319076692645e-5,0.4031645150783758,0.522,0.507,0.5584115208176678,NK cell
GMEB2,3.0861241016633004e-5,0.1399139420358011,0.12,0.11,0.5596068833546063,NK cell
GPATCH8,3.136323582798907e-5,0.19970809214593618,0.32,0.299,0.5687095552689259,NK cell
MTA2,3.233035382013979e-5,0.17542688154338903,0.509,0.493,0.5862463058205948,NK cell
MAPK1,3.330558568660477e-5,3.197495917109423,0.817,0.806,0.6039301852552044,NK cell
TAP1,3.366908178014457e-5,-0.7915251195613111,0.732,0.711,0.6105214599193616,NK cell
PDE4B,3.444869884665679e-5,-0.3867176282284639,0.056,0.066,0.6246582561864276,NK cell
CDK9,3.4598253630328264e-5,0.18491564369997637,0.436,0.42,0.6273701330787425,NK cell
ATP5MGL,3.562505982251722e-5,-0.4015012360281638,0.013,0.016,0.6459892097617047,NK cell
LIMK2,3.722655763679055e-5,0.2194732263969641,0.089,0.078,0.675029169627923,NK cell
CXCR2,3.8879694901655754e-5,0.2548932827136935,0.187,0.171,0.7050055076517238,NK cell
GLRX,3.903310883740394e-5,-0.51593433800158,0.422,0.414,0.7077873625486456,NK cell
YBX1,3.932911006416842e-5,0.11883983638937345,0.45,0.459,0.713154752793566,NK cell
TBX21,3.948283333709818e-5,1.2931391768510814,0.719,0.705,0.7159422169016013,NK cell
GALC,3.9890502087681035e-5,0.20902068034605914,0.327,0.309,0.7233344743559202,NK cell
WDR48,4.2150670454524236e-5,-0.13599462608998492,0.171,0.182,0.764318107351888,NK cell
ZNF85,4.2228434368568196e-5,0.21658803466603205,0.043,0.038,0.7657282004052471,NK cell
BTN3A2,4.2892033280546825e-5,0.30484383883077193,0.779,0.763,0.7777612394761556,NK cell
SCP2,4.316109330097511e-5,-0.4472231378690359,0.609,0.588,0.7826401048265816,NK cell
SNRPB2,4.334203433777171e-5,0.10667418027965059,0.322,0.308,0.7859211086468144,NK cell
SLAMF6,4.423122142699698e-5,0.18207076719593385,0.654,0.639,0.8020447381357363,NK cell
PILRB,4.4404650979578975e-5,-0.32942522837247523,0.622,0.613,0.8051895362127056,NK cell
SRGN,4.5780622676481806e-5,2.9601460883329906,0.988,0.985,0.8301400309926446,NK cell
MCM3,4.647948990115863e-5,1.8041240103673735,0.226,0.213,0.8428125903777094,NK cell
ITGB3BP,5.070968357701418e-5,0.20222440610694714,0.102,0.094,0.9195186923019981,NK cell
ZNF708,5.134791236015813e-5,0.15582648152853462,0.159,0.147,0.9310916948267474,NK cell
PCED1B,5.158231154367815e-5,-0.3818483217157565,0.229,0.218,0.9353420552215159,NK cell
BIN1,5.158314214656239e-5,-0.2463356969978383,0.612,0.583,0.9353571165436158,NK cell
IER2,5.223588734849063e-5,9.478619669725397,0.659,0.668,0.9471933452901806,NK cell
MCTS1,5.2432423100529054e-5,0.1377329566421901,0.175,0.163,0.9507571280818934,NK cell
ORMDL2,5.2906903598960776e-5,-0.31870629756830726,0.262,0.248,0.9593608829599558,NK cell
FCGR3A,5.3848680649102656e-5,4.131069246916185,0.84,0.822,0.9764381262101784,NK cell
GANAB,5.511102754003222e-5,0.1076882584375042,0.34,0.326,0.9993282623834042,NK cell
WDSUB1,5.6052069005554754e-5,0.17603112902295104,0.206,0.186,1,NK cell
PSME4,5.621424891909805e-5,-0.15648800966125997,0.449,0.445,1,NK cell
KLRB1,5.8596811580975234e-5,7.526341703711246,0.789,0.792,1,NK cell
ZNF132,6.0059323009645875e-5,0.5173635695603647,0.016,0.012,1,NK cell
LZTFL1,6.024504115586649e-5,0.5492957347564754,0.106,0.094,1,NK cell
FBF1,6.117802976024604e-5,0.18167928012897483,0.117,0.107,1,NK cell
DMAC1,6.160739556971576e-5,0.18594411650200704,0.132,0.123,1,NK cell
MDM2,6.229388379988829e-5,23.165302792779144,0.401,0.382,1,NK cell
AMDHD2,6.26524130025959e-5,0.11280917767410736,0.109,0.1,1,NK cell
CMKLR1,6.309707195118098e-5,0.2768767619180732,0.384,0.365,1,NK cell
SOCS5,6.317875687752613e-5,0.16051955960740139,0.135,0.125,1,NK cell
POU5F2,6.380693827606746e-5,0.13381825610455067,0.079,0.07,1,NK cell
LYN,6.434658786098778e-5,-0.11222197607420759,0.401,0.381,1,NK cell
XBP1,6.545808527025212e-5,-0.18774486587935613,0.769,0.755,1,NK cell
CDC42EP3,6.581712824109287e-5,-0.11025730950815538,0.457,0.44,1,NK cell
STK17A,6.700370401208606e-5,-3.5943576224381744,0.731,0.722,1,NK cell
CCDC115,6.850860345313278e-5,0.12900241561489295,0.231,0.218,1,NK cell
CTNNBIP1,7.020270666321609e-5,-0.4354365113404849,0.153,0.142,1,NK cell
S100A9,7.039459209354481e-5,-3.425186466379056,0.154,0.165,1,NK cell
CYRIB,7.040960493308273e-5,1.2790593960591004,0.763,0.75,1,NK cell
ACAP1,7.152009890827855e-5,-5.84175193312946,0.59,0.58,1,NK cell
UHMK1,7.315343980387897e-5,0.14561058199581467,0.739,0.726,1,NK cell
FERMT3,7.866249390660412e-5,-0.34060171462913935,0.54,0.52,1,NK cell
DOK2,7.906753750926697e-5,-0.30543377671781524,0.712,0.697,1,NK cell
PIK3R5,8.091921875743322e-5,-0.2248540012885698,0.503,0.512,1,NK cell
EOMES,8.096168492367008e-5,-4.2800254814032135,0.451,0.433,1,NK cell
CEBPD,8.346341905704636e-5,-0.8088505989349253,0.289,0.279,1,NK cell
ARID1A,8.477115061814466e-5,0.11516080851991012,0.367,0.351,1,NK cell
ACTR2,8.638472485295822e-5,0.13381495871638083,0.445,0.416,1,NK cell
MGRN1,8.819146141658443e-5,0.13108423053764962,0.216,0.204,1,NK cell
MSN,8.876840578406602e-5,-1.5580535587515456,0.97,0.963,1,NK cell
RHOC,9.030018869005929e-5,-0.9206884758189413,0.502,0.486,1,NK cell
TRAPPC13,9.053848186733266e-5,0.10919114542107566,0.141,0.129,1,NK cell
ZNF717,9.296197133102049e-5,0.18932206459149636,0.049,0.044,1,NK cell
IL21R,9.328241685477783e-5,12.576435996187733,0.226,0.217,1,NK cell
BCL2L1,9.401109425128612e-5,2.315756699864956,0.43,0.41,1,NK cell
MTPN,9.444195559127455e-5,0.15414929189883986,0.402,0.386,1,NK cell
DMXL1,9.690204619640957e-5,0.16521472929547187,0.187,0.175,1,NK cell
TXNDC17,9.929640530276973e-5,0.29463333676024517,0.187,0.176,1,NK cell
PLEKHF2,1.0170809777565926e-4,-0.10960173553487207,0.202,0.211,1,NK cell
GTF2H1,1.0536519991283567e-4,0.13853359793537112,0.174,0.162,1,NK cell
VPS45,1.0598620265504675e-4,0.10707718985994874,0.295,0.282,1,NK cell
NUP43,1.0623703211000525e-4,0.14293122845903516,0.2,0.188,1,NK cell
GRN,1.1206788853563118e-4,0.17571507501544747,0.121,0.111,1,NK cell
GRAP2,1.1254960979201858e-4,0.673981200578962,0.39,0.373,1,NK cell
MAP3K13,1.1481162696021628e-4,0.20590946659322906,0.079,0.07,1,NK cell
TMEM138,1.1590393419580312e-4,0.12239548218179097,0.245,0.232,1,NK cell
MYOM2,1.1713666405227401e-4,-1.1080850416721049,0.386,0.365,1,NK cell
CNOT11,1.1733634281215397e-4,0.10618242783745935,0.369,0.355,1,NK cell
EPHA4,1.1825031356415908e-4,-0.16756790651025932,0.067,0.08,1,NK cell
IFT46,1.1923868926148938e-4,0.13998919815368627,0.057,0.05,1,NK cell
ARHGEF9,1.2211617769184742e-4,0.12734928648906507,0.161,0.15,1,NK cell
ZNF816,1.2266652387846053e-4,0.205279884084419,0.042,0.035,1,NK cell
B4GALT4,1.252778419297896e-4,0.10634001463045273,0.146,0.135,1,NK cell
AGL,1.2656920503463536e-4,0.1276121951912006,0.162,0.151,1,NK cell
POLD4,1.276257323786237e-4,0.11725057163032049,0.173,0.161,1,NK cell
UBA3,1.2827554650167e-4,0.11484913767407634,0.4,0.386,1,NK cell
HMOX2,1.2888942267802496e-4,0.10966411343991964,0.327,0.312,1,NK cell
ZNF251,1.3033190517705817e-4,0.1633114086655283,0.1,0.09,1,NK cell
SUSD1,1.3136589025543227e-4,0.17265835651669081,0.4,0.377,1,NK cell
ZNF518A,1.3544661102693245e-4,0.13346390677053988,0.166,0.155,1,NK cell
CC2D1B,1.3631595141075755e-4,0.10508054443350434,0.14,0.129,1,NK cell
PFN1,1.3644282917581624e-4,-16.95888589230134,0.98,0.978,1,NK cell
SGK3,1.4368407870031012e-4,0.12446658325880522,0.208,0.196,1,NK cell
RNF170,1.4450078788002523e-4,0.21439588483993077,0.056,0.05,1,NK cell
SIT1,1.4560634766271e-4,0.131098539433808,0.024,0.028,1,NK cell
TADA3,1.4898548453526835e-4,0.20386859614599245,0.312,0.297,1,NK cell
OLFM2,1.5134790432345263e-4,0.1707178453635234,0.035,0.029,1,NK cell
IDH2,1.5390498259460294e-4,0.11729131787204583,0.47,0.452,1,NK cell
PIGL,1.603376755574873e-4,0.13982825595569248,0.183,0.171,1,NK cell
SRSF4,1.6303591749487843e-4,0.19445250483969445,0.398,0.384,1,NK cell
PRKAG1,1.6530975938143283e-4,0.12075466838199866,0.171,0.16,1,NK cell
XCL2,1.6612232226751735e-4,5.709158762704764,0.2,0.195,1,NK cell
IRF8,1.666605379737576e-4,2.9617188167500785,0.225,0.212,1,NK cell
TRBC1,1.6827254786656577e-4,0.2670850981286321,0.595,0.573,1,NK cell
FPGT,1.7123060558075562e-4,0.11530058981672786,0.081,0.073,1,NK cell
ESYT2,1.7586692331973024e-4,-5.683757599666784,0.853,0.843,1,NK cell
NHERF1,1.7882323666097355e-4,-1.7997524638825535,0.904,0.893,1,NK cell
RRM1,1.7893662092310493e-4,0.16845804423803568,0.12,0.11,1,NK cell
LMO4,1.8320379851696615e-4,0.2342814823544599,0.301,0.285,1,NK cell
ACKR3,1.8329871672036457e-4,0.14961114909755802,0.086,0.078,1,NK cell
VAMP8,1.885082801115683e-4,-0.5374464382063469,0.671,0.656,1,NK cell
SSBP3,1.911316271597439e-4,-0.16570668170445835,0.458,0.47,1,NK cell
MLC1,1.9145508816193827e-4,0.3874083014404961,0.309,0.295,1,NK cell
LPXN,1.9289239119284934e-4,0.6124426220674137,0.556,0.545,1,NK cell
DIPK1A,1.9394510567241407e-4,0.1588568290242951,0.086,0.076,1,NK cell
MT-CYB,1.9501070476391595e-4,-35.925435522030966,0.776,0.763,1,NK cell
RORA,2.0006657317353334e-4,-0.5809925544341308,0.669,0.674,1,NK cell
CHST14,2.0755890789612348e-4,0.13142686825761496,0.159,0.148,1,NK cell
ITPRIPL2,2.0862062159276342e-4,0.3870888610495049,0.016,0.012,1,NK cell
POLA1,2.1104763062615992e-4,0.10017829355915087,0.093,0.085,1,NK cell
FAHD2B,2.1132550148903557e-4,0.3159020445525549,0.014,0.011,1,NK cell
DNTTIP2,2.1514219002043632e-4,-0.146678664462786,0.376,0.385,1,NK cell
ZNF490,2.216089371964203e-4,0.10060017210242189,0.114,0.105,1,NK cell
ICE2,2.2273368315808704e-4,0.12905698883756855,0.072,0.065,1,NK cell
PPP6R2,2.239512653916497e-4,0.14782518912893594,0.422,0.405,1,NK cell
UBL3,2.248251290875127e-4,-0.1153138340204658,0.334,0.344,1,NK cell
PNPLA4,2.2651558753114604e-4,0.12335903300250539,0.029,0.025,1,NK cell
MED15,2.2943304236207804e-4,-0.13160666831136858,0.565,0.55,1,NK cell
OGG1,2.3075939774559214e-4,0.13707407159795126,0.223,0.208,1,NK cell
RHOF,2.3270838902613602e-4,0.32377794742483124,0.555,0.539,1,NK cell
MLH3,2.42549370239291e-4,0.10532889262596967,0.111,0.101,1,NK cell
SAMHD1,2.4482487706319853e-4,2.2544101747918415,0.815,0.804,1,NK cell
UROS,2.4939025014492685e-4,0.20857243166721917,0.19,0.178,1,NK cell
FKBP11,2.5078193493537597e-4,-0.26287404574284867,0.473,0.477,1,NK cell
SH2D3A,2.539658999794013e-4,0.14762602222726873,0.039,0.034,1,NK cell
SMC2,2.5483404310315555e-4,0.12204337552912548,0.11,0.102,1,NK cell
MEPCE,2.552431669658299e-4,0.23878730256992375,0.207,0.197,1,NK cell
ZC3H6,2.5546610389585723e-4,0.15728350955075054,0.14,0.13,1,NK cell
CEBPZ,2.568335275489828e-4,-0.16880635623890794,0.273,0.282,1,NK cell
CD53,2.5838624677433576e-4,1.1408763039615888,0.909,0.9,1,NK cell
GSTCD,2.611363354405638e-4,0.13595164032014617,0.066,0.059,1,NK cell
MAP3K8,2.677159659419153e-4,1.3950956805807575,0.578,0.585,1,NK cell
DGUOK,2.6891058758477963e-4,0.12688191669389454,0.333,0.321,1,NK cell
RHOH,2.7067412493528097e-4,0.1260421558931737,0.238,0.223,1,NK cell
CRYZ,2.7120953032226344e-4,0.15626453279137048,0.202,0.196,1,NK cell
ZNF75A,2.713206794197349e-4,0.12004147408183317,0.224,0.213,1,NK cell
RHOU,2.743289398757778e-4,0.2864596922084819,0.03,0.025,1,NK cell
ZNF445,2.8095062240820595e-4,0.14649579584327732,0.08,0.072,1,NK cell
POFUT1,2.832303301534586e-4,0.1825439384098657,0.063,0.056,1,NK cell
OSTF1,2.882159057462965e-4,-0.6609990724296333,0.785,0.772,1,NK cell
ARID4B,2.8869379620945364e-4,-0.2761783719727231,0.537,0.541,1,NK cell
APTX,2.902050327301993e-4,0.12023870099485556,0.136,0.126,1,NK cell
RPA1,2.9438755113306883e-4,0.1026020642092324,0.324,0.309,1,NK cell
ZFAND2B,2.9564134164265327e-4,0.15947999918836897,0.318,0.302,1,NK cell
MUS81,2.9569345476440656e-4,0.10407442164813019,0.164,0.153,1,NK cell
LIMD1,2.988804264880231e-4,0.12422574225720519,0.285,0.271,1,NK cell
TLE4,2.9937913680413715e-4,-0.17414431304633668,0.297,0.303,1,NK cell
YES1,3.0925032251728405e-4,-0.11181963899143377,0.193,0.204,1,NK cell
DLG5,3.169899560896103e-4,0.12225926561030198,0.177,0.169,1,NK cell
PNPLA2,3.176335262225396e-4,-1.2688967105560425,0.461,0.469,1,NK cell
PUS1,3.176719797596812e-4,0.190316518876112,0.126,0.119,1,NK cell
TYMS,3.220027537865029e-4,-8.048341316829905,0.017,0.013,1,NK cell
EML2,3.249626055328603e-4,0.1311370421191146,0.208,0.197,1,NK cell
MGA,3.2898502628691417e-4,0.18635738870182808,0.234,0.223,1,NK cell
KIF21A,3.290273532267379e-4,0.1208528090613401,0.117,0.108,1,NK cell
LANCL1,3.3253781728934784e-4,0.10623151403238151,0.211,0.2,1,NK cell
BAG6,3.333949575472546e-4,0.29259856486878966,0.441,0.426,1,NK cell
ARRDC5,3.38119450418111e-4,0.16518493213006158,0.086,0.079,1,NK cell
ABCG1,3.431868534846582e-4,0.10465698740483553,0.059,0.056,1,NK cell
HVCN1,3.4450377647764874e-4,-0.2035176385308255,0.1,0.091,1,NK cell
HDAC4,3.4467589666384264e-4,0.1466264966393226,0.223,0.214,1,NK cell
TOR4A,3.6340012501574705e-4,0.181991724338479,0.084,0.076,1,NK cell
TASOR,3.69493492071535e-4,0.34146641063336114,0.555,0.54,1,NK cell
CDYL,3.846890577101711e-4,0.1387906588988681,0.152,0.139,1,NK cell
EHBP1L1,3.896269372957454e-4,-0.1636469251391115,0.494,0.478,1,NK cell
PRKACB,3.9020338710037947e-4,0.5632874941680104,0.816,0.805,1,NK cell
FBXL18,3.926602614145509e-4,0.14192073021956375,0.073,0.065,1,NK cell
CIRBP,3.9450259984445023e-4,0.9695372642606381,0.687,0.677,1,NK cell
SRSF5,4.0203634783612436e-4,0.11482413208660303,0.582,0.589,1,NK cell
MAP2K6,4.045070768405179e-4,-0.17077248766807696,0.086,0.093,1,NK cell
PTPN9,4.1261268353158905e-4,0.14594902470396887,0.206,0.194,1,NK cell
NDUFAF8,4.148134998637769e-4,0.16214193342938055,0.214,0.202,1,NK cell
ABR,4.173929476451164e-4,0.11279420590655675,0.229,0.218,1,NK cell
PTPRM,4.25233782895084e-4,0.24745184850441415,0.045,0.039,1,NK cell
GRK2,4.2692399405025526e-4,-0.2089277704835384,0.749,0.734,1,NK cell
TENT4B,4.3010829745375624e-4,-0.16251188486733537,0.227,0.24,1,NK cell
PDLIM1,4.4591952580372367e-4,0.1963552232392498,0.07,0.063,1,NK cell
CD93,4.476131949745548e-4,0.21213354595658673,0.071,0.064,1,NK cell
HERC5,4.5896325876233285e-4,0.6476187530547362,0.088,0.094,1,NK cell
SH3BGRL3,4.6555229967501564e-4,2.9493983803257535,0.91,0.898,1,NK cell
JMJD4,4.681144011965699e-4,0.18706878787901893,0.094,0.085,1,NK cell
MLH1,4.713461035287153e-4,0.12616418306238142,0.167,0.157,1,NK cell
MAGED1,4.725704664697411e-4,0.1296193051022616,0.188,0.177,1,NK cell
B4GALT6,4.7869505610010287e-4,0.14234398416002536,0.127,0.117,1,NK cell
RNF213,4.8600333668864305e-4,-1.3851741360416048,0.801,0.792,1,NK cell
JUN,4.878474281752937e-4,38.99687274190277,0.249,0.241,1,NK cell
ADGRG5,4.940414626006298e-4,-0.20836863139156825,0.451,0.439,1,NK cell
CD48,4.987542846916457e-4,2.6542728320668925,0.817,0.805,1,NK cell
HNRNPH3,5.030097351443214e-4,-0.20792030629480118,0.414,0.423,1,NK cell
SNX14,5.073109107792433e-4,0.11043866001536684,0.436,0.423,1,NK cell
RPF2,5.08705549358365e-4,0.1149454922104658,0.084,0.077,1,NK cell
AGAP2,5.112533567629438e-4,0.1237813196324761,0.311,0.297,1,NK cell
MNAT1,5.14860076800616e-4,0.1559896146957398,0.139,0.13,1,NK cell
CCDC88C,5.188112285406417e-4,1.1502492657892773,0.857,0.847,1,NK cell
CITED4,5.209332564087208e-4,9.102660513872127,0.021,0.025,1,NK cell
DCAF17,5.218796476966707e-4,0.15026056696385548,0.201,0.191,1,NK cell
KLHL36,5.233961315514702e-4,0.12766155551864422,0.16,0.149,1,NK cell
MTERF1,5.346080635152166e-4,0.1387904219647429,0.097,0.089,1,NK cell
SLC25A12,5.373268487935979e-4,0.16729228097105664,0.159,0.15,1,NK cell
ISCA1,5.516670341796749e-4,-0.14903204418554794,0.12,0.126,1,NK cell
C4orf3,5.617736961995839e-4,-0.3669926833130872,0.637,0.623,1,NK cell
NUDT5,5.640876762608658e-4,0.10213748328587674,0.263,0.249,1,NK cell
GGPS1,5.657290400211503e-4,0.12067111517964002,0.134,0.124,1,NK cell
PLXNA4,5.66097711490245e-4,-2.982453387290259,0.075,0.068,1,NK cell
CCNJL,5.661833409656901e-4,0.17516290296536674,0.065,0.06,1,NK cell
IGFLR1,5.722685441231472e-4,0.52886134205267,0.281,0.266,1,NK cell
PSMB10,5.731638887370793e-4,1.7042932268577005,0.562,0.554,1,NK cell
CASP3,5.734280180063467e-4,0.572210047454543,0.267,0.256,1,NK cell
C11orf68,5.757791248390164e-4,0.10750526664517157,0.218,0.208,1,NK cell
CAPN1,5.8246426304378e-4,0.13895967810586507,0.513,0.497,1,NK cell
STK40,5.834461896757416e-4,0.1065644645720385,0.351,0.338,1,NK cell
S1PR5,5.891280834293603e-4,-0.12512391212050744,0.666,0.659,1,NK cell
C11orf71,5.909325462453249e-4,0.1423532841040096,0.089,0.08,1,NK cell
PNN,6.004683144554805e-4,-0.12068053759912967,0.4,0.401,1,NK cell
DUSP7,6.068695306217874e-4,0.13624884339482352,0.217,0.207,1,NK cell
MEF2A,6.088108920252972e-4,0.194155010439105,0.154,0.144,1,NK cell
SMC4,6.128479839837438e-4,0.11258733759382622,0.203,0.195,1,NK cell
ZWILCH,6.1980699611014e-4,0.1278336449275983,0.064,0.057,1,NK cell
ZNF529,6.246838584568853e-4,0.13484709357760138,0.12,0.111,1,NK cell
APOL6,6.275096274510441e-4,0.1865458619829976,0.648,0.662,1,NK cell
ZNF605,6.513866604184078e-4,0.1749572152437313,0.054,0.048,1,NK cell
LRWD1,6.533837276063863e-4,0.19966168455512046,0.059,0.052,1,NK cell
S100A8,6.547747987191261e-4,1.0876032382092715,0.096,0.106,1,NK cell
PARP14,6.66738420151491e-4,-0.22375280602288328,0.456,0.447,1,NK cell
HSP90AB1,6.767408511198029e-4,-0.21052074969971835,0.328,0.337,1,NK cell
COX15,6.833725614746589e-4,0.149721791718878,0.147,0.138,1,NK cell
ZNF350,6.930603903767537e-4,0.14256693814749033,0.085,0.078,1,NK cell
OGFR,7.046054669769614e-4,-0.1907768433808295,0.316,0.305,1,NK cell
ATP8B3,7.107781727900256e-4,0.24734948619909192,0.052,0.044,1,NK cell
AKR1B1,7.149604293352183e-4,0.14128340295000796,0.352,0.34,1,NK cell
ZNF225,7.183824723968486e-4,0.2012625163454862,0.037,0.033,1,NK cell
DDX1,7.251969369593296e-4,0.11380960921080915,0.296,0.283,1,NK cell
PHRF1,7.304524518218872e-4,0.12611240743978014,0.144,0.134,1,NK cell
BTG1,7.312942850692273e-4,17.817407032543493,0.811,0.814,1,NK cell
MINPP1,7.384213829230367e-4,0.14129461257985643,0.083,0.077,1,NK cell
ZNF543,7.425026585718847e-4,0.12359978789551285,0.066,0.061,1,NK cell
GPR68,7.445442521514294e-4,0.16572151735261204,0.239,0.233,1,NK cell
SLX4,7.535555383257842e-4,0.1328718828705555,0.062,0.056,1,NK cell
SRCAP,7.571835430369675e-4,0.11676221247475038,0.404,0.39,1,NK cell
KBTBD8,7.691718394930166e-4,0.17728161917691176,0.034,0.029,1,NK cell
ULK2,7.736651626894709e-4,0.12027352786774825,0.087,0.08,1,NK cell
STK36,7.947522182520466e-4,0.20704768195996248,0.03,0.025,1,NK cell
TP53RK,8.038865972324913e-4,0.12323448753507193,0.16,0.15,1,NK cell
DNAAF10,8.1766852381037e-4,0.11862033869959898,0.073,0.067,1,NK cell
CD3G,8.34966551551863e-4,0.8254542491148644,0.255,0.247,1,NK cell
CCNF,8.357924799019834e-4,0.15195886017236537,0.039,0.034,1,NK cell
SCRN3,8.550105406568919e-4,0.12418489354683615,0.077,0.07,1,NK cell
CYC1,8.668122424044471e-4,0.22144110967288255,0.323,0.31,1,NK cell
ZNF613,8.718794697204223e-4,0.12253097596464801,0.039,0.034,1,NK cell
FGFBP2,8.72488001994448e-4,0.9609753318266421,0.815,0.804,1,NK cell
ZNF257,8.756493992675635e-4,0.28927301550989526,0.025,0.02,1,NK cell
TRIP11,8.764784688327212e-4,0.10110645002749497,0.177,0.167,1,NK cell
PPP4R3B,8.785680894409783e-4,0.14295513142303484,0.491,0.478,1,NK cell
ADRB2,8.804754520790958e-4,-0.9524822916045546,0.693,0.681,1,NK cell
GVQW3,8.836136912734838e-4,0.15660418575636914,0.045,0.039,1,NK cell
PLCG2,9.009972408282912e-4,-0.23377746341819172,0.468,0.454,1,NK cell
MYO18A,9.01306731851658e-4,0.14193095017401824,0.154,0.145,1,NK cell
SAMSN1,9.153854057248376e-4,-0.16323669774021998,0.156,0.169,1,NK cell
ZNF594,9.210159257394594e-4,0.2726243245075044,0.029,0.024,1,NK cell
LRRC27,9.212450410349822e-4,0.14168698787805445,0.046,0.04,1,NK cell
PWWP3A,9.21422192621305e-4,0.11797805931186423,0.169,0.16,1,NK cell
WASHC3,9.223820043223559e-4,0.11061724781332988,0.279,0.267,1,NK cell
SERBP1,9.265740806490041e-4,-0.15185543671808643,0.433,0.443,1,NK cell
MAN1B1,9.273492062646708e-4,0.11336868980767911,0.2,0.19,1,NK cell
TCEAL1,9.323820682161657e-4,0.1781009837489358,0.077,0.07,1,NK cell
SMC1A,9.368705096522035e-4,0.6147869420254588,0.467,0.451,1,NK cell
IGHG1,9.489554319586361e-4,0.32545165840393153,0.011,0.014,1,NK cell
CD8A,9.567521711286535e-4,-2.313709414320524,0.272,0.269,1,NK cell
TRGC1,9.671340980678411e-4,2.543286620500224,0.488,0.471,1,NK cell
TMEM126B,9.747499977246177e-4,0.1296183107431177,0.266,0.256,1,NK cell
GPR25,9.787192651740239e-4,0.17404177967329293,0.034,0.031,1,NK cell
ABTB3,9.851699782465618e-4,0.2586798333446425,0.026,0.024,1,NK cell
ATG4A,9.872021092590254e-4,0.13524348942519238,0.1,0.091,1,NK cell
SLC35A4,9.902786196975826e-4,0.23743111097508662,0.352,0.337,1,NK cell
SLC16A13,9.998400272757935e-4,0.22151326694578932,0.041,0.036,1,NK cell
S1PR2,0.0010128508990263387,0.18834379596254403,0.058,0.053,1,NK cell
PRDM1,0.0010200038599352207,1.5308894215928133,0.552,0.534,1,NK cell
SPTSSB,0.0010200371552975364,1.6239069799154722,0.028,0.026,1,NK cell
NR4A2,0.001022291918472726,0.42267396921107125,0.084,0.089,1,NK cell
CFAP68,0.0010288863159719575,0.21347887871966087,0.063,0.057,1,NK cell
TMEM102,0.0010332048945794561,0.12560688400726594,0.118,0.11,1,NK cell
BANF1,0.0010397421195628967,0.11697951080469493,0.143,0.133,1,NK cell
PPWD1,0.0010554767732571543,0.11617457720520093,0.284,0.269,1,NK cell
CHST12,0.001064255444106302,-0.12746947791061158,0.622,0.607,1,NK cell
GGACT,0.0010649667239022262,0.1381557609776869,0.061,0.055,1,NK cell
QARS1,0.00107707549158945,0.14150409102494943,0.388,0.378,1,NK cell
SEPTIN7,0.0010838656988774776,-0.14408591377073487,0.46,0.457,1,NK cell
LSP1,0.0010861839628802136,-1.1572896952842662,0.95,0.943,1,NK cell
SLC25A25,0.0010997740425602264,0.16614280160876693,0.102,0.093,1,NK cell
STK38,0.0011142854114268596,0.42398750580225375,0.812,0.812,1,NK cell
SYNGR2,0.0011241158355928262,0.13681929587509456,0.293,0.283,1,NK cell
NEK9,0.0011533840558936358,0.11489327533922733,0.179,0.17,1,NK cell
TMEM68,0.0011595594108859111,0.13858488003004843,0.182,0.172,1,NK cell
PKN1,0.0011980412377029525,-0.2306423988361983,0.56,0.546,1,NK cell
NEMP1,0.0012194580861142046,0.1569334246387979,0.074,0.068,1,NK cell
LATS2,0.001252221881760112,-0.1452998993693071,0.171,0.181,1,NK cell
WDR3,0.0012595859071637147,0.138517400719389,0.099,0.091,1,NK cell
SMDT1,0.0012685744087669848,0.12580732266691275,0.335,0.32,1,NK cell
LINS1,0.0012707471188805417,0.11723759799636391,0.209,0.199,1,NK cell
SMU1,0.0012847087774348934,0.14556006170441327,0.231,0.221,1,NK cell
PRDM10,0.0012889580274779737,0.13384743097007767,0.076,0.068,1,NK cell
GDAP1,0.00130556612593293,0.17212295605455186,0.041,0.037,1,NK cell
TMEM229B,0.001311660320232796,0.1651729700835105,0.167,0.157,1,NK cell
IQGAP2,0.001339551319862566,-0.4325325785821885,0.645,0.629,1,NK cell
FCER1G,0.0013409638763186085,-1.5790732064405049,0.612,0.611,1,NK cell
CBR4,0.0013464883869996193,0.15389679042084037,0.153,0.145,1,NK cell
CIAO1,0.0013531560126954474,0.11209174070463246,0.324,0.309,1,NK cell
SARAF,0.0013625208437015779,-0.1261066630948825,0.401,0.411,1,NK cell
TPRA1,0.0013823484571171805,0.1159055139444356,0.102,0.094,1,NK cell
TBCC,0.001389549033535355,-0.1362494294762011,0.346,0.352,1,NK cell
RNF149,0.0013898113464999202,0.14203744824538522,0.467,0.452,1,NK cell
DNAJB1,0.001400963784330656,-0.16353361933518504,0.242,0.248,1,NK cell
C1orf122,0.0014127141278059397,0.16055812999929397,0.055,0.048,1,NK cell
NEIL2,0.0014678405647496303,0.18895886809825013,0.042,0.037,1,NK cell
DEGS1,0.0014678970021715374,0.13439920758870094,0.242,0.231,1,NK cell
PIGN,0.0014718316383858098,0.11415881518613347,0.151,0.141,1,NK cell
H3C10,0.001473563065689803,-6.93508512673279,0.032,0.028,1,NK cell
TUBB,0.0014848422809312465,0.511761378477779,0.177,0.168,1,NK cell
CCDC159,0.001485419894390474,0.15418118188385033,0.188,0.176,1,NK cell
CYP51A1,0.0014899519228549678,-0.762017801552157,0.107,0.114,1,NK cell
ARL2,0.0014917630737155997,0.10064444023873209,0.163,0.152,1,NK cell
WDR27,0.001523280563408489,0.14069759584368047,0.099,0.091,1,NK cell
RPE,0.00154407822812123,0.16139166452310877,0.235,0.223,1,NK cell
ZNF70,0.001551356812457878,0.18042752713132915,0.095,0.089,1,NK cell
USP39,0.0015528477735349034,0.14763128292782335,0.213,0.202,1,NK cell
TRMT10A,0.0015625421509665488,0.35028689954820136,0.028,0.024,1,NK cell
SEPTIN1,0.0015730518054349145,0.2387037707948556,0.639,0.624,1,NK cell
EIF4E3,0.0015749196994580743,0.6183949717538386,0.687,0.675,1,NK cell
NOSIP,0.0015990303365156888,-0.1461078530433462,0.249,0.242,1,NK cell
ZNF609,0.0016145822253358269,0.26758037280898417,0.432,0.422,1,NK cell
CKLF,0.001620747647356493,0.3258305381429816,0.438,0.425,1,NK cell
CCNL2,0.00162137072179512,-0.1589010180972119,0.523,0.508,1,NK cell
ATAD1,0.001621907125701936,0.10975714847777773,0.286,0.274,1,NK cell
PEX11B,0.0016307923282882126,0.1402499611495187,0.132,0.124,1,NK cell
OSBPL5,0.0016372915929213278,0.22544148645660544,0.352,0.331,1,NK cell
COPS3,0.0016387220674867983,0.11467311016930343,0.231,0.222,1,NK cell
SAXO2,0.001685110694864326,0.2297211627246174,0.015,0.013,1,NK cell
STIM2,0.001686604587268383,0.17658415206087213,0.287,0.274,1,NK cell
BBS12,0.0017095446307542929,0.2833084796812413,0.015,0.012,1,NK cell
KBTBD7,0.0017358739527093396,0.12868080018016315,0.05,0.045,1,NK cell
FKTN,0.0017683397470721004,0.17307996931310754,0.053,0.047,1,NK cell
CD3D,0.0017825968567541633,-5.328117527980195,0.256,0.252,1,NK cell
TMEM250,0.0017843782463965478,0.11791166154431816,0.293,0.283,1,NK cell
PYGB,0.0017844155403483862,0.1973934815427406,0.234,0.223,1,NK cell
HELQ,0.0017961109195978328,0.1322054400221636,0.199,0.188,1,NK cell
PAN2,0.0017964758249235636,0.11933529714215285,0.131,0.123,1,NK cell
KPNA3,0.00180313849975331,0.10022111358379412,0.282,0.27,1,NK cell
PLCL1,0.001806284011518928,-0.19602732724757388,0.017,0.019,1,NK cell
DAPK2,0.001810510595573066,0.22795238161745512,0.058,0.052,1,NK cell
PPP1R16B,0.0018213098542337073,-0.20979502998945895,0.27,0.277,1,NK cell
CASC3,0.0018311778581370482,-0.10051306591598874,0.41,0.399,1,NK cell
TMCO6,0.0018446242057866683,0.230802722644047,0.043,0.04,1,NK cell
RNF141,0.0018697716454472797,0.10212171801886338,0.081,0.075,1,NK cell
MROH1,0.0019297745594600865,0.1231590271264229,0.105,0.097,1,NK cell
SLC25A3,0.0019324682568712536,0.10132257303990722,0.391,0.376,1,NK cell
BTBD1,0.0019354415665140804,0.15709027752733518,0.286,0.272,1,NK cell
CHST2,0.0019571148049107923,-0.26955308246883325,0.418,0.404,1,NK cell
ARHGAP21,0.0019700087234839066,-0.12960687533665727,0.068,0.074,1,NK cell
NUDT9,0.0019705453807894063,0.10801957125619133,0.101,0.094,1,NK cell
NFKBIZ,0.0019770980283444414,-1.9546725256239732,0.155,0.162,1,NK cell
RRAS2,0.001998710245348058,0.24624059653404173,0.456,0.443,1,NK cell
FH,0.002023258135703187,0.14690456398403007,0.151,0.142,1,NK cell
AKAP11,0.0020303354110956717,0.11993897610366264,0.322,0.311,1,NK cell
DHX35,0.0020307319606232494,0.12250382816964978,0.058,0.052,1,NK cell
ZNF322,0.002053395506497792,0.13769655061071662,0.104,0.098,1,NK cell
STBD1,0.002076886935866676,0.23511753524758205,0.019,0.016,1,NK cell
NDUFA10,0.002094841417498055,0.13942709802976982,0.441,0.426,1,NK cell
VSTM4,0.0021281927606658616,0.2567641615646439,0.012,0.009,1,NK cell
CCR1,0.002130526663846734,0.14700210497829014,0.028,0.024,1,NK cell
TRMO,0.002136634803651605,0.10322115171853796,0.159,0.148,1,NK cell
ZNF550,0.0021796935521818336,0.14657194284557873,0.079,0.073,1,NK cell
PPP2R5B,0.002229028196683288,-0.1601273332641333,0.063,0.063,1,NK cell
ARHGEF18,0.002230536173693749,0.1476330581279548,0.335,0.321,1,NK cell
PIGV,0.002252466278709707,0.10940624999028614,0.114,0.105,1,NK cell
HSP90AA1,0.0022701297175560303,-0.39014229958751967,0.531,0.534,1,NK cell
YPEL3,0.0022784634086229967,-0.1717415643061886,0.434,0.442,1,NK cell
SEC24C,0.0022814764589299684,0.11086377456560281,0.355,0.343,1,NK cell
ARPC1B,0.002286284035285344,0.546301309974055,0.63,0.615,1,NK cell
C11orf24,0.002300799819255044,0.11584943166630035,0.085,0.077,1,NK cell
OXNAD1,0.0023202353182480676,-0.31562576642125584,0.239,0.223,1,NK cell
RHOA,0.0023283324439147086,-0.20788182376482878,0.686,0.698,1,NK cell
MT-ND3,0.00235841459708521,6.482582692698678,0.925,0.918,1,NK cell
EIF2B2,0.0023761721199778356,0.12480672601174359,0.097,0.089,1,NK cell
CPNE3,0.002386320836640256,0.11961326827638885,0.35,0.336,1,NK cell
LAMTOR4,0.0023887053398673093,0.1245450665598502,0.484,0.468,1,NK cell
MBP,0.002391065257029645,0.15286805986969354,0.375,0.359,1,NK cell
RASA1,0.002391636524073021,0.12213191959608333,0.225,0.212,1,NK cell
KANSL1L,0.002402968043072041,0.1454545390738886,0.062,0.055,1,NK cell
MORF4L1,0.0024545935048239315,-0.10249344867708621,0.212,0.218,1,NK cell
STYK1,0.0024771462155725433,0.2611427573838929,0.017,0.014,1,NK cell
BIRC6,0.0025503706766866413,0.11482845109546225,0.514,0.503,1,NK cell
USP19,0.00255871667742794,0.11590568032956439,0.197,0.189,1,NK cell
TAF4,0.0025599953437701627,0.1202366790169227,0.237,0.225,1,NK cell
SNX13,0.002570045213035868,0.13871007275378394,0.28,0.271,1,NK cell
MYH3,0.0025902885296906993,0.5470491129599848,0.015,0.012,1,NK cell
ADD1,0.0025974867159721912,0.31290915138713693,0.746,0.735,1,NK cell
KLHL15,0.002625884867982249,-0.12913072992265606,0.076,0.083,1,NK cell
FCMR,0.002645871537882847,-5.4422129587299635,0.68,0.68,1,NK cell
TIGD2,0.0026762829912707676,0.12019494527242847,0.055,0.05,1,NK cell
CST7,0.0026848172616465004,-4.229458217611551,0.987,0.983,1,NK cell
NUDC,0.0026965967838416464,0.12132419987155042,0.313,0.3,1,NK cell
SAMD9,0.002696706173035061,0.5980435895296936,0.383,0.373,1,NK cell
CNPPD1,0.0027185396919066247,0.10117586240497267,0.334,0.323,1,NK cell
SLC4A4,0.00272268533784767,0.10681725601926684,0.157,0.152,1,NK cell
SCOC,0.0027257438230975984,0.10117233459822605,0.06,0.055,1,NK cell
SORL1,0.002735219404477201,0.29709123641672,0.739,0.731,1,NK cell
RBM39,0.002743159812030734,-0.10452164758767979,0.545,0.551,1,NK cell
PMM2,0.0027513705463888182,0.11674235694513269,0.145,0.138,1,NK cell
SPG11,0.002763393734969441,0.1682288565984036,0.443,0.431,1,NK cell
GALNT10,0.00277567706840575,0.16468599339438483,0.346,0.33,1,NK cell
STX11,0.002786313060120176,0.2288136928748421,0.191,0.183,1,NK cell
PEX11A,0.0027897628006042135,0.3120901427737004,0.053,0.046,1,NK cell
PCID2,0.0028041222221682986,0.17647083501610086,0.264,0.254,1,NK cell
TTC4,0.002852570365420316,0.1424351482318693,0.056,0.051,1,NK cell
PPP1CA,0.002885868791421768,-0.40177031853583367,0.532,0.518,1,NK cell
PARVB,0.002901847554260478,0.19992237886569475,0.029,0.024,1,NK cell
HIGD1A,0.002929544465888418,0.11097481391661734,0.05,0.045,1,NK cell
LPCAT3,0.0029302647211840874,0.13193362293210287,0.111,0.104,1,NK cell
PSMB9,0.0029547594555378483,0.4604081805646141,0.652,0.637,1,NK cell
PMS1,0.002957933821470233,0.10445926190625744,0.266,0.258,1,NK cell
RABAC1,0.002987863432291712,0.13498681486742614,0.358,0.343,1,NK cell
MT-ND5,0.002989836775593475,0.13221688537904686,0.292,0.296,1,NK cell
AKAP5,0.0030954759194529776,-0.47487087310250836,0.138,0.147,1,NK cell
EFHC1,0.003110064299950582,0.19997205908422488,0.043,0.038,1,NK cell
ARHGEF3,0.0031366492206487987,0.4232507535149441,0.692,0.678,1,NK cell
HSPA1B,0.0032177545288555264,-4.795448035518354,0.064,0.059,1,NK cell
SPTLC2,0.003222684455883299,0.1946282230752759,0.246,0.237,1,NK cell
SIRT2,0.003229185227541978,0.1997488986951469,0.224,0.216,1,NK cell
TGFBR1,0.0032303808964767007,1.1303183403476753,0.704,0.692,1,NK cell
HAUS6,0.0032768444235751976,0.13287474487417067,0.233,0.222,1,NK cell
PRDX3,0.0032821197121740936,0.10608895774978722,0.09,0.083,1,NK cell
GADD45A,0.0032934713269556653,8.643250006290064,0.073,0.078,1,NK cell
SKIL,0.0033018676608973885,-0.1450674551402541,0.168,0.164,1,NK cell
MT-ND1,0.003326652176489645,-0.1610199663801224,0.098,0.102,1,NK cell
SUMF2,0.00333490212675395,0.17502061473232666,0.365,0.356,1,NK cell
AKR1C3,0.0033395080693105774,-1.4172880737674518,0.373,0.38,1,NK cell
CCNI,0.0033795347375698043,-0.257525795253704,0.741,0.744,1,NK cell
GPR107,0.003382442155926811,0.12610717509151415,0.199,0.189,1,NK cell
ABCD1,0.0033938285247821923,0.16164370753555124,0.069,0.062,1,NK cell
CEP19,0.003400197199868781,0.20028396830750772,0.022,0.018,1,NK cell
CDC42SE2,0.0034022313640674857,-0.39832343332661857,0.874,0.872,1,NK cell
HTATIP2,0.003404153397011176,0.10049098910848908,0.187,0.178,1,NK cell
N4BP2L2,0.0034093035017595647,0.21540399122773835,0.782,0.775,1,NK cell
GBP5,0.0034246327876068326,-3.3752940331526204,0.749,0.743,1,NK cell
OR52N4,0.003487909893305674,0.5023536255078316,0.01,0.008,1,NK cell
LENG9,0.003558595351419273,0.18359473927792758,0.028,0.024,1,NK cell
VARS2,0.003571958807069369,0.1135556131680393,0.052,0.047,1,NK cell
ZNF493,0.0035981967369127185,0.11094485927117287,0.25,0.239,1,NK cell
ENSG00000285976,0.0036377523261329325,-0.16647390171209686,0.032,0.036,1,NK cell
TMEM60,0.0036452978316951286,0.12321677781604867,0.088,0.08,1,NK cell
EGLN1,0.0036477758261000484,0.11352822024020624,0.308,0.295,1,NK cell
SLC20A2,0.003648946758347795,0.15060103387930734,0.1,0.092,1,NK cell
NDUFA9,0.0036599702957204375,0.10887989810783827,0.124,0.121,1,NK cell
CYP4V2,0.0036612791921220317,0.2909331768995207,0.24,0.224,1,NK cell
SLC25A30,0.003689655129651267,-0.17465194394528805,0.057,0.061,1,NK cell
ACSL4,0.003739640776294121,0.12367475777001091,0.212,0.203,1,NK cell
CYTH3,0.003768472700578536,-0.18257043347856783,0.084,0.093,1,NK cell
SNAPIN,0.0037690579496470296,-0.13289467237482055,0.145,0.14,1,NK cell
RB1CC1,0.0037808929107469276,-0.11718531626777651,0.269,0.277,1,NK cell
C7orf25,0.0038019488521534397,0.12926721388864726,0.102,0.093,1,NK cell
TGFB1,0.0038067122456902857,-0.16832158118432838,0.435,0.442,1,NK cell
CLU,0.0038158640065955795,1.10625542868212,0.017,0.014,1,NK cell
GBA2,0.003850022610500135,-0.10353639203064477,0.277,0.264,1,NK cell
VASH1,0.003864102361843651,0.14446892112839116,0.07,0.064,1,NK cell
C1GALT1C1,0.0038944696511591516,-0.17950514576553234,0.134,0.134,1,NK cell
ITGA4,0.0039006259387075904,17.543482306260927,0.744,0.733,1,NK cell
OARD1,0.00391826886846946,0.12805542260765393,0.243,0.233,1,NK cell
FSD1,0.003920797080462973,0.23734404511087748,0.067,0.059,1,NK cell
HENMT1,0.003944589718680781,0.15422106573796784,0.286,0.274,1,NK cell
FYB1,0.003959681593942116,1.8966435893596945,0.763,0.755,1,NK cell
ZNF512B,0.003970313765139789,0.10482493726268505,0.074,0.068,1,NK cell
CHAF1B,0.003972440336822463,-0.115696944224704,0.038,0.036,1,NK cell
ZNRD2,0.0040118059576489005,-0.132138845720857,0.138,0.146,1,NK cell
MYCBP,0.004014071595494942,0.17153848490269685,0.165,0.156,1,NK cell
ZNF502,0.004026418094098254,0.2360662174129966,0.03,0.027,1,NK cell
PHF19,0.0040273773406006375,-0.46691342906892463,0.182,0.173,1,NK cell
CEP41,0.004043599083827208,0.1936348928636744,0.051,0.046,1,NK cell
APBA2,0.004061579423715978,0.18491756975427798,0.284,0.268,1,NK cell
ZNF813,0.00408279536729165,0.14269377854611154,0.03,0.027,1,NK cell
PSMA1,0.004090078615735854,-0.10798450536399073,0.117,0.118,1,NK cell
ACSS1,0.004094063346316674,0.1749408231691475,0.208,0.2,1,NK cell
MGME1,0.004124094276276177,0.17134578883490637,0.121,0.115,1,NK cell
ARHGAP27,0.004129823073685677,0.11391541068857663,0.332,0.317,1,NK cell
WDR55,0.004143799972041541,0.1196407820453641,0.185,0.176,1,NK cell
ZC3H4,0.004184516770697775,0.16785727587451027,0.371,0.364,1,NK cell
DNAAF5,0.004292708835392276,0.11734549602955857,0.05,0.046,1,NK cell
POLI,0.00431522854771078,0.11447215155077983,0.154,0.147,1,NK cell
CETN2,0.00437195993577821,0.10833507722201063,0.098,0.091,1,NK cell
ACAD10,0.0043869183900853495,0.1864435165898688,0.045,0.041,1,NK cell
IL12RB1,0.004403885380235302,0.13297754980770443,0.309,0.297,1,NK cell
ZBTB17,0.004418172670006361,0.10320413239873161,0.12,0.112,1,NK cell
NLRC3,0.004423305652999136,0.3574832462404096,0.574,0.563,1,NK cell
CD72,0.004426958403381011,0.17395225930946134,0.044,0.039,1,NK cell
ITGAD,0.004446128442797206,2.898687679549015,0.023,0.021,1,NK cell
TRIM56,0.004474494970705587,0.166191867901562,0.255,0.246,1,NK cell
ZNF724,0.004477963705968725,0.109369232625804,0.022,0.019,1,NK cell
BLTP1,0.004481426801775983,-0.14231041408909173,0.383,0.377,1,NK cell
ZNF670,0.004533518086123999,0.2440834605096942,0.016,0.013,1,NK cell
IQCC,0.0045460242316118,0.4277532344955475,0.01,0.008,1,NK cell
PIGT,0.00456698924131414,-0.13128238913726864,0.218,0.224,1,NK cell
PIGU,0.004570771808421691,0.1620246535158314,0.059,0.054,1,NK cell
FHL3,0.00458926985689364,0.13543910727108466,0.268,0.262,1,NK cell
TCF4,0.0046849681481443495,1.2774432999270386,0.025,0.023,1,NK cell
SRP54,0.004694738478712211,0.1110077709589633,0.326,0.32,1,NK cell
NFIC,0.00471063906668998,0.13199334348576652,0.065,0.06,1,NK cell
ADD3,0.004750370904957603,-0.7901299156778974,0.723,0.708,1,NK cell
MRTFB,0.004789352908065934,0.20590645467910873,0.039,0.035,1,NK cell
ERMN,0.004815939526718195,0.19477328910644864,0.043,0.038,1,NK cell
IL6ST,0.004817393366593414,0.2253993295759189,0.073,0.067,1,NK cell
TP53INP2,0.004826279344726971,-0.19109198549388218,0.017,0.02,1,NK cell
SRFBP1,0.0048350968899768376,0.10937362715657839,0.153,0.144,1,NK cell
BCCIP,0.004855470244464756,-0.1384755335799228,0.271,0.277,1,NK cell
ZNF678,0.00485554281610941,0.10703129927685628,0.103,0.096,1,NK cell
REEP3,0.004861158585420713,-0.10434483350171542,0.078,0.077,1,NK cell
CEP20,0.0048639519564003695,0.1271344242396211,0.273,0.264,1,NK cell
TRAPPC2L,0.0049065833331768845,-0.12040237168725465,0.131,0.136,1,NK cell
MAP3K14,0.004966856846385484,0.17040301623820975,0.052,0.048,1,NK cell
IFRD1,0.005109077925936864,-0.10889411469615984,0.193,0.201,1,NK cell
C12orf4,0.0051139526028793295,0.14853659041871525,0.093,0.086,1,NK cell
LIMA1,0.005134755965597331,0.14231702975983018,0.108,0.098,1,NK cell
ARGLU1,0.00515601927011426,-0.19702862623934658,0.543,0.541,1,NK cell
PAPOLA,0.0051686710876886555,-0.10050665280672266,0.196,0.202,1,NK cell
KCTD13,0.00520868196324478,0.11086852015060122,0.159,0.15,1,NK cell
FAM216A,0.005240652832707273,0.1868383979987014,0.037,0.033,1,NK cell
KIAA2026,0.005241797316064852,-0.13878640578843493,0.595,0.583,1,NK cell
PYCR3,0.005245663993111964,0.3815732642639187,0.011,0.009,1,NK cell
DPH6,0.005258320687627802,0.1030282965784306,0.138,0.128,1,NK cell
CREBZF,0.005269404124668676,0.15887908121514238,0.478,0.469,1,NK cell
ZNF568,0.0052802430332584685,0.11481043538842961,0.123,0.118,1,NK cell
PSMD3,0.005348431509749567,0.12092276780855739,0.304,0.292,1,NK cell
PHYH,0.005349125524975761,0.12856647969077173,0.023,0.02,1,NK cell
THEMIS,0.005352146467369407,-5.319640590701473,0.096,0.092,1,NK cell
WDR36,0.005378650653076228,0.1394305479097817,0.114,0.107,1,NK cell
GGCT,0.005411745215473221,0.105424935384002,0.07,0.064,1,NK cell
TAF7,0.005488187228312435,2.104037487582462,0.575,0.564,1,NK cell
KLHDC7B,0.0054883584122913925,0.1869047517512601,0.037,0.033,1,NK cell
INO80B,0.005508185633125994,0.1041560465658139,0.192,0.182,1,NK cell
IPP,0.005518132202165223,0.1151201953782226,0.098,0.091,1,NK cell
FAM172A,0.005530927171286784,0.1257223244546044,0.381,0.367,1,NK cell
B3GALT4,0.005539734941455719,0.11682951759547988,0.142,0.133,1,NK cell
LGALS3,0.0055626675006750295,-0.13394596436084116,0.093,0.088,1,NK cell
IQSEC3,0.005582288169862041,-0.3980173645233611,0.007,0.01,1,NK cell
MT-ATP6,0.0056169143417017205,-61.457881263865126,0.924,0.923,1,NK cell
C3AR1,0.005639793751130812,0.1645497274792027,0.092,0.085,1,NK cell
MMS22L,0.005647349433687742,0.1747086865520866,0.058,0.052,1,NK cell
DOCK8,0.005651873647868888,0.1299398761074655,0.549,0.533,1,NK cell
CD99L2,0.005660915206313976,0.11014001056423228,0.107,0.1,1,NK cell
ZNF582,0.005673989364645616,0.26257976507673897,0.035,0.031,1,NK cell
PRKCH,0.005676626718457225,-0.1412493084042179,0.66,0.647,1,NK cell
PRPF38A,0.00568025297071338,0.12319786365837981,0.344,0.334,1,NK cell
APPL2,0.005710792208134067,-0.10433923781499388,0.184,0.187,1,NK cell
ARL6,0.005725438258555094,0.12913799348237998,0.035,0.031,1,NK cell
CPEB3,0.0057285984309676866,-0.17688574982129257,0.046,0.049,1,NK cell
ADO,0.0057394406573313345,0.1651840491305716,0.05,0.046,1,NK cell
BRPF1,0.0057437002065991285,0.1022747988675734,0.208,0.198,1,NK cell
ABAT,0.005753346627976923,0.14898751097243101,0.067,0.061,1,NK cell
ZNF12,0.005804581968884355,0.12278308300436835,0.168,0.159,1,NK cell
MBLAC2,0.0058360788499468505,0.22572565181516424,0.019,0.016,1,NK cell
HEBP2,0.005852281896959476,-0.10674540195301774,0.181,0.181,1,NK cell
PRSS23,0.005910731396401876,-0.5312102761397757,0.706,0.698,1,NK cell
SMAD1,0.005919752268169599,4.29699647884523,0.01,0.012,1,NK cell
RRP12,0.005979674158689499,0.15040142799584189,0.061,0.055,1,NK cell
RXYLT1,0.00600219413969003,0.16011800637543416,0.054,0.05,1,NK cell
ARMCX2,0.006004669209280252,0.4069563019646756,0.011,0.01,1,NK cell
KLF10,0.006014208276707132,3.0446656015020546,0.203,0.207,1,NK cell
CLN5,0.0060255899307379394,0.1791326057758118,0.021,0.018,1,NK cell
TMEM134,0.006043167014234587,0.1304901687678368,0.151,0.145,1,NK cell
DUSP23,0.00604992025113443,0.141074649778401,0.097,0.092,1,NK cell
PLEC,0.006086010759500805,-0.18467157818563434,0.233,0.224,1,NK cell
NR3C2,0.006165038992637607,-0.2528202471239265,0.063,0.068,1,NK cell
RECQL,0.006191636097150709,0.19676614874899911,0.423,0.407,1,NK cell
LBH,0.006229070709132425,2.226705720942153,0.627,0.615,1,NK cell
MOSPD2,0.006284274572461235,0.19129442387176865,0.115,0.104,1,NK cell
TEX10,0.006308540980147905,0.12404006049440097,0.087,0.081,1,NK cell
CDCA8,0.006315056179373527,0.9407567339682608,0.01,0.008,1,NK cell
SH2D1B,0.006408245382981335,-7.097424495817674,0.642,0.643,1,NK cell
RSF1,0.006492212550460915,-0.13703885330339374,0.257,0.256,1,NK cell
AIFM2,0.006509577873461518,0.12348176708801706,0.031,0.027,1,NK cell
LRIG1,0.00651079293053444,-0.28572763637352994,0.061,0.067,1,NK cell
TM9SF1,0.006525884153060443,0.18669045000189444,0.1,0.094,1,NK cell
EMC1,0.006541760817117556,0.1065444870450889,0.126,0.118,1,NK cell
SWT1,0.006553875739176064,0.19410294750924884,0.047,0.046,1,NK cell
MYO1F,0.006584827775823577,-5.455923675464383,0.899,0.894,1,NK cell
MAPK1IP1L,0.0066052590618209525,-0.22100358862172276,0.428,0.436,1,NK cell
WHRN,0.006611378364298195,-0.6680476177931123,0.021,0.026,1,NK cell
WDR81,0.006615279653755005,0.1008327534003648,0.143,0.133,1,NK cell
ATG2B,0.006625745979954438,0.14767810785252766,0.218,0.207,1,NK cell
IFI27L1,0.006675942007231173,0.3128229111445231,0.02,0.017,1,NK cell
ZSCAN9,0.0067142926363116156,0.11945575067762348,0.089,0.082,1,NK cell
MSH5,0.006752898467080019,0.15816596573319153,0.054,0.048,1,NK cell
LRRC28,0.006756384755293751,0.161920172790174,0.051,0.046,1,NK cell
COTL1,0.006798667488021832,1.790758581975762,0.107,0.099,1,NK cell
MT-ND2,0.006829047889911806,-4.0315703582273965,0.185,0.191,1,NK cell
TSC2,0.006830591508276222,0.10148645032466752,0.158,0.15,1,NK cell
DNAAF11,0.006835264035945528,0.25654838553188686,0.021,0.018,1,NK cell
TRIM5,0.00684716312596351,0.11355733256366937,0.278,0.267,1,NK cell
BCL2,0.006848132464335579,-0.18977290359783644,0.178,0.169,1,NK cell
XRCC2,0.006900888772307537,0.3558571526024963,0.011,0.009,1,NK cell
NUDT13,0.006919430099721993,0.3121737795062929,0.011,0.009,1,NK cell
IFT57,0.006938980233810793,0.15087209281650615,0.082,0.076,1,NK cell
RASAL3,0.00694691941268549,1.0197220523545631,0.729,0.715,1,NK cell
BABAM1,0.006974865216396313,0.14255274830506165,0.262,0.253,1,NK cell
FGFR1OP2,0.006993900574504183,-0.12466972460947501,0.361,0.369,1,NK cell
DDX46,0.007043302895839917,0.1815897407387117,0.5,0.489,1,NK cell
IGFBP7,0.0070916138825557395,0.2372900546746628,0.325,0.307,1,NK cell
MAML1,0.007092253210449183,0.10302807277684067,0.417,0.404,1,NK cell
PIP4K2B,0.007107102431492691,0.12269519409862148,0.301,0.291,1,NK cell
C15orf40,0.007168068514740584,0.14576914760127657,0.1,0.093,1,NK cell
BOLA1,0.007171610830342798,0.15721529469328477,0.023,0.02,1,NK cell
EPN1,0.0071737592900596595,0.12449917449076908,0.102,0.095,1,NK cell
METTL3,0.007182708800261594,0.10319363756989985,0.235,0.227,1,NK cell
C12orf57,0.007205031744813365,-1.2709417471963902,0.448,0.448,1,NK cell
CLHC1,0.007222429070150284,0.29884188136363576,0.019,0.015,1,NK cell
CMTM3,0.0072354409441486535,7.527439158954556,0.515,0.504,1,NK cell
DYNC2I2,0.007309674838506819,0.3268737041886922,0.01,0.009,1,NK cell
JAZF1,0.007370310568516707,-0.22936895893584452,0.432,0.43,1,NK cell
ZNF287,0.007387593325042388,0.17410632736859188,0.037,0.033,1,NK cell
POLR2G,0.007400236250353082,-0.14180922559024056,0.438,0.425,1,NK cell
SYTL2,0.007403396081574422,-0.24612712890667465,0.531,0.54,1,NK cell
SERPINA1,0.007442772687067058,-0.23982523028639058,0.018,0.021,1,NK cell
ANAPC11,0.007443267151748341,0.7865761194575236,0.348,0.337,1,NK cell
TSPYL4,0.0074753821844595544,-0.1313648305480246,0.062,0.064,1,NK cell
MAP4,0.007492004866600457,0.12468255950559626,0.485,0.474,1,NK cell
CASS4,0.00757384845911167,0.1742529122876446,0.031,0.028,1,NK cell
KAT14,0.007617743879060889,0.15292955122191376,0.075,0.069,1,NK cell
EPB41,0.007679084038047898,-1.7762890425355953,0.547,0.555,1,NK cell
FAM162A,0.0076828936539434034,0.10364460481939264,0.119,0.113,1,NK cell
CASP2,0.007712768794553485,0.16781515826457077,0.263,0.255,1,NK cell
TAPBPL,0.0077202620471370905,0.10670297262335016,0.227,0.215,1,NK cell
TBC1D30,0.007769768441083003,-0.4209970375739447,0.017,0.02,1,NK cell
EXOSC4,0.00783558785899126,0.12789416397625653,0.072,0.066,1,NK cell
RAC2,0.00786859106804559,0.8158484600028153,0.852,0.839,1,NK cell
SDHB,0.007873437405861638,0.17346869064854847,0.294,0.284,1,NK cell
WDR37,0.00791372894081341,0.12483883033432663,0.421,0.413,1,NK cell
C6orf226,0.007938366382199361,0.11416519486789589,0.067,0.062,1,NK cell
FAM209B,0.007956104239524572,0.16224819776140897,0.014,0.012,1,NK cell
TUBA1B,0.007976005231985132,-4.212376198095523,0.31,0.31,1,NK cell
TNFSF10,0.008102716709430122,5.4742111702636205,0.183,0.178,1,NK cell
B4GALNT3,0.00811592413788673,0.2892553267935112,0.012,0.01,1,NK cell
ZNF625,0.008176922114855897,0.19100455761883728,0.057,0.052,1,NK cell
BCR,0.008190048577969974,-0.1575187388392707,0.413,0.422,1,NK cell
BRD3OS,0.00820290902039962,0.15393244086944646,0.073,0.067,1,NK cell
CISH,0.008287089328004864,3.275840183732927,0.17,0.163,1,NK cell
TBC1D17,0.00829024831672406,0.11048033629778425,0.226,0.217,1,NK cell
AREG,0.008297077515239193,0.1644364536707399,0.041,0.044,1,NK cell
ANKRD27,0.008316445699850655,0.11351745433796889,0.193,0.185,1,NK cell
AIG1,0.008345099570155896,0.23734618624849446,0.029,0.025,1,NK cell
ZNF117,0.008438344011498919,0.16637465891482917,0.117,0.108,1,NK cell
RREB1,0.00848543913475729,0.12400111581475093,0.086,0.08,1,NK cell
NMI,0.008492753785578443,-3.4726510902300523,0.277,0.267,1,NK cell
TNNT3,0.008569411773144804,0.2773420772723654,0.013,0.011,1,NK cell
PEAK3,0.008700198482877168,0.11509076379366245,0.057,0.051,1,NK cell
GRAMD4,0.008702560869287026,0.12207694057542895,0.152,0.14,1,NK cell
DYNLL2,0.008714402175006459,-0.21504561612483153,0.485,0.494,1,NK cell
ATIC,0.008975332197957897,0.33962229212961326,0.228,0.22,1,NK cell
EFCAB2,0.008985761789997965,0.27825510100716855,0.017,0.014,1,NK cell
XAF1,0.009000057180604433,-0.38198030189045573,0.369,0.363,1,NK cell
LEXM,0.009002389831090543,0.14026836303719742,0.216,0.204,1,NK cell
PUS3,0.009025475406315656,0.1786405469872263,0.064,0.058,1,NK cell
KLHDC4,0.009055774103381818,0.23742787982575564,0.534,0.517,1,NK cell
ZNF563,0.009056336394980194,0.14156663373200384,0.016,0.014,1,NK cell
QKI,0.009130099334928995,-0.2016638192522764,0.43,0.43,1,NK cell
ZCRB1,0.009189296937682981,0.12630502570531288,0.173,0.164,1,NK cell
CRLF3,0.009199258408358082,0.18196972627752864,0.332,0.321,1,NK cell
ARHGDIB,0.009247457840328006,-0.374508573392319,0.98,0.977,1,NK cell
FAM118B,0.009277144087675191,0.14872239376658847,0.059,0.054,1,NK cell
POFUT2,0.009288147951973871,0.14922238434911161,0.077,0.072,1,NK cell
MFSD13A,0.009288676797135985,0.19492056687531845,0.042,0.037,1,NK cell
HS3ST3B1,0.00932681311156487,0.12644669206228032,0.167,0.156,1,NK cell
WIPF1,0.009337898096002351,-0.49629651074081593,0.952,0.947,1,NK cell
MYH9,0.009350520605809267,0.28217113212239475,0.745,0.732,1,NK cell
RBM3,0.0093511027402293,0.11407221762849229,0.139,0.131,1,NK cell
LAMP2,0.00939075275752935,-0.17501067056214104,0.349,0.346,1,NK cell
LBR,0.009460526210345573,-1.0298813572976546,0.522,0.517,1,NK cell
HEXIM1,0.009519099237223503,-0.1275893164791948,0.417,0.423,1,NK cell
LSM3,0.009564105530904593,0.30907520354755835,0.011,0.009,1,NK cell
RBBP6,0.009628763377694062,-0.15153240534274415,0.374,0.38,1,NK cell
CARNS1,0.009656241745316967,0.22321857027999126,0.133,0.125,1,NK cell
CAPN2,0.009772379701102075,1.144677309873348,0.812,0.809,1,NK cell
SET,0.009907817471315606,-0.1090677992004665,0.22,0.227,1,NK cell
CAPZB,0.009992190567689152,-0.6923336200279611,0.756,0.744,1,NK cell
STAT5B,0.010018608270274414,0.32566589327854434,0.511,0.497,1,NK cell
DIP2C,0.010069048515519985,0.1973351301063655,0.021,0.018,1,NK cell
SREBF1,0.010191327431488048,-0.12025210549930221,0.103,0.108,1,NK cell
LSM4,0.010207904182816103,0.18171223763798627,0.32,0.308,1,NK cell
JAKMIP2,0.010257917282515187,0.10924140330724685,0.201,0.193,1,NK cell
OAZ1,0.010278000023078979,-0.8107183596213652,0.924,0.918,1,NK cell
JADE2,0.010292878409625424,-0.1082998089252849,0.243,0.251,1,NK cell
DYNC1I2,0.010298357435724687,0.1266837471169664,0.289,0.282,1,NK cell
FPGS,0.010357802994826068,0.157297783605177,0.177,0.169,1,NK cell
CASTOR2,0.010372746628516121,-0.15250759876283526,0.038,0.042,1,NK cell
SERPINB9,0.010428253760968044,0.18390647388071102,0.538,0.528,1,NK cell
CD8B2,0.010503838560446177,-0.35211683844163044,0.018,0.019,1,NK cell
MCM6,0.0105151016629533,1.1086272282949499,0.109,0.113,1,NK cell
LENG8,0.010546576402998857,-0.5328745351045923,0.759,0.762,1,NK cell
CALM1,0.010564917935901167,-0.6250328201019286,0.785,0.775,1,NK cell
ASXL2,0.010640108928268006,0.12105349235376245,0.238,0.228,1,NK cell
TAFAZZIN,0.0106839252589177,0.1373880790984865,0.133,0.125,1,NK cell
AZIN2,0.010738970434681706,-0.35068590713128156,0.009,0.011,1,NK cell
TNFAIP8,0.010759839243261685,0.5610504158927361,0.526,0.516,1,NK cell
ZNF346,0.010838536292408666,0.11542974570890863,0.104,0.097,1,NK cell
ERGIC3,0.010885994099668145,0.12697322601699146,0.345,0.333,1,NK cell
VAMP4,0.010952156403470114,0.20057671163524482,0.205,0.196,1,NK cell
EFTUD2,0.010976837177095432,0.1125176433846604,0.299,0.287,1,NK cell
ELP3,0.010992834328497804,0.12589729848743397,0.241,0.231,1,NK cell
SEPTIN9,0.011039581615804511,-4.395243250325688,0.771,0.759,1,NK cell
UPF2,0.01105152940124425,0.10151553369226096,0.249,0.241,1,NK cell
QRICH2,0.011096409011785048,0.1187064363094752,0.015,0.013,1,NK cell
SHLD2,0.011116796103667793,0.1556954238231848,0.256,0.246,1,NK cell
ZKSCAN4,0.011124384033376301,0.21946728301263274,0.036,0.032,1,NK cell
SLC2A13,0.011188698593082367,-0.1920305050054294,0.085,0.091,1,NK cell
PEX5,0.011318389107374293,0.1194141275667766,0.041,0.036,1,NK cell
SGO2,0.011465493334146494,0.16814302637055212,0.042,0.039,1,NK cell
UBASH3B,0.0115442195955161,0.47162324346451934,0.12,0.11,1,NK cell
TAMALIN,0.0116054462171896,0.13976563702923706,0.033,0.033,1,NK cell
SUN2,0.011616519441256743,0.8806048819076437,0.981,0.98,1,NK cell
MLEC,0.011622302040142285,0.12398251873953092,0.222,0.214,1,NK cell
TLN1,0.011667639505831263,2.5042012117595354,0.636,0.621,1,NK cell
YARS2,0.011682455211999777,0.10088809091853546,0.144,0.137,1,NK cell
SIGIRR,0.011686411138283434,-0.41635123114110684,0.783,0.772,1,NK cell
AVPI1,0.01173808823819086,-0.26053473853905285,0.027,0.03,1,NK cell
GAS7,0.011740868184737,-0.10308674142351437,0.317,0.306,1,NK cell
RABGAP1L,0.011752007946857287,3.9393491529970426,0.812,0.805,1,NK cell
DRAM1,0.01177790388077384,0.12926285890626676,0.033,0.03,1,NK cell
DIDO1,0.011778806530206977,0.12885809472829535,0.437,0.427,1,NK cell
PPIP5K1,0.011828011474365567,0.23266223417597498,0.029,0.026,1,NK cell
RAB8A,0.011885302439982518,-0.24173857358862283,0.493,0.483,1,NK cell
MRGBP,0.011919908268352522,0.10982881670706623,0.116,0.11,1,NK cell
SETD3,0.011932867586784805,1.12179625450276,0.673,0.659,1,NK cell
ETS1,0.011964525650978622,1.6058814910208064,0.895,0.89,1,NK cell
JHY,0.012012006183170193,0.28708021122792005,0.022,0.02,1,NK cell
ZNF66,0.012075996014013723,0.16216130061918665,0.067,0.059,1,NK cell
RAB14,0.012080516674663408,-0.1603189656996995,0.527,0.523,1,NK cell
PSENEN,0.01217650246850329,0.11190018183082096,0.148,0.142,1,NK cell
HIF1A,0.012182992832245129,-0.10068256685916999,0.118,0.122,1,NK cell
TMC6,0.012204065040809283,0.10704634262362012,0.487,0.476,1,NK cell
EID3,0.01230800305227511,0.1876045242572979,0.042,0.038,1,NK cell
PNPO,0.012331272474913486,0.15083390714002531,0.051,0.047,1,NK cell
NUDT2,0.012399693706107464,0.16486791922014765,0.134,0.128,1,NK cell
XPO6,0.012404639372024658,0.11277152770015142,0.237,0.228,1,NK cell
STK11IP,0.01242825435056401,0.14805347433018023,0.114,0.107,1,NK cell
COPZ2,0.012446859805319167,0.1990708047881773,0.054,0.048,1,NK cell
PSMB5,0.012576152603924669,0.11480948878165798,0.081,0.077,1,NK cell
C8orf33,0.012667254609539477,-0.14207805205372392,0.118,0.117,1,NK cell
LYAR,0.01273961277124975,-4.703346719791027,0.428,0.421,1,NK cell
PICK1,0.012748404475779017,0.13233101644264922,0.065,0.06,1,NK cell
INIP,0.01282507558498331,0.11539422258192777,0.151,0.143,1,NK cell
TNFRSF18,0.01282597277853855,0.17837934934769573,0.043,0.041,1,NK cell
COX10,0.012854830567732244,0.13058026586563698,0.159,0.152,1,NK cell
PHAF1,0.012895352763567692,0.10547416392414677,0.102,0.096,1,NK cell
TFAP4,0.012903053317225827,-0.21121833791900269,0.015,0.018,1,NK cell
BRSK1,0.012966351227418177,0.16878675005723665,0.019,0.016,1,NK cell
AGPAT4,0.01297505332082848,-0.10131013348593837,0.254,0.246,1,NK cell
PTPN22,0.01301390172046731,-0.13869978831068464,0.56,0.562,1,NK cell
YAE1,0.013035759739039011,0.1144283022066852,0.07,0.066,1,NK cell
CCDC180,0.013052834356799685,0.1772137097206712,0.042,0.038,1,NK cell
ZNF283,0.013089294434317233,0.13247720254123108,0.08,0.075,1,NK cell
FRMD4B,0.013126662602736169,0.2029709461425302,0.015,0.013,1,NK cell
TMEM203,0.01318773437721357,0.12078473048323968,0.061,0.056,1,NK cell
MAF1,0.013210043202148077,-0.2856269222618866,0.476,0.475,1,NK cell
TDRD7,0.013242338771037561,0.11948863631392359,0.154,0.145,1,NK cell
DNAJB9,0.013260080961799705,-0.13308972529407193,0.174,0.171,1,NK cell
AGPAT2,0.013284153859123583,0.23805621840550062,0.067,0.06,1,NK cell
CALM2,0.013302926759676391,-0.22246665158043322,0.457,0.463,1,NK cell
NLGN2,0.013316083206246358,0.32279592483569086,0.012,0.01,1,NK cell
UBE2B,0.013331094635333416,-0.1633894785417988,0.347,0.349,1,NK cell
SQSTM1,0.013351690314005429,11.567173035793676,0.607,0.61,1,NK cell
SUMO2,0.013452770003581317,-0.10585804669521681,0.135,0.139,1,NK cell
TESPA1,0.013539724446690925,0.13115884390096555,0.178,0.165,1,NK cell
CD44,0.013647289049286911,-23.883256383923793,0.584,0.599,1,NK cell
RMI1,0.013676705015553247,0.12048891811875295,0.061,0.056,1,NK cell
PGM2L1,0.01377976859253576,-0.2451623888129597,0.037,0.04,1,NK cell
CHCHD4,0.013834002767832795,-0.10071847549500701,0.038,0.037,1,NK cell
SPAG16,0.01384183739504022,0.16365936166212292,0.065,0.06,1,NK cell
SLC25A39,0.013952144719260344,0.2028240652182557,0.244,0.234,1,NK cell
BICDL1,0.01399533083372513,0.126949120309083,0.164,0.155,1,NK cell
ACP2,0.014014526675272499,-0.13904773910950086,0.095,0.095,1,NK cell
FANCI,0.014066725525596725,-0.25663173667654116,0.078,0.072,1,NK cell
LGALS9C,0.014115444360378775,0.23224716277231927,0.065,0.061,1,NK cell
ZNF461,0.014127276901025155,0.15483334594293696,0.034,0.03,1,NK cell
GALK1,0.014142102897143738,0.12338126860838727,0.063,0.058,1,NK cell
JRK,0.014277640981419228,0.12000930521121056,0.075,0.069,1,NK cell
TRMT11,0.014279764572026439,0.14120129887996846,0.073,0.067,1,NK cell
AMMECR1,0.01430878965528474,-0.12539513723059148,0.079,0.08,1,NK cell
ATP2B4,0.014377950477552214,-0.6950480603482072,0.707,0.697,1,NK cell
DNAJB6,0.01443176930200951,-0.10992991031435162,0.103,0.109,1,NK cell
LLGL2,0.014517690894973626,0.20590280979580367,0.262,0.25,1,NK cell
RO60,0.014665281003159674,0.20747231462057636,0.446,0.432,1,NK cell
MTA1,0.0146968463838661,0.12477565544300362,0.207,0.2,1,NK cell
AIP,0.014827279868539598,0.10556824276943555,0.445,0.434,1,NK cell
TRGC2,0.014897861521791535,-1.652233566775184,0.499,0.492,1,NK cell
PRKAA1,0.014991008036113708,0.16326046988832377,0.451,0.439,1,NK cell
KNOP1,0.01509464033047372,0.11481510643580028,0.068,0.064,1,NK cell
CMC4,0.015120132271642344,0.11885515557233073,0.135,0.127,1,NK cell
NUP58,0.015171997153726979,0.11053028942592547,0.155,0.148,1,NK cell
MEAK7,0.015214559608603812,0.12448151834118093,0.034,0.031,1,NK cell
EIF4A2,0.015217519814287362,-0.1625868893390967,0.516,0.521,1,NK cell
ZEB2,0.015267828104121693,-5.191980819797681,0.803,0.789,1,NK cell
CTNNBL1,0.015278953258405788,0.10884595197456948,0.102,0.099,1,NK cell
CCDC69,0.015461891649963684,0.2558988955185897,0.647,0.636,1,NK cell
IFI30,0.015485679211190694,-0.1503517257004301,0.064,0.069,1,NK cell
ERBB2,0.015499029437226182,0.1440885304526084,0.342,0.327,1,NK cell
PFKM,0.015507124578690912,0.10607671121298523,0.022,0.019,1,NK cell
RNLS,0.015529137707578845,0.2327118347351056,0.034,0.03,1,NK cell
PEX19,0.01555659753208485,0.12089351004357024,0.224,0.217,1,NK cell
C19orf25,0.015589199187016444,0.10809935939498283,0.146,0.137,1,NK cell
LY6E,0.015603199784632704,2.715248146358139,0.585,0.577,1,NK cell
REXO2,0.015641918260443848,-0.144097470985032,0.239,0.244,1,NK cell
BUD23,0.0156717669261627,-0.11325692895299311,0.191,0.193,1,NK cell
SORBS3,0.015692944793071113,0.12287610253867731,0.045,0.042,1,NK cell
NRBP1,0.015726756366802222,0.1131842680862507,0.469,0.455,1,NK cell
EVA1C,0.015766338108546697,0.1480029931107696,0.081,0.073,1,NK cell
TICAM2,0.015867016927247624,0.16961530965287963,0.023,0.022,1,NK cell
KCNAB2,0.015890495694227704,0.6038089154415136,0.656,0.651,1,NK cell
DHRSX,0.01590906738399361,0.1311616569330576,0.129,0.123,1,NK cell
RWDD3,0.01591807919133789,0.12190124706712546,0.096,0.089,1,NK cell
STAU2,0.01605417108280833,-0.2519174838582545,0.598,0.592,1,NK cell
ARRB2,0.016126610895394224,0.8123419662957181,0.715,0.704,1,NK cell
PLEKHG2,0.01614324010347637,0.1461182701460806,0.053,0.048,1,NK cell
TK2,0.016175281253585475,0.1102765515617894,0.107,0.1,1,NK cell
SLU7,0.016204477303564748,0.5531495515249084,0.329,0.32,1,NK cell
DLL1,0.016266249995716697,0.3284784866691264,0.027,0.026,1,NK cell
SYNCRIP,0.016336104554194104,-0.14355425320013637,0.051,0.053,1,NK cell
ALKBH8,0.016381644685850967,0.14500847224132185,0.07,0.064,1,NK cell
ULK3,0.016572172153215256,0.13526495259384186,0.084,0.08,1,NK cell
ASCL2,0.01659031961267981,-0.10651266573560447,0.146,0.133,1,NK cell
CLINT1,0.016603201696597507,0.16207537178696008,0.427,0.419,1,NK cell
IL27RA,0.016638661394742092,0.20824235001491598,0.337,0.327,1,NK cell
C1orf21,0.016687643039648654,0.14599462912459504,0.733,0.73,1,NK cell
ZNF780B,0.016752291961715807,0.10142348221944664,0.056,0.052,1,NK cell
PSMC4,0.016754496987634877,0.11686632526078189,0.187,0.178,1,NK cell
STK10,0.01684533846497461,0.2440105315363219,0.814,0.808,1,NK cell
KIAA1671,0.016865522878300152,-0.12689827902113682,0.121,0.124,1,NK cell
AMOT,0.01687940358109678,0.17905929063746928,0.055,0.051,1,NK cell
H3-3B,0.016985231780777155,-0.10337566579432522,0.081,0.086,1,NK cell
ZNF599,0.016998836304325686,0.1549794137032876,0.042,0.038,1,NK cell
INSIG1,0.017001158327088817,-0.1255814242049728,0.247,0.25,1,NK cell
USP40,0.017056682634062723,0.1972223598312799,0.06,0.054,1,NK cell
ZFP3,0.017062550720598386,0.14873306640918038,0.102,0.096,1,NK cell
PXYLP1,0.017098537484464715,0.12014195117907622,0.082,0.075,1,NK cell
MSH6,0.017102554312838875,0.19988046351088762,0.156,0.15,1,NK cell
MYBL1,0.017227201054507504,-3.064714162897305,0.734,0.735,1,NK cell
B3GALT9,0.017441395601659738,0.14350116918792732,0.026,0.023,1,NK cell
TRGJP2,0.017442831625524634,-0.23400500859854567,0.277,0.276,1,NK cell
OSBPL9,0.017493451566559983,0.12774931505625273,0.238,0.23,1,NK cell
BCO2,0.017512980460224117,0.10273251416984763,0.011,0.009,1,NK cell
HINT2,0.01766096796630064,0.1206813412190817,0.085,0.079,1,NK cell
ZSCAN2,0.017748824712899,0.10436944377573631,0.056,0.051,1,NK cell
ARHGAP33,0.017790865443290824,0.11647456002715995,0.021,0.019,1,NK cell
ARVCF,0.01781179161553254,0.11514095277555181,0.104,0.096,1,NK cell
ZNF69,0.01782562194185579,0.16864509837925024,0.023,0.02,1,NK cell
SLC23A2,0.01787490367173903,0.13063756751569633,0.121,0.116,1,NK cell
CALML4,0.01796920034213912,-0.16722358514932,0.021,0.022,1,NK cell
ALG8,0.0180188623108874,0.13155011324075216,0.084,0.079,1,NK cell
GPR18,0.01808143739162529,4.647050603667799,0.145,0.139,1,NK cell
CRAMP1,0.018110882997698276,0.17464374638340896,0.197,0.184,1,NK cell
CIT,0.018115558669064863,0.47014615126195647,0.01,0.008,1,NK cell
TTLL1,0.018170250706190372,0.12102490260132903,0.065,0.061,1,NK cell
NCK1,0.01818462880512699,0.17889281700539983,0.45,0.44,1,NK cell
CEP164,0.0182298579074114,0.12334486348546658,0.122,0.116,1,NK cell
MXRA7,0.018248722075569018,-0.5393795407675701,0.336,0.313,1,NK cell
TENT2,0.018251023154049452,-0.14759299634276246,0.371,0.363,1,NK cell
GLMN,0.018257534789364656,0.107604588890442,0.175,0.17,1,NK cell
FUBP1,0.018262639880761083,0.11854846825498111,0.524,0.512,1,NK cell
APOO,0.018339306711985828,0.13793710395621028,0.042,0.038,1,NK cell
TXNIP,0.01834931685033584,2.971126266004802,0.996,0.996,1,NK cell
CAT,0.018378921656972205,0.9230954779039374,0.22,0.214,1,NK cell
KIAA0825,0.01843187964802768,-0.14637764395457875,0.049,0.049,1,NK cell
PAGR1,0.018501265326540204,0.10453375759124817,0.167,0.158,1,NK cell
CCDC65,0.018595791181664937,0.14693512033423106,0.081,0.075,1,NK cell
NCKAP1L,0.018618457669395964,0.18617685447786458,0.575,0.564,1,NK cell
KATNA1,0.0186263376486859,0.14661867311816779,0.134,0.126,1,NK cell
KAT2B,0.018628466568711508,-0.24811583105712298,0.585,0.587,1,NK cell
B3GNTL1,0.018757786532768893,0.10795195806948854,0.02,0.017,1,NK cell
HELLS,0.018843435863066083,2.5691684284946272,0.095,0.09,1,NK cell
IVNS1ABP,0.018929445104518907,-4.662652201555103,0.487,0.47,1,NK cell
IRF2BP2,0.01906007645326103,-0.1129176526432003,0.108,0.112,1,NK cell
ARHGAP15,0.019083982910677,-4.329453574184138,0.84,0.83,1,NK cell
GPRASP1,0.019117418498854677,-0.23809780378408307,0.035,0.04,1,NK cell
LRRCC1,0.019196234312062806,0.1339134993521185,0.028,0.025,1,NK cell
CREM,0.019252233317962095,1.2846706275111033,0.234,0.245,1,NK cell
DBF4,0.01930334569273105,-0.10374219734740442,0.116,0.118,1,NK cell
ANTKMT,0.019306862199804327,0.10696731237572266,0.133,0.126,1,NK cell
DALRD3,0.019482784091561317,0.11494080932282813,0.082,0.076,1,NK cell
UBE2V2,0.01950039137523887,-0.14434620608052784,0.045,0.048,1,NK cell
KCTD20,0.019532303639762202,0.13083223078478157,0.271,0.26,1,NK cell
OTULIN,0.019539842532997023,-0.29187038887292677,0.281,0.273,1,NK cell
LRRFIP1,0.019595438502228814,-0.716080735791768,0.456,0.445,1,NK cell
PLBD1,0.019731618075078127,-0.2824177188637238,0.012,0.015,1,NK cell
TC2N,0.019872361647955434,-2.5446750760529024,0.652,0.645,1,NK cell
CDPF1,0.019922771922000312,0.12049418728536976,0.056,0.052,1,NK cell
RTP4,0.0200150324435566,0.15187602681393209,0.068,0.065,1,NK cell
ZNF17,0.020063798445209308,0.10085506656627174,0.062,0.058,1,NK cell
WPRE,0.02010731480518071,0.1681210125419339,0.018,0.017,1,NK cell
FAM3C,0.02014444259265307,-0.37410367819311086,0.308,0.299,1,NK cell
RAD51C,0.020147005033802925,0.11101154976699279,0.086,0.08,1,NK cell
KCTD21,0.020241349698529833,-0.3126998869534905,0.009,0.01,1,NK cell
EBLN2,0.02027016650756012,0.10050699426896958,0.073,0.068,1,NK cell
TIGIT,0.020363277892945574,-1.7068288160359204,0.473,0.463,1,NK cell
VPS36,0.020372808296892607,0.12149734822487002,0.356,0.345,1,NK cell
AUTS2,0.02043139605581166,-0.3610847427104542,0.361,0.379,1,NK cell
SLC2A11,0.020431623036044722,0.11684525941319501,0.068,0.064,1,NK cell
SOD1,0.020548999871237362,-0.12907477910403076,0.156,0.163,1,NK cell
CCSER2,0.02057810962517744,0.20832485601840522,0.686,0.688,1,NK cell
RIC8B,0.020586832659454088,0.13433306592953276,0.142,0.134,1,NK cell
ZNF248,0.020633965813028118,0.11916361743644233,0.053,0.049,1,NK cell
ZBTB47,0.020775980590399416,0.2834402425843825,0.018,0.016,1,NK cell
ZNF569,0.02080510908669041,0.13427850408432995,0.062,0.059,1,NK cell
DTHD1,0.020862155056101752,0.2974067965829068,0.391,0.364,1,NK cell
PRSS57,0.02089334849240691,0.7111720076111863,0.064,0.057,1,NK cell
LRCH4,0.020926415558024724,0.1357502994017662,0.388,0.379,1,NK cell
ZFP64,0.021101378645236927,0.11670365808611716,0.114,0.109,1,NK cell
CCR5,0.02112123999531755,0.35713019923495326,0.073,0.068,1,NK cell
WDR25,0.021145798232556218,0.20537258194347885,0.046,0.043,1,NK cell
ATF5,0.0212311330368971,-0.11872412837467561,0.038,0.038,1,NK cell
PTMS,0.021281072922312426,0.12443838148030095,0.081,0.075,1,NK cell
RIC1,0.021299451209930296,-0.11106406154440096,0.173,0.174,1,NK cell
AIF1,0.021535517682740472,-0.18425373252134936,0.034,0.037,1,NK cell
ITGAX,0.021612646071897886,0.9512879455771657,0.452,0.427,1,NK cell
CCDC142,0.021681637983904906,0.2960310342165853,0.012,0.01,1,NK cell
GNAL,0.021710079928231787,-0.13838723517780993,0.036,0.037,1,NK cell
COX7C,0.02181320022445961,-0.10824673679665708,0.156,0.159,1,NK cell
SLC5A6,0.021848258812347338,-0.14639728157107168,0.059,0.063,1,NK cell
GMFG,0.022057909104404444,-0.25856419371639006,0.414,0.425,1,NK cell
ZNF691,0.022131182401431245,0.1751774957375769,0.029,0.026,1,NK cell
GON4L,0.022161770736004272,0.10672662386807844,0.339,0.329,1,NK cell
RFC5,0.022172357313054336,0.16475011297909115,0.05,0.046,1,NK cell
SAMD3,0.02220298799612491,-7.948129059125829,0.915,0.911,1,NK cell
FBL,0.02223677186383018,0.3293767426350409,0.341,0.332,1,NK cell
ITCH,0.022292725527663846,-0.18039641794732564,0.67,0.666,1,NK cell
CCIN,0.022411826359250337,-0.2515458970275377,0.011,0.013,1,NK cell
TNFRSF9,0.022423331495636446,-2.786369539046224,0.04,0.037,1,NK cell
EIF3L,0.022431576587760203,0.26770574462108443,0.406,0.397,1,NK cell
CPVL,0.022462373281552338,-0.2376936111647625,0.013,0.015,1,NK cell
AP1M1,0.02254398805044362,-0.1295038919887408,0.395,0.385,1,NK cell
OAT,0.02262572254317493,-0.1441514707314564,0.049,0.053,1,NK cell
KRAS,0.022635986700197903,-0.11697887823097919,0.303,0.298,1,NK cell
KLRC1,0.022753273957433186,-0.8441540393833078,0.299,0.292,1,NK cell
CERS6,0.02286031710876191,0.10582699764942571,0.09,0.086,1,NK cell
CD226,0.022890103746362793,-0.23347769997668522,0.56,0.56,1,NK cell
ZNF565,0.022918773820693485,0.11714286926306539,0.036,0.033,1,NK cell
MAP3K7CL,0.022978157821358595,2.5463118244404574,0.037,0.034,1,NK cell
UQCRH,0.022980296293437938,0.10958447281531614,0.043,0.039,1,NK cell
TMEM150A,0.02299963259481067,0.12347332282319678,0.033,0.029,1,NK cell
FAM234A,0.023002556456618146,0.10248514382775231,0.111,0.107,1,NK cell
ERI3,0.02310541237607074,0.14234327222102916,0.139,0.133,1,NK cell
RFX3,0.023222360780745868,-0.23810963218139086,0.194,0.202,1,NK cell
ADAMTS13,0.02339541437022929,0.20349015450588137,0.011,0.01,1,NK cell
PATL2,0.02340980634492231,-0.118230439427355,0.209,0.201,1,NK cell
MACO1,0.0237205746445239,-0.11399944325595568,0.121,0.122,1,NK cell
PAN3,0.02384838312642825,0.11248534777641983,0.458,0.447,1,NK cell
ZNF682,0.02389536139841167,0.16233314307659574,0.05,0.046,1,NK cell
AASDHPPT,0.023979817477665154,0.1119434251196249,0.251,0.244,1,NK cell
SNX25,0.024038319651912193,-0.14981255556183504,0.075,0.078,1,NK cell
ZNF71,0.024103470418757787,0.11793601092940209,0.079,0.074,1,NK cell
NIF3L1,0.02419548758489431,0.11795847475276666,0.084,0.08,1,NK cell
ZNF316,0.024275749779926567,-0.11320115095811323,0.081,0.083,1,NK cell
COMMD4,0.024280858501316536,0.1280129080979635,0.1,0.092,1,NK cell
SLC25A43,0.024298459097842236,0.12081453460611824,0.069,0.064,1,NK cell
CLIC4,0.024393969681404747,4.519460023549293,0.01,0.01,1,NK cell
RNF181,0.024466916402044344,-0.13267986487867978,0.034,0.036,1,NK cell
PRPF38B,0.02453799862925081,0.22757427241636474,0.579,0.567,1,NK cell
SLC20A1,0.02456306697562626,-0.9122843843292072,0.675,0.665,1,NK cell
DPP7,0.024608708073134367,0.12814329962612384,0.264,0.255,1,NK cell
ZNF275,0.024609819281280178,0.12467911246566787,0.068,0.063,1,NK cell
PPA1,0.024621897200228365,-0.19071403285875865,0.042,0.046,1,NK cell
BCL2L11,0.02476148676185212,-0.26021268477142767,0.1,0.104,1,NK cell
FEN1,0.024821878426306683,0.7431128077756557,0.072,0.069,1,NK cell
ATP9A,0.025157632093630013,0.2128341994457763,0.103,0.094,1,NK cell
PELI2,0.025230144977151342,-0.13430512402948191,0.091,0.095,1,NK cell
H2AC8,0.025391248449828062,-0.22195467547645276,0.01,0.011,1,NK cell
ZBP1,0.025540538672415177,0.18102259727027625,0.345,0.336,1,NK cell
WDR46,0.025548555361631895,-0.10421733824788995,0.23,0.22,1,NK cell
DPH5,0.02558889969712185,0.1340761256492623,0.164,0.158,1,NK cell
CASP10,0.02580817823734595,-0.3274621352314059,0.328,0.319,1,NK cell
ANXA2,0.0258677968774312,3.1863415787175997,0.515,0.502,1,NK cell
MPRIP,0.025895687595267836,0.11330372678123202,0.505,0.494,1,NK cell
GPAM,0.025992778896921375,-0.10311122714653909,0.026,0.025,1,NK cell
TRIR,0.026099942816300823,-10.42533713714423,0.748,0.737,1,NK cell
TMCC3,0.026127373558855065,-0.12504113403057704,0.12,0.127,1,NK cell
COQ3,0.02621234472665592,0.22175492915366046,0.024,0.021,1,NK cell
TMEM260,0.026236248500093665,0.15598692269522973,0.119,0.113,1,NK cell
TTC9,0.026340173772753703,0.5285958867405607,0.06,0.065,1,NK cell
TLE1,0.026432229006306145,-0.10876002502494786,0.163,0.167,1,NK cell
PEPD,0.026586496667323028,0.14278474094793614,0.139,0.132,1,NK cell
LACTB2,0.026671998463951078,0.10724616574702406,0.078,0.072,1,NK cell
MYO9B,0.026736394038402535,-0.25773105141884844,0.432,0.419,1,NK cell
LYSMD4,0.026801127875561062,0.1712805633870116,0.05,0.046,1,NK cell
PCMTD1,0.027098168613379332,-3.82201060794735,0.765,0.756,1,NK cell
SPCS3,0.0271801178325759,0.16003151736729282,0.456,0.454,1,NK cell
IST1,0.02718952574742373,-0.1261154432849616,0.418,0.407,1,NK cell
SERPINB1,0.027324793374546474,-2.1341716635014647,0.597,0.585,1,NK cell
SLC1A4,0.027327082754555285,0.1151767732245279,0.072,0.068,1,NK cell
SRR,0.027492000195736215,0.10930812408393908,0.027,0.025,1,NK cell
ATL2,0.02749273840664418,-0.11928820914875349,0.148,0.153,1,NK cell
LUC7L,0.027705962265439626,0.149449551387012,0.436,0.428,1,NK cell
NPIPB15,0.0280788737739268,-0.15029377375181596,0.013,0.014,1,NK cell
MVB12B,0.02808330121251827,0.10628207487677965,0.077,0.072,1,NK cell
LXN,0.028094162708630653,0.11896570757326108,0.044,0.041,1,NK cell
TRIM17,0.02811621860309226,-0.18210340354009613,0.019,0.02,1,NK cell
BHLHE40,0.028141096900304193,-1.362073306341939,0.547,0.545,1,NK cell
ZNF23,0.028185689232589923,0.17472134015414076,0.071,0.066,1,NK cell
GOLM1,0.028339695952720925,-0.12759878134146718,0.147,0.139,1,NK cell
SLFN12L,0.028422375038224368,-0.19807993822428482,0.554,0.548,1,NK cell
CLK1,0.028554109768852916,0.8300974596791875,0.64,0.642,1,NK cell
ABI1,0.028558884324137876,0.1062570749375521,0.389,0.379,1,NK cell
OAS2,0.028581079442485943,-2.5093340856065014,0.459,0.45,1,NK cell
EIF3E,0.028598095567535713,-0.12445592809249462,0.106,0.109,1,NK cell
CD40LG,0.028783677617703934,0.25472756211088265,0.013,0.014,1,NK cell
CTSH,0.028794975365971656,-0.13803611071221278,0.036,0.038,1,NK cell
TDRD15,0.02887942436382864,0.15273486450248264,0.01,0.008,1,NK cell
UBB,0.028922909216997406,0.10049804059908007,0.561,0.56,1,NK cell
MVK,0.02898912302017323,-0.16950685273224808,0.1,0.102,1,NK cell
PHF21A,0.02902594334652424,-0.10985697533191774,0.352,0.358,1,NK cell
ITIH4,0.029168007135785875,0.12005114258764671,0.014,0.012,1,NK cell
CCDC25,0.029186063106322477,0.12281968401853183,0.11,0.103,1,NK cell
ALDH18A1,0.029276997909819493,-0.10586285961228303,0.132,0.132,1,NK cell
BBOF1,0.029281007346284114,0.11142766302988427,0.023,0.021,1,NK cell
BCAT2,0.029364653024574642,0.14510520908873525,0.044,0.04,1,NK cell
ICAM2,0.029385248694038534,-0.2170676450674578,0.37,0.373,1,NK cell
ARIH2,0.02952693048820039,0.11007401045642184,0.375,0.364,1,NK cell
RHOG,0.0295400922194546,0.23795762487014138,0.499,0.491,1,NK cell
DCAF12,0.029625517400137157,4.7536685460339205,0.169,0.161,1,NK cell
FIG4,0.029688190007589557,-0.2888185533342833,0.213,0.202,1,NK cell
AURKC,0.029690996143625727,0.2045183748378454,0.01,0.008,1,NK cell
TSPYL1,0.029691060318725666,-0.1381703021275346,0.292,0.293,1,NK cell
RAMP1,0.03003025369395602,0.12328374606607317,0.047,0.046,1,NK cell
NPAT,0.030205924351690245,-0.1366633725283406,0.166,0.169,1,NK cell
CCDC28A,0.030510509153455753,-0.10485940957423989,0.118,0.12,1,NK cell
NUFIP1,0.030591367630159794,0.13897124701668506,0.035,0.032,1,NK cell
HDHD5,0.030739099203996235,-0.12141419982043278,0.081,0.083,1,NK cell
CRTC1,0.030855246640819355,-0.12442354239792364,0.034,0.036,1,NK cell
MYO1D,0.030925943697302075,-0.21579759943623333,0.068,0.068,1,NK cell
TTC12,0.03097663748729621,0.15003522724361273,0.044,0.041,1,NK cell
FOXP1,0.03100217014420216,-0.42387215308478554,0.504,0.511,1,NK cell
SERPINB6,0.03104902004877993,-0.35397008133726926,0.474,0.466,1,NK cell
CD52,0.031236058442019668,30.312234964800616,0.802,0.791,1,NK cell
STRADB,0.03144975016864447,0.18319126212934433,0.055,0.051,1,NK cell
ITGAM,0.03166816633073775,-0.4700398463714315,0.627,0.616,1,NK cell
PRF1,0.03169399358653427,-35.96740261262626,0.994,0.992,1,NK cell
BAX,0.031733538025934024,4.283907614140979,0.528,0.516,1,NK cell
ZDHHC12,0.03173610817984514,0.11148234772279242,0.07,0.065,1,NK cell
ZNF138,0.03177194491565508,0.10390742693396438,0.134,0.127,1,NK cell
BMP1,0.031795215046065195,0.12920329984820222,0.039,0.035,1,NK cell
PDE6G,0.03191070068941745,0.12265545213507023,0.049,0.045,1,NK cell
GXYLT1,0.03197507947272062,0.10436366101492212,0.084,0.079,1,NK cell
SLC6A6,0.03256007139660299,0.19124075657498862,0.206,0.199,1,NK cell
FXYD5,0.032566995148363254,11.242777997072679,0.825,0.821,1,NK cell
NEK8,0.03269722448114896,0.11942729379908634,0.025,0.023,1,NK cell
INAFM2,0.03287480189863968,0.10912368309718623,0.031,0.028,1,NK cell
GZMB,0.03289023825398891,23.23191025509187,0.893,0.894,1,NK cell
SLA2,0.03294075936013931,-0.23679866369646108,0.282,0.293,1,NK cell
GINS1,0.032995249363392626,0.14214075869022214,0.012,0.01,1,NK cell
CEBPB,0.03299645838045645,-0.15348878265135735,0.047,0.05,1,NK cell
SRRT,0.03306155189841739,-0.12411261470088641,0.219,0.21,1,NK cell
TDRKH,0.033203154642177934,0.1604352878484563,0.05,0.046,1,NK cell
SEL1L3,0.03322330067762176,0.15628754425153307,0.209,0.202,1,NK cell
MCL1,0.03326851011084101,28.779629012430203,0.838,0.839,1,NK cell
SURF1,0.03343592175620729,0.10505573800339818,0.201,0.195,1,NK cell
PDHA1,0.03352102300259486,0.10590734309149671,0.301,0.292,1,NK cell
EFCAB14,0.03367687650693346,0.10085363361113542,0.563,0.554,1,NK cell
TRAF1,0.033681680986291186,0.33363142272850044,0.2,0.187,1,NK cell
SATB2,0.03393904064595415,-0.312241516553188,0.01,0.011,1,NK cell
SNX16,0.03397744794473811,0.1118225074245367,0.044,0.04,1,NK cell
ATP2B1,0.03418702306273104,-0.13116874771381049,0.29,0.294,1,NK cell
BICD1,0.034548301967705614,0.1044353617144691,0.085,0.081,1,NK cell
SPRY2,0.034567553534621,0.6663799280305963,0.035,0.031,1,NK cell
HMGN5,0.034746823091257054,0.31394795368115247,0.017,0.015,1,NK cell
NR3C1,0.034809221840990126,-0.15081383809101556,0.428,0.435,1,NK cell
CHD2,0.03481021650235071,-1.4676157994265546,0.672,0.667,1,NK cell
GTSF1,0.03497918455556983,-0.9585142739557035,0.033,0.033,1,NK cell
NHP2,0.035352367728389796,0.33666161494997765,0.282,0.273,1,NK cell
PLEKHM2,0.03541183402041718,0.1270859523221164,0.144,0.137,1,NK cell
FAM161B,0.03568247346707358,0.2460279923098998,0.014,0.011,1,NK cell
CSNK1A1,0.035843618227217634,-0.1054740592985226,0.127,0.132,1,NK cell
NCALD,0.03594114422555354,-0.519776782423099,0.492,0.487,1,NK cell
KBTBD3,0.03599915578377333,0.16070180693538783,0.066,0.062,1,NK cell
IRAG2,0.03619490124597199,0.1111264093050649,0.315,0.307,1,NK cell
TMEM237,0.03621620490913159,0.1921299077166969,0.02,0.017,1,NK cell
HMGN4,0.03628561597811782,-0.20333408863173763,0.429,0.424,1,NK cell
B4GALT2,0.036288807760043194,0.23385456975707086,0.01,0.009,1,NK cell
ZNF273,0.036338898374337625,0.15367655301826932,0.024,0.021,1,NK cell
ANKRD13B,0.03678599151448006,0.34977604148713315,0.022,0.02,1,NK cell
HSDL2,0.037101666523201654,0.10744360808176001,0.114,0.107,1,NK cell
ZC4H2,0.03716975244927952,0.2445711412447471,0.021,0.019,1,NK cell
ARMC6,0.03718461637735438,0.14462868881459445,0.132,0.124,1,NK cell
TIAM1,0.03730631052152606,0.18280660894164802,0.021,0.021,1,NK cell
TCTN1,0.037325694469520894,0.1303544314133953,0.016,0.014,1,NK cell
FMC1,0.037336806249386796,0.1282749932364995,0.123,0.119,1,NK cell
TSPAN2,0.03738094559318874,0.2662124820180235,0.248,0.234,1,NK cell
TOGARAM2,0.03743674135820693,0.15834834068643433,0.04,0.036,1,NK cell
ANKDD1A,0.037488824934230586,0.25364712730174155,0.041,0.037,1,NK cell
ERC1,0.03768781326369486,0.104378112216438,0.102,0.098,1,NK cell
PCYOX1L,0.0379739254069174,0.12153374428585817,0.061,0.057,1,NK cell
OBI1,0.03798728675422105,0.10476409331931391,0.095,0.089,1,NK cell
NFKBID,0.03806286327382112,0.2189471066067128,0.039,0.036,1,NK cell
PRKCB,0.03832758070371911,2.2420235403382085,0.716,0.707,1,NK cell
DTX3L,0.03832773536776128,0.200336478441431,0.437,0.428,1,NK cell
H2BC21,0.03834994079610034,-0.436723980627708,0.174,0.169,1,NK cell
ENSG00000188897,0.03838526627848851,-0.1669168940720258,0.021,0.022,1,NK cell
PECAM1,0.03840965012714834,0.2699657778647686,0.22,0.214,1,NK cell
UTS2,0.03860567513605437,0.25230417656203197,0.091,0.074,1,NK cell
IRGQ,0.03864613210814585,0.11171804098699623,0.063,0.059,1,NK cell
CSTA,0.038702094048937534,-0.19462375778472119,0.015,0.017,1,NK cell
DNAJC25,0.03883653796764879,-0.26446360760100385,0.052,0.055,1,NK cell
PYCARD,0.03888220113795093,0.13807539266789992,0.157,0.149,1,NK cell
GMPPB,0.03899796409083507,0.11461078879334141,0.115,0.108,1,NK cell
TEDC1,0.039138033186167376,0.1633487494653285,0.043,0.039,1,NK cell
ZNF74,0.03923190877391952,0.1114464928672998,0.028,0.026,1,NK cell
PDCD4,0.039263784324515924,-1.637305178365354,0.624,0.624,1,NK cell
STOM,0.03938971526900623,8.441522054442535,0.628,0.627,1,NK cell
CYBB,0.03939117317959705,-0.19245390289751274,0.027,0.03,1,NK cell
ADAMTS17,0.0394059792153535,-1.1801095170436957,0.01,0.01,1,NK cell
SPATS2,0.039633853518815355,0.13073383471460698,0.076,0.072,1,NK cell
ZNF790,0.03964620523008927,0.10928108049170282,0.037,0.034,1,NK cell
RPUSD2,0.03987004036134967,0.10964936934652991,0.067,0.062,1,NK cell
STAT1,0.03989435873793041,13.408617642665595,0.349,0.343,1,NK cell
ESYT1,0.03992363956213873,0.606799402281998,0.521,0.511,1,NK cell
FANCA,0.040274169661940445,0.1451858902850458,0.036,0.034,1,NK cell
DIAPH1,0.040345543960413184,0.3126169761583828,0.868,0.862,1,NK cell
SP140,0.04036417146249168,0.22751728969543517,0.388,0.379,1,NK cell
PDGFD,0.04039594092027314,-0.1167022565131316,0.37,0.364,1,NK cell
DHX57,0.04063427368132467,0.12768375930453058,0.067,0.062,1,NK cell
HNRNPA0,0.04066346615198009,0.6724584919529284,0.581,0.576,1,NK cell
NIBAN1,0.040681228406523225,-0.10450822118450287,0.197,0.187,1,NK cell
SPOP,0.04085857765962847,0.10194752063880141,0.155,0.148,1,NK cell
CFL1,0.04090011494527008,11.155265218466457,0.924,0.917,1,NK cell
TNFAIP1,0.04105719527409519,0.1363279142452023,0.033,0.029,1,NK cell
EFNA3,0.041085712517330966,0.15518445751881593,0.01,0.009,1,NK cell
PRIM1,0.041130871516701084,0.14391766327136657,0.111,0.105,1,NK cell
ZNF577,0.041287299525206246,0.10766347776492191,0.05,0.047,1,NK cell
HDDC3,0.041308237687480105,0.11251638177661039,0.109,0.103,1,NK cell
ID2,0.041514421304106486,-0.5925066862223174,0.679,0.681,1,NK cell
IFI44L,0.041561544038593176,4.152224751937643,0.03,0.036,1,NK cell
TRBC2,0.04166844545229378,-15.189556445043102,0.864,0.857,1,NK cell
NUCB1,0.041700127751093004,-0.9893352322090059,0.541,0.53,1,NK cell
STARD10,0.041704880256362604,0.31891732311997334,0.019,0.018,1,NK cell
RESF1,0.04185090573571164,4.647959264727504,0.853,0.846,1,NK cell
PSMD1,0.04208780586945554,0.1183070424532614,0.192,0.185,1,NK cell
RASA2,0.042283516257788346,0.12755070377839672,0.535,0.521,1,NK cell
MAD1L1,0.04256197048472954,0.10278088804355945,0.188,0.185,1,NK cell
VRK2,0.04257789621552497,0.10964833417176045,0.157,0.148,1,NK cell
DCUN1D5,0.042658259845853044,0.15261509802035134,0.14,0.134,1,NK cell
DNAL4,0.04271497091554705,0.11544753794896678,0.066,0.062,1,NK cell
H2BC26,0.042738069744119464,0.10318322190873275,0.023,0.021,1,NK cell
POLR3D,0.04274827518872213,0.10178220964786755,0.083,0.078,1,NK cell
TMEM104,0.04284400917211937,0.12731895436709806,0.078,0.074,1,NK cell
ODC1,0.042861819827044956,-0.14120459939979302,0.088,0.089,1,NK cell
THAP8,0.04294220932317379,0.21473031671993592,0.014,0.013,1,NK cell
NTPCR,0.0432512127539988,0.1490775624053291,0.072,0.068,1,NK cell
COPG1,0.043363419897514376,0.13412665149097694,0.317,0.308,1,NK cell
ZNF195,0.04342332447899028,0.11115420283913657,0.13,0.122,1,NK cell
PTTG2,0.043481297638913244,0.2034300689935895,0.014,0.012,1,NK cell
ANXA4,0.04366473661914178,0.22419571178008368,0.292,0.297,1,NK cell
PACS1,0.04373571215357324,0.3465396662816973,0.503,0.493,1,NK cell
TLE3,0.04394419406930186,0.17218144128554247,0.022,0.02,1,NK cell
SKI,0.04394891081870707,0.14388660470349748,0.269,0.264,1,NK cell
ZBTB9,0.044082427642289576,0.11919105326722557,0.053,0.049,1,NK cell
TPP2,0.04414464699213294,-0.10993476195428997,0.339,0.344,1,NK cell
IL2RG,0.044202229982979645,4.6061502418816005,0.949,0.944,1,NK cell
FBXL6,0.04431183716464779,0.1126156918497494,0.137,0.13,1,NK cell
KMT2E,0.04439371481487489,-0.5130325107977596,0.652,0.659,1,NK cell
KPNB1,0.045019148734329884,0.11656283772860149,0.268,0.262,1,NK cell
ZBTB44,0.04513298160219713,-0.13570493156257735,0.564,0.56,1,NK cell
ANKRD10,0.04525486180158793,0.25327204322380426,0.512,0.503,1,NK cell
SLTM,0.0453516318180252,0.14473896380790974,0.567,0.556,1,NK cell
ZNF473,0.045365810002704864,0.17407387531347318,0.018,0.015,1,NK cell
DNAJC13,0.045451035751387495,0.11816535750206492,0.237,0.229,1,NK cell
RBM14,0.04548916623472391,0.13365636922519375,0.438,0.426,1,NK cell
FBXL12,0.04555404827786228,-0.10867378860302335,0.067,0.069,1,NK cell
MYL12A,0.04561680084675463,0.16775539478516865,0.536,0.523,1,NK cell
ALKBH2,0.04567718688726562,0.10708828479388721,0.016,0.014,1,NK cell
PLXNA3,0.04567848567121919,-0.13074652154256983,0.077,0.081,1,NK cell
MS4A6A,0.04583157900246981,-0.3012102333417497,0.022,0.024,1,NK cell
RPIA,0.04588739809775549,0.1188691902916521,0.214,0.204,1,NK cell
PPP1R7,0.045998612275963406,0.10925335570466288,0.362,0.353,1,NK cell
MACROD1,0.046014452741705354,0.3385205632511017,0.024,0.021,1,NK cell
PRMT7,0.04602448205049901,-0.10434492627365533,0.087,0.093,1,NK cell
ALDH9A1,0.04605078738099959,-0.10025254554115925,0.218,0.211,1,NK cell
OSGEPL1,0.046433063699686604,0.14454676877741912,0.083,0.079,1,NK cell
BNIP3L,0.046589658890892206,12.465524337835062,0.236,0.243,1,NK cell
SCD,0.0466259682707424,-0.10407692717403982,0.038,0.04,1,NK cell
SUGT1,0.046712647314241795,-0.11514300311263084,0.253,0.257,1,NK cell
ZNF141,0.04693077403740951,0.13766837644616503,0.178,0.168,1,NK cell
APOA1,0.04712341432930002,-0.2051503172896023,0.012,0.012,1,NK cell
RBM44,0.04716534975217543,-0.12285507754722147,0.013,0.013,1,NK cell
PSTK,0.04742866764266877,-0.19603772703783973,0.036,0.038,1,NK cell
WDR97,0.04750103076618099,-0.13004541019842453,0.022,0.024,1,NK cell
HAGHL,0.04752657101326183,-0.13540116472338193,0.056,0.057,1,NK cell
CCER2,0.047592797719712095,0.24079924782085094,0.011,0.009,1,NK cell
TSC22D3,0.04768559841585663,11.48642371458183,0.649,0.64,1,NK cell
CLPX,0.04797732720213809,-0.10865131136632311,0.204,0.203,1,NK cell
IFT22,0.04803588880769113,0.11224197290805993,0.015,0.013,1,NK cell
SCML4,0.048287030719949116,0.30090655636108543,0.167,0.16,1,NK cell
IBA57,0.04829234389184516,0.15927281886802724,0.043,0.039,1,NK cell
CERT1,0.04846588131519894,-0.13599090046751455,0.343,0.334,1,NK cell
ZNF404,0.048491233649102204,0.2288881829702003,0.018,0.016,1,NK cell
DBNL,0.048570347578271965,0.18415003690695175,0.481,0.47,1,NK cell
CENPS,0.04867648755773071,0.10138232035465577,0.02,0.018,1,NK cell
IMPACT,0.04879925580471679,0.11462304874286433,0.073,0.069,1,NK cell
PICALM,0.0489366413304782,0.3602335342063272,0.745,0.739,1,NK cell
SNRNP48,0.0496549582386058,-0.1412273222006193,0.1,0.102,1,NK cell
NDUFV1,0.04972729154453634,0.10670982776971183,0.479,0.468,1,NK cell
PCP2,0.04972907695381408,0.10786946520127216,0.021,0.018,1,NK cell
C16orf54,0.04976854785245231,0.10767469083735837,0.257,0.251,1,NK cell
IFT88,0.04979191756483351,0.106469761655692,0.086,0.081,1,NK cell
CRY1,0.04985890076956079,-0.10175117405286982,0.151,0.155,1,NK cell
DTWD1,0.049864393409969725,-0.11608856371116216,0.056,0.057,1,NK cell
MAX,0.04988436946060304,0.9738135770607794,0.681,0.675,1,NK cell
RALGAPB,0.04994733467020968,0.12179799404733033,0.346,0.335,1,NK cell
MIS18BP1,0.049978939538504574,-0.10877805431914911,0.23,0.234,1,NK cell
MKS1,0.05000562077266961,0.16974653389883,0.024,0.023,1,NK cell
DUSP6,0.0502771505516899,0.19659424569013173,0.088,0.084,1,NK cell
IQSEC1,0.05027800139744926,0.16671718147555348,0.644,0.634,1,NK cell
HCN2,0.05028607426542529,0.23411038618813862,0.015,0.014,1,NK cell
PUM2,0.05039752374076039,-0.11853384112745502,0.515,0.518,1,NK cell
ZC3H8,0.05058869701425502,0.10331844080524721,0.089,0.084,1,NK cell
PHYHD1,0.05081765207613338,0.2173268840089735,0.014,0.013,1,NK cell
DPM3,0.05084356811848541,0.10925915985088341,0.037,0.034,1,NK cell
DEF8,0.051063962296758005,0.14676225402363396,0.011,0.009,1,NK cell
MGAT4A,0.05119630977074817,0.30332992106839507,0.575,0.562,1,NK cell
FKBP4,0.051278458630633655,-0.1330301964106737,0.045,0.048,1,NK cell
PPP1R9B,0.05152714552820911,-0.2268348469134156,0.623,0.614,1,NK cell
CCDC66,0.05165533760814144,-0.12019294980754092,0.092,0.092,1,NK cell
MOV10,0.051669430653502546,0.1548121901603039,0.248,0.24,1,NK cell
MINK1,0.05214089099078535,0.1031817736945212,0.359,0.351,1,NK cell
IL18,0.0521950522011586,0.46855533008513817,0.033,0.031,1,NK cell
FOS,0.052954895910729514,-32.45575420780317,0.185,0.183,1,NK cell
TMEM44,0.05298733085265848,0.1684269035252095,0.01,0.009,1,NK cell
KLF3,0.05323030265595283,-0.1539952201674457,0.477,0.485,1,NK cell
CEP95,0.0534980365451877,-0.10313139830108797,0.187,0.19,1,NK cell
LCP2,0.05352859455932457,-1.7221395766464234,0.758,0.749,1,NK cell
DOCK5,0.05391982880350266,0.26770703150256847,0.21,0.208,1,NK cell
ARL4C,0.0539426188325406,0.3442493939344473,0.918,0.911,1,NK cell
CCDC141,0.05411904295736141,0.20516807951738292,0.026,0.023,1,NK cell
PDGFRB,0.05440759438182195,-0.15347408092228476,0.088,0.086,1,NK cell
VAMP1,0.05461964043371961,-0.10080953197146325,0.159,0.16,1,NK cell
ZNF747,0.05469518631208936,0.21607413381032092,0.014,0.013,1,NK cell
CENPQ,0.05495399464726701,0.1430505099321877,0.033,0.031,1,NK cell
CAMK1,0.05520812499225388,0.10298454859896822,0.02,0.018,1,NK cell
NRAS,0.05547995081055535,-0.1947009539365836,0.308,0.299,1,NK cell
ABHD11,0.055606926871242815,0.11332654537774944,0.042,0.038,1,NK cell
ERAP1,0.05601228627249347,0.14571558130413007,0.276,0.268,1,NK cell
ATP6V1E2,0.056022524808329296,0.273125219644168,0.022,0.02,1,NK cell
NANP,0.05612758492244135,0.16728749724892422,0.041,0.036,1,NK cell
USP36,0.056237508765451395,-0.10831229026072853,0.177,0.182,1,NK cell
ANXA11,0.05628848649498595,-4.197028324557195,0.733,0.721,1,NK cell
CD247,0.056317599624297054,-0.1496518853951052,0.945,0.941,1,NK cell
RABEP2,0.05634639523500908,0.10455369448011065,0.145,0.138,1,NK cell
NT5C3B,0.05664818430870671,-0.19476611435460445,0.066,0.073,1,NK cell
ASPRV1,0.05674564727379837,0.22848263971264693,0.016,0.014,1,NK cell
RLN2,0.05683612116752283,0.2174022174512391,0.013,0.011,1,NK cell
GPR160,0.057344950139784426,0.2550410850856877,0.026,0.024,1,NK cell
ALKAL2,0.05739629036306202,0.12785285991058615,0.018,0.018,1,NK cell
SYNM,0.057406940486026764,-0.19831766944105222,0.008,0.01,1,NK cell
CDK3,0.05741407396591444,0.10709214527626987,0.019,0.018,1,NK cell
THEMIS2,0.05745752223010727,-0.6848210865711843,0.565,0.57,1,NK cell
RAPGEF1,0.05784391634137256,-0.23169786952912075,0.475,0.462,1,NK cell
C2orf76,0.05796188665503921,0.11735256625478963,0.083,0.079,1,NK cell
KDM2B,0.05800472096040228,-0.10621930481483628,0.254,0.262,1,NK cell
MICA,0.05801346702099901,0.11798672103442964,0.088,0.083,1,NK cell
KATNB1,0.05823819545191243,0.12493658297389532,0.081,0.078,1,NK cell
FRS3,0.05826148014091503,0.16403393367461172,0.034,0.031,1,NK cell
CYBC1,0.05838447735597245,-0.12064414828747805,0.452,0.445,1,NK cell
NSL1,0.058459990627892484,0.10716748648881458,0.217,0.209,1,NK cell
MED11,0.05851493006940012,0.1184943816303865,0.133,0.127,1,NK cell
LEF1,0.058527660686002056,0.46536184366169375,0.059,0.053,1,NK cell
PXMP4,0.05857684657231457,0.14119941424552795,0.036,0.033,1,NK cell
UBA52,0.058731181306666484,-1.7443898830733788,0.806,0.8,1,NK cell
ERRFI1,0.05897879203805721,-0.21339280919950276,0.011,0.012,1,NK cell
TASP1,0.05899759385619719,0.10954180956918025,0.098,0.092,1,NK cell
ST6GALNAC6,0.05915636325374403,-0.15194519888687275,0.547,0.539,1,NK cell
TM9SF3,0.05918387811434021,0.10129924899542608,0.501,0.492,1,NK cell
FGGY,0.059462741256764665,-0.2535258004959573,0.011,0.012,1,NK cell
CNBP,0.05959907710454332,-0.24125842491938343,0.573,0.564,1,NK cell
HNRNPU,0.059632871897580694,-0.18118598805026487,0.618,0.611,1,NK cell
CD4,0.05975163753316472,4.099681805658498,0.016,0.017,1,NK cell
NDFIP2,0.05976975229718035,0.10164844992958688,0.038,0.033,1,NK cell
ZNF394,0.060123065884879125,0.547409238054889,0.329,0.333,1,NK cell
SELENON,0.06075020213975296,0.15113192575769618,0.08,0.073,1,NK cell
ZFP37,0.06115237366919405,0.18912284616313713,0.015,0.013,1,NK cell
EWSR1,0.06139448254083937,0.10104982774667581,0.385,0.377,1,NK cell
PPP2R5A,0.061504756714241327,-0.16110220358267924,0.592,0.592,1,NK cell
RUFY1,0.06174841093358119,0.14754498887687734,0.23,0.225,1,NK cell
CLSTN3,0.06176668296174767,-0.4229263390124428,0.32,0.309,1,NK cell
CARD6,0.061803289266167266,0.17084295125317484,0.027,0.024,1,NK cell
IGFBP3,0.06183145933430697,-1.3228850853604657,0.009,0.01,1,NK cell
C4orf50,0.062145941100038765,0.2210812123719439,0.015,0.013,1,NK cell
DMTF1,0.06233729343272168,-0.19207197262047204,0.403,0.396,1,NK cell
CDK20,0.06236333265188626,0.23752512045265473,0.01,0.009,1,NK cell
L2HGDH,0.06257813096158922,0.12242041442905016,0.041,0.039,1,NK cell
SPRYD7,0.0630440708329231,-0.1128431482231691,0.058,0.062,1,NK cell
SRSF9,0.0635197213015834,-0.11487669225839492,0.207,0.208,1,NK cell
ADPRH,0.06375670293661073,0.1690185881842594,0.032,0.029,1,NK cell
MBOAT7,0.06392955187783907,0.13154354664354173,0.093,0.089,1,NK cell
GINM1,0.06394625621312164,-0.11037662988623853,0.193,0.195,1,NK cell
BRCA1,0.06407915241441456,0.30287094946812765,0.022,0.02,1,NK cell
BMP8B,0.06409197443885148,0.13499399611514962,0.027,0.023,1,NK cell
ZMYM2,0.06409898510894861,-0.13213278954205668,0.295,0.289,1,NK cell
SKOR1,0.06415028787085113,0.1594340433974999,0.018,0.015,1,NK cell
SNX8,0.06431578534311966,0.15961715982727798,0.036,0.032,1,NK cell
TCEAL4,0.06462845975007273,0.1457711278850944,0.027,0.026,1,NK cell
SLC44A2,0.06469608835618607,3.2032797409808857,0.73,0.721,1,NK cell
MCM4,0.06470077173444538,0.44991373418760094,0.053,0.049,1,NK cell
ZNF621,0.06505207086221688,0.10399224977713506,0.142,0.136,1,NK cell
FYN,0.06521307563420262,-1.6333921182102262,0.894,0.887,1,NK cell
MFSD3,0.06543000263507508,0.26615720231266504,0.012,0.01,1,NK cell
SELL,0.0654875753493293,-2.594981165378421,0.42,0.416,1,NK cell
ZNF367,0.06553260976362768,0.3987753947412367,0.023,0.022,1,NK cell
ARRB1,0.06580387097967985,0.1107538999957301,0.328,0.323,1,NK cell
ALG14,0.06587811136200995,0.17324199554572717,0.028,0.025,1,NK cell
TMEM223,0.06596147437738391,0.11208676824021246,0.052,0.047,1,NK cell
PARP3,0.06598889607110661,0.12796551222551678,0.017,0.015,1,NK cell
SUSD6,0.06603918443632584,0.1555391682487024,0.401,0.392,1,NK cell
EBNA1BP2,0.066150517359311,0.10787669167329383,0.159,0.154,1,NK cell
ZNF491,0.06615273090858935,0.2197465446682365,0.017,0.015,1,NK cell
CPD,0.06629979861257534,0.11324491226488803,0.309,0.304,1,NK cell
MYDGF,0.06640066273267455,-1.6027421459913571,0.324,0.316,1,NK cell
SLC4A7,0.06643145408333341,-0.2114973509982006,0.26,0.264,1,NK cell
CMAS,0.06651317423326297,0.10960101957265489,0.138,0.132,1,NK cell
KIF1C,0.0666213699241733,0.12551559836524806,0.071,0.066,1,NK cell
POLR2F,0.06679279179789605,-0.10159200733026275,0.058,0.06,1,NK cell
VLDLR,0.06695217336166184,-0.2323515161432015,0.012,0.014,1,NK cell
ZNF784,0.06775225225648746,0.13209499070748,0.02,0.018,1,NK cell
SOCS1,0.068092211259598,1.0152917576334297,0.082,0.077,1,NK cell
NDUFA4,0.06812012845653563,0.22714845652237758,0.418,0.411,1,NK cell
RDH10,0.06834314594203124,-0.1865657998158594,0.081,0.083,1,NK cell
CTRC,0.06854220727128925,0.1686830251597975,0.024,0.022,1,NK cell
FBXO6,0.06910854695295093,0.10411423580618484,0.185,0.177,1,NK cell
ZNF347,0.069472682549696893,0.13938109808900112,0.025,0.023,1,NK cell
LARS2,0.06957724273253386,0.11675456542547025,0.065,0.061,1,NK cell
TFPT,0.06983801862406618,0.10190506346066508,0.077,0.074,1,NK cell
ERCC1,0.06996050230489254,0.1518453766825123,0.157,0.151,1,NK cell
GCHFR,0.07027095631384637,0.2611367456985314,0.09,0.09,1,NK cell
SLC2A3,0.07054116232908908,-0.11606418211084929,0.288,0.291,1,NK cell
RMND5A,0.07095114126181747,0.14755554376213365,0.429,0.424,1,NK cell
EVI5L,0.07101248734265223,0.13955026420669814,0.058,0.054,1,NK cell
KLRG1,0.07135708910408275,-0.8038118846239417,0.572,0.584,1,NK cell
ZNF555,0.07156873699614354,0.15110374333544163,0.037,0.034,1,NK cell
RUVBL2,0.07168272495302785,-0.1264882221354524,0.067,0.07,1,NK cell
NSMF,0.07178863731904563,0.5421217959958219,0.303,0.299,1,NK cell
SIAE,0.07196771598295022,0.2230746463933695,0.015,0.013,1,NK cell
PPID,0.07222795032129727,0.10042159513472615,0.208,0.201,1,NK cell
ANKRD34A,0.07257623952246321,0.30523671804583685,0.012,0.01,1,NK cell
LAMP1,0.07265491463859687,-0.1037211302962997,0.539,0.53,1,NK cell
IQCE,0.07267514588437612,0.11390858383875635,0.049,0.045,1,NK cell
ZNF433,0.07306640212791644,0.20872374244278546,0.013,0.012,1,NK cell
KICS2,0.07310018495426575,0.15049844927602374,0.038,0.035,1,NK cell
GGH,0.07312689500845908,-0.18977537229760344,0.016,0.015,1,NK cell
CKS1B,0.07324516500989196,-0.4693513547004333,0.079,0.075,1,NK cell
SELPLG,0.07383501312493253,-1.3943486634849735,0.791,0.786,1,NK cell
VPS26A,0.07401824477820887,0.10209823860691597,0.358,0.348,1,NK cell
UBA6,0.07412822554975462,0.15422964267505965,0.302,0.295,1,NK cell
PPP3R1,0.07413723817444545,0.3496593884626389,0.571,0.562,1,NK cell
HOXB2,0.07431388152685338,-0.1278672288274798,0.072,0.067,1,NK cell
ZFP82,0.07461398047447759,0.11739600695327734,0.043,0.04,1,NK cell
ZNF343,0.07506305875463856,0.11616548399924032,0.057,0.054,1,NK cell
PITPNM2,0.0752893291018121,0.3924141252095084,0.212,0.202,1,NK cell
ZNF630,0.07534382865692807,0.12156324130260421,0.039,0.036,1,NK cell
SLC25A36,0.07562738410391667,-0.10498609016807123,0.252,0.26,1,NK cell
PLEKHB1,0.07566007772674108,0.18302494082282195,0.016,0.014,1,NK cell
DZIP3,0.0761822442166815,0.13821948844673404,0.057,0.051,1,NK cell
SCMH1,0.07624895950199531,-0.14366142404380877,0.035,0.037,1,NK cell
LDHB,0.07626000738748195,2.7941960899778078,0.426,0.415,1,NK cell
MIDN,0.07640719507914638,0.9637548013379638,0.528,0.52,1,NK cell
DAPK1,0.07641814866934567,0.3003799268605136,0.024,0.022,1,NK cell
TPMT,0.0766368922008853,0.10708663506731897,0.139,0.136,1,NK cell
RNASE6,0.0767522276269759,0.21252620662812927,0.011,0.01,1,NK cell
B3GALT6,0.07675329139763953,0.16442889560730434,0.033,0.03,1,NK cell
MAPKAPK3,0.07700193896890935,0.17374419565950133,0.207,0.205,1,NK cell
MITD1,0.07701418540068326,0.10824670285110582,0.183,0.177,1,NK cell
EIF2AK2,0.07713761167365607,-0.3553994651911878,0.276,0.276,1,NK cell
SHMT2,0.07740099317444282,0.11291108308521913,0.057,0.053,1,NK cell
FAM131A,0.07751810500920966,0.19128838885901,0.022,0.02,1,NK cell
CDHR3,0.0777144627103604,0.1507735075601211,0.011,0.01,1,NK cell
SPATC1L,0.07780991887385799,-0.1885931400206542,0.028,0.029,1,NK cell
SLFN12,0.07829630395180175,0.10864968555869581,0.1,0.095,1,NK cell
CSGALNACT1,0.07836698310194083,-0.26811877450101296,0.033,0.034,1,NK cell
LRRC25,0.07868978772192053,-0.34208835337005716,0.009,0.01,1,NK cell
GNAO1,0.07895665439785081,0.17554574031543257,0.024,0.022,1,NK cell
PALS2,0.07922401409711265,-0.1047635560573088,0.073,0.077,1,NK cell
THBS3,0.07927790998261296,0.1231108161175758,0.041,0.038,1,NK cell
TP53,0.07993656630826482,0.3657058367454845,0.266,0.262,1,NK cell
PLAGL1,0.07999740690520059,0.2087942455110201,0.035,0.032,1,NK cell
CBLB,0.08000702018274508,-0.955640232683185,0.568,0.568,1,NK cell
PEX6,0.08001886860764287,0.12076567907290903,0.081,0.077,1,NK cell
HSPH1,0.08049336626035404,-2.2678700973231782,0.253,0.257,1,NK cell
RNF135,0.08109726068065247,0.1027440207635042,0.017,0.015,1,NK cell
TNIP3,0.08112781312933898,-0.39377077086164647,0.017,0.017,1,NK cell
FNTB,0.08118530085163694,0.12872716639021142,0.026,0.023,1,NK cell
STX3,0.08163696235366978,0.20587914041167732,0.054,0.051,1,NK cell
DCLRE1A,0.08184918025639756,0.10190299949173909,0.064,0.06,1,NK cell
PPP3CC,0.08192938864186847,0.4369079367393054,0.597,0.582,1,NK cell
PPP1R14B,0.08195070133618874,-0.1564328322120767,0.025,0.028,1,NK cell
COQ4,0.08197591107122776,-0.10842506572348576,0.13,0.129,1,NK cell
FDX2,0.08214053982805859,0.13410735702528376,0.03,0.029,1,NK cell
JAK3,0.08278921908176078,-0.14555251106777345,0.34,0.336,1,NK cell
IKZF5,0.08321758341245691,-0.11112664451613918,0.205,0.21,1,NK cell
EID2B,0.08344699512028377,0.14514025881550463,0.029,0.027,1,NK cell
TBCB,0.0837231206605465,0.10830767470464009,0.499,0.49,1,NK cell
TRPV1,0.08382677505133831,0.13891559964565392,0.03,0.029,1,NK cell
STARD4,0.08391423506331408,-0.3367392286044849,0.228,0.228,1,NK cell
PANX1,0.08420179167054179,0.10860704834542911,0.067,0.061,1,NK cell
HIC2,0.08455678193263852,0.16900922704639587,0.026,0.025,1,NK cell
NEMF,0.0846754117689566,-0.10022263247929852,0.476,0.475,1,NK cell
PTPRJ,0.08483878332919677,0.11035890095162637,0.434,0.419,1,NK cell
MTRES1,0.08491221465890461,0.123757759719624,0.057,0.054,1,NK cell
KLHL23,0.0853377460557217,0.22041961510763386,0.01,0.009,1,NK cell
SEPTIN6,0.08546044926052523,0.6936195513083652,0.587,0.586,1,NK cell
FUZ,0.08561804077903512,0.10805497362987593,0.041,0.038,1,NK cell
TAOK3,0.0856694575273112,0.12692487100190153,0.448,0.439,1,NK cell
SLC1A5,0.0862974257474992,-0.8798022547913568,0.116,0.106,1,NK cell
B3GNT2,0.08634343150135,-0.12531214675565439,0.148,0.153,1,NK cell
ENDOV,0.08641073927358109,0.12471843109139691,0.031,0.029,1,NK cell
TP53INP1,0.08653279111407176,-21.242404434176773,0.102,0.103,1,NK cell
ACVR1,0.0866447838068521,0.12043629596526184,0.029,0.027,1,NK cell
SLC39A11,0.08682954628727457,0.1039989834593178,0.067,0.063,1,NK cell
HSPA5,0.08720445781818612,0.6824587732092715,0.134,0.137,1,NK cell
TNFRSF11A,0.08726411149269159,-0.3178136976669421,0.026,0.028,1,NK cell
CBFB,0.08763272895568448,-0.23630364913323554,0.436,0.43,1,NK cell
HECTD3,0.08808254766071859,0.1425067315530275,0.148,0.142,1,NK cell
S100A13,0.08810316464286501,0.2018626415215241,0.031,0.028,1,NK cell
FIGNL1,0.08813194455120137,0.13545903147668747,0.055,0.052,1,NK cell
PCBP4,0.08834421414680024,-0.10311077889383213,0.029,0.03,1,NK cell
CELF1,0.08868248654206239,-0.10584731940492142,0.492,0.486,1,NK cell
RASA3,0.08897002494828501,-0.30689162505464473,0.789,0.781,1,NK cell
ADA2,0.08922229109972889,-0.1996669304124461,0.409,0.405,1,NK cell
NAT1,0.08956204062389195,0.1828165131094157,0.03,0.027,1,NK cell
EEF1B2,0.08970009388377706,-0.21747256239681656,0.559,0.551,1,NK cell
GUCY1A1,0.08978729628150071,0.3296843931338165,0.021,0.019,1,NK cell
CERCAM,0.09038733117449546,0.18353366724792064,0.062,0.058,1,NK cell
SVIL,0.09051179836940504,-0.18600576871563668,0.047,0.052,1,NK cell
TRPS1,0.09051535854133559,-0.10259130206796896,0.107,0.111,1,NK cell
GNPDA1,0.09057864763421308,0.11775965727161886,0.058,0.054,1,NK cell
FAM168B,0.09117487100350737,0.10062546751513948,0.277,0.27,1,NK cell
EFNB1,0.0914918855006202,4.472197565598524,0.032,0.031,1,NK cell
TRAM1,0.09206605238721212,1.3346867743991266,0.669,0.657,1,NK cell
FARS2,0.09217673274028902,0.12407020180538675,0.05,0.046,1,NK cell
DNMT3A,0.09218899321673814,-0.1979227075823654,0.204,0.198,1,NK cell
RBFOX2,0.09220423227591758,0.17200166521153015,0.01,0.008,1,NK cell
POLA2,0.09225457525521857,0.13548220393008625,0.103,0.097,1,NK cell
CAPN7,0.09230909408051753,-0.10781547975437644,0.138,0.138,1,NK cell
ZNF772,0.09257853119344976,0.21513244428989786,0.012,0.011,1,NK cell
CIITA,0.09310542375135723,-0.25392547043982017,0.051,0.054,1,NK cell
USP33,0.09345587159221466,-0.23037113433525636,0.472,0.464,1,NK cell
ZNF765,0.09346819926173644,0.10372016830814967,0.054,0.05,1,NK cell
ZMAT4,0.09355330920883563,-0.12672894590942185,0.033,0.031,1,NK cell
CAPS2,0.09408780695077781,0.13285616454029192,0.01,0.009,1,NK cell
CCDC30,0.09417096535088082,0.16552910288768174,0.03,0.027,1,NK cell
REXO4,0.09418283749807083,-0.11819965185401693,0.14,0.141,1,NK cell
IFNAR1,0.09431284528325272,4.876741863168529,0.285,0.281,1,NK cell
MPV17L,0.09439052578651386,0.17612915893364445,0.022,0.021,1,NK cell
LRRC51,0.09478712672529965,0.22340729319337704,0.017,0.015,1,NK cell
PRNP,0.0947875937068973,0.15811920802473245,0.35,0.353,1,NK cell
TMEM120A,0.09501025791115955,0.3327270916485603,0.108,0.103,1,NK cell
TMEM140,0.0950384752941272,-0.1784240674689258,0.213,0.215,1,NK cell
ACACB,0.09631643941398141,0.1998535886887245,0.023,0.021,1,NK cell
ATP2A3,0.09651342251719044,0.3319112206336552,0.685,0.674,1,NK cell
USP45,0.09683053198508362,0.13254779467950484,0.098,0.092,1,NK cell
DENND1C,0.09694907230652822,0.42276764114242926,0.506,0.497,1,NK cell
RASGRF2,0.09735739387012755,0.23701147657893307,0.039,0.038,1,NK cell
WWOX,0.09743745079331464,-0.10731561094943681,0.211,0.205,1,NK cell
MNDA,0.09756847977275028,-0.18299557840890657,0.021,0.024,1,NK cell
CCDC51,0.09795593675917172,0.1488144769467441,0.026,0.024,1,NK cell
DEGS2,0.09905852040127568,0.1751037467947958,0.017,0.014,1,NK cell
ROPN1L,0.09916614864649342,0.11226613773650795,0.027,0.025,1,NK cell
GRK3,0.09921945723548671,0.11990712481529364,0.015,0.013,1,NK cell
KLHL11,0.09933747152281633,-0.10634099586039225,0.031,0.034,1,NK cell
CCDC22,0.09974812669956404,0.10805376004119305,0.05,0.046,1,NK cell
RHBDD3,0.10019330295531288,0.25062616102477264,0.012,0.011,1,NK cell
OCIAD2,0.100255549162537,0.10800825153729754,0.196,0.19,1,NK cell
RBPMS2,0.10036891173898853,0.21888110004446926,0.014,0.012,1,NK cell
PARP9,0.10052251061373105,-0.15484166136471195,0.262,0.254,1,NK cell
PCCB,0.1006970423783841,0.11268634292129986,0.122,0.117,1,NK cell
MAT2B,0.10149984732027886,-0.32997722714252564,0.616,0.608,1,NK cell
MSC,0.1015432964747435,0.20021641977190097,0.014,0.013,1,NK cell
CYBRD1,0.10163712765670183,-0.39758695690649926,0.156,0.167,1,NK cell
DOCK11,0.10180941638332575,-1.2689074161258698,0.667,0.66,1,NK cell
TNFSF4,0.10197912682505084,0.3068020695565252,0.014,0.012,1,NK cell
MECP2,0.10285803943030403,-0.13860804267027604,0.387,0.377,1,NK cell
FN3KRP,0.10291597861481269,0.1605054934688841,0.159,0.151,1,NK cell
DNMT1,0.1034031013350736,0.7960971940838228,0.373,0.361,1,NK cell
HYI,0.1035652712123987,0.163030952870991,0.02,0.02,1,NK cell
RASSF5,0.1036889455598889,-0.5611814476356436,0.686,0.678,1,NK cell
CUL4A,0.10387015363554997,-0.1420497479721839,0.239,0.23,1,NK cell
ZNF213,0.10427134368509425,0.1251643198713741,0.039,0.036,1,NK cell
EXTL2,0.10440100842224638,0.12501570926134642,0.047,0.043,1,NK cell
ORC1,0.10473773474593248,0.25847208880548056,0.012,0.01,1,NK cell
SDCBP,0.10542486268416633,3.102804235542285,0.202,0.206,1,NK cell
MAGOHB,0.10566037974957945,0.10006048978698168,0.03,0.027,1,NK cell
ENO1,0.10590710387500321,-1.7870506234507917,0.366,0.356,1,NK cell
IFI16,0.10598117609085418,1.68571220516594,0.756,0.747,1,NK cell
IL20RB,0.10636659195781818,-0.13673540081511515,0.014,0.015,1,NK cell
SNX1,0.10657384998415718,0.9005249949262546,0.528,0.523,1,NK cell
CNNM3,0.10758015234815538,-0.1027037186364359,0.141,0.146,1,NK cell
METTL22,0.10772468820828322,0.12499475051584819,0.069,0.065,1,NK cell
TEC,0.10798920560034408,0.10731866505341525,0.029,0.027,1,NK cell
RNF227,0.10815943320735581,0.13967591477903119,0.03,0.028,1,NK cell
C2CD2,0.10820299246292742,0.12816184179609902,0.018,0.016,1,NK cell
PPM1L,0.10827818411918867,0.12450054039063879,0.264,0.257,1,NK cell
C2orf15,0.1086209956440431,0.14034622975348476,0.01,0.008,1,NK cell
GIPR,0.10862220513733846,0.15149075387210775,0.023,0.02,1,NK cell
HDAC1,0.10868272318023071,0.24866975360836197,0.455,0.446,1,NK cell
SLC39A14,0.10892383173765109,-0.10852631697180204,0.028,0.028,1,NK cell
SLC35E3,0.10906026175744478,0.15386087988571817,0.102,0.098,1,NK cell
EHD3,0.1092714757324012,0.11100720092328498,0.049,0.045,1,NK cell
DTYMK,0.10943503961856287,0.13889064627659398,0.074,0.071,1,NK cell
SLC12A7,0.10964613973115836,-0.1585531259180917,0.216,0.216,1,NK cell
RILPL2,0.11005873257819669,-5.266543112552892,0.106,0.101,1,NK cell
NLRX1,0.11008256160685269,0.1175342766393217,0.034,0.031,1,NK cell
RELL2,0.11017853635841447,-0.16833688856760975,0.014,0.015,1,NK cell
AIMP2,0.11056760415347955,0.1071518623325649,0.086,0.082,1,NK cell
RNF34,0.11114565300359554,-0.17067497429636092,0.012,0.013,1,NK cell
RLN1,0.11126525271180633,0.1067658356055734,0.027,0.024,1,NK cell
ATXN1,0.11145795666150392,-0.2844557678860672,0.32,0.313,1,NK cell
ITPKB,0.11147887621296376,-0.17458885748683928,0.527,0.517,1,NK cell
MYO3B,0.11158713331037459,0.29306168184256354,0.013,0.012,1,NK cell
NMB,0.11202755466132962,0.14321428418688553,0.04,0.037,1,NK cell
KIF11,0.11216012040160316,0.2142717975468793,0.013,0.012,1,NK cell
IL32,0.11229365148338023,-20.032142020906022,0.65,0.632,1,NK cell
ZXDB,0.11229990505244832,-0.12805820870825269,0.021,0.023,1,NK cell
MBOAT1,0.11251572255304539,-0.22586213719150638,0.009,0.01,1,NK cell
AGFG2,0.11346059838690098,0.13449073561624525,0.093,0.089,1,NK cell
RSAD2,0.11380690510243588,-1.0232053358461008,0.037,0.038,1,NK cell
TAF6L,0.11452722167820431,0.11325185039701058,0.034,0.031,1,NK cell
RBM6,0.11458302138050136,-0.10187232524155343,0.464,0.459,1,NK cell
LSM11,0.11460398798751771,0.11395041908514969,0.039,0.036,1,NK cell
LMF1,0.11504557201034138,0.12091786327049547,0.067,0.062,1,NK cell
EXOSC5,0.11535806023692029,-0.12407850004134646,0.041,0.043,1,NK cell
BATF,0.115408884743052,0.34184043152369314,0.159,0.152,1,NK cell
LASP1,0.11549121286082127,-1.9856842011343439,0.735,0.728,1,NK cell
OSBPL7,0.11565398043373948,-0.10891753650837144,0.058,0.061,1,NK cell
ICAM3,0.1157975432953713,0.10098983429343344,0.441,0.434,1,NK cell
KLHDC3,0.116370396529715,-0.1293550920894568,0.275,0.28,1,NK cell
MAD2L1,0.11698594599149917,-0.2135051774509127,0.024,0.025,1,NK cell
ANGPTL6,0.11729395427001064,0.16893882093783308,0.019,0.016,1,NK cell
C18orf25,0.11791231365657415,-0.11512970120100541,0.263,0.265,1,NK cell
TBC1D10A,0.11821430758683481,-0.11484809069532842,0.18,0.184,1,NK cell
YKT6,0.1182876954072082,-0.10593831051524313,0.312,0.308,1,NK cell
AURKA,0.11839963711451915,0.2148005915649387,0.015,0.013,1,NK cell
TUT4,0.1191526810475287,-0.1956487229988797,0.528,0.532,1,NK cell
CRIPT,0.11931968134539096,-0.10575201066883244,0.332,0.332,1,NK cell
SLC9B2,0.1199372962948599,0.11208499276056161,0.053,0.05,1,NK cell
ING2,0.12026887452012751,-0.10818443917176301,0.049,0.05,1,NK cell
NECTIN3,0.1210852165338666,0.1317825936197714,0.021,0.019,1,NK cell
EIF1AX,0.12114323721582175,0.1471264539899586,0.013,0.012,1,NK cell
BLVRB,0.12130520309125857,0.15622546303502638,0.031,0.029,1,NK cell
MCM2,0.12141119883574183,0.595099216105843,0.059,0.057,1,NK cell
HEBP1,0.12145977755814726,-0.1691771201375385,0.038,0.04,1,NK cell
LPIN2,0.12229214889889066,-0.3901598321873152,0.332,0.336,1,NK cell
INPP1,0.12267887475689906,0.1138110937427288,0.08,0.076,1,NK cell
CHAF1A,0.1227786177028637,-0.18561801645781228,0.061,0.058,1,NK cell
ZNF202,0.12346571687659497,-0.13909809744975865,0.043,0.044,1,NK cell
HBS1L,0.12353618812300811,-0.22715757139882875,0.427,0.419,1,NK cell
LGALS1,0.12361649536672714,6.29148584201608,0.502,0.493,1,NK cell
CREBBP,0.12368941565657286,-0.2681211814507176,0.46,0.466,1,NK cell
ZCCHC9,0.12512608413486664,0.10154014259616884,0.102,0.099,1,NK cell
CCDC24,0.125693821730401,0.1714081203451121,0.012,0.01,1,NK cell
RCSD1,0.12577717097348456,-1.1261677260018077,0.649,0.642,1,NK cell
PPP4C,0.1260499126990827,0.11415537295575318,0.46,0.45,1,NK cell
KCTD10,0.12626957040077408,0.10458840062798114,0.225,0.214,1,NK cell
MORN3,0.1264937886947044,0.19818366176547197,0.024,0.021,1,NK cell
FGD2,0.12752339007369567,0.25922080440810635,0.013,0.013,1,NK cell
BANP,0.12818776841687896,-0.10818763129945097,0.029,0.031,1,NK cell
AKAP17A,0.128477151567324,0.1866276142239922,0.426,0.421,1,NK cell
PARP15,0.1285114166977833,-0.11534848444730983,0.571,0.559,1,NK cell
SCNN1D,0.12854212948909485,0.22630006479530884,0.011,0.009,1,NK cell
DGAT1,0.12882249139950103,0.10953876162072129,0.175,0.168,1,NK cell
C12orf76,0.12883681064003666,0.10537754350991335,0.024,0.022,1,NK cell
MPIG6B,0.1292295520764052,0.27065685153766417,0.018,0.018,1,NK cell
FDFT1,0.12990866081751487,-0.6467960102870514,0.239,0.24,1,NK cell
LMAN2,0.13006436648049582,0.24041722912533192,0.648,0.64,1,NK cell
LRRFIP2,0.1304713408748222,-0.10274595378305151,0.176,0.173,1,NK cell
LMLN,0.13125895786789582,0.17425754639928037,0.01,0.009,1,NK cell
NAT14,0.13139306564614187,-0.20411545352731775,0.016,0.016,1,NK cell
NUDT7,0.13183222931038313,0.11530423843949311,0.042,0.039,1,NK cell
ZC3H12D,0.1318325313714499,0.16027111954291406,0.017,0.015,1,NK cell
PRR3,0.13237059206128418,0.16825082844074224,0.023,0.021,1,NK cell
WDR76,0.13249503761613696,0.7301489452765575,0.124,0.118,1,NK cell
PON2,0.13342514651957943,-0.9501100931476687,0.084,0.078,1,NK cell
SLC48A1,0.13357084908444125,0.13949358254585942,0.022,0.02,1,NK cell
WNT10B,0.13359274919545236,0.1356934634764686,0.054,0.05,1,NK cell
BLMH,0.13483535876380062,-0.10150340702662031,0.153,0.148,1,NK cell
AHSA1,0.13523962095315215,0.3127020062716358,0.378,0.383,1,NK cell
ZNF285,0.1352615276563107,0.15096502713054694,0.01,0.009,1,NK cell
FBXO10,0.13543927102801318,0.21293431575451383,0.014,0.012,1,NK cell
KRT72,0.13567988973182418,0.9138032385227652,0.059,0.058,1,NK cell
TIMD4,0.13595785487487466,0.3964452208960614,0.02,0.017,1,NK cell
UBE2D3,0.13612634495237896,0.15092142032227462,0.584,0.589,1,NK cell
MAP3K12,0.1364701539753726,0.10540199103087744,0.072,0.068,1,NK cell
LRRC45,0.1365502942455141,0.14389097302664045,0.051,0.047,1,NK cell
KDM3A,0.13698104348621418,-0.1733607772185195,0.399,0.394,1,NK cell
ANXA1,0.13753563108623407,5.347151634051979,0.807,0.798,1,NK cell
EIF4EBP1,0.13811547315941033,-0.13226891247430306,0.03,0.032,1,NK cell
ZNF564,0.13868034843649046,-0.11971843796307491,0.038,0.041,1,NK cell
AMH,0.139258865564985,-0.16624292497957516,0.01,0.011,1,NK cell
UBASH3A,0.13958382049113344,0.196901595005734,0.023,0.02,1,NK cell
THAP9,0.140131223338642,-0.23946299597621312,0.012,0.013,1,NK cell
PPP1R16A,0.14042164010929306,0.17595780397375815,0.023,0.02,1,NK cell
GOLGA5,0.1408733776531817,0.11184568305398734,0.156,0.15,1,NK cell
CDKN1B,0.14159316361915023,-0.17738101825977592,0.495,0.494,1,NK cell
G6PD,0.14161938430880075,0.11548139548311287,0.454,0.446,1,NK cell
AFAP1,0.14171785923195693,0.1498517531863781,0.034,0.031,1,NK cell
ACAD8,0.14220050786344893,0.10642216761181444,0.098,0.094,1,NK cell
RPGR,0.14237266870253162,-0.13583934215689908,0.065,0.067,1,NK cell
TMEM218,0.1427432635403661,0.11136334324469832,0.087,0.084,1,NK cell
FBXO5,0.14296157665704667,0.12792638203462747,0.028,0.027,1,NK cell
MPEG1,0.14331494709032486,-0.13048275391217956,0.023,0.025,1,NK cell
SCART1,0.14369156878243552,0.9090425587686166,0.025,0.023,1,NK cell
TIMELESS,0.14406053405168798,0.14542272704931225,0.027,0.024,1,NK cell
MIER2,0.14413355742758274,0.10507420347825214,0.03,0.028,1,NK cell
UNC5CL,0.14452065565925284,0.20403686104321483,0.012,0.011,1,NK cell
H1-2,0.1448559119067252,-1.4308675520672907,0.812,0.811,1,NK cell
ACADVL,0.145025398021104,-0.11303407104965235,0.363,0.355,1,NK cell
GAMT,0.14526868587029657,0.1306907544322966,0.022,0.021,1,NK cell
GMPPA,0.14580697172510368,0.10252889251120534,0.085,0.08,1,NK cell
CHTOP,0.14593387687413759,0.16128469888463703,0.401,0.396,1,NK cell
XRN1,0.1471272970229569,0.22038421123216212,0.597,0.592,1,NK cell
BAG4,0.14762247103114204,-0.11908311175835617,0.017,0.019,1,NK cell
IMMP2L,0.14802807173429208,-0.20223093260454206,0.134,0.137,1,NK cell
PAG1,0.1492953491560895,-0.3588081391820723,0.11,0.108,1,NK cell
SLC38A1,0.14932589688455614,-0.27543954651060787,0.769,0.772,1,NK cell
TNIP1,0.14945060207351235,0.3130600591716015,0.402,0.405,1,NK cell
SLC29A2,0.14979220770043858,0.2364217687132415,0.013,0.012,1,NK cell
SOGA1,0.14979945483507057,0.11592392122115847,0.015,0.013,1,NK cell
NKG7,0.14996519226867813,20.187653918674528,0.999,0.998,1,NK cell
ACY1,0.15001714129327975,0.13049947060265676,0.034,0.032,1,NK cell
LDLR,0.15012237257236127,-0.20441774428747972,0.117,0.117,1,NK cell
PDE1B,0.15016675306538182,0.1917846297332595,0.02,0.019,1,NK cell
ANP32E,0.1501810806058609,0.6700402914374533,0.283,0.277,1,NK cell
GLIPR2,0.15018684247315325,-0.21446128707776557,0.502,0.496,1,NK cell
PLOD1,0.15020883935647045,-0.16804588565483156,0.24,0.23,1,NK cell
PRKAR1B,0.15053363649720722,0.17480847485027606,0.02,0.018,1,NK cell
CAST,0.15063624971114162,-0.22182130446187198,0.644,0.638,1,NK cell
RGS18,0.15152004872934788,3.726610399218247,0.014,0.013,1,NK cell
MTFR1,0.15242701234243636,-0.1073152804299573,0.094,0.094,1,NK cell
PRPF40B,0.15250140717367044,0.1660574881981587,0.01,0.009,1,NK cell
PARS2,0.15322608036926652,0.13121476856741499,0.018,0.016,1,NK cell
DCAF4,0.15355573398729638,0.1291721102513117,0.052,0.049,1,NK cell
CD28,0.1538623467846727,0.24376130372427074,0.01,0.009,1,NK cell
IRF1,0.15397436548796184,0.6105930215152933,0.51,0.518,1,NK cell
JAK1,0.15413654720134712,-3.5590242474239986,0.889,0.889,1,NK cell
MED8,0.15497314206278281,0.1174994038806163,0.158,0.153,1,NK cell
ARAP1,0.1550762484325558,-0.20883248275101618,0.502,0.494,1,NK cell
ADAM17,0.1558629675927497,0.10006415789641676,0.162,0.157,1,NK cell
EVA1B,0.155987962738874,0.1394288797964185,0.023,0.021,1,NK cell
ME3,0.15599617003826652,0.10302064849889003,0.023,0.021,1,NK cell
AP4S1,0.1562458799695277,-0.15592104889237612,0.066,0.069,1,NK cell
IPPK,0.15639246498952852,0.12194812662031973,0.039,0.037,1,NK cell
CREB3,0.1564390639079239,0.10643308640337201,0.124,0.12,1,NK cell
SVIP,0.15711177062756917,-0.1151551276206586,0.081,0.082,1,NK cell
ARHGAP8,0.15763334642142257,0.14006609361848588,0.033,0.029,1,NK cell
BTBD3,0.15774256048475002,-0.2808312882531956,0.008,0.01,1,NK cell
MOSPD3,0.15779472915147366,0.11903508888946224,0.077,0.074,1,NK cell
KANSL1,0.15817854964528846,-0.10366477576121946,0.588,0.589,1,NK cell
ARF6,0.15928738102835024,-1.1437809481182404,0.844,0.839,1,NK cell
MDK,0.15968116881471958,-0.11535674362446979,0.024,0.025,1,NK cell
TM6SF1,0.1608213839225286,0.4950352635989166,0.088,0.083,1,NK cell
ABHD15,0.16148027397189257,-0.12269886152703502,0.102,0.104,1,NK cell
DONSON,0.1615285555253136,-0.16251006093179754,0.047,0.049,1,NK cell
RTEL1,0.1620508275921154,0.14919741411600596,0.041,0.038,1,NK cell
MCM7,0.16211719298785968,1.8075462790608596,0.228,0.226,1,NK cell
SLC16A3,0.16223226440139077,0.11987138135178432,0.181,0.176,1,NK cell
LEAP2,0.1624182772207915,0.16049536572190615,0.011,0.01,1,NK cell
CACNA2D4,0.16350862940998687,-0.3099428880386572,0.063,0.061,1,NK cell
PHF11,0.16369904299318594,0.15888185599246396,0.381,0.374,1,NK cell
TKTL1,0.1641300840504279,1.3207907152492595,0.065,0.066,1,NK cell
RALBP1,0.16431990729673393,-0.10167232010374765,0.286,0.29,1,NK cell
LACTB,0.1646463291572817,-0.12292143979334247,0.032,0.034,1,NK cell
HADH,0.16472987427826122,0.18570380314948176,0.125,0.122,1,NK cell
ARHGAP11B,0.1654823729010749,-0.1152777531581064,0.037,0.039,1,NK cell
NIBAN2,0.1657006850285364,-0.1645425236321829,0.014,0.016,1,NK cell
MEX3D,0.16606813114178803,0.1531193278042915,0.025,0.024,1,NK cell
TSC22D4,0.16642352230780968,0.1792878136368774,0.541,0.536,1,NK cell
FUS,0.16685704265506818,0.32933966225680816,0.252,0.244,1,NK cell
CD27,0.16698656931710396,0.5223943375255486,0.033,0.031,1,NK cell
NEDD9,0.16717591820728314,19.426332177442674,0.244,0.24,1,NK cell
SNAPC4,0.16726962247441926,0.10978590147685141,0.063,0.059,1,NK cell
PTPRB,0.167370462355021,0.11877555746653456,0.023,0.02,1,NK cell
DENND11,0.16797648864038478,-0.45055247860412895,0.317,0.314,1,NK cell
CTIF,0.16798856798249043,0.16290928660581638,0.019,0.017,1,NK cell
ERFL,0.1685228364561337,-0.173851019330014,0.013,0.014,1,NK cell
MLX,0.16857475336470407,0.10848857145309687,0.236,0.23,1,NK cell
EMP3,0.16860785730207287,5.120439692635156,0.852,0.845,1,NK cell
CENPE,0.1686338140184052,0.20217449642570973,0.016,0.015,1,NK cell
FECH,0.16953799998698366,6.3938048184480225,0.141,0.144,1,NK cell
ANP32A,0.1697362525436739,-0.1392524041840203,0.234,0.238,1,NK cell
OAS3,0.16995570225653567,-2.043879513318634,0.061,0.063,1,NK cell
ZNF416,0.17001895479004478,0.19523272096740207,0.015,0.014,1,NK cell
CXCR6,0.17027838261223124,1.4749073677553104,0.019,0.02,1,NK cell
TRAF3IP3,0.1709171933434535,0.7874801739922654,0.717,0.708,1,NK cell
EXOC7,0.17150917573826555,-0.10765066133209056,0.376,0.37,1,NK cell
PPP1R3F,0.17185420106172195,0.12315292593998795,0.019,0.017,1,NK cell
WEE1,0.1723682794042739,-1.3588974023454292,0.085,0.08,1,NK cell
RALGDS,0.17240118757364087,-0.1045677934092053,0.418,0.416,1,NK cell
DUT,0.1725835048070876,-1.2052638643281073,0.152,0.147,1,NK cell
OGFOD3,0.17304183060777795,0.14345619845482194,0.111,0.108,1,NK cell
TUFM,0.1734217072411756,0.11452913637841644,0.433,0.424,1,NK cell
SLC18B1,0.17354829161335822,0.1080354394452896,0.038,0.038,1,NK cell
PHC3,0.17354945386220827,-0.1434223815271476,0.459,0.462,1,NK cell
TPM1,0.1743130849140225,0.12771543948113262,0.072,0.067,1,NK cell
USP43,0.1752091322281297,0.19679528178858785,0.016,0.014,1,NK cell
LTO1,0.1754279245005918,0.12882517613577305,0.05,0.046,1,NK cell
PDE7A,0.17555206170599258,-0.20907947453315257,0.337,0.333,1,NK cell
EZR,0.17709610858200953,-3.8061869691691195,0.562,0.567,1,NK cell
HIVEP2,0.17744082475327286,0.6206250702710281,0.14,0.147,1,NK cell
NCAPG2,0.17779579132883255,0.11666568042236136,0.054,0.051,1,NK cell
ZNF710,0.17826964351255503,0.122554965769055,0.023,0.021,1,NK cell
NRDC,0.17843543062264755,0.10401138031626034,0.447,0.438,1,NK cell
HNRNPF,0.17845672327732723,-0.18217325799844786,0.449,0.441,1,NK cell
STRIP2,0.17857903836885886,0.23093325599875936,0.011,0.01,1,NK cell
YEATS4,0.17865078581858715,0.1007988030087803,0.115,0.114,1,NK cell
ILF3,0.17871169232942372,-0.3692967615237215,0.417,0.416,1,NK cell
RTP5,0.17883398975461798,0.2563345501276437,0.011,0.01,1,NK cell
TMEM182,0.17896608612808768,-0.14094880896911688,0.041,0.043,1,NK cell
SPATA5L1,0.17918610015945294,-0.10497794328975019,0.08,0.081,1,NK cell
SLC8B1,0.17927796926901196,-0.10822985472694313,0.026,0.027,1,NK cell
TMEM177,0.1793401835308672,0.11241426227715756,0.022,0.021,1,NK cell
RUNX3,0.18032620578932385,2.6060092881780292,0.777,0.766,1,NK cell
NUDT1,0.1804178183322757,0.24740271859468232,0.114,0.108,1,NK cell
NUP85,0.18104741059528365,-0.1947552104301561,0.197,0.193,1,NK cell
RSPH3,0.1813789341749357,-0.12294415381458856,0.027,0.028,1,NK cell
CDC25B,0.1816189412298567,-0.8342345731782936,0.578,0.57,1,NK cell
QPRT,0.18182944486153313,-0.12375903858407433,0.013,0.014,1,NK cell
AHNAK,0.1823323815397895,-5.698809248731354,0.947,0.946,1,NK cell
GPR183,0.18249026401653945,0.21611382044149474,0.043,0.041,1,NK cell
CYSLTR2,0.18375493384787034,-0.10478999957709911,0.036,0.036,1,NK cell
AGAP3,0.18469428007125785,-0.12647360228421256,0.043,0.044,1,NK cell
ATXN3,0.1848097067562767,-0.2069833247618427,0.223,0.224,1,NK cell
TOR1AIP2,0.1857348154080169,-0.10442878418708301,0.157,0.162,1,NK cell
RIPOR1,0.18583056403653112,0.6869986344868578,0.116,0.113,1,NK cell
KRBOX5,0.18592365037745698,0.12515134470495237,0.016,0.014,1,NK cell
OPA3,0.18761849298338365,0.11950451237958859,0.039,0.037,1,NK cell
HNRNPUL2,0.18765447905867066,0.5607002213423999,0.488,0.482,1,NK cell
RHBDF2,0.18774149347124533,0.14183017666431708,0.258,0.248,1,NK cell
ITGA10,0.18818964719565795,0.10144339960214754,0.011,0.01,1,NK cell
HELB,0.18879044315115273,-0.15783731065301093,0.213,0.213,1,NK cell
PDXK,0.18935035057695393,-0.11173483334765477,0.178,0.177,1,NK cell
GRINA,0.1900696397624421,0.10928190850236796,0.183,0.178,1,NK cell
MINAR1,0.19023256136535857,0.13505430657326034,0.011,0.01,1,NK cell
FDXACB1,0.19033468132019804,-0.10164189611814178,0.033,0.034,1,NK cell
TNF,0.19104031473596325,0.17616973990546025,0.011,0.01,1,NK cell
ANKS3,0.1913250049969909,0.12495640038611233,0.043,0.041,1,NK cell
SPCS2,0.19138648221778923,0.11291762438536934,0.179,0.174,1,NK cell
TM4SF19,0.1917626656549102,-0.12282296698325768,0.054,0.05,1,NK cell
NDRG2,0.19253241914681432,0.1956784976126622,0.023,0.021,1,NK cell
ZNF654,0.19278442520147904,0.1250280870628997,0.145,0.141,1,NK cell
DLG4,0.19279826567298253,0.1979336063381254,0.021,0.019,1,NK cell
WDR83,0.19342512345060403,0.10404229663495368,0.072,0.07,1,NK cell
ACVR1B,0.19354367374380352,0.1170953622726083,0.031,0.029,1,NK cell
PEX7,0.1938551605239773,0.12710782385223673,0.021,0.02,1,NK cell
PRELID2,0.19523493524125302,0.25403165549496354,0.016,0.015,1,NK cell
NFAT5,0.19553430413012568,0.37473805339458033,0.426,0.424,1,NK cell
CCDC137,0.19604361173477597,0.1186924360976076,0.061,0.057,1,NK cell
DDX49,0.19611679160353135,0.10096213082957473,0.143,0.139,1,NK cell
OPTN,0.1969383417527606,-0.3980740368237239,0.544,0.535,1,NK cell
ZNF687,0.19706754674258906,0.10377729480588904,0.109,0.105,1,NK cell
RAVER2,0.19709818707307256,0.10589736376590775,0.012,0.011,1,NK cell
NBEAL2,0.19764684028280477,-0.14153026279272884,0.58,0.571,1,NK cell
MGAM,0.1976630741946119,0.39446463172258395,0.064,0.062,1,NK cell
FBXO7,0.19851756455798833,0.6280720367538779,0.499,0.501,1,NK cell
MYO19,0.1988249635907185,0.1028534088405626,0.13,0.125,1,NK cell
CADM1,0.19904890121958235,-0.593969817411037,0.043,0.044,1,NK cell
GSTZ1,0.19915422034232097,0.1882782869902755,0.015,0.013,1,NK cell
G0S2,0.19934447288787754,-10.334578524599856,0.009,0.01,1,NK cell
H1-3,0.19941288801568022,3.3245569210900996,0.566,0.567,1,NK cell
EIF4EBP2,0.1996798311241825,-0.29091919715880543,0.762,0.755,1,NK cell
GADD45B,0.1999011415789461,-0.12213508063876732,0.04,0.043,1,NK cell
ADAM10,0.19999730649661385,-0.12895861612313375,0.604,0.6,1,NK cell
CENPI,0.20016868253329537,-0.10150209923209985,0.014,0.014,1,NK cell
HOMER1,0.20041763520418396,0.10204563480440676,0.021,0.019,1,NK cell
SLX9,0.2004241953147685,0.11731712068031896,0.05,0.047,1,NK cell
ATAD2,0.20051709446596355,0.18554293512864684,0.066,0.064,1,NK cell
HPGD,0.20077037555159344,0.25569206885749796,0.072,0.067,1,NK cell
CCDC86,0.20087654126939383,-0.1255841298449205,0.017,0.018,1,NK cell
SP110,0.20152597175897186,-0.5972188121896214,0.495,0.491,1,NK cell
ATN1,0.2016203180729742,0.11572093479797996,0.173,0.167,1,NK cell
TOPBP1,0.2017635819034027,0.16644393871814422,0.191,0.191,1,NK cell
SPRY3,0.20190236990887053,0.10300847923511469,0.013,0.011,1,NK cell
ARSK,0.20250080160296635,0.14132312949775372,0.019,0.017,1,NK cell
RAD51,0.20270574355816018,0.15937026142852329,0.012,0.013,1,NK cell
PODN,0.20289697537076892,0.13227644321318976,0.054,0.054,1,NK cell
GPA33,0.20313686791026012,0.11690318510956121,0.014,0.013,1,NK cell
RAB6A,0.2031597934362264,-0.10446268242472123,0.446,0.442,1,NK cell
BCL2A1,0.2034871822322811,-0.2385672204295608,0.08,0.078,1,NK cell
DAZAP2,0.2038589963710972,-0.18588668937670416,0.667,0.664,1,NK cell
PANK1,0.20392389412748402,-0.27601623056657587,0.01,0.011,1,NK cell
SLC25A46,0.20417039480309723,0.11084502558058618,0.242,0.236,1,NK cell
EPB41L2,0.20446716818710264,-0.2657988801154252,0.012,0.014,1,NK cell
MACROH2A2,0.204996620564551,0.17341417112339386,0.012,0.011,1,NK cell
STK3,0.20630310212235695,-0.14112357178129864,0.026,0.027,1,NK cell
KIF13A,0.20703411279098,-0.11969628627050444,0.067,0.068,1,NK cell
CD37,0.20886366732321104,-0.30856897257307203,0.723,0.718,1,NK cell
FAM118A,0.20899625917108103,-0.1208539272466238,0.015,0.017,1,NK cell
TMEM50A,0.20931008764427483,-0.21635057103382982,0.579,0.57,1,NK cell
SETX,0.2093101396158357,0.12592317651520968,0.41,0.402,1,NK cell
SOCS3,0.2096905384733031,-1.8207244338534552,0.025,0.026,1,NK cell
XRCC3,0.2104957683524245,0.16308084271709067,0.016,0.014,1,NK cell
PIM1,0.21056900992341407,-5.571829869294408,0.479,0.477,1,NK cell
GPBP1L1,0.210729981954572,-0.10446291912020111,0.47,0.462,1,NK cell
CTSS,0.21115277559142343,0.8838629958670028,0.581,0.582,1,NK cell
HK1,0.2116421795829989,0.1557880811965825,0.231,0.226,1,NK cell
SYNJ2,0.21166633508111565,0.10067197188767585,0.077,0.072,1,NK cell
SETD9,0.21208523619228054,0.14786165766609027,0.015,0.014,1,NK cell
MTM1,0.2124916067631939,0.15327377214407667,0.045,0.042,1,NK cell
ZFTA,0.2131861586451396,0.11932839420109875,0.018,0.016,1,NK cell
P2RX5,0.21374907481249095,-3.2439271664235676,0.027,0.029,1,NK cell
CD38,0.2139426929427054,1.319530787822302,0.375,0.363,1,NK cell
CCL3,0.21453518136632987,49.13742969932136,0.084,0.081,1,NK cell
FBXO48,0.21479748964995837,0.1341269476393192,0.031,0.029,1,NK cell
PDGFB,0.21522524698300607,4.400350143133856,0.01,0.011,1,NK cell
STIM1,0.2158026812559147,0.15574098952865922,0.578,0.569,1,NK cell
SFXN2,0.2181524285295425,0.10105175546526324,0.044,0.041,1,NK cell
SKAP1,0.21852162078638837,0.2654232388393041,0.54,0.53,1,NK cell
BCL11B,0.21868510273606376,-0.1321507756409006,0.464,0.456,1,NK cell
ROGDI,0.21877764252470935,-0.17431611279367498,0.014,0.015,1,NK cell
MYC,0.219057117944712,0.1962694065900532,0.023,0.022,1,NK cell
RUNX2,0.21987161765868296,-0.13619810798091891,0.075,0.07,1,NK cell
ADA,0.21992418748745363,0.12275147116051008,0.26,0.259,1,NK cell
SIGLEC7,0.22137745554041582,-0.15095224884956407,0.194,0.194,1,NK cell
NAP1L5,0.2214392689388128,-0.4340123514880241,0.04,0.042,1,NK cell
RGS17,0.22162382193651173,0.13111529242947118,0.027,0.026,1,NK cell
CCL4,0.2227428779986799,33.26778450060755,0.711,0.7,1,NK cell
MC1R,0.22319856088562948,-0.11480989231643601,0.014,0.014,1,NK cell
REEP5,0.22403612188685582,-0.5317062071535499,0.455,0.45,1,NK cell
IKZF2,0.22421857477484086,-0.2703170067530829,0.33,0.316,1,NK cell
TRMT5,0.22464740912356773,0.11829678213637518,0.022,0.02,1,NK cell
TELO2,0.22521593191014852,0.12717928783959875,0.103,0.101,1,NK cell
ZNF177,0.22537884319743068,0.1817137710375416,0.013,0.012,1,NK cell
SYNE1,0.22574949406889352,-1.841327141413565,0.967,0.966,1,NK cell
MMP24OS,0.22687580760568368,0.13802215631271425,0.324,0.315,1,NK cell
CLCF1,0.22706639938997814,-0.10496782850817743,0.07,0.073,1,NK cell
YIF1A,0.22850494117167477,0.1033600076522383,0.072,0.069,1,NK cell
ATP8B4,0.2288118155783602,-0.19092030971438934,0.239,0.245,1,NK cell
WDR73,0.22940814996340683,0.11659873267906162,0.087,0.083,1,NK cell
IQCG,0.22948726760763816,0.10450948993820663,0.051,0.047,1,NK cell
NAMPT,0.22970381615463936,-0.46273382702729027,0.029,0.029,1,NK cell
CTSC,0.23020273948765277,-2.0942438073088665,0.712,0.705,1,NK cell
REL,0.23063386840830938,5.288830716653784,0.523,0.526,1,NK cell
TMSB15B,0.23130645319803345,0.17520559314133877,0.033,0.031,1,NK cell
PRDX1,0.23139901303039392,0.10820996125669868,0.122,0.117,1,NK cell
ADAM20,0.23149282877530072,-0.13380904342184596,0.011,0.012,1,NK cell
ZCCHC24,0.2317471523928042,0.1500382891834966,0.037,0.034,1,NK cell
COX14,0.23179588566213885,0.11759462396203979,0.268,0.263,1,NK cell
HCST,0.23237791605665095,1.0063401387653288,0.75,0.749,1,NK cell
VAMP2,0.23238454902568068,0.10738301166286712,0.549,0.55,1,NK cell
FAM135A,0.23265677026679826,0.17422356697605235,0.012,0.011,1,NK cell
TMEM241,0.2334962669018888,-0.104032085031319,0.109,0.109,1,NK cell
MDM4,0.2346666195994434,-0.4012603458089963,0.812,0.808,1,NK cell
VAV3,0.23509267927035388,0.1590114783538623,0.312,0.307,1,NK cell
PTGR2,0.235094119172342,0.2180959276150869,0.01,0.009,1,NK cell
TMEM131L,0.23534241074488166,0.11507264211909318,0.362,0.359,1,NK cell
CASP6,0.23536449258409964,0.10769015084522815,0.043,0.041,1,NK cell
VIM,0.2353785506055346,60.652777707840954,0.751,0.747,1,NK cell
ATP11B,0.23609450947801788,-0.5077284931086719,0.687,0.682,1,NK cell
AKT3,0.23657461776523234,-0.37340196964746153,0.447,0.439,1,NK cell
CLN6,0.2375134777762941,0.11177630473273492,0.072,0.069,1,NK cell
RIPOR2,0.23769812790604095,-8.61817408523861,0.821,0.818,1,NK cell
RALGPS2,0.23876304203030152,-0.14892699224481465,0.035,0.036,1,NK cell
FURIN,0.23940716801899647,-0.22147342264254227,0.257,0.258,1,NK cell
DBN1,0.23965431708308133,-0.23730896991242467,0.017,0.016,1,NK cell
FADS2,0.23979714939903174,1.9171326610465718,0.216,0.2,1,NK cell
KLKB1,0.2399706379181622,0.15921668147614199,0.016,0.015,1,NK cell
HOOK2,0.24023627597616998,0.1740041996571291,0.016,0.014,1,NK cell
TPX2,0.24085726607976457,0.4265319006463999,0.012,0.012,1,NK cell
BMERB1,0.2428646218093453,0.11732338945296306,0.019,0.019,1,NK cell
LIN7B,0.24368710086117812,-0.11426374142647155,0.029,0.03,1,NK cell
E2F1,0.24376051992318049,-1.2113480864254393,0.011,0.01,1,NK cell
WDR19,0.24436175181200495,-0.11679855916034532,0.037,0.038,1,NK cell
ZNF223,0.24454269904401554,0.11407346518172146,0.028,0.027,1,NK cell
NCAM1,0.24559879742005983,-0.1011173382277468,0.239,0.243,1,NK cell
TDRD9,0.24713737919622228,-0.21140254282558502,0.009,0.01,1,NK cell
ARHGAP31,0.2478620787456747,0.16955958855171893,0.021,0.019,1,NK cell
OGA,0.24798250885929934,-1.2701802812946248,0.826,0.825,1,NK cell
HMGCS1,0.248729211374273,2.01892783908273,0.155,0.153,1,NK cell
THNSL1,0.2488132004700644,0.1287489920620728,0.032,0.03,1,NK cell
ANXA5,0.24977241828450725,1.6437542667650176,0.18,0.186,1,NK cell
DNAJC18,0.24983626605464324,0.14481241865421568,0.026,0.024,1,NK cell
KIDINS220,0.25041022359499915,0.1268028779329422,0.394,0.389,1,NK cell
ATP5PD,0.25082631380433484,0.10894265115509794,0.256,0.25,1,NK cell
NCOR1,0.2509552911913017,0.16453690414033417,0.555,0.546,1,NK cell
CYB5D2,0.25189312896221294,0.19392036051293804,0.015,0.014,1,NK cell
MYL6B,0.2523389504887505,0.19179228530718673,0.03,0.026,1,NK cell
MCAT,0.25234026501371504,-0.10528333812872948,0.022,0.023,1,NK cell
PFKFB2,0.25439242399635403,0.18906359292944153,0.014,0.013,1,NK cell
PPIB,0.25446802015203557,-0.14895687912885447,0.443,0.441,1,NK cell
SPACDR,0.25461311809272696,0.15458703165529197,0.014,0.013,1,NK cell
TMED8,0.2552013692892063,0.10062750080241267,0.079,0.076,1,NK cell
UTP11,0.2552570862616556,0.10249578947667182,0.051,0.049,1,NK cell
MKNK2,0.2552625902926525,-0.12824510753845475,0.458,0.453,1,NK cell
OSBPL8,0.25558718167759037,-0.1256865680684609,0.433,0.431,1,NK cell
H2BC8,0.2565570995330212,-0.3873129912688631,0.044,0.043,1,NK cell
TRAC,0.25786634316362755,5.8565638473634465,0.359,0.35,1,NK cell
GLUL,0.25897511118962896,-9.248180611511394,0.36,0.357,1,NK cell
TMEM71,0.2593388605583113,-0.10197673123871032,0.397,0.397,1,NK cell
PTPN4,0.25999523057991436,-1.0272445724456523,0.739,0.735,1,NK cell
CLEC11A,0.26001958271940784,0.184779464260596,0.01,0.009,1,NK cell
AATF,0.26057242372381795,0.11219493950861603,0.409,0.401,1,NK cell
FOXRED2,0.26073771254255645,0.17695630250394156,0.012,0.011,1,NK cell
NPM3,0.26173458910698,0.1291091652505285,0.049,0.047,1,NK cell
E2F5,0.26211393251745846,0.1192721789150637,0.053,0.051,1,NK cell
CAMKMT,0.2622488134710109,0.3008592239748916,0.236,0.23,1,NK cell
RNF166,0.2633710828501145,-0.1503228683535175,0.386,0.377,1,NK cell
RRM2,0.26340483752367205,0.27875764400711045,0.038,0.037,1,NK cell
HOPX,0.2639277956457095,1.8649439766186724,0.8,0.791,1,NK cell
TSPOAP1,0.2643548171123435,-0.11067012099922291,0.504,0.491,1,NK cell
POLR2A,0.2645623998542215,-0.12146976503376627,0.339,0.338,1,NK cell
KDM5C,0.26480024102919836,0.22827259893888874,0.54,0.532,1,NK cell
MCM5,0.26514375558764847,2.2107934333262875,0.218,0.213,1,NK cell
ZNF546,0.2655289861292492,0.1375658493923968,0.024,0.023,1,NK cell
GSDMD,0.2655312911080538,0.11039282461796773,0.446,0.443,1,NK cell
LYST,0.26619627223026116,0.5579156421308449,0.394,0.374,1,NK cell
AGA,0.2665667399222901,0.10940767784818806,0.108,0.104,1,NK cell
GSDMB,0.26702624609122005,0.25330673697596706,0.165,0.156,1,NK cell
FAM241A,0.269053671687342,-0.17507599193697576,0.015,0.016,1,NK cell
LRRC69,0.26911053479579106,-0.12456678541023525,0.023,0.024,1,NK cell
CHST11,0.2697578302148136,0.39007575078268064,0.486,0.479,1,NK cell
PLPPR2,0.2714625519543815,0.1522250420811222,0.028,0.026,1,NK cell
DHRS3,0.27223613668011787,1.6235639685717254,0.327,0.33,1,NK cell
BEX5,0.27286527198532534,0.1940950712567675,0.015,0.013,1,NK cell
RENBP,0.27299943539414495,-0.15945314755952866,0.045,0.048,1,NK cell
MPST,0.27478679258747857,0.12487214444785022,0.102,0.099,1,NK cell
FGL2,0.2764863086020532,0.11620209378287782,0.273,0.27,1,NK cell
ZNF799,0.27723279438731996,-0.1014257736727,0.026,0.028,1,NK cell
RARA,0.2778505357632376,-0.11188697116178747,0.15,0.155,1,NK cell
NUP210,0.2787989853726426,-0.32166816436558543,0.582,0.571,1,NK cell
NUMBL,0.279872297381665,0.1027541056826986,0.043,0.04,1,NK cell
ZNF222,0.28000257019276076,0.12071381362930378,0.017,0.015,1,NK cell
LTBR,0.2803298075222692,0.2058915758784723,0.011,0.01,1,NK cell
RNF130,0.2804244465357014,-0.1382128815613703,0.203,0.208,1,NK cell
NAP1L4,0.2815059143725132,-0.27624131309360145,0.458,0.449,1,NK cell
ADGRG3,0.282526412849409,-0.10561577214710027,0.018,0.019,1,NK cell
LYRM9,0.2834744792070364,0.140554156261246,0.043,0.04,1,NK cell
SEPTIN11,0.28367264768916145,0.5153238984318443,0.316,0.311,1,NK cell
POPDC2,0.28435689816118986,0.13587512536776547,0.027,0.026,1,NK cell
SUSD3,0.28525202330296684,0.19733611229277148,0.01,0.009,1,NK cell
PSMB1,0.28531200528086603,0.255428019301184,0.498,0.498,1,NK cell
S100B,0.28554403422588104,-4.22253233597127,0.068,0.076,1,NK cell
LIPC,0.2861876133680852,0.11002140858000864,0.019,0.018,1,NK cell
ITGB1BP2,0.2863313678138957,0.12625020861975766,0.018,0.016,1,NK cell
DGKK,0.2868062824815967,-0.17170252039702594,0.045,0.039,1,NK cell
PHLDB2,0.2878783717802989,1.480449396276162,0.232,0.231,1,NK cell
TP53I13,0.2880806367834961,-0.11665607545749701,0.06,0.062,1,NK cell
ANKEF1,0.28871568908833534,0.10010281103983054,0.038,0.035,1,NK cell
IPO4,0.28880584662906145,0.13707266718904254,0.01,0.009,1,NK cell
ANKS6,0.2897138597571332,-0.16422316125395975,0.029,0.03,1,NK cell
TMED5,0.29116934634100805,-0.3931962052153528,0.411,0.407,1,NK cell
HSD17B11,0.2914583135280773,-0.1260477327618852,0.409,0.413,1,NK cell
PKIA,0.2916484379364327,0.18221683711133263,0.011,0.01,1,NK cell
ZNF713,0.2918402525445758,-0.16797493200951408,0.012,0.012,1,NK cell
SEC61A1,0.29199523536958466,0.1929623692769724,0.328,0.321,1,NK cell
ARHGAP42,0.29210774394545147,-0.16892194277005856,0.015,0.017,1,NK cell
LIMD2,0.2925354868288008,-0.16015237416602535,0.696,0.692,1,NK cell
LIG1,0.2929834052935851,0.529269394135193,0.112,0.112,1,NK cell
DHRS7,0.2936129841272188,-0.18836575939084876,0.484,0.474,1,NK cell
TRPV3,0.29376960914499367,0.1685090414776811,0.011,0.01,1,NK cell
TMEM181,0.2940993085898515,0.11978019123583716,0.442,0.433,1,NK cell
ALDOC,0.2946418870888058,0.33428350094213255,0.107,0.103,1,NK cell
RASGRP1,0.29483386621499524,-0.5082816643856298,0.565,0.564,1,NK cell
PHLDB3,0.2951975384219263,0.11867557553542873,0.018,0.017,1,NK cell
MUC20,0.2955369081687807,0.2145164713767045,0.028,0.024,1,NK cell
GATAD2B,0.2968373046752877,-0.10141472219521708,0.365,0.362,1,NK cell
HIPK1,0.29720721639678244,-0.12045942162496348,0.451,0.441,1,NK cell
ZNF623,0.2994936353588223,0.12870950838452844,0.182,0.177,1,NK cell
FKBPL,0.30190680365487355,-0.1825168460209472,0.012,0.013,1,NK cell
SALL2,0.30252628275829047,0.19205874182697702,0.01,0.009,1,NK cell
KLF4,0.3026929500978772,19.222657306737,0.009,0.01,1,NK cell
TRGJP1,0.3028096032235631,-1.2207774295112437,0.256,0.257,1,NK cell
CMTM6,0.3028739159351778,0.11003366633792844,0.432,0.426,1,NK cell
BOK,0.30317852369271425,0.23434165402163387,0.059,0.055,1,NK cell
CENPP,0.30378355456535217,0.15164840352208642,0.09,0.087,1,NK cell
LY9,0.3057291629418145,0.10464981103912896,0.339,0.349,1,NK cell
UBE2T,0.306034271563681,-0.18117239796343565,0.015,0.016,1,NK cell
DMPK,0.30630868060375416,0.12604479608922636,0.046,0.043,1,NK cell
ATP13A4,0.30747560724081013,0.1873714801561137,0.02,0.018,1,NK cell
TRIM25,0.3084306159700502,-0.1464101357214037,0.184,0.179,1,NK cell
SOD2,0.3091858117552378,40.46438376937346,0.194,0.189,1,NK cell
YWHAH,0.30962248001889026,-0.16017014634920068,0.105,0.102,1,NK cell
KSR1,0.31100051462419764,-0.10436703594045693,0.11,0.113,1,NK cell
ITPR3,0.3114858738615059,-0.1347131105004789,0.293,0.289,1,NK cell
PPP1R9A,0.31184785230622764,0.2956383670502438,0.025,0.022,1,NK cell
SPRING1,0.3118647339257747,0.12303908544266307,0.013,0.012,1,NK cell
KCNC4,0.31326997268156304,-0.1645461208819219,0.014,0.015,1,NK cell
ARHGAP10,0.31470711360241455,-0.21855536719141977,0.155,0.16,1,NK cell
TMIGD2,0.31629946960355754,0.13060823732803772,0.048,0.045,1,NK cell
PRR22,0.31633565828533494,0.14011416185323355,0.012,0.01,1,NK cell
NECTIN1,0.31648214693153887,-0.3526665937867235,0.046,0.038,1,NK cell
CD74,0.3173205125206792,-82.07754839597132,0.78,0.778,1,NK cell
RNF217,0.3177108051520906,-0.2371362527829266,0.013,0.013,1,NK cell
PFKFB3,0.31783311917686247,0.21499995966650087,0.085,0.083,1,NK cell
RBM33,0.3179487077777417,2.4364487008853946,0.784,0.785,1,NK cell
PSMA8,0.3185667712648997,0.15671959854497608,0.011,0.01,1,NK cell
LYG1,0.3187203086943621,0.12699771625632472,0.024,0.022,1,NK cell
IL7R,0.3187818248710816,19.24584118872984,0.083,0.085,1,NK cell
HNRNPA3,0.3190670007463745,-0.38144481410609576,0.456,0.457,1,NK cell
IFI44,0.31941108513605915,11.524402903210317,0.122,0.128,1,NK cell
ITGB1,0.3194528585008379,-0.42245096207671917,0.297,0.292,1,NK cell
SOCS2,0.3194552393836825,0.4626359984938315,0.176,0.172,1,NK cell
SLC25A10,0.3207257829052806,0.22785912023059218,0.01,0.009,1,NK cell
ZFP69B,0.32075107340751285,0.1109532966329283,0.018,0.016,1,NK cell
C10orf88,0.32122430600022334,0.12307578771734029,0.077,0.074,1,NK cell
HAVCR2,0.32173367193945746,0.17177211586836005,0.28,0.271,1,NK cell
PCM1,0.3217573986200353,0.1265574734380457,0.521,0.515,1,NK cell
PPP2R5C,0.322155280668859,0.7762961137950448,0.703,0.704,1,NK cell
LMNA,0.3227785784667999,9.725817481201275,0.02,0.018,1,NK cell
NMT1,0.32297492054410193,0.3342137212214182,0.342,0.336,1,NK cell
FKRP,0.32311242633516246,0.13001797806201054,0.034,0.032,1,NK cell
SH3BGRL,0.32489471277691473,-0.4872269048055933,0.629,0.625,1,NK cell
ZNF419,0.32535031121348756,0.12222297496167833,0.012,0.011,1,NK cell
PIM3,0.32698857151119365,0.2015865299427162,0.025,0.027,1,NK cell
ABCC2,0.3273992148963086,0.20888989765634403,0.014,0.013,1,NK cell
CYTL1,0.32888866938483485,0.5946116896428713,0.01,0.008,1,NK cell
IMPDH1,0.3288949120346095,0.1384748417310968,0.013,0.012,1,NK cell
UBXN10,0.3294135843289199,0.17785786696523553,0.026,0.024,1,NK cell
SYNGR3,0.32971836849037767,0.11156157970555114,0.03,0.027,1,NK cell
TNKS1BP1,0.33020816438918255,2.1390907363237934,0.012,0.011,1,NK cell
UBE2D4,0.3303406169009084,0.10643730324567979,0.03,0.028,1,NK cell
SOX4,0.33144209386999807,0.4047057109485168,0.02,0.019,1,NK cell
ADGRA2,0.33170048280523323,-0.25993840169696725,0.011,0.01,1,NK cell
ARHGAP9,0.3334403669356812,0.9437490525672074,0.554,0.549,1,NK cell
GLCCI1,0.33440511752645447,-0.2171328364281918,0.368,0.365,1,NK cell
ENTPD1,0.3351725627103005,0.5094115143898197,0.011,0.01,1,NK cell
PYHIN1,0.335597630887315,-2.119941783856575,0.853,0.848,1,NK cell
TNFAIP8L1,0.33589351323242006,0.12250531720969615,0.03,0.028,1,NK cell
HSPA1A,0.33656923873412714,-0.13603371836755418,0.034,0.036,1,NK cell
GZMK,0.33662871901300145,-14.749273096158074,0.069,0.071,1,NK cell
SAPCD1,0.33764762420233996,0.1401343688600658,0.016,0.015,1,NK cell
TINF2,0.3384845572130803,0.15365480957626665,0.385,0.381,1,NK cell
ORC6,0.3398767706932474,0.36323933990096346,0.013,0.011,1,NK cell
CROCC,0.34074491517652106,0.10793828582465137,0.069,0.065,1,NK cell
MAP2K3,0.34084560172789646,0.7508196171312083,0.416,0.406,1,NK cell
CLSPN,0.34101471232046854,-0.2409293605023466,0.01,0.01,1,NK cell
CCDC167,0.3410272456993174,-0.22513660726302187,0.132,0.13,1,NK cell
HNRNPLL,0.3416476535401736,0.1244246634604762,0.083,0.086,1,NK cell
SNRK,0.3425968043369242,-0.15801174222447756,0.624,0.619,1,NK cell
ARL4A,0.3427363018628678,-0.12471599280977141,0.018,0.02,1,NK cell
MCMBP,0.3434466640481514,0.24423113270823849,0.335,0.326,1,NK cell
SAYSD1,0.3438825148103373,-0.10657440751709935,0.045,0.045,1,NK cell
TCTN2,0.3441025715968821,0.10623291440520344,0.019,0.019,1,NK cell
DPH1,0.3446307776175261,-0.12677846734720521,0.01,0.01,1,NK cell
AHR,0.34548841434172667,0.21104229202843916,0.062,0.062,1,NK cell
KMT5C,0.34576287212919316,-0.1375086578462268,0.034,0.035,1,NK cell
NEB,0.34656074382062246,-0.2874654620521184,0.014,0.015,1,NK cell
KLF6,0.3474448344651247,7.03214680465226,0.642,0.636,1,NK cell
TFCP2L1,0.3481229489758735,-0.2497265430003912,0.014,0.014,1,NK cell
FNBP1,0.3487810349917658,6.115843768221274,0.79,0.788,1,NK cell
AKIRIN2,0.34878697685956656,-8.746922622523018,0.333,0.331,1,NK cell
C3orf33,0.3495214004632308,0.11366599030635793,0.03,0.029,1,NK cell
NT5DC3,0.3496154246899464,0.11410302925969784,0.017,0.016,1,NK cell
RAB31,0.34964580107977167,0.11840360194180555,0.012,0.012,1,NK cell
ZBTB11,0.35026891164456114,0.1787578241922233,0.367,0.361,1,NK cell
GBP2,0.35120181234127934,-5.99659519053254,0.551,0.55,1,NK cell
GZMM,0.3514479527069788,-0.5811465489230834,0.666,0.659,1,NK cell
TGIF2,0.352260771348751,-0.10189123029059566,0.044,0.045,1,NK cell
TCF7,0.352316308027788,-2.7720284108726396,0.248,0.252,1,NK cell
SAE1,0.35235362788603336,0.11145776788397299,0.129,0.128,1,NK cell
CYFIP1,0.35272193731695717,-0.11196532269964798,0.011,0.011,1,NK cell
CD82,0.3531036674842731,0.32756479432577823,0.019,0.018,1,NK cell
SGK1,0.35335226448366125,1.9935504392069494,0.012,0.013,1,NK cell
SLBP,0.3533950538178297,0.7622182893809761,0.267,0.271,1,NK cell
PKN3,0.3540220073975994,0.1358891300623104,0.031,0.03,1,NK cell
SOAT1,0.3563037467168497,-0.13578319164283958,0.371,0.37,1,NK cell
FCGR2A,0.3577713609804037,0.3294700285195451,0.05,0.05,1,NK cell
GRIK4,0.3579077499118598,-0.27699572460098043,0.015,0.017,1,NK cell
CALR,0.35799873187318837,1.7774520022620144,0.41,0.411,1,NK cell
TXNDC11,0.35877906383401076,-0.5974241740343678,0.304,0.306,1,NK cell
EML5,0.36038698823142684,-0.10669624039214565,0.022,0.022,1,NK cell
GNL2,0.3604465280327808,0.13467562426094548,0.151,0.147,1,NK cell
RNF115,0.36163624986213194,-0.14269413974330236,0.367,0.361,1,NK cell
MMP23B,0.36175681155647954,0.1054322958224283,0.1,0.096,1,NK cell
TMEM14C,0.3624231789494129,-0.10940872405754476,0.031,0.03,1,NK cell
CCDC85C,0.3630545400373658,0.16785406762326982,0.013,0.012,1,NK cell
IMPA2,0.36310585769355275,0.23607839772936323,0.015,0.015,1,NK cell
USP15,0.36360752642239746,-0.16635271824513564,0.528,0.523,1,NK cell
SMAD2,0.36373532046865353,-0.12571412594928244,0.499,0.492,1,NK cell
CCL4L2,0.3657711834906014,2.871878913313454,0.065,0.066,1,NK cell
C21orf58,0.36606838143520704,-0.12816327634486235,0.012,0.012,1,NK cell
DISP1,0.369248942538687,-0.13482540352434746,0.014,0.014,1,NK cell
ABCA7,0.369345942004324,-0.1092489522791158,0.144,0.148,1,NK cell
EDARADD,0.3700650934643039,-0.19032916287809343,0.02,0.021,1,NK cell
EXOG,0.3700684388601109,0.11820232681187548,0.014,0.013,1,NK cell
MAP7D1,0.37102307586061894,0.19985591373673017,0.541,0.535,1,NK cell
HMGB2,0.372113369577851,-2.1603565173365977,0.238,0.234,1,NK cell
DAPP1,0.3723328291362677,0.13171309425937938,0.026,0.025,1,NK cell
MXD4,0.3732017378897804,-1.0465884617648933,0.421,0.421,1,NK cell
NFATC2,0.3735358733581652,0.2610315307167008,0.754,0.746,1,NK cell
SDF2L1,0.3738329525785894,2.3801664916668432,0.271,0.27,1,NK cell
CCDC85B,0.37442181887183534,0.1159809550016857,0.303,0.299,1,NK cell
HELZ2,0.3751707481755728,0.15103594718346325,0.153,0.148,1,NK cell
SRSF2,0.375380629863092,0.23099779314128743,0.414,0.416,1,NK cell
SLC6A16,0.37584986574197055,0.1040467756415886,0.022,0.02,1,NK cell
FUT11,0.3760512840433728,-0.22243033975022453,0.512,0.504,1,NK cell
NRXN2,0.3761232579198467,0.20429909161647597,0.017,0.013,1,NK cell
FUT4,0.37750184278091475,-0.11705243856087932,0.035,0.036,1,NK cell
CD84,0.3778213555300596,0.13370866920517444,0.106,0.1,1,NK cell
GUCA1B,0.3780125618808223,0.10461086049559487,0.013,0.013,1,NK cell
ANKRD17,0.3782129637726519,-0.12241228353238298,0.39,0.386,1,NK cell
MLF1,0.37836606859947053,-0.1343863350555976,0.017,0.017,1,NK cell
GRB2,0.3793313030977618,0.1524002972331493,0.472,0.467,1,NK cell
CCT6B,0.3798827058491666,0.1482228196700417,0.02,0.018,1,NK cell
AKAP13,0.38035605357988767,-0.26321550332176713,0.729,0.72,1,NK cell
VPS39,0.38154637564259275,0.2693188370407109,0.309,0.302,1,NK cell
EZH2,0.3820038437960723,-0.12556118316256026,0.106,0.108,1,NK cell
ACSM3,0.38201333094945084,-0.1446843641669595,0.016,0.016,1,NK cell
IRF4,0.3824280599827932,-46.85208086454259,0.04,0.04,1,NK cell
LAT2,0.38244923694037686,-0.2680755136358739,0.335,0.33,1,NK cell
ORAI1,0.3825625482710073,-0.10861343555217196,0.319,0.316,1,NK cell
MTHFD1L,0.38316513589768186,-0.15608348948507533,0.013,0.013,1,NK cell
CAMK2N1,0.3843164039234645,-0.11946622772180637,0.03,0.03,1,NK cell
HEATR5B,0.3859244084793045,0.1391937815276084,0.304,0.3,1,NK cell
GNG2,0.3867345069450103,0.7333322179213599,0.837,0.842,1,NK cell
TPH1,0.38722932268167287,0.11662893714082934,0.01,0.009,1,NK cell
KCTD1,0.38743129035573,0.15750369672027986,0.01,0.009,1,NK cell
INO80C,0.3876634720928328,0.12005208546605606,0.101,0.098,1,NK cell
MIR9-1HG,0.38814388818562706,0.15437762888810447,0.015,0.015,1,NK cell
RCC2,0.38923845965654313,-0.11927401904320356,0.127,0.126,1,NK cell
HYOU1,0.3896197413806853,-0.12730526119734087,0.301,0.297,1,NK cell
TMEM117,0.3898059501129538,0.14116595705579016,0.016,0.015,1,NK cell
RMC1,0.3907993916175773,-0.32245588829302363,0.259,0.258,1,NK cell
IZUMO4,0.3919305300046336,-0.10354563210097911,0.012,0.011,1,NK cell
TOMM7,0.3923858833541871,0.1235972750120986,0.693,0.686,1,NK cell
BDH1,0.3938530808503459,0.10319562285800465,0.039,0.037,1,NK cell
UGCG,0.3952212733246263,1.5149720908242377,0.116,0.115,1,NK cell
USP35,0.3965854107359066,-0.10180936752319969,0.027,0.028,1,NK cell
PAQR7,0.3973903433088073,0.15304500741911475,0.011,0.01,1,NK cell
MAPRE2,0.40065709159117374,0.37370817866941675,0.675,0.673,1,NK cell
TMEM169,0.40166106499736737,0.1833378169247908,0.015,0.015,1,NK cell
LAG3,0.4026259389117794,-2.5425020968948884,0.143,0.139,1,NK cell
SPIN2B,0.40269020037653896,0.12152440214232207,0.018,0.017,1,NK cell
CLDN22,0.4029411872671455,-0.9392923853421702,0.017,0.018,1,NK cell
ANKRD12,0.4038144324175268,0.1520379334181201,0.431,0.423,1,NK cell
MARS2,0.4043936369866387,0.1389473803788679,0.016,0.015,1,NK cell
THSD1,0.4044504546990487,0.2365396858247859,0.01,0.009,1,NK cell
PRDX2,0.40599491591715764,0.17210870096512476,0.359,0.355,1,NK cell
GABBR1,0.4060535609075179,-0.12637330175182004,0.025,0.026,1,NK cell
PHLPP1,0.4063894710940254,-0.1017206103202799,0.042,0.043,1,NK cell
MARCKSL1,0.40724977377234134,-0.731785833673384,0.087,0.087,1,NK cell
ARHGEF28,0.40760059078200994,0.18187903140084227,0.023,0.022,1,NK cell
CAMK4,0.40774396512117983,0.5767530997282537,0.018,0.019,1,NK cell
EEF2,0.40960615423207086,-5.103640024393881,0.866,0.862,1,NK cell
MYL6,0.40970203673971545,0.36686230347958215,0.435,0.437,1,NK cell
PPP6R1,0.4097856040018441,-0.25794913062525815,0.565,0.557,1,NK cell
MAF,0.4098792302442026,-0.25812753451330517,0.19,0.195,1,NK cell
PCDHGB6,0.4114954503361589,-0.1077216862769701,0.018,0.018,1,NK cell
ZNF79,0.4115516240982424,0.10132534113450031,0.021,0.02,1,NK cell
PTGDS,0.4138143920443336,-2.82682978884052,0.162,0.155,1,NK cell
LUC7L3,0.41478757738824945,0.3666084322973875,0.614,0.607,1,NK cell
IRF7,0.4154895165605493,1.0760072512912746,0.17,0.171,1,NK cell
ICAM1,0.41560226059300276,12.6817988453822,0.042,0.042,1,NK cell
WDR70,0.41919625350541034,-0.11797936217927274,0.218,0.217,1,NK cell
UBR3,0.41954251014662225,-0.12060888167998751,0.169,0.171,1,NK cell
LRFN3,0.4199632884594511,-0.11744169628863155,0.017,0.018,1,NK cell
CHI3L2,0.42124196626304383,-3.589214114127432,0.1,0.1,1,NK cell
JAML,0.4222784376846365,-0.267657890788616,0.043,0.045,1,NK cell
SPI1,0.42313429495619087,0.4530505764686019,0.037,0.039,1,NK cell
CD79A,0.42323124887098507,-7.089978797642975,0.014,0.013,1,NK cell
NAP1L3,0.4243289901152419,0.16151194612274544,0.01,0.009,1,NK cell
SUB1,0.4246752512378854,-3.487919316211335,0.453,0.448,1,NK cell
OGT,0.4259017183806638,-3.574632897781166,0.788,0.788,1,NK cell
ANKRD28,0.42600401139944294,-0.3950629397085166,0.182,0.178,1,NK cell
DAB2,0.42621973392002105,-0.10199448645683673,0.136,0.14,1,NK cell
PITPNC1,0.4264197086117266,0.20304498253187253,0.647,0.648,1,NK cell
AEN,0.429486547469103,0.2213245119465408,0.075,0.076,1,NK cell
TAPBP,0.4298371636488467,13.302750302650116,0.915,0.912,1,NK cell
EML4,0.4301399668883908,0.12661121737998593,0.327,0.325,1,NK cell
H2BC9,0.43016258275132296,1.2887034581826895,0.207,0.211,1,NK cell
PDLIM7,0.43047037808691563,0.10553294953203363,0.011,0.011,1,NK cell
PLEKHA2,0.43100680814352954,-0.10751405850234715,0.3,0.306,1,NK cell
BIRC3,0.43106422097717023,-0.4318626500660714,0.078,0.078,1,NK cell
GPRIN1,0.43239723701358623,0.1743232777176722,0.011,0.01,1,NK cell
IDS,0.4324765878253102,1.5455283460724623,0.642,0.632,1,NK cell
LSG1,0.43337421064335024,0.1132470240387966,0.142,0.136,1,NK cell
ST6GAL1,0.43426286176279716,-0.12757532433739716,0.58,0.577,1,NK cell
ZNF711,0.43450966676424296,-0.12946711677050793,0.011,0.012,1,NK cell
NRN1L,0.43493606805611373,-0.16998395531712784,0.015,0.016,1,NK cell
LRRC20,0.43502121745430244,0.1273672773651615,0.01,0.009,1,NK cell
MKI67,0.4351990090491847,-5.997173637329617,0.013,0.012,1,NK cell
MAT2A,0.4353734308063859,0.6654797718827639,0.399,0.398,1,NK cell
IFI6,0.43592937061676934,58.60100538827708,0.341,0.337,1,NK cell
SPAG1,0.43690455881042223,0.15915592424237524,0.014,0.013,1,NK cell
PTTG1,0.4391131901057323,-0.24882554154948355,0.023,0.022,1,NK cell
TGFBR2,0.4395924101266112,-0.40964012163347086,0.687,0.681,1,NK cell
ABCC1,0.4395963504778263,0.10238869399681527,0.163,0.158,1,NK cell
EBF4,0.4397661695042506,0.10307205151133969,0.045,0.043,1,NK cell
NUSAP1,0.4402260129425961,-0.13403338928381192,0.018,0.019,1,NK cell
SLC15A2,0.44215014456839385,0.11269639073758331,0.012,0.012,1,NK cell
DEK,0.4423485347627397,0.2828063395731132,0.347,0.343,1,NK cell
RNF7,0.4429423267632643,0.30999959364626983,0.464,0.463,1,NK cell
PIM2,0.4435747233827341,-0.7695083334246906,0.306,0.304,1,NK cell
VEGFB,0.4448548777093848,-0.1387786927886112,0.15,0.151,1,NK cell
STARD9,0.4460051567578085,0.11343220684823496,0.064,0.062,1,NK cell
LINGO2,0.4473612512347167,0.16595580491581163,0.037,0.034,1,NK cell
LEPROTL1,0.4497047952731885,1.7792589863459556,0.548,0.55,1,NK cell
PCDH1,0.44988456370633856,-0.13026131105769245,0.125,0.125,1,NK cell
TTC28,0.4507067399869368,-0.11849452659753368,0.015,0.015,1,NK cell
ELAPOR1,0.4507352206283365,0.11863216139309607,0.022,0.021,1,NK cell
H1-5,0.4515917781094516,4.031666625566963,0.26,0.264,1,NK cell
NDFIP1,0.4536362780662056,0.1459088378906147,0.394,0.389,1,NK cell
CRIM1,0.4542324834013654,0.3398321818056622,0.116,0.115,1,NK cell
HAVCR1,0.45556082986530594,0.20186070792208977,0.01,0.009,1,NK cell
DDX5,0.4569981743876272,1.2263523046606721,0.951,0.951,1,NK cell
SNPH,0.4577020035175873,0.10039246822843317,0.027,0.025,1,NK cell
TLR3,0.4611015568044491,-0.12268940705302622,0.043,0.045,1,NK cell
FBXW7,0.46249705633425353,-0.30357130599112025,0.662,0.66,1,NK cell
CES4A,0.46292552838161616,0.15542524920189127,0.016,0.015,1,NK cell
TLR2,0.4632732251234276,0.2746299061041988,0.01,0.009,1,NK cell
TXNDC5,0.4636190481134811,-2.4137646122951435,0.062,0.061,1,NK cell
UNG,0.4637372962779431,0.1050216604946832,0.053,0.051,1,NK cell
DDX39B,0.46409373600930137,-0.10157431852203833,0.269,0.273,1,NK cell
ITK,0.46423724703463065,0.10768888440404711,0.497,0.49,1,NK cell
COX4I1,0.46624654412586136,-0.3115553521683001,0.515,0.508,1,NK cell
CEACAM19,0.4672765162858992,0.14688811728851991,0.01,0.01,1,NK cell
OSBPL2,0.4676409202861895,0.1102996876503996,0.236,0.235,1,NK cell
UBR2,0.4682304790013328,-0.10718729031447571,0.592,0.591,1,NK cell
SPTAN1,0.46853598582388817,-3.2461816098027807,0.589,0.582,1,NK cell
EPHB6,0.4688216141074707,5.4758489120721325,0.026,0.028,1,NK cell
KLF13,0.4689349455671672,-1.25630295164386,0.452,0.44,1,NK cell
YBX3,0.4697890512602749,2.2768984727494677,0.021,0.022,1,NK cell
NCOA4,0.47024736445480275,2.7977798964602822,0.415,0.408,1,NK cell
SAV1,0.47051284709214203,0.13142471682963164,0.032,0.03,1,NK cell
ADAMTS10,0.4706170919712544,0.3875011040410889,0.214,0.208,1,NK cell
FAM131B,0.4706323923356474,0.18342507057328028,0.024,0.022,1,NK cell
NTAQ1,0.4711499253619529,0.11397929940250506,0.078,0.075,1,NK cell
ZNF221,0.4715852518477228,-0.10027242387513535,0.015,0.015,1,NK cell
ATF7IP,0.4720872220447697,0.16896717766102887,0.45,0.442,1,NK cell
ARMH2,0.4723440495838456,-0.10459555051347635,0.027,0.028,1,NK cell
ITGB2,0.47246717431581864,-3.6914794994822913,0.96,0.957,1,NK cell
LMO7,0.4730563641247256,-0.10421101004069566,0.012,0.013,1,NK cell
GTF3C1,0.47411084637925816,0.10170307880215956,0.329,0.326,1,NK cell
SLC38A7,0.4748579781998411,-0.13753609360515462,0.049,0.051,1,NK cell
SNRPD3,0.4751057655938371,0.12476462839630109,0.011,0.01,1,NK cell
CD14,0.477527691493436,-0.10192242539558904,0.019,0.02,1,NK cell
FRY,0.4775999313623086,0.1210151533582069,0.066,0.062,1,NK cell
STMN1,0.47778179225378814,0.41419616222367506,0.049,0.049,1,NK cell
IFIT2,0.47795896714598274,-0.5659629803151767,0.082,0.081,1,NK cell
RBM38,0.47865378189691143,0.3762867682578923,0.245,0.245,1,NK cell
ARCN1,0.47929706718018816,-0.15860432974828553,0.534,0.53,1,NK cell
SNTB1,0.4803764779296016,0.10871744047920845,0.241,0.239,1,NK cell
GABPB1,0.4817547362701237,-2.898461971459381,0.172,0.169,1,NK cell
ARAP3,0.4843135846141209,-0.11370243968902205,0.028,0.029,1,NK cell
FMNL1,0.48581641241735873,-0.21427041194872132,0.817,0.814,1,NK cell
TET3,0.4858883962556452,-0.114770397006561,0.093,0.095,1,NK cell
ZMAT3,0.48748182052176847,0.13082811745670234,0.228,0.223,1,NK cell
SF3B5,0.4886687901445801,0.16551179643668523,0.401,0.394,1,NK cell
CNOT7,0.48883117868842485,-0.13690805713933507,0.009,0.01,1,NK cell
LRRC1,0.48925470845908503,0.13307514158803535,0.023,0.023,1,NK cell
FAH,0.4895405707663839,0.17082031106316542,0.025,0.023,1,NK cell
TBK1,0.4904278896390784,-0.11518436160151489,0.27,0.267,1,NK cell
NUS1,0.49049995749673286,-0.2864574446666246,0.38,0.379,1,NK cell
CHIC2,0.49502438447031655,0.6029405713229559,0.448,0.449,1,NK cell
USP25,0.49674343194109927,-0.1107521529347073,0.539,0.535,1,NK cell
FAM107B,0.4967830465122951,-6.396107266113687,0.762,0.764,1,NK cell
MFNG,0.4973714920317997,0.11048531388871641,0.331,0.326,1,NK cell
RELB,0.49801054492967184,-0.7182778502269911,0.062,0.063,1,NK cell
BLOC1S3,0.500243474671172,-0.15261930129457646,0.056,0.056,1,NK cell
C16orf86,0.5027301785925662,0.11346132269002585,0.018,0.017,1,NK cell
PALM2AKAP2,0.503683668316427,9.343213042746765,0.019,0.019,1,NK cell
NIPAL3,0.5046717257921327,0.10535263161351072,0.13,0.128,1,NK cell
WDR90,0.5050864913379611,0.11359940218954279,0.014,0.014,1,NK cell
APP,0.5062594238302426,0.34942948033685184,0.013,0.013,1,NK cell
AFG1L,0.5066386743139618,-0.12125585339447209,0.016,0.017,1,NK cell
CCDC28B,0.5070256381781579,-0.3052584654223467,0.109,0.106,1,NK cell
PELI3,0.5070723339158354,0.16008514721512856,0.012,0.011,1,NK cell
NPTXR,0.5094411642399751,-0.10875815892620366,0.037,0.038,1,NK cell
ZCCHC18,0.5096167415563932,0.10764891673636523,0.021,0.02,1,NK cell
TMEM273,0.5101577843044979,0.10334518436549978,0.147,0.143,1,NK cell
GLIPR1,0.510645284381545,5.79935044893986,0.572,0.567,1,NK cell
COLQ,0.5109368451736973,-0.18264746478857613,0.147,0.151,1,NK cell
KANK1,0.5111856138299868,0.1076934184766607,0.015,0.014,1,NK cell
BBC3,0.511888707313143,5.846154176110228,0.147,0.148,1,NK cell
CLDND1,0.5133383226336021,0.2075209936806548,0.494,0.498,1,NK cell
NUF2,0.513595760602874,0.15510244668801132,0.019,0.018,1,NK cell
ISG15,0.5142601852402349,-15.752703027516489,0.217,0.218,1,NK cell
GUCY1B1,0.5150599579732814,0.18349378724096344,0.019,0.017,1,NK cell
KIF3C,0.5166068378772373,-0.11717795029129974,0.024,0.025,1,NK cell
AEBP2,0.5178065967671532,0.1315764661083083,0.508,0.512,1,NK cell
KIR2DL4,0.5185828875382705,-0.10699907954223598,0.019,0.02,1,NK cell
TMEM53,0.5186032325614184,0.1778560994226046,0.016,0.015,1,NK cell
SH3KBP1,0.5198550373435565,0.3052827176825046,0.589,0.582,1,NK cell
CAPG,0.5234412350000162,-3.714473643232189,0.02,0.019,1,NK cell
CLEC12A,0.5235525887511521,0.10848692086073441,0.017,0.017,1,NK cell
DENND2B,0.5248703122153096,0.33432782600429434,0.022,0.018,1,NK cell
F8,0.526451923277083,0.15191197009554447,0.018,0.017,1,NK cell
MED27,0.5272722442533047,0.10749698265486796,0.012,0.012,1,NK cell
S100A4,0.5272834277231117,-7.110746014782897,0.896,0.889,1,NK cell
CDCA7L,0.5286785260444926,0.6984477160322005,0.012,0.012,1,NK cell
ATP5PO,0.5301652596893349,-0.13334339498714343,0.015,0.017,1,NK cell
TNFRSF4,0.5354350039459258,0.16744869493091752,0.015,0.015,1,NK cell
UNC93B1,0.5358269016935017,-0.3770694103907184,0.088,0.086,1,NK cell
C5AR2,0.5363141191845484,-0.21192834705850938,0.011,0.012,1,NK cell
SLC45A4,0.5372606274958444,0.12361571900187496,0.017,0.016,1,NK cell
RGS1,0.5376038640654202,4.424221743904964,0.051,0.051,1,NK cell
LTB,0.5376664824700236,-9.090141873859999,0.128,0.127,1,NK cell
CSDE1,0.5383837248591923,-0.17460815018645842,0.385,0.38,1,NK cell
PERP,0.5422893106163649,0.19476300336517216,0.015,0.015,1,NK cell
NBPF20,0.5436415505758883,0.11638572341691678,0.017,0.016,1,NK cell
PDZK1,0.5482122404318935,0.11927356499825148,0.01,0.009,1,NK cell
TCAP,0.5493701977598049,-0.10346879330744674,0.01,0.011,1,NK cell
POU6F1,0.5523430845669242,0.11610115942607369,0.023,0.022,1,NK cell
SEMA4A,0.5559280694809792,0.17812067320995517,0.01,0.009,1,NK cell
MX1,0.5560025826340924,8.014656806357998,0.089,0.091,1,NK cell
ARHGEF10,0.5583447527852518,-0.11820883408007443,0.04,0.043,1,NK cell
BAHCC1,0.5590463265599177,-0.20215284946937562,0.014,0.015,1,NK cell
TP53I11,0.5617443369152941,0.14657262828484985,0.019,0.019,1,NK cell
CD160,0.562368391986408,3.6971465235263006,0.353,0.347,1,NK cell
KRT73,0.56289621102922,0.20398048400079682,0.033,0.034,1,NK cell
PRR5L,0.5649080997566502,-0.3385619756136826,0.653,0.648,1,NK cell
ZNRF1,0.5652312552240346,-0.1829135339933643,0.009,0.01,1,NK cell
CCL5,0.5656051238949895,-116.77198362883115,0.859,0.856,1,NK cell
DGKD,0.5661008870395132,-0.2462595097791489,0.409,0.407,1,NK cell
SESN3,0.5676609969064509,0.3285144328440013,0.062,0.061,1,NK cell
HNRNPA2B1,0.5682145781295143,-0.5074180832343682,0.877,0.875,1,NK cell
NPDC1,0.5686977947818203,0.24337897442596557,0.017,0.018,1,NK cell
RASGEF1B,0.5773828337234715,0.2045909150148586,0.049,0.05,1,NK cell
MARCHF6,0.5782923035912347,-0.13389577437455835,0.417,0.417,1,NK cell
STAU1,0.5787608654872517,-0.10448014631989033,0.35,0.346,1,NK cell
SGCD,0.5813281098920523,0.10940642010357804,0.024,0.022,1,NK cell
PPM1B,0.5828763137912117,-0.18772851107028432,0.395,0.389,1,NK cell
TENT5A,0.5834767874367206,-0.39066872681765075,0.107,0.107,1,NK cell
STK17B,0.5835098739137303,-1.0598012074619803,0.799,0.8,1,NK cell
APMAP,0.5840390208477223,-0.14166366266013064,0.795,0.798,1,NK cell
ELK4,0.5844277719345596,-0.3380596155494402,0.628,0.624,1,NK cell
ITGB7,0.5848144276917029,0.8573106502027938,0.686,0.686,1,NK cell
PRR11,0.5909331522680134,-0.5690816125485085,0.013,0.013,1,NK cell
ETS2,0.5912764530663663,0.4850877008157455,0.026,0.027,1,NK cell
CYRIA,0.5913964517240324,-0.42704804475926195,0.225,0.219,1,NK cell
KNTC1,0.5914005057830829,0.1280360889801393,0.086,0.083,1,NK cell
STAT6,0.5920689731370825,-0.11781757838613788,0.299,0.297,1,NK cell
RTKN,0.5951756923315682,-0.13979960485919696,0.041,0.043,1,NK cell
FOXD2,0.5958965920775796,0.1218616000804209,0.012,0.011,1,NK cell
MIF,0.5989851209743949,-0.5421258181578981,0.409,0.41,1,NK cell
RBL1,0.6003288088212152,-0.36396423961795504,0.184,0.181,1,NK cell
PKM,0.6063771028235915,0.3206282499070925,0.147,0.143,1,NK cell
WARS1,0.6100316760760197,-12.371752189089051,0.118,0.116,1,NK cell
SLC12A2,0.6105820401088052,0.37548945653691357,0.101,0.102,1,NK cell
PTPN7,0.6113484368400468,-0.10361499147029471,0.252,0.248,1,NK cell
GPR135,0.6136860579525819,0.15475443268590539,0.011,0.01,1,NK cell
NEIL1,0.6145153080725936,-0.3256364803636762,0.086,0.086,1,NK cell
SYNE2,0.6186891552923868,-2.1805264220995184,0.958,0.955,1,NK cell
PDE5A,0.6192242251001777,0.18450400195176275,0.015,0.015,1,NK cell
ACTA2,0.6193335352720015,0.12195425884825495,0.034,0.032,1,NK cell
RFLNB,0.6196167992491386,0.11775656556936945,0.205,0.202,1,NK cell
PRSS21,0.6206652258507186,-0.260499296099554,0.012,0.013,1,NK cell
TSPO,0.6217661190632702,0.13475212335851927,0.345,0.344,1,NK cell
HMGN1,0.625525010335922,-0.11098771374560745,0.368,0.366,1,NK cell
S100A10,0.630575149648062,-9.829454302208141,0.691,0.692,1,NK cell
PIGW,0.6317251335500828,0.10222237781868815,0.043,0.041,1,NK cell
CARMIL3,0.6332598129758352,0.17687727285277166,0.045,0.041,1,NK cell
FAT4,0.6344280856283427,-0.12110021012995897,0.037,0.038,1,NK cell
DST,0.6347310982550651,-0.2236610179885492,0.021,0.022,1,NK cell
CALM3,0.6347519532549214,-0.601346507537996,0.406,0.401,1,NK cell
OFD1,0.635768462901734,-0.1004424898641394,0.305,0.305,1,NK cell
PRCP,0.6373694931453792,2.243252566367859,0.156,0.153,1,NK cell
MLLT6,0.6380401750433903,-0.9727461378682856,0.832,0.829,1,NK cell
PTPRC,0.6404905989594362,-2.775279981297148,0.85,0.849,1,NK cell
GAREM2,0.6406085110144658,0.10382051768658496,0.024,0.022,1,NK cell
ASCC3,0.6415925188571836,0.2534127468810586,0.327,0.323,1,NK cell
PNISR,0.6463419803131061,-1.0949383053704325,0.651,0.65,1,NK cell
EIF3F,0.6469313392989656,-0.10210706567885747,0.339,0.34,1,NK cell
ATP1B1,0.647525878703501,-0.14925003986669338,0.02,0.021,1,NK cell
CD99,0.6487809348612901,-0.13627739916125048,0.759,0.754,1,NK cell
SPATS2L,0.6497275659263693,-0.19122158359271912,0.047,0.048,1,NK cell
EP300,0.6498937388618058,-0.11571283916236386,0.487,0.486,1,NK cell
ARHGAP25,0.6506310771924367,0.16959411949560188,0.695,0.686,1,NK cell
BTAF1,0.654128640692972,-0.2178560994663219,0.358,0.357,1,NK cell
FLOT1,0.65525601308505,-0.44747891851218613,0.356,0.354,1,NK cell
CTSW,0.6552846435257037,2.3949347108341072,0.956,0.956,1,NK cell
MAST2,0.655750365590209,0.10662619216923197,0.046,0.044,1,NK cell
IGHM,0.6563493352127064,-6.61224438569424,0.027,0.028,1,NK cell
FAM110C,0.6565694988614896,-0.10722132823378328,0.016,0.016,1,NK cell
CPNE8,0.6580126339222803,-0.11408650425064204,0.03,0.031,1,NK cell
CENPM,0.6580468972474671,0.27258672523827077,0.036,0.035,1,NK cell
CD300LB,0.6598722029721784,0.4559610266554035,0.013,0.011,1,NK cell
MCTP2,0.6601935158850425,-0.4512925346087844,0.72,0.715,1,NK cell
CD63,0.6603414350076571,-0.8822973278440833,0.474,0.469,1,NK cell
METTL7A,0.6619112859008728,-0.2113044231562093,0.237,0.241,1,NK cell
HNRNPL,0.6627052284508516,2.4246892260489665,0.479,0.478,1,NK cell
HABP4,0.6635285749473216,0.10730922215880057,0.093,0.09,1,NK cell
DNAJA4,0.6650257890235054,-0.10223919632495315,0.123,0.125,1,NK cell
IQGAP1,0.6654936923338483,0.18898012408929832,0.576,0.568,1,NK cell
PLCB2,0.667433232868887,0.13842249762930958,0.607,0.598,1,NK cell
RAB15,0.6676699915934732,-0.11967755071106723,0.011,0.012,1,NK cell
GDPD1,0.6679221609249323,0.10120825546757395,0.025,0.024,1,NK cell
RCCD1,0.6687458055519315,-0.1136191366917485,0.027,0.027,1,NK cell
ZNF781,0.6689866422968275,-0.11785868313099446,0.023,0.024,1,NK cell
CD3E,0.6708865439947217,0.1332038869368919,0.533,0.525,1,NK cell
PAXX,0.6748045057718726,0.21021544590772367,0.454,0.452,1,NK cell
DDX17,0.6749449726539235,-0.5470767746357628,0.652,0.648,1,NK cell
NFKB2,0.6764183845322318,-2.2376785741942293,0.1,0.1,1,NK cell
MCF2,0.6804886596672104,0.1727645098316355,0.023,0.022,1,NK cell
NOP16,0.6857046662374804,-0.10834432677537897,0.114,0.114,1,NK cell
ZFC3H1,0.6872100377470457,-0.14055908997035993,0.451,0.446,1,NK cell
MBNL1,0.6894034159162546,-6.395791558457546,0.829,0.83,1,NK cell
MKRN1,0.6898479063297287,0.43678201227591384,0.215,0.22,1,NK cell
FOXJ3,0.6898694000952987,0.13681779241333764,0.269,0.27,1,NK cell
SYTL1,0.6899538638764101,-1.361862525716739,0.709,0.709,1,NK cell
PCNA,0.6906495990372384,-0.1852403300349974,0.046,0.045,1,NK cell
LMNB1,0.6923500427891862,0.2504387539604058,0.066,0.067,1,NK cell
TIPIN,0.6927415833070122,0.10195061237127989,0.031,0.03,1,NK cell
ATP5MC2,0.6943876748086247,0.11422819597544676,0.472,0.468,1,NK cell
SH3TC1,0.694476533517275,0.10179012635281381,0.031,0.03,1,NK cell
SMAD3,0.6953394327803528,-0.1285670792827543,0.283,0.288,1,NK cell
FBXL5,0.6955614478229193,0.13246578750322535,0.494,0.494,1,NK cell
OAF,0.6956159954724062,-0.1977334721984283,0.014,0.014,1,NK cell
CCDC102B,0.6959989229126735,0.11617622801850302,0.023,0.022,1,NK cell
PROX2,0.6993979367360716,0.13867333226052025,0.018,0.017,1,NK cell
SLFN11,0.7009838094676248,0.12352823723207285,0.171,0.169,1,NK cell
NAGA,0.7023561238783931,0.12208379478963582,0.095,0.092,1,NK cell
HES6,0.7025919887513786,0.1854914882561749,0.034,0.034,1,NK cell
RC3H1,0.702690089629186,0.5218599873562608,0.342,0.338,1,NK cell
CNST,0.7031056153854554,-0.12395782710346215,0.226,0.226,1,NK cell
SLC25A37,0.7044415537199297,12.285432389760677,0.047,0.048,1,NK cell
B3GALNT1,0.7074803747074996,0.11320379866317332,0.01,0.01,1,NK cell
BST2,0.7080797833409989,-3.8033402922069453,0.563,0.567,1,NK cell
REEP6,0.7098898991839296,0.12703014274584667,0.02,0.019,1,NK cell
MAP2K2,0.7148571026661379,-0.47674340779594804,0.507,0.505,1,NK cell
SELENOS,0.7149101570268519,0.10696531576817754,0.251,0.248,1,NK cell
ZNF438,0.7159042016383911,0.13084526238895222,0.027,0.026,1,NK cell
NR2F6,0.7171720149555767,-0.11195703655249467,0.015,0.015,1,NK cell
ADAM9,0.7175198406673076,-0.20245702217168837,0.018,0.019,1,NK cell
FLACC1,0.7189821828262557,0.12561607135508535,0.036,0.034,1,NK cell
NHERF2,0.7191242353825591,1.0062583770411244,0.014,0.013,1,NK cell
NFATC3,0.7195716150382166,0.3970070435071218,0.818,0.815,1,NK cell
PI4KA,0.7198647230428205,-0.18790563820382078,0.382,0.383,1,NK cell
BRWD1,0.7200092745605878,-0.11375187670230397,0.262,0.26,1,NK cell
NUMA1,0.7223935369607193,-0.5637526739100451,0.6,0.601,1,NK cell
DYRK2,0.7267475972351252,0.15194292482340988,0.552,0.551,1,NK cell
MARCHF2,0.7277862972494895,0.11504388739521776,0.056,0.055,1,NK cell
RIN3,0.7280197850028721,0.43176214451742734,0.774,0.769,1,NK cell
PJA2,0.7285742979639496,-0.24764775454321075,0.604,0.605,1,NK cell
BAALC,0.7333706884404169,-0.10952964478791127,0.011,0.011,1,NK cell
FADS1,0.7376833384549555,0.12181186689698587,0.061,0.06,1,NK cell
ARHGAP11A,0.7406204510063416,-0.10769387408162556,0.039,0.041,1,NK cell
HYAL2,0.7411127735325806,0.22999626533388007,0.031,0.03,1,NK cell
H3-3A,0.7452716950429011,0.18083039582692262,0.626,0.625,1,NK cell
ELOVL6,0.7472429322022303,0.11431019378243512,0.088,0.087,1,NK cell
MAPKAPK2,0.7479638425631336,1.1645451526591604,0.517,0.512,1,NK cell
USP48,0.7519209116905897,0.17459705061590491,0.401,0.4,1,NK cell
CTNNAL1,0.7522763784511555,-0.17403336877900077,0.011,0.012,1,NK cell
PLXDC1,0.7563765012574846,0.22272212271383873,0.124,0.113,1,NK cell
NUFIP2,0.7567815762513906,0.162846581238412,0.377,0.377,1,NK cell
S100A6,0.760308025936202,1.6606638812082046,0.721,0.715,1,NK cell
MPZL3,0.7645261301087346,-0.10075376784652956,0.033,0.035,1,NK cell
ZSWIM1,0.7663712257322409,0.13300190298491277,0.011,0.011,1,NK cell
GPAT2,0.7736743431705045,0.12384298280273764,0.015,0.014,1,NK cell
MORN2,0.774268719091528,0.11545139090203538,0.012,0.012,1,NK cell
FLNB,0.7752348435197446,-0.6575360857877275,0.052,0.053,1,NK cell
CYTIP,0.7759672618456075,1.94831311030317,0.835,0.827,1,NK cell
EIF3A,0.7764515041925406,0.11838373430328364,0.532,0.528,1,NK cell
PSAT1,0.7767865679898648,-0.9340656249840058,0.027,0.027,1,NK cell
PPP1R15A,0.777487721457859,0.809012352534266,0.139,0.138,1,NK cell
UST,0.7799107251265356,-0.13517719974941045,0.098,0.1,1,NK cell
IFIT1,0.7812220215201993,2.5274906585347803,0.021,0.021,1,NK cell
BMF,0.7848777386114282,0.12442048547680784,0.01,0.01,1,NK cell
CD83,0.7919661129873081,4.377101674358338,0.031,0.032,1,NK cell
DOK4,0.7941186564565431,0.10656115295830126,0.01,0.01,1,NK cell
PRDM8,0.7957618168455487,-0.4649083424496241,0.044,0.045,1,NK cell
CENPU,0.796756074699199,0.11356160563605489,0.016,0.015,1,NK cell
PLK3,0.7974683603276186,0.3078351441899878,0.019,0.019,1,NK cell
CYTH1,0.7981569042902872,8.545434761128595,0.882,0.879,1,NK cell
HELZ,0.7982081834838629,-0.47668824483723027,0.535,0.532,1,NK cell
ZNF80,0.8020737052770839,-0.307224677890654,0.026,0.027,1,NK cell
MAPK8,0.8040399894137465,-0.1412334659148583,0.192,0.195,1,NK cell
PEF1,0.8042841489834517,0.19460822295883085,0.193,0.193,1,NK cell
UBAP2L,0.8055194642201516,0.12152316018100628,0.425,0.423,1,NK cell
PRR14,0.8086684783680205,-0.10611513018139129,0.322,0.323,1,NK cell
TUT7,0.8101996416818058,-0.5686874840498355,0.704,0.702,1,NK cell
EGR1,0.811902215276925,7.272609436234799,0.025,0.026,1,NK cell
GLT1D1,0.8123559291018116,-0.11598436116675881,0.01,0.01,1,NK cell
H1-1,0.8131784852553455,-0.12242831035316204,0.012,0.012,1,NK cell
AFDN,0.8161246607799638,0.11815773220046699,0.028,0.028,1,NK cell
LCOR,0.8180177635607917,-0.2673605197179061,0.362,0.363,1,NK cell
CLIC5,0.8183477456795099,0.1045183405307002,0.011,0.01,1,NK cell
CCND2,0.8197004233617068,-2.561422755462541,0.479,0.481,1,NK cell
PTP4A3,0.8199594984357981,-0.1368684522755057,0.01,0.011,1,NK cell
TRABD2A,0.8220180937350227,0.12367675145835744,0.017,0.017,1,NK cell
GPBP1,0.8235946662748785,-0.17694257178522754,0.545,0.543,1,NK cell
COL5A3,0.8240598681266377,0.3706377751415437,0.018,0.016,1,NK cell
BCL9L,0.829679320211543,-0.19280964714448157,0.634,0.632,1,NK cell
CLEC2B,0.8315270446065269,-0.8314776048411634,0.696,0.696,1,NK cell
SIPA1,0.834077979618815,0.660825847781549,0.723,0.721,1,NK cell
PTBP3,0.8342497938151691,0.3535926113054626,0.646,0.644,1,NK cell
TRAT1,0.8352849497888475,0.27219586834603704,0.042,0.042,1,NK cell
PNPLA7,0.836450069294723,0.144452916265692,0.016,0.015,1,NK cell
ADRB1,0.8371046897960852,0.13459836133015557,0.01,0.009,1,NK cell
SUGP2,0.8380494395401605,0.2137568554023117,0.441,0.438,1,NK cell
NINL,0.8382185286834709,0.1883963860665352,0.028,0.026,1,NK cell
GNPTAB,0.8394699562683408,-1.848058631380038,0.644,0.64,1,NK cell
XRN2,0.8432522246733962,-0.16553271250818397,0.33,0.329,1,NK cell
OASL,0.8481622043437205,-0.16647178609752333,0.116,0.117,1,NK cell
ARL6IP5,0.8489508789295392,0.7780388006114061,0.702,0.697,1,NK cell
CDHR1,0.8490885049963154,-0.11063859430538336,0.031,0.031,1,NK cell
TRMT10C,0.8535923201591095,2.3750454388003193,0.14,0.138,1,NK cell
CLNK,0.8550283209863276,0.8624539313789947,0.01,0.01,1,NK cell
CMPK2,0.8609931015489611,-4.732386306594304,0.07,0.071,1,NK cell
PITHD1,0.8611547289272466,0.3366747095287642,0.249,0.246,1,NK cell
SNAI3,0.8625531878474116,-0.10695558113040415,0.088,0.091,1,NK cell
C12orf75,0.8633198888213771,-1.6337789329878385,0.663,0.659,1,NK cell
HOOK3,0.8642379710958571,0.12669146961268987,0.259,0.26,1,NK cell
EIF6,0.8642617629568717,0.21174875473925614,0.213,0.211,1,NK cell
CFAP97D2,0.8651794115843249,0.364914762952127,0.012,0.009,1,NK cell
H1-10,0.8657102890478463,-17.10387752998483,0.42,0.42,1,NK cell
TNFRSF10B,0.8661401250918884,2.55642869064944,0.042,0.042,1,NK cell
EPSTI1,0.8670819224595503,1.1911095951527821,0.219,0.216,1,NK cell
SAT1,0.8689675418659475,-2.8984347665123735,0.283,0.282,1,NK cell
MYADM,0.8724184282531944,-1.6615077712819297,0.148,0.148,1,NK cell
SERAC1,0.875033723577127,0.10805437399537521,0.028,0.026,1,NK cell
CENPW,0.8770548416048392,0.10013132609308428,0.01,0.009,1,NK cell
IL18RAP,0.8783165281490306,0.2982528165281373,0.498,0.501,1,NK cell
XCL1,0.8787114177367092,0.3206161104313132,0.014,0.014,1,NK cell
ITM2A,0.8796527333829125,13.964696053056691,0.297,0.305,1,NK cell
NCL,0.889998263726406,1.2212285328581403,0.506,0.502,1,NK cell
CSF3R,0.8932010768313011,-5.589128930876786,0.015,0.015,1,NK cell
GAB2,0.8950006387279342,0.10776231894652799,0.01,0.01,1,NK cell
DOCK10,0.8980901635953669,0.5208902559189013,0.545,0.547,1,NK cell
DNM2,0.8989801301820379,0.1875543063519718,0.54,0.536,1,NK cell
SYCP2,0.9003588559374737,0.1132036534737928,0.053,0.051,1,NK cell
DOCK2,0.90038722615899,0.1503232405812347,0.617,0.613,1,NK cell
TMEM259,0.9005725636188779,0.10781943944083265,0.291,0.288,1,NK cell
DNAJC7,0.9013988089722574,0.14252362927482648,0.316,0.314,1,NK cell
SCLY,0.9014748874453707,-0.1487056479906559,0.052,0.052,1,NK cell
TGOLN2,0.9094059861823498,-0.2746130104878475,0.729,0.726,1,NK cell
HSPA8,0.9117312935102753,-1.5306901343363162,0.788,0.786,1,NK cell
CLEC7A,0.9119379990285317,-0.2658982752003789,0.012,0.012,1,NK cell
ATP8A1,0.912309271402643,-0.1269570098318633,0.626,0.626,1,NK cell
MX2,0.915856987763833,-8.133933586140204,0.117,0.115,1,NK cell
PHACTR2,0.9163373381927876,0.15474996830222798,0.134,0.129,1,NK cell
CRELD2,0.9176295912283663,0.15292485327707528,0.156,0.152,1,NK cell
IL12RB2,0.9240162586461375,-0.9433735427476896,0.098,0.109,1,NK cell
CXCL8,0.924756394683623,-4.242161767904232,0.011,0.011,1,NK cell
ZBTB16,0.9273686947865926,-0.11184745713072264,0.497,0.493,1,NK cell
NELL2,0.9290623350585362,-0.827439982065153,0.018,0.017,1,NK cell
ZNF135,0.9299189806264032,-0.17265896661860136,0.01,0.011,1,NK cell
TCIRG1,0.931000902257515,1.2583226418482139,0.443,0.441,1,NK cell
FAR2,0.9336580303239167,-0.16785613887259832,0.013,0.014,1,NK cell
ST3GAL1,0.9345903636978282,-0.17343851332981935,0.29,0.29,1,NK cell
CTPS1,0.935637465397514,0.10257570242607761,0.091,0.089,1,NK cell
EHMT1,0.936020026326916,-0.13288139292950008,0.481,0.479,1,NK cell
NDUFAF3,0.9375415736286253,0.11281361287490621,0.2,0.197,1,NK cell
TTC3,0.9434195474963988,-0.11284986857451973,0.38,0.379,1,NK cell
CARNMT1,0.9452226738664867,-0.13231269819706562,0.253,0.253,1,NK cell
NT5C3A,0.9452947583850818,-0.2628166024158358,0.152,0.151,1,NK cell
TFRC,0.9456060854766211,-0.6529067084317064,0.115,0.115,1,NK cell
GBP4,0.9461859163993833,0.6251666027910201,0.379,0.383,1,NK cell
MYO1E,0.9479803199951159,-0.40511887517472545,0.044,0.046,1,NK cell
CASK,0.9500535308767697,0.2518740492612537,0.13,0.129,1,NK cell
HNRNPAB,0.9519099488991962,0.2451044216570375,0.211,0.209,1,NK cell
CCNE2,0.9525531638769879,0.1779653344069585,0.013,0.012,1,NK cell
SAP18,0.9531771611530122,-0.17397843374842403,0.441,0.44,1,NK cell
CHEK1,0.9557981108658493,0.1278576681332746,0.015,0.015,1,NK cell
CCNG1,0.9559560693831594,0.1508401442262372,0.306,0.305,1,NK cell
RIPK2,0.9562683844460912,0.7911796149696181,0.114,0.114,1,NK cell
COX8A,0.9576379867687677,1.7102795163415125,0.284,0.283,1,NK cell
UBE2J1,0.9638794489138629,0.1963258671913624,0.326,0.324,1,NK cell
GSTK1,0.9639742402440145,-0.3159619198909276,0.565,0.563,1,NK cell
SLC4A10,0.965479472162145,-0.15775115673782736,0.01,0.011,1,NK cell
PRX,0.9682628558181267,0.11894185946527269,0.023,0.021,1,NK cell
EPHX4,0.9690700606535801,0.11693519390706486,0.029,0.029,1,NK cell
TMSB10,0.9725462559318625,8.284536632649264,0.954,0.953,1,NK cell
LST1,0.9741430381006638,-0.15947113204982832,0.036,0.035,1,NK cell
FCGR2B,0.9775520756607131,0.32374884533663284,0.011,0.01,1,NK cell
PHF10,0.9806076602376341,-0.12582458991271772,0.372,0.372,1,NK cell
EVI2B,0.9838637620363913,-7.432222764525527,0.579,0.579,1,NK cell
SLC15A4,0.9858120785215388,-0.28945785656292555,0.488,0.484,1,NK cell
MEF2C,0.9878648122922875,0.2214901816987549,0.023,0.02,1,NK cell
LGALS4,0.9886869159592654,0.10450701883114188,0.027,0.026,1,NK cell
RCAN3,0.9894741731263573,-1.1515773164918581,0.016,0.016,1,NK cell
RAP2A,0.9920701859863548,-0.2838521402434897,0.345,0.341,1,NK cell
MCUB,0.9975065228680856,-0.2058291384167077,0.152,0.156,1,NK cell
EBP,0.9986621867508313,0.3089863288278969,0.268,0.266,1,NK cell
