gene,p_val,avg_log2FC,pct.1,pct.2,p_val_adj,our_annotation
S100A4,3.879741483173014e-22,57.67303902344878,0.856,0.815,7.035135231437626e-18,Treg cell
CRIP1,9.80155026279157e-22,41.33007948170107,0.619,0.562,1.7773151091519955e-17,Treg cell
CD52,1.7175384387293692e-21,12.937995043554352,0.978,0.968,3.1144124509479654e-17,Treg cell
KLF2,4.600613254077158e-21,14.187859820501508,0.943,0.927,8.342292013618111e-17,Treg cell
B2M,9.373424572100128e-20,-27.445967125143028,0.997,0.993,1.6996830776589163e-15,Treg cell
CASP8,1.743386100683186e-18,-2.2703153137248027,0.776,0.737,3.1612820163688216e-14,Treg cell
JUN,2.2245757803320854e-18,-13.737470989829996,0.425,0.479,4.0338232624761704e-14,Treg cell
CD2,2.3030853306090513e-18,-12.934078123268463,0.846,0.817,4.176184629993393e-14,Treg cell
CORO1A,3.2593373863784705e-18,-26.003238621820373,0.955,0.933,5.910156482720081e-14,Treg cell
ARHGDIB,2.5542040896724893e-16,-4.362845120069011,0.979,0.969,4.631538275803125e-12,Treg cell
PFN1,3.732237848713737e-15,-15.904410059199847,0.926,0.909,6.767666891072619e-11,Treg cell
STAT1,8.287710078502845e-15,11.054610736679173,0.459,0.404,1.5028104685349208e-10,Treg cell
LCP1,1.0779394738137175e-14,-8.236767573174554,0.896,0.867,1.954627647866414e-10,Treg cell
SLC25A20,1.640439183588348e-14,0.48028281991290434,0.121,0.085,2.974608371600752e-10,Treg cell
PLEC,2.7495177982008677e-14,0.3983762440944809,0.464,0.41,4.985700623477633e-10,Treg cell
ETS1,2.8506716500944946e-14,0.45482028589606927,0.965,0.956,5.169122903116347e-10,Treg cell
SAMHD1,3.903871939255344e-14,-1.566281026087207,0.905,0.889,7.078890987451715e-10,Treg cell
GBP2,4.586953047582963e-14,6.655279786480236,0.644,0.595,8.317521961182186e-10,Treg cell
TMSB4X,4.760227888269436e-14,50.45956507982527,0.995,0.994,8.631721229798968e-10,Treg cell
EMP3,7.310059334745193e-14,0.4840271219451324,0.795,0.755,1.325533059169346e-9,Treg cell
CCR4,1.3369337343585686e-13,2.8411274520444394,0.631,0.576,2.4242619405123925e-9,Treg cell
AHNAK,1.4386959110241333e-13,25.675467307383983,0.861,0.829,2.608787295460061e-9,Treg cell
OAZ1,4.92247894680526e-13,7.142988593431525,0.92,0.899,8.925931074241979e-9,Treg cell
SH3BGRL3,6.71982601128047e-13,-1.279381658821066,0.827,0.795,1.2185060506254876e-8,Treg cell
CD99,9.401296232800643e-13,1.482389329871646,0.568,0.52,1.7047370458937405e-8,Treg cell
RGCC,9.628149359479883e-13,-9.099501849036734,0.44,0.384,1.7458723233544873e-8,Treg cell
CD3D,1.1641233434321908e-12,-10.074195112367129,0.847,0.814,2.1109048586455916e-8,Treg cell
TMSB10,1.414718909074129e-12,-12.948577247827188,0.96,0.952,2.565309797824118e-8,Treg cell
SLFN5,1.7514290679643137e-12,9.608694723522426,0.892,0.878,3.17586632893969e-8,Treg cell
FLNA,2.2755892310493523e-12,21.153109830395046,0.761,0.724,4.12632595266179e-8,Treg cell
EIF4E3,2.6330616601181026e-12,-2.567899128338629,0.663,0.619,4.774530708292155e-8,Treg cell
TSC22D3,4.28748432589285e-12,1.3770075991800255,0.801,0.758,7.774495328141505e-8,Treg cell
ACTB,4.412294833908927e-12,-10.097948220497983,0.986,0.979,8.000814222327058e-8,Treg cell
EVL,6.445491093576267e-12,-17.347027640089472,0.992,0.991,1.1687608999981846e-7,Treg cell
FMNL1,7.954993196731904e-12,6.073035926479415,0.72,0.69,1.4424789163633963e-7,Treg cell
ACTG1,8.119282869065778e-12,1.0263204913951824,0.838,0.815,1.4722695626476974e-7,Treg cell
S100A10,8.4454479533467e-12,23.04581051845433,0.839,0.811,1.531413077380357e-7,Treg cell
VIM,9.436026467494581e-12,-54.830920414035944,0.935,0.914,1.7110346793507924e-7,Treg cell
HSPA8,1.1073420940608738e-11,7.530588783751387,0.833,0.807,2.0079434191605826e-7,Treg cell
SMAP2,1.1463718712118016e-11,3.2800269127045727,0.703,0.673,2.07871611406836e-7,Treg cell
GLIPR2,1.1528912114562899e-11,0.5577920456547523,0.291,0.247,2.0905376337336905e-7,Treg cell
CD53,1.6974141130506518e-11,4.578204627363052,0.817,0.785,3.077921011194747e-7,Treg cell
CNN2,2.3410157127146455e-11,5.732195811426443,0.642,0.595,4.244963791865467e-7,Treg cell
PSMB8,2.6322895626721644e-11,2.850589454694024,0.634,0.588,4.773130663993436e-7,Treg cell
IL32,2.8829699769875362e-11,-63.268295719378415,0.934,0.918,5.2276894592715e-7,Treg cell
SELPLG,7.751643836455433e-11,1.09217658309786,0.764,0.73,1.4056055768644637e-6,Treg cell
FOXP3,9.175498274451013e-11,3.690479875182046,0.673,0.633,1.663793102106202e-6,Treg cell
HCLS1,9.68317015007241e-11,2.863666134782317,0.82,0.79,1.7558492433126301e-6,Treg cell
CD74,1.4443591196284978e-10,-119.7713059424731,0.712,0.671,2.6190563916223553e-6,Treg cell
FAM107B,1.4624799700587318e-10,19.57689251356463,0.765,0.738,2.6519149297074985e-6,Treg cell
SEPTIN1,1.5168940618081176e-10,-0.4145803687360736,0.655,0.628,2.7505840022766598e-6,Treg cell
STING1,1.8720197929320163e-10,1.2580457802143572,0.554,0.508,3.394533490523625e-6,Treg cell
MCL1,1.9571406048827808e-10,-2.2527284516130166,0.926,0.911,3.5488830588339465e-6,Treg cell
ANXA6,2.0280746376894675e-10,1.3873865672149641,0.755,0.721,3.6775077405223115e-6,Treg cell
RCSD1,2.516521565227282e-10,1.4418782200292277,0.715,0.687,4.5632085542266305e-6,Treg cell
TRBC2,2.7728839086769824e-10,-2.920151433414361,0.932,0.92,5.028070391603972e-6,Treg cell
PSME1,3.03826631392253e-10,-7.262536203376744,0.727,0.701,5.5092883070357236e-06,Treg cell
CAPN2,3.2236683169479163e-10,6.2880204075971555,0.704,0.678,5.8454777591216565e-6,Treg cell
NHERF1,3.8059812117206526e-10,10.224452191321323,0.648,0.609,6.901385731213059e-6,Treg cell
CDC42SE1,3.89475255216664e-10,2.840614836787381,0.849,0.83,7.062354802843768e-6,Treg cell
PRKAR1A,4.328689986445416e-10,1.3850146635620628,0.437,0.396,7.849213552421473e-6,Treg cell
CD3G,5.432004913631198e-10,-3.791220356442567,0.814,0.786,9.84985450988745e-6,Treg cell
LSP1,5.802003685755008e-10,11.304211067044214,0.872,0.848,1.0520773283379555e-5,Treg cell
MORC2,6.386890795750711e-10,0.5124206229331674,0.25,0.209,1.1581349079934765e-5,Treg cell
CD44,6.441078432304567e-10,6.607797501082331,0.913,0.9,1.1679607521297872e-5,Treg cell
PPP1R18,6.662018680050391e-10,4.213096215356321,0.568,0.533,1.2080238472535374e-5,Treg cell
TRIB2,7.095808247029142e-10,3.773599545086711,0.61,0.573,1.2866829094337942e-5,Treg cell
CD69,7.217373527915567e-10,-15.380514718219652,0.399,0.43,1.3087263418169298e-5,Treg cell
ARHGEF1,7.673278456963076e-10,6.563652207068619,0.865,0.848,1.3913955826011146e-5,Treg cell
CCDC88C,7.876475369145842e-10,0.8600513207453053,0.773,0.74,1.4282412786872156e-5,Treg cell
ANXA2,8.022299805769799e-10,12.8255653542005,0.499,0.457,1.4546836237802377e-5,Treg cell
RASGRP1,9.013701042838175e-10,3.9176779723997743,0.671,0.64,1.6344544100978463e-5,Treg cell
APBB1IP,9.622970102181102e-10,-0.817567140737026,0.791,0.769,1.744933168628499e-5,Treg cell
BIN2,9.973710200658205e-10,3.6938099916827323,0.743,0.709,1.8085328706853522e-5,Treg cell
ARPC1B,1.0871282567050347e-9,0.30711115126343813,0.605,0.565,1.9712896678832392e-5,Treg cell
GIMAP7,1.2003202316867359e-9,10.575310664336985,0.769,0.755,2.176540676117558e-5,Treg cell
LGALS1,1.2832507750084233e-9,10.067663022792686,0.299,0.259,2.3269186303227738e-5,Treg cell
ZYX,1.3006226925386442e-9,0.4288873766864212,0.326,0.288,2.3584191283803236e-5,Treg cell
ATP5MG,1.4044523748889388e-9,-0.3397323428927872,0.518,0.47,2.5466934913861128e-5,Treg cell
CASP4,1.4319036098694996e-9,0.7070650712437319,0.374,0.331,2.5964708157763635e-5,Treg cell
TSPO,1.8602510215982588e-9,1.627332624587309,0.407,0.365,3.373193177464123e-5,Treg cell
MOB3A,2.4414133036099e-9,0.9824760191118678,0.562,0.515,4.4270147434358316e-5,Treg cell
IL10RA,2.4720152533825992e-9,2.606638897096584,0.858,0.834,4.482505258958667e-5,Treg cell
S1PR4,2.854002706136315e-9,1.158421393782164,0.584,0.545,5.17516310703698e-5,Treg cell
CHURC1,3.0753423643863175e-9,0.7786944759538459,0.623,0.592,5.5765183093417095e-5,Treg cell
GLRX,3.983475013352478e-9,0.2077030685115404,0.383,0.343,7.223235241712048e-5,Treg cell
CD47,4.205498407592805e-9,1.3297178204645235,0.783,0.761,7.625830262488034e-5,Treg cell
CD28,5.456519398938379e-9,4.235303521689502,0.715,0.701,9.894306626094963e-5,Treg cell
MYO1F,7.563339551258401e-9,0.9747125718919945,0.439,0.393,1.3714603608296858e-4,Treg cell
TAP1,7.759617908892352e-9,5.609507994008874,0.623,0.591,1.4070515154194504e-4,Treg cell
CAST,8.127333669689681e-9,1.686773547855425,0.409,0.365,1.47372941432483e-4,Treg cell
MYO1G,8.311850861865772e-9,14.70185462310799,0.609,0.578,1.5071879167821204e-4,Treg cell
FXYD5,8.444409300210376e-9,31.249405099278846,0.934,0.917,1.5312247384071474e-4,Treg cell
SUB1,8.480629343574407e-9,4.5580941091170155,0.456,0.43,1.5377925188703471e-4,Treg cell
ABRACL,9.494805786910467e-9,-4.334925333416711,0.41,0.371,1.721693133340475e-4,Treg cell
SLC25A24,1.0606055849635895e-8,0.28386757897444115,0.176,0.142,1.9231961072144768e-4,Treg cell
SPN,1.0846124863356263e-8,-4.8980379855396805,0.613,0.595,1.9667278214723912e-4,Treg cell
CFL1,1.1058235937313892e-8,-4.615877624910205,0.809,0.787,2.005189922513128e-4,Treg cell
ACAP1,1.2628536137045904e-8,0.4220204731368655,0.685,0.648,2.2899324577305337e-4,Treg cell
CNPPD1,1.5727810157342017e-8,0.45768379025704164,0.354,0.316,2.851923815830828e-4,Treg cell
CCND3,2.0543631590904448e-8,1.4147594163991335,0.483,0.452,3.7251767163787037e-4,Treg cell
TRAF3IP3,2.1569959832631293e-8,12.825930292087943,0.824,0.802,3.9112808164510325e-4,Treg cell
RNPEPL1,2.2373529755638692e-8,-0.41709748431190086,0.612,0.575,4.056992150589964e-4,Treg cell
WSB1,2.4057877305653384e-8,0.41766304302720036,0.402,0.365,4.362414891834128e-4,Treg cell
ARHGAP30,2.4953923883952812e-8,1.9679615928057315,0.692,0.66,4.5248950178771634e-4,Treg cell
AKNA,2.5905455916249018e-8,1.1165920798295588,0.816,0.797,4.6974363212934345e-4,Treg cell
UBE2D2,3.2519611893106346e-8,0.5439741495957127,0.47,0.439,5.896781224576974e-4,Treg cell
SAMD9,4.282868444982011e-8,0.5357209539618036,0.306,0.265,7.76612535128588e-4,Treg cell
ISG20,4.409862244628799e-8,12.57511093200102,0.63,0.6,7.996403208185401e-4,Treg cell
MTA2,4.447453582390405e-8,1.6877843648921962,0.43,0.39,8.064567580948522e-4,Treg cell
CLINT1,4.603728715902657e-8,1.8926129464905372,0.428,0.397,8.347941280546288e-4,Treg cell
LDHB,4.8123526385637904e-8,-6.7853402673105805,0.897,0.885,8.726239039507721e-4,Treg cell
CCNDBP1,5.600274634749623e-8,0.9368204066765791,0.533,0.494,0.0010154977995191492,Treg cell
SAMD3,5.7971291914866145e-8,-0.2745355178526139,0.235,0.202,0.001051193436292268,Treg cell
RSU1,7.139703234824657e-8,0.2920682412808514,0.321,0.287,0.0012946423875707551,Treg cell
COTL1,7.227813467699392e-8,-1.382206906672188,0.469,0.431,0.0013106194160979307,Treg cell
SYNGR2,7.786526870557705e-8,0.41317301149737684,0.417,0.373,0.0014119309174382287,Treg cell
CD37,8.781575723770065e-8,4.729002877754194,0.772,0.742,0.0015923631259912258,Treg cell
RECQL,9.172229721943872e-8,-0.7896765779361765,0.366,0.325,0.0016632004154800823,Treg cell
ARHGEF2,9.634855347979435e-8,-0.46198395012037796,0.493,0.455,0.001747088320249111,Treg cell
PRDX3,1.0161006084685299e-7,0.47708462472187785,0.113,0.087,0.0018424952333359853,Treg cell
SGPP1,1.0732936420531176e-7,0.4250492082478039,0.367,0.326,0.0019462033611349183,Treg cell
TOB1,1.1540810428578097e-7,1.850876615295463,0.569,0.53,0.002092695155014066,Treg cell
FLII,1.1868686285639214e-7,0.6518793636719968,0.407,0.367,0.002152148884174959,Treg cell
RBL2,1.3946719365995765e-7,0.3910379620401905,0.724,0.7,0.002528958622636012,Treg cell
CDC25B,1.4318769833686332e-7,3.7920037283470815,0.736,0.715,0.0025964225339423427,Treg cell
S100A6,1.632789120377851e-7,-1.4774531304450136,0.772,0.749,0.002960736511981157,Treg cell
ARL6IP5,1.635631319712789e-7,4.185976912974254,0.685,0.65,0.0029658902720352005,Treg cell
DENND10,1.64161601818165e-7,0.9592187836218637,0.404,0.368,0.0029767423257687857,Treg cell
FAS,1.6590052210744447e-7,-0.23897061096782046,0.34,0.299,0.0030082741673742907,Treg cell
FERMT3,1.9392900552645137e-7,0.6510271920671813,0.411,0.372,0.003516514657211143,Treg cell
ERP44,2.0207000765897388e-7,-0.4972263780472175,0.318,0.279,0.0036641354488801733,Treg cell
IRF1,2.0576957133350175e-7,1.380732585508798,0.298,0.258,0.003731219636990387,Treg cell
WIPF1,2.0750329163873487e-7,4.418425693385455,0.877,0.862,0.003762657187285179,Treg cell
GPR183,2.0803305097195397e-7,-4.24348939699942,0.496,0.456,0.003772263313274441,Treg cell
LPAR6,2.1966300097805748e-7,7.132144485924961,0.498,0.459,0.003983149196735116,Treg cell
DCAF7,2.2116465474689372e-7,0.6430584534586377,0.37,0.333,0.0040103786845254235,Treg cell
DOCK8,2.2232346652708292e-7,1.1820342627252738,0.6,0.58,0.004031391418535595,Treg cell
ESYT1,2.235941480120938e-7,-1.866190600494832,0.54,0.502,0.004054432685903297,Treg cell
ATP8B2,2.4927296954476334e-7,-0.18060602584167285,0.676,0.648,0.004520066756755194,Treg cell
GIMAP4,2.6651293640867215e-7,-1.8389080220508554,0.791,0.765,0.004832679075898452,Treg cell
CAPZB,2.704852744490254e-7,3.006879638976301,0.67,0.649,0.004904709481584177,Treg cell
CD247,2.7218534406083825e-7,2.322662066781513,0.663,0.631,0.00493553684385518,Treg cell
CAT,2.962716271640379e-7,0.641926319199984,0.195,0.164,0.005372293415365499,Treg cell
TBC1D10C,3.1823117138493086e-7,1.2191779535799014,0.773,0.744,0.005770485830722951,Treg cell
STAU2,3.3712547564166467e-7,0.5827423711807223,0.452,0.424,0.006113096249810305,Treg cell
DNAJB12,3.5228139741640046e-7,0.5351786193103614,0.16,0.133,0.0063879185793515895,Treg cell
RAB8B,3.531373431585147e-7,1.1358721633588136,0.495,0.461,0.0064034394434933466,Treg cell
BCL11B,3.6405524071234024e-7,0.30369740755923935,0.761,0.74,0.006601413679836865,Treg cell
PARP12,3.7455952449631727e-7,-0.18402137495793003,0.4,0.359,0.006791887857691721,Treg cell
OAS1,3.7646134211720646e-7,-0.6410577128059565,0.265,0.23,0.006826373516611305,Treg cell
MSN,3.842852141116849e-7,5.374626804450042,0.755,0.734,0.006968243787487182,Treg cell
PCYT1A,4.1903072948051566e-7,0.283296689868129,0.221,0.186,0.00759828421767019,Treg cell
IL2RG,4.439609300809794e-7,12.970404239653782,0.877,0.86,0.008050343545158399,Treg cell
ARL4C,4.521911545050558e-7,12.92354260157553,0.674,0.651,0.008199582204640177,Treg cell
LIMD2,4.6070649931919034e-7,15.083396301606216,0.761,0.738,0.008353990952154878,Treg cell
TNFAIP8L2,5.047528149263475e-7,0.2087618100635782,0.148,0.12,0.009152682793059459,Treg cell
CAPNS1,5.228549995877821e-7,-2.7917448386187678,0.381,0.348,0.009480929707525253,Treg cell
PBXIP1,5.310976625085039e-7,2.045404088555297,0.555,0.519,0.009630393914266702,Treg cell
TXNDC17,5.491958385284159e-7,0.358158889366176,0.174,0.144,0.009958568140035765,Treg cell
DDX60L,5.628416358229701e-7,0.41516064700628996,0.279,0.243,0.010206007382377917,Treg cell
MFNG,5.716374960291412e-7,0.528038422748597,0.406,0.372,0.010365502715496418,Treg cell
TRAC,5.746411937010273e-7,-66.39515738088954,0.992,0.988,0.01041996876538073,Treg cell
FYN,5.780577305425617e-7,1.5994219622855663,0.812,0.784,0.01048192082792827,Treg cell
CCR8,5.781582278939031e-7,-4.087722727252125,0.137,0.108,0.010483743146400146,Treg cell
NLRC5,6.024819593376582e-7,-2.834837545757086,0.716,0.685,0.010924805368669755,Treg cell
CD27,6.224104142363745e-7,22.41422304408556,0.756,0.727,0.01128616804134818,Treg cell
GRK2,6.522397715100982e-7,4.911670595366485,0.62,0.587,0.011827063776792612,Treg cell
RNF44,6.658060648568673e-7,0.277395279690692,0.474,0.433,0.012073061374049576,Treg cell
TM9SF2,6.898657359025016e-7,1.6281839595175827,0.459,0.424,0.01250933538912006,Treg cell
DIAPH1,6.997054608412661e-7,-1.019178747847711,0.703,0.674,0.012687759121434678,Treg cell
FOXN3,7.002812560788196e-7,0.4300986076660571,0.209,0.182,0.012698200016477236,Treg cell
ZNRF2,7.141553465824565e-7,6.358196612196712,0.475,0.442,0.012949778899579684,Treg cell
PHACTR2,7.219260890281355e-7,0.37631577419781403,0.292,0.262,0.01309068577234718,Treg cell
ARHGAP25,7.434406591934758e-7,-1.3670301939823553,0.556,0.519,0.013480809473155298,Treg cell
IQGAP2,7.459969742147118e-7,-1.4607629152007835,0.521,0.485,0.013527163133435369,Treg cell
CALCOCO2,7.562638436402854e-7,-0.46744036516645604,0.449,0.407,0.013713332276729296,Treg cell
SPPL3,8.178938548676364e-7,0.4122341585122955,0.103,0.089,0.01483086927031485,Treg cell
COX6C,8.197700450573507e-7,0.576497689201523,0.345,0.314,0.014864890227024941,Treg cell
SLAMF1,8.24086114382952e-7,0.2713420294798101,0.224,0.194,0.014943153512106068,Treg cell
DYNLRB1,8.333376301300967e-7,4.094948700905621,0.391,0.366,0.015110911247149044,Treg cell
SELENOF,8.695866879252706e-7,-0.4471524598041734,0.5,0.473,0.01576821541214893,Treg cell
PRDX1,8.742240852009038e-7,1.2587584903160682,0.26,0.225,0.015852305336947987,Treg cell
SYTL1,8.806517042367354e-7,2.9573546225515033,0.562,0.539,0.015968857352924724,Treg cell
HADHA,9.211975438003463e-7,2.334141429206062,0.462,0.433,0.01670407506173168,Treg cell
CSK,9.482856455178874e-7,5.838517181562722,0.638,0.612,0.017195263610175853,Treg cell
PLD3,9.64183437613339e-7,0.398023222838835,0.284,0.257,0.017483538274242677,Treg cell
CNTRL,9.736539115204466e-7,-2.873841189420583,0.749,0.719,0.017655266377600256,Treg cell
R3HDM4,9.859266977282371e-7,0.7714164847443934,0.578,0.539,0.017877808809906123,Treg cell
JAML,9.98857526602567e-7,-0.9197552112056528,0.414,0.377,0.018112283529884345,Treg cell
YWHAZ,1.0438041832104613e-6,0.16323226663055124,0.818,0.798,0.018927301254155295,Treg cell
NPLOC4,1.077929682852602e-6,0.30931954545740403,0.397,0.355,0.019546098939166232,Treg cell
PIGM,1.0792600325664686e-6,0.3255975684752175,0.111,0.087,0.019570222170527774,Treg cell
NDUFA2,1.120922367321195e-6,0.6852610419070336,0.335,0.299,0.02032568528663523,Treg cell
ITGB1,1.1281568596092733e-6,1.9415443361171634,0.407,0.367,0.02045686833529495,Treg cell
S1PR1,1.1417856890940978e-6,4.345676160301055,0.474,0.443,0.020703999900343276,Treg cell
SPOCK2,1.1529922122259504e-6,2.8460592934304216,0.901,0.88,0.02090720778429316,Treg cell
RNF149,1.187609891971794e-6,3.521462055034159,0.475,0.445,0.02153493017112454,Treg cell
ADD3,1.1937313758266136e-6,-1.0524784819746094,0.67,0.641,0.021645931037863986,Treg cell
ATOSA,1.2369993600408448e-6,0.9915867074945783,0.551,0.52,0.022430509395620638,Treg cell
NUCB1,1.2427512367347078e-6,2.3090056158177332,0.439,0.402,0.022534808175710457,Treg cell
CD48,1.2714478868194644e-6,-16.24891046738703,0.851,0.832,0.02305516453169735,Treg cell
BAK1,1.277132405683963e-6,1.000989249714701,0.236,0.204,0.0231582419122673,Treg cell
OPTN,1.3208457341377062e-6,1.8665338360083457,0.545,0.509,0.023950895697119026,Treg cell
ST6GAL1,1.3402524556699034e-6,2.192136606264799,0.564,0.545,0.024302797778662358,Treg cell
CCR6,1.3857903949640245e-6,0.659505098034634,0.191,0.165,0.02512853723188266,Treg cell
TTLL3,1.391275324479096e-6,0.8353224252213838,0.222,0.19,0.025227995458779448,Treg cell
EFCAB14,1.3981869401767115e-6,1.322912623414588,0.452,0.423,0.02535332378622431,Treg cell
SPATA13,1.429828374844757e-6,0.5529055625595192,0.402,0.374,0.025927077921059978,Treg cell
ATP6V1B2,1.5034989474919224e-6,0.3108032542598458,0.193,0.162,0.02726294641487103,Treg cell
TRAPPC1,1.5612213749052663e-6,0.8331496261895346,0.307,0.27,0.028309627191157195,Treg cell
CTCF,1.5710605094978435e-6,0.2651470783312336,0.321,0.285,0.028488040218724395,Treg cell
USF2,1.6118135066234123e-6,1.9700493419533966,0.511,0.475,0.029227014315602335,Treg cell
TMEM63A,1.6232586853741086e-6,1.3476812275852499,0.73,0.7,0.02943454974188871,Treg cell
CLDND1,1.6541643904534089e-6,15.72329021047652,0.712,0.689,0.029994962892091664,Treg cell
CYTH1,1.7065420321546217e-6,-0.35806497921771197,0.804,0.786,0.030944726669059754,Treg cell
EIF4A3,1.9116589991840974e-6,0.2582783756239662,0.234,0.201,0.034664112632205236,Treg cell
PSMB9,1.9204029818169827e-6,0.7564258095577676,0.506,0.47,0.03482266726928735,Treg cell
GNGT2,1.9257615237312284e-6,0.44807318099173266,0.019,0.011,0.03491983370981837,Treg cell
CCDC69,1.9259386527604243e-6,2.284906750802028,0.515,0.488,0.03492304559050478,Treg cell
KAT2B,1.9396129939196152e-6,1.9090665282847477,0.477,0.439,0.035171002418744386,Treg cell
POLDIP2,1.9670653686915375e-6,0.8473363028848517,0.188,0.162,0.03566879633048365,Treg cell
ARPC4,2.0208753448760675e-6,-0.43596273916598616,0.508,0.473,0.03664453262863773,Treg cell
GLIPR1,2.101265694243436e-6,-1.8767816245251527,0.419,0.381,0.038102250833716225,Treg cell
DPH6,2.111508845389791e-6,0.30377663817037204,0.157,0.133,0.03828798989345308,Treg cell
FLI1,2.1447007627347575e-6,1.050524361020897,0.536,0.499,0.038889858930669353,Treg cell
PDCD6,2.1561895045366147e-6,0.18558945500813073,0.383,0.351,0.039098184285762436,Treg cell
CD4,2.2700111671752315e-6,2.6679151812464177,0.752,0.724,0.041162112494388475,Treg cell
KLF3,2.2753666454565824e-6,-0.7336948435154103,0.544,0.507,0.04125922338206421,Treg cell
MBD2,2.296844749276139e-6,1.5058020649097683,0.631,0.602,0.04164868583862422,Treg cell
MXD4,2.335095715451849e-6,1.7418692292019458,0.342,0.308,0.042342290608288376,Treg cell
ALDH3A2,2.375481061333961e-6,0.5755969781245263,0.288,0.261,0.04307459808516872,Treg cell
SERPINB1,2.411636062185437e-6,3.5017736307831155,0.377,0.345,0.04373019671560853,Treg cell
FUT7,2.4928884595892504e-6,5.732590406468704,0.197,0.166,0.045203546437731876,Treg cell
NFKBIZ,2.5687624618552004e-6,-7.585761927238611,0.538,0.568,0.04657936972082035,Treg cell
ARHGAP15,2.5841040230334106e-6,1.2738588462558766,0.935,0.933,0.04685755824966484,Treg cell
MAP4K1,2.59274345669669e-6,-0.23786815263305794,0.414,0.381,0.04701421710028108,Treg cell
ITGB7,2.7091290646542296e-6,4.78124559927323,0.651,0.616,0.049124637329375144,Treg cell
TRIR,2.938003326385349e-6,2.8558104363664683,0.733,0.704,0.05327481431734553,Treg cell
IQGAP1,3.015568831866656e-6,0.2520591529417696,0.313,0.28,0.05468130962823807,Treg cell
CCNG1,3.3901233557542812e-6,0.24932996485758974,0.39,0.354,0.06147310680989238,Treg cell
ZFP36L2,3.454962481006835e-6,1.890392666929852,0.756,0.728,0.06264883466809694,Treg cell
PRDX2,3.465198288139873e-6,0.8069399039408642,0.492,0.453,0.06283444055884031,Treg cell
HS3ST3B1,3.5561608565115438e-6,4.945263618750316,0.274,0.244,0.06448386481112382,Treg cell
WDR82,3.5762187330467463e-6,3.8617528749409313,0.594,0.571,0.06484757428633665,Treg cell
LSM4,3.616710557817031e-6,-1.2346669468792637,0.299,0.266,0.06558181254489623,Treg cell
FNBP1,3.644476284141567e-6,-3.784922390202052,0.806,0.789,0.06608528846033904,Treg cell
TAGLN2,3.7200955666780486e-6,0.3311167266489739,0.216,0.188,0.06745649291057305,Treg cell
WNK1,3.850176595452076e-6,1.0741264839122069,0.601,0.573,0.0698152522053325,Treg cell
RGS19,3.879849720500168e-6,0.1895944325884424,0.242,0.217,0.07035331498182955,Treg cell
KCNA3,3.951496006986649e-6,0.352883825929154,0.317,0.28,0.0716524770946889,Treg cell
CMTM3,4.036874661320518e-6,1.7278160917963397,0.477,0.452,0.07320064823372495,Treg cell
LDB1,4.145091986592864e-6,0.47119468846899304,0.561,0.521,0.0751629529928884,Treg cell
IL10RB,4.195444091417124e-6,-0.34388419498963874,0.287,0.258,0.07607598770966671,Treg cell
GNB2,4.390029111987554e-6,0.8518403313112006,0.414,0.379,0.0796043978876703,Treg cell
ZCRB1,4.427638563878375e-6,0.4411293655706015,0.18,0.158,0.08028637007880657,Treg cell
ERO1A,4.822519270460561e-6,-0.6801661009780684,0.536,0.495,0.08744674193126135,Treg cell
RASSF5,4.889824911238127e-6,-0.35564329824479657,0.577,0.541,0.08866719511548095,Treg cell
PLAAT4,4.891704240858722e-6,1.5299359787338807,0.544,0.51,0.08870127299949121,Treg cell
UBE2A,4.971621155777265e-6,0.3112505011712035,0.24,0.208,0.09015040641770915,Treg cell
LRRFIP1,5.571944869805633e-6,0.5148411921274807,0.379,0.352,0.10103607632418556,Treg cell
PPP4R1,5.722143695920103e-6,0.3659030882568417,0.153,0.126,0.10375963163811923,Treg cell
ANXA5,5.757900431332583e-6,6.700895704118219,0.399,0.369,0.10440800852135373,Treg cell
ARL6IP4,6.011020588759715e-6,0.8182294139617148,0.5,0.464,0.10899783633597991,Treg cell
TUT7,6.025427407683307e-6,1.6991919977666892,0.552,0.524,0.10925907518352142,Treg cell
OAS2,6.078876197060455e-6,4.116985764472613,0.531,0.498,0.11022826208129723,Treg cell
LIPA,6.174640678855031e-6,0.29755301113530397,0.239,0.208,0.11196475942967828,Treg cell
ILRUN,6.219821619364069e-6,-0.22804740072157004,0.384,0.346,0.11278402542392867,Treg cell
CEP192,6.303192778780217e-6,0.18109857579611777,0.245,0.213,0.11429579465762169,Treg cell
IRAK4,6.715413925844813e-6,0.3468390734912086,0.349,0.315,0.121770600717344,Treg cell
CD84,6.719367488751498e-6,-1.0193815900837717,0.339,0.303,0.12184229067353092,Treg cell
EEF2,6.985597381990915e-6,-2.9073032343014944,0.962,0.952,0.12666983732764125,Treg cell
UBE2I,7.085302404601058e-6,0.7576997513135275,0.46,0.434,0.128477788502631,Treg cell
PRKACB,7.178447414832932e-6,1.8484752967916425,0.616,0.593,0.13016678697316555,Treg cell
ST8SIA4,7.224871087027015e-6,3.4274648510523744,0.464,0.431,0.13100858742106086,Treg cell
ZMAT2,7.307408860334381e-6,-0.4469655732189415,0.341,0.31,0.13250524486444332,Treg cell
LNPEP,7.352587179381964e-6,0.16214745108395556,0.597,0.563,0.13332446332373316,Treg cell
UQCRC2,7.432073479211819e-6,1.4129442153238119,0.315,0.288,0.13476578839854791,Treg cell
CHST11,7.528902566426884e-6,0.12549351356150984,0.544,0.509,0.13652159023701868,Treg cell
LPXN,7.56756739572729e-6,2.130469499719923,0.572,0.547,0.13722269958672295,Treg cell
PTBP3,7.5956238884354546e-6,0.20357926787635794,0.573,0.549,0.1377314479690001,Treg cell
VPS52,7.67736365642259e-6,0.3976856191004141,0.22,0.193,0.13921363518191082,Treg cell
ALDH16A1,7.685069702828086e-6,0.3711657637859471,0.147,0.12,0.13935336892138167,Treg cell
TAFAZZIN,7.82731544711523e-6,0.2917558620639007,0.162,0.134,0.14193271100254046,Treg cell
GALNT2,7.915382500859299e-6,0.4358345339963614,0.108,0.087,0.14352963088808166,Treg cell
VASP,8.264668564982505e-6,5.474057983907796,0.446,0.416,0.14986323508882776,Treg cell
MYH9,8.322386864407651e-6,-0.4474398027595363,0.745,0.717,0.15090984101230395,Treg cell
CDC42SE2,8.74521490102548e-6,1.9825297290342618,0.841,0.822,0.15857698180029503,Treg cell
PRPF38B,8.84608275401222e-6,0.10788105163364436,0.517,0.485,0.1604060185785036,Treg cell
PLEKHF1,8.936867305702902e-6,0.37861374078598353,0.121,0.098,0.16205221485431073,Treg cell
IKBKB,8.946273914685949e-6,0.8790907964550985,0.543,0.509,0.1622227848950003,Treg cell
MFF,9.392987758914684e-6,0.44630597388985227,0.357,0.333,0.17032304703239998,Treg cell
APOL6,9.406875911449767e-6,2.427733080451569,0.484,0.454,0.17057488090231862,Treg cell
ECH1,9.609423581577403e-6,1.2070413043344386,0.382,0.354,0.17424767780474307,Treg cell
RCAN3,9.889462090157633e-6,-0.6824950567499855,0.835,0.822,0.17932561608082837,Treg cell
IFI16,9.991773827338185e-6,0.5927075105644057,0.602,0.572,0.18118083481112332,Treg cell
TRIM26,1.0284567240021662e-5,0.30493394183938055,0.239,0.205,0.18649005776331282,Treg cell
DDX5,1.0306610834246812e-5,-3.6586897257128825,0.935,0.935,0.18688977425739745,Treg cell
ACAA2,1.0412211614096984e-5,1.0009964676223029,0.179,0.155,0.1888046331984206,Treg cell
APOBEC3C,1.0821140373351084e-5,0.4013467393495507,0.298,0.264,0.19621973838997522,Treg cell
SEPTIN9,1.1044235944972413e-5,3.4624394587886442,0.808,0.794,0.20026513039018476,Treg cell
TMEM35B,1.1088127027334707e-5,0.22523165685085872,0.242,0.211,0.20106100738666025,Treg cell
LFNG,1.1460993729849829e-5,5.674956043814761,0.273,0.241,0.20782219930336696,Treg cell
PHF14,1.1605060468734629e-5,0.29417218062148764,0.252,0.223,0.21043456147956502,Treg cell
ITGB2,1.1699147099451996e-5,3.8231738163435054,0.621,0.595,0.21214063435436306,Treg cell
MINK1,1.1745915609187466e-5,1.388549860948598,0.549,0.535,0.21298868774139632,Treg cell
IKZF1,1.191805416231305e-5,6.844162764947114,0.868,0.852,0.21611007612522254,Treg cell
ELOVL5,1.1961194099977955e-5,3.245233528192368,0.604,0.587,0.21689233261490026,Treg cell
CYRIB,1.2186801902109873e-5,2.251416526573438,0.41,0.388,0.22098327889095834,Treg cell
REEP5,1.224372173205822e-5,-0.5738729406349172,0.381,0.348,0.2220154061674117,Treg cell
PACS1,1.2246968864461274e-5,-3.6983734137821846,0.638,0.604,0.2220742864192763,Treg cell
CTSC,1.2320425096244835e-5,2.1839334864272892,0.349,0.32,0.2234062682702076,Treg cell
EIF3A,1.2471367316933493e-5,-0.9843699857923989,0.632,0.609,0.22614330355795503,Treg cell
GNL2,1.3117520845690807e-5,0.3330726175668841,0.138,0.116,0.2378600054949114,Treg cell
EHBP1L1,1.3703063775472148e-5,0.26592772029270884,0.472,0.445,0.24847765544063646,Treg cell
VSIR,1.3940491220264465e-5,0.8322763354582183,0.369,0.337,0.25278292729705554,Treg cell
STK38,1.4070726299153258e-5,0.564209542050218,0.776,0.76,0.255144479982546,Treg cell
ATP2C1,1.4120537230365854e-5,1.6753068846385881,0.327,0.305,0.25604770159822404,Treg cell
CALHM2,1.4279331208131339e-5,0.4612177325382322,0.209,0.181,0.25892711279704556,Treg cell
AP1S2,1.4462276860880982e-5,0.8527801091060603,0.259,0.228,0.26224446631835485,Treg cell
NPC2,1.4491697613840007e-5,-1.506742543383235,0.257,0.226,0.26277795283176086,Treg cell
TTC39C,1.4517179716354723e-5,-9.546945013458611,0.739,0.705,0.2632400197966602,Treg cell
OTUB1,1.4863849558205953e-5,0.6191360047675754,0.343,0.319,0.26952618403894857,Treg cell
TPD52,1.499431334123704e-5,0.4579000205032444,0.07,0.051,0.27189188381665125,Treg cell
AGAP2,1.5038446081757998e-5,0.3760717244803502,0.309,0.275,0.2726921428005178,Treg cell
FH,1.5052518003504786e-5,0.5297512497290959,0.152,0.132,0.2729473089575523,Treg cell
CCT6A,1.5703347785033904e-5,0.18252928157802575,0.254,0.224,0.28474880538601977,Treg cell
CD3E,1.5814132836597148e-5,-7.140985628240827,0.905,0.889,0.2867576707260161,Treg cell
TNFRSF14,1.657289341772054e-5,0.2509884313840648,0.318,0.294,0.30051627634352657,Treg cell
SPAG7,1.6601277078538674e-5,1.2699045334322605,0.22,0.192,0.3010309572651418,Treg cell
CLEC2D,1.670506647928745e-5,-2.2379104868624076,0.845,0.829,0.30291297046891935,Treg cell
CDS2,1.6965965340077143e-5,0.27833004196156236,0.325,0.292,0.30764384951161883,Treg cell
NSF,1.7307872948822253e-5,0.24889844696852703,0.198,0.173,0.3138436601809939,Treg cell
WASHC3,1.8865103471527627e-5,0.6139550300144074,0.354,0.322,0.34208092124921047,Treg cell
SH3BGRL,2.009979149062074e-5,0.3984330374708014,0.613,0.585,0.3644695190994259,Treg cell
PSMB4,2.013720825795976e-5,-2.085723037658978,0.332,0.3,0.3651479973415843,Treg cell
ATG2B,2.032316583449148e-5,0.7610715929232279,0.242,0.211,0.368519966076834,Treg cell
NCKAP1L,2.0562473959794498e-5,-0.20166987229795552,0.493,0.46,0.37285934031295365,Treg cell
PPP3R1,2.0739580919802516e-5,-0.6641848105031842,0.484,0.452,0.376070820818779,Treg cell
LITAF,2.102031316993331e-5,-0.10203987296811512,0.654,0.626,0.3811613387104007,Treg cell
STK17B,2.1387707144885725e-5,8.523526305262326,0.907,0.893,0.38782329365821283,Treg cell
INPP5D,2.172588014544884e-5,0.9012299257031393,0.41,0.385,0.3939553846774238,Treg cell
ADAR,2.21158148594992e-5,3.3610811120210853,0.585,0.555,0.40102607084729897,Treg cell
TTC39B,2.2173486086703792e-5,0.25652095388064045,0.245,0.214,0.40207182321019985,Treg cell
GBP5,2.240424991091944e-5,10.43440148455609,0.714,0.692,0.4062562636347022,Treg cell
ORMDL1,2.3087448924875634e-5,0.5219011267743068,0.478,0.455,0.4186447113547699,Treg cell
ELK3,2.3140506878823455e-5,0.5331630197558374,0.171,0.15,0.4196068112337057,Treg cell
BIN1,2.3159251251970296e-5,-2.4073514386363204,0.586,0.561,0.4199467029519774,Treg cell
SH3KBP1,2.3460125788319084e-5,3.851269002451465,0.536,0.52,0.42540246091958994,Treg cell
ANKRD13D,2.3527746574289474e-5,-0.5896225032938518,0.385,0.349,0.426628628631591,Treg cell
SEPHS2,2.3827009050577457e-5,0.3658339700223491,0.187,0.163,0.432055155114121,Treg cell
RAP1A,2.3862493183455557e-5,5.304375166818092,0.67,0.639,0.43269858889559965,Treg cell
GLCCI1,2.426343930437932e-5,1.0055137576712334,0.374,0.345,0.4399689449063102,Treg cell
GIMAP6,2.438110122385844e-5,8.203133599730961,0.488,0.463,0.4421025084922251,Treg cell
SEL1L3,2.515114803528767e-5,0.2939879954528417,0.342,0.308,0.4560657673238713,Treg cell
STAM,2.5209406420374912e-5,-0.8980100726204325,0.613,0.581,0.4571221666206583,Treg cell
FKBP5,2.6186874244265265e-5,0.4644842330321386,0.291,0.269,0.47484659067126206,Treg cell
GNL1,2.6273710920771617e-5,0.424562967873246,0.271,0.245,0.47642120012635175,Treg cell
CDIPT,2.6375769456175934e-5,0.2697337745830456,0.405,0.373,0.47827182754883824,Treg cell
SYNE2,2.709550715190938e-5,4.79828977555464,0.859,0.851,0.4913228311855728,Treg cell
IL6R,2.7100847587401755e-5,0.4786935060015889,0.464,0.434,0.49141966930235603,Treg cell
BLTP1,2.737225776647342e-5,0.2684922925056199,0.368,0.336,0.49634115007946256,Treg cell
TIA1,2.781945940204939e-5,1.056826922083948,0.468,0.435,0.5044502573373616,Treg cell
ANXA11,2.795515116046973e-5,15.178389999896813,0.79,0.77,0.5069107559927977,Treg cell
TNIK,2.8047970822170244e-5,0.567706177662747,0.713,0.693,0.508593854918413,Treg cell
MCCC2,2.94457956094305e-5,1.3470264974105604,0.122,0.102,0.5339406117858032,Treg cell
NDUFA10,2.9466301567109404e-5,0.4910771788939201,0.432,0.398,0.5343124463163949,Treg cell
PSD4,2.9622223476851965e-5,0.5985760418817083,0.395,0.362,0.5371397783057567,Treg cell
NEK7,2.9687678137988254e-5,0.45226789945864754,0.388,0.362,0.538326667676141,Treg cell
SURF4,2.98905849056254e-5,0.27593874922397343,0.215,0.186,0.5420059760937054,Treg cell
UBE2E1,3.095556959694994e-5,0.3345988600909684,0.172,0.147,0.5613173435014932,Treg cell
FBXO45,3.150950852129698e-5,0.25805996167176914,0.098,0.078,0.5713619180166781,Treg cell
TAF10,3.2001359581048525e-5,0.43919999697182777,0.338,0.305,0.5802806532831529,Treg cell
ZBP1,3.2234211775199756e-5,0.249679288308148,0.217,0.19,0.5845029621196972,Treg cell
IKZF3,3.311546327769845e-5,-0.3044076950197159,0.564,0.53,0.600482695614506,Treg cell
SENP6,3.314276187525097e-5,1.2991166823470572,0.523,0.489,0.6009777010839259,Treg cell
C4orf3,3.3348265328526246e-5,3.772929199386585,0.581,0.561,0.6047040952021664,Treg cell
LIMD1,3.3838975718070965e-5,0.1620171167995474,0.272,0.244,0.6136021466957808,Treg cell
TAP2,3.4223384538782104e-5,-0.57758281971691,0.505,0.469,0.6205726318417359,Treg cell
MT-ND6,3.478586986305453e-5,0.44965661747323304,0.445,0.424,0.6307721782267678,Treg cell
PSMB2,3.605495921920927e-5,-0.3549420769783712,0.264,0.235,0.6537845755219217,Treg cell
MKRN2,3.6341146227185555e-5,0.20571687904500346,0.182,0.154,0.6589740045375557,Treg cell
TMEM9B,3.664649811736204e-5,0.5565629275267554,0.283,0.252,0.6645109503621259,Treg cell
SUN2,3.6862266009505886e-5,-4.069546581258301,0.895,0.885,0.6684234695503702,Treg cell
OCIAD2,3.6987374435522894e-5,-2.36660811846012,0.419,0.387,0.6706920606393366,Treg cell
ALDH9A1,3.71907321053834e-5,0.39345552200774847,0.223,0.197,0.6743795452669171,Treg cell
TMEM219,3.721385628839157e-5,0.31681086844641276,0.325,0.29,0.6747988560774043,Treg cell
JAK1,3.889047013286946e-5,1.352765793018671,0.784,0.758,0.7052008949193219,Treg cell
NAA60,3.919899855437652e-5,0.2471537403628309,0.206,0.178,0.7107954407865095,Treg cell
STK10,3.9670809007314e-5,-1.3795204438307005,0.629,0.596,0.7193507797296247,Treg cell
APOL3,4.016255154756279e-5,0.2517135568375016,0.27,0.239,0.7282675472119561,Treg cell
SEC11A,4.026034630666338e-5,1.0818278796984377,0.364,0.334,0.7300408595787271,Treg cell
WDR77,4.103284337326728e-5,0.223713363361829,0.181,0.156,0.7440485488874556,Treg cell
VAMP5,4.12556619728087e-5,0.1603265767351192,0.213,0.189,0.7480889185529401,Treg cell
APOBEC3G,4.193782069695351e-5,3.032269716563575,0.179,0.152,0.7604585026978581,Treg cell
LY6E,4.219451221105724e-5,-3.8562720581291803,0.416,0.384,0.765113089923101,Treg cell
RBM33,4.2367643112087573e-5,-0.9957132297348279,0.797,0.769,0.768252472551484,Treg cell
SP140L,4.259690498076843e-5,0.4610008207872729,0.403,0.379,0.7724096780162739,Treg cell
TMEM50A,4.2905050731766597e-5,0.522095269484101,0.482,0.447,0.7779972849191237,Treg cell
MCMBP,4.296349851444041e-5,-0.6909765044505997,0.323,0.29,0.7790571185623479,Treg cell
CCM2,4.418986234567302e-5,0.44224489944126444,0.49,0.461,0.8012947739140889,Treg cell
TES,4.464369591996231e-5,2.218087229361472,0.475,0.446,0.8095241381166766,Treg cell
POGLUT3,4.4886675833942e-5,0.4691959671631718,0.041,0.029,0.8139300928968703,Treg cell
CHMP4A,4.523259464269158e-5,1.7932360481662704,0.431,0.407,0.8202026386559265,Treg cell
PSMG2,4.527656176910085e-5,1.037879155372044,0.252,0.224,0.8209998945591056,Treg cell
PIP4K2A,4.588235825419156e-5,-0.5788722498354311,0.598,0.567,0.8319848022232557,Treg cell
AMACR,4.6132388220404776e-5,0.4539941501036622,0.038,0.026,0.8365185956005998,Treg cell
SELL,4.65460569155193e-5,23.84844964747694,0.884,0.879,0.8440196500491115,Treg cell
MED24,4.766829798572755e-5,0.14721003443084169,0.199,0.172,0.8643692473751976,Treg cell
CALM3,4.7828887026659125e-5,2.3071560712526944,0.479,0.457,0.8672812084544099,Treg cell
NOP10,4.7836789295991034e-5,0.3117824726758729,0.169,0.153,0.8674245003042054,Treg cell
CCDC90B,4.7907686478858954e-5,0.43764866755808507,0.172,0.151,0.8687100789211494,Treg cell
SLC25A3,4.946371490982981e-5,0.9535533588074565,0.393,0.365,0.8969255424599439,Treg cell
NR2C2,4.956638090456807e-5,0.102132285532409,0.273,0.241,0.8987871849425328,Treg cell
SLAMF6,4.968415589465372e-5,6.742432561429188,0.451,0.421,0.900922798837756,Treg cell
NDUFB7,5.0542217862458995e-5,0.37766141222806104,0.194,0.17,0.916482036499969,Treg cell
APAF1,5.07419473741982e-5,0.384337865902068,0.226,0.202,0.920103731736336,Treg cell
PCNX1,5.132733920587018e-5,0.27732061537168917,0.597,0.571,0.9307186418200439,Treg cell
TM9SF3,5.224518985868354e-5,0.5952397324671952,0.435,0.413,0.9473620277075087,Treg cell
BTN3A2,5.274234311220812e-5,1.4572582253916417,0.671,0.638,0.9563769076536698,Treg cell
RNF6,5.4177458127059495e-5,0.2943829161653554,0.2,0.172,0.9823998482179698,Treg cell
NME2,5.5293945321509935e-5,2.004652764259962,0.355,0.326,1,Treg cell
ESF1,5.557246215623627e-5,0.30385112001280956,0.136,0.114,1,Treg cell
CCR7,5.620074788811672e-5,11.331866076752268,0.51,0.498,1,Treg cell
HPGD,5.644118166654127e-5,27.716388890042243,0.187,0.159,1,Treg cell
DCTN2,5.674499470122328e-5,0.5503133013670696,0.282,0.26,1,Treg cell
RAC2,5.760811160402901e-5,5.45624111017106,0.72,0.697,1,Treg cell
EID1,5.7860794075373576e-5,1.8758307783396395,0.485,0.458,1,Treg cell
BCAP29,5.7880181160487444e-5,0.42953535094618656,0.122,0.105,1,Treg cell
NRDC,5.8947967811367265e-5,0.2344754131530249,0.404,0.37,1,Treg cell
TAGAP,5.905647844883628e-5,2.2742098397140573,0.731,0.707,1,Treg cell
SYF2,5.9436857427859526e-5,1.9980859613924835,0.384,0.356,1,Treg cell
MBNL1,5.963733077665426e-5,-4.643455138235657,0.758,0.741,1,Treg cell
SHLD2,6.043155437832625e-5,0.6363749018827982,0.281,0.261,1,Treg cell
TOX4,6.09929434449024e-5,0.5025490568101991,0.317,0.29,1,Treg cell
EEF1G,6.275366334555656e-5,7.485021240417716,0.915,0.901,1,Treg cell
DOCK11,6.291775756180507e-5,0.5823495082145396,0.675,0.668,1,Treg cell
FBXO7,6.407771166140437e-5,0.5144573523857203,0.422,0.391,1,Treg cell
PREX1,6.40922770706992e-5,0.8792062848744409,0.433,0.41,1,Treg cell
MAPK1,6.453943169681688e-5,0.5790437582686947,0.464,0.439,1,Treg cell
DPP8,6.457379267315004e-5,0.22398916366791444,0.249,0.222,1,Treg cell
MPRIP,6.612943209446386e-5,0.10177677105584304,0.447,0.415,1,Treg cell
DTX3L,6.644092036282764e-5,-0.23075906016306935,0.308,0.279,1,Treg cell
PDHB,7.014519091531524e-5,0.47353909369535396,0.3,0.276,1,Treg cell
SPPL2A,7.151956089035522e-5,0.6239040295920496,0.267,0.245,1,Treg cell
B4GALT3,7.160810739874504e-5,0.4141025245706923,0.232,0.208,1,Treg cell
NIT2,7.343730708138438e-5,0.28293571262806316,0.178,0.156,1,Treg cell
ICAM3,7.368039228989192e-5,0.11580284006777286,0.466,0.431,1,Treg cell
SLC38A10,7.42904350020392e-5,0.38222305104497445,0.28,0.25,1,Treg cell
CASP2,7.441922204681582e-5,0.22003389640836346,0.371,0.345,1,Treg cell
ANKLE2,7.466610306442592e-5,0.26866924382075136,0.331,0.3,1,Treg cell
NUMA1,7.523542287671397e-5,0.5758368849482718,0.653,0.631,1,Treg cell
CRTAP,7.571623503440308e-5,0.18912792632198855,0.281,0.25,1,Treg cell
GPBP1,7.780519698039515e-5,0.4839638500477079,0.564,0.541,1,Treg cell
TATDN2,7.828737810199503e-5,0.22751666969729345,0.394,0.362,1,Treg cell
H3-3A,7.905424725627187e-5,1.1693922908195935,0.591,0.568,1,Treg cell
ARPC2,7.932644159397286e-5,3.2480784150116944,0.412,0.385,1,Treg cell
TNFSF12,7.956527133477315e-5,0.49359504183491915,0.283,0.257,1,Treg cell
SP100,7.981808297428982e-5,8.291757589104321,0.589,0.567,1,Treg cell
PKIA,8.149871165292521e-5,0.7424004852385144,0.256,0.227,1,Treg cell
PTPRC,8.193216406208221e-5,-1.2166767198340889,0.709,0.69,1,Treg cell
MAN2B1,8.216219977302579e-5,0.9480328554115516,0.314,0.285,1,Treg cell
CCDC12,8.399542312206928e-5,0.2528435492274187,0.217,0.19,1,Treg cell
TMPPE,8.469859177842374e-5,0.5527428117640021,0.039,0.027,1,Treg cell
MSL2,8.548029797802896e-5,0.10143085170730881,0.558,0.529,1,Treg cell
UBL7,8.607417077957778e-5,0.3967028714044635,0.244,0.224,1,Treg cell
COPE,8.624305516111555e-5,0.29948238445415504,0.243,0.22,1,Treg cell
NBR1,8.624640380734887e-5,0.32031032134625237,0.415,0.382,1,Treg cell
ELP6,8.655953520939015e-5,0.19734002194075861,0.117,0.097,1,Treg cell
ATP2A3,8.665519403426517e-5,1.593220020411775,0.575,0.555,1,Treg cell
OGDH,8.709460190853723e-5,1.5292335940559716,0.441,0.413,1,Treg cell
MTF2,8.784258812869306e-5,0.36504899200266994,0.191,0.171,1,Treg cell
LBH,8.830411667202221e-5,8.941061183129243,0.715,0.689,1,Treg cell
RAB4B,8.911511969853207e-5,0.7729415943502992,0.217,0.196,1,Treg cell
SH3BP1,8.982140756205804e-5,3.554570691432127,0.431,0.397,1,Treg cell
LAMTOR4,9.097058714224512e-5,1.0890993901885762,0.525,0.501,1,Treg cell
ATRAID,9.178846956306844e-5,0.43941482899836387,0.272,0.25,1,Treg cell
TNKS2,9.47967289544985e-5,0.12616439038303795,0.359,0.326,1,Treg cell
COMMD3,9.499028051277323e-5,0.5267003984346221,0.148,0.131,1,Treg cell
DIS3L,9.685140190082558e-5,0.3287871653487341,0.198,0.177,1,Treg cell
NAAA,9.819132090577684e-5,0.1993412590259318,0.377,0.343,1,Treg cell
UBA3,9.845237270681348e-5,0.4375565512899722,0.431,0.412,1,Treg cell
BRMS1,1.0048956884023546e-4,0.5045664752048752,0.248,0.221,1,Treg cell
RALY,1.0077104887525934e-4,0.24705183494963623,0.201,0.185,1,Treg cell
PSMA2,1.0104298733512325e-4,0.8414660670661088,0.202,0.179,1,Treg cell
GBP1,1.0215356331966007e-4,-2.9188359588659623,0.309,0.284,1,Treg cell
RNF213,1.0328617127821478e-4,-0.8355119913277589,0.576,0.554,1,Treg cell
PPP4C,1.0367365605885017e-4,0.7220394303168569,0.409,0.384,1,Treg cell
LIX1L,1.0418103636438322e-4,0.6400931634802374,0.437,0.404,1,Treg cell
PIH1D1,1.044384213346277e-4,0.28883035601758433,0.252,0.224,1,Treg cell
SMG5,1.0513784407855996e-4,0.3332142211068333,0.246,0.219,1,Treg cell
NIBAN1,1.0517517294957053e-4,4.5112654995245345,0.315,0.286,1,Treg cell
IFI6,1.0529584376385337e-4,-40.42645959524302,0.291,0.263,1,Treg cell
CAPG,1.0607312751062684e-4,0.7122636166400147,0.091,0.073,1,Treg cell
RRP1B,1.0608729997704548e-4,0.5715611628052938,0.27,0.246,1,Treg cell
CDK9,1.0785621299404777e-4,0.33140539300672756,0.293,0.264,1,Treg cell
SASH3,1.097208990867999e-4,-4.115421279994148,0.479,0.444,1,Treg cell
CCND2,1.0991502008701485e-4,1.610517649185085,0.482,0.456,1,Treg cell
OGT,1.1134289854583911e-4,11.273789834539679,0.821,0.806,1,Treg cell
LINC02694,1.1221194440000446e-4,2.71542026384703,0.267,0.233,1,Treg cell
MSI2,1.1231241508702145e-4,0.45742050676317114,0.375,0.344,1,Treg cell
GLYR1,1.1271424279834967e-4,0.4078442218652434,0.158,0.138,1,Treg cell
VAMP8,1.1476993554325185e-4,-5.159333988847989,0.566,0.537,1,Treg cell
COQ5,1.151204745670112e-4,0.4062132029331731,0.088,0.072,1,Treg cell
ASXL1,1.1546126306003649e-4,3.032572498237946,0.628,0.605,1,Treg cell
VOPP1,1.168350357391556e-4,0.3619383520381103,0.296,0.266,1,Treg cell
GPSM3,1.1705177595163155e-4,8.160080794778203,0.617,0.608,1,Treg cell
DOCK10,1.181134520576002e-4,0.722323797976022,0.547,0.515,1,Treg cell
UHMK1,1.1918172200619774e-4,1.1458002399085916,0.555,0.526,1,Treg cell
KLF13,1.2021177948274711e-4,0.3451905852573749,0.371,0.343,1,Treg cell
HNRNPLL,1.2053985669946653e-4,-1.7335806956310735,0.424,0.394,1,Treg cell
TBCB,1.2076607959720538e-4,0.8930365360479331,0.402,0.37,1,Treg cell
CCNG2,1.222975037317179e-4,2.7242740088087882,0.338,0.311,1,Treg cell
LAMTOR2,1.2241698051389027e-4,0.9688608704208785,0.187,0.172,1,Treg cell
PRXL2B,1.246359164017978e-4,0.2713145236311445,0.06,0.046,1,Treg cell
UBLCP1,1.255017337955051e-4,0.4065746148249193,0.285,0.261,1,Treg cell
EIF4E2,1.2597895419175909e-4,0.18779043211423363,0.273,0.247,1,Treg cell
NRROS,1.288187881966896e-4,0.939943976092413,0.121,0.101,1,Treg cell
MAP2K2,1.3029517661303672e-4,0.6551460279986361,0.369,0.35,1,Treg cell
NDUFAB1,1.3062097591683554e-4,0.4262540727455859,0.232,0.21,1,Treg cell
RAB27A,1.3288434563710403e-4,0.30453454913944356,0.296,0.269,1,Treg cell
ATP6V0E1,1.3299336341381294e-4,0.20058233208581222,0.455,0.425,1,Treg cell
NDUFS1,1.3395016533317153e-4,0.412115619927953,0.196,0.171,1,Treg cell
GIMAP2,1.344603779186994e-4,10.060982088633287,0.601,0.578,1,Treg cell
ELF1,1.3515592157364195e-4,1.7042399049428179,0.667,0.642,1,Treg cell
TAPBP,1.3567020552270544e-4,4.760239616193443,0.776,0.755,1,Treg cell
PHTF2,1.3845261067944024e-4,1.383944617100849,0.359,0.326,1,Treg cell
PMAIP1,1.3969144773654145e-4,-4.507843993268287,0.244,0.251,1,Treg cell
BICRAL,1.4111290034390751e-4,-0.1394991897964506,0.367,0.346,1,Treg cell
CTSB,1.4162775114992057e-4,1.0287883843138848,0.332,0.302,1,Treg cell
KLHL21,1.4164097938844296e-4,0.34985881793112295,0.199,0.172,1,Treg cell
SYNJ1,1.418089668696965e-4,0.4074103721108133,0.082,0.066,1,Treg cell
CUL3,1.4241428387049622e-4,-3.576440210269075,0.442,0.416,1,Treg cell
CD5,1.445636307016541e-4,-11.598643253107838,0.673,0.651,1,Treg cell
PPT1,1.4583081282903572e-4,0.387947952885534,0.331,0.306,1,Treg cell
KDM5B,1.471887955444679e-4,0.37826142661562173,0.214,0.19,1,Treg cell
B4GALT1,1.4770255105391055e-4,-0.17030329442475356,0.426,0.403,1,Treg cell
PCYT2,1.4845940427478713e-4,0.29042534345206805,0.109,0.09,1,Treg cell
EFR3A,1.4856359527537548e-4,0.371348284442396,0.297,0.267,1,Treg cell
CARNS1,1.5055079323418675e-4,0.5519259897672129,0.054,0.041,1,Treg cell
DRAP1,1.5165461355242182e-4,1.4366043547633085,0.464,0.438,1,Treg cell
IFITM2,1.5209588286147957e-4,0.3103232402057098,0.224,0.197,1,Treg cell
HMGN4,1.5315973009259813e-4,0.7091642641370401,0.381,0.373,1,Treg cell
EVI2A,1.5883624442200305e-4,1.329840584945559,0.505,0.471,1,Treg cell
FAM32A,1.59066544483306e-4,0.9118300640716142,0.276,0.26,1,Treg cell
NEDD8,1.6018765276911567e-4,0.777627906179345,0.292,0.263,1,Treg cell
INTS13,1.6019572458799618e-4,0.4506411733885355,0.2,0.175,1,Treg cell
NDFIP1,1.6144024976808398e-4,-0.19394450625496784,0.589,0.559,1,Treg cell
CCT4,1.6213654280476731e-4,0.18706845347982304,0.249,0.222,1,Treg cell
TRAPPC5,1.627702238781596e-4,0.46129781633592154,0.283,0.253,1,Treg cell
MAPK14,1.6284689457296748e-4,0.347609833490543,0.362,0.336,1,Treg cell
ATP6V0B,1.637273962211927e-4,0.32829050684573224,0.197,0.177,1,Treg cell
PIK3R5,1.6509782010379613e-4,1.2481243034134968,0.357,0.335,1,Treg cell
ATP5MC3,1.6552452138517203e-4,0.9010498182423513,0.202,0.179,1,Treg cell
TUBGCP3,1.659904837875001e-4,0.3362351695703629,0.149,0.132,1,Treg cell
PPIE,1.6957929095698116e-4,0.20534824477350216,0.231,0.205,1,Treg cell
DCUN1D5,1.6994108869593046e-4,0.3055803239108461,0.134,0.12,1,Treg cell
RAB35,1.7086619540856372e-4,0.43269060291136757,0.301,0.273,1,Treg cell
DAZAP2,1.7271494666253956e-4,0.5452568869326626,0.666,0.645,1,Treg cell
UBE2Z,1.7279136083814942e-4,0.44745767086209703,0.258,0.231,1,Treg cell
SSR2,1.7293617607719446e-4,-0.4184501717531992,0.66,0.631,1,Treg cell
SRPK2,1.7447266551340703e-4,1.735366783276806,0.331,0.303,1,Treg cell
DOK2,1.7480535706148568e-4,-3.550808713243489,0.541,0.512,1,Treg cell
RBM3,1.7557853232284533e-4,0.11600018965760528,0.12,0.099,1,Treg cell
DEF6,1.7662597486065848e-4,0.13932910720997294,0.506,0.479,1,Treg cell
AP3S2,1.7678178202044478e-4,0.31603621794906656,0.168,0.153,1,Treg cell
ETFB,1.7806926177877253e-4,0.31456239660901375,0.191,0.166,1,Treg cell
DAPP1,1.8014021780699197e-4,0.7715978875965088,0.188,0.163,1,Treg cell
ADD1,1.892483836124698e-4,0.9868123129006392,0.585,0.564,1,Treg cell
SBF1,1.9003967392725526e-4,0.346372101377523,0.343,0.319,1,Treg cell
NDUFS2,1.9126738550619179e-4,0.5426046062494206,0.235,0.217,1,Treg cell
CHCHD2,1.9136322221231745e-4,-1.5901810780935193,0.39,0.361,1,Treg cell
GIPC1,1.929734232606932e-4,0.459416462957313,0.138,0.117,1,Treg cell
STX8,1.9549299356636754e-4,0.2779367277210506,0.201,0.175,1,Treg cell
PRF1,1.965139217667376e-4,15.677864417009948,0.228,0.2,1,Treg cell
GBP3,1.9657547922378587e-4,0.2935408084732968,0.22,0.193,1,Treg cell
ITPR1,1.9874118886231695e-4,0.5833024606110258,0.195,0.173,1,Treg cell
CD82,1.9919812589410725e-4,-0.4052207665791798,0.267,0.238,1,Treg cell
FUT8,2.0029097632764413e-4,0.6046440341663325,0.201,0.176,1,Treg cell
NOP14,2.011218156457871e-4,0.3018836982392997,0.258,0.233,1,Treg cell
TADA2B,2.0545869253776867e-4,0.3910470299493293,0.2,0.181,1,Treg cell
CISD2,2.0622460629086476e-4,0.39449141195030246,0.149,0.133,1,Treg cell
SNX1,2.064680265191015e-4,3.0360799570271015,0.518,0.488,1,Treg cell
PTTG1IP,2.072191897372085e-4,0.33352582535467074,0.257,0.235,1,Treg cell
RMND5A,2.1001433803947316e-4,0.6832992892496491,0.321,0.297,1,Treg cell
TSG101,2.1035440540828894e-4,0.31336855523218365,0.188,0.165,1,Treg cell
HDAC8,2.1084755101740142e-4,0.35084348033167156,0.17,0.148,1,Treg cell
TNFRSF1B,2.11430967476185e-4,-1.917685958972676,0.482,0.453,1,Treg cell
DCK,2.1247532866784592e-4,0.6012690559323688,0.471,0.443,1,Treg cell
GSK3A,2.1435008905004252e-4,0.4378354053122925,0.222,0.201,1,Treg cell
TYMS,2.1474234727249708e-4,4.962740864608663,0.022,0.015,1,Treg cell
RIPK1,2.1480226100767063e-4,0.3152935295738106,0.209,0.188,1,Treg cell
AQP3,2.172859329043628e-4,8.98642569280004,0.38,0.351,1,Treg cell
CST7,2.1755476633447e-4,5.5845493676254225,0.22,0.193,1,Treg cell
ZC2HC1A,2.177332557944317e-4,-0.2193052422483306,0.16,0.137,1,Treg cell
CASP3,2.1852682437143738e-4,0.6955823641873733,0.219,0.195,1,Treg cell
STAU1,2.2037670139986494e-4,0.2996192517579491,0.368,0.336,1,Treg cell
POLR2G,2.2155468681558777e-4,0.5595855084130277,0.289,0.261,1,Treg cell
CDC16,2.217272808310395e-4,0.48520436348809115,0.25,0.226,1,Treg cell
GTF3C5,2.2605615595320232e-4,0.12206816807412668,0.11,0.093,1,Treg cell
NONO,2.2646414191491128e-4,0.23316297550974674,0.339,0.314,1,Treg cell
MYD88,2.2956417837980165e-4,0.14786723906056598,0.289,0.263,1,Treg cell
CHP1,2.3080419759955072e-4,0.5696777903323796,0.151,0.132,1,Treg cell
PPP1CA,2.3130165932641034e-4,4.1739393243528475,0.387,0.364,1,Treg cell
CAB39,2.334856256865091e-4,-0.247180934423191,0.503,0.472,1,Treg cell
COX4I1,2.354424101643558e-4,2.1633178464707385,0.598,0.584,1,Treg cell
BAX,2.390364038635165e-4,9.717502963257827,0.421,0.404,1,Treg cell
KCNAB2,2.40037552980621e-4,0.6407053722321403,0.471,0.453,1,Treg cell
TIMM23,2.4018471732088458e-4,0.3580700227719802,0.176,0.153,1,Treg cell
ZDHHC23,2.4082329623235333e-4,0.7818950418382427,0.021,0.013,1,Treg cell
GABARAP,2.413505291977188e-4,0.49021403264331864,0.498,0.466,1,Treg cell
USP20,2.451250033823757e-4,0.15306257909524318,0.296,0.266,1,Treg cell
RASSF2,2.4554349304947443e-4,1.180532371057427,0.157,0.14,1,Treg cell
CAPN1,2.4614598283124393e-4,-4.114398747784181,0.38,0.362,1,Treg cell
PPP1R3F,2.462673922734014e-4,0.3725254830747289,0.103,0.087,1,Treg cell
ANAPC16,0.00024720780666568623,0.1983260316157356,0.582,0.553,1,Treg cell
NSUN2,2.477424413843881e-4,0.29422564034068216,0.234,0.212,1,Treg cell
PARP15,2.5005387742452396e-4,0.7662708351597625,0.399,0.37,1,Treg cell
GDI1,2.5283534815321196e-4,0.43544810542935175,0.442,0.417,1,Treg cell
PLA2G6,2.567214286720976e-4,0.23893977479399897,0.164,0.141,1,Treg cell
VPS39,2.5674407752551356e-4,0.16821997912091297,0.318,0.288,1,Treg cell
PRCC,2.597227605763146e-4,1.0702012032014943,0.182,0.158,1,Treg cell
BTN3A1,2.60069706499081e-4,0.2911346017037518,0.266,0.245,1,Treg cell
PCCB,2.6302627696369826e-4,0.5979378342531283,0.069,0.054,1,Treg cell
RAB40C,2.6482752079790434e-4,0.4920457936993379,0.055,0.045,1,Treg cell
ITM2C,2.6645734944196386e-4,1.4890140506414369,0.16,0.144,1,Treg cell
TBC1D17,2.678931950159622e-4,0.18155976818906128,0.182,0.159,1,Treg cell
ITGAL,2.684591399629489e-4,-8.334708219666226,0.683,0.664,1,Treg cell
TSHR,2.708818518503255e-4,-0.5961899026660499,0.068,0.053,1,Treg cell
TRAF5,2.710885985132967e-4,0.2590787457141504,0.35,0.327,1,Treg cell
STK24,2.7234281715103576e-4,0.9192103281922854,0.471,0.443,1,Treg cell
CD79B,2.7423614017949775e-4,0.1712981060425734,0.154,0.132,1,Treg cell
PPM1M,2.747384469844504e-4,0.10433280842009765,0.211,0.191,1,Treg cell
CPT1A,2.7568390426544674e-4,0.3653201609905037,0.052,0.04,1,Treg cell
GLG1,2.7578191140717603e-4,0.13212029216084575,0.393,0.37,1,Treg cell
TPM4,2.764240970063747e-4,1.7969004224307312,0.316,0.303,1,Treg cell
NUCKS1,2.793746083397071e-4,2.0862112904304513,0.301,0.277,1,Treg cell
EFHD2,2.8086634786606576e-4,4.024628076922431,0.407,0.389,1,Treg cell
HERC5,2.8337363206785195e-4,11.462630997640229,0.154,0.135,1,Treg cell
CD7,2.863772900731004e-4,-0.23354673677705806,0.386,0.353,1,Treg cell
KDSR,2.8827670228673177e-4,0.5438671602657038,0.191,0.166,1,Treg cell
ARHGEF6,2.9064276914345685e-4,-0.6337590534980544,0.462,0.43,1,Treg cell
ARHGDIA,2.93313651152339e-4,-0.5090879854292092,0.391,0.361,1,Treg cell
CALM1,2.949840722138101e-4,2.320506287053293,0.646,0.624,1,Treg cell
UBE2J1,2.9797457368455836e-4,2.7138997321962135,0.306,0.277,1,Treg cell
CERK,3.0379767574986526e-4,0.7332566413519463,0.42,0.39,1,Treg cell
RSPRY1,3.0754433869847295e-4,0.448619725076284,0.147,0.133,1,Treg cell
CTSD,3.141141153112286e-4,0.3611564282763928,0.178,0.154,1,Treg cell
USP9X,3.1504228959306353e-4,0.9623192092570332,0.492,0.461,1,Treg cell
CTDSP1,3.166658733257211e-4,-0.2634415813625606,0.441,0.41,1,Treg cell
ADGRE5,3.167297392604424e-4,2.3702250546445045,0.613,0.59,1,Treg cell
CLSTN1,3.186584974693241e-4,0.8385759719632229,0.443,0.413,1,Treg cell
RABEPK,3.1866676160754304e-4,0.23034994830060374,0.077,0.06,1,Treg cell
TUBA4A,3.2089521451315114e-4,0.9537327942463917,0.328,0.306,1,Treg cell
CDKN2D,3.2389364985118806e-4,0.3737084339367852,0.205,0.18,1,Treg cell
HNRNPC,3.244257700981396e-4,0.4999899820664768,0.458,0.43,1,Treg cell
IL27RA,3.2624994445573993e-4,0.16386437756860817,0.306,0.279,1,Treg cell
OSTC,3.267452716598243e-4,0.30923058238506185,0.143,0.121,1,Treg cell
SLC20A1,3.281282576383335e-4,0.1497678864605022,0.301,0.276,1,Treg cell
IFFO2,3.303850567624015e-4,0.34795252808352295,0.327,0.297,1,Treg cell
ACSL5,3.304959625298598e-4,0.31405762538071624,0.302,0.272,1,Treg cell
SMS,3.3176965199414676e-4,1.1233687176103964,0.261,0.232,1,Treg cell
PKM,3.324490257055478e-4,0.20860293539465186,0.236,0.211,1,Treg cell
PRKCQ,3.3264884956256635e-4,0.6821476363679375,0.525,0.502,1,Treg cell
MAPKAPK2,3.3600033141695403e-4,0.3825781350074784,0.388,0.365,1,Treg cell
PCSK7,3.384922709090012e-4,0.40411457000003503,0.547,0.522,1,Treg cell
RHOG,3.404941171986905e-4,1.1676055150073683,0.502,0.474,1,Treg cell
LUC7L2,3.4227441395515e-4,0.42318631773909843,0.545,0.523,1,Treg cell
PRKAG1,3.4283431901016624e-4,0.4384856223987491,0.141,0.121,1,Treg cell
NDUFA4,3.432742487744565e-4,2.5648799852684436,0.462,0.436,1,Treg cell
ACSL4,3.445053372626155e-4,0.40831980068790574,0.231,0.207,1,Treg cell
PSMD9,3.448421497301387e-4,0.45182859072232007,0.217,0.193,1,Treg cell
HDAC4,3.468858920834923e-4,0.3082142771494375,0.262,0.236,1,Treg cell
PSMB10,3.481463882309326e-4,1.475541236098075,0.413,0.389,1,Treg cell
TMEM126B,3.490449028028437e-4,1.0581483477667024,0.221,0.201,1,Treg cell
PSMD11,3.499728193889638e-4,0.17814205123844928,0.115,0.097,1,Treg cell
SH3BP5,3.521073616274635e-4,0.38435214522364536,0.29,0.281,1,Treg cell
ARRB2,3.558106811174968e-4,1.9856808813864468,0.5,0.482,1,Treg cell
DCAF8,3.5950416485245197e-4,0.22655567550388767,0.364,0.338,1,Treg cell
BSG,3.598646209169801e-4,0.21647271016258773,0.203,0.178,1,Treg cell
ST6GALNAC6,3.6266289870755925e-4,-0.7214974505905163,0.401,0.377,1,Treg cell
RIPOR2,3.656889286202871e-4,7.079590500361686,0.821,0.804,1,Treg cell
DCTN3,3.694717879390332e-4,0.2008696322541892,0.158,0.14,1,Treg cell
RTP4,3.706533524670836e-4,0.17679890792122732,0.069,0.054,1,Treg cell
ZBTB38,3.7388942516844437e-4,0.4094999959623916,0.328,0.304,1,Treg cell
CLASP1,3.7770719095393693e-4,0.14969649187227319,0.175,0.152,1,Treg cell
HGS,3.779233769543565e-4,0.2267078755288643,0.372,0.342,1,Treg cell
SUMF2,3.820996867778138e-4,0.21420414528337106,0.367,0.338,1,Treg cell
USP15,3.840681545185598e-4,-1.6893983213707155,0.794,0.794,1,Treg cell
ANXA4,3.8475137626307394e-4,0.3185926709063953,0.09,0.072,1,Treg cell
DERA,3.8526995472089125e-4,0.520188103226348,0.088,0.072,1,Treg cell
TMCO1,3.8672021003862686e-4,1.127294551600368,0.464,0.435,1,Treg cell
GLMP,3.8730962932212747e-4,0.3114376246017527,0.053,0.041,1,Treg cell
ENO1,3.925400743974472e-4,1.3875162635637048,0.384,0.359,1,Treg cell
PSMG3,3.9329432340506665e-4,0.44803981158156203,0.155,0.136,1,Treg cell
S100A11,3.9554646019724477e-4,-0.3811248583842932,0.287,0.259,1,Treg cell
HMOX2,3.981248995687794e-4,0.14700933320624476,0.236,0.209,1,Treg cell
GPATCH4,3.9991077133049607e-4,0.16776004697167002,0.113,0.095,1,Treg cell
EPSTI1,4.1093553145290335e-4,1.0005766697234888,0.29,0.27,1,Treg cell
SGTB,4.11476497079168e-4,0.2332635862339434,0.353,0.331,1,Treg cell
HIRIP3,4.1206269403773076e-4,0.4616347433168917,0.06,0.049,1,Treg cell
MPHOSPH9,4.145526773842584e-4,0.11920941662122181,0.322,0.298,1,Treg cell
CAND1,4.181277396744443e-4,0.17364562692451302,0.39,0.363,1,Treg cell
PTPRE,4.183675944529209e-4,0.23756163752891912,0.178,0.155,1,Treg cell
NRAS,4.198642328156926e-4,1.1151395976016407,0.217,0.195,1,Treg cell
PLSCR3,4.2377921545357777e-4,2.558491496004925,0.419,0.393,1,Treg cell
SEPTIN6,4.266204563915654e-4,7.976520804773227,0.768,0.746,1,Treg cell
MKNK2,4.2809312003138793e-4,3.340531266116866,0.508,0.478,1,Treg cell
RAB1B,4.303438005775877e-4,1.9981505821410388,0.28,0.257,1,Treg cell
ALOX5AP,4.326335231603441e-4,-9.813922923686611,0.344,0.315,1,Treg cell
COPA,4.3295438546199255e-4,0.5962024158666397,0.315,0.292,1,Treg cell
SMAP1,4.356697206280262e-4,0.6059730347986776,0.222,0.203,1,Treg cell
HERC4,4.387027276837939e-4,0.6880847651533846,0.429,0.403,1,Treg cell
CPOX,4.393902163659493e-4,0.4271934265297497,0.12,0.1,1,Treg cell
MTMR1,4.40683886333792e-4,0.18128501648546888,0.294,0.269,1,Treg cell
SCP2,4.4376729376844964e-4,0.16928817600126256,0.403,0.373,1,Treg cell
DEDD,4.494478196642208e-4,0.13840094441299522,0.214,0.189,1,Treg cell
USP34,4.497664802806091e-4,0.24360915287650364,0.571,0.544,1,Treg cell
CRNKL1,4.522785872143808e-4,0.316303271730181,0.15,0.13,1,Treg cell
LAT,4.5307398890266393e-4,1.70655389368594,0.533,0.513,1,Treg cell
COX7A2L,4.592345009378949e-4,1.1922077257088854,0.264,0.249,1,Treg cell
MCRS1,4.59300336068927e-4,0.26702398000324684,0.259,0.232,1,Treg cell
GTF2A2,4.670754085502893e-4,0.31858903237028685,0.267,0.24,1,Treg cell
MGAT1,4.694422948129627e-4,-0.6629947207000895,0.351,0.322,1,Treg cell
MIOS,4.7487750931639593e-4,0.11165980277087628,0.182,0.161,1,Treg cell
CALCOCO1,4.749427508194891e-4,0.18452243062083593,0.288,0.261,1,Treg cell
IL2RA,4.7858282674157675e-4,33.55725948660749,0.466,0.441,1,Treg cell
EXOC2,4.828487188849314e-4,0.558676537876627,0.398,0.373,1,Treg cell
ATP5F1E,4.843426973585403e-4,0.5512690164570956,0.331,0.306,1,Treg cell
MICAL1,4.8539338397076494e-4,0.3608300599848221,0.338,0.313,1,Treg cell
DPAGT1,4.894994598689238e-4,0.17363055873001088,0.052,0.041,1,Treg cell
LCK,4.90759822389286e-4,0.1320833026071906,0.568,0.54,1,Treg cell
DHX36,4.940849500298776e-4,0.11652178751545195,0.342,0.315,1,Treg cell
AGTPBP1,4.942274159754129e-4,0.3607249743442058,0.401,0.378,1,Treg cell
ERCC6L2,4.954308575184142e-4,0.25798185879834357,0.288,0.264,1,Treg cell
ADSS2,4.979071878225186e-4,0.3967450842292466,0.372,0.347,1,Treg cell
HMGN1,5.013241369317327e-4,-4.413764268946013,0.41,0.38,1,Treg cell
ANKIB1,5.032294951262566e-4,0.4852330228609121,0.185,0.165,1,Treg cell
DYNC1I2,5.03527100821525e-4,0.4661862565072638,0.295,0.272,1,Treg cell
PARP14,5.060815907314227e-4,-0.3052042503734129,0.428,0.398,1,Treg cell
CHST12,5.074549947336894e-4,0.2896553869681038,0.159,0.138,1,Treg cell
ITPR2,5.08458788078955e-4,0.10209773254233445,0.337,0.31,1,Treg cell
TRAPPC3,5.08631918151782e-4,0.5571172887131862,0.272,0.245,1,Treg cell
MPST,5.11282173083126e-4,0.7101562300514694,0.058,0.046,1,Treg cell
SLC38A2,5.115878906095313e-4,1.6728347356993263,0.313,0.29,1,Treg cell
FAM3A,5.128489936034855e-4,0.3196204366636777,0.093,0.078,1,Treg cell
RANBP9,5.135499455989212e-4,0.6591477622873378,0.448,0.418,1,Treg cell
BROX,5.179091014598921e-4,0.16060869497459238,0.251,0.226,1,Treg cell
ELMO1,5.205728513480593e-4,1.4238818796292998,0.33,0.31,1,Treg cell
KPNA3,5.228359067089864e-4,0.2119092043737143,0.215,0.193,1,Treg cell
AKAP17A,5.231146101790389e-4,0.4820329848278946,0.372,0.354,1,Treg cell
TRAM1,5.249437591175542e-4,0.34229653861208753,0.639,0.613,1,Treg cell
NDUFC2,5.280022556879498e-4,4.186194442702352,0.169,0.15,1,Treg cell
SNX14,5.433397210017843e-4,0.39558288179016665,0.317,0.293,1,Treg cell
TC2N,5.441135416689184e-4,0.3252240709781624,0.547,0.535,1,Treg cell
DUSP16,5.445637169751207e-4,4.479872833261458,0.495,0.463,1,Treg cell
SURF2,5.466933403552006e-4,0.24236064929202472,0.081,0.065,1,Treg cell
STX18,5.528708915033715e-4,0.18923270056774477,0.038,0.031,1,Treg cell
TSR3,5.547325477462848e-4,0.19147699748613856,0.235,0.21,1,Treg cell
EXOSC10,5.558836222295869e-4,0.22158167663489947,0.25,0.225,1,Treg cell
E2F2,5.577880811721363e-4,0.373957372117776,0.042,0.03,1,Treg cell
WDR11,5.601066216649621e-4,0.379965162910454,0.181,0.16,1,Treg cell
SNRPE,5.693379144985984e-4,0.37728221922686556,0.229,0.208,1,Treg cell
MRFAP1L1,5.7028102494193e-4,0.40978904977614095,0.281,0.258,1,Treg cell
NEDD4L,5.713987220694276e-4,1.0449325388421786,0.062,0.048,1,Treg cell
TMEM30A,5.765892253294823e-4,0.3165732750315149,0.181,0.158,1,Treg cell
CCDC124,5.811645915722466e-4,0.25342162131848456,0.157,0.135,1,Treg cell
FAM241A,5.843818600791125e-4,0.6287287533185976,0.117,0.097,1,Treg cell
TNFRSF1A,5.85843568588827e-4,0.4357413512132877,0.31,0.285,1,Treg cell
PPP1R7,5.871859438295309e-4,0.20994151448638276,0.338,0.314,1,Treg cell
ATP6V1E1,5.914830123794623e-4,0.6934404930253574,0.344,0.318,1,Treg cell
GARS1,5.930500950837664e-4,0.3540274192715138,0.092,0.076,1,Treg cell
EIF4H,5.942854681461069e-4,0.9465672869996666,0.424,0.41,1,Treg cell
GLRX3,5.998105558126409e-4,0.21670388004965258,0.306,0.278,1,Treg cell
SCRIB,6.012507117058908e-4,0.34012829281319035,0.135,0.118,1,Treg cell
RGP1,6.035096912653865e-4,0.35520668055697036,0.181,0.162,1,Treg cell
PPIA,6.066264129364707e-4,0.1656349627175464,0.406,0.376,1,Treg cell
LGALS3,6.088265207007811e-4,-3.184626491047406,0.264,0.232,1,Treg cell
ZNF200,6.125300911615589e-4,0.22683111997045335,0.079,0.064,1,Treg cell
CD86,6.128137096573763e-4,-0.19881728169229884,0.01,0.006,1,Treg cell
OXA1L,6.159576711954461e-4,2.278498225948271,0.432,0.403,1,Treg cell
NXPE3,6.160134033135059e-4,0.5025806707185622,0.285,0.267,1,Treg cell
OSTF1,6.1895792085739e-4,1.4913310896651577,0.446,0.415,1,Treg cell
RHEB,6.288534645617102e-4,0.3043265133283519,0.119,0.105,1,Treg cell
TMX4,6.293335108902439e-4,0.5921056081193704,0.342,0.317,1,Treg cell
SRGN,6.297384377917968e-4,10.134135168518398,0.711,0.692,1,Treg cell
STAT5B,6.30317121699056e-4,0.940201349304342,0.718,0.7,1,Treg cell
FUBP1,6.389525122109635e-4,0.4945731323406688,0.549,0.537,1,Treg cell
CCDC141,6.441544733451478e-4,-1.736245382434321,0.467,0.454,1,Treg cell
GNAI3,6.472366538750253e-4,0.6034316772473748,0.345,0.319,1,Treg cell
ARMC1,6.531482796985141e-4,0.2854517223326605,0.128,0.11,1,Treg cell
HIGD2A,6.534118051353494e-4,0.6334823252692534,0.41,0.383,1,Treg cell
TRABD,6.558844907201658e-4,0.247442382438816,0.313,0.291,1,Treg cell
AMFR,6.59145206217845e-4,0.30635505202401575,0.281,0.254,1,Treg cell
KDM4A,6.644537813556377e-4,0.33676785057845793,0.16,0.141,1,Treg cell
GNAQ,6.652318490542358e-4,0.2008476276555542,0.256,0.231,1,Treg cell
OGFR,6.764664482260113e-4,0.14629850688690954,0.247,0.222,1,Treg cell
CBL,6.782658333756167e-4,0.335644364137738,0.228,0.204,1,Treg cell
NHLRC2,6.813826488878178e-4,0.3535903430146341,0.156,0.138,1,Treg cell
SAMD9L,6.867946510705808e-4,-3.753689522818112,0.328,0.302,1,Treg cell
TFG,6.912605936280335e-4,0.2395412485756645,0.151,0.133,1,Treg cell
EXOC1,6.999740085136632e-4,0.16178472763858315,0.245,0.219,1,Treg cell
PPP1R9B,7.040366832513294e-4,-1.6508261322369728,0.391,0.37,1,Treg cell
UBE2Q1,7.098426231318971e-4,0.786017381101222,0.237,0.212,1,Treg cell
HNRNPF,7.151402705958727e-4,-0.7341018833314714,0.411,0.386,1,Treg cell
SLFN11,7.186481884133252e-4,0.32671414787007574,0.203,0.179,1,Treg cell
MAX,7.21732822576383e-4,7.023580894649203,0.776,0.755,1,Treg cell
ACTR1A,7.235318358080004e-4,0.2756880329569022,0.209,0.184,1,Treg cell
C12orf75,7.237922972196791e-4,5.675130425243335,0.298,0.27,1,Treg cell
ATP6V0D1,7.248655061674158e-4,0.25713510789644534,0.168,0.15,1,Treg cell
TMEM14A,7.269161798258446e-4,0.27787265068895195,0.132,0.114,1,Treg cell
HECA,7.274537861648103e-4,2.989120713092663,0.681,0.66,1,Treg cell
ORMDL2,7.288055373681994e-4,0.3579691471115651,0.213,0.189,1,Treg cell
COX8A,7.294642889794415e-4,1.0691519549994433,0.265,0.241,1,Treg cell
ETFA,7.30134081865176e-4,0.6094234280919695,0.235,0.21,1,Treg cell
RAP1GDS1,7.311449123955494e-4,0.3738402972376289,0.298,0.275,1,Treg cell
KEAP1,7.338073629458595e-4,0.43759801945039856,0.12,0.102,1,Treg cell
USP48,7.349354613616452e-4,0.3279711240017149,0.519,0.494,1,Treg cell
CIRBP,7.349642816063774e-4,-0.20189696978899008,0.721,0.701,1,Treg cell
TECPR1,7.374311520702089e-4,0.18522916961731156,0.253,0.229,1,Treg cell
PWP1,7.376103494148033e-4,0.49653985460645594,0.225,0.203,1,Treg cell
GATA3,7.414966984016549e-4,-1.4921350563620752,0.358,0.331,1,Treg cell
NDUFB11,7.430086960274269e-4,0.8140162293413817,0.362,0.347,1,Treg cell
PGK1,7.456339823831426e-4,0.1336404688214341,0.136,0.117,1,Treg cell
C4orf48,7.494712473379701e-4,0.40715943236071883,0.053,0.04,1,Treg cell
ATP2B4,7.499341129330364e-4,-0.5248146709175563,0.467,0.441,1,Treg cell
CDC123,7.516493655024433e-4,0.6818600470860201,0.304,0.276,1,Treg cell
CASK,7.581254606077683e-4,3.968709875981625,0.637,0.615,1,Treg cell
RNF167,7.598346943573515e-4,6.221361876338708,0.415,0.387,1,Treg cell
CHMP1A,7.663969965565253e-4,0.37977464905142067,0.159,0.14,1,Treg cell
HACD4,7.696509149752794e-4,1.4128530254681686,0.358,0.336,1,Treg cell
PTRHD1,7.798320549676998e-4,0.2974120052888365,0.135,0.116,1,Treg cell
CNOT9,7.810752981058449e-4,0.14875146249340077,0.231,0.208,1,Treg cell
CSGALNACT1,7.828496772843118e-4,0.4040833209863316,0.26,0.244,1,Treg cell
NECAP2,7.843580289643509e-4,0.3776549635676605,0.521,0.495,1,Treg cell
PCGF1,7.850745019931177e-4,0.13948127547138656,0.096,0.081,1,Treg cell
TWF2,7.86841161142416e-4,2.169516048448383,0.36,0.336,1,Treg cell
SPSB3,7.8879357614815e-4,0.16332431709242756,0.376,0.349,1,Treg cell
UGP2,7.924918684743431e-4,0.42417252310192066,0.212,0.191,1,Treg cell
PSMA4,7.952726637121775e-4,0.2945891752922738,0.242,0.217,1,Treg cell
QARS1,8.012281336231831e-4,0.6510502185860894,0.423,0.396,1,Treg cell
DGLUCY,8.061837933580972e-4,0.6277118194540678,0.182,0.168,1,Treg cell
EIF4EBP2,8.090740880828707e-4,5.135593555073542,0.669,0.656,1,Treg cell
SUPT6H,0.00080982443162338645,0.3073497763465968,0.249,0.226,1,Treg cell
PRKD2,8.099872858851921e-4,0.22399337983663137,0.391,0.364,1,Treg cell
IDH2,8.165161265865925e-4,-1.269374266901993,0.276,0.253,1,Treg cell
POP5,8.235135982121272e-4,0.4094962798746309,0.095,0.083,1,Treg cell
SBDS,8.275213984691489e-4,-0.22600384703215926,0.202,0.221,1,Treg cell
PPP1CB,8.289084031730257e-4,-0.9250261297483271,0.475,0.443,1,Treg cell
DUS1L,8.30688690215594e-4,0.36256977780759836,0.339,0.32,1,Treg cell
NCALD,8.351032159735546e-4,0.4448961594762305,0.12,0.101,1,Treg cell
HNRNPA2B1,8.359734597183222e-4,-5.804209401797365,0.863,0.855,1,Treg cell
SMARCD1,8.381738398693886e-4,0.3460793151882444,0.201,0.18,1,Treg cell
ARV1,8.418597249486313e-4,0.3747780931769844,0.096,0.08,1,Treg cell
DCTN6,8.469424015121322e-4,0.49790373701265966,0.162,0.151,1,Treg cell
SNX2,8.510265902900815e-4,1.1605201473508733,0.276,0.252,1,Treg cell
LEO1,8.642644106577177e-4,0.2958981044872724,0.177,0.155,1,Treg cell
ADPGK,8.735026404061583e-4,0.2709821906876667,0.33,0.305,1,Treg cell
GDPD5,8.750265175842403e-4,0.2600944505072793,0.195,0.171,1,Treg cell
PGLS,8.759596885605064e-4,0.3639109768867598,0.164,0.149,1,Treg cell
PYCARD,8.854853756715767e-4,1.4706477086459944,0.108,0.091,1,Treg cell
LMNA,8.857716291678191e-4,-14.375025985829298,0.209,0.182,1,Treg cell
MAT2B,8.889106122168862e-4,-0.4597103614381286,0.581,0.563,1,Treg cell
EEIG1,8.970216274579422e-4,11.743961460878406,0.567,0.553,1,Treg cell
COX16,8.996055813415012e-4,1.033011307200054,0.324,0.308,1,Treg cell
PPBP,9.035828370542037e-4,51.90113026035459,0.06,0.047,1,Treg cell
KLF12,9.095042382299661e-4,0.7107013565156892,0.494,0.467,1,Treg cell
VAPA,9.104044121078342e-4,0.2578819256357077,0.294,0.271,1,Treg cell
RUNX2,9.10946897478526e-4,1.014891723082907,0.258,0.231,1,Treg cell
GTF2E2,9.144942698081088e-4,0.3343138796181836,0.247,0.222,1,Treg cell
NDUFA7,9.200564945157148e-4,0.25655762117301295,0.15,0.131,1,Treg cell
CEP44,9.216073089294946e-4,0.11334489875185283,0.162,0.142,1,Treg cell
ARAF,9.220135591320142e-4,0.7229442042121684,0.292,0.272,1,Treg cell
CTSZ,9.321696378702713e-4,0.3365118984510094,0.149,0.128,1,Treg cell
KMT5A,9.60663723636126e-4,0.3928534250692193,0.15,0.13,1,Treg cell
NFYB,9.63991839314245e-4,0.4588457692960741,0.137,0.12,1,Treg cell
SMARCD2,9.675751560418043e-4,0.6735606291548758,0.248,0.224,1,Treg cell
SLC25A4,9.731014235180121e-4,0.6951717989321908,0.027,0.018,1,Treg cell
MTDH,9.752330170367847e-4,0.19865402302807345,0.384,0.358,1,Treg cell
MINPP1,9.777103009055313e-4,0.3557986970359446,0.072,0.06,1,Treg cell
ZC3H15,9.828468729936697e-4,0.21261682615013355,0.403,0.378,1,Treg cell
FYB1,9.898687534718824e-4,-5.073230800539747,0.916,0.909,1,Treg cell
STIMATE,9.933439988696901e-4,0.39144896187890477,0.316,0.289,1,Treg cell
LRRC58,9.987679659474373e-4,0.21402322053851575,0.15,0.129,1,Treg cell
FDFT1,9.989157338537438e-4,0.4858605125167393,0.262,0.248,1,Treg cell
SCAMP2,0.001002462364783918,3.326275927197786,0.524,0.503,1,Treg cell
FRMD4B,0.0010034958131138918,0.3487858556609109,0.057,0.045,1,Treg cell
POLR2B,0.0010066979922692195,0.19287050415892737,0.433,0.405,1,Treg cell
MFSD14B,0.0010070548112038015,0.25013318164828413,0.149,0.129,1,Treg cell
PDCL,0.0010130376427993529,0.36929783043971254,0.184,0.169,1,Treg cell
DDB2,0.001029080902236025,0.3075442128210994,0.187,0.169,1,Treg cell
SH2D3C,0.0010371734085882715,0.30059912780974096,0.204,0.181,1,Treg cell
EPB41,0.0010500450883760308,-6.816403051745512,0.741,0.735,1,Treg cell
SUGP2,0.0010628098123464753,0.19833770089427807,0.331,0.309,1,Treg cell
TMEM165,0.001074813162726887,0.33670020314162663,0.2,0.18,1,Treg cell
CELF2,0.0010820072796126495,-13.828915008067947,0.806,0.802,1,Treg cell
SURF1,0.0010847642102294625,0.24933946733559284,0.235,0.211,1,Treg cell
MOGS,0.0010914392772577415,0.3052026029419413,0.291,0.264,1,Treg cell
GET3,0.0011030572597561445,0.5331971733676286,0.143,0.124,1,Treg cell
PSAP,0.0011050250961921696,0.26539879765820934,0.308,0.295,1,Treg cell
TRIM22,0.0011090464203685124,4.279874384090622,0.662,0.646,1,Treg cell
CERS2,0.001111107242252341,0.5372104021555559,0.408,0.378,1,Treg cell
ANKRD12,0.0011132310578507337,0.3189622551205118,0.555,0.528,1,Treg cell
LRRC8A,0.0011133067098203543,-0.7069570774054443,0.244,0.219,1,Treg cell
NFATC2,0.0011140346490634513,0.40300267560687897,0.373,0.35,1,Treg cell
CNOT8,0.0011197893656692943,0.1270002564063506,0.499,0.474,1,Treg cell
DSTN,0.0011218582251236483,1.1332254829067707,0.181,0.163,1,Treg cell
SRA1,0.0011354972766357766,0.2717725157407369,0.138,0.12,1,Treg cell
SNAPIN,0.0011396834453848675,0.21277302377904017,0.124,0.106,1,Treg cell
PRMT9,0.001140886806874563,0.16763060680813835,0.108,0.091,1,Treg cell
TAF3,0.0011422375727992455,0.1519757764046279,0.068,0.068,1,Treg cell
TMEM43,0.0011430119402446525,0.22584721548199088,0.208,0.194,1,Treg cell
UBXN6,0.0011523006757312463,0.16259274938821067,0.195,0.172,1,Treg cell
AP3S1,0.00115235210302816,0.31423212471893036,0.108,0.092,1,Treg cell
HARS1,0.0011624237569969474,0.3403245369187228,0.184,0.163,1,Treg cell
MICOS10,0.0011716021120605716,0.251490456375932,0.262,0.246,1,Treg cell
RAB14,0.0011758397804319913,1.8855879710118675,0.497,0.474,1,Treg cell
RAB33A,0.001178959506330566,0.2538593531217024,0.089,0.073,1,Treg cell
BCLAF3,0.001181712091235073,0.2918301501798155,0.148,0.134,1,Treg cell
FIS1,0.001184014079326025,0.47887493351505306,0.432,0.405,1,Treg cell
PRNP,0.0011905336803531878,0.1661017980272843,0.293,0.278,1,Treg cell
POLH,0.001192409511137811,0.19808063550120103,0.125,0.106,1,Treg cell
NCOA4,0.001193865675027064,1.046965409791939,0.363,0.342,1,Treg cell
FADD,0.0011986724176673098,0.2804842850394389,0.123,0.106,1,Treg cell
LSM1,0.0012007073278118665,-0.21905829294110749,0.208,0.189,1,Treg cell
TOLLIP,0.0012032188151122009,0.3704297493992894,0.082,0.068,1,Treg cell
ARMC8,0.0012097356166332369,0.2997760426455695,0.311,0.285,1,Treg cell
UTP25,0.001214397923567743,0.3384336370652099,0.122,0.105,1,Treg cell
ZAP70,0.0012210390601579816,1.4607349015831872,0.639,0.615,1,Treg cell
KATNIP,0.0012237483578948535,0.4281405112847505,0.073,0.059,1,Treg cell
SNAP29,0.0012245977878718862,0.3565742354338206,0.188,0.169,1,Treg cell
ATF2,0.0012260629674339285,0.676964843876747,0.427,0.403,1,Treg cell
ABCC5,0.0012281875082398594,0.17564577678380688,0.164,0.143,1,Treg cell
TYK2,0.001232787932055473,0.2798782102872259,0.286,0.26,1,Treg cell
RAB2A,0.0012370272063308013,0.3715120222311369,0.408,0.382,1,Treg cell
SVBP,0.0012377054548350444,0.17897669224960466,0.181,0.159,1,Treg cell
KLF10,0.0012475474206970528,0.7453958229486479,0.115,0.098,1,Treg cell
CENPE,0.0012525824249247461,0.6623828119059092,0.033,0.023,1,Treg cell
RGS10,0.0012560915486752313,5.853756710226967,0.364,0.346,1,Treg cell
THOC5,0.00126531369066533,0.2641408231136946,0.177,0.163,1,Treg cell
FBXO46,0.001269731424891979,0.21481818299517375,0.205,0.184,1,Treg cell
COX15,0.0012770748969303022,0.32474096169866973,0.156,0.137,1,Treg cell
SF3A2,0.0012800905084110303,0.23445805248964535,0.382,0.357,1,Treg cell
CNP,0.0012888930769092088,0.5909741669171151,0.128,0.114,1,Treg cell
ICOS,0.0012889247745294973,0.33731122877318587,0.358,0.333,1,Treg cell
TK2,0.0012908984236886139,0.4777828363398271,0.055,0.043,1,Treg cell
PXN,0.0012923326173935332,0.247772812438529,0.346,0.326,1,Treg cell
RITA1,0.0012945427277966947,0.2823392324724301,0.07,0.056,1,Treg cell
AATF,0.0013065604146684756,0.48194118497821936,0.391,0.373,1,Treg cell
ARIH2,0.001311032260219352,0.16382598970026097,0.253,0.228,1,Treg cell
RPIA,0.0013149407206007279,0.294816933215882,0.2,0.179,1,Treg cell
AIFM1,0.001320711997943942,0.4255138518559116,0.135,0.119,1,Treg cell
C9orf64,0.001323275972210283,0.31409256060363644,0.061,0.049,1,Treg cell
IK,0.0013249665990578104,0.34953992369807085,0.411,0.384,1,Treg cell
PLEKHB2,0.0013279559883101078,0.11929423640948433,0.314,0.289,1,Treg cell
H2BC9,0.0013299660866361344,-1.4418068088189755,0.126,0.11,1,Treg cell
FRYL,0.0013339632148843795,0.1730798696450917,0.385,0.359,1,Treg cell
BPTF,0.0013370894077116698,0.18172214027845213,0.531,0.504,1,Treg cell
MAP4,0.0013503585601967506,0.3907026402903444,0.433,0.406,1,Treg cell
GSTK1,0.0013507257294953733,5.86674199994243,0.805,0.789,1,Treg cell
TYMP,0.0013534895893075147,39.05686759862914,0.123,0.106,1,Treg cell
TOM1L2,0.0013535279085830207,0.32535079047956406,0.173,0.161,1,Treg cell
NNT,0.0013581592141323697,0.22968912078357917,0.153,0.132,1,Treg cell
NDUFAF8,0.0013754589882285112,0.2490009902607604,0.211,0.188,1,Treg cell
TMEM60,0.0013788686171816872,0.46959804391047344,0.114,0.097,1,Treg cell
HELLS,0.0013825406307670267,1.1813970560294043,0.314,0.291,1,Treg cell
GALNT3,0.0013834070469845483,0.28055684128526126,0.057,0.045,1,Treg cell
MDM1,0.0013834770620420806,0.2285153049249513,0.135,0.116,1,Treg cell
VEZF1,0.0013913774454613215,0.13128168668142795,0.286,0.262,1,Treg cell
PPP6R2,0.0013980631950660362,0.19384618940816822,0.405,0.376,1,Treg cell
CUL4B,0.0013987451230540546,0.3506468411964764,0.319,0.292,1,Treg cell
ATP5F1D,0.0014006697220109328,0.6222507281705277,0.343,0.325,1,Treg cell
PSMC5,0.0014023971573787052,1.0356983397264048,0.42,0.391,1,Treg cell
GSR,0.0014038845726575572,0.443809134886767,0.271,0.244,1,Treg cell
RABGAP1,0.0014041986088717017,0.26607290442914455,0.239,0.216,1,Treg cell
DPY30,0.0014046349616880327,0.14046682383242337,0.163,0.142,1,Treg cell
DEK,0.00141182177036758,0.4097277789617866,0.301,0.277,1,Treg cell
IL2RB,0.0014179298079745465,0.8810851436552132,0.502,0.472,1,Treg cell
KCNMB4,0.0014202051406153739,0.6220347560849921,0.018,0.012,1,Treg cell
SACS,0.0014241344421016286,0.2745439817749922,0.194,0.173,1,Treg cell
OSBPL8,0.0014277457551077678,1.2866105540790125,0.44,0.437,1,Treg cell
HYCC1,0.001431554229911745,0.36326177516068275,0.223,0.2,1,Treg cell
UBE2L6,0.0014322644114077784,0.5383594822565925,0.33,0.303,1,Treg cell
RASGRP2,0.001445446790195716,2.63837030694747,0.752,0.74,1,Treg cell
HEBP2,0.001455371985470863,0.19445804681270418,0.397,0.383,1,Treg cell
REC8,0.0014632433165672057,9.260899295987327,0.125,0.109,1,Treg cell
MYO18A,0.0014715882845308518,0.29706805132885933,0.238,0.223,1,Treg cell
SAMM50,0.0014832077965617552,0.38054837785170026,0.093,0.08,1,Treg cell
BRF2,0.0014862594361963724,-0.13257235094184905,0.093,0.083,1,Treg cell
NINJ2,0.0014883068611671953,0.9395810198725989,0.129,0.113,1,Treg cell
UBE2F,0.0014930206757628433,0.3752353538164548,0.084,0.068,1,Treg cell
SMCHD1,0.0015007206023992957,-2.053928370727654,0.825,0.815,1,Treg cell
FOXO1,0.0015074817256858324,0.6177437026781405,0.618,0.592,1,Treg cell
NACC1,0.001511790855268765,0.283520344805453,0.182,0.163,1,Treg cell
SLC1A5,0.0015159164984038622,2.0452727448694126,0.111,0.094,1,Treg cell
CDC37,0.0015166011772103495,0.30745068503358186,0.462,0.438,1,Treg cell
ATP5PB,0.0015185684500791238,0.18206259632879335,0.278,0.254,1,Treg cell
SMDT1,0.0015332540525214709,0.3169851414303957,0.446,0.425,1,Treg cell
ZDHHC13,0.001540006384472405,0.22621707764472165,0.135,0.118,1,Treg cell
SF3B3,0.0015451552227400982,-2.9443744989921647,0.424,0.408,1,Treg cell
SEC31A,0.0015572729230440019,0.2708248923066645,0.36,0.344,1,Treg cell
ZNF555,0.001561472987477141,0.46459376131298225,0.036,0.026,1,Treg cell
NARS1,0.001562295175702812,0.1775832736908694,0.34,0.313,1,Treg cell
PARVG,0.001564354269024044,0.4721562941867703,0.307,0.286,1,Treg cell
CHMP4B,0.001566551074721999,-2.341526158169181,0.305,0.293,1,Treg cell
BTBD2,0.0015682995536634165,0.5490332558695129,0.301,0.274,1,Treg cell
PUM1,0.0015708551122514784,0.412229831446544,0.545,0.523,1,Treg cell
PARP3,0.0015760568814219957,0.910092626768308,0.026,0.019,1,Treg cell
SSR4,0.0015793581035608224,0.37640828169637164,0.298,0.28,1,Treg cell
PI4K2B,0.0015836596636765565,0.3068507176690271,0.222,0.206,1,Treg cell
PSMB7,0.0015911447482283795,0.2300045847809833,0.095,0.079,1,Treg cell
C6orf136,0.0015974905095141423,0.27946832723301385,0.111,0.1,1,Treg cell
ROCK1,0.001600622747774889,1.1007422244629823,0.466,0.441,1,Treg cell
OPA3,0.0016114211322029548,0.25892338067784104,0.036,0.027,1,Treg cell
GLUL,0.0016190093285485911,-19.477924048472897,0.105,0.087,1,Treg cell
ETFDH,0.001620677301702971,0.17701427220743104,0.063,0.051,1,Treg cell
PTPN4,0.0016354453502064599,0.2529024258739331,0.359,0.336,1,Treg cell
DENND1B,0.0016388740597180515,0.3361907742785829,0.164,0.143,1,Treg cell
TMEM250,0.001644247919973312,0.23224439069016833,0.227,0.205,1,Treg cell
CCAR2,0.0016472135203099638,0.27214711408104353,0.242,0.223,1,Treg cell
TBX21,0.0016474034007065363,0.5485737439403429,0.032,0.024,1,Treg cell
ARHGAP4,0.0016719063858826357,0.6936512013672664,0.57,0.546,1,Treg cell
EVI2B,0.0016748108968573335,3.828798200919202,0.643,0.624,1,Treg cell
INO80,0.0016808705925475355,0.306252919141923,0.12,0.105,1,Treg cell
BIN3,0.0016919727221624203,0.30708941291477476,0.143,0.126,1,Treg cell
C5orf15,0.0016988190856851502,0.2979041007454506,0.089,0.073,1,Treg cell
CCNF,0.0017006953769293691,0.5383546662813234,0.022,0.019,1,Treg cell
NAPA,0.0017039057334650972,0.37868073854100026,0.308,0.282,1,Treg cell
MYL6,0.0017160855053647186,5.662072706990279,0.391,0.376,1,Treg cell
PXK,0.001717404939715387,0.4257348717815612,0.126,0.11,1,Treg cell
GORASP2,0.0017187238095891118,0.7114480781644862,0.277,0.264,1,Treg cell
SLC18B1,0.001722788479994935,0.5207377452495724,0.162,0.144,1,Treg cell
ATRN,0.001736454464646105,0.17138062080418281,0.103,0.088,1,Treg cell
CD46,0.0017425258453730099,-0.8907735571259221,0.412,0.39,1,Treg cell
CAPZA1,0.0017427948683169604,0.7538024701143153,0.377,0.355,1,Treg cell
BLOC1S1,0.001744571995315036,0.463761113009028,0.324,0.305,1,Treg cell
DYNC1LI1,0.0017491443663234598,0.27407128253992297,0.165,0.145,1,Treg cell
KCMF1,0.0017523868541843895,0.32512661526011405,0.329,0.302,1,Treg cell
DPP9,0.0017577793832613366,0.3889228043141907,0.205,0.182,1,Treg cell
HPS1,0.0017585718344084334,0.28833773982283906,0.139,0.121,1,Treg cell
SPCS1,0.0017694127190392823,0.2561582867551392,0.396,0.371,1,Treg cell
CNTNAP1,0.0017750584894540955,0.5677295437798389,0.07,0.057,1,Treg cell
ALDOC,0.0017881118325236436,0.26109928312620334,0.147,0.131,1,Treg cell
ATIC,0.0017908628277573785,0.16152089385480783,0.312,0.287,1,Treg cell
SPSB2,0.0018018062423376965,0.24337587978035602,0.063,0.05,1,Treg cell
ERAP1,0.0018039937744450854,0.15354883591477408,0.211,0.19,1,Treg cell
CSTF2T,0.0018060391169945184,0.10456240141405969,0.29,0.264,1,Treg cell
M6PR,0.001809397164586809,0.8678704597566291,0.412,0.386,1,Treg cell
TNIP2,0.0018100993952835007,0.2142160226327011,0.266,0.252,1,Treg cell
AGO2,0.0018194921668370262,0.4348231459802753,0.357,0.333,1,Treg cell
C1orf52,0.001837545574008862,0.11822896496735313,0.242,0.248,1,Treg cell
VPS45,0.0018383972915740246,0.4616028499545941,0.239,0.219,1,Treg cell
ATP6AP2,0.0018429010547128418,0.40069197731987827,0.368,0.357,1,Treg cell
PRKACA,0.0018484608041021706,0.29593691574350833,0.319,0.294,1,Treg cell
CTSA,0.0018509295874914564,10.59086150852438,0.345,0.318,1,Treg cell
ARL6IP6,0.0018614915880659064,0.17886742667248368,0.135,0.116,1,Treg cell
ZNF75D,0.0018625077780015096,0.26135497301942867,0.133,0.12,1,Treg cell
EIF3K,0.0018700997131100682,0.5475602935098778,0.438,0.413,1,Treg cell
BRD1,0.0018728466126569647,0.12830374352519958,0.388,0.361,1,Treg cell
TUFT1,0.001873394720266474,0.2604728588712515,0.045,0.034,1,Treg cell
SRP72,0.0018755643205278349,0.33649721248649567,0.369,0.346,1,Treg cell
RABGAP1L,0.0018791816364962532,1.5123108199886408,0.643,0.619,1,Treg cell
KAT5,0.001880892646886275,0.14938876638768106,0.195,0.172,1,Treg cell
ATPAF1,0.0018855926812397338,0.3815020701265272,0.204,0.191,1,Treg cell
CCR5,0.0018861428812075708,-3.818026154468191,0.117,0.101,1,Treg cell
CPSF2,0.0018943564015219889,0.1946130433818284,0.236,0.212,1,Treg cell
PAK2,0.0019078657691880144,-1.6067759466576716,0.487,0.466,1,Treg cell
RGS14,0.0019184996895928168,0.149682574667891,0.26,0.236,1,Treg cell
TNFSF10,0.0019249516217422341,1.3826545954601959,0.255,0.233,1,Treg cell
POC1A,0.0019391669176565427,1.0258828870083425,0.011,0.006,1,Treg cell
ZNF566,0.001940213110355212,0.24520719881577868,0.095,0.079,1,Treg cell
SDHAF2,0.0019436835823094065,0.15397870283283221,0.26,0.236,1,Treg cell
STX17,0.0019494731677739603,0.28445480927223654,0.196,0.176,1,Treg cell
VDAC1,0.001960473310687919,0.4834754271732682,0.123,0.108,1,Treg cell
TRIM35,0.001961561403541713,0.26692943556612025,0.191,0.171,1,Treg cell
BRD4,0.001970923500929076,0.2671517967279451,0.599,0.573,1,Treg cell
SIN3A,0.001988281582911322,0.4725242514020602,0.443,0.417,1,Treg cell
ARPC5,0.0020030045217820725,1.0700831496673011,0.155,0.142,1,Treg cell
ABI1,0.0020104444206521513,0.27340719469859853,0.339,0.314,1,Treg cell
LTB4R,0.0020237086381703984,0.3719891793340726,0.104,0.09,1,Treg cell
VKORC1,0.0020493899266363453,0.21843157469739266,0.233,0.211,1,Treg cell
STOML2,0.0020515543485818506,0.47585625603573395,0.181,0.161,1,Treg cell
HDGF,0.0020587801940941887,0.6557504465537536,0.202,0.18,1,Treg cell
ISY1,0.002071846368628601,0.49889301871806774,0.264,0.241,1,Treg cell
HNRNPUL2,0.0020724179002305347,0.4579112143555657,0.423,0.4,1,Treg cell
PLCL2,0.002075140220791929,0.5862723308729583,0.308,0.283,1,Treg cell
CELF1,0.002117874804778092,0.9766221656565446,0.507,0.479,1,Treg cell
TNFRSF9,0.002118925177813565,3.455107149240016,0.078,0.067,1,Treg cell
CENPF,0.0021245167186207834,3.9426126736978864,0.024,0.024,1,Treg cell
TRANK1,0.0021266333747892194,0.5056417849429145,0.286,0.263,1,Treg cell
CDIP1,0.0021346194524421783,0.3434690624278671,0.089,0.073,1,Treg cell
GCHFR,0.002150654813386348,0.5816073591842332,0.107,0.094,1,Treg cell
MLH1,0.002164810178546123,0.30348123030372287,0.145,0.125,1,Treg cell
ADAT2,0.0021683416543636833,0.6974848064894382,0.208,0.194,1,Treg cell
PKN1,0.0021751875068358943,0.6009635489395325,0.387,0.367,1,Treg cell
DENND4C,0.00217712884411793,0.21742739566210625,0.27,0.245,1,Treg cell
UQCRQ,0.0021793560689865946,0.46945287646338385,0.155,0.135,1,Treg cell
CTSO,0.002185187410665298,0.35912302294851695,0.104,0.09,1,Treg cell
RPN1,0.0021878594681251215,0.1736986948609367,0.109,0.094,1,Treg cell
RFXANK,0.0022009773513297793,0.4427404585161698,0.195,0.178,1,Treg cell
XAF1,0.0022050987408445775,0.130914885798338,0.283,0.26,1,Treg cell
RGS2,0.0022060560285867164,-2.47685940720256,0.081,0.092,1,Treg cell
SYMPK,0.0022090241175299263,0.20201229100760132,0.26,0.238,1,Treg cell
NCAPD2,0.0022323463602583696,5.889164284090575,0.216,0.201,1,Treg cell
NFYC,0.0022347111877210114,0.31742067678611596,0.178,0.158,1,Treg cell
NUP188,0.0022412991295027575,0.2682952638713757,0.286,0.26,1,Treg cell
RER1,0.002255159196181613,0.5682491805194156,0.457,0.438,1,Treg cell
CHCHD5,0.002260767785088283,0.17032026100609166,0.144,0.127,1,Treg cell
ASF1A,0.0022644139882763096,-1.6729986340107381,0.29,0.267,1,Treg cell
PYGB,0.0022707917962128854,0.37480324772847007,0.216,0.199,1,Treg cell
NECAB3,0.0022745904453706145,0.43861913395826546,0.05,0.049,1,Treg cell
LMBR1,0.0022854474630459175,0.231729692764449,0.213,0.192,1,Treg cell
SGMS1,0.002287204139064907,-0.8435644516039851,0.371,0.346,1,Treg cell
MSANTD3,0.0022883516097365283,0.3086492714578313,0.077,0.062,1,Treg cell
TDP2,0.002292130093346521,0.33166049058303915,0.201,0.179,1,Treg cell
RAD21,0.002294831727330637,0.8681225035965168,0.372,0.35,1,Treg cell
CYBA,0.002308332942089369,-0.8963923173607293,0.469,0.445,1,Treg cell
PFDN2,0.0023096182558256873,0.42313584910999313,0.242,0.218,1,Treg cell
AGFG2,0.0023148441901230583,0.22375062018235137,0.129,0.11,1,Treg cell
CCDC92,0.0023197278600468217,0.280777476470339,0.158,0.142,1,Treg cell
DBNL,0.0023225556791029926,1.541274905709983,0.444,0.422,1,Treg cell
N4BP1,0.002325018144581858,0.3256442051104774,0.33,0.311,1,Treg cell
SLU7,0.0023272174085143035,-0.6680819945290517,0.329,0.305,1,Treg cell
C2CD5,0.0023336071203384334,0.309889326177836,0.281,0.258,1,Treg cell
PDZD11,0.0023350317087917623,0.37388803822503136,0.099,0.084,1,Treg cell
PSMD4,0.002343715249934717,0.23045573089706062,0.228,0.206,1,Treg cell
ZFAND2B,0.0023601663455342634,0.361118670694607,0.266,0.245,1,Treg cell
SPSB1,0.0023638946979105823,0.5310831532652203,0.105,0.088,1,Treg cell
DDX46,0.0023687850595488272,-1.4188713745760988,0.458,0.443,1,Treg cell
PTEN,0.002373652465547952,0.8280689924622466,0.347,0.334,1,Treg cell
IL7R,0.0023737862235033978,7.113712548912098,0.718,0.723,1,Treg cell
MRM2,0.0023982120507991347,0.42663409787824014,0.051,0.04,1,Treg cell
CTSS,0.0024137440081595978,-0.6444126674487483,0.536,0.512,1,Treg cell
STAT2,0.002420953367203222,-0.3026307615558297,0.281,0.262,1,Treg cell
HIPK1,0.002429608452481574,0.3127350773155672,0.301,0.284,1,Treg cell
NCK1,0.0024530882813057174,-0.2574742008013946,0.372,0.351,1,Treg cell
ATOX1,0.0024679600855853287,0.33761675000535163,0.226,0.205,1,Treg cell
MT-CO1,0.0024817950459879983,49.01292866459559,0.972,0.964,1,Treg cell
TRIM56,0.0024830427630545587,0.23909947433150036,0.225,0.206,1,Treg cell
HSPA13,0.002484306234427771,0.3684481111102196,0.087,0.072,1,Treg cell
INTS12,0.0024930956996046375,0.27246227852372096,0.077,0.063,1,Treg cell
PITPNA,0.0024938894335881684,0.38584609658625224,0.211,0.192,1,Treg cell
CFAP68,0.0025040507347994716,0.41540619599290074,0.102,0.091,1,Treg cell
MMP24OS,0.0025093028563688996,0.13305320096106016,0.236,0.215,1,Treg cell
ADA,0.0025196502031663757,0.27292148166944386,0.116,0.098,1,Treg cell
PARK7,0.002533442907572912,0.3205470524057714,0.247,0.227,1,Treg cell
CYB5R4,0.0025387199991397207,0.7473062386836715,0.29,0.273,1,Treg cell
RNF146,0.0025472806189748504,0.2412306590401334,0.095,0.08,1,Treg cell
EGLN2,0.002567716437913017,0.2112871545745538,0.251,0.229,1,Treg cell
GPR155,0.0026182082442675883,0.5646597225164374,0.326,0.298,1,Treg cell
OXSR1,0.0026647149474788,0.1935053748663461,0.205,0.183,1,Treg cell
TIMP1,0.002674829572778801,1.6987530889577263,0.135,0.12,1,Treg cell
MOSPD1,0.0026920506903285674,0.18777533058572615,0.048,0.038,1,Treg cell
NAT1,0.0026999565288576754,0.48822978188880395,0.031,0.023,1,Treg cell
SUSD3,0.00270681486981183,0.31233753251885277,0.35,0.326,1,Treg cell
LRRC2,0.002708137250135269,-0.38480489317994326,0.02,0.02,1,Treg cell
TRNAU1AP,0.002731298377433705,0.3115802462003038,0.18,0.161,1,Treg cell
SLX9,0.0027545503070347463,0.3453121867794713,0.066,0.054,1,Treg cell
SLC35D2,0.0027604368069369793,1.152131679504901,0.232,0.209,1,Treg cell
STXBP4,0.002764106149207947,0.24425648401013555,0.092,0.076,1,Treg cell
ABHD14B,0.0027735335486802947,0.37959302963232067,0.183,0.167,1,Treg cell
NMRAL1,0.0027765964609584542,0.1979615209581046,0.192,0.173,1,Treg cell
ZNF609,0.002780035392880801,0.24465307547106915,0.299,0.283,1,Treg cell
IFT20,0.0027847017652018633,0.241004124376348,0.166,0.147,1,Treg cell
ABCF1,0.002788459602828741,0.20999584646922265,0.177,0.159,1,Treg cell
NDUFA12,0.002789425653628528,-1.4248630721343551,0.201,0.18,1,Treg cell
PLCG1,0.0027946027956236076,-3.2788757232637797,0.631,0.612,1,Treg cell
UNC45A,0.002799186897642251,0.4448836261017015,0.073,0.06,1,Treg cell
PLEKHO1,0.0028089471212312173,0.13035943574359998,0.29,0.279,1,Treg cell
LPCAT3,0.0028150485233319504,0.3944954204133806,0.086,0.074,1,Treg cell
FBXO25,0.0028378375872763553,0.36928362013655014,0.149,0.134,1,Treg cell
LASP1,0.00283998715519194,0.3921567383507454,0.452,0.428,1,Treg cell
CHCHD3,0.002843657525703116,1.17466219171044,0.133,0.121,1,Treg cell
MEAF6,0.002868152321485799,0.11051771094952195,0.352,0.327,1,Treg cell
MTMR6,0.0028928021566784635,0.1976737983429121,0.214,0.199,1,Treg cell
UBE2J2,0.002893734485872684,0.27045304627239664,0.213,0.194,1,Treg cell
CSGALNACT2,0.0029014588084428188,0.27372390969167537,0.316,0.292,1,Treg cell
POU5F2,0.0029034753288291843,0.11305917347124517,0.075,0.062,1,Treg cell
LRRC28,0.002908845585915248,0.329414520909475,0.063,0.051,1,Treg cell
EFTUD2,0.002925721162859474,0.33022373134317995,0.245,0.226,1,Treg cell
RCBTB1,0.0029280457408055833,0.15489934381851467,0.191,0.17,1,Treg cell
SERF2,0.0029287832191734653,2.3864356600930092,0.413,0.387,1,Treg cell
ACOT9,0.002932568054536596,0.25704884763015146,0.177,0.157,1,Treg cell
CRBN,0.0029444807024637263,0.12167008645204924,0.36,0.338,1,Treg cell
UBR2,0.0029525155187216713,-0.14085183340359464,0.52,0.504,1,Treg cell
STRN,0.0029533216294340093,0.41048597118027913,0.302,0.282,1,Treg cell
EPS8L2,0.002958273035003223,0.20088917380209814,0.022,0.017,1,Treg cell
GAR1,0.002968288515707841,0.22264294222051673,0.135,0.118,1,Treg cell
USP40,0.0029801684154628304,0.28061754662071126,0.074,0.06,1,Treg cell
NAP1L4,0.0029853456274650664,2.270474430409595,0.564,0.539,1,Treg cell
UQCRC1,0.00299079532211467,-0.620106572583965,0.291,0.268,1,Treg cell
NIPSNAP3A,0.0029930897493109124,0.22407694673074108,0.095,0.082,1,Treg cell
MCM7,0.002995877248160535,0.47125999943771835,0.229,0.22,1,Treg cell
TRIM5,0.0029967706693351365,0.40716952444444066,0.169,0.152,1,Treg cell
EIF6,0.0030091513491991542,0.24086356412539245,0.166,0.147,1,Treg cell
PPP5C,0.0030271982341576248,0.39047312635117715,0.078,0.065,1,Treg cell
CDC42EP3,0.003027639657781855,0.1294013202387525,0.246,0.222,1,Treg cell
LTB,0.0030291922383982824,-62.06700261099246,0.904,0.893,1,Treg cell
AKAP11,0.003029210390877712,0.6506354159727188,0.463,0.441,1,Treg cell
IAH1,0.0030403546830093907,0.15563252112096154,0.3,0.276,1,Treg cell
ZFYVE26,0.0030564740816457566,0.19260318453476666,0.095,0.081,1,Treg cell
PDK2,0.0030724852658352785,0.4251240844475679,0.132,0.117,1,Treg cell
RNF138,0.0030770311599540253,0.2778269717924386,0.319,0.313,1,Treg cell
ZNF287,0.0030942013780455592,0.4819609399363052,0.037,0.031,1,Treg cell
RNF220,0.003098973090792474,-0.12664309727012468,0.174,0.163,1,Treg cell
GLYCTK,0.0031008407486957804,0.47658883844299577,0.211,0.193,1,Treg cell
SLC12A6,0.0031013879728509115,2.252564321635167,0.409,0.394,1,Treg cell
MYL6B,0.003105588915724867,0.5961531321721516,0.052,0.042,1,Treg cell
IFNAR2,0.0031079227724548743,1.2327447332145431,0.498,0.478,1,Treg cell
COPS7A,0.0031254976591675297,0.12676690529134205,0.151,0.135,1,Treg cell
TMEM39B,0.003130309636107566,0.23137461480478283,0.09,0.075,1,Treg cell
ANKRD13A,0.0031407147632358046,0.19441537677186133,0.254,0.231,1,Treg cell
NLGN2,0.003143750766987782,0.7920168237393925,0.019,0.013,1,Treg cell
ZNF710,0.0031492778480923995,0.5673448199976434,0.018,0.013,1,Treg cell
IGBP1,0.003156870213168541,2.2999603863549565,0.398,0.376,1,Treg cell
TMEM102,0.0031576366260335376,0.42115109883924684,0.105,0.089,1,Treg cell
FLOT2,0.0031707845924638578,1.082369721550203,0.569,0.549,1,Treg cell
JAK3,0.0031786018368108303,0.6176290527545905,0.437,0.418,1,Treg cell
BLMH,0.0031819493620753913,0.15475687688834538,0.123,0.106,1,Treg cell
DPF2,0.0031828096862404286,0.2765199055576584,0.192,0.183,1,Treg cell
ZBTB11,0.0031870481252613495,0.1644115735609341,0.294,0.271,1,Treg cell
PDLIM2,0.0031921933270362335,0.2945237690751049,0.216,0.203,1,Treg cell
TXNDC12,0.0031978192420422558,0.33202333279294427,0.187,0.167,1,Treg cell
ADCY3,0.003210075728710761,0.2965240879361499,0.15,0.133,1,Treg cell
CCNL2,0.0032104978251957586,0.12197742439348946,0.628,0.602,1,Treg cell
PPP1R35,0.003212784088373143,0.2041971670856188,0.275,0.251,1,Treg cell
GIMAP5,0.0032198258587510724,0.6670142745574728,0.428,0.418,1,Treg cell
CSNK1E,0.0032430085138437097,0.13454141606981573,0.129,0.112,1,Treg cell
SCAF11,0.00326319505102611,0.3541480301211227,0.44,0.424,1,Treg cell
GRHPR,0.003265553156603749,0.20974693515759202,0.15,0.135,1,Treg cell
DAP3,0.0032688529214119407,-1.5452286896649934,0.434,0.409,1,Treg cell
CHD3,0.0032690955665236505,-10.727930599004235,0.709,0.688,1,Treg cell
RBPJ,0.0032892264434115862,0.18896963320755283,0.17,0.151,1,Treg cell
RESF1,0.003289400541484158,2.5848907448152616,0.9,0.889,1,Treg cell
ISG15,0.003294420474762558,34.374837500670935,0.217,0.203,1,Treg cell
STX10,0.0033193985053426144,0.2852248950922398,0.169,0.149,1,Treg cell
FBXL17,0.003330641204388517,0.2075046854398197,0.334,0.313,1,Treg cell
THEMIS2,0.003338229836027118,0.6090017316542291,0.293,0.275,1,Treg cell
U2AF1L4,0.0033580475238936865,0.2538982082547093,0.176,0.155,1,Treg cell
UBE2D3,0.0033623702473251247,1.5536660584324307,0.574,0.562,1,Treg cell
VPS36,0.0033781893216504534,0.5460377066165998,0.325,0.31,1,Treg cell
EDEM1,0.003386523430212281,-2.5667835140976214,0.494,0.473,1,Treg cell
OS9,0.003387939968027567,1.0679050665974064,0.51,0.504,1,Treg cell
YIPF4,0.003389109484061788,0.4271524333018702,0.335,0.313,1,Treg cell
C1orf174,0.0033929098945982557,0.2960407637005249,0.135,0.12,1,Treg cell
HDAC1,0.0034063809932053505,0.87541428505912,0.415,0.392,1,Treg cell
RAB37,0.0034199651454881875,11.792187799351435,0.289,0.268,1,Treg cell
INO80D,0.0034259873088659178,0.2196111700134144,0.271,0.253,1,Treg cell
UBOX5,0.0034364783977785104,0.3260161878293806,0.087,0.073,1,Treg cell
ANP32E,0.0034426450375565623,2.2356632144446835,0.259,0.246,1,Treg cell
ZNF318,0.003463936871478182,0.38292298873437813,0.098,0.086,1,Treg cell
DIDO1,0.0034658393525435816,0.19997138464277664,0.448,0.421,1,Treg cell
DOP1B,0.003467448946094815,0.3222154143600764,0.1,0.093,1,Treg cell
PIK3IP1,0.003488306279884586,0.4906256856870521,0.655,0.635,1,Treg cell
STEEP1,0.003517206986882816,0.2399849895360855,0.149,0.131,1,Treg cell
MAP2K3,0.003517994377839963,0.6446767993794016,0.278,0.255,1,Treg cell
ATP5IF1,0.003531080659860172,1.2829493951563649,0.266,0.247,1,Treg cell
VPS25,0.0035421561359872066,0.4773637138903827,0.148,0.133,1,Treg cell
NFX1,0.003551017700450034,0.11916095808398532,0.307,0.296,1,Treg cell
COX7C,0.0035515026683179025,-0.3929157467668834,0.253,0.231,1,Treg cell
CNIH1,0.0035577634153207667,0.5350570770039569,0.179,0.167,1,Treg cell
ZKSCAN1,0.00355927162023655,0.18772414542783533,0.178,0.16,1,Treg cell
RAP2B,0.0035613984722270725,0.2416826447677457,0.287,0.266,1,Treg cell
H2AC25,0.003588069683919819,0.13469764074971113,0.084,0.069,1,Treg cell
UBP1,0.0036092418644622054,0.27222654167644667,0.391,0.376,1,Treg cell
TNFRSF25,0.0036129386254932275,-0.6696813882871191,0.445,0.423,1,Treg cell
LIMA1,0.0036257274456553065,-0.3005978185806397,0.143,0.125,1,Treg cell
GTF3C3,0.0036328558178318963,0.20706397032249982,0.243,0.222,1,Treg cell
HMGCL,0.003642210597881187,0.3078017348393549,0.122,0.113,1,Treg cell
MEGF9,0.0036462481390041124,0.29060703404432975,0.181,0.163,1,Treg cell
CMPK1,0.0036469955303111623,-2.44533386687311,0.583,0.561,1,Treg cell
PALM2AKAP2,0.0036565822128970574,3.627076404227077,0.296,0.271,1,Treg cell
H2BC8,0.0036628506215449774,0.11160291977754921,0.049,0.038,1,Treg cell
SLC39A9,0.0036711651835055373,0.20787082543759428,0.156,0.137,1,Treg cell
RFX7,0.0036850916893650036,0.34496549767492407,0.216,0.194,1,Treg cell
HYCC2,0.003707893196465563,0.16612862470257705,0.14,0.122,1,Treg cell
GIT2,0.0037622922756003225,0.2155258086898812,0.272,0.259,1,Treg cell
ADAT1,0.0037763324276262997,0.25307214546847245,0.248,0.225,1,Treg cell
FGD3,0.0038469134302267344,-0.927528085734239,0.678,0.657,1,Treg cell
ZNF700,0.003862571593417583,0.2510304708175001,0.225,0.207,1,Treg cell
GPR55,0.0038833673642425298,0.5770923888695019,0.05,0.039,1,Treg cell
RAP2C,0.0039079516016212405,0.26112184774051783,0.251,0.237,1,Treg cell
ATP6V1G1,0.0039130944757241265,0.4052915066332868,0.391,0.369,1,Treg cell
ARL1,0.003918882330892163,0.21075688711555163,0.149,0.132,1,Treg cell
PRMT2,0.003924569652206213,2.3427173609292553,0.458,0.436,1,Treg cell
CACTIN,0.0039406617375161625,0.3090676846081555,0.11,0.099,1,Treg cell
SMIM30,0.003940737422737636,0.343347604715035,0.145,0.128,1,Treg cell
DECR1,0.003940817837021878,2.6376126356097243,0.279,0.258,1,Treg cell
AIP,0.003942182131011471,1.2942119200439333,0.499,0.482,1,Treg cell
RALA,0.003944205200888544,0.11254534189601967,0.241,0.22,1,Treg cell
VMP1,0.003946274718252098,0.7026921290879966,0.424,0.403,1,Treg cell
CTC1,0.003976541555632677,0.2990849269297595,0.151,0.134,1,Treg cell
MAPK13,0.004010065302560824,0.10732063011512315,0.273,0.249,1,Treg cell
TASOR,0.004015597587819847,0.89680703248498,0.54,0.516,1,Treg cell
AKAP9,0.004022121612225448,0.25159747161417334,0.466,0.449,1,Treg cell
CPTP,0.004026481915437687,0.7517365512304278,0.14,0.121,1,Treg cell
ATF7,0.004035469401012044,0.28854019112034557,0.159,0.142,1,Treg cell
NIN,0.004042852219655366,2.7635013132606354,0.28,0.257,1,Treg cell
FBXO38,0.004055340187147047,0.185017107373589,0.186,0.168,1,Treg cell
EIF4A1,0.00406064634450182,0.86316623075481,0.366,0.351,1,Treg cell
ERGIC2,0.004065945390941146,0.21782574806045785,0.238,0.216,1,Treg cell
ANAPC7,0.004066978758640182,0.29055214588660494,0.21,0.196,1,Treg cell
PRCP,0.004069480678336006,0.3444366198262845,0.091,0.076,1,Treg cell
IRF2,0.004095113593295859,0.732634534036688,0.368,0.34,1,Treg cell
GMFG,0.004101267516419893,3.928327976845112,0.514,0.499,1,Treg cell
RPA1,0.0041126847870678945,0.4291255236207503,0.3,0.28,1,Treg cell
PCCA,0.004118454554720849,0.3087412597557373,0.119,0.105,1,Treg cell
HKDC1,0.004161623044451891,0.6514718201655278,0.06,0.048,1,Treg cell
KDM2A,0.0041648588448933484,0.5471266533735228,0.532,0.51,1,Treg cell
ARHGAP17,0.004165527797867833,0.13149021826661422,0.259,0.235,1,Treg cell
PYHIN1,0.004166420169964624,0.16873434301548595,0.587,0.579,1,Treg cell
TRBC1,0.004185005212105842,24.491008584178957,0.638,0.631,1,Treg cell
PCYOX1L,0.004188579685439365,0.30248725200717597,0.156,0.138,1,Treg cell
ANO9,0.0042043927639112,0.30513452553119913,0.218,0.196,1,Treg cell
TRIM21,0.004220359595607824,0.3952364846373646,0.15,0.132,1,Treg cell
ANXA1,0.004248248761542755,-11.57499327471377,0.242,0.221,1,Treg cell
EAF1,0.0042679776665426935,0.25623015432822327,0.147,0.131,1,Treg cell
TACO1,0.004286691738960514,0.3217260223581404,0.12,0.106,1,Treg cell
IL16,0.0042895636895670004,0.17188792594429003,0.726,0.716,1,Treg cell
CCR10,0.004311167484035706,1.61518787586982,0.039,0.03,1,Treg cell
GYPC,0.004311725782570232,4.1333932806175255,0.464,0.437,1,Treg cell
STN1,0.004318967508101891,0.2631150448887915,0.311,0.301,1,Treg cell
SPHK2,0.0043434153291901,0.36405396357922903,0.025,0.018,1,Treg cell
DNM1L,0.004345089191479399,0.29955438267208456,0.163,0.148,1,Treg cell
TKT,0.004350260430486953,0.15124750873734105,0.173,0.154,1,Treg cell
SHKBP1,0.0043686174448573836,0.24118446015891487,0.29,0.269,1,Treg cell
SQOR,0.004400932136393451,0.26945138247898287,0.19,0.171,1,Treg cell
PRPF39,0.004405636390074903,0.1319239375204635,0.343,0.319,1,Treg cell
MT2A,0.0044229337295904475,0.9205680759999972,0.131,0.114,1,Treg cell
DMAC1,0.004428192329608793,0.5220996162165341,0.197,0.184,1,Treg cell
SELENOT,0.004430764304415527,0.2538269991428308,0.148,0.134,1,Treg cell
CBLB,0.00446024725177111,-1.9872392850976686,0.317,0.294,1,Treg cell
NRBP1,0.0045343179375757,0.39409162585721524,0.37,0.349,1,Treg cell
ZNF581,0.004537048396556359,0.16786769151789804,0.125,0.108,1,Treg cell
CMC1,0.004545746049970228,0.29225779474862934,0.072,0.066,1,Treg cell
PTPN6,0.004547373922777213,1.7435068681643395,0.515,0.493,1,Treg cell
RANBP3,0.004576768180728823,0.39449767526983615,0.294,0.283,1,Treg cell
ZNF738,0.0045806647450264415,0.22473329508514572,0.119,0.105,1,Treg cell
ARHGAP26,0.004591476215308463,0.23289059998817718,0.095,0.08,1,Treg cell
PRADC1,0.004595797558173716,0.4536740010480811,0.032,0.023,1,Treg cell
TMA16,0.004599457410413405,0.28542874685827346,0.089,0.075,1,Treg cell
RHOA,0.0046219899844761715,4.916963771639936,0.565,0.546,1,Treg cell
HMGN3,0.004622315400264548,0.25957645665788803,0.209,0.191,1,Treg cell
RNF5,0.0046430746845855225,0.12525009318990704,0.279,0.257,1,Treg cell
INSIG1,0.004698500970210361,-0.1805580160680059,0.186,0.164,1,Treg cell
FZR1,0.0047113970502552106,1.124729300955538,0.265,0.243,1,Treg cell
ADK,0.004713984770262152,0.13746117467626429,0.333,0.31,1,Treg cell
TAF7,0.004717136268172604,0.5585705668016123,0.484,0.467,1,Treg cell
APPBP2,0.004720168589882583,0.29868680719036256,0.211,0.194,1,Treg cell
POLR3E,0.004722475664745852,0.2921225960778182,0.127,0.114,1,Treg cell
LPP,0.0047322779543293395,0.2685300776947823,0.2,0.182,1,Treg cell
PATZ1,0.004740915486669855,0.21249401356439024,0.213,0.196,1,Treg cell
NDUFA1,0.004744675880184164,0.3263626757996313,0.318,0.294,1,Treg cell
PICK1,0.004765558502142369,0.35835154122715407,0.055,0.044,1,Treg cell
DOT1L,0.004775129691799901,0.17354558045876045,0.165,0.147,1,Treg cell
LMTK2,0.004787790880738043,0.2617602739349403,0.142,0.128,1,Treg cell
DCAF11,0.004789814828471419,0.23714501625045842,0.261,0.238,1,Treg cell
PSMD13,0.004805487130936197,0.6085929479916751,0.331,0.306,1,Treg cell
CXorf65,0.0048315964678587835,0.3235568650333782,0.149,0.14,1,Treg cell
GSDMD,0.004851256078436763,0.4569074587378834,0.394,0.37,1,Treg cell
PSMF1,0.00486674798315661,0.29906298753633087,0.41,0.39,1,Treg cell
RAD23B,0.004871239650267218,0.5279085522162235,0.216,0.198,1,Treg cell
VPS4B,0.004881144638945932,0.3014427904666952,0.311,0.296,1,Treg cell
SEC24A,0.00488222391904823,0.2639967803578822,0.167,0.149,1,Treg cell
ARPC3,0.004883985723853932,0.3548532445952157,0.256,0.237,1,Treg cell
SLC10A3,0.004900072752940731,0.1951526975294815,0.127,0.111,1,Treg cell
TRAPPC4,0.004910353439717508,0.39721451169841104,0.297,0.274,1,Treg cell
IBTK,0.0049119399587048765,0.8427661055929098,0.303,0.279,1,Treg cell
SNX6,0.004923568381456985,3.756360295017667,0.439,0.417,1,Treg cell
SGSM3,0.004937645574146768,0.19380650452916504,0.136,0.119,1,Treg cell
FTH1,0.004945088084829845,2.3347312104133486,0.603,0.584,1,Treg cell
ERCC8,0.004959481786805374,0.3032735441939143,0.081,0.072,1,Treg cell
SRF,0.004962192911006448,0.46640450972424774,0.133,0.118,1,Treg cell
GRAMD1A,0.00497474347434898,0.11539718477302363,0.308,0.29,1,Treg cell
C11orf24,0.00498244479894768,0.20736758240158526,0.045,0.036,1,Treg cell
ARHGAP45,0.005010803766079182,0.2455771030118692,0.646,0.635,1,Treg cell
RBM42,0.005036379786901936,0.40122988201999654,0.18,0.174,1,Treg cell
KLHL3,0.005043587437455925,0.2298312216682441,0.076,0.063,1,Treg cell
COMMD6,0.0050566040605209165,1.0792265148111024,0.481,0.457,1,Treg cell
GLRX2,0.0050571977659436265,0.3391452157841037,0.101,0.092,1,Treg cell
APOBR,0.005058479910982023,0.3458300447272008,0.123,0.109,1,Treg cell
DNAJC24,0.005058557579688017,0.23304383565530018,0.119,0.105,1,Treg cell
RIC8A,0.00506409397192827,0.25549249766479165,0.156,0.141,1,Treg cell
PDCD6IP,0.005066123561540203,0.8559332562142288,0.441,0.417,1,Treg cell
UBAP1,0.005066969809332522,0.24710785760741505,0.16,0.143,1,Treg cell
CERT1,0.005069695441665876,-0.5252535948538901,0.369,0.344,1,Treg cell
TINF2,0.005074570821927722,0.35815030470353576,0.286,0.264,1,Treg cell
RORC,0.0050892816019505425,-0.6780531578228798,0.037,0.029,1,Treg cell
LYSMD2,0.005102216703136856,0.2780188714552073,0.169,0.152,1,Treg cell
FHIT,0.0051023378972664705,-2.143120071417049,0.209,0.187,1,Treg cell
AKAP13,0.005111034230030092,0.7625210042020689,0.546,0.52,1,Treg cell
SFT2D1,0.0051172506606512805,0.30253512954773787,0.172,0.153,1,Treg cell
VPS37A,0.005138141826523649,0.3241898422930447,0.132,0.117,1,Treg cell
RSBN1L,0.005147493871169556,0.24748059581060017,0.365,0.358,1,Treg cell
FAM50B,0.005174071958684155,0.3103627723996558,0.074,0.063,1,Treg cell
NCOR1,0.005177854085938514,-0.23204001206165703,0.559,0.531,1,Treg cell
C11orf58,0.005199612991653131,0.2246320723281401,0.566,0.553,1,Treg cell
PRPF6,0.005208708445074936,0.20175454846407437,0.445,0.423,1,Treg cell
PRRC2A,0.005210483749318566,0.19029813324591927,0.211,0.196,1,Treg cell
UEVLD,0.005213213034174817,0.7963197857632356,0.085,0.072,1,Treg cell
AP1S1,0.0052171970946677,0.10781157307343481,0.085,0.072,1,Treg cell
IQSEC1,0.005224575327158401,0.29939455165988926,0.539,0.525,1,Treg cell
RAB6A,0.0052270566240100545,0.8875307375748239,0.362,0.339,1,Treg cell
TOMM22,0.005229122789528835,0.24899040641518755,0.226,0.206,1,Treg cell
GPRIN3,0.00524264295671706,-1.73450453107432,0.392,0.378,1,Treg cell
TPR,0.0052455425254227415,0.4427695980529236,0.474,0.453,1,Treg cell
ASPSCR1,0.005256346673630554,0.27397154565779425,0.129,0.116,1,Treg cell
UBE2B,0.005258942583739241,0.317129508267872,0.409,0.387,1,Treg cell
SGPL1,0.005270730417428731,0.25528906951896224,0.119,0.103,1,Treg cell
RNF20,0.005271228912883678,0.24467255551628875,0.199,0.182,1,Treg cell
PPWD1,0.005272018679059172,0.263365905736307,0.352,0.329,1,Treg cell
MTHFD2,0.005288401755420622,1.143430269278417,0.152,0.135,1,Treg cell
NSL1,0.005296957610091942,0.22659565146117316,0.219,0.203,1,Treg cell
TASOR2,0.0053024261783290475,-1.1057502036359677,0.309,0.284,1,Treg cell
MGAT2,0.005309323864620721,0.272922232978266,0.192,0.172,1,Treg cell
SEC23IP,0.00531511329205902,0.2035987523949243,0.219,0.202,1,Treg cell
TMEM229B,0.0053158580447938775,0.18702796074350214,0.066,0.055,1,Treg cell
RENBP,0.005352781760868537,0.2520001113462298,0.07,0.057,1,Treg cell
FAM53B,0.00536024954173294,0.38610645999085547,0.283,0.261,1,Treg cell
ZSCAN21,0.005362572921038701,0.4341832028853858,0.045,0.037,1,Treg cell
MPV17,0.005367314040706155,0.2419503977805975,0.264,0.246,1,Treg cell
ATG4A,0.0053687518792205095,0.40033998566659035,0.067,0.059,1,Treg cell
RCC1L,0.005373096704157639,0.12614637862869382,0.17,0.154,1,Treg cell
KDM7A,0.005376891270334015,0.40461060879740673,0.2,0.183,1,Treg cell
GPKOW,0.005408108344392779,0.27863484950179207,0.145,0.132,1,Treg cell
CEP20,0.005439828138539077,0.23491866126104344,0.221,0.212,1,Treg cell
SNRPC,0.005457357495501858,1.4820562645859456,0.38,0.369,1,Treg cell
PAPOLA,0.005469634352506271,0.18249712612065383,0.221,0.201,1,Treg cell
DDHD2,0.005484794582802219,0.17307691145416215,0.185,0.166,1,Treg cell
SLC25A45,0.005490002797191216,0.16876849376076863,0.191,0.177,1,Treg cell
APOBEC3H,0.00550527970662481,1.275290611426076,0.017,0.012,1,Treg cell
UBE2G2,0.005549867310122667,0.21230843047665202,0.286,0.287,1,Treg cell
C6orf62,0.00556876635076526,0.47179265094201295,0.337,0.316,1,Treg cell
NHP2,0.005573081469051504,0.6819020493516461,0.312,0.303,1,Treg cell
YKT6,0.0055743209177330725,0.1689735690063664,0.254,0.231,1,Treg cell
DMAC2L,0.0055865985274036805,0.1455651657964534,0.145,0.132,1,Treg cell
NUDCD3,0.0056028547145630875,0.3453519071933402,0.247,0.224,1,Treg cell
STAT5A,0.005609694488253045,0.13581059198976886,0.193,0.172,1,Treg cell
RABL6,0.005616791352223887,0.37315762984874357,0.275,0.257,1,Treg cell
TMEM183A,0.005660168157773616,-0.36927022897726713,0.405,0.383,1,Treg cell
DBF4B,0.005684400540857932,0.48294678883459596,0.028,0.02,1,Treg cell
TBC1D10A,0.005687347172329981,0.2585595628193941,0.197,0.178,1,Treg cell
GNE,0.005699644296498208,0.3055722070753748,0.07,0.058,1,Treg cell
MED18,0.0057016063076702084,0.3180002760063987,0.109,0.094,1,Treg cell
APOBEC3F,0.005711057020717303,0.18936782980147981,0.098,0.083,1,Treg cell
MACIR,0.005715530181529178,0.17091526026688264,0.025,0.02,1,Treg cell
GSPT1,0.00571857669836804,0.13298323789652722,0.207,0.186,1,Treg cell
YY1AP1,0.005724055724191311,0.17189682136515605,0.291,0.271,1,Treg cell
TBC1D19,0.005735916076041991,0.2165887901073147,0.144,0.127,1,Treg cell
BBLN,0.005737705361818645,1.0112119106983934,0.179,0.161,1,Treg cell
ZNF121,0.005746837340851386,0.33480948414490064,0.224,0.208,1,Treg cell
LARP4,0.0057689189871584145,0.29079830182490796,0.272,0.255,1,Treg cell
ATF4,0.005769398614039389,0.2770986145461889,0.193,0.172,1,Treg cell
SPCS3,0.005780438320509963,0.48307848193971614,0.345,0.327,1,Treg cell
RAB29,0.0057849681230424735,0.2101097073526909,0.259,0.238,1,Treg cell
MLKL,0.005793616328625233,0.20735420514998426,0.188,0.167,1,Treg cell
KXD1,0.005797740751028062,0.8400103291946717,0.288,0.265,1,Treg cell
DNAAF5,0.005800475564754379,0.2989157358121144,0.063,0.051,1,Treg cell
ZBTB3,0.005802809062748312,0.3849137985742668,0.07,0.058,1,Treg cell
C6orf89,0.0058250153929356365,0.21868878856741802,0.179,0.16,1,Treg cell
TBL1XR1,0.005852546589397784,-0.12496831629770888,0.475,0.449,1,Treg cell
PLAGL2,0.005853188270454457,0.18691487917458272,0.103,0.087,1,Treg cell
PAFAH1B3,0.005859854700228313,0.2944373638359399,0.154,0.136,1,Treg cell
GTF3C6,0.005865157583024742,0.5447143928502318,0.242,0.22,1,Treg cell
PSMC2,0.005923458115114654,2.978748101134363,0.333,0.313,1,Treg cell
CBR1,0.005924229424842271,0.3631641398720462,0.058,0.047,1,Treg cell
UBASH3B,0.005924997599636255,0.8754441663889698,0.214,0.194,1,Treg cell
ZNF264,0.005955970163764534,0.3713014171394871,0.252,0.232,1,Treg cell
DMTF1,0.0060289572102792946,0.1518712540155046,0.378,0.365,1,Treg cell
ABCA7,0.006073074435438816,0.2692051329417897,0.192,0.191,1,Treg cell
ABCA5,0.006087113158518607,0.2071284670434429,0.217,0.197,1,Treg cell
MSANTD4,0.0060923689009502605,0.2900383393004211,0.101,0.086,1,Treg cell
SERINC1,0.006092736872142151,-0.10613593940128396,0.522,0.498,1,Treg cell
CIC,0.0061285486666157775,-0.4083777037986287,0.227,0.207,1,Treg cell
PPIL2,0.006135679281613878,0.2976373420638876,0.165,0.149,1,Treg cell
ATP6AP1,0.006159815655884891,0.3783758713765828,0.267,0.249,1,Treg cell
SF3A1,0.0061890389126873085,0.13207346848091822,0.332,0.308,1,Treg cell
EPRS1,0.006190889307385376,0.5098944082047077,0.329,0.307,1,Treg cell
SH3BP5L,0.006205903925243705,0.20864928896614954,0.15,0.134,1,Treg cell
RBM18,0.006212711715619839,0.2408736352510934,0.107,0.092,1,Treg cell
TMEM121,0.006260513153421625,-0.45231039216006597,0.011,0.011,1,Treg cell
ZFP30,0.006264457857335865,0.24245802584254905,0.057,0.047,1,Treg cell
TNFSF14,0.006268385727144813,0.37897803366577376,0.036,0.028,1,Treg cell
SLC37A3,0.006291577189968072,0.12696943483012868,0.165,0.148,1,Treg cell
TAF5L,0.0063227495363417634,0.15695252932954085,0.129,0.114,1,Treg cell
CHKB,0.006337815632265997,0.11373847031154016,0.237,0.217,1,Treg cell
PCGF5,0.006357819785942179,0.36082503902942914,0.293,0.284,1,Treg cell
S100PBP,0.006358344461849581,0.2530969340827165,0.279,0.262,1,Treg cell
NFE2L2,0.00636056177635153,0.16517792843652654,0.268,0.248,1,Treg cell
ALMS1,0.006365338328670116,0.2936558344216773,0.167,0.153,1,Treg cell
FDX1,0.006382073722515753,0.3200481896006322,0.143,0.131,1,Treg cell
SH3TC1,0.006383923306636827,0.34996421497395325,0.065,0.052,1,Treg cell
ARL15,0.006388014180240206,0.24961946839087334,0.198,0.182,1,Treg cell
GOLGA8B,0.006410199176251414,0.22620427122214304,0.487,0.462,1,Treg cell
EDF1,0.006428062676748395,0.20504282110938588,0.398,0.38,1,Treg cell
CENPO,0.006435421795438091,-0.10088748237399603,0.027,0.024,1,Treg cell
TRAPPC6A,0.006439747567992461,0.12587873762165042,0.204,0.186,1,Treg cell
MANEA,0.006444411243752211,0.6955630695991206,0.137,0.126,1,Treg cell
EIF3L,0.006466966290414259,4.094142750000689,0.59,0.567,1,Treg cell
ALG14,0.006471193727873712,0.4497273007369298,0.05,0.04,1,Treg cell
PBDC1,0.006482945310338232,0.30016159200945913,0.135,0.118,1,Treg cell
YTHDC1,0.006484993274486433,0.2872888895404313,0.472,0.45,1,Treg cell
UBE2V1,0.006531444558364351,-0.16346234761941314,0.334,0.313,1,Treg cell
NSMCE2,0.006573394032034695,0.20477841967345278,0.175,0.157,1,Treg cell
JPT2,0.006576271661991652,0.16971534211594563,0.164,0.148,1,Treg cell
SPG21,0.00662006824820841,0.3982400163714941,0.366,0.342,1,Treg cell
MFHAS1,0.006621866931591123,0.3987659906147692,0.255,0.236,1,Treg cell
MCTS1,0.006663624975894524,0.47037642546800884,0.162,0.148,1,Treg cell
UBA52,0.00667332081464074,2.733998965186217,0.899,0.886,1,Treg cell
SAE1,0.00670601089461078,0.21249401344899033,0.142,0.128,1,Treg cell
NUP50,0.006739674082834973,0.24946298547025533,0.293,0.276,1,Treg cell
SLC4A8,0.0067457396137410855,0.3470073026296294,0.015,0.011,1,Treg cell
POLR2K,0.006788245234550995,0.11957721988463554,0.193,0.175,1,Treg cell
ARF6,0.00679348826739912,2.360822966188744,0.72,0.7,1,Treg cell
EIF3J,0.006798767605050769,0.17561856746531346,0.347,0.325,1,Treg cell
BAHD1,0.0068029748936940596,0.2937078509609027,0.169,0.155,1,Treg cell
FAM120A,0.006827708816317354,0.3249461898990442,0.311,0.296,1,Treg cell
STYX,0.006829614909766647,0.3464605740349509,0.432,0.414,1,Treg cell
PRR14,0.006856159583897396,0.24893463483651335,0.293,0.271,1,Treg cell
VAMP7,0.006864464409226666,0.3012559985491501,0.163,0.145,1,Treg cell
DNAJC15,0.006870835084788478,0.15235240772325767,0.234,0.217,1,Treg cell
CUTA,0.0068842346056808765,0.21956237919251342,0.396,0.373,1,Treg cell
CDKN1B,0.006904282158206841,0.921318198544105,0.777,0.753,1,Treg cell
CDKN2AIP,0.006909767129806862,-0.20147630603965028,0.102,0.096,1,Treg cell
KCNN4,0.006946147544894553,0.2857158571181764,0.136,0.121,1,Treg cell
GNG2,0.006960672084622662,3.024023552783401,0.514,0.499,1,Treg cell
AGMAT,0.006967973607948864,0.3603104164177615,0.127,0.112,1,Treg cell
BARD1,0.007002134128445993,0.22782495493799626,0.082,0.069,1,Treg cell
LRRC42,0.007021822364660255,0.5493429897383311,0.038,0.032,1,Treg cell
GLS,0.007030136562173798,0.19495120250662995,0.364,0.341,1,Treg cell
SLC16A6,0.007048761497258035,0.2797201571984802,0.07,0.067,1,Treg cell
TNFAIP8,0.0070912542060772845,1.3718596808431442,0.643,0.639,1,Treg cell
LYRM9,0.0071181782746887155,0.1523620841846811,0.07,0.059,1,Treg cell
CINP,0.00715318986172304,0.23432718641850725,0.106,0.092,1,Treg cell
TXNDC9,0.007154078186317767,0.25722178445034327,0.126,0.113,1,Treg cell
MTMR2,0.007162579300490056,0.2595141566596464,0.107,0.092,1,Treg cell
PKNOX1,0.007165202995427201,0.2940207569323925,0.081,0.081,1,Treg cell
RABGGTB,0.0071657920619173626,0.7959320653336215,0.414,0.388,1,Treg cell
DAXX,0.007169441375052476,0.293094528109313,0.274,0.252,1,Treg cell
CIAO1,0.007183135351356759,0.16467333784267235,0.227,0.209,1,Treg cell
ITK,0.007192178043034324,-2.6068924186726736,0.745,0.732,1,Treg cell
RB1CC1,0.0072097974713391235,0.18224249013995142,0.284,0.271,1,Treg cell
TXNIP,0.007213286172940761,-14.459798500028555,0.996,0.993,1,Treg cell
SLC35A4,0.00722566904158679,0.14618653507127743,0.252,0.232,1,Treg cell
ZNF274,0.0072297002970296495,0.28412137731250575,0.126,0.112,1,Treg cell
OXCT1,0.007242081087794088,-0.3248732351204906,0.187,0.168,1,Treg cell
ARHGEF9,0.0072462613934675775,0.2322603737664095,0.079,0.067,1,Treg cell
AP2S1,0.00729350624874958,0.409081968842236,0.131,0.117,1,Treg cell
ASMTL,0.007296492777516503,0.12271760940094922,0.134,0.12,1,Treg cell
ZFAND3,0.0072965540215270555,0.11903210294887712,0.36,0.34,1,Treg cell
STIM1,0.007306156011634842,0.17938835592556956,0.447,0.426,1,Treg cell
SORL1,0.007312282903633548,0.41813354643826806,0.666,0.646,1,Treg cell
FCMR,0.007334142904435224,13.056116846655328,0.897,0.889,1,Treg cell
CCDC82,0.007347683090958618,0.5559558044257791,0.253,0.233,1,Treg cell
OLA1,0.00736054063690665,0.3150173184006557,0.094,0.082,1,Treg cell
FOXJ2,0.007364370614019952,0.2250137542984474,0.133,0.117,1,Treg cell
MARCHF7,0.007369612648765048,0.15522934632353458,0.676,0.66,1,Treg cell
COPS3,0.007376767664059132,1.3440490504926959,0.215,0.199,1,Treg cell
NBPF11,0.007378181378080044,0.44270101734025413,0.022,0.018,1,Treg cell
NAGK,0.007438169051879893,0.30373784978018603,0.21,0.193,1,Treg cell
UBA7,0.007441308370059292,0.17367592427881406,0.338,0.315,1,Treg cell
SLC16A10,0.007463592628176307,0.4006103031661966,0.16,0.141,1,Treg cell
EDC3,0.007465118765529403,0.1419290383884695,0.162,0.144,1,Treg cell
DGKA,0.007466982051031564,8.06828237127623,0.863,0.861,1,Treg cell
EDEM2,0.007514984019750478,0.17063595625639194,0.211,0.19,1,Treg cell
TCERG1,0.007533189956799228,0.2751908038142178,0.338,0.315,1,Treg cell
XRCC4,0.007546858319871614,0.39978894033103307,0.049,0.041,1,Treg cell
ANAPC11,0.007577685968029872,-1.3205751644177388,0.266,0.246,1,Treg cell
TDG,0.0076143586504252994,0.31834837379350667,0.07,0.058,1,Treg cell
LTBP3,0.007624658243685163,0.2795467175404529,0.361,0.336,1,Treg cell
AP5Z1,0.007672609770330199,0.2108589069750516,0.213,0.195,1,Treg cell
PSMD1,0.007730880816342309,0.368418012542557,0.177,0.163,1,Treg cell
NUDT21,0.007825449461904714,0.379590840057857,0.335,0.31,1,Treg cell
CCL5,0.00782579678605125,-27.431854018102854,0.067,0.055,1,Treg cell
RRM1,0.007839705564826407,0.2960712330038335,0.188,0.173,1,Treg cell
VPS13D,0.007860424081381935,0.23712753281271365,0.23,0.227,1,Treg cell
SZRD1,0.007899376176672671,0.11644259691732606,0.275,0.255,1,Treg cell
ACER3,0.007919680090589926,0.19213999901266643,0.026,0.02,1,Treg cell
NDUFA5,0.007920437344580158,0.3185788194859732,0.315,0.294,1,Treg cell
XRN2,0.00793119433407872,0.17987237347294893,0.327,0.304,1,Treg cell
DCTD,0.00793270737644574,0.2508458323668221,0.269,0.25,1,Treg cell
CCDC28A,0.007943726832834598,0.30382396723406635,0.152,0.137,1,Treg cell
NPRL2,0.00794892245161138,0.2862279867976252,0.129,0.112,1,Treg cell
HBP1,0.007980440257644274,0.4518302133784151,0.397,0.371,1,Treg cell
ITGA4,0.00799625208019389,41.44814552801781,0.359,0.376,1,Treg cell
LMNB1,0.00801461223003409,-0.39165523918959166,0.121,0.107,1,Treg cell
CCNC,0.008023114599388951,0.6720349436590952,0.283,0.262,1,Treg cell
VTI1B,0.008034597830476296,0.38605608563412785,0.239,0.225,1,Treg cell
GRIPAP1,0.008034791327606816,0.5862557912704558,0.31,0.289,1,Treg cell
TSSC4,0.008067779540006134,0.23110311437455056,0.152,0.142,1,Treg cell
PRR11,0.008084089719673015,1.9274937595799293,0.019,0.014,1,Treg cell
PTPN9,0.008086771073481594,0.23982540741717306,0.158,0.142,1,Treg cell
MGMT,0.008096894129227112,0.24212967427779875,0.146,0.127,1,Treg cell
RCN1,0.008102009515519754,0.5776746420140197,0.047,0.038,1,Treg cell
ZNF841,0.008161026328077713,0.20091279574585275,0.13,0.115,1,Treg cell
ARMT1,0.008184306619082085,0.2764288071542782,0.078,0.066,1,Treg cell
DAAM1,0.008231832501573352,0.18151197413815234,0.126,0.111,1,Treg cell
GANAB,0.00823867276713718,0.14968833351554434,0.253,0.233,1,Treg cell
PSMD3,0.008282586788182729,0.36668811337499896,0.26,0.248,1,Treg cell
USP1,0.008308542326933618,0.26936402489318323,0.316,0.303,1,Treg cell
ARHGAP31,0.008388247123471363,0.14270704246603083,0.05,0.04,1,Treg cell
NAT10,0.008393367965005259,0.24181302176195296,0.136,0.12,1,Treg cell
WDR97,0.008411448702322749,-0.28677297178046857,0.013,0.017,1,Treg cell
CCDC167,0.008428521889733072,-2.6250018166948808,0.277,0.257,1,Treg cell
TMEM179B,0.008440850478383277,0.1666011749034706,0.22,0.198,1,Treg cell
STMN1,0.008457443985701422,4.140989458978124,0.057,0.049,1,Treg cell
PLXNC1,0.008463013244143603,0.46747820498552217,0.052,0.043,1,Treg cell
HDDC2,0.008466828667609776,0.42243375379906345,0.157,0.143,1,Treg cell
CDKN2A,0.008471855104158262,0.860069844972374,0.028,0.021,1,Treg cell
PIGF,0.00850933301325748,0.15833019559983064,0.133,0.117,1,Treg cell
DGAT1,0.008519506844594,0.13821218265310542,0.191,0.174,1,Treg cell
NHEJ1,0.00855004236475588,0.10691273759275477,0.139,0.128,1,Treg cell
CLN8,0.008569711672037045,0.2181912964041297,0.114,0.1,1,Treg cell
RPA3,0.008578800217368463,0.21964280577675055,0.097,0.084,1,Treg cell
IMMT,0.008581497675756401,-0.12589751620131603,0.257,0.237,1,Treg cell
METTL15,0.00858931737570008,0.3993443906252978,0.142,0.135,1,Treg cell
CENPM,0.00863631811796846,0.33848494411775853,0.162,0.146,1,Treg cell
PDCD4,0.008653647071872777,6.263143464464825,0.581,0.566,1,Treg cell
GPATCH2,0.008658712660885427,0.1282710019926958,0.118,0.103,1,Treg cell
FAM135A,0.008673914658834827,0.24049726763575663,0.021,0.021,1,Treg cell
PSMC6,0.008701517311796646,0.24321790256854514,0.195,0.183,1,Treg cell
TMEM208,0.008704022689531066,0.2992481280067132,0.125,0.111,1,Treg cell
PTPN22,0.00871873071043431,-2.334575978030178,0.274,0.255,1,Treg cell
PSMB5,0.008775005099288429,0.35653465108000404,0.089,0.077,1,Treg cell
RFFL,0.008779516393250936,0.6893305400312353,0.443,0.423,1,Treg cell
NDUFA8,0.008796557643856008,-0.11641529310208298,0.145,0.134,1,Treg cell
AP3D1,0.008798624590779926,0.423755701022752,0.247,0.236,1,Treg cell
EDRF1,0.008829723474350095,0.21741192971786272,0.147,0.138,1,Treg cell
CLCN5,0.008878574049028674,0.7060180838630981,0.016,0.011,1,Treg cell
RC3H1,0.008890286980713624,0.1857762594105954,0.278,0.263,1,Treg cell
ERMARD,0.008896867673805469,0.14782979904296334,0.115,0.1,1,Treg cell
TMBIM1,0.00894271583535964,0.6093172685817314,0.341,0.327,1,Treg cell
MEAK7,0.008964552680311374,0.3235624457085815,0.07,0.058,1,Treg cell
POLR1H,0.008985545948763347,0.24707643874606156,0.138,0.124,1,Treg cell
LMAN2,0.009009482480131928,1.2279443464083877,0.476,0.454,1,Treg cell
SLC66A3,0.009021763299473315,0.1904342081226188,0.186,0.173,1,Treg cell
RETREG2,0.009048935243737007,0.1310826386634577,0.232,0.211,1,Treg cell
ATP5F1A,0.009051069388230044,0.48357180974226455,0.261,0.24,1,Treg cell
BCL2L1,0.00905613167031721,0.16582507281703973,0.19,0.171,1,Treg cell
STK16,0.009067434384956871,0.3116900607570532,0.1,0.089,1,Treg cell
SMPD1,0.009073070256779496,0.28140912411827845,0.168,0.149,1,Treg cell
OLFM2,0.009082610421532286,0.36756323745505237,0.107,0.093,1,Treg cell
XRCC5,0.009089463168017052,0.143338129024264,0.284,0.262,1,Treg cell
AREL1,0.009091528950875293,0.10044036222116381,0.109,0.095,1,Treg cell
ARMC6,0.009114101536325433,0.29865994992039413,0.095,0.081,1,Treg cell
KIZ,0.00911656643641136,0.19564979697430485,0.191,0.174,1,Treg cell
NSUN5,0.009120787892825867,0.3098744369362936,0.065,0.053,1,Treg cell
PISD,0.009161214804752276,0.4184702194958141,0.05,0.04,1,Treg cell
SYVN1,0.009174729973915862,0.2823388742136941,0.104,0.094,1,Treg cell
STRIP1,0.009222988298559337,0.1514857137275939,0.214,0.195,1,Treg cell
BDH2,0.009223799661311856,0.29506082324064176,0.144,0.128,1,Treg cell
NSFL1C,0.009276143157923272,0.27484664484152543,0.191,0.172,1,Treg cell
CLYBL,0.009311940601890863,0.18195475056075683,0.123,0.109,1,Treg cell
ZPR1,0.009314305374719068,0.11779174819144567,0.145,0.129,1,Treg cell
NEIL3,0.009376906456373693,0.39353956707303794,0.023,0.017,1,Treg cell
FAM111A,0.009383671611523908,0.326966074430745,0.376,0.352,1,Treg cell
AMBRA1,0.009408186351420796,0.1893072652320091,0.298,0.275,1,Treg cell
TEDC1,0.009425237569343995,0.24854736949131162,0.034,0.026,1,Treg cell
PMPCA,0.009466585134509995,0.275387800310259,0.121,0.109,1,Treg cell
UBE3B,0.009520835237147716,0.3251047342413713,0.104,0.092,1,Treg cell
DCTN1,0.009530290447964678,0.33040601042955187,0.32,0.312,1,Treg cell
ZNF30,0.00953769089521655,0.5218519937897494,0.036,0.028,1,Treg cell
RABAC1,0.009542127096179926,0.29376770737923746,0.293,0.277,1,Treg cell
ATP8B3,0.009555644778982906,0.40708927167236864,0.037,0.03,1,Treg cell
DHX15,0.009577035880910887,0.48508587433150696,0.411,0.412,1,Treg cell
NFATC3,0.009581938281320004,-1.326025378968386,0.544,0.521,1,Treg cell
MDH1,0.009597820941734456,0.2973181141426364,0.091,0.079,1,Treg cell
COA6,0.009599050408197082,0.15492312091469884,0.129,0.114,1,Treg cell
RRP36,0.009612200665481699,-0.10300803274528503,0.215,0.195,1,Treg cell
APOL2,0.009623584591396903,0.9599759400676823,0.257,0.239,1,Treg cell
MIS18BP1,0.009627328622672227,0.2574037799435456,0.207,0.186,1,Treg cell
DNAJC16,0.009638126988648117,0.2223549560642506,0.072,0.06,1,Treg cell
CSTF1,0.009646679215272057,0.37165689253897827,0.128,0.116,1,Treg cell
CEP78,0.009666932153051911,1.0842336405653599,0.23,0.213,1,Treg cell
TNIP1,0.009680172368068332,3.1195033628447617,0.496,0.472,1,Treg cell
AKAP8L,0.009700546196985462,0.14201116594831575,0.252,0.23,1,Treg cell
SCYL2,0.009710414559833397,0.1478741740643823,0.143,0.126,1,Treg cell
SNU13,0.009718043653313588,-1.2390989046723488,0.59,0.567,1,Treg cell
PM20D1,0.009769455611672221,0.5393019318067429,0.015,0.011,1,Treg cell
SOCS4,0.009804648560847532,0.23583779049345988,0.123,0.107,1,Treg cell
APC,0.00984294515074602,0.26709885991111704,0.164,0.146,1,Treg cell
FCF1,0.009882218117502926,0.21347156954317348,0.126,0.111,1,Treg cell
CPNE1,0.00989271661590127,0.670313589992015,0.465,0.448,1,Treg cell
SLC35A1,0.009897035730260703,0.20602477836807975,0.175,0.158,1,Treg cell
PRDM10,0.009922651021250319,0.3733090756742161,0.064,0.053,1,Treg cell
CLTB,0.00993104204786482,-0.20075385413258529,0.196,0.177,1,Treg cell
CCDC163,0.009932878086255254,0.2620994124495093,0.016,0.012,1,Treg cell
ASH1L,0.00994007447713166,0.574163484162578,0.583,0.578,1,Treg cell
RXYLT1,0.009951962051764773,0.18072800294395996,0.074,0.062,1,Treg cell
LSM11,0.009999497641202473,-0.11392599689837901,0.04,0.033,1,Treg cell
ELOB,0.01002146317940808,-0.15822163486146962,0.243,0.224,1,Treg cell
RBX1,0.010032334228291558,0.2121433683567835,0.227,0.206,1,Treg cell
STX6,0.010054226863383831,0.210353509957377,0.168,0.151,1,Treg cell
CYB561D2,0.010060632501731682,0.1495016419616162,0.138,0.122,1,Treg cell
CBLL1,0.01007779242048786,-1.6588684201507604,0.436,0.416,1,Treg cell
KLHL2,0.010108740511908186,0.2751554473746052,0.156,0.139,1,Treg cell
ALKBH3,0.010117215023073172,0.2027501418161033,0.079,0.067,1,Treg cell
IPCEF1,0.010186487363108909,0.6689229053677423,0.481,0.479,1,Treg cell
TRIP12,0.01019974866109899,0.4401261065249966,0.508,0.485,1,Treg cell
CRYZ,0.010214366694011746,0.3132485445597851,0.156,0.138,1,Treg cell
OSBP,0.010214529473281421,0.27650536750131655,0.238,0.221,1,Treg cell
INTS9,0.01024326966581776,0.33857817879219976,0.092,0.083,1,Treg cell
ALDH6A1,0.010252982140510227,0.15639911088446534,0.096,0.085,1,Treg cell
GNG10,0.010253953774351407,0.14148299055181557,0.233,0.215,1,Treg cell
EXOC4,0.010269538036253679,0.1675314100815935,0.282,0.26,1,Treg cell
GPR68,0.010277892328563033,0.7721459858007934,0.093,0.08,1,Treg cell
COPS8,0.010327228888961868,0.2336018163513165,0.136,0.125,1,Treg cell
RANBP10,0.010333471324612624,0.2796586218535988,0.075,0.063,1,Treg cell
ZC3H4,0.010342652553108381,0.71723021405142,0.366,0.355,1,Treg cell
KCTD10,0.010342694885642824,0.3331236018414607,0.076,0.065,1,Treg cell
CRYBG1,0.01037220091733408,0.20846410187115383,0.28,0.28,1,Treg cell
NPEPPS,0.010396777792015059,0.140285082466149,0.325,0.307,1,Treg cell
ECI2,0.010397033808030254,0.2364932404317697,0.232,0.213,1,Treg cell
CDV3,0.010408986773646524,0.15291406407669716,0.351,0.328,1,Treg cell
RNF157,0.01042278074079117,0.48117108387982477,0.137,0.128,1,Treg cell
KDM4B,0.010430368227839893,0.24054597959763258,0.128,0.114,1,Treg cell
MCM3,0.010439942192107254,0.4099312535189723,0.199,0.19,1,Treg cell
ATXN7L3,0.0104613387928942,0.2085574227814413,0.083,0.07,1,Treg cell
TMC6,0.010468981237684428,-0.6624806052150927,0.529,0.504,1,Treg cell
CHD1,0.010476765497281439,0.1715326457262214,0.394,0.37,1,Treg cell
TMEM160,0.010482677022181603,0.2647187262325006,0.053,0.043,1,Treg cell
HLTF,0.010510284349643543,0.28274269208074765,0.095,0.086,1,Treg cell
NOP9,0.01052892730641384,0.18545169726919863,0.129,0.114,1,Treg cell
ITPK1,0.010563936665101711,0.14062998139964056,0.164,0.147,1,Treg cell
MPC2,0.010585913674600942,0.2584205505262551,0.123,0.108,1,Treg cell
IRS2,0.01062875338026218,-0.18250683775788468,0.173,0.188,1,Treg cell
PDSS2,0.010648068812856994,0.2722028174856139,0.15,0.132,1,Treg cell
VPS33B,0.010652952418153639,0.39698503797840967,0.035,0.026,1,Treg cell
RUNDC1,0.010658935591754915,0.2597795389795601,0.095,0.082,1,Treg cell
RINL,0.010711251851605845,0.18407023895241093,0.124,0.108,1,Treg cell
TCF12,0.010758251581326471,0.2182591974638931,0.289,0.271,1,Treg cell
ESRRA,0.010763637988634674,0.23647798524540464,0.068,0.056,1,Treg cell
CITED2,0.01080929019296869,0.32874330814941843,0.299,0.281,1,Treg cell
GPX4,0.010825814299691707,0.1451587578080198,0.434,0.418,1,Treg cell
EPN1,0.010859876300266686,0.15061685774816924,0.103,0.09,1,Treg cell
CSRP1,0.01087203681530975,0.7230783281794362,0.243,0.226,1,Treg cell
ALG13,0.010932318360917875,-1.29832494601827,0.43,0.405,1,Treg cell
MAF,0.010959723025544188,5.959660650319865,0.277,0.253,1,Treg cell
PHF20,0.011006624948463621,0.3301483437851067,0.121,0.109,1,Treg cell
ARRB1,0.011008515033500515,0.31152855510128363,0.094,0.084,1,Treg cell
MAP3K11,0.011062180950016643,0.19375979376463404,0.161,0.144,1,Treg cell
PPP3CB,0.011080616397624983,0.2822803168236495,0.318,0.304,1,Treg cell
NLRP2,0.011099403796702156,0.4246123786138618,0.045,0.036,1,Treg cell
DNAAF10,0.01111776872964667,0.2851842853850628,0.081,0.069,1,Treg cell
PAFAH1B1,0.011144531781182663,0.17820833062201924,0.502,0.48,1,Treg cell
GRAP2,0.011186568153125744,-1.5720946400863451,0.377,0.352,1,Treg cell
TBL3,0.011219537048832011,0.26192289460260754,0.104,0.097,1,Treg cell
PRRC2B,0.011313227934441485,0.17260822107957208,0.15,0.151,1,Treg cell
TRAFD1,0.011328338902161783,0.1293269149902858,0.144,0.129,1,Treg cell
RASA3,0.01132918548081398,-0.3325702988885144,0.738,0.736,1,Treg cell
ZBTB49,0.011350537557172448,0.3004449125904096,0.049,0.04,1,Treg cell
PARVB,0.011371996663471173,0.3817971276276386,0.086,0.075,1,Treg cell
SEPTIN10,0.011415206753975126,0.7373815520517057,0.021,0.014,1,Treg cell
CARM1,0.011468970854369528,0.26310227322116675,0.161,0.145,1,Treg cell
UBIAD1,0.01146905304375901,0.2766718002596775,0.098,0.088,1,Treg cell
TRIM38,0.011471246900906078,0.21778690383386845,0.444,0.422,1,Treg cell
PIP4P1,0.011482879682824668,-0.15320961207824957,0.164,0.164,1,Treg cell
UBE2G1,0.011502545172161512,0.4877470153778361,0.269,0.254,1,Treg cell
TTI2,0.011508789206020406,0.344966761018926,0.056,0.047,1,Treg cell
SPINT1,0.011508902866847906,0.9518532794286161,0.012,0.007,1,Treg cell
GTF3A,0.011510125414454021,0.18185644924481612,0.334,0.316,1,Treg cell
LIMK2,0.011540759301419422,0.38944489650941394,0.18,0.162,1,Treg cell
TMEM131,0.011542200326832388,0.1551606624265679,0.212,0.192,1,Treg cell
HBS1L,0.011558874122545328,0.2341849521385435,0.517,0.499,1,Treg cell
ZBTB16,0.011629746478779502,1.1660589910054027,0.036,0.03,1,Treg cell
SRD5A3,0.011638230281923874,0.35614052464316215,0.03,0.022,1,Treg cell
NUP153,0.011647413786089331,0.17342922578049835,0.295,0.272,1,Treg cell
GTF2I,0.01169265800630784,0.15005465949006735,0.15,0.133,1,Treg cell
ATL3,0.011700919254347427,0.24029873172699256,0.197,0.18,1,Treg cell
RAB2B,0.011708553207806657,0.12039201786965825,0.153,0.136,1,Treg cell
ARL5A,0.01173523185320463,0.20196230091601652,0.139,0.124,1,Treg cell
NCAPH,0.011815414958045072,0.5308912937449186,0.027,0.019,1,Treg cell
TMBIM4,0.011828272642506172,0.3507787991883541,0.412,0.396,1,Treg cell
LSM6,0.011836005117021195,0.40821594340188283,0.296,0.275,1,Treg cell
BCL3,0.011859065933627282,0.24239502506703475,0.126,0.113,1,Treg cell
FANCI,0.01186576418984507,0.32210951237183183,0.074,0.062,1,Treg cell
PPHLN1,0.011874039649171029,0.8917316348662712,0.479,0.458,1,Treg cell
CCNI,0.011874047692354719,-0.14593471690290727,0.825,0.805,1,Treg cell
TEX261,0.011878863646201988,0.20707064048773138,0.148,0.133,1,Treg cell
ZNF652,0.011880466065776484,0.2840396167129232,0.231,0.213,1,Treg cell
SIRPG,0.011885198298142214,0.2899795512901741,0.255,0.236,1,Treg cell
CHMP7,0.011922259330329449,-0.6381063522221062,0.535,0.514,1,Treg cell
PARP8,0.011922271812814916,0.14045251081383592,0.402,0.376,1,Treg cell
POR,0.0119350888606684,0.31748245056110336,0.123,0.109,1,Treg cell
RAF1,0.0119802403028818,0.3815062346377295,0.307,0.286,1,Treg cell
TAOK3,0.012012127348551971,0.5546643287593723,0.301,0.282,1,Treg cell
MMUT,0.012038323493158202,0.35729232271083644,0.093,0.081,1,Treg cell
GRAMD2B,0.012054671025358645,0.29997738758096926,0.047,0.039,1,Treg cell
DDR1,0.012056361944358437,0.7339720521614606,0.012,0.008,1,Treg cell
ZNF266,0.01208481521596811,0.10035460611780567,0.328,0.314,1,Treg cell
GNG5,0.012085165465316542,0.195736197692697,0.054,0.045,1,Treg cell
TESPA1,0.012093121209571827,-1.5245438616450597,0.365,0.348,1,Treg cell
GATC,0.012124135901726745,0.24069967067694487,0.092,0.079,1,Treg cell
ASAH1,0.012125267555275331,0.22542132669145287,0.141,0.126,1,Treg cell
CHD6,0.012171096046031695,0.14392272971776832,0.177,0.159,1,Treg cell
FANCF,0.012177301201338935,0.19181454350671134,0.122,0.106,1,Treg cell
TNRC18,0.012195117104309058,0.29142132374067886,0.07,0.058,1,Treg cell
APEH,0.012237752295097824,0.1693398779030817,0.2,0.184,1,Treg cell
RIOK1,0.012258478143199034,0.22261046888246394,0.103,0.089,1,Treg cell
NME6,0.012274930602817435,0.24209202568180954,0.084,0.071,1,Treg cell
SAP18,0.01229087880042966,0.3107496939896579,0.442,0.417,1,Treg cell
ECE1,0.01230560867462663,0.23465035419159141,0.334,0.32,1,Treg cell
ZNF862,0.012313191511469415,0.2237025741771076,0.184,0.166,1,Treg cell
ETNK1,0.012368347779906827,0.44105839566413846,0.256,0.241,1,Treg cell
INTS10,0.012403797027504972,0.24569217583152916,0.244,0.226,1,Treg cell
NIPA2,0.012486820980161442,0.2577835994328759,0.143,0.126,1,Treg cell
RIMOC1,0.012519022387669838,0.21646331208732117,0.154,0.141,1,Treg cell
PCLAF,0.012519783600896216,1.6095563584373056,0.021,0.017,1,Treg cell
UBR4,0.012529886960905151,0.20170100493827436,0.26,0.246,1,Treg cell
ARID4B,0.012538062061373083,-0.10393860623725937,0.608,0.585,1,Treg cell
TRIM47,0.012548583034824092,0.4846062451034223,0.043,0.036,1,Treg cell
RMDN1,0.012571166152364106,0.29689101316757394,0.109,0.097,1,Treg cell
PIK3CD,0.012588633423034805,-4.324835373334538,0.594,0.574,1,Treg cell
NOP53,0.012591568518888561,-3.6330269850572767,0.82,0.808,1,Treg cell
ZNF792,0.012621215116238827,0.32504255514113933,0.141,0.123,1,Treg cell
HEXIM1,0.01262838485328623,0.15061860777545144,0.334,0.313,1,Treg cell
MIA,0.01265359103602532,0.3457304312713694,0.008,0.01,1,Treg cell
CASTOR3P,0.012675105022217479,-0.25071018650377663,0.044,0.048,1,Treg cell
CTNNA1,0.012706895277792138,0.1086396872474138,0.091,0.076,1,Treg cell
FAM89B,0.012721040721866,0.1585668768855497,0.158,0.141,1,Treg cell
ELP2,0.012730977198851235,0.21265758966363854,0.308,0.286,1,Treg cell
TMEM126A,0.012733767461947636,0.2666365972968556,0.131,0.117,1,Treg cell
AGO1,0.01276828537729825,0.12366032327169552,0.138,0.123,1,Treg cell
ACTR3,0.012770334085299989,0.18167274556154614,0.231,0.213,1,Treg cell
TTC13,0.012774246595123714,0.18205599035465747,0.206,0.187,1,Treg cell
ZCCHC9,0.01277986733525709,0.32220844038302987,0.165,0.149,1,Treg cell
C17orf49,0.01282057083602896,1.6397831214182546,0.171,0.154,1,Treg cell
HMG20B,0.012824626894444056,0.31804628360569887,0.17,0.153,1,Treg cell
HNRNPUL1,0.01282978685779154,0.6320023179429857,0.416,0.398,1,Treg cell
EIF2B5,0.01283995701806335,0.31758372007059427,0.244,0.229,1,Treg cell
TFPT,0.01287694723410283,0.3734239152922665,0.093,0.083,1,Treg cell
FAR1,0.012916534777731964,0.29456377828377484,0.235,0.216,1,Treg cell
ARHGAP11A,0.012923406544155917,1.915289453117812,0.068,0.06,1,Treg cell
SNX4,0.012941786948299349,-0.24407469754656885,0.174,0.156,1,Treg cell
DDB1,0.012952604400729454,0.1375383085317552,0.174,0.156,1,Treg cell
WDR6,0.012954006109663106,0.27841497450961933,0.299,0.283,1,Treg cell
TRAF1,0.012973159953847343,0.14702413278279414,0.597,0.573,1,Treg cell
SYNE3,0.012974253310596338,0.11907846870453109,0.338,0.317,1,Treg cell
TMED10,0.013077806086191308,0.1683716932044601,0.182,0.164,1,Treg cell
PYM1,0.013081181462311948,0.10311129062707952,0.209,0.19,1,Treg cell
EOLA1,0.0131100686689363,0.1494493434581181,0.054,0.045,1,Treg cell
C9orf78,0.013115369826201808,0.19618677785839111,0.398,0.394,1,Treg cell
RBBP7,0.01316372500322497,0.3023172379551735,0.227,0.215,1,Treg cell
GOLGA2,0.013197946139432955,0.1368157932247822,0.092,0.079,1,Treg cell
CRTC3,0.013215322743998835,0.24646024570380665,0.235,0.224,1,Treg cell
HRAS,0.01324850093433198,0.3568506215430305,0.064,0.053,1,Treg cell
ADSL,0.013256891558930681,-1.1562373965316883,0.348,0.327,1,Treg cell
HNRNPU,0.013287304807450061,-0.2704598428055456,0.625,0.601,1,Treg cell
BLM,0.013299071832117133,0.10079115062038824,0.056,0.047,1,Treg cell
PPP3CC,0.013316338190170718,0.5152423480758814,0.462,0.453,1,Treg cell
ST7,0.013325605314997019,-0.10986144034178302,0.064,0.06,1,Treg cell
ERLEC1,0.01334522908161551,0.23949543465562517,0.191,0.176,1,Treg cell
KCNA2,0.01337295098820285,0.19869722678616686,0.017,0.012,1,Treg cell
ZNF17,0.013374946577908994,0.3790280626276914,0.05,0.042,1,Treg cell
RASGRP4,0.013428050995834679,0.14136119177987005,0.02,0.016,1,Treg cell
EIF3D,0.013434758925067061,0.21633928031514482,0.373,0.358,1,Treg cell
PSMD6,0.01345689936169658,0.24116513044707732,0.231,0.215,1,Treg cell
LDLRAD4,0.013474246385775115,-0.20722831862239754,0.3,0.279,1,Treg cell
RCOR1,0.01348581768777498,0.29954363670446327,0.121,0.106,1,Treg cell
MAN1A2,0.013488617311916322,0.9271604190358695,0.359,0.336,1,Treg cell
RAB11FIP4,0.013526169721987587,0.28284559732640735,0.227,0.209,1,Treg cell
ADPRS,0.013531913983122049,0.35322365316761406,0.087,0.074,1,Treg cell
SAR1B,0.013565423775178425,0.24203877515259453,0.186,0.169,1,Treg cell
SLC4A1AP,0.01358723827861252,0.2569604569188175,0.127,0.113,1,Treg cell
SPG7,0.013602621047759987,0.1575188681765023,0.335,0.313,1,Treg cell
RNF13,0.013646091639492467,0.27387702573390726,0.235,0.217,1,Treg cell
THEM4,0.013669193539469094,0.24463118394032493,0.293,0.271,1,Treg cell
TTN,0.01367465732792344,0.5113517049918666,0.364,0.342,1,Treg cell
PRDM8,0.013704409417410876,2.2270851699112937,0.203,0.188,1,Treg cell
CREB3,0.013708256888905769,0.257079687474858,0.092,0.079,1,Treg cell
TTYH2,0.013740065632593272,0.3474349433190649,0.099,0.086,1,Treg cell
PRXL2C,0.013765969960386792,0.19782974913793794,0.073,0.061,1,Treg cell
RAVER1,0.013783643048194029,0.48975078754220747,0.306,0.291,1,Treg cell
LRR1,0.013784463594489699,0.3629047495021225,0.054,0.044,1,Treg cell
CCNK,0.013791355472389633,0.3088711800771992,0.342,0.318,1,Treg cell
BORCS5,0.01381096445187232,0.15190667209925723,0.186,0.17,1,Treg cell
TMEM123,0.01383049477890062,1.3926381723542383,0.652,0.64,1,Treg cell
KANSL1,0.013862137541636474,-1.1351543504921433,0.537,0.52,1,Treg cell
FOXP1,0.013877853402584923,4.896701756814643,0.828,0.822,1,Treg cell
CALM2,0.013908996700540877,0.31351422757665426,0.474,0.466,1,Treg cell
WDR83OS,0.013918243160784913,0.22470720005051645,0.266,0.255,1,Treg cell
FAM20B,0.013952548774100387,0.26519219808726024,0.077,0.065,1,Treg cell
TCP11L2,0.01401042429599448,-7.137054487364174,0.519,0.499,1,Treg cell
SENP3,0.014062659903751199,0.11577244892642247,0.109,0.096,1,Treg cell
BORCS6,0.014093853856887672,0.20463703344737239,0.116,0.103,1,Treg cell
ERMAP,0.014109481555169319,0.38969165405543027,0.04,0.031,1,Treg cell
ATP6V1C1,0.01411052809632703,0.19315501155240522,0.144,0.128,1,Treg cell
SCRN3,0.014126320901590888,0.32296850408844335,0.061,0.052,1,Treg cell
ROMO1,0.014144339975849659,-0.25408004515239646,0.191,0.173,1,Treg cell
ALYREF,0.014149090391982085,0.32502566725177684,0.124,0.112,1,Treg cell
NDRG2,0.014195792763679467,0.3778166102651812,0.038,0.03,1,Treg cell
PDE7A,0.014212097548932313,0.9910772685235818,0.552,0.545,1,Treg cell
CD164,0.01422691843769127,0.12617889405818808,0.325,0.304,1,Treg cell
TXN2,0.014255844216242155,0.27518079275711865,0.184,0.168,1,Treg cell
EIF5A2,0.01429253841729849,0.3016961596912715,0.061,0.05,1,Treg cell
HMBS,0.014314794147728729,0.6327449801677218,0.021,0.016,1,Treg cell
RCC1,0.014385712477422851,0.425907209617836,0.071,0.061,1,Treg cell
PSMG4,0.01438930799729796,0.15101906731885073,0.114,0.1,1,Treg cell
FBXO11,0.01441397595557585,0.1523738427368782,0.311,0.295,1,Treg cell
CTR9,0.01441727835955142,0.11301235056842224,0.254,0.234,1,Treg cell
WDR81,0.014440927697205199,0.2130568110960549,0.113,0.101,1,Treg cell
IKBKG,0.01444191452022546,0.1434344225358667,0.295,0.273,1,Treg cell
KIAA2013,0.014455501398699219,0.3311846679806094,0.125,0.112,1,Treg cell
MIB1,0.014466882383135926,0.1660079594273229,0.217,0.197,1,Treg cell
SLF2,0.014486072556845081,0.10975864364237808,0.124,0.111,1,Treg cell
GTF2H1,0.01450294965441212,0.3086232488271703,0.185,0.17,1,Treg cell
MKI67,0.014593525331368696,7.342081616877231,0.026,0.019,1,Treg cell
RNF125,0.014594364982727509,-2.5867816467446936,0.481,0.46,1,Treg cell
GDPGP1,0.014599663223103099,0.5155239659561408,0.026,0.02,1,Treg cell
UXT,0.014624742740783923,-2.4897107965186196,0.624,0.604,1,Treg cell
H2BC26,0.014647119627566678,0.37459443982964835,0.024,0.018,1,Treg cell
CCR2,0.014648737865895267,-0.32166099829339245,0.056,0.047,1,Treg cell
HYLS1,0.014660800847948647,0.12759317614178833,0.041,0.034,1,Treg cell
USP18,0.014687423086299466,0.4479920737059415,0.031,0.025,1,Treg cell
HADH,0.014710122357855687,0.7460831930131069,0.119,0.106,1,Treg cell
SMU1,0.014741993698108443,0.14028883251542246,0.241,0.221,1,Treg cell
KIF3C,0.014810542007388017,0.5247259814336616,0.023,0.018,1,Treg cell
CERS5,0.014817386309669195,0.2373188288443948,0.173,0.155,1,Treg cell
VPS26A,0.014818999098522778,0.12495781835207365,0.214,0.196,1,Treg cell
HEXB,0.014836458643458665,0.15400661784180358,0.113,0.1,1,Treg cell
NKIRAS2,0.014923642212687702,0.28817555480458745,0.063,0.058,1,Treg cell
SPIN1,0.014931181953761759,0.3079862398760833,0.139,0.129,1,Treg cell
DCAF17,0.014939132758285427,0.14960004672516158,0.167,0.152,1,Treg cell
DUSP1,0.01494590705466222,-16.108287874909262,0.413,0.423,1,Treg cell
STARD7,0.014951212633058082,0.2474688297111376,0.119,0.106,1,Treg cell
TRAPPC10,0.0149551204840152,0.11218791798519212,0.475,0.453,1,Treg cell
NDUFB1,0.014959277457524822,0.2776353534236773,0.21,0.196,1,Treg cell
SCAF4,0.015007098929620365,0.24022450029237316,0.247,0.237,1,Treg cell
STAG1,0.015017805200087877,0.19344708809542965,0.28,0.259,1,Treg cell
PGP,0.015028464163676328,0.2448671323712932,0.169,0.156,1,Treg cell
GADD45A,0.015081002784764111,1.014063292588119,0.139,0.123,1,Treg cell
NFS1,0.015083575603403947,0.2031299305357781,0.127,0.113,1,Treg cell
BAZ1B,0.015090600776868652,0.25772819913902667,0.375,0.354,1,Treg cell
TMEM116,0.01509108487703807,0.1342535006022286,0.211,0.193,1,Treg cell
MED26,0.015095153245932176,0.29387520018841506,0.054,0.048,1,Treg cell
ETHE1,0.015127439312333983,0.13810358443445347,0.16,0.144,1,Treg cell
DNAJC4,0.015145295430561723,0.3634656919222754,0.117,0.106,1,Treg cell
UNC13D,0.015186277191986671,0.19362042959971554,0.308,0.287,1,Treg cell
HINT1,0.015203531700984494,-2.6483156930066745,0.495,0.477,1,Treg cell
PIGV,0.015224571900691652,0.2962248815051174,0.058,0.048,1,Treg cell
NME7,0.015225462041316506,0.36098735202766186,0.057,0.047,1,Treg cell
THOC2,0.0152387306809332,0.1790635817724392,0.213,0.194,1,Treg cell
COPB2,0.01527293570008437,0.728701102509264,0.237,0.226,1,Treg cell
PPP1R12A,0.01527747124408526,0.2877769140118729,0.553,0.53,1,Treg cell
CCDC88B,0.015279891088459443,0.3084694909768456,0.291,0.272,1,Treg cell
NOM1,0.01528000044901379,0.20279406460880067,0.116,0.102,1,Treg cell
MAPRE2,0.015308569854451087,0.38580904910465763,0.366,0.347,1,Treg cell
ACTR2,0.015377131727203152,1.015618644279522,0.322,0.303,1,Treg cell
RBM12,0.015384830983675334,0.21400667337238755,0.137,0.122,1,Treg cell
RAB1A,0.015413584078783488,0.1389854719773066,0.222,0.204,1,Treg cell
IRF2BPL,0.015443305173870776,0.29604153595550375,0.116,0.101,1,Treg cell
GAK,0.015445637147222179,0.6374168595056277,0.356,0.345,1,Treg cell
RGL4,0.01546921664503714,0.3101072362318178,0.131,0.119,1,Treg cell
ACOX3,0.01547158689764936,0.37824426531311905,0.04,0.033,1,Treg cell
LGALS2,0.015482918355716059,-0.3440451469545618,0.007,0.01,1,Treg cell
COMMD4,0.015485979829980734,0.14459361562240192,0.068,0.058,1,Treg cell
ILF3,0.015519873376595671,0.34513541418358684,0.428,0.414,1,Treg cell
GRK5,0.01554493612599699,0.4100093944412415,0.247,0.239,1,Treg cell
POLR1D,0.015580329363910813,0.10846129541261496,0.395,0.387,1,Treg cell
FBXO32,0.0155875289883761,0.27033567823203236,0.197,0.184,1,Treg cell
CXCR3,0.015608412791979453,3.818450321676543,0.146,0.13,1,Treg cell
GTSF1,0.015644053043776595,0.31841300691961916,0.029,0.022,1,Treg cell
CSTF3,0.015645875388773604,0.10473085707754015,0.213,0.195,1,Treg cell
MRTFA,0.015659379402037085,-0.6935642446169704,0.324,0.306,1,Treg cell
HAPLN3,0.015688077245927117,0.13423540973086934,0.392,0.376,1,Treg cell
ANKRD10,0.015706270532234865,-0.7397901623174445,0.486,0.469,1,Treg cell
ZC3H18,0.015723449346195507,0.21086544812779487,0.285,0.266,1,Treg cell
GZMA,0.015734626730322703,-29.63385132051602,0.093,0.08,1,Treg cell
TRIM25,0.015736900404562968,0.4753731749521185,0.164,0.147,1,Treg cell
CASZ1,0.01583765578882557,0.3468347582661031,0.055,0.05,1,Treg cell
DNAJC14,0.015954694552372747,0.1682540121757472,0.071,0.061,1,Treg cell
APOBEC3D,0.015956292904942652,0.17529108664706072,0.093,0.078,1,Treg cell
RAPGEF1,0.015969254233945566,0.3032712105947418,0.278,0.259,1,Treg cell
ABCA10,0.0159704593272604,-0.560120874494709,0.011,0.011,1,Treg cell
CD6,0.015976977435387497,-0.8963956427697344,0.451,0.433,1,Treg cell
RXRB,0.01598627262386337,0.16643966376998054,0.203,0.186,1,Treg cell
SECISBP2L,0.01599700732649406,0.1490455988079611,0.21,0.192,1,Treg cell
GABPA,0.016005003471744297,0.19368655240349075,0.214,0.198,1,Treg cell
ATP5F1B,0.01603050586913975,-0.879448429896275,0.36,0.34,1,Treg cell
SRSF10,0.016037888842071274,0.21275727059655303,0.063,0.053,1,Treg cell
PEX26,0.01603921747831012,0.1562075829821834,0.162,0.145,1,Treg cell
RUNX3,0.01604704913029497,0.60845383391541,0.252,0.231,1,Treg cell
MIEN1,0.016057003925255747,0.23708927058138585,0.153,0.139,1,Treg cell
ZFYVE16,0.016069041253226973,0.33270466567036294,0.094,0.087,1,Treg cell
PRR5,0.016077580422853916,0.43801308465304656,0.067,0.063,1,Treg cell
STX11,0.016110228621865917,0.28190166828971086,0.106,0.094,1,Treg cell
UBE2H,0.01614302613536264,0.6493579490948655,0.285,0.267,1,Treg cell
ENTPD1,0.016166606537176362,-12.718081378528076,0.174,0.168,1,Treg cell
FGL2,0.016198186107982467,0.3678562072769076,0.132,0.114,1,Treg cell
ATAD2B,0.01620006476132736,-0.16468935962237152,0.175,0.178,1,Treg cell
TMOD3,0.01621091837052301,0.3067388220174433,0.381,0.363,1,Treg cell
KLF9,0.01624871039154313,-0.24191487412341128,0.165,0.175,1,Treg cell
BCL7B,0.016295612923793487,0.221193444290289,0.24,0.226,1,Treg cell
ARHGAP9,0.016305176739953263,0.15974667384386465,0.42,0.404,1,Treg cell
ZNF174,0.016330530772832627,0.36555890613882314,0.051,0.042,1,Treg cell
SHC1,0.01635496366772642,0.2696996512743054,0.192,0.176,1,Treg cell
TMBIM6,0.016363456399851664,0.22055263579503048,0.426,0.407,1,Treg cell
VAMP1,0.016378823358067257,0.3874334152706074,0.232,0.218,1,Treg cell
RBIS,0.016390069765671617,0.32663436401204393,0.067,0.058,1,Treg cell
POLR2A,0.016398221405351115,-0.37840994365630687,0.358,0.336,1,Treg cell
ZNF416,0.016413794936343394,0.5806070873997937,0.02,0.014,1,Treg cell
COPZ1,0.016414760029691708,0.29878999850587173,0.175,0.162,1,Treg cell
BST2,0.016442942128870847,-3.2687477237031466,0.368,0.35,1,Treg cell
TRIT1,0.016476797009318398,0.26541838824961195,0.068,0.059,1,Treg cell
USP39,0.016494686264923522,0.18533862849687743,0.203,0.189,1,Treg cell
PIGC,0.016507028143157562,0.19927195422730715,0.138,0.132,1,Treg cell
GOLPH3,0.016559397663265377,0.4071625478837686,0.413,0.39,1,Treg cell
L3MBTL1,0.01660053986914571,-0.45582138470192124,0.025,0.03,1,Treg cell
AKT2,0.016611742376362308,0.17676690781306964,0.231,0.221,1,Treg cell
ATXN7L1,0.016654499305902327,0.13947660429758868,0.348,0.329,1,Treg cell
FUT11,0.01665975276325929,0.2325218995365217,0.123,0.109,1,Treg cell
ATF7IP,0.016668694406577218,0.4772676944783987,0.433,0.411,1,Treg cell
RBBP8,0.01667493907619067,0.4782567582794144,0.017,0.012,1,Treg cell
LIN54,0.016688994792696945,0.2532709360766119,0.119,0.106,1,Treg cell
PLD6,0.01669134966025254,0.18993387054372768,0.071,0.059,1,Treg cell
PACSIN2,0.016712804001196343,0.14824224281494794,0.24,0.228,1,Treg cell
GNA13,0.01672079717329657,0.30875472738055965,0.356,0.336,1,Treg cell
TMEM120A,0.016725768877474106,0.2282928016139789,0.139,0.124,1,Treg cell
SLC25A39,0.01675437097493809,0.1151721495678174,0.219,0.2,1,Treg cell
KARS1,0.01680250410605954,0.13431230333714017,0.247,0.23,1,Treg cell
GOSR1,0.016810755761417214,0.14501919829788157,0.201,0.188,1,Treg cell
SCARF2,0.016834677962761783,0.4974181952643404,0.025,0.019,1,Treg cell
AGPAT3,0.016907523798080817,0.32262812969429666,0.242,0.223,1,Treg cell
HAUS6,0.016937322423452424,0.22664121181400998,0.226,0.215,1,Treg cell
SLC38A5,0.01699791018282249,0.32093871183992384,0.107,0.093,1,Treg cell
NMT1,0.017063863739938116,0.14993537587992622,0.312,0.292,1,Treg cell
PHF23,0.0170980517113266,0.15324395512181788,0.115,0.101,1,Treg cell
KLF11,0.017107667388497387,0.1676593132381219,0.13,0.114,1,Treg cell
N4BP2L1,0.017117568953154857,0.1616056754566395,0.143,0.127,1,Treg cell
EMB,0.01712575189129995,-0.4882497274365818,0.543,0.524,1,Treg cell
RASAL3,0.01713453592477503,0.8496093014810526,0.485,0.467,1,Treg cell
CASP6,0.017144981426684195,0.2679547919201124,0.154,0.139,1,Treg cell
C2orf69,0.017151440298459907,0.24415788054961762,0.079,0.067,1,Treg cell
SERBP1,0.01715662033469901,0.6438020380850918,0.409,0.416,1,Treg cell
SLC7A5,0.017170036692201886,0.46372475601882,0.073,0.065,1,Treg cell
EHD1,0.017190101205545955,1.726060876868027,0.51,0.491,1,Treg cell
UQCC2,0.01724773551913463,0.2362437752127926,0.1,0.087,1,Treg cell
SHISAL2A,0.01727606993507924,0.1513551667399009,0.111,0.099,1,Treg cell
SP4,0.01735965686484203,0.24248119825748582,0.286,0.263,1,Treg cell
SERPINB9,0.01737498877321072,0.9166455365331894,0.455,0.441,1,Treg cell
NOP58,0.017422654072812318,0.2586881906431895,0.382,0.362,1,Treg cell
ODF3B,0.017453616653068195,0.6567637399691142,0.015,0.01,1,Treg cell
ZBTB40,0.017554215722450955,0.235701679803616,0.134,0.119,1,Treg cell
COX6B1,0.017563384154448115,0.46936988897516263,0.227,0.211,1,Treg cell
MOSPD3,0.01756515431414361,0.33914781032174757,0.068,0.059,1,Treg cell
NCR3LG1,0.01757146318582455,-0.4738554458231832,0.007,0.011,1,Treg cell
PPP4R3B,0.017607206769013825,0.498908674075599,0.48,0.457,1,Treg cell
RETSAT,0.017675380233433367,0.15774916140463002,0.094,0.082,1,Treg cell
CTPS2,0.01769469224476369,0.3623219479276498,0.049,0.041,1,Treg cell
TCEAL4,0.017776207383061855,0.3445360032962623,0.108,0.094,1,Treg cell
C18orf32,0.017777190422857726,0.20311525692910032,0.307,0.29,1,Treg cell
CD2BP2,0.017779093012225904,0.1373520543619594,0.202,0.183,1,Treg cell
NUDT19,0.017786041701342015,0.2604054735798136,0.081,0.069,1,Treg cell
TRAPPC13,0.017825215980451854,0.2917898245870141,0.106,0.094,1,Treg cell
ZNF345,0.017843269898040106,0.22475542935122694,0.146,0.132,1,Treg cell
SLC1A4,0.01788553167481865,0.31269481504284724,0.077,0.065,1,Treg cell
LUC7L3,0.017894496505930783,0.13607558226383754,0.707,0.693,1,Treg cell
SCML4,0.01789855253963178,0.40107264956362965,0.089,0.079,1,Treg cell
ACTR10,0.0179136405305566,0.14330023188783864,0.231,0.22,1,Treg cell
TRGC1,0.0179587054904423,0.4276697602431496,0.016,0.012,1,Treg cell
CDC14A,0.017961855230191684,-0.242536428773638,0.344,0.337,1,Treg cell
CPEB3,0.018000322534739408,0.1842142611166886,0.032,0.035,1,Treg cell
RHOC,0.018004117826847143,0.38041692347990064,0.086,0.074,1,Treg cell
CLU,0.018010834677885616,9.509127265425262,0.011,0.007,1,Treg cell
MTPN,0.018054040946435482,0.2685604607968481,0.243,0.224,1,Treg cell
TMEM187,0.018081993090488142,0.4396871150968016,0.028,0.022,1,Treg cell
MCUB,0.018103966725493727,0.16589568993090675,0.427,0.409,1,Treg cell
HDAC7,0.018211914807639045,-0.591651749862455,0.426,0.404,1,Treg cell
BUD31,0.01826760652310046,0.40530820793694816,0.217,0.199,1,Treg cell
FAM174A,0.01828218663417524,0.34403006208387943,0.028,0.025,1,Treg cell
STT3B,0.018285179590057238,0.2844602042056419,0.49,0.479,1,Treg cell
SUCO,0.018295784558607475,0.11566094639270874,0.17,0.154,1,Treg cell
ZFC3H1,0.01831801284566992,0.38664554409585716,0.509,0.499,1,Treg cell
NABP2,0.018327383397566833,0.15871929087032122,0.124,0.11,1,Treg cell
NUDT2,0.01834190705880192,0.21494698250368294,0.155,0.137,1,Treg cell
SLFN12L,0.018352907596293516,-0.2256238856636601,0.369,0.352,1,Treg cell
UBE2R2,0.018461901770532325,0.4012307599357343,0.462,0.442,1,Treg cell
SCNM1,0.018536511655509236,0.22025969983613625,0.208,0.193,1,Treg cell
SMIM29,0.018589688453851932,0.20709639177974104,0.096,0.083,1,Treg cell
ZNF317,0.018678356671365803,0.15041093287364737,0.139,0.125,1,Treg cell
LIMS2,0.01869925330154439,0.24581089508540055,0.044,0.035,1,Treg cell
CARD11,0.018792204477912747,0.2827598409474977,0.285,0.263,1,Treg cell
MED21,0.018814851664183667,0.197375673069552,0.238,0.221,1,Treg cell
TRAK2,0.018840450119681496,0.14616168783751204,0.266,0.247,1,Treg cell
CYFIP2,0.018855639317598184,0.7667526551777262,0.482,0.475,1,Treg cell
IL12RB2,0.01888831304218619,0.2510304154479738,0.07,0.062,1,Treg cell
TRAF7,0.018930652071694146,0.20937440711929156,0.098,0.085,1,Treg cell
PPIL3,0.018942344142380753,0.2611641404997456,0.199,0.182,1,Treg cell
CYLD,0.01894912353602878,4.552127457481184,0.747,0.735,1,Treg cell
TBC1D15,0.019058187843178094,0.1006825048973059,0.341,0.323,1,Treg cell
GIMAP8,0.019076610851016026,0.42607911509319363,0.194,0.181,1,Treg cell
GTF2H5,0.01907927339993342,0.206644066546402,0.137,0.128,1,Treg cell
PDE3B,0.01907999380720683,1.634719908366137,0.45,0.427,1,Treg cell
ZNF74,0.019085299034046693,-0.3952922316827596,0.012,0.013,1,Treg cell
IDH3B,0.019102963702167682,0.3195734437287968,0.278,0.265,1,Treg cell
ITM2B,0.019135605974556196,0.21715194070573052,0.578,0.554,1,Treg cell
TPGS1,0.019148784306150263,0.17545708222550693,0.177,0.158,1,Treg cell
CAPS,0.01917063408734348,0.18467328052962095,0.107,0.094,1,Treg cell
INTS14,0.01919118011876065,0.4239118231005867,0.111,0.098,1,Treg cell
MICU2,0.019205074920978484,0.24731704115719133,0.357,0.336,1,Treg cell
XAB2,0.01924366030911472,0.43995768996286894,0.307,0.289,1,Treg cell
SYNE1,0.01925826276530208,-6.600414210939213,0.108,0.096,1,Treg cell
RALGDS,0.019267167623715435,-0.48381873274556964,0.309,0.287,1,Treg cell
ZNF780A,0.019267980028264728,0.16325234933921973,0.103,0.092,1,Treg cell
NUDT18,0.019276715933965585,0.37222330517191304,0.034,0.028,1,Treg cell
TMEM106C,0.0192789700440097,0.32399762611406324,0.165,0.154,1,Treg cell
PRPF8,0.019289283720221203,0.1567560595494119,0.273,0.253,1,Treg cell
LEPROTL1,0.019326068373574014,-4.297717841901104,0.89,0.881,1,Treg cell
COMMD1,0.01933794231492581,0.1683763724517,0.159,0.142,1,Treg cell
CEP164,0.019353862417408083,0.5403040986108629,0.189,0.173,1,Treg cell
CARHSP1,0.01943786427527902,0.9947113361152191,0.199,0.187,1,Treg cell
MAST4,0.019473628882994157,0.21602770044971703,0.203,0.186,1,Treg cell
NKTR,0.019491850880038776,0.28182944467603654,0.469,0.448,1,Treg cell
TRIM69,0.019492514862721758,0.2691915248071113,0.035,0.028,1,Treg cell
PPP2R5D,0.019503895305760965,0.5076069868921421,0.196,0.18,1,Treg cell
GUSB,0.019614972590284607,0.14706693283838407,0.239,0.222,1,Treg cell
ZSCAN2,0.019636722283404923,0.12953864267727688,0.053,0.044,1,Treg cell
PI16,0.019689772144425306,-0.7308555968258554,0.225,0.206,1,Treg cell
KRCC1,0.019761630443402265,0.306116837420952,0.222,0.207,1,Treg cell
FDXACB1,0.01981030531254883,-0.10567566271911133,0.022,0.027,1,Treg cell
VEZT,0.019925584926999376,0.17173148819755468,0.093,0.083,1,Treg cell
GID4,0.019928762694197633,0.24377935495915604,0.091,0.083,1,Treg cell
ELAVL1,0.02000416797445822,0.3221471890004484,0.309,0.302,1,Treg cell
LMBRD2,0.0200278919928173,0.3032524853156451,0.158,0.143,1,Treg cell
ZNF414,0.020031131081533544,0.20193936860722594,0.146,0.132,1,Treg cell
CTLA4,0.020061904810747124,0.23363725159683568,0.537,0.511,1,Treg cell
TSC22D4,0.02013190705272998,-0.6382596578113628,0.503,0.48,1,Treg cell
NT5DC1,0.020170428348802585,0.2537441545767245,0.175,0.166,1,Treg cell
CAMKK2,0.02017192052305658,0.1414315517092033,0.099,0.086,1,Treg cell
SRPRA,0.020196178655651643,0.22276344034158013,0.358,0.338,1,Treg cell
CSRNP2,0.02019669618961556,-0.1085806824771054,0.061,0.058,1,Treg cell
FAM174C,0.0202130298819715,0.27212311122521227,0.148,0.142,1,Treg cell
PTP4A3,0.02024373950118411,-0.38024334095670986,0.086,0.081,1,Treg cell
BID,0.020259355016307216,0.27685907287206346,0.081,0.072,1,Treg cell
ZKSCAN4,0.020293862166696697,0.41165901150101014,0.032,0.025,1,Treg cell
TOMM40,0.020333543574044106,0.30720894703000123,0.048,0.039,1,Treg cell
CDC27,0.020401886722165894,0.15863769595489008,0.165,0.148,1,Treg cell
SIDT1,0.020411529529380877,0.23671609781522407,0.222,0.211,1,Treg cell
TKFC,0.020425634157506038,0.22170351149587564,0.074,0.063,1,Treg cell
SPATC1L,0.020472408937443523,0.374875575314054,0.044,0.037,1,Treg cell
EEFSEC,0.02049150799610415,0.21557420617343692,0.113,0.1,1,Treg cell
ZC3HAV1,0.020493375703942246,11.77444777148104,0.669,0.669,1,Treg cell
ENTPD6,0.02049862158157225,-0.2237254574521046,0.104,0.114,1,Treg cell
EARS2,0.020501507829687394,0.24251633179385523,0.043,0.035,1,Treg cell
PPIP5K2,0.02052261188567358,0.22984579043247955,0.175,0.161,1,Treg cell
CCHCR1,0.02053189697589184,-0.18830870251899112,0.068,0.065,1,Treg cell
ZER1,0.02057151702848904,-0.14361052061636892,0.232,0.212,1,Treg cell
TIMM10,0.02057362010269601,-0.12031385950104956,0.143,0.129,1,Treg cell
H2BC21,0.02059124865377171,0.14177747296344845,0.138,0.123,1,Treg cell
ZBTB10,0.020624589775576584,-0.5704744911208874,0.066,0.074,1,Treg cell
ANKRD52,0.020644851635875008,0.1434790335561742,0.138,0.125,1,Treg cell
EED,0.02066235142986251,0.23490437171763268,0.147,0.131,1,Treg cell
GCNT1,0.0207134198623581,0.3137476030771551,0.038,0.03,1,Treg cell
MFSD8,0.02077065966023802,0.38864319395503333,0.273,0.259,1,Treg cell
THOC7,0.020810648378371138,0.5511416166557379,0.286,0.271,1,Treg cell
MAP3K12,0.02082284201631828,0.20632824107476933,0.109,0.096,1,Treg cell
CAP1,0.020856775646081616,0.3499268661792039,0.066,0.057,1,Treg cell
TCF20,0.02086376639315242,0.23889117934669926,0.267,0.246,1,Treg cell
C5orf63,0.02092832198125728,0.22759185395982495,0.048,0.04,1,Treg cell
LRRFIP2,0.020953218270057982,0.30921958045487585,0.166,0.15,1,Treg cell
HAGHL,0.021022474351852522,0.35041310512796553,0.06,0.055,1,Treg cell
TMEM19,0.02103626359186838,0.37376279367019416,0.086,0.074,1,Treg cell
KLHL42,0.021050797377027784,0.7805057495744729,0.104,0.091,1,Treg cell
NUP205,0.02108873806211226,0.1916225525225727,0.256,0.244,1,Treg cell
ABAT,0.021115155041167257,0.36504072608048554,0.065,0.055,1,Treg cell
CEP85,0.02114603017424155,0.2640815489852675,0.097,0.086,1,Treg cell
TTYH3,0.021237259721501256,0.2574556145676339,0.046,0.037,1,Treg cell
DKC1,0.021244799205440965,0.13003221626175065,0.2,0.183,1,Treg cell
NR1D1,0.021259954123929066,0.3282148214712569,0.139,0.123,1,Treg cell
HIPK2,0.021263479009098824,1.0393030204755196,0.163,0.155,1,Treg cell
UBXN4,0.02129443575443478,-0.1183354976288693,0.502,0.48,1,Treg cell
PRPF40A,0.021335253176129186,0.242215587655068,0.369,0.364,1,Treg cell
MUSTN1,0.02134936078801356,0.2802514200027484,0.093,0.083,1,Treg cell
DHCR24,0.021377985642779707,0.5638889731797638,0.017,0.012,1,Treg cell
TMEM222,0.021389256453281023,0.290161234674708,0.06,0.051,1,Treg cell
ADNP2,0.021437994474313677,-0.10168417642121619,0.14,0.14,1,Treg cell
ADAM19,0.021438940747454692,2.180109583117771,0.211,0.192,1,Treg cell
FBXO8,0.02146024161273658,0.1942377342710866,0.114,0.101,1,Treg cell
LAGE3,0.02146895585537935,0.14636628705184673,0.069,0.059,1,Treg cell
USP42,0.021525859758455067,0.21421126465287132,0.088,0.076,1,Treg cell
SKAP2,0.02166920012162272,0.3876669727190809,0.121,0.111,1,Treg cell
CSNK2A2,0.02171436119801988,1.4301602334963666,0.242,0.226,1,Treg cell
AP3M1,0.021735736197159006,0.14278065272189577,0.159,0.145,1,Treg cell
CTSH,0.021740226953203615,-1.088891594703,0.079,0.069,1,Treg cell
TENT5C,0.021802670602600802,-0.11507495549446559,0.208,0.188,1,Treg cell
TPX2,0.02183632861304519,-2.1041435714974948,0.024,0.018,1,Treg cell
TRA2A,0.021851861027536616,-0.12655671579565397,0.456,0.433,1,Treg cell
CIAO2B,0.021857214390968337,0.2861202129356426,0.116,0.103,1,Treg cell
TIGAR,0.02186287774069256,0.5201357877612007,0.09,0.084,1,Treg cell
CPSF7,0.021909995657922402,0.11147932274525774,0.445,0.422,1,Treg cell
LMO4,0.021930677863625035,2.264975127336635,0.026,0.021,1,Treg cell
ZNF592,0.021949191516001255,-0.22339954461124362,0.241,0.222,1,Treg cell
EIF2A,0.02195280622467477,0.9645427027115434,0.403,0.383,1,Treg cell
RNF166,0.021972811949169835,-0.18169437808223504,0.235,0.217,1,Treg cell
PCMT1,0.021981800355828886,0.27741738649823217,0.274,0.263,1,Treg cell
AP2B1,0.021983669980562316,0.2722518181096718,0.186,0.169,1,Treg cell
OSBPL11,0.022004008459535627,0.5905008855674527,0.093,0.083,1,Treg cell
RAB21,0.022044912822820933,0.33090270579048686,0.39,0.372,1,Treg cell
C19orf12,0.02206977326044823,0.14725351152175897,0.241,0.221,1,Treg cell
TARS2,0.022121548035153614,0.31472125930581774,0.08,0.071,1,Treg cell
BLZF1,0.022220055788951972,0.1613419574314412,0.173,0.158,1,Treg cell
PAG1,0.022227924609594597,-2.064942330580568,0.407,0.39,1,Treg cell
ADA2,0.02223989561996024,-0.8529928662892932,0.339,0.321,1,Treg cell
RNPS1,0.02232169999141794,0.2552927555294357,0.283,0.268,1,Treg cell
RNF4,0.02240572907007579,0.38434576829963163,0.5,0.481,1,Treg cell
ERCC5,0.022429763157499467,0.2870046218297752,0.355,0.333,1,Treg cell
OGA,0.022510478493867364,-0.11195641140145973,0.831,0.825,1,Treg cell
UQCR11,0.02252660597826339,0.23581664219583487,0.223,0.206,1,Treg cell
DPY19L1,0.022529151912814967,0.24438551777572926,0.067,0.056,1,Treg cell
PANX1,0.022546248729732477,0.2935346135857886,0.045,0.037,1,Treg cell
RLN1,0.02254995850983049,0.38497090182226135,0.027,0.024,1,Treg cell
CTDSP2,0.022560773042677538,0.2169020456509566,0.283,0.265,1,Treg cell
ATP5PD,0.0225844452300216,0.2170896557121269,0.339,0.325,1,Treg cell
FAN1,0.022616732125026344,0.3225618610046639,0.087,0.076,1,Treg cell
ACAA1,0.02262038567569957,0.35522907002908266,0.221,0.204,1,Treg cell
MVB12B,0.022669912640653045,0.17255133039727832,0.033,0.026,1,Treg cell
PI4K2A,0.022688039940388257,0.20637033549432493,0.083,0.07,1,Treg cell
MTA3,0.022733809106760833,0.1277646571527873,0.083,0.071,1,Treg cell
CWC15,0.02273584408976902,0.2738835240172883,0.363,0.349,1,Treg cell
NSMAF,0.022761706394438093,0.27608191968702045,0.274,0.254,1,Treg cell
SLC20A2,0.022796920723041944,0.2794099297530286,0.078,0.069,1,Treg cell
CDC73,0.02288292958068884,0.293032284275488,0.444,0.421,1,Treg cell
SPAST,0.02296827872925919,0.24148063992876445,0.194,0.179,1,Treg cell
SF3B5,0.022991084987877254,-0.11660411318813702,0.388,0.365,1,Treg cell
KCNQ5,0.023050957461964904,-0.4548485862850633,0.014,0.019,1,Treg cell
GTF3C1,0.023063163759032165,0.20313551757200504,0.222,0.214,1,Treg cell
TULP4,0.023144605003310885,-0.11279604480566083,0.247,0.233,1,Treg cell
RHBDD2,0.023152660279030225,0.29986379323820556,0.102,0.09,1,Treg cell
TRAPPC8,0.02317219386613014,0.20144439165659775,0.326,0.31,1,Treg cell
PIGL,0.02318625155690302,0.18453963151862235,0.228,0.212,1,Treg cell
SGO2,0.0232485487002106,0.41845627473779734,0.039,0.032,1,Treg cell
RYBP,0.023259655446210597,0.19584681059667583,0.258,0.241,1,Treg cell
ZNHIT2,0.023317719559536324,-0.348641379749,0.037,0.046,1,Treg cell
MOB3C,0.023350363091883482,-0.31061776075636516,0.026,0.024,1,Treg cell
PRPF3,0.023390841384857353,0.11595949369897629,0.404,0.384,1,Treg cell
CEP57L1,0.023407624996577083,0.11367887964290135,0.034,0.029,1,Treg cell
MTA1,0.02341247033666409,0.3129325059694488,0.228,0.211,1,Treg cell
SRP9,0.023445521933659993,0.11456642352474444,0.345,0.327,1,Treg cell
PPID,0.02348531630164102,0.21807514666754724,0.173,0.16,1,Treg cell
ARL8B,0.023516580613833882,0.16030400002852419,0.192,0.18,1,Treg cell
GPR108,0.023518301708376474,0.4346821724460742,0.163,0.15,1,Treg cell
RASA1,0.023519889358268837,0.6159650136672308,0.349,0.331,1,Treg cell
ZNF691,0.023538506700821218,0.35470195871457477,0.035,0.029,1,Treg cell
RIOK3,0.023548889458635768,0.9645828924214088,0.284,0.263,1,Treg cell
ADGRG5,0.02360300749649696,0.7690247833878212,0.01,0.006,1,Treg cell
CNOT11,0.023608076175761397,0.24367785015492172,0.385,0.363,1,Treg cell
XPNPEP1,0.023634062643074036,0.325430188836747,0.077,0.068,1,Treg cell
SSU72,0.023660001175555875,0.12871410753789692,0.338,0.317,1,Treg cell
RARS2,0.02367753013579069,0.18666920405929988,0.173,0.157,1,Treg cell
SEL1L,0.02368254590124702,0.16156884671124616,0.225,0.208,1,Treg cell
TCF7L2,0.02368506381186552,0.2392144663143725,0.01,0.007,1,Treg cell
TP53BP1,0.023693854213514977,0.198106835290061,0.118,0.105,1,Treg cell
ZNF41,0.023700259471449367,0.1782476217489728,0.101,0.089,1,Treg cell
PAQR3,0.023704993205600346,0.25126516088038553,0.088,0.083,1,Treg cell
MAP2K5,0.023711742775204762,0.24350042560399232,0.106,0.093,1,Treg cell
TOMM7,0.023713080383226098,-1.078503975134229,0.839,0.823,1,Treg cell
TMEM167A,0.02374010154140936,1.1861294342380775,0.324,0.31,1,Treg cell
FAAP20,0.023754206891664745,0.34471048519698355,0.085,0.077,1,Treg cell
MRE11,0.02389588706422214,0.1475229737698862,0.177,0.161,1,Treg cell
VPS28,0.023900030968047284,0.23335447849772145,0.261,0.241,1,Treg cell
GIGYF2,0.023900518008238558,0.1989243631703419,0.179,0.164,1,Treg cell
DOCK2,0.023914178466568098,0.8288860147207178,0.608,0.585,1,Treg cell
LAMTOR3,0.023937543961567817,0.14362974312667665,0.154,0.139,1,Treg cell
WDR43,0.0239431368033505,0.2817113751877455,0.289,0.278,1,Treg cell
SYAP1,0.023957954228281484,0.18622390619701348,0.259,0.243,1,Treg cell
NDUFB9,0.02398392951176835,0.2995557633940389,0.43,0.417,1,Treg cell
YWHAB,0.02399405318131796,0.22924309156973832,0.161,0.147,1,Treg cell
ZFP57,0.024008170187296108,0.3402806929813522,0.015,0.015,1,Treg cell
ATP5PO,0.0240120511765674,0.26179033098670024,0.028,0.028,1,Treg cell
ZDHHC2,0.024068183817836195,0.5180815840164232,0.123,0.112,1,Treg cell
POP1,0.024072734400015734,0.42066831158891693,0.038,0.031,1,Treg cell
PHLDB2,0.02419815954758061,0.428253960905816,0.037,0.038,1,Treg cell
GFOD2,0.02428763199793379,0.19162994568325997,0.081,0.069,1,Treg cell
TMED9,0.024314807615629735,0.1167691855094668,0.167,0.151,1,Treg cell
FAM193B,0.024344472529633517,0.2725176680556024,0.38,0.361,1,Treg cell
PFKFB3,0.02434645071377136,0.35721328350938975,0.13,0.117,1,Treg cell
DCP1B,0.02439785545837742,0.18688265147086958,0.261,0.241,1,Treg cell
AVEN,0.02442396693585563,-0.137207511446372,0.079,0.077,1,Treg cell
GFM1,0.024462620523136597,0.11495727786635057,0.217,0.199,1,Treg cell
CTNND1,0.024593214187299,0.3961974081178514,0.053,0.044,1,Treg cell
GLCE,0.024670272943321723,0.36902052306456534,0.103,0.089,1,Treg cell
TLK1,0.024704590612981303,-0.7263518790817329,0.579,0.565,1,Treg cell
APOOL,0.024717845275889008,0.20884974925774724,0.059,0.05,1,Treg cell
C16orf54,0.02478788715196772,0.14699379997825557,0.196,0.18,1,Treg cell
GPR137B,0.024825773746346046,0.2734096296527513,0.06,0.049,1,Treg cell
SKP2,0.02483562536263473,0.29752367556636194,0.063,0.055,1,Treg cell
MTHFR,0.02483613903783365,0.2567735365063508,0.117,0.106,1,Treg cell
CAMLG,0.024859660488030313,0.10306696624841011,0.27,0.253,1,Treg cell
PGAP2,0.02487890612961899,0.3169260934615261,0.086,0.075,1,Treg cell
NDUFA6,0.02490566449016137,0.15499622862401718,0.159,0.148,1,Treg cell
FUCA1,0.02494031739799763,0.25781987217668156,0.056,0.047,1,Treg cell
GFUS,0.02495164113971596,0.5326751432464207,0.154,0.139,1,Treg cell
AP1S3,0.024979807314370703,0.4421753595416016,0.023,0.021,1,Treg cell
RBM26,0.02501722208101425,0.19783051006734317,0.29,0.273,1,Treg cell
LYRM2,0.025116469534697275,0.22148433067276319,0.038,0.035,1,Treg cell
RBM45,0.025147492185585714,0.3591615983521286,0.086,0.074,1,Treg cell
NFAT5,0.02522313922798441,1.0244238366997738,0.386,0.371,1,Treg cell
BCORL1,0.025237482435029216,-0.19553600627481593,0.018,0.018,1,Treg cell
DYNC1H1,0.02526121251895566,0.16093494053730661,0.164,0.15,1,Treg cell
TADA3,0.025279009714960804,0.10167745232130726,0.219,0.203,1,Treg cell
SOAT1,0.025280502543657477,0.27084914097455676,0.307,0.296,1,Treg cell
YIPF3,0.025296611387815613,0.12183196535072446,0.243,0.224,1,Treg cell
NEDD1,0.025299087322134654,0.12372494332515993,0.165,0.156,1,Treg cell
IER3IP1,0.02533053927528596,0.2779768799264217,0.074,0.065,1,Treg cell
KLHL12,0.02534061456433716,0.19521351362912975,0.139,0.132,1,Treg cell
USO1,0.025343195344778174,0.17792389723239876,0.205,0.191,1,Treg cell
TUBG2,0.025389961318733955,0.38064298033939714,0.055,0.047,1,Treg cell
NUDT8,0.02540371444583967,-0.40956117178576434,0.009,0.01,1,Treg cell
MBD3,0.025476278978107142,0.32790334341104677,0.08,0.069,1,Treg cell
CTNNBIP1,0.025564664971775456,0.27461308418092756,0.059,0.05,1,Treg cell
SCAF1,0.025742521737839724,0.2633649758694543,0.105,0.092,1,Treg cell
INPP5E,0.025831480547743833,0.15208163709479594,0.089,0.078,1,Treg cell
ADIPOR2,0.02584697613665995,0.2554645846341481,0.086,0.076,1,Treg cell
UCP3,0.02590470139239431,-0.30564689739230655,0.026,0.026,1,Treg cell
FBXO22,0.025960367642152232,0.20161694400643526,0.158,0.143,1,Treg cell
BTN3A3,0.025965417218049586,-0.492850236805664,0.421,0.4,1,Treg cell
TCEAL8,0.025970795337587355,1.3913133299497866,0.21,0.194,1,Treg cell
NLRX1,0.026008919803170154,0.5442924345907665,0.017,0.013,1,Treg cell
CEPT1,0.026168477158575107,0.21400704991961483,0.232,0.215,1,Treg cell
ANAPC5,0.026216270476023477,0.5128630380086814,0.456,0.434,1,Treg cell
ERCC2,0.026236716371728416,0.1868841687013254,0.062,0.053,1,Treg cell
EXO5,0.02630139171697408,0.19744786380915258,0.059,0.05,1,Treg cell
LGALS4,0.026319318657691486,-0.7897605259009506,0.016,0.024,1,Treg cell
PRIM2,0.026321103697993075,0.13881765989201744,0.173,0.158,1,Treg cell
ENOPH1,0.026334118283317214,0.16830142604398968,0.159,0.144,1,Treg cell
HSD17B11,0.026415192719598343,0.14738517866071366,0.375,0.368,1,Treg cell
FKBP15,0.026428730914919197,0.20420499228451128,0.152,0.137,1,Treg cell
TSPAN2,0.02643070271920709,0.40271489898762036,0.018,0.013,1,Treg cell
OAZ2,0.026437180763658797,-0.29614976035820995,0.141,0.126,1,Treg cell
PDCD10,0.026469136697964357,1.3258795114854403,0.333,0.323,1,Treg cell
CHMP5,0.026469223799002534,0.12189236382395463,0.207,0.192,1,Treg cell
MAGEH1,0.026487114060652007,-1.4836102653742165,0.222,0.205,1,Treg cell
UTP15,0.02651887778330769,-0.2674395456760852,0.047,0.055,1,Treg cell
DNASE2,0.02652408886121782,0.15939461519409837,0.159,0.142,1,Treg cell
NDC1,0.026557486871445546,0.17058708275303092,0.093,0.082,1,Treg cell
OCIAD1,0.02664132766976607,0.5055497319332285,0.403,0.384,1,Treg cell
UFM1,0.02666404028799246,0.13854897843331915,0.42,0.404,1,Treg cell
EIF4G3,0.026664638919100217,0.17957564471519105,0.182,0.166,1,Treg cell
ACVR2B,0.02673406066543061,0.2485827638271263,0.083,0.069,1,Treg cell
METTL5,0.02674824853503859,0.21293528021781394,0.207,0.19,1,Treg cell
PSMB1,0.02676387350397241,1.2599540807612912,0.463,0.444,1,Treg cell
TMEM135,0.026920703059841147,0.24691120452765025,0.088,0.076,1,Treg cell
MTERF2,0.026958879486975933,0.3742238178377768,0.095,0.087,1,Treg cell
PRKCH,0.02699561343047117,0.3892639454864233,0.431,0.414,1,Treg cell
RORA,0.02703284486187222,-4.755535598082597,0.582,0.564,1,Treg cell
BMAL1,0.027071740499151495,0.2107197546209647,0.126,0.112,1,Treg cell
ATP5MK,0.027072921205064618,0.1322861975937668,0.169,0.155,1,Treg cell
YWHAE,0.027212454624298638,0.3215794835891068,0.252,0.236,1,Treg cell
PQBP1,0.027245900373362622,0.4885580982424333,0.253,0.235,1,Treg cell
PNMA3,0.027248074215847053,-0.14947389443231218,0.083,0.071,1,Treg cell
CEP162,0.027275837412568175,0.36970912491011054,0.071,0.062,1,Treg cell
AGTRAP,0.02732310120038807,0.8810264318615288,0.144,0.13,1,Treg cell
GTF3C2,0.027333171550716285,0.25193593189311936,0.179,0.168,1,Treg cell
PLBD2,0.027337089875852486,0.20971758911174887,0.114,0.102,1,Treg cell
BCL2L2,0.027337748581070246,0.26889690742255823,0.01,0.007,1,Treg cell
GTF2F1,0.027368247619489236,0.34447668567380857,0.245,0.228,1,Treg cell
HCFC1R1,0.02737855429001632,0.12274587168501694,0.102,0.089,1,Treg cell
CBY1,0.02737954008819402,0.3949893308741821,0.032,0.025,1,Treg cell
PIGS,0.027380954210067893,0.20378261360077665,0.199,0.182,1,Treg cell
GPR65,0.027383694896537074,0.8401325667084452,0.167,0.151,1,Treg cell
PWWP3A,0.027409560697186204,0.17340844081156437,0.137,0.123,1,Treg cell
ENG,0.027444315947947925,0.48150233205469606,0.034,0.027,1,Treg cell
AKIRIN1,0.027536548974422523,-0.44396758959299687,0.522,0.507,1,Treg cell
UNC50,0.027577350563744416,0.2922904298884933,0.187,0.179,1,Treg cell
C1orf112,0.027618013634230595,0.2898931759487804,0.085,0.074,1,Treg cell
LAX1,0.027648300890775156,-1.5964666939979586,0.267,0.249,1,Treg cell
BCL7C,0.02773277339163797,0.13004491049071143,0.209,0.196,1,Treg cell
ASB8,0.0277417204823825,0.26160771998045007,0.264,0.248,1,Treg cell
SOWAHC,0.027834257077634112,0.8826160118539512,0.012,0.008,1,Treg cell
LEPROT,0.02789171265148801,0.17763919612763424,0.093,0.081,1,Treg cell
TDP1,0.02789867906732821,0.22301315684062484,0.179,0.168,1,Treg cell
NGLY1,0.0279993778959967,0.12420119558176179,0.223,0.206,1,Treg cell
CPE,0.028042737002898274,0.9719795331749919,0.013,0.009,1,Treg cell
EIF3M,0.02804536433706263,0.42042512190640496,0.347,0.33,1,Treg cell
LAMTOR1,0.028076929759432757,0.1036718053671486,0.358,0.34,1,Treg cell
SMC4,0.028098335151000377,3.943937405424451,0.286,0.269,1,Treg cell
TXNRD2,0.02814069646736623,0.25637322560843434,0.156,0.145,1,Treg cell
RBMXL1,0.028192102300226018,0.20988079385535752,0.129,0.115,1,Treg cell
SETD6,0.028208430783639146,0.28596002077344096,0.054,0.045,1,Treg cell
NSMCE4A,0.02822936598238388,0.17204484850993412,0.252,0.24,1,Treg cell
PDPK1,0.0282487751256877,0.19046679159270585,0.111,0.098,1,Treg cell
YIPF5,0.028249752943200854,0.34359823867926503,0.204,0.187,1,Treg cell
SCAMP3,0.028311026872447582,-0.14142107532415338,0.22,0.209,1,Treg cell
MARCHF2,0.028350251267436195,0.29541750833908864,0.059,0.049,1,Treg cell
ZC3H13,0.028456745332123053,0.20128619892469013,0.199,0.181,1,Treg cell
GORASP1,0.02852303016433246,-0.13482972100847013,0.062,0.06,1,Treg cell
TRIM39,0.028583737242959054,0.26214049549156115,0.067,0.057,1,Treg cell
ARHGAP5,0.028696871092919705,0.22442211860393013,0.191,0.182,1,Treg cell
ATP5MC2,0.028713707821246544,2.840976904353975,0.553,0.544,1,Treg cell
SUMO3,0.028858986300371016,0.2855779867106403,0.333,0.313,1,Treg cell
COQ8A,0.02889765414375384,0.16304083328699237,0.161,0.15,1,Treg cell
CCNB1,0.02891565684329126,10.44783868030289,0.02,0.017,1,Treg cell
PSMA5,0.02897963591929197,0.15318228505517917,0.102,0.09,1,Treg cell
FRY,0.029041017133218692,0.6507169476447299,0.026,0.021,1,Treg cell
ERMN,0.029130835152105062,0.24822817073021097,0.035,0.028,1,Treg cell
ELMOD3,0.029177249829407736,0.15725075645341047,0.069,0.059,1,Treg cell
NDUFV3,0.02920526700749534,0.22878144020008095,0.158,0.143,1,Treg cell
SP3,0.029248158782705116,0.32838189722604927,0.553,0.546,1,Treg cell
CWC22,0.02925619806956169,0.12417580976908127,0.175,0.159,1,Treg cell
EPS15,0.029266701736647933,0.29854993216779757,0.256,0.242,1,Treg cell
GLE1,0.02933899619003186,0.2640962297894438,0.124,0.112,1,Treg cell
FAM91A1,0.029341727128128534,0.20148532298203792,0.19,0.177,1,Treg cell
PLEKHO2,0.02938015086418303,0.41178517640118395,0.127,0.113,1,Treg cell
DENND2D,0.029450979549078393,12.870811853670022,0.347,0.333,1,Treg cell
TMEM238,0.029508712009915627,0.11149794712910577,0.162,0.147,1,Treg cell
PTPA,0.029610253645542782,0.3524569291432844,0.228,0.21,1,Treg cell
USP5,0.029617936880174844,0.152915375506824,0.143,0.13,1,Treg cell
RBM5,0.029646772820462016,0.17898755236303854,0.38,0.371,1,Treg cell
PACS2,0.029662849768284098,0.24224180171115473,0.078,0.067,1,Treg cell
BCCIP,0.02968094982337985,0.16240626032281658,0.273,0.255,1,Treg cell
GALC,0.02975449983503288,0.21748546011746117,0.125,0.117,1,Treg cell
PRKCB,0.029804601872008278,2.8351352450036407,0.482,0.483,1,Treg cell
ZNF782,0.029851247412581532,-0.19409168199078541,0.112,0.12,1,Treg cell
STK39,0.02993834647649526,1.2316772935187348,0.442,0.422,1,Treg cell
ARPP19,0.029987885083848875,0.26864523913354005,0.288,0.271,1,Treg cell
NOD1,0.029993226288647784,0.1252995723757344,0.081,0.071,1,Treg cell
ZNF689,0.030022621592835162,0.3267843845008609,0.06,0.05,1,Treg cell
DHX30,0.030042285723077808,0.18486672887429967,0.188,0.173,1,Treg cell
TRIM14,0.030086545256161064,0.1430007009299601,0.459,0.447,1,Treg cell
BTF3L4,0.030094280428484693,0.17234204907688205,0.295,0.28,1,Treg cell
MTG1,0.030103166169994863,0.32139267387437287,0.197,0.185,1,Treg cell
WDR70,0.030127500248782794,0.3931978015919853,0.225,0.208,1,Treg cell
ECHS1,0.030132186834565235,0.34016537360271926,0.179,0.168,1,Treg cell
PI4KA,0.03013374397225962,0.5045145842139438,0.347,0.33,1,Treg cell
DIP2C,0.0301608996786878,0.14021313782156897,0.043,0.036,1,Treg cell
SOGA3,0.030225862939643224,0.3500201114351782,0.079,0.068,1,Treg cell
TMEM79,0.030285740094671516,-0.2618328928820257,0.037,0.045,1,Treg cell
CPSF3,0.030329329026424608,0.316302910569644,0.111,0.107,1,Treg cell
GEN1,0.030435493433173463,0.5421045353539555,0.05,0.042,1,Treg cell
RNF126,0.030491076439948802,0.1485768764472266,0.202,0.185,1,Treg cell
CD200R1,0.030527391206282315,0.3388899514369448,0.069,0.058,1,Treg cell
MREG,0.03068568874142157,0.4242998067230177,0.038,0.031,1,Treg cell
ZNF195,0.030702437758374623,0.15449893282041072,0.126,0.113,1,Treg cell
TIMM13,0.03072137471622595,0.29076896828633103,0.144,0.132,1,Treg cell
GBA1,0.030740425252019067,0.38673438640201074,0.132,0.119,1,Treg cell
SLC26A2,0.030769061800566315,0.2894298921968532,0.107,0.1,1,Treg cell
HMGXB3,0.030857748087616186,0.24400838715565598,0.082,0.07,1,Treg cell
BTG2,0.030893281030554366,-0.31939681874333026,0.6,0.614,1,Treg cell
ITGA6,0.030904871956577668,0.6342676621722083,0.363,0.347,1,Treg cell
RNF31,0.030953265881604377,0.18501811192530382,0.177,0.167,1,Treg cell
TMUB1,0.030978033324280545,0.27909510559227846,0.195,0.179,1,Treg cell
TONSL,0.03103269825312253,0.18209644991272533,0.013,0.01,1,Treg cell
RXRA,0.03108098140678695,0.35182511397368543,0.034,0.03,1,Treg cell
CUEDC2,0.031158754227847658,0.12770347563175366,0.127,0.114,1,Treg cell
HECTD3,0.031208914293832084,0.15069039715666777,0.145,0.13,1,Treg cell
BCKDK,0.03121036285873992,0.30582877756373783,0.065,0.059,1,Treg cell
ARMC2,0.031386472342648165,0.2767319928002183,0.063,0.053,1,Treg cell
TP53RK,0.03142653557165584,0.21743114128133234,0.131,0.117,1,Treg cell
SLC39A7,0.031485400555566714,0.3896394779327028,0.099,0.089,1,Treg cell
FAF2,0.03156219194227478,-0.3120972972513121,0.141,0.127,1,Treg cell
UNK,0.031665866363975274,0.2132810671286074,0.165,0.151,1,Treg cell
MACROH2A2,0.03167927590197558,0.12105092450372101,0.025,0.02,1,Treg cell
CTDP1,0.031828540439773644,0.1102089498013073,0.248,0.23,1,Treg cell
ATG3,0.031880637534858224,0.2511576023460471,0.204,0.187,1,Treg cell
BTN2A1,0.03189996115373772,0.268551353784902,0.127,0.119,1,Treg cell
EHD4,0.03190631369630494,3.1593438384359747,0.12,0.107,1,Treg cell
NSUN6,0.03195178610566673,0.2628020718810978,0.316,0.297,1,Treg cell
SMG1,0.03199216189105694,0.13583110281182542,0.424,0.406,1,Treg cell
RBM15,0.03199378258600924,0.3116071678174666,0.293,0.273,1,Treg cell
C11orf54,0.03199456340827434,0.14645692894820006,0.152,0.138,1,Treg cell
ARMC10,0.032086143005352924,0.31698023342661596,0.193,0.178,1,Treg cell
DCAF12,0.032116981576199216,0.27556678806500057,0.159,0.151,1,Treg cell
PAPSS1,0.03212109090194196,0.10500654259411368,0.168,0.152,1,Treg cell
EIF2AK1,0.032158720626033435,6.226944730121688,0.351,0.338,1,Treg cell
RAMAC,0.032169559371502995,0.21006256880654783,0.095,0.083,1,Treg cell
BRIP1,0.03221461372232467,0.4547452390238895,0.027,0.021,1,Treg cell
IFT43,0.032221497986976995,0.33609042537429223,0.048,0.041,1,Treg cell
KMT2D,0.0322332546748005,0.3020444845970816,0.32,0.302,1,Treg cell
PPP2R5E,0.03236960671456129,0.15257805670428626,0.333,0.317,1,Treg cell
GOT2,0.03239660079851387,0.28504640054822783,0.201,0.185,1,Treg cell
FAM162A,0.032422691095744596,0.3213671100230566,0.166,0.157,1,Treg cell
UBL3,0.03244012505271803,-0.45544966725702585,0.474,0.457,1,Treg cell
LY96,0.03247002840696967,0.27597543944629255,0.093,0.086,1,Treg cell
TP53INP1,0.03249562053640471,-4.0697902429680815,0.329,0.309,1,Treg cell
RABEP1,0.032517660238261144,0.14335552408948737,0.328,0.309,1,Treg cell
LEF1,0.03252485553283063,4.148980200081084,0.745,0.74,1,Treg cell
CTNS,0.032556530581082835,0.196109907215392,0.05,0.043,1,Treg cell
PRDM1,0.032563152399648285,18.975608954541293,0.444,0.422,1,Treg cell
ATP5F1C,0.03266399559899847,0.29644984339150326,0.159,0.148,1,Treg cell
TLR1,0.03274174910397202,0.10148715277909215,0.059,0.05,1,Treg cell
RASSF1,0.03275229239053387,0.15176925344484066,0.225,0.209,1,Treg cell
PPIL1,0.03275910586876165,0.3570158488301707,0.067,0.058,1,Treg cell
COA3,0.03279770426939461,0.2976275794640899,0.124,0.112,1,Treg cell
POLE4,0.03286443107379412,0.26456803418820174,0.1,0.089,1,Treg cell
TMEM11,0.0329520686649912,0.22833974769901855,0.108,0.097,1,Treg cell
SKAP1,0.03298609738594217,-0.16817755571994653,0.573,0.564,1,Treg cell
CFLAR,0.03299071022023718,-0.4322084552636998,0.705,0.708,1,Treg cell
HSP90B1,0.03299587679995707,0.2767720218481593,0.207,0.199,1,Treg cell
CCDC88A,0.0330122231317137,0.3410918111953829,0.056,0.054,1,Treg cell
SNUPN,0.03307208080612693,0.26708694436699554,0.152,0.138,1,Treg cell
PTGER4,0.03309559211173934,0.3898275430136811,0.145,0.137,1,Treg cell
SLC10A7,0.03313306395582872,0.25784253837379834,0.175,0.163,1,Treg cell
SNRNP40,0.033139165576202625,0.35604963623656266,0.266,0.255,1,Treg cell
CYSLTR1,0.033176076041566256,0.2784607610192076,0.034,0.027,1,Treg cell
FRG1,0.03321446779265189,0.21919283176481197,0.126,0.116,1,Treg cell
SAMSN1,0.03324820785377051,0.5395756999400023,0.296,0.282,1,Treg cell
ZNF3,0.0332537409082794,0.2405860790014418,0.093,0.082,1,Treg cell
SH2D1A,0.033350920408918364,1.5240043846902092,0.321,0.31,1,Treg cell
ZMIZ2,0.03337050990666807,0.33257496966508665,0.255,0.239,1,Treg cell
PHF13,0.03337417544091337,0.2981760388344843,0.059,0.051,1,Treg cell
TMEM185B,0.033443152358307825,0.3329255305726688,0.117,0.104,1,Treg cell
UBAP2,0.03345282722873371,0.14277411804122897,0.109,0.098,1,Treg cell
ANKRD55,0.033482731893947425,-1.204904527457913,0.031,0.026,1,Treg cell
RTF1,0.03355601153166635,0.3987334612346905,0.319,0.303,1,Treg cell
DDX18,0.03359034355057659,0.13205983156237056,0.375,0.357,1,Treg cell
JAZF1,0.03362123701369746,0.1520504718294522,0.133,0.118,1,Treg cell
POLR2I,0.03364057627963976,0.24012905511149296,0.193,0.182,1,Treg cell
TPK1,0.033678099471569065,-0.15616429634514095,0.161,0.146,1,Treg cell
CREB1,0.033689288794838075,0.14500948997611976,0.321,0.303,1,Treg cell
GATAD2B,0.03373353663548439,0.8331788987764528,0.346,0.325,1,Treg cell
LLGL2,0.03377400419354895,0.29220779200891034,0.056,0.047,1,Treg cell
UQCR10,0.03381139202963587,0.36322351414346554,0.348,0.327,1,Treg cell
ZNF134,0.03381772711420452,-0.1542360870272872,0.045,0.044,1,Treg cell
GTF2F2,0.03382487198918066,0.15733819247932468,0.155,0.141,1,Treg cell
SNX12,0.03385600873272344,0.26019927425967326,0.196,0.179,1,Treg cell
TCP11L1,0.033910942462406335,0.11099041104863994,0.117,0.111,1,Treg cell
DEGS1,0.03392733825254349,0.3648467208931032,0.392,0.378,1,Treg cell
HUWE1,0.03397032844861615,0.2749101250956468,0.242,0.227,1,Treg cell
DYRK1B,0.03401352946880222,0.21766490542538985,0.093,0.081,1,Treg cell
NUP58,0.03404995543089301,0.23525565317565977,0.162,0.146,1,Treg cell
ZNF354A,0.034056052629495806,0.2397294949385067,0.108,0.099,1,Treg cell
C1GALT1C1,0.03408237112824769,0.3017558098765132,0.123,0.114,1,Treg cell
SFT2D2,0.03417432081654942,0.2314255605934702,0.324,0.305,1,Treg cell
WDTC1,0.03417663378108689,0.11058864538010615,0.36,0.339,1,Treg cell
ZNF596,0.03418852186846923,-0.6487192211031445,0.011,0.015,1,Treg cell
WDR13,0.03421933697009946,0.21398626950089739,0.123,0.11,1,Treg cell
NCBP2,0.034235287337164834,0.21851147054426925,0.245,0.23,1,Treg cell
AVPI1,0.03428003740050511,-0.422376206280644,0.013,0.017,1,Treg cell
LAMP2,0.03432604073796013,0.39130297789638174,0.288,0.269,1,Treg cell
MED8,0.034455030005831104,0.11473187054804579,0.148,0.135,1,Treg cell
MTERF4,0.03447784676382094,-0.12509556699186497,0.451,0.435,1,Treg cell
SETD1B,0.03450568435397906,0.3826354589143195,0.587,0.591,1,Treg cell
IL18R1,0.034556577348720564,0.19827888460882126,0.111,0.099,1,Treg cell
LYL1,0.03463064717513106,0.38271708518843806,0.029,0.023,1,Treg cell
NUSAP1,0.034650330969079164,4.482663719768787,0.056,0.047,1,Treg cell
DDIT3,0.03471446216688799,0.16849777914914643,0.081,0.09,1,Treg cell
CCDC137,0.03471783127483243,-0.1450589775037585,0.056,0.055,1,Treg cell
SCAND1,0.03483930587591812,0.12507205143268785,0.195,0.181,1,Treg cell
SLC30A9,0.03485325352286231,0.19561648401351395,0.215,0.206,1,Treg cell
AAGAB,0.03491903935696523,0.21507681352972985,0.156,0.141,1,Treg cell
PTGES3,0.03497060377898979,-0.3259953157747173,0.014,0.016,1,Treg cell
TCTA,0.03502485123003821,0.16956798061188771,0.12,0.108,1,Treg cell
TBC1D25,0.03506065201015694,0.265912464272418,0.06,0.051,1,Treg cell
POMGNT1,0.03514015639145334,0.21839059102497171,0.132,0.119,1,Treg cell
LIG3,0.03516224067577492,0.15315688046150688,0.065,0.056,1,Treg cell
LIAS,0.03518026283510469,0.2095348915427857,0.099,0.094,1,Treg cell
TAF6L,0.035180958485301374,0.11448938433482381,0.031,0.026,1,Treg cell
PJA2,0.03518650235927299,0.15449337718145406,0.555,0.534,1,Treg cell
UBA2,0.03520715647621964,0.26127917422597136,0.291,0.284,1,Treg cell
ZNF66,0.03531622461052258,0.20950810748113646,0.059,0.052,1,Treg cell
CLEC7A,0.035342960441322145,-1.0896209535302264,0.013,0.014,1,Treg cell
CORO2A,0.03542257650875576,0.2403142610019089,0.149,0.134,1,Treg cell
FKTN,0.03547003802971595,0.31506131316835706,0.052,0.044,1,Treg cell
CMTM7,0.035527099805542924,0.19139401921957305,0.226,0.212,1,Treg cell
NMI,0.03556708896950572,-0.2936995521908935,0.227,0.212,1,Treg cell
IRAK1,0.03566978069017736,0.2940480252325477,0.098,0.088,1,Treg cell
NCOA2,0.03568899356294063,0.18558366089973166,0.231,0.213,1,Treg cell
ANKRD54,0.0356945662720748,0.23236779900615634,0.037,0.029,1,Treg cell
MBOAT1,0.035708637291744845,0.1391551784980405,0.126,0.115,1,Treg cell
KLRC4,0.035715531079772614,4.863579515843086,0.013,0.009,1,Treg cell
PTGES2,0.03574750650544503,0.10605995002814476,0.256,0.239,1,Treg cell
PSMD7,0.035776020645481174,0.2573555948640003,0.164,0.15,1,Treg cell
LIN7C,0.03578808832534071,0.49529039037750044,0.26,0.241,1,Treg cell
CSDE1,0.0357887025695767,0.555696783207607,0.477,0.459,1,Treg cell
MYO1C,0.0358175353230536,0.2942839140785778,0.066,0.057,1,Treg cell
NUP62CL,0.03585288974381099,-0.2494902444486753,0.018,0.017,1,Treg cell
NR2C1,0.03586080638305678,0.25758811366157697,0.135,0.121,1,Treg cell
VIPR1,0.03588309982626143,0.37189947584646,0.079,0.07,1,Treg cell
CNDP2,0.03588785000626047,0.5348270693118451,0.322,0.304,1,Treg cell
NFE2L3,0.035903396889852716,-0.1319457621428044,0.077,0.068,1,Treg cell
F5,0.035913024657697065,4.287687890121047,0.315,0.304,1,Treg cell
FBXO21,0.03593231647462783,0.1556674540406715,0.17,0.157,1,Treg cell
NT5C2,0.03593734896815656,0.2684725202310978,0.19,0.186,1,Treg cell
GRPEL2,0.035982211464784114,0.21391930698541772,0.09,0.079,1,Treg cell
TBC1D2B,0.03610671571717745,-1.5809904134119415,0.466,0.444,1,Treg cell
PSMD10,0.036108425184214366,0.23124577908787036,0.127,0.115,1,Treg cell
LRWD1,0.03615835026975436,0.2654818688482168,0.04,0.032,1,Treg cell
CHST2,0.036206442921985285,-0.9076929340956852,0.037,0.031,1,Treg cell
PFKM,0.03628410527784834,0.1234443608224689,0.045,0.038,1,Treg cell
CYTH4,0.03628503554042422,-0.13820504636360065,0.416,0.398,1,Treg cell
HEXD,0.03629502816256646,0.22030996316627782,0.189,0.18,1,Treg cell
TCAP,0.03631065738751835,-0.22314369820507718,0.007,0.01,1,Treg cell
SMG9,0.036313057922695624,0.19617443403444979,0.049,0.041,1,Treg cell
AP1M1,0.03632973243898899,0.6632077607373144,0.379,0.36,1,Treg cell
TJP3,0.0364540925839678,0.30703534772608965,0.057,0.055,1,Treg cell
KNL1,0.0365300428477862,0.8147514189014702,0.029,0.024,1,Treg cell
ZGPAT,0.03655416850725706,0.18544309960211097,0.245,0.23,1,Treg cell
PPP2R5A,0.03671913970050988,0.5301813799883834,0.419,0.401,1,Treg cell
PUM2,0.03674056218085775,-0.284003467796083,0.52,0.498,1,Treg cell
C17orf67,0.03675391014467906,0.4873244650131099,0.014,0.01,1,Treg cell
SPPL2B,0.03691212836994738,-0.3812353237622981,0.111,0.1,1,Treg cell
SIRT7,0.03691575564707199,0.2257262089340364,0.172,0.156,1,Treg cell
PEX14,0.03708736467243801,0.33337071898170834,0.073,0.063,1,Treg cell
GPR132,0.03728816967788664,0.15980953798494457,0.182,0.167,1,Treg cell
DZIP3,0.03735425959745581,0.15357842456363757,0.07,0.06,1,Treg cell
SC5D,0.0373763720583623,0.16713586398392133,0.083,0.072,1,Treg cell
FBXL19,0.0374716249243562,0.3332850489216601,0.066,0.056,1,Treg cell
GBF1,0.03756495679184278,0.1342037578164843,0.149,0.135,1,Treg cell
TMEM204,0.037632588447141235,0.21733476265770724,0.173,0.162,1,Treg cell
ARID5A,0.03768233285645493,1.023031147922213,0.193,0.181,1,Treg cell
NRM,0.03781911244404682,0.14877292732476644,0.03,0.025,1,Treg cell
PCBP4,0.03783162630846662,0.36411249446648597,0.026,0.02,1,Treg cell
CCDC65,0.03783366515003869,0.14382350103317654,0.064,0.056,1,Treg cell
GEMIN5,0.037887399518911465,0.22463381755928102,0.072,0.062,1,Treg cell
DGCR8,0.03790889731721854,0.33095655872512475,0.163,0.152,1,Treg cell
SELENOH,0.03796553282896173,-0.3143456358512271,0.452,0.439,1,Treg cell
PNP,0.03800018287686536,0.25264598000361693,0.101,0.096,1,Treg cell
ZDHHC5,0.03801793996820912,0.20164414303180478,0.159,0.147,1,Treg cell
ATM,0.038017994537354084,6.080935872877939,0.712,0.726,1,Treg cell
SLC30A5,0.038081623009839055,0.19392820844596037,0.121,0.112,1,Treg cell
BRD7,0.038091375651398626,0.13699499323221587,0.297,0.278,1,Treg cell
TMEM70,0.038112201168822295,0.24120338223065474,0.084,0.074,1,Treg cell
CDK11B,0.03814483402904444,0.16937968566721961,0.112,0.1,1,Treg cell
ZNF286A,0.038182423064805474,0.14196847832839143,0.05,0.043,1,Treg cell
PHC3,0.03820409901927536,0.30815263075811705,0.574,0.553,1,Treg cell
OGFRL1,0.03825245618031914,0.30699064192959025,0.12,0.107,1,Treg cell
HK1,0.038285353716494934,0.1419480121270333,0.275,0.261,1,Treg cell
RFXAP,0.038307385075433624,0.10635784105690993,0.085,0.076,1,Treg cell
CEP63,0.03842684944213887,0.17812755769260025,0.124,0.112,1,Treg cell
POP4,0.03863384360505806,0.13218359927823364,0.153,0.139,1,Treg cell
RTRAF,0.03872732588430956,0.3562723197986909,0.238,0.227,1,Treg cell
CWC25,0.03874359620237402,0.29690526648475535,0.069,0.063,1,Treg cell
PIN4,0.038748812512075834,0.16479932016558996,0.08,0.069,1,Treg cell
EIF3B,0.03876436516641966,0.24461681230404445,0.318,0.303,1,Treg cell
ANXA2R,0.03878427762570777,0.18619945635563695,0.257,0.245,1,Treg cell
SHARPIN,0.038808860048701994,0.1502346866690043,0.149,0.136,1,Treg cell
SCPEP1,0.03882293788648065,0.14208810662259097,0.081,0.07,1,Treg cell
ABHD14A,0.03883975452684229,-0.16498984952715778,0.105,0.108,1,Treg cell
CD40LG,0.038880353532611815,0.10686618657909136,0.134,0.124,1,Treg cell
MVP,0.03889002140322494,0.20673155060241477,0.192,0.18,1,Treg cell
MARCHF8,0.03889086475733353,0.20933661679974436,0.184,0.167,1,Treg cell
BRD2,0.03899343683652741,1.9128708806301127,0.585,0.576,1,Treg cell
TSPAN5,0.03907218638779156,0.11257346590208117,0.102,0.093,1,Treg cell
ZMPSTE24,0.03908494112480302,0.20263029015103173,0.101,0.088,1,Treg cell
ATXN10,0.03909457260219128,0.15812304470915417,0.182,0.166,1,Treg cell
POLR2L,0.03912245722419897,0.2746379873878342,0.172,0.158,1,Treg cell
CKAP2,0.039125477014165,0.149576573342578,0.14,0.125,1,Treg cell
HOXB2,0.03914550766636559,0.2331573721970308,0.107,0.098,1,Treg cell
LSM5,0.039206277361849194,0.22415632946460295,0.104,0.094,1,Treg cell
EXOC5,0.03922060199737042,0.22372728663744734,0.21,0.198,1,Treg cell
ARMCX5,0.03924679258670477,0.27790814720653945,0.079,0.068,1,Treg cell
HIPK3,0.03929108472682604,0.2048302839788787,0.413,0.393,1,Treg cell
MGRN1,0.03943190934369195,0.24372454553271994,0.167,0.153,1,Treg cell
AP5S1,0.039438204810074186,0.20300043074732743,0.09,0.079,1,Treg cell
POGLUT1,0.039478482431571,0.260477054115684,0.143,0.132,1,Treg cell
CDK12,0.039498505510406144,0.11840039415452752,0.163,0.166,1,Treg cell
C3orf38,0.03950002771998148,0.1521831046629315,0.19,0.175,1,Treg cell
MAGOH,0.039549976921849785,0.1471527480131698,0.191,0.175,1,Treg cell
TADA2A,0.03971723439747003,0.2662122789241934,0.091,0.081,1,Treg cell
TLNRD1,0.039746538981039324,0.2186542847649977,0.11,0.097,1,Treg cell
AXIN1,0.03976959670937944,0.41277225502645204,0.314,0.295,1,Treg cell
GALT,0.03986621966842235,0.5107587392293778,0.335,0.322,1,Treg cell
TMEM154,0.03992049903091383,0.283396967174407,0.329,0.315,1,Treg cell
CRYBG3,0.03993297875332298,0.4925826647412519,0.027,0.021,1,Treg cell
MAPKAPK3,0.03996178745260814,1.4264805819306043,0.192,0.176,1,Treg cell
ERN1,0.04002648114568347,0.22645304714069675,0.195,0.183,1,Treg cell
TUBGCP5,0.040027017577322216,0.20234094271737213,0.116,0.112,1,Treg cell
REXO2,0.040038863408009585,0.3139160064893678,0.36,0.341,1,Treg cell
APMAP,0.04005418058095629,0.25556029833990423,0.189,0.174,1,Treg cell
ACOX1,0.0400589649512556,0.20455780464958018,0.101,0.089,1,Treg cell
ZNF225,0.04010951853784033,0.43449381552802446,0.039,0.033,1,Treg cell
TMEM109,0.040110885077192134,0.19582890753056104,0.209,0.194,1,Treg cell
SLC38A6,0.04013481648194829,0.20187324347046864,0.075,0.065,1,Treg cell
KCTD20,0.04018540032627194,0.21065306837244255,0.252,0.236,1,Treg cell
TCP1,0.04028320205447645,0.1822690399811453,0.203,0.188,1,Treg cell
HSD17B4,0.04033899724615114,0.1950193685824686,0.149,0.137,1,Treg cell
OAS3,0.040340728822834085,-8.418256409543716,0.122,0.11,1,Treg cell
PMVK,0.04043774576925516,0.559591828424472,0.157,0.148,1,Treg cell
ZNF445,0.04066313651663175,0.2230180779308002,0.072,0.063,1,Treg cell
C4orf33,0.04066606240941819,0.18177815022169375,0.049,0.041,1,Treg cell
LAIR2,0.040705220702558144,0.6864996751799115,0.09,0.081,1,Treg cell
SBNO2,0.04072188130030152,0.11991861833515371,0.202,0.187,1,Treg cell
TNFAIP8L1,0.04076166649139526,0.15639809489268153,0.058,0.049,1,Treg cell
MVK,0.04086041344427261,0.4768568852473991,0.072,0.062,1,Treg cell
ELMOD2,0.04086666933974577,0.19443685179715242,0.123,0.111,1,Treg cell
COLGALT1,0.04088227216266187,0.15608644557232565,0.149,0.144,1,Treg cell
UBA6,0.04096861769384067,0.19656972977816153,0.261,0.245,1,Treg cell
TICAM1,0.04097777381875856,0.10118549281980593,0.095,0.085,1,Treg cell
AGL,0.041077715386023256,0.13332259042132444,0.151,0.138,1,Treg cell
ZNF558,0.04109396990673359,0.16021134203499265,0.092,0.081,1,Treg cell
NUBPL,0.04118492614137039,0.20544649477698673,0.047,0.039,1,Treg cell
MYG1,0.041196526726105305,0.1609687413204357,0.134,0.121,1,Treg cell
TAF12,0.041199436643808214,0.21063999975747394,0.151,0.137,1,Treg cell
NPC1,0.041211780286341024,-0.15936146720672673,0.151,0.136,1,Treg cell
JARID2,0.04122820754016869,0.11327869782042743,0.113,0.101,1,Treg cell
ICAM2,0.04125381497348511,0.23696093629410608,0.424,0.407,1,Treg cell
MCEE,0.04126826262794107,0.10961875866088255,0.097,0.085,1,Treg cell
PTER,0.041274689615156616,0.3311364223002875,0.192,0.178,1,Treg cell
MTIF2,0.04133656269460895,0.13357543615377,0.178,0.164,1,Treg cell
PPIB,0.041383553833762944,0.1927831088893685,0.29,0.274,1,Treg cell
ZSCAN9,0.04139332698397803,0.1726489251131369,0.028,0.022,1,Treg cell
PNRC2,0.04140068342377177,0.4009487210749001,0.41,0.394,1,Treg cell
WAS,0.041409163456698456,0.41942718400917944,0.412,0.395,1,Treg cell
IL12RB1,0.04143188535827219,0.4030572969065689,0.193,0.178,1,Treg cell
HMGB2,0.041476877588157955,34.06843289240402,0.33,0.311,1,Treg cell
RWDD3,0.04152056535965821,0.21590232171102608,0.113,0.107,1,Treg cell
MTMR12,0.04154625666312611,0.1589983414531564,0.134,0.121,1,Treg cell
HPRT1,0.041574442491997946,-6.787442394604623,0.199,0.182,1,Treg cell
TBK1,0.041596124881123776,0.1713260431562399,0.176,0.16,1,Treg cell
SCGB3A1,0.04169779994588214,0.7170101608400046,0.019,0.019,1,Treg cell
ZFYVE1,0.04176579023788002,0.17879848517096297,0.082,0.071,1,Treg cell
SPATS2L,0.0417729057850783,0.550867269722392,0.12,0.107,1,Treg cell
SLA,0.04198079472555762,1.2741410670360587,0.311,0.294,1,Treg cell
ADH5,0.04207899945210874,0.401413535704106,0.151,0.138,1,Treg cell
BET1,0.042192865244848846,0.1564692328253905,0.081,0.072,1,Treg cell
COPG2,0.042202277054563406,0.22463455350061556,0.08,0.074,1,Treg cell
TALDO1,0.04220258751189474,0.21332899835529728,0.168,0.157,1,Treg cell
CTNNB1,0.0422289175695945,0.13000232513163446,0.177,0.161,1,Treg cell
DCAF16,0.04227316477403667,0.25073626627235124,0.296,0.281,1,Treg cell
URB2,0.042393194752470505,-0.2614804830387438,0.034,0.036,1,Treg cell
LCLAT1,0.04242519650785624,0.23728526829149188,0.129,0.122,1,Treg cell
ZNF227,0.042500792014463516,0.12298726802785831,0.104,0.092,1,Treg cell
GOLGB1,0.04251596781659416,0.15380924042853616,0.21,0.193,1,Treg cell
ARL6IP1,0.04264675108595851,25.69633734550152,0.294,0.294,1,Treg cell
HCFC1,0.04266877800212904,0.2899428481589396,0.306,0.295,1,Treg cell
EIPR1,0.042733317237851356,0.14538522509294682,0.141,0.127,1,Treg cell
TTC9C,0.04273559127202025,0.4207488775334438,0.132,0.128,1,Treg cell
MXD1,0.04279345585745932,0.29234680919051526,0.057,0.048,1,Treg cell
C3AR1,0.042939580317634646,0.4735565409727087,0.025,0.02,1,Treg cell
STAG2,0.042958652991741744,0.86123760895277,0.507,0.487,1,Treg cell
PTDSS1,0.042975514080441445,-0.7437971524856124,0.315,0.298,1,Treg cell
UBE2Q2,0.04299260271085009,0.33241077633014504,0.224,0.215,1,Treg cell
HSBP1,0.04301509328412039,0.22628799492145646,0.08,0.07,1,Treg cell
AP1AR,0.043033893437249955,0.20071462229467252,0.124,0.114,1,Treg cell
ZNF33A,0.0430487915960354,-0.18941281502272103,0.277,0.27,1,Treg cell
ATN1,0.0430627937178582,0.19572763849500374,0.17,0.156,1,Treg cell
TUFM,0.04306569155131352,-2.7182008151838617,0.411,0.395,1,Treg cell
MEX3C,0.04307987083935961,-0.3478697258711314,0.31,0.294,1,Treg cell
TIGIT,0.043087883884075036,8.695929481933817,0.611,0.603,1,Treg cell
ANKS3,0.043094734729722445,0.3076446975705651,0.042,0.038,1,Treg cell
PPP2CA,0.043110433947223116,0.2552502431323439,0.201,0.186,1,Treg cell
ZNF576,0.04314064424924154,0.21569760246370295,0.037,0.031,1,Treg cell
DNA2,0.04326004767711588,-0.25161976223349436,0.041,0.045,1,Treg cell
GBE1,0.04327603441292044,0.2076391968196778,0.055,0.047,1,Treg cell
DIS3L2,0.04330840510325082,0.1001013707126226,0.217,0.203,1,Treg cell
IKBKE,0.04336867788453548,0.569920664610487,0.318,0.299,1,Treg cell
CCP110,0.04352601323247828,0.1936832006343936,0.107,0.096,1,Treg cell
DHX37,0.043703271035118105,0.201443329935731,0.083,0.078,1,Treg cell
TMEM128,0.04372138975646803,-1.7242848988136763,0.139,0.126,1,Treg cell
GRSF1,0.043940305277675853,0.7251867949842412,0.371,0.369,1,Treg cell
ZNF550,0.04396294233902317,0.22050369360756505,0.089,0.08,1,Treg cell
SNAP23,0.0440297370478415,0.13769192108360118,0.188,0.174,1,Treg cell
SLC7A1,0.044217654353496554,0.21389863436688072,0.109,0.1,1,Treg cell
DYRK1A,0.04422331534099976,0.18667820009063463,0.495,0.488,1,Treg cell
ARID2,0.04423908884154741,0.12067781346479248,0.285,0.267,1,Treg cell
PBX2,0.04424586740561833,0.1519910705782741,0.513,0.503,1,Treg cell
SLC12A2,0.04427416663899688,0.24722790876096612,0.078,0.07,1,Treg cell
KLHL24,0.04428415027380078,0.11393524426970135,0.3,0.281,1,Treg cell
NPL,0.0443041229711095,0.29037407136113424,0.036,0.029,1,Treg cell
DUSP3,0.04432687120778788,0.24868508336703687,0.024,0.023,1,Treg cell
ARNT,0.044353021653639406,-1.6279967796799013,0.167,0.155,1,Treg cell
LMAN2L,0.044379164645195625,0.3563749321408616,0.044,0.038,1,Treg cell
TRIM27,0.04447291113643192,0.13711948061427148,0.223,0.206,1,Treg cell
PTGR3,0.044474750655827414,0.242427026341014,0.238,0.22,1,Treg cell
HINT3,0.044475157901643636,0.5333958913249905,0.084,0.078,1,Treg cell
GCNT2,0.04457447483764502,0.11872085864843163,0.039,0.032,1,Treg cell
ZCCHC10,0.04465134759570111,0.218432937692282,0.034,0.028,1,Treg cell
MGST3,0.04478564512476429,0.17204728859697152,0.25,0.229,1,Treg cell
UQCRB,0.04496154090095805,0.3381870164546553,0.384,0.365,1,Treg cell
TNPO2,0.04517363267070821,0.15607158008038424,0.128,0.116,1,Treg cell
TMEM170A,0.045227298943618925,0.23946405447133012,0.192,0.184,1,Treg cell
HOXB3,0.045271024382975505,0.3532873104037182,0.031,0.025,1,Treg cell
EXT2,0.04528787467266511,0.17971965626933084,0.098,0.086,1,Treg cell
CRYL1,0.045541208240945145,0.2989711830183648,0.105,0.093,1,Treg cell
NDRG1,0.045723411032476624,0.1434625697161931,0.205,0.189,1,Treg cell
HPS5,0.04573670114975829,0.21117380371260253,0.116,0.104,1,Treg cell
PTPRJ,0.04573946545969531,-0.13950350222085972,0.343,0.328,1,Treg cell
MTCP1,0.04577674695614025,-0.1606686251227636,0.016,0.016,1,Treg cell
WASF2,0.04579083804899612,0.2314121398812432,0.411,0.396,1,Treg cell
CKS2,0.04580057766430776,4.47495751149496,0.058,0.051,1,Treg cell
FIBP,0.04590277678104322,0.20795550377329164,0.097,0.085,1,Treg cell
KIF11,0.04592500103064024,0.5315019806588839,0.034,0.028,1,Treg cell
DUS3L,0.0460140692018093,0.22815234981961385,0.098,0.094,1,Treg cell
CWF19L1,0.04604192490791808,0.15292332475591125,0.231,0.214,1,Treg cell
LRRC8C,0.046099833602031015,0.5188210550580519,0.462,0.444,1,Treg cell
RNF115,0.04613365984081096,0.37755392009325645,0.244,0.229,1,Treg cell
SUV39H2,0.046179501354997966,0.1829549271223292,0.029,0.023,1,Treg cell
FOXJ3,0.04628717189274605,0.16464951246865145,0.234,0.216,1,Treg cell
UTP6,0.04629486608902592,0.15881740056660787,0.155,0.141,1,Treg cell
TUT4,0.04639170831119188,-5.98889478684079,0.537,0.533,1,Treg cell
MTHFD1,0.0464657562619624,0.23213793657753168,0.149,0.135,1,Treg cell
LPIN1,0.04647049895262354,0.21287950188520677,0.175,0.164,1,Treg cell
MIDEAS,0.04649592121852445,0.14532626077371183,0.247,0.232,1,Treg cell
DHX38,0.046540745091494765,0.295393764127316,0.279,0.265,1,Treg cell
UFD1,0.046670833796219134,0.144080139567077,0.158,0.143,1,Treg cell
DBR1,0.04669077710925323,0.16304839848855646,0.16,0.148,1,Treg cell
DAPK3,0.04674190913597061,0.45566451476997183,0.117,0.108,1,Treg cell
DLD,0.04686597970433182,0.24907259633279466,0.188,0.178,1,Treg cell
FLCN,0.046871509373561604,0.3670225100198319,0.136,0.125,1,Treg cell
MAPK9,0.04688293449647505,0.12958865516835796,0.248,0.233,1,Treg cell
CACNB1,0.04689043404044862,0.3305019874084456,0.058,0.052,1,Treg cell
CRIPT,0.04692452119535719,0.9698880470498192,0.307,0.289,1,Treg cell
ARMH3,0.04692501364460699,0.11742194036079799,0.288,0.269,1,Treg cell
PSMC1,0.04697241629663561,0.23748828608361205,0.179,0.167,1,Treg cell
KIF3A,0.047027451779478466,0.1168924358350234,0.114,0.102,1,Treg cell
ANAPC15,0.047051827513462444,0.8342684423622173,0.202,0.186,1,Treg cell
CNNM2,0.047108994315334864,0.2292043199915641,0.074,0.064,1,Treg cell
AEBP2,0.047158409707681946,0.224167675907182,0.42,0.4,1,Treg cell
USPL1,0.047166045870947144,0.10047885836685366,0.167,0.153,1,Treg cell
KYAT1,0.047175296610560254,-0.28688341596668643,0.051,0.058,1,Treg cell
SLC43A2,0.047187807415093305,0.35246508879005933,0.033,0.03,1,Treg cell
SLC35B2,0.047249249203092356,0.23527931758485265,0.111,0.099,1,Treg cell
HGH1,0.04733469627637756,0.14503962017101912,0.087,0.076,1,Treg cell
RIC1,0.04736072353046653,0.2205489672223906,0.196,0.183,1,Treg cell
CIAPIN1,0.04746100211578314,0.25628250542714426,0.083,0.075,1,Treg cell
MDM4,0.04751588418370919,2.2283384738890337,0.823,0.81,1,Treg cell
SLC6A6,0.04752200790567751,0.14783415071082945,0.281,0.262,1,Treg cell
PTDSS2,0.04753458855580873,0.32932748774535225,0.041,0.035,1,Treg cell
PRDM4,0.04756306004760494,0.10982818530639937,0.151,0.139,1,Treg cell
DLGAP4,0.047573849377635716,2.394774207331611,0.205,0.192,1,Treg cell
RPN2,0.04760651095407807,-0.12901820994853908,0.145,0.144,1,Treg cell
FOXK2,0.04760755139696022,0.12804273623250073,0.164,0.149,1,Treg cell
CGGBP1,0.047614698506067275,0.997930075030776,0.528,0.517,1,Treg cell
ZFYVE21,0.04762142485772112,0.27585014436185196,0.06,0.051,1,Treg cell
RTF2,0.04773223079275494,0.3811227471788935,0.292,0.28,1,Treg cell
DYNLL2,0.04779512320844531,0.5132798578964861,0.486,0.463,1,Treg cell
COG1,0.04788839858610383,0.16846170635334629,0.217,0.201,1,Treg cell
TMEM268,0.047974202050640055,0.3246568833557306,0.099,0.091,1,Treg cell
SCYL1,0.04801538349241634,0.16694401933795633,0.198,0.185,1,Treg cell
PARL,0.04805114768974954,0.18479025359080192,0.193,0.179,1,Treg cell
CHMP2B,0.048095669669282956,0.15000560890634917,0.172,0.157,1,Treg cell
BBC3,0.04813830107938616,2.0735354674227833,0.082,0.077,1,Treg cell
CRY2,0.04816694535508642,0.21146423209409337,0.159,0.151,1,Treg cell
SETDB1,0.048243802417923136,0.1769360699157959,0.213,0.205,1,Treg cell
SUV39H1,0.0483143410932481,0.2766467089314668,0.058,0.051,1,Treg cell
TOMM70,0.04832786522885637,-0.4005825216790965,0.241,0.225,1,Treg cell
HCST,0.048334298233293466,0.4587583777225468,0.384,0.369,1,Treg cell
APRT,0.048360810746976374,0.31244144060260415,0.436,0.416,1,Treg cell
SEC24D,0.04836510991934475,0.3541403764285489,0.068,0.061,1,Treg cell
MAEA,0.048443309049594895,0.2686769285342973,0.27,0.255,1,Treg cell
UBL5,0.04859026780016973,-0.7365369326834781,0.164,0.152,1,Treg cell
PPP4R3A,0.048650019915937016,0.12409720183338901,0.356,0.341,1,Treg cell
ODR4,0.04874347533855632,0.1878548932924533,0.156,0.15,1,Treg cell
POLR3GL,0.04882638938822395,0.26917891015722684,0.223,0.21,1,Treg cell
MAP7D1,0.048878829518310705,0.6690259895677109,0.455,0.445,1,Treg cell
CEP19,0.048899187140914575,0.3087160569418055,0.031,0.025,1,Treg cell
ZSCAN26,0.04895531262496716,0.4355903780487955,0.112,0.1,1,Treg cell
NDUFA9,0.0489684056242779,0.2904323205765884,0.112,0.101,1,Treg cell
MTRES1,0.04897948838374198,0.1565752413889867,0.064,0.056,1,Treg cell
USP30,0.04907207042862965,0.36843657131728147,0.058,0.052,1,Treg cell
RFX5,0.04908935250623917,1.3183340051829666,0.241,0.224,1,Treg cell
HACD2,0.049426405184392064,0.17853508399191198,0.198,0.183,1,Treg cell
FAM177A1,0.04952062122055466,0.2221811691029023,0.067,0.061,1,Treg cell
LARS1,0.04960741915896318,0.29836628937856535,0.383,0.366,1,Treg cell
C7orf25,0.04966152426663909,0.11542401942340685,0.08,0.069,1,Treg cell
MEF2D,0.04966481864130854,0.1589469932939654,0.225,0.208,1,Treg cell
NQO1,0.04967620653878446,0.39891920172516837,0.023,0.018,1,Treg cell
VPS41,0.04971586707693697,0.2711198737678926,0.133,0.121,1,Treg cell
TET3,0.04975231224221935,0.24238310332897495,0.073,0.067,1,Treg cell
EIF1,0.0497881264023027,-2.6177892549112514,0.894,0.886,1,Treg cell
S100A13,0.049889968510300226,-0.2146638243198269,0.035,0.031,1,Treg cell
KCTD12,0.04991174996193092,0.10484850728628237,0.029,0.023,1,Treg cell
DISP1,0.04991273878775864,-0.5045419086360683,0.009,0.013,1,Treg cell
VPS54,0.049924152062952726,0.23061262170504426,0.204,0.188,1,Treg cell
FNTA,0.04997183772900225,0.1533869854210148,0.492,0.479,1,Treg cell
MED28,0.050000489166043945,0.21029231681760674,0.457,0.44,1,Treg cell
ENTPD4,0.050126211272515764,0.28859757393676533,0.371,0.365,1,Treg cell
ABI2,0.050468749858914023,0.32273714078300086,0.172,0.161,1,Treg cell
RFWD3,0.050506501331320036,0.2818460953982236,0.127,0.116,1,Treg cell
ADAL,0.05054264698026378,0.31941260207834343,0.035,0.028,1,Treg cell
WWP1,0.05055176383610274,0.3141121777096547,0.419,0.401,1,Treg cell
PIP4K2C,0.050558621030470534,0.13546327956754567,0.089,0.079,1,Treg cell
BORA,0.0506129561663945,0.1673225803960423,0.084,0.073,1,Treg cell
ADORA2A,0.05071194730610999,0.2620953181489627,0.157,0.151,1,Treg cell
RBBP5,0.050741925321664834,-0.11509443542991149,0.167,0.161,1,Treg cell
SNAPC5,0.050762511404480015,0.2204010738309079,0.128,0.119,1,Treg cell
DNTTIP1,0.0508660712665826,0.11956087861531817,0.082,0.073,1,Treg cell
MFSD6,0.05097202276521541,0.28357597977587073,0.303,0.29,1,Treg cell
HNRNPDL,0.05101788983766487,0.10646032870795907,0.567,0.561,1,Treg cell
LETM2,0.051054221057319604,0.3946033723290818,0.028,0.022,1,Treg cell
HTT,0.0511355710900741,0.11022625088619517,0.298,0.281,1,Treg cell
MT-CO3,0.051148066170357505,1.309613511050344,0.821,0.808,1,Treg cell
RFLNB,0.05126767533081263,0.14129914719176254,0.232,0.219,1,Treg cell
JUND,0.0513803898754763,5.861918271948052,0.676,0.68,1,Treg cell
BCL6,0.051452539600222565,-0.17287391028724386,0.043,0.04,1,Treg cell
NCBP2AS2,0.05150187879580684,0.18206515068247286,0.186,0.171,1,Treg cell
UTP23,0.0515545820391212,0.15948905255728618,0.213,0.216,1,Treg cell
PBRM1,0.051570414616724895,0.19692753255432682,0.303,0.289,1,Treg cell
UCHL3,0.051584655735970146,0.1992956630330882,0.132,0.122,1,Treg cell
PDHA1,0.05158680392467093,0.10732783742410956,0.246,0.23,1,Treg cell
ZNF333,0.05168069011291582,0.16525678273103406,0.074,0.073,1,Treg cell
RUFY1,0.051684620486999525,0.5650106717631085,0.205,0.191,1,Treg cell
ME2,0.05179584807656515,0.24004704821358108,0.202,0.187,1,Treg cell
RTCB,0.0517982005507992,0.3097421614337502,0.184,0.17,1,Treg cell
PTK2B,0.05180964642353584,1.055790757016543,0.457,0.443,1,Treg cell
MAP1LC3B,0.05184914233847649,0.43207705937972607,0.296,0.285,1,Treg cell
CD8A,0.051851914301573404,11.475709778147808,0.039,0.032,1,Treg cell
HSPA9,0.051856419689245925,0.20181255652386332,0.19,0.178,1,Treg cell
SRRM5,0.05189277572697035,-0.5459551855103619,0.01,0.012,1,Treg cell
TRIB3,0.051910938453535234,0.30530364543841326,0.041,0.038,1,Treg cell
HSD17B10,0.051928348880828,0.2729658558775079,0.176,0.161,1,Treg cell
CDC7,0.05198710663411054,0.2996627439640491,0.06,0.05,1,Treg cell
MIX23,0.05212995139072751,0.30098194880112805,0.036,0.031,1,Treg cell
API5,0.052299020640072955,0.32943250595246054,0.381,0.363,1,Treg cell
LRP10,0.05244608521059133,0.20847833003241437,0.306,0.289,1,Treg cell
NOCT,0.05246214724171128,0.5130027676805433,0.014,0.01,1,Treg cell
KPNA6,0.05255919042859396,0.304765952706883,0.233,0.22,1,Treg cell
JUNB,0.052578308701971575,-27.445777031373247,0.712,0.707,1,Treg cell
ZNF512B,0.052590175696949994,-0.1624631839427464,0.124,0.119,1,Treg cell
UBAC1,0.05267746624617282,0.22185454574142827,0.121,0.115,1,Treg cell
NUB1,0.05275623488846037,0.22439202036149855,0.274,0.26,1,Treg cell
CCR3,0.05279153749304857,4.256232828105055,0.045,0.038,1,Treg cell
TFIP11,0.05289102388052294,0.3279339801863891,0.159,0.15,1,Treg cell
SLC41A3,0.05289159177000464,0.7033980947841385,0.127,0.114,1,Treg cell
STXBP2,0.052894495304943,0.2194933986721656,0.279,0.268,1,Treg cell
UROD,0.05298327253217926,0.13098102227139297,0.095,0.084,1,Treg cell
AGPAT1,0.052994492694875786,0.48738805154526815,0.209,0.193,1,Treg cell
CHRAC1,0.05302144663243988,0.14118616392495076,0.15,0.147,1,Treg cell
NDUFS6,0.05305074807934433,0.55372320116749,0.138,0.126,1,Treg cell
STAT4,0.053133808881806244,0.41035447724706475,0.187,0.172,1,Treg cell
UCKL1,0.05314721736528071,0.1657192508838663,0.164,0.15,1,Treg cell
MBTPS2,0.05320532698705178,0.26152973197152285,0.048,0.04,1,Treg cell
C18orf21,0.05320783925838812,0.16872527923171,0.146,0.135,1,Treg cell
ANO10,0.05329295760588551,0.281789693259487,0.075,0.066,1,Treg cell
KIAA2026,0.05333471772525952,0.22844730399963997,0.454,0.437,1,Treg cell
TMA7B,0.05340133569792298,0.2321023198056118,0.152,0.139,1,Treg cell
ZNF394,0.053568399322611246,0.10945177075439128,0.314,0.327,1,Treg cell
CSF2RB,0.05360768311199173,0.3113238309810231,0.085,0.075,1,Treg cell
CHSY1,0.053629468414484106,0.29106875959169654,0.147,0.134,1,Treg cell
THSD1,0.0536418160360266,0.15560852754522347,0.008,0.01,1,Treg cell
PARP4,0.05368179797437783,0.1616192819850561,0.332,0.322,1,Treg cell
ZNF821,0.053712420888155386,0.1939858495664546,0.064,0.057,1,Treg cell
CENPW,0.053739549423482545,0.6070623258184318,0.015,0.011,1,Treg cell
ICMT,0.053765882387868565,0.20631308179022811,0.107,0.096,1,Treg cell
DUSP22,0.05377255296307034,0.17984328818738482,0.136,0.124,1,Treg cell
NOL8,0.05377808278826713,0.15645544968918101,0.207,0.204,1,Treg cell
RHOB,0.053800260271893975,-4.707171381402401,0.033,0.038,1,Treg cell
TRIM34,0.0538605372995974,0.30606450862035617,0.073,0.063,1,Treg cell
HSD17B8,0.05390464293515812,0.2662649682708711,0.074,0.07,1,Treg cell
TMEM18,0.05407244301835056,0.3646237792812852,0.122,0.109,1,Treg cell
UBL4A,0.054075085941309824,0.17409285360029747,0.052,0.045,1,Treg cell
EML4,0.05414749791207524,0.3496264668385338,0.64,0.621,1,Treg cell
KCTD13,0.054193727861795396,0.16495029110064818,0.162,0.149,1,Treg cell
BLTP2,0.054194185623067014,0.15369000406802058,0.314,0.296,1,Treg cell
SLC30A7,0.054211501519050784,0.1403688529784276,0.204,0.195,1,Treg cell
SEC13,0.05421687888008354,0.5480306342643655,0.218,0.203,1,Treg cell
AKAP10,0.05422402974315991,0.15452720892138494,0.223,0.21,1,Treg cell
SNX33,0.054248315701360926,-0.3769630885983961,0.017,0.018,1,Treg cell
ACLY,0.0542882512018016,0.19345544772819512,0.13,0.117,1,Treg cell
EPHB6,0.05430990892622535,3.7646262892652302,0.222,0.213,1,Treg cell
HSH2D,0.054370367564411826,0.22752557217445268,0.075,0.066,1,Treg cell
NGDN,0.0544635838526716,0.18718612812442226,0.152,0.14,1,Treg cell
RSRC1,0.05451692095066467,0.27904092038973916,0.197,0.189,1,Treg cell
GTPBP1,0.0545384628251049,-0.14853426336484757,0.28,0.269,1,Treg cell
MOSPD2,0.05457012321254645,0.26769874808346295,0.09,0.081,1,Treg cell
METTL9,0.05457294405348328,0.30604839081028967,0.294,0.275,1,Treg cell
MADD,0.0545886742577818,0.15245785143469526,0.219,0.204,1,Treg cell
SIL1,0.0545899175144573,0.1790519237311763,0.085,0.076,1,Treg cell
CEP350,0.05467773520247726,0.24793755241798743,0.379,0.361,1,Treg cell
COG7,0.05468757459985233,0.15480312028872145,0.164,0.151,1,Treg cell
ZNF480,0.05478631921801589,0.18970385741383566,0.105,0.093,1,Treg cell
RNF34,0.05497796009033931,0.20331087500774458,0.014,0.011,1,Treg cell
TRAPPC6B,0.05501394382223973,0.1082458323219535,0.166,0.152,1,Treg cell
DNMT1,0.05506589400377864,0.16815474207452208,0.368,0.35,1,Treg cell
ZFP14,0.05510599541331252,0.22060241075334153,0.116,0.107,1,Treg cell
SMYD2,0.05512284523084219,0.19433838066264486,0.192,0.177,1,Treg cell
SLC11A2,0.05519923795119046,0.1958382461211381,0.129,0.117,1,Treg cell
ZNF330,0.0552198233125895,0.16883888257756063,0.143,0.13,1,Treg cell
EXOC3,0.055295586144375276,1.243939339512863,0.395,0.382,1,Treg cell
G2E3,0.05532220350046854,0.12808594157503617,0.155,0.141,1,Treg cell
SLC25A23,0.05553906331371207,0.2479638250394034,0.087,0.076,1,Treg cell
ZNF354B,0.05554091808812149,0.2130964138602245,0.106,0.096,1,Treg cell
UBA5,0.055637540322461994,0.21580306331677002,0.158,0.145,1,Treg cell
PEAK1,0.055664885308133405,0.33176588484122593,0.046,0.041,1,Treg cell
GLUD1,0.05568997209209354,0.10730093734452717,0.193,0.181,1,Treg cell
SF3B1,0.05569729769407354,-1.691144655905895,0.515,0.496,1,Treg cell
ZBTB32,0.05588468737724739,1.2656137805423069,0.031,0.029,1,Treg cell
S100A8,0.05589813896019156,0.9348730768974505,0.14,0.123,1,Treg cell
CENPN,0.05590557490684576,0.5941435943301823,0.04,0.034,1,Treg cell
IFI44L,0.05596240050983907,4.2569398292420555,0.038,0.034,1,Treg cell
EMC7,0.05628310129626911,0.3971182333319264,0.294,0.276,1,Treg cell
ZUP1,0.05630099609060223,0.25016081324251704,0.073,0.065,1,Treg cell
TXNL4A,0.05631158788685754,-0.16126971058600703,0.42,0.406,1,Treg cell
SLC35A3,0.05636976376812288,0.163067789999148,0.239,0.223,1,Treg cell
PPP6C,0.05640571012805998,0.4894016149020368,0.463,0.452,1,Treg cell
UBE2S,0.056418690297333166,0.4283633694670388,0.031,0.028,1,Treg cell
LRATD2,0.05660628166585966,0.36249405935291223,0.136,0.127,1,Treg cell
BNIP1,0.05661073618194851,0.39171041435769416,0.05,0.045,1,Treg cell
TEP1,0.056744401159151796,0.2759658837827015,0.199,0.187,1,Treg cell
ZNF805,0.05691051840673984,0.26543027514200856,0.093,0.084,1,Treg cell
ITCH,0.05693871597599002,0.1798427069451044,0.346,0.327,1,Treg cell
UNG,0.05700452091709832,0.1446572401894981,0.044,0.038,1,Treg cell
POLA2,0.05703295208724175,0.138931101237171,0.106,0.094,1,Treg cell
GATD1,0.05705623799970289,0.11357721433364909,0.144,0.133,1,Treg cell
RTL8C,0.05705672121059371,0.23836165008721144,0.075,0.066,1,Treg cell
GART,0.05707021787725293,0.14373920030298248,0.131,0.118,1,Treg cell
VAC14,0.05719697378036309,0.23457561958554818,0.124,0.115,1,Treg cell
ZSCAN25,0.057249605303838054,0.2277613628297117,0.084,0.074,1,Treg cell
EEF1AKMT2,0.057251513703887674,0.2693253271005305,0.25,0.236,1,Treg cell
UCK2,0.05727031481600922,0.3287117136038651,0.057,0.049,1,Treg cell
PPIL4,0.05728735462405382,-0.141332582068732,0.225,0.212,1,Treg cell
MT-ND1,0.05738382286450873,-0.26729386951748035,0.144,0.157,1,Treg cell
ZNF607,0.05746403271644242,0.1588461107247201,0.025,0.027,1,Treg cell
DNAJA3,0.05752375211107842,0.1646072865591135,0.135,0.122,1,Treg cell
CHMP3,0.0576092901411511,0.17672688656460378,0.286,0.272,1,Treg cell
THYN1,0.05777214153590946,0.23827322070754708,0.196,0.184,1,Treg cell
CMAS,0.05777710840522206,0.23062021455250825,0.147,0.139,1,Treg cell
ATP5MF,0.05779124616101102,0.1703277653449189,0.153,0.146,1,Treg cell
BCL2L12,0.05789100152490341,0.2300189134913051,0.048,0.041,1,Treg cell
NDE1,0.05799758666088178,0.3911602239448102,0.506,0.486,1,Treg cell
CHCHD7,0.05800766639328904,0.17440715733504916,0.303,0.285,1,Treg cell
ZNF790,0.05820210960298189,0.34107189055246856,0.031,0.025,1,Treg cell
KLRK1,0.058228810439077516,4.209532310925605,0.042,0.037,1,Treg cell
WDR19,0.05825129796383908,0.36396887540834655,0.038,0.033,1,Treg cell
SBK1,0.058266840759299686,0.26954573448684416,0.127,0.115,1,Treg cell
STAP2,0.05828593978931429,0.49868626359062773,0.01,0.007,1,Treg cell
ELF4,0.05836870166154426,0.15329723473945167,0.159,0.145,1,Treg cell
YIPF1,0.05840554691775475,0.20044701639546902,0.094,0.083,1,Treg cell
SLC25A43,0.058529224254816645,0.4282979821198998,0.027,0.022,1,Treg cell
ZDHHC8,0.058535207113930954,0.19739104456576695,0.188,0.183,1,Treg cell
PSMB6,0.058541173787444126,-0.3288613396929885,0.144,0.135,1,Treg cell
ARHGAP11B,0.05855349024170976,0.39747828664555573,0.068,0.061,1,Treg cell
ACY1,0.058589244916069254,0.42635930070385797,0.022,0.019,1,Treg cell
DBT,0.05874911801508148,0.11070460932245463,0.125,0.113,1,Treg cell
METTL27,0.05875283322834851,0.3681319163660044,0.028,0.022,1,Treg cell
VPS13A,0.058795436810006284,0.10618893423596482,0.227,0.21,1,Treg cell
PECAM1,0.05885239233866131,0.32589847683047,0.067,0.059,1,Treg cell
PPIH,0.058860993917008615,0.2814745564371739,0.042,0.036,1,Treg cell
BAG1,0.05910088010893143,0.32973663951370524,0.193,0.178,1,Treg cell
SUSD1,0.05919686885359402,0.31672757583324396,0.056,0.055,1,Treg cell
TMEM234,0.05924646298614502,0.16921093741549242,0.069,0.06,1,Treg cell
GDPD1,0.05934060651500664,0.34949131521196986,0.024,0.019,1,Treg cell
TACC1,0.059532051049330174,-0.6027542717786577,0.346,0.327,1,Treg cell
GAN,0.05955412535284739,0.23231824426346748,0.048,0.041,1,Treg cell
DNAJC7,0.05958966799628567,0.25542608692600577,0.289,0.272,1,Treg cell
LDLR,0.05965672466078248,0.19308053808384207,0.047,0.041,1,Treg cell
RIT1,0.05966249543412034,0.26763970624582356,0.135,0.122,1,Treg cell
DUSP4,0.05967078856385035,1.4790257830236975,0.179,0.163,1,Treg cell
CROT,0.059763989674484604,0.2139372368321344,0.087,0.077,1,Treg cell
XYLB,0.05983541995971038,0.3393419524806003,0.028,0.021,1,Treg cell
VHL,0.06002938833612697,0.15823205536633367,0.383,0.368,1,Treg cell
FRS2,0.06003376586161623,0.17742954328535587,0.104,0.092,1,Treg cell
LANCL1,0.0600430445274176,0.2868667326850048,0.228,0.218,1,Treg cell
SMIM7,0.0600768211484742,0.20351950940927677,0.152,0.142,1,Treg cell
TMEM256,0.06008098522688734,0.39891130768554106,0.089,0.081,1,Treg cell
MFSD10,0.06015474551388369,0.25504569414235734,0.089,0.08,1,Treg cell
FBXW8,0.060264077630963704,0.1403125117121382,0.134,0.124,1,Treg cell
CREB3L2,0.06026443390959931,0.12712248482207777,0.157,0.148,1,Treg cell
MDM2,0.06029633666253825,4.242554568420386,0.333,0.318,1,Treg cell
NOMO1,0.0602987165225753,0.28237217617669463,0.039,0.035,1,Treg cell
ZBTB17,0.0603191064358289,0.2893902750396411,0.125,0.116,1,Treg cell
PDCD7,0.06042861147730452,0.18687642816643857,0.113,0.101,1,Treg cell
TRMT2A,0.060459168345143977,0.18793166019536667,0.076,0.068,1,Treg cell
ABHD15,0.06052130474324636,0.27416360959511854,0.044,0.036,1,Treg cell
CITED4,0.06052965523599788,-0.3111386249638799,0.097,0.106,1,Treg cell
TMEM199,0.060538368789903214,0.22960646615651759,0.137,0.125,1,Treg cell
MIB2,0.06065620612052033,-0.12148073493157252,0.055,0.063,1,Treg cell
SPATA24,0.06067819669418033,0.2763085766019282,0.023,0.018,1,Treg cell
GNPDA2,0.06073185794845944,0.12905849748761478,0.079,0.07,1,Treg cell
NELFCD,0.060794313971502964,0.2413215071227659,0.258,0.243,1,Treg cell
ARL8A,0.06080383166715792,0.22913825466927215,0.267,0.25,1,Treg cell
PAM,0.06083550759620254,0.1172181915952295,0.133,0.12,1,Treg cell
LZIC,0.06092778563687925,0.2513681524315714,0.289,0.273,1,Treg cell
CMTM6,0.060993079598896785,-4.999372594918544,0.313,0.296,1,Treg cell
TMEM131L,0.06099328517442424,0.24010196181308618,0.489,0.486,1,Treg cell
ZNF641,0.06104037740684837,0.18581713619983176,0.152,0.14,1,Treg cell
CDK17,0.061045443384059456,0.1920717462956847,0.202,0.192,1,Treg cell
PAF1,0.06133846543763518,0.27937273549816233,0.185,0.175,1,Treg cell
NSA2,0.06136574571307411,0.13192749348771438,0.494,0.478,1,Treg cell
ZNF780B,0.061376340970443304,0.12134640939564934,0.072,0.065,1,Treg cell
SNRPF,0.06143854424836968,0.30459022791590895,0.057,0.048,1,Treg cell
TTC7A,0.06151126259227476,0.24717193652007657,0.193,0.179,1,Treg cell
HDAC2,0.06164447365853118,0.1911460026868812,0.131,0.119,1,Treg cell
IVD,0.0616615246034553,0.2232827091116376,0.094,0.083,1,Treg cell
THBS3,0.061670621215134114,0.11536423559251396,0.05,0.044,1,Treg cell
LONRF3,0.06170866375355449,-0.21249180758663888,0.043,0.043,1,Treg cell
EIF1B,0.06173878352869831,0.25648469265462803,0.421,0.412,1,Treg cell
CNOT6L,0.06184594425305745,-5.7907309796263835,0.69,0.677,1,Treg cell
ERGIC3,0.06184937911261572,0.2312591271025075,0.397,0.381,1,Treg cell
TGFB1,0.06188867390807617,0.2574171297972305,0.238,0.222,1,Treg cell
EEF2K,0.061949314509044284,0.28136290315084733,0.11,0.098,1,Treg cell
RBMX,0.061949705120110186,-0.9688970033986726,0.259,0.271,1,Treg cell
MYO1D,0.061963028062012426,0.22652261489860948,0.069,0.073,1,Treg cell
VPS13B,0.06196436724734576,0.3171915652303152,0.552,0.543,1,Treg cell
APTX,0.062093242837377154,0.2691987111559635,0.129,0.123,1,Treg cell
MED13,0.062193294326109066,0.1556028197957733,0.311,0.295,1,Treg cell
YIPF2,0.06225593240478056,0.28926394815856593,0.055,0.049,1,Treg cell
SARM1,0.0622636591964994,0.12933817564377859,0.127,0.115,1,Treg cell
FAHD2B,0.062272736793288,0.4399756602171303,0.018,0.013,1,Treg cell
DENR,0.06236129852742433,0.15937459810086807,0.249,0.235,1,Treg cell
EID2B,0.06239944063946586,0.32915882112641714,0.028,0.023,1,Treg cell
ROGDI,0.062435081479127484,0.1431295011483389,0.025,0.02,1,Treg cell
HERPUD1,0.06243850333179499,0.887313739855715,0.234,0.222,1,Treg cell
CPPED1,0.06270327232924937,0.43165481317680987,0.058,0.051,1,Treg cell
SMPD3,0.06270379153008589,0.14516640578960072,0.052,0.044,1,Treg cell
METTL2A,0.06271315769465156,0.26772026174126573,0.064,0.056,1,Treg cell
CYB561A3,0.06277451441818666,0.32873372023040615,0.111,0.099,1,Treg cell
MFN2,0.06280146126504911,0.22171868330280908,0.078,0.067,1,Treg cell
GOSR2,0.06293873862733029,0.16386122026047883,0.261,0.25,1,Treg cell
ZNF304,0.06295630287823593,0.28945189545333605,0.038,0.031,1,Treg cell
ADIPOR1,0.06297174865920593,0.25444122574862815,0.18,0.165,1,Treg cell
BTBD9,0.06301581864108406,0.4079538052571091,0.413,0.397,1,Treg cell
TMLHE,0.0630620075551441,0.2093796248858344,0.083,0.078,1,Treg cell
PPP1R3B,0.0630941585259966,-0.31314772331785257,0.05,0.056,1,Treg cell
RC3H2,0.06324252748023225,0.3116150807513607,0.402,0.383,1,Treg cell
SLC16A1,0.06336303442381067,-4.570234074852267,0.164,0.149,1,Treg cell
TUBB2A,0.06337751665769142,-0.4033959755566219,0.035,0.04,1,Treg cell
ARL5B,0.06338673139651213,0.24354215716554406,0.107,0.099,1,Treg cell
CRAT,0.06346056701408351,0.12724691742324357,0.014,0.012,1,Treg cell
C7orf50,0.06349494661642494,0.16600086396527725,0.114,0.102,1,Treg cell
EDARADD,0.06358530661568233,0.2592032793058965,0.026,0.027,1,Treg cell
TGFBR2,0.0636233499821684,2.4122353051154204,0.491,0.509,1,Treg cell
SKA3,0.06372243362282966,0.751378749133055,0.02,0.016,1,Treg cell
RNF14,0.06381610903323964,0.530232052945016,0.155,0.144,1,Treg cell
GCC1,0.06397324226898675,0.2064257759292556,0.111,0.1,1,Treg cell
DENND1C,0.0641570315366393,0.38751297285048025,0.404,0.388,1,Treg cell
ADCK2,0.06419210746809409,0.18539416064074477,0.07,0.062,1,Treg cell
PSMC3IP,0.0642374257891388,0.593740347415495,0.013,0.009,1,Treg cell
INTS11,0.06427423352312152,0.20977531527415819,0.289,0.277,1,Treg cell
ARL2,0.06428867116265373,0.2013369481592051,0.117,0.106,1,Treg cell
NPHP3,0.06434742441068893,0.13828106071578894,0.216,0.202,1,Treg cell
CEP128,0.06435860556514711,5.8631173720223515,0.242,0.23,1,Treg cell
YPEL2,0.06442067305893745,0.4004927061435023,0.34,0.323,1,Treg cell
RETREG3,0.06451509549278836,0.523308784426195,0.335,0.316,1,Treg cell
PPARGC1B,0.06453790039293944,0.49782657746990644,0.017,0.013,1,Treg cell
SUZ12,0.06464904029682958,0.19596167309191492,0.169,0.156,1,Treg cell
USP31,0.06467528090818943,0.26896393793756523,0.022,0.021,1,Treg cell
POLI,0.06470167249992362,0.20380710229383803,0.189,0.174,1,Treg cell
DSE,0.06471783889379651,0.6803621940767801,0.011,0.007,1,Treg cell
CXCR6,0.06476526597341628,-3.771712071767368,0.062,0.053,1,Treg cell
AGO4,0.064796973593805,0.2741745624063734,0.068,0.058,1,Treg cell
ZBTB8OS,0.0648602779693862,0.14787568906882131,0.144,0.132,1,Treg cell
SLC22A18,0.06493579458933452,0.25887980916157716,0.066,0.059,1,Treg cell
CTSW,0.0650682358736073,9.697811715169868,0.085,0.078,1,Treg cell
MBTPS1,0.06509807774910485,0.20189537667177737,0.377,0.359,1,Treg cell
ABL1,0.0651578478359565,0.1399751764749415,0.112,0.1,1,Treg cell
GALNT6,0.06521733280095951,0.35920448478142486,0.023,0.018,1,Treg cell
PAK1,0.06536292949117067,0.23473290597557517,0.044,0.037,1,Treg cell
PREB,0.0654309092916217,0.16171863035939138,0.135,0.124,1,Treg cell
AURKAIP1,0.06545668682675056,0.44863556581035974,0.18,0.174,1,Treg cell
MAPRE1,0.0654699008492614,0.34643561300533854,0.029,0.023,1,Treg cell
RNASEK,0.06563569611247583,0.2681579215401288,0.306,0.29,1,Treg cell
ZC3H8,0.06566601594793928,0.1354586560848845,0.105,0.094,1,Treg cell
ZNF668,0.06576608980951906,0.2945591717474141,0.018,0.013,1,Treg cell
C1orf131,0.065866691373223693,0.2737831495007379,0.098,0.089,1,Treg cell
KLHDC2,0.06586954735928223,0.15843123693008698,0.368,0.355,1,Treg cell
ZNF879,0.06587185104080832,0.33646494423276074,0.023,0.018,1,Treg cell
DIMT1,0.06598865515447531,0.16747165914230233,0.173,0.163,1,Treg cell
KHSRP,0.06611669967077898,0.12961099661980768,0.226,0.21,1,Treg cell
NUDT7,0.06614524338410159,0.13097421756531213,0.061,0.052,1,Treg cell
IDS,0.06620182745950758,0.8086660853736061,0.488,0.467,1,Treg cell
EXOSC7,0.06624213413437338,0.19053109542345026,0.127,0.116,1,Treg cell
PROK2,0.0663077157585555,0.6564271926003187,0.015,0.013,1,Treg cell
CD59,0.06633245317164477,-0.10042417891909416,0.139,0.125,1,Treg cell
ELP5,0.06634422362410668,0.18597783986635563,0.101,0.091,1,Treg cell
KIN,0.06638206886736453,0.17133671451277532,0.085,0.075,1,Treg cell
CAMK2D,0.06639241519292778,0.11574268856812164,0.166,0.152,1,Treg cell
SIRT2,0.06657298512607107,0.29268777892567366,0.11,0.098,1,Treg cell
PPP1R10,0.06668010563556702,0.6518955788443153,0.215,0.202,1,Treg cell
C8orf76,0.06677665536231082,0.1993208307615677,0.122,0.111,1,Treg cell
HIVEP2,0.06684102515684003,-0.2944795459774019,0.482,0.477,1,Treg cell
MAP3K7CL,0.0668423879075314,0.9353341618505575,0.044,0.039,1,Treg cell
CRADD,0.06688885426193396,0.23025497074117718,0.088,0.081,1,Treg cell
CDKN2AIPNL,0.06690981903355567,0.13834290362212576,0.083,0.074,1,Treg cell
PPM1A,0.06695498475189979,-0.11159324124045683,0.317,0.302,1,Treg cell
TMEM259,0.06702739822156603,-0.13485067244663176,0.283,0.277,1,Treg cell
PDGFB,0.06720283641822448,0.5033043810959414,0.018,0.013,1,Treg cell
SAT2,0.06721302773864199,0.15336378043909527,0.152,0.137,1,Treg cell
RAB11FIP5,0.0673651609206589,-0.14793412232380665,0.108,0.096,1,Treg cell
HMBOX1,0.06741049934997276,0.18677203227512618,0.208,0.196,1,Treg cell
CRLF3,0.06742568993849248,0.3481322680678115,0.418,0.4,1,Treg cell
MYSM1,0.06742830862287331,0.3463476489384625,0.319,0.304,1,Treg cell
ORC1,0.06745577394899938,0.4065647312982241,0.012,0.008,1,Treg cell
KLF7,0.06751588469968778,0.2665530263920899,0.114,0.108,1,Treg cell
GDAP2,0.06770980909780777,0.14022711325291015,0.205,0.189,1,Treg cell
MARCHF6,0.06773585247158333,-0.23791183948940953,0.477,0.458,1,Treg cell
ACAD9,0.06783330812785475,0.13565125714180493,0.052,0.045,1,Treg cell
ZNF800,0.06785284940254094,0.13955606345229,0.367,0.353,1,Treg cell
GMNN,0.06785302192140683,-0.12774455062487444,0.046,0.043,1,Treg cell
GOLGA7,0.06797589290872985,-1.6147328883952707,0.435,0.419,1,Treg cell
CARNMT1,0.06815564132964487,0.19231223337974895,0.235,0.233,1,Treg cell
MGAT4B,0.06818626875503261,0.11683801145890771,0.196,0.182,1,Treg cell
ESCO1,0.06826995332323606,0.14881315019083896,0.174,0.161,1,Treg cell
DHX58,0.06833802393377739,0.18426514965943364,0.104,0.104,1,Treg cell
SEC61G,0.068351283275352,0.21229192099210548,0.159,0.148,1,Treg cell
MGAT4A,0.06839213392687603,-0.6134110922321883,0.462,0.451,1,Treg cell
MAVS,0.06862252359874642,0.22388858020775743,0.276,0.271,1,Treg cell
MARCKSL1,0.06871249751524178,0.39094583019681495,0.106,0.1,1,Treg cell
MYO9B,0.06878595441387463,0.1649144509050901,0.311,0.294,1,Treg cell
RHOT2,0.06890434462639417,0.15177926031174602,0.279,0.262,1,Treg cell
VPS35L,0.06907910346512475,-0.16988988928548807,0.229,0.213,1,Treg cell
FNIP2,0.06949651585481909,-0.18528307774644404,0.038,0.038,1,Treg cell
AMMECR1L,0.0694998608212545,0.1805279238419697,0.059,0.051,1,Treg cell
CHD8,0.06964102462336388,0.16704295652669668,0.295,0.281,1,Treg cell
HACD3,0.06964856461787658,0.16621616896237135,0.129,0.117,1,Treg cell
NIT1,0.06966085474092301,0.23097726102237903,0.117,0.106,1,Treg cell
THAP11,0.0697935231265084,0.14833976517478448,0.258,0.244,1,Treg cell
MAPK3,0.0698239587534334,-0.21327783776299902,0.231,0.221,1,Treg cell
ZFPL1,0.06985143950756123,0.20214592380229846,0.06,0.051,1,Treg cell
SMARCAL1,0.06986719389960555,0.2160960932870135,0.099,0.091,1,Treg cell
CLUH,0.06989176996337053,0.2630839454995777,0.059,0.053,1,Treg cell
ADI1,0.06991317141878359,0.2579537773188447,0.152,0.14,1,Treg cell
SLC9A8,0.06994439421915884,0.15508996823927723,0.132,0.123,1,Treg cell
MYL12A,0.06998771015812985,0.8649714216599885,0.373,0.365,1,Treg cell
VPS72,0.06998968395718527,0.1947737514103809,0.178,0.164,1,Treg cell
ZFTRAF1,0.0700144907532312,-0.2508663831399156,0.107,0.114,1,Treg cell
PRDX4,0.07003922448086843,0.1748103849063556,0.083,0.072,1,Treg cell
ZMYND11,0.07006862820186906,0.1851989030509762,0.234,0.225,1,Treg cell
MUS81,0.07009148493792491,0.16486974808248744,0.115,0.104,1,Treg cell
RELA,0.07024064459593789,0.21451120522979727,0.181,0.17,1,Treg cell
BCAP31,0.0702613489574543,0.426581162098696,0.376,0.367,1,Treg cell
CCDC93,0.07027704366041403,0.22565698751067886,0.161,0.149,1,Treg cell
BRPF3,0.07035021041511358,0.13833259621168081,0.162,0.15,1,Treg cell
SPATA2L,0.0703798941719614,0.3464579861551593,0.015,0.012,1,Treg cell
TARBP1,0.07041098564814381,0.20343341795036807,0.15,0.136,1,Treg cell
CSRNP1,0.07072600244594336,-0.14316348418880742,0.1,0.105,1,Treg cell
NDUFB5,0.07076153643343878,-1.643118974026485,0.297,0.285,1,Treg cell
MTLN,0.07087612894436765,0.23930717002899615,0.113,0.1,1,Treg cell
MGST2,0.07093548008701116,0.30756347370943304,0.086,0.075,1,Treg cell
COIL,0.07109660907198632,0.18661580279130696,0.113,0.11,1,Treg cell
CLASRP,0.0710980680774701,0.21547086078901698,0.282,0.265,1,Treg cell
TRIM44,0.07111328649779299,0.2094091950776721,0.23,0.222,1,Treg cell
AGPAT5,0.07114406220051524,0.21499980035253285,0.077,0.069,1,Treg cell
CKS1B,0.07116519989248703,14.125592405742545,0.069,0.064,1,Treg cell
MOB1B,0.0713779531705823,0.17952187750716364,0.045,0.038,1,Treg cell
PUS7,0.07143431235237366,0.3016136039074926,0.047,0.04,1,Treg cell
ZNF37A,0.07147968102436922,-0.4484661934016039,0.009,0.012,1,Treg cell
FCER1G,0.07159967146577777,1.3563853050779153,0.092,0.096,1,Treg cell
MSH6,0.0716372178109366,-0.14778539308059713,0.169,0.157,1,Treg cell
MTERF1,0.07178021033791034,0.17755936775088,0.1,0.09,1,Treg cell
SLC35F2,0.07201497194181446,0.24674892546874627,0.099,0.088,1,Treg cell
FBXL3,0.07207690072865294,-0.21813811509047332,0.549,0.531,1,Treg cell
CAMK1,0.07222029617483279,0.5738009478245898,0.02,0.016,1,Treg cell
ABHD3,0.07232895783731161,0.44786651453339066,0.404,0.384,1,Treg cell
OSGEPL1,0.07233956029611013,0.3138307752837588,0.081,0.072,1,Treg cell
HGSNAT,0.07235026230033653,0.22758936205262126,0.102,0.094,1,Treg cell
NDUFB10,0.07238867324673336,-0.49203072498887035,0.321,0.313,1,Treg cell
SAP25,0.07263880361198885,-0.25278245267410737,0.15,0.161,1,Treg cell
SNX5,0.07271351292887682,0.35114093969388194,0.229,0.221,1,Treg cell
PLCH2,0.07273618306341868,0.16692136225527276,0.056,0.049,1,Treg cell
ZNF625,0.0728212432573786,0.19195904367758843,0.023,0.018,1,Treg cell
NUS1,0.07283022985721867,0.19200872742766562,0.331,0.316,1,Treg cell
POLG,0.07284670344449272,0.13695647324563942,0.144,0.147,1,Treg cell
PHKG2,0.07290298569387901,0.14534149366109328,0.138,0.125,1,Treg cell
DDA1,0.07302186853741711,0.16988417978883907,0.112,0.101,1,Treg cell
DPYSL2,0.07304980616689279,0.38647409010335204,0.227,0.212,1,Treg cell
MAP1S,0.07305819412555026,0.1527557395277621,0.142,0.13,1,Treg cell
TLN1,0.07308432616816513,-1.5294637022304927,0.402,0.386,1,Treg cell
AAMDC,0.07321629488445051,0.2961203310688685,0.062,0.054,1,Treg cell
ADAM10,0.07331611576171548,-0.23526046254613853,0.513,0.493,1,Treg cell
TPM2,0.07331750116813265,-0.33610680533938586,0.033,0.037,1,Treg cell
C1orf122,0.07339525897006478,0.23491099935487503,0.045,0.037,1,Treg cell
BRK1,0.07350558322949731,0.21643923111315555,0.214,0.199,1,Treg cell
GFER,0.07357601061497254,0.12008573652840937,0.076,0.068,1,Treg cell
STK40,0.07372529631046133,0.10615406824222973,0.195,0.182,1,Treg cell
NFATC2IP,0.07376023189523027,0.2191053020881429,0.262,0.246,1,Treg cell
PLBD1,0.073799477629316,-0.14491627605087398,0.017,0.02,1,Treg cell
STK4,0.07386859647172678,3.2433576178824675,0.83,0.816,1,Treg cell
MIF,0.07393890611480317,0.5693421396778153,0.477,0.461,1,Treg cell
NRBF2,0.07415122809225062,0.39085396857607746,0.107,0.098,1,Treg cell
LRRN3,0.07415202228536008,1.8925881703865572,0.021,0.019,1,Treg cell
ZDHHC6,0.07415758573192978,0.16116811305666767,0.311,0.309,1,Treg cell
NFRKB,0.0742132381890342,0.15651781315483548,0.192,0.195,1,Treg cell
EIF2D,0.0742834738253983,0.2167162406132077,0.196,0.182,1,Treg cell
SESN3,0.07431144641996318,4.693515741055906,0.452,0.444,1,Treg cell
FOXN2,0.07432004075920672,0.15385477709124518,0.335,0.316,1,Treg cell
PAXX,0.07433424330077734,-0.1058277328614437,0.22,0.204,1,Treg cell
TRAF3IP2,0.0743538428212545,0.3726757685172555,0.112,0.103,1,Treg cell
CHD4,0.07440167835234622,-0.3366354875956722,0.374,0.357,1,Treg cell
INTS5,0.07441205361234826,0.12435909517759036,0.061,0.054,1,Treg cell
DHX33,0.07445544521458643,0.16843345480101624,0.077,0.071,1,Treg cell
KDM5C,0.07447847922967518,1.2756419981826204,0.558,0.541,1,Treg cell
H1-2,0.07456962545016857,8.026674790679998,0.763,0.758,1,Treg cell
DYRK4,0.07486894659535034,0.27672151111824306,0.042,0.038,1,Treg cell
ANKRD44,0.07497830088250365,-0.29986694473117304,0.576,0.571,1,Treg cell
UQCC1,0.0751223107644319,0.2497443395246871,0.172,0.165,1,Treg cell
NOP16,0.07520702149352727,0.13211886363313052,0.129,0.117,1,Treg cell
KIAA0040,0.07531749981853272,0.14348708735032167,0.212,0.196,1,Treg cell
NIBAN2,0.07532985817729566,0.3301915509262776,0.051,0.043,1,Treg cell
PCTP,0.07541051590745555,0.384179668985015,0.029,0.023,1,Treg cell
LMBRD1,0.07543216204071927,0.2538400220268371,0.32,0.312,1,Treg cell
GSS,0.07544674479324068,0.2205201490189177,0.118,0.107,1,Treg cell
ZNF747,0.07548542417486674,-0.39150976865459164,0.014,0.016,1,Treg cell
PTPN2,0.07550247536848236,0.20340273662719288,0.128,0.116,1,Treg cell
MFSD14A,0.0755605432373939,0.16313290247705425,0.16,0.149,1,Treg cell
SLTM,0.07557307305299266,0.6334755916811772,0.529,0.518,1,Treg cell
DAP,0.07571176321941131,0.1594060927243166,0.209,0.203,1,Treg cell
CD58,0.07582535026562318,0.3268417304072895,0.263,0.247,1,Treg cell
PSMG1,0.07588588992448418,0.22790034948209037,0.093,0.082,1,Treg cell
ERF,0.0759294033336003,0.24592540747682845,0.052,0.047,1,Treg cell
ZNF14,0.07596032178136439,-0.181466036299195,0.174,0.173,1,Treg cell
ZSCAN5A,0.07612527661727318,0.39346561648709333,0.011,0.008,1,Treg cell
WDR37,0.07613600121840856,0.1489872053215488,0.233,0.216,1,Treg cell
GPANK1,0.07622293008545855,0.21461750727183437,0.063,0.055,1,Treg cell
FHIP1B,0.07634274093460482,0.20303206535047547,0.174,0.163,1,Treg cell
DTD2,0.07635613297690819,0.19846330519441224,0.063,0.054,1,Treg cell
ZNF678,0.07636095465849257,-0.12788079599254365,0.082,0.079,1,Treg cell
BAG6,0.07657765657175723,0.3542770093106571,0.379,0.367,1,Treg cell
TATDN3,0.07660815031327123,0.16452046161837197,0.09,0.089,1,Treg cell
SDR39U1,0.07668743442353744,0.31987743107938904,0.355,0.344,1,Treg cell
COMMD8,0.07668779695080766,0.24312331613408888,0.069,0.06,1,Treg cell
RFC5,0.07669516299222393,0.2447252831481017,0.044,0.038,1,Treg cell
CCDC97,0.07682321584744457,0.4799920424561195,0.21,0.195,1,Treg cell
CSF1,0.07682523607692447,5.302552121058055,0.113,0.102,1,Treg cell
MAP3K5,0.07685466494805666,0.2020380685876808,0.384,0.365,1,Treg cell
NEK11,0.07689411149359239,0.562878908625069,0.016,0.012,1,Treg cell
NUDCD2,0.07704129964439763,0.2938859763303193,0.163,0.152,1,Treg cell
ZNF24,0.07712473548649332,0.14267252615844572,0.193,0.179,1,Treg cell
NUP93,0.07738855676253116,0.1833071481934032,0.151,0.139,1,Treg cell
SUGT1,0.07742153162790844,0.1587751793665334,0.265,0.256,1,Treg cell
COPS7B,0.07759214902644784,0.19100169029020775,0.181,0.177,1,Treg cell
UROS,0.07759670701580806,0.21785572384959317,0.163,0.15,1,Treg cell
SNPH,0.07762402454445896,0.27299124719370305,0.045,0.041,1,Treg cell
LIME1,0.07769022148830536,0.23485214019271972,0.083,0.074,1,Treg cell
XKR8,0.07770163061841541,0.19441702728180843,0.063,0.055,1,Treg cell
CLDN12,0.07782300320067025,0.5002723539892138,0.013,0.01,1,Treg cell
KMT2B,0.07790070161993384,0.18963228294330364,0.312,0.296,1,Treg cell
PNN,0.07803300963257695,0.19004184125039103,0.401,0.386,1,Treg cell
SUPT16H,0.07803920326587153,0.3592726056501089,0.392,0.381,1,Treg cell
USP32,0.078047633031556915,0.11857292019637289,0.264,0.25,1,Treg cell
TMCO4,0.07813181715052026,0.30588206220977154,0.059,0.052,1,Treg cell
HECTD2,0.07813516768824547,-0.12701230008442366,0.024,0.021,1,Treg cell
GET1,0.07823141962441889,0.23351024506077978,0.101,0.091,1,Treg cell
TDRD3,0.07826313843353487,0.12854041241808867,0.149,0.136,1,Treg cell
CASP10,0.07834842072813464,0.22304557195566077,0.093,0.083,1,Treg cell
HDGFL2,0.07835484973197908,0.1496501653305531,0.136,0.126,1,Treg cell
CDK5RAP2,0.07838926454480227,0.10071743752632968,0.281,0.269,1,Treg cell
DNAJC8,0.07853367649457113,0.16366089429206396,0.285,0.277,1,Treg cell
APOO,0.07857516903753213,0.2521273565323141,0.034,0.028,1,Treg cell
TBCE,0.0786016342695431,0.24856734268243574,0.105,0.098,1,Treg cell
RFC2,0.07867017663622067,0.20259391131851556,0.06,0.053,1,Treg cell
BABAM1,0.07868324559337556,-0.99115530987284,0.234,0.223,1,Treg cell
SELENON,0.07879514409735182,0.18431255207475528,0.127,0.118,1,Treg cell
DR1,0.07892561042490205,0.8548339243183141,0.433,0.415,1,Treg cell
HARS2,0.07910376528019394,0.12879361158441194,0.124,0.112,1,Treg cell
RBM38,0.07912411187998111,0.29561619879724066,0.282,0.266,1,Treg cell
ZNF816,0.07918984933063741,0.14285810038845614,0.032,0.028,1,Treg cell
PPP2R2A,0.0793369589416691,0.15764711946253623,0.31,0.294,1,Treg cell
SCFD1,0.07934736562407152,0.3296830371448879,0.268,0.259,1,Treg cell
AGFG1,0.0793784113230983,0.885937033187821,0.271,0.271,1,Treg cell
ATE1,0.07945432516099796,0.1333694373260199,0.138,0.126,1,Treg cell
PARG,0.07962266990300985,0.17977558693496487,0.086,0.078,1,Treg cell
KTI12,0.07965606032930143,-0.2363303718456562,0.06,0.067,1,Treg cell
PHF11,0.07979663634090342,-1.02535296459564,0.403,0.385,1,Treg cell
ZNF410,0.07987563198074747,0.15465161102063368,0.241,0.228,1,Treg cell
ELOA,0.07996696220479467,0.24045296523527138,0.13,0.118,1,Treg cell
VPS11,0.07999988012933128,0.18025795188825666,0.187,0.172,1,Treg cell
ZNF768,0.08015553583518004,-0.1672219074926744,0.023,0.027,1,Treg cell
SMIM26,0.08030085274526001,0.16166488534642282,0.226,0.212,1,Treg cell
HERC6,0.08039049538121193,0.5260232865993213,0.151,0.141,1,Treg cell
C21orf58,0.08039785174715941,0.482656772329892,0.016,0.011,1,Treg cell
RING1,0.08061840371921342,0.19759633932457898,0.109,0.098,1,Treg cell
AMER1,0.0809538172511051,0.3268128911006345,0.034,0.032,1,Treg cell
SMARCA5,0.08097999861380119,0.14033679345725503,0.38,0.362,1,Treg cell
SMC3,0.08109284187829462,0.820859643205075,0.351,0.336,1,Treg cell
RALGAPB,0.0812480780773247,0.2225726466506977,0.325,0.31,1,Treg cell
CCDC34,0.08152145333137104,0.5106979596758006,0.024,0.02,1,Treg cell
SFPQ,0.08157509195014134,0.2263916069065326,0.287,0.277,1,Treg cell
GMFB,0.08167341638616522,0.18496932701912572,0.153,0.143,1,Treg cell
PARP1,0.08175392301725647,0.13893825331197518,0.255,0.238,1,Treg cell
H6PD,0.08185503106555918,0.16377756621870843,0.082,0.073,1,Treg cell
ZC3HC1,0.0818947398745385,0.24801955512844565,0.071,0.064,1,Treg cell
CBX5,0.08192170303043775,0.10606169155089629,0.161,0.15,1,Treg cell
DTD1,0.08195141076035403,0.14380700556682013,0.147,0.135,1,Treg cell
ALCAM,0.08201789083703312,0.16827327961960625,0.076,0.066,1,Treg cell
KDM4C,0.08211829977769546,0.2970416839377479,0.423,0.406,1,Treg cell
SS18L1,0.08214780155044235,0.20437411863612676,0.052,0.045,1,Treg cell
ZCCHC7,0.08228461575088723,0.13492699366434668,0.384,0.382,1,Treg cell
TAF8,0.08235813731337682,0.13643168484631407,0.186,0.172,1,Treg cell
DNAH1,0.0823750561931237,0.20187091910923982,0.095,0.091,1,Treg cell
ZFP41,0.08237636811821186,0.17351577425814568,0.099,0.089,1,Treg cell
CEP89,0.08237775996227334,-0.13661213656384819,0.07,0.071,1,Treg cell
STRADB,0.08241063046118269,0.2675161176301999,0.07,0.064,1,Treg cell
DHX57,0.08243494732596839,0.16390303836069497,0.072,0.063,1,Treg cell
AP2M1,0.08244001331333817,0.15549596312877828,0.276,0.259,1,Treg cell
RWDD1,0.08251994185240899,0.3269313848801768,0.227,0.215,1,Treg cell
SUPV3L1,0.08277367301499719,0.13226195448684663,0.111,0.1,1,Treg cell
HMG20A,0.08285513761093063,0.11355757622780938,0.15,0.138,1,Treg cell
MPC1,0.0828591886248971,0.2639273312222843,0.188,0.174,1,Treg cell
CMC2,0.08292444443398678,0.2542777860879056,0.244,0.231,1,Treg cell
GYS1,0.08307410342653264,0.2221921438176535,0.134,0.124,1,Treg cell
CDCA4,0.08308510146475812,-0.1337572282582542,0.014,0.016,1,Treg cell
HAVCR2,0.08311572623305236,7.857587866527616,0.033,0.028,1,Treg cell
FANCM,0.08320863560855112,0.3491386509319696,0.051,0.045,1,Treg cell
TOMM6,0.08327362835706753,0.1715291323982504,0.225,0.211,1,Treg cell
VWA8,0.08345216722792125,0.13468923710398795,0.195,0.182,1,Treg cell
COX7B,0.0836240038036806,0.24324348866316692,0.074,0.065,1,Treg cell
SUCLG1,0.08365564778357984,0.24247586761540685,0.213,0.204,1,Treg cell
DNAAF9,0.08365647916862606,0.20775528703447899,0.076,0.066,1,Treg cell
ABCC1,0.0837127521390943,4.672943407904087,0.376,0.363,1,Treg cell
FBXW4,0.08373474385135977,0.19842276748525534,0.196,0.184,1,Treg cell
LRCH4,0.08374002767141568,0.292468401541371,0.497,0.487,1,Treg cell
STAT6,0.08374084516345313,0.1542864341687525,0.263,0.248,1,Treg cell
CD300A,0.08380198327289239,0.9535556802138672,0.021,0.016,1,Treg cell
XPC,0.08384832779097746,0.41551087135681336,0.273,0.256,1,Treg cell
ORAI2,0.08398373562017765,0.22015560729743688,0.077,0.068,1,Treg cell
BORCS7,0.0841823240403811,0.27412092466682303,0.117,0.109,1,Treg cell
AMDHD2,0.08418362185908852,0.11390334770036481,0.138,0.126,1,Treg cell
MSRB1,0.0843313400957686,0.39491154012346374,0.03,0.024,1,Treg cell
C16orf95,0.0843512461915923,0.21970536766054138,0.01,0.008,1,Treg cell
MCRIP1,0.08444855230478403,0.1552533003914589,0.156,0.15,1,Treg cell
UBR5,0.08445798963177388,0.22229067180010642,0.316,0.302,1,Treg cell
SKA2,0.08453464209430948,0.2958388403549095,0.036,0.031,1,Treg cell
SEMA3G,0.08468195510400116,0.40396329356091365,0.083,0.074,1,Treg cell
IFT25,0.08472213151922471,0.37344303740535534,0.174,0.163,1,Treg cell
KPNA1,0.08476042271213725,0.1614897636880766,0.248,0.24,1,Treg cell
CDK2AP2,0.08481653637563305,0.32518065926534323,0.049,0.043,1,Treg cell
THAP5,0.08485033067270846,0.13937466351037764,0.129,0.119,1,Treg cell
CPSF6,0.08501450421197322,-0.10712672024551573,0.171,0.17,1,Treg cell
PDCD5,0.08517357516957516,0.22545551035563483,0.088,0.08,1,Treg cell
FBXW7,0.08519052230364275,0.3844736852863191,0.581,0.566,1,Treg cell
RNF10,0.08537145706657358,0.23849093959796336,0.3,0.289,1,Treg cell
DARS2,0.08538265039941056,0.32082153265411506,0.061,0.055,1,Treg cell
SCOC,0.08549245230773296,0.21576640305863926,0.055,0.049,1,Treg cell
FDPS,0.08549997251861376,0.1816234900021403,0.075,0.07,1,Treg cell
PPP2R5C,0.08551228377036611,-4.21321590501494,0.51,0.499,1,Treg cell
CCNY,0.08552393763444413,0.13190294097212563,0.332,0.318,1,Treg cell
SNAPC3,0.08554058654701828,0.11938726828255197,0.243,0.23,1,Treg cell
ANKRD28,0.08556243800492427,0.20715660477628361,0.197,0.185,1,Treg cell
CCT6B,0.08567464099780392,0.22767940264890463,0.014,0.012,1,Treg cell
ENTPD7,0.08571429757465979,0.25066824694071155,0.034,0.028,1,Treg cell
TOB2,0.08578122926949384,0.13544916509004956,0.071,0.064,1,Treg cell
RSF1,0.08586482529391751,0.1352236095610851,0.245,0.231,1,Treg cell
IGHM,0.08596479163329303,-34.659439072009185,0.1,0.088,1,Treg cell
ATL2,0.08597293081692156,0.14573734002172423,0.171,0.159,1,Treg cell
TMEM64,0.08611797265861136,0.17824732926062659,0.099,0.089,1,Treg cell
ZNF665,0.08636185787509096,0.27103555109248756,0.017,0.014,1,Treg cell
PIK3R1,0.08665375249675249,0.18286023603437584,0.641,0.626,1,Treg cell
EIF2B2,0.08665780524832474,0.2769682617047984,0.06,0.054,1,Treg cell
LMBR1L,0.08668511740077753,0.15828062452866365,0.273,0.258,1,Treg cell
HRH4,0.08669032961688286,-1.0116453289350242,0.014,0.012,1,Treg cell
PAK1IP1,0.0869484956765248,0.14473761121169781,0.06,0.053,1,Treg cell
APBB1,0.08698411418727428,0.20567686081222392,0.128,0.116,1,Treg cell
TMEM134,0.0870415452409731,0.16734891190259282,0.163,0.152,1,Treg cell
IST1,0.08710242521748236,0.15236630026498243,0.425,0.411,1,Treg cell
ABCD4,0.08716439310894987,0.10753963576381143,0.068,0.061,1,Treg cell
SHOC2,0.08720392555496767,0.18068164799074493,0.42,0.403,1,Treg cell
ROBO3,0.08721031747323306,0.2384795095414356,0.012,0.009,1,Treg cell
EIF2AK2,0.08730418306514691,2.2136177417277993,0.249,0.239,1,Treg cell
KIF22,0.087466307153084,4.152995346934375,0.304,0.288,1,Treg cell
NUP210,0.08759777571007347,0.1586403151765441,0.508,0.498,1,Treg cell
REEP3,0.08767047923903253,-0.17877105881139754,0.167,0.153,1,Treg cell
DROSHA,0.08794625661108323,0.13690816277033835,0.148,0.136,1,Treg cell
ZNF185,0.08801756650735448,2.1951319029625718,0.012,0.009,1,Treg cell
HADHB,0.08810679386567632,0.17443183547492125,0.3,0.293,1,Treg cell
NOL6,0.08813323223875945,0.19610033117662118,0.064,0.056,1,Treg cell
TGFBR1,0.08813798879473518,0.14017880216489303,0.262,0.251,1,Treg cell
SMIM8,0.08817586763946912,0.10761128535826292,0.111,0.102,1,Treg cell
ATP2B1,0.08819781857093395,-7.8716231170669255,0.533,0.514,1,Treg cell
ZDHHC18,0.08839834717579638,0.15723088874392577,0.198,0.186,1,Treg cell
RPAP3,0.08853205582984837,0.1365543573772215,0.221,0.206,1,Treg cell
MAN1C1,0.08854481310478542,0.2698918448236589,0.069,0.063,1,Treg cell
NRL,0.08858624827067864,-0.4220951053849378,0.012,0.014,1,Treg cell
LRIG2,0.08859910044327383,0.12599418470848733,0.234,0.227,1,Treg cell
ZNF532,0.0886541534928116,0.2867041937588839,0.056,0.048,1,Treg cell
FNIP1,0.08873314350501796,0.17426512553069096,0.187,0.173,1,Treg cell
CDK5RAP3,0.08873815164531403,0.25750054456348903,0.49,0.475,1,Treg cell
POLD4,0.08874308350697221,0.3208886345839551,0.18,0.167,1,Treg cell
NEDD9,0.08874575528820566,0.23068390976367326,0.092,0.086,1,Treg cell
SDCBP,0.08882747299531016,0.3231678053737393,0.213,0.201,1,Treg cell
WDR59,0.08888231703580052,0.2387502153641512,0.166,0.155,1,Treg cell
ZMYND19,0.08888363740651481,0.22365461184004998,0.078,0.069,1,Treg cell
ENO2,0.08888920380045799,0.2562043046708906,0.298,0.295,1,Treg cell
QSER1,0.08909622587637483,0.13043496862526882,0.145,0.134,1,Treg cell
LRRC45,0.089196589720652,0.13331010203339178,0.046,0.04,1,Treg cell
CXXC1,0.08926495624536283,0.1212493873937196,0.222,0.215,1,Treg cell
TMCO6,0.0893659317178229,-0.13138265213207,0.049,0.05,1,Treg cell
UBR3,0.08954829226148622,0.12191124086184857,0.201,0.187,1,Treg cell
FRAT1,0.08959892368071297,0.44514459002357043,0.015,0.012,1,Treg cell
ZMYM3,0.0897037153417202,0.15524518999708037,0.154,0.142,1,Treg cell
TNFRSF13B,0.089762812105327,-0.9264006692073785,0.023,0.018,1,Treg cell
KIAA0319L,0.08978085219720552,0.12210081412273244,0.177,0.163,1,Treg cell
ANTXR2,0.08981215058952335,0.3734316200597053,0.267,0.26,1,Treg cell
ELAPOR2,0.08988729654913359,0.5215745058265657,0.064,0.055,1,Treg cell
SLC25A35,0.08999077855221854,0.3159417483895277,0.031,0.027,1,Treg cell
WASHC5,0.0901098514688974,0.2522381598748846,0.111,0.103,1,Treg cell
GTPBP4,0.09011327816553542,0.14418689536284202,0.192,0.179,1,Treg cell
SLC25A1,0.09016361736563344,0.11415666504545974,0.116,0.105,1,Treg cell
TSC2,0.0901640851564243,0.2897304724501646,0.13,0.121,1,Treg cell
TPGS2,0.090191268342813,-4.357457617880418,0.238,0.224,1,Treg cell
EME2,0.0902729335890021,0.2866208716601344,0.015,0.011,1,Treg cell
NDUFS4,0.09029067574900725,0.20661599379494322,0.188,0.174,1,Treg cell
SPECC1,0.09038753620503509,-0.4511623970122782,0.012,0.016,1,Treg cell
TRAF4,0.09046224759529065,-0.11863375269370335,0.079,0.077,1,Treg cell
URI1,0.09054896654430554,0.1969714286782871,0.499,0.489,1,Treg cell
ZFP64,0.0905550676757488,0.2790989397977832,0.09,0.089,1,Treg cell
FRMD4A,0.0907533273613148,0.9803096901400767,0.011,0.007,1,Treg cell
SNX27,0.09079340617695861,0.10999762068622876,0.17,0.157,1,Treg cell
ARF1,0.09080573541395046,0.28432642104906825,0.325,0.309,1,Treg cell
CHAMP1,0.09083610321327779,0.1953538847338625,0.132,0.124,1,Treg cell
USF3,0.0909565190456652,0.15613248077972486,0.16,0.147,1,Treg cell
EMC2,0.09108430095994507,0.13208330069014096,0.166,0.152,1,Treg cell
TBC1D14,0.09109269672779756,0.2940597913143448,0.332,0.318,1,Treg cell
THEMIS,0.09114425362558774,2.639223911488453,0.122,0.117,1,Treg cell
RABL3,0.0911854290974378,0.23175578217463877,0.135,0.125,1,Treg cell
ZCCHC8,0.09128526330623073,0.21996079285345838,0.147,0.138,1,Treg cell
ISG20L2,0.09134947557861847,0.1554773866784731,0.109,0.098,1,Treg cell
RAPGEF6,0.09137693267722861,0.26908149106459467,0.545,0.551,1,Treg cell
SCAMP1,0.0914132485332418,-0.1199594872662284,0.053,0.054,1,Treg cell
ATP6V1F,0.09150410968329374,0.15291588924168553,0.113,0.102,1,Treg cell
C14orf28,0.09154947294951482,0.12710870705185773,0.043,0.037,1,Treg cell
STARD5,0.0917399556187667,0.2559700287091413,0.015,0.015,1,Treg cell
PRAF2,0.09174308752670807,0.20218124573850427,0.178,0.166,1,Treg cell
PPP1R8,0.09175398476926315,0.16754748352288518,0.104,0.094,1,Treg cell
NSDHL,0.0918814285755862,0.26530254467937864,0.056,0.048,1,Treg cell
FAM136A,0.09190430415234999,0.3949186561141456,0.176,0.166,1,Treg cell
SNX24,0.09191716935665309,0.19067249553352683,0.089,0.078,1,Treg cell
NGRN,0.09195139145759869,0.10654908935647711,0.112,0.101,1,Treg cell
H1-4,0.0921876363737051,0.1473673215451461,0.205,0.216,1,Treg cell
PDP1,0.09234495356882434,0.2096076113789437,0.261,0.246,1,Treg cell
ELAC2,0.09240465413583042,0.17146265155943502,0.248,0.235,1,Treg cell
ERI3,0.09251908129730664,0.18683261450367672,0.116,0.107,1,Treg cell
TMSB15B,0.09256506367380066,0.3439786253458026,0.045,0.04,1,Treg cell
FAM50A,0.09257112498508356,0.13969412926741054,0.19,0.178,1,Treg cell
MMS19,0.09262592139592295,0.17684170800547716,0.174,0.16,1,Treg cell
TRIM8,0.09265363752529025,0.19805292843536715,0.172,0.16,1,Treg cell
PHF3,0.09276439468983867,0.11004588082595279,0.444,0.453,1,Treg cell
ENY2,0.09278498221866023,-0.9812082300693878,0.229,0.217,1,Treg cell
FBXO4,0.09279587107419535,0.22221019499880557,0.072,0.066,1,Treg cell
NUDC,0.0930084875317661,0.11588018851449051,0.282,0.27,1,Treg cell
MTX1,0.09305860258481218,0.21655296028434634,0.067,0.059,1,Treg cell
NEK9,0.0931454835524681,0.19687648126911794,0.169,0.164,1,Treg cell
KCTD5,0.09318381750835573,-0.10843095358118404,0.052,0.051,1,Treg cell
SLC35C1,0.09319514307028343,0.30910703588905,0.048,0.041,1,Treg cell
ARHGEF10,0.09323101089692272,-0.5842637238424362,0.043,0.041,1,Treg cell
PRC1,0.09329163662458345,0.3765847491323564,0.025,0.019,1,Treg cell
CMPK2,0.0933721182138475,-0.17401124775780918,0.035,0.03,1,Treg cell
FLT4,0.09370536132506899,-0.2806423364761388,0.049,0.055,1,Treg cell
NUDT14,0.09377191322559603,0.16900352488676518,0.025,0.021,1,Treg cell
SOD1,0.09378986231103104,-1.629159062127147,0.302,0.311,1,Treg cell
ZNF302,0.09403699748022631,0.21031705677817802,0.037,0.031,1,Treg cell
ABCF2,0.09403785474392469,0.1918193944913682,0.089,0.079,1,Treg cell
PML,0.09404261518739812,0.2841559673250159,0.205,0.191,1,Treg cell
MTMR9,0.09415546465353908,0.11131399779605844,0.131,0.121,1,Treg cell
TPD52L2,0.0943042222094672,0.2709802959577873,0.184,0.172,1,Treg cell
EIF3H,0.09436147086885015,0.4029992454576372,0.441,0.427,1,Treg cell
GIN1,0.09441134198683444,0.19711230252888967,0.053,0.046,1,Treg cell
CDRT4,0.09444040106796175,0.2841564938485809,0.165,0.151,1,Treg cell
DDX3X,0.09445633704127461,-0.16237594927150145,0.397,0.393,1,Treg cell
UTP11,0.0945236684592162,0.2640259903381783,0.034,0.031,1,Treg cell
BTBD6,0.09468282692486678,0.14170239079280456,0.176,0.165,1,Treg cell
DEDD2,0.09484734405549151,0.19406990178898775,0.219,0.207,1,Treg cell
SEC14L1,0.09496325456099179,0.23055408997105264,0.18,0.169,1,Treg cell
COX6A1,0.09501216470352845,0.2193840491314203,0.255,0.239,1,Treg cell
BMF,0.09504725563904337,0.37757534730536246,0.022,0.02,1,Treg cell
ANKDD1B,0.09521224334898912,0.39632969293124987,0.017,0.014,1,Treg cell
ZNF789,0.09526852744463808,0.4108527721843629,0.019,0.015,1,Treg cell
MPP7,0.09530522281253824,0.1486497195828862,0.107,0.098,1,Treg cell
NLRC3,0.09530902424392731,-0.3874025985603977,0.445,0.435,1,Treg cell
PAN2,0.09576303830350716,0.256712119419233,0.129,0.12,1,Treg cell
KIFBP,0.09611840341656079,-0.12410102180725469,0.038,0.037,1,Treg cell
NOL11,0.09628049141002351,0.1665732081097906,0.17,0.158,1,Treg cell
PTRH1,0.09630842212912444,0.2796256490456446,0.038,0.034,1,Treg cell
PDCL3,0.09631239198733518,0.22878598228056157,0.133,0.132,1,Treg cell
SAC3D1,0.0963207774515828,0.30290756132022256,0.028,0.022,1,Treg cell
ANO6,0.09635664504959017,0.19387540634593958,0.124,0.114,1,Treg cell
LYN,0.09651411548462863,-0.7038565064151259,0.012,0.01,1,Treg cell
MSH3,0.0965221848431425,0.17689279573338945,0.086,0.077,1,Treg cell
THG1L,0.096524208045586,0.2324615915443875,0.073,0.066,1,Treg cell
MAP2K1,0.09674943289186175,0.17445155264415102,0.404,0.397,1,Treg cell
CUL9,0.0968952312921644,0.31232415453517826,0.057,0.05,1,Treg cell
YY1,0.09689579661790103,0.2801857653796559,0.268,0.251,1,Treg cell
ACSS1,0.09690262027757779,0.14028558732356888,0.15,0.137,1,Treg cell
BCAS3,0.09701987407027257,0.16119166642503102,0.213,0.2,1,Treg cell
SRXN1,0.09703334896396144,0.3110292106337891,0.029,0.024,1,Treg cell
LBR,0.09705708743749893,-2.118119723569291,0.462,0.445,1,Treg cell
ODC1,0.09708015988344897,-0.522223302236636,0.129,0.121,1,Treg cell
RILPL2,0.09713813458778063,0.4751980963038357,0.219,0.206,1,Treg cell
MLLT11,0.09714048646892297,0.22590816601582864,0.045,0.04,1,Treg cell
REEP6,0.09721335972561784,0.13586760570818512,0.014,0.012,1,Treg cell
BCDIN3D,0.09729800389009496,0.14693551085732715,0.073,0.065,1,Treg cell
CAD,0.0973175766775703,0.18201067677741545,0.064,0.056,1,Treg cell
SYS1,0.09744354845293414,-0.20727515441886513,0.211,0.2,1,Treg cell
DCLRE1A,0.09760770973643115,0.2869157138393521,0.049,0.042,1,Treg cell
MED7,0.09773545636321468,0.12415182030885985,0.094,0.084,1,Treg cell
LAG3,0.09775959381561208,8.620085048535117,0.037,0.035,1,Treg cell
STMP1,0.09790656188708981,0.1649283184894203,0.311,0.295,1,Treg cell
CETN2,0.09792000614076943,0.23804384122819755,0.066,0.058,1,Treg cell
XXYLT1,0.09797191941610238,0.41411427517407073,0.027,0.023,1,Treg cell
ZNF10,0.09802842663779286,-0.1965699402622536,0.028,0.029,1,Treg cell
LARP4B,0.09807103907600682,0.18139173697562433,0.25,0.239,1,Treg cell
ECI1,0.09815824125139382,-0.2804710223080995,0.146,0.143,1,Treg cell
NOSIP,0.09816378427882938,1.509556970935611,0.343,0.331,1,Treg cell
EPM2AIP1,0.09834996330731577,0.15298466286466683,0.282,0.265,1,Treg cell
PRR14L,0.098355778230178,0.10777781401578612,0.202,0.19,1,Treg cell
PIK3C3,0.09849920946330129,-0.23398288846608806,0.183,0.169,1,Treg cell
TMEM169,0.09858140739340512,0.3253329385934576,0.059,0.053,1,Treg cell
JMJD6,0.09859529743322129,0.15744906353583454,0.158,0.145,1,Treg cell
CDC23,0.0986921224563375,0.19062151708229447,0.12,0.112,1,Treg cell
WAC,0.09875994500950448,0.1302106047588193,0.221,0.213,1,Treg cell
RRAS,0.09880932415037465,0.31470388610360667,0.044,0.038,1,Treg cell
TUSC2,0.09885568748275332,0.1824559405848727,0.088,0.081,1,Treg cell
PLCD1,0.09890949509298887,0.2928129795365728,0.109,0.099,1,Treg cell
SPAG9,0.09894500706085166,0.20151685047863077,0.198,0.186,1,Treg cell
ZNF141,0.09903013525952784,0.25559279399206924,0.192,0.178,1,Treg cell
SPEF2,0.09903739070410165,-0.3749242392611061,0.035,0.041,1,Treg cell
ACTR5,0.09924335563966641,0.2858277013250614,0.061,0.053,1,Treg cell
WDR3,0.09958086179862721,0.12415080385089605,0.116,0.106,1,Treg cell
WDR26,0.09964437405035388,0.45813999333869093,0.53,0.517,1,Treg cell
PCYOX1,0.09974475779172312,0.11464343925035458,0.113,0.103,1,Treg cell
PPP6R1,0.09978479770270425,0.4347264584572441,0.438,0.419,1,Treg cell
TPM1,0.09990148955083286,0.4066523390673926,0.042,0.036,1,Treg cell
GINS3,0.09996330466332233,0.45157914798221643,0.012,0.009,1,Treg cell
TP53BP2,0.09997672026907363,0.10957732078653537,0.132,0.121,1,Treg cell
GOLM2,0.10000505393784719,0.20914114339237228,0.273,0.262,1,Treg cell
MAD1L1,0.10011154852186416,0.24464859421861646,0.287,0.274,1,Treg cell
TMCC1,0.10011761456968987,0.3031454663561757,0.04,0.035,1,Treg cell
ATP9B,0.1001550523342686,0.11508144071976756,0.498,0.481,1,Treg cell
SEMA7A,0.10023492266055245,0.4741501561452912,0.014,0.011,1,Treg cell
MEF2A,0.10032286813450714,0.186501782330333,0.134,0.127,1,Treg cell
BAZ1A,0.10053300284846187,-0.13075270748540097,0.221,0.209,1,Treg cell
TNRC6B,0.10053828670234365,0.1419124327049306,0.46,0.447,1,Treg cell
AAAS,0.10056310726696446,0.20488093623511583,0.131,0.12,1,Treg cell
BBS4,0.1006125062212418,-0.2031488275834632,0.046,0.048,1,Treg cell
AP5M1,0.1006883643854178,0.3801897138918983,0.263,0.25,1,Treg cell
DCLRE1B,0.10077288044581602,0.4465378199826553,0.016,0.012,1,Treg cell
PEDS1,0.10084352234461401,0.22393337462066631,0.178,0.165,1,Treg cell
DLG3,0.10088701850645315,0.15589024650425332,0.084,0.075,1,Treg cell
USP33,0.10094539915766905,-0.12275078631484249,0.404,0.387,1,Treg cell
UBAC2,0.10100621108614802,0.28981554609526256,0.209,0.201,1,Treg cell
TRAP1,0.10102327074918245,-0.18088859827515547,0.168,0.166,1,Treg cell
C1RL,0.10103909148638691,0.1669861544448341,0.133,0.128,1,Treg cell
GATB,0.10142115337332586,0.22699776140172379,0.04,0.034,1,Treg cell
PEMT,0.1015003322705755,0.3145225629166166,0.047,0.041,1,Treg cell
NR2C2AP,0.1015667997585093,0.18381514807872623,0.08,0.075,1,Treg cell
L3MBTL2,0.10168931580780252,0.10043873060944808,0.123,0.112,1,Treg cell
EXD2,0.10210488328151275,0.13084330280456813,0.032,0.032,1,Treg cell
STAT3,0.10229897860357648,-0.10388437819209062,0.299,0.284,1,Treg cell
PECR,0.10244468996579913,-0.6845251894335228,0.192,0.179,1,Treg cell
SMIM15,0.102530725967744,0.24700753166665657,0.213,0.199,1,Treg cell
C12orf76,0.10292601669183143,-0.3715253164627774,0.033,0.036,1,Treg cell
CKLF,0.1031330985876199,0.5492523614121148,0.361,0.347,1,Treg cell
WDFY1,0.10318963357768529,-0.10590266553913286,0.172,0.16,1,Treg cell
PRPF4B,0.10319173761712658,0.16116664758016697,0.477,0.471,1,Treg cell
PHLPP1,0.10321342117524814,0.2562413826879637,0.063,0.062,1,Treg cell
RMDN2,0.10332982741365351,0.17397688606852935,0.013,0.014,1,Treg cell
SENP7,0.10335661031485459,0.2297601966041043,0.201,0.192,1,Treg cell
N4BP2L2,0.10336239267403308,1.3333803610753225,0.774,0.766,1,Treg cell
NDUFB8,0.10338960203080699,-0.20470019711121246,0.365,0.353,1,Treg cell
FAM219B,0.10366417036841043,0.11354385402776623,0.154,0.142,1,Treg cell
SUSD6,0.1036911086519667,0.280082847375979,0.302,0.285,1,Treg cell
SH3YL1,0.10378051200149262,0.6814483119693575,0.38,0.364,1,Treg cell
GINS1,0.1038709183870579,0.5669345507754837,0.01,0.008,1,Treg cell
SSH1,0.10398964406719462,-0.15855766674388372,0.086,0.085,1,Treg cell
C20orf96,0.10400733307098169,-0.7883014716147159,0.007,0.01,1,Treg cell
MTAP,0.10416815374461551,0.24870893323657306,0.054,0.047,1,Treg cell
TFCP2,0.10422994876963863,0.2346793045777607,0.264,0.25,1,Treg cell
RINT1,0.10427205720945244,0.13402920719850897,0.104,0.094,1,Treg cell
RABIF,0.10439938083513113,0.18660773269044384,0.104,0.094,1,Treg cell
SLC35G1,0.10450501850936485,0.2625247273020386,0.032,0.027,1,Treg cell
RSRP1,0.10461413498844786,3.2026856534177925,0.772,0.764,1,Treg cell
PTCD1,0.10471228216485347,0.2501823221235031,0.068,0.06,1,Treg cell
CES4A,0.10484795760602356,0.18389394458948338,0.03,0.025,1,Treg cell
NEK4,0.10495830066760604,0.23030242155895264,0.069,0.066,1,Treg cell
LACC1,0.10503068914897232,0.1512233324699359,0.013,0.011,1,Treg cell
SOCS1,0.10509980064977488,-5.291531683644267,0.081,0.08,1,Treg cell
PCBD1,0.10514104380647524,0.3406334239526083,0.09,0.081,1,Treg cell
P3H1,0.10532762106823267,0.27040920279310265,0.051,0.045,1,Treg cell
PLK1,0.10543550393091979,13.7290287493753,0.011,0.013,1,Treg cell
C1orf109,0.1054385795097567,0.36754928073796744,0.044,0.038,1,Treg cell
TRMT10B,0.10552859263170478,0.19417905082200448,0.119,0.116,1,Treg cell
SUCLG2,0.10554529694932341,0.1452358164737288,0.249,0.24,1,Treg cell
CNOT6,0.10554568714966478,0.3717449751991313,0.202,0.189,1,Treg cell
BCL9L,0.10556667104861138,-0.5975081319684401,0.57,0.558,1,Treg cell
SMIM12,0.10562748506842709,0.21225090475238395,0.166,0.153,1,Treg cell
CSNK1D,0.105971099501714,0.12323931569832547,0.239,0.224,1,Treg cell
HSP90AB1,0.10611803781202855,4.734258264097935,0.394,0.405,1,Treg cell
KMT5B,0.1062319608389374,0.1014066621188815,0.337,0.324,1,Treg cell
CREBRF,0.10627921130463418,0.1411787891683829,0.488,0.47,1,Treg cell
PRKCI,0.10658271442377458,0.10549026816955154,0.12,0.11,1,Treg cell
LRIG1,0.10658691044388435,1.1807009760610987,0.374,0.356,1,Treg cell
ZNF101,0.10667903627588135,0.6279686774387288,0.521,0.512,1,Treg cell
PLEKHM2,0.10671391595274933,0.2331263151168066,0.159,0.147,1,Treg cell
ZNF236,0.1068214112299296,0.2266922523551982,0.159,0.147,1,Treg cell
FABP5,0.1069780170260888,0.43435490534418886,0.045,0.038,1,Treg cell
ZNF529,0.10699498630581493,0.24642552689503394,0.123,0.113,1,Treg cell
PABIR1,0.10705834443252915,0.26060780061035116,0.087,0.078,1,Treg cell
ZNF440,0.10733422406544409,0.3152048475295537,0.03,0.024,1,Treg cell
PDIK1L,0.10741163433623674,0.16985682241599753,0.117,0.106,1,Treg cell
FBL,0.10745261371702138,-0.3794925759692187,0.385,0.373,1,Treg cell
NBDY,0.10748601843139026,0.1491756478380859,0.042,0.041,1,Treg cell
PDXK,0.10773391982322589,0.2916225570917944,0.215,0.203,1,Treg cell
PGAP6,0.10790875055385457,0.10998505360613908,0.138,0.125,1,Treg cell
ROCK2,0.10808746011681966,0.1996809543760798,0.157,0.15,1,Treg cell
LYRM1,0.10819013068241777,0.1423812568390781,0.159,0.155,1,Treg cell
NOA1,0.10822340418578452,0.12528695302099613,0.176,0.164,1,Treg cell
SLC25A53,0.10847808861206922,0.2206754676533138,0.051,0.044,1,Treg cell
WARS2,0.10854835073375727,0.19732254939424765,0.059,0.052,1,Treg cell
YBX1,0.10855919447388317,-4.537007790675071,0.502,0.49,1,Treg cell
WDR33,0.10864303693726692,-0.49298201822495535,0.579,0.565,1,Treg cell
COL5A3,0.10876476887504348,-0.2744486413001008,0.013,0.011,1,Treg cell
CEP57,0.10884254394918397,0.4537922954604937,0.289,0.276,1,Treg cell
DIP2A,0.10888008557529384,0.15533432725812435,0.307,0.291,1,Treg cell
HAUS4,0.10896851498884896,0.13870703969585274,0.122,0.112,1,Treg cell
IFI44,0.10897126807856733,-4.2930959663176935,0.137,0.128,1,Treg cell
GOLGA1,0.10901665138267076,0.17635111372266288,0.171,0.159,1,Treg cell
ZNF268,0.10910130631841365,0.30355783596799757,0.093,0.084,1,Treg cell
NOC2L,0.10915952253155305,0.19593509294345157,0.098,0.088,1,Treg cell
TRMO,0.10916530353043921,0.15840843197825663,0.271,0.255,1,Treg cell
ZNF25,0.10932131835313838,0.1536433781019193,0.082,0.074,1,Treg cell
SMUG1,0.10943083831225328,0.24617754126474622,0.038,0.032,1,Treg cell
TRGC2,0.10947969107047707,1.0059500367364134,0.023,0.019,1,Treg cell
TUBD1,0.10949739917929235,0.18814071146649525,0.136,0.129,1,Treg cell
SDF2L1,0.10951391827382481,-0.7193300327221511,0.152,0.149,1,Treg cell
MDFIC,0.109570022665795,6.840602951449677,0.476,0.463,1,Treg cell
RSRC2,0.1097138093640671,0.2550323852167595,0.426,0.409,1,Treg cell
STRAP,0.10977285133173717,0.15781260742763814,0.248,0.234,1,Treg cell
ASCC2,0.10984190137051535,0.3496107254963934,0.204,0.192,1,Treg cell
HMGXB4,0.10994225319453535,0.27718840580019033,0.119,0.114,1,Treg cell
DCAF4,0.10995229484113721,0.16091791446939885,0.085,0.076,1,Treg cell
PRDM11,0.11004208873483438,0.12477255259598419,0.01,0.011,1,Treg cell
PLOD3,0.11005480582907064,0.20525427588800849,0.087,0.078,1,Treg cell
NDUFA11,0.11054603399639609,0.17791748371586114,0.219,0.21,1,Treg cell
ABHD4,0.11056606140179605,0.2732584144120951,0.029,0.023,1,Treg cell
ZNF519,0.11062691904458002,-0.11747231758980403,0.082,0.09,1,Treg cell
RNF121,0.11101263556955757,0.1176110193528519,0.048,0.047,1,Treg cell
SSBP3,0.1110418175969174,-0.17560066666101704,0.145,0.138,1,Treg cell
NUFIP1,0.11108634778036541,0.19733688990524856,0.039,0.036,1,Treg cell
NARF,0.11110396865182484,0.2744131960851933,0.203,0.191,1,Treg cell
LST1,0.11125340607840305,0.23980975661671478,0.048,0.046,1,Treg cell
SMAD3,0.1113467512213667,-2.514992024622283,0.387,0.375,1,Treg cell
TFAM,0.1113643839628535,0.15162503691852924,0.152,0.141,1,Treg cell
MSC,0.11139801459315325,0.15801306177034746,0.015,0.011,1,Treg cell
RETREG1,0.11141468224558411,0.13339110617356886,0.157,0.151,1,Treg cell
RCN2,0.1116059435564288,0.10456698459231584,0.085,0.077,1,Treg cell
ARSB,0.1117867695929994,0.19768091771703533,0.093,0.086,1,Treg cell
MIF4GD,0.11189375430931334,0.15005522900291468,0.117,0.108,1,Treg cell
ATG7,0.11198049784635003,0.20176098226675365,0.142,0.132,1,Treg cell
FBRS,0.1119832755277374,0.10349450463431115,0.33,0.322,1,Treg cell
NOC4L,0.11198992509649926,0.1017851854554972,0.066,0.059,1,Treg cell
TMEM147,0.11215553570095331,0.25134118026654195,0.175,0.164,1,Treg cell
SNAP47,0.11231461034695221,0.1948229229938303,0.148,0.136,1,Treg cell
DBF4,0.11235334576689997,-0.19859914857383032,0.148,0.147,1,Treg cell
DIAPH2,0.11247319933148639,0.18726093669720512,0.129,0.118,1,Treg cell
PLGLB2,0.11249190104054752,0.21168430650425796,0.089,0.08,1,Treg cell
GID8,0.11250862167679966,0.11382520559049145,0.3,0.289,1,Treg cell
HYAL2,0.11251487667503368,0.33791015434993277,0.018,0.014,1,Treg cell
SLC25A12,0.11252225274115887,0.14413304608668875,0.136,0.125,1,Treg cell
TMEM245,0.11255959785881518,0.26694997152193384,0.361,0.345,1,Treg cell
TLR6,0.11266419132786631,0.12140223636205061,0.049,0.045,1,Treg cell
KLHL22,0.11266539859400547,0.18099305061853332,0.171,0.159,1,Treg cell
CYP4V2,0.1127280432915235,0.3274303878986198,0.22,0.21,1,Treg cell
RIOK2,0.11275781128029227,0.15847640398196816,0.101,0.097,1,Treg cell
TSPYL4,0.11278560318430376,0.23495467154775307,0.085,0.081,1,Treg cell
WDR89,0.11280487649817887,0.13611963941576977,0.155,0.145,1,Treg cell
KIDINS220,0.11305701119964306,0.11139489540845834,0.332,0.316,1,Treg cell
DUSP10,0.1131464892265669,0.10191376051816925,0.215,0.203,1,Treg cell
CORO7,0.11327753895566764,-0.2885801391953837,0.467,0.456,1,Treg cell
NBPF3,0.11353741155132238,0.2989243596199431,0.018,0.015,1,Treg cell
PLOD1,0.11363928744517847,0.5354648107139068,0.019,0.015,1,Treg cell
FAM110A,0.11367475994824523,0.25039678284528,0.07,0.063,1,Treg cell
ATP6V1D,0.1138025462101013,0.16774766279899023,0.137,0.132,1,Treg cell
BMERB1,0.11381046417960808,-0.4995686514553892,0.011,0.014,1,Treg cell
BCAT2,0.11386200198318501,0.3332805163766466,0.053,0.047,1,Treg cell
ACACB,0.11396891705505172,0.21362684704665558,0.064,0.06,1,Treg cell
YIF1B,0.11401491838621827,0.22367166874398703,0.126,0.116,1,Treg cell
RRP12,0.11402067201096841,0.19781779069599592,0.056,0.05,1,Treg cell
SEC24C,0.11421084326486115,0.20540423743484482,0.213,0.199,1,Treg cell
SLC16A3,0.11421162037546945,0.1385582334380051,0.061,0.054,1,Treg cell
SH2D2A,0.11434650128774268,0.259457590124367,0.139,0.134,1,Treg cell
USP28,0.11464999524758111,0.459374266354609,0.078,0.069,1,Treg cell
TAB1,0.11465778640074097,0.14337742828278643,0.147,0.143,1,Treg cell
ZNF7,0.11466083790034265,0.17230448309731372,0.082,0.079,1,Treg cell
SRP19,0.11481406667285565,0.17439678323805247,0.268,0.259,1,Treg cell
ODF2L,0.11489274738694778,0.15536034864032633,0.103,0.096,1,Treg cell
MLF1,0.1151708776105673,1.1973267128976404,0.02,0.018,1,Treg cell
FAR2,0.11521112604466922,0.627434835391131,0.068,0.063,1,Treg cell
COMMD9,0.11552207678417391,0.1906246776705094,0.139,0.128,1,Treg cell
SLAIN1,0.11558973112105757,0.1553322008571798,0.134,0.122,1,Treg cell
MARS1,0.11564208563546206,-0.14344420453549844,0.033,0.033,1,Treg cell
GALNT12,0.11576339031487023,0.29584299727668695,0.035,0.029,1,Treg cell
RAB5IF,0.11576809548029482,0.13449383451787966,0.141,0.137,1,Treg cell
ELP3,0.11583609204153976,0.16599851602114057,0.16,0.146,1,Treg cell
UBXN2B,0.11583879916066889,0.18356117387735393,0.155,0.148,1,Treg cell
GFM2,0.11603912910471258,0.1433647546040171,0.075,0.067,1,Treg cell
CSF3R,0.1160629043837462,-5.827310662366596,0.016,0.015,1,Treg cell
CEMIP2,0.11610346014189167,0.26600554380165803,0.201,0.193,1,Treg cell
ETV6,0.11629246344369325,0.39062128658046924,0.147,0.136,1,Treg cell
SMARCA4,0.11635080202512123,0.18276391577010156,0.283,0.268,1,Treg cell
RNF185,0.11645278572597062,0.23710002886677106,0.092,0.084,1,Treg cell
MED16,0.11649397670006423,0.13175791802306547,0.096,0.087,1,Treg cell
TEX264,0.11660760390293944,0.1375496509335008,0.16,0.149,1,Treg cell
MRC2,0.11689999159672618,0.4600694668361083,0.013,0.009,1,Treg cell
APEX2,0.11698852832059232,0.2126664960685094,0.096,0.087,1,Treg cell
UPB1,0.11710570472717795,0.3396816055942331,0.013,0.01,1,Treg cell
PGAM5,0.11712386046725393,0.18306476921724313,0.072,0.064,1,Treg cell
TNK2,0.11720265472929513,0.44384489172522035,0.327,0.327,1,Treg cell
SLC4A7,0.11721097565689621,0.4261595751170919,0.439,0.421,1,Treg cell
SF3B6,0.11737270245896342,0.20103959882065658,0.18,0.169,1,Treg cell
CD81,0.11738269565733786,0.24680410611326198,0.136,0.129,1,Treg cell
MVB12A,0.11747549142908173,0.1754951520938608,0.081,0.072,1,Treg cell
TSSK6,0.1177256837474054,0.39705113158899596,0.014,0.011,1,Treg cell
SLC25A44,0.11778165442051836,0.1450282355341912,0.131,0.123,1,Treg cell
ATG4C,0.1178667103194132,-0.15760717466671803,0.065,0.072,1,Treg cell
ITPR3,0.11793550299853765,0.2643127825865934,0.268,0.255,1,Treg cell
SH3RF2,0.117949394610048,0.6170802714771906,0.017,0.014,1,Treg cell
VWA5A,0.1179700436091093,0.15901352937767,0.064,0.059,1,Treg cell
ZNF839,0.11802298421120766,-0.1620730650033826,0.071,0.073,1,Treg cell
PSIP1,0.11820452475857522,0.15412649972225984,0.391,0.385,1,Treg cell
PCGF3,0.1183888359385462,0.18632041928254894,0.089,0.082,1,Treg cell
INTS8,0.11840243651952266,0.1144138298183115,0.341,0.324,1,Treg cell
ARFIP1,0.11840313927288518,0.1777589544670919,0.121,0.116,1,Treg cell
PNO1,0.11845108922504059,0.13021646782376872,0.103,0.094,1,Treg cell
PKD2,0.1186401957044295,1.631468561955625,0.083,0.081,1,Treg cell
ZSCAN12,0.11873254894899733,0.1876121406863298,0.028,0.027,1,Treg cell
ARFGEF1,0.11897360885770682,0.14978636729202066,0.241,0.24,1,Treg cell
IDE,0.11898869896409167,0.6886966735830393,0.12,0.113,1,Treg cell
MAN2A1,0.11914448991803916,0.5450770750842913,0.4,0.389,1,Treg cell
ZNF626,0.11916771429792954,-0.1647087577076034,0.111,0.115,1,Treg cell
SH3GL1,0.11918727724318864,0.11663502193159703,0.077,0.076,1,Treg cell
ZNF485,0.11944358775973486,0.25900702616735405,0.024,0.02,1,Treg cell
RPRD1A,0.1194698859826231,0.26799577575530664,0.191,0.178,1,Treg cell
PWWP2A,0.11953669444232981,0.1680133746447372,0.184,0.172,1,Treg cell
CCNQ,0.1195971139246891,0.17931152616370816,0.127,0.119,1,Treg cell
POLB,0.1196406591360319,0.18490675083431252,0.096,0.089,1,Treg cell
FAHD2A,0.11975544132397123,-0.1443853374464572,0.056,0.057,1,Treg cell
CACUL1,0.11982564556794281,0.11147719604736217,0.134,0.128,1,Treg cell
ZNF559,0.11984268186198044,0.19934016770327156,0.102,0.092,1,Treg cell
NDUFB4,0.11985484056935715,0.23340509589600839,0.235,0.225,1,Treg cell
ING1,0.12001864545581063,0.11670808818566014,0.058,0.051,1,Treg cell
BCKDHA,0.12005871781733109,0.3906446997894858,0.168,0.157,1,Treg cell
ZNF18,0.12012423571544058,0.10538105359797179,0.066,0.058,1,Treg cell
PLEKHM3,0.12012907824159191,0.22598527804715873,0.111,0.101,1,Treg cell
EIF2S3,0.1201711131924384,0.11838045829421628,0.451,0.442,1,Treg cell
HEATR1,0.12027008254901533,0.14333373293882123,0.262,0.253,1,Treg cell
KHNYN,0.12027032357297825,0.1837531659218421,0.138,0.131,1,Treg cell
ENTR1,0.12050557288360614,0.1857874451807352,0.184,0.174,1,Treg cell
TM7SF2,0.12054703843878727,0.12693911474872577,0.048,0.041,1,Treg cell
FIG4,0.12056203926212465,0.29821663755210204,0.114,0.107,1,Treg cell
HERPUD2,0.12062304607944448,1.5936032636299822,0.464,0.45,1,Treg cell
PLEKHN1,0.12063450362405592,0.4343777049785169,0.021,0.017,1,Treg cell
MORN3,0.12074858837091207,0.1184886507331675,0.055,0.049,1,Treg cell
CHCHD1,0.12079478238711999,0.12992327348620214,0.12,0.11,1,Treg cell
BLOC1S2,0.12083776361086476,0.15005610291899996,0.204,0.197,1,Treg cell
POGZ,0.12096409334274486,0.32352040099566276,0.267,0.255,1,Treg cell
AP2A1,0.12106628483756383,0.3450705673369122,0.173,0.163,1,Treg cell
TMEM156,0.12116424391722994,0.23990470263836583,0.073,0.065,1,Treg cell
GABBR1,0.12143982150204503,-0.3140873518096137,0.167,0.18,1,Treg cell
DERL1,0.12147016102204179,0.17194830700929786,0.315,0.301,1,Treg cell
CPLANE1,0.12151142289277661,0.1905840824340288,0.038,0.032,1,Treg cell
KLC4,0.12159612670845278,0.28425755820753107,0.054,0.047,1,Treg cell
EZH2,0.1216873482714622,0.23558210685796888,0.166,0.154,1,Treg cell
KAT8,0.12170378024875483,0.17547733298339174,0.202,0.189,1,Treg cell
COL6A3,0.12172217638658428,0.17843640640734293,0.021,0.018,1,Treg cell
NT5M,0.1217777768616613,0.5225137580308505,0.013,0.01,1,Treg cell
CACNB3,0.1219367726743086,0.30611893106246235,0.026,0.021,1,Treg cell
TOR3A,0.12206949624817946,0.12147274677981423,0.075,0.066,1,Treg cell
ZNF337,0.12209524313718395,0.12063309733676608,0.172,0.172,1,Treg cell
CXorf38,0.12217146578368289,0.13505907660385946,0.207,0.196,1,Treg cell
MED14,0.12226900301640993,0.17236213926237465,0.139,0.133,1,Treg cell
ADNP,0.12228232628897935,0.13854391727724302,0.221,0.209,1,Treg cell
POU2F2,0.12242687364697977,-0.23471041533673037,0.211,0.203,1,Treg cell
CDT1,0.12254039244111167,2.6949309503867522,0.013,0.01,1,Treg cell
WRAP53,0.12260615948326685,0.227246352369868,0.05,0.048,1,Treg cell
MBD4,0.12264284684516402,-0.11795719421875717,0.182,0.169,1,Treg cell
ANP32B,0.12264770265200493,0.10186181514154316,0.274,0.261,1,Treg cell
IGSF9B,0.12278389167872492,0.2585230904177358,0.073,0.066,1,Treg cell
SART1,0.12285071620415829,-0.11903055588236508,0.235,0.222,1,Treg cell
PRPF18,0.12285508903600184,0.2294213338067438,0.193,0.18,1,Treg cell
ARHGAP19,0.12288515306400107,0.2527324405792877,0.099,0.089,1,Treg cell
ZNF662,0.12295482015563962,0.42863652728318336,0.012,0.009,1,Treg cell
TGIF2,0.12323181956342301,0.24326304707083457,0.072,0.063,1,Treg cell
TYROBP,0.12331272938976337,0.132191801818891,0.018,0.016,1,Treg cell
TFDP1,0.12355009955981569,0.3866949437306815,0.094,0.091,1,Treg cell
MYO19,0.12358883155498049,0.20494739206334756,0.115,0.105,1,Treg cell
SAMD12,0.1236634505109104,0.18400598230766763,0.087,0.081,1,Treg cell
PEBP1,0.12392198077785348,0.1517020481558745,0.346,0.332,1,Treg cell
SERPINB6,0.12392521679139179,-0.29504127543323777,0.116,0.126,1,Treg cell
SKIC3,0.12396645999169612,0.22218067074168746,0.327,0.313,1,Treg cell
KLKB1,0.12411267375104199,-0.25860354342980596,0.015,0.02,1,Treg cell
U2SURP,0.12413390646031526,0.2211046056076691,0.492,0.477,1,Treg cell
VIRMA,0.12417671270403911,0.10272880607567025,0.248,0.235,1,Treg cell
PEPD,0.12425727313203742,0.17031723694024414,0.104,0.095,1,Treg cell
SLC26A11,0.12432385319379302,0.15168771250591317,0.2,0.188,1,Treg cell
GBA2,0.12440096248687636,0.19786182110708928,0.161,0.153,1,Treg cell
ZBTB2,0.12445843462194908,0.29585267301324353,0.189,0.179,1,Treg cell
MLEC,0.1246911687174402,0.17041469452375746,0.143,0.133,1,Treg cell
RO60,0.12488891768210539,0.3498133575796172,0.335,0.321,1,Treg cell
ABHD17B,0.1250223893577146,0.2874797774646052,0.147,0.135,1,Treg cell
ZFYVE19,0.12508691799633367,0.255920071692433,0.077,0.077,1,Treg cell
IDUA,0.12511529653268122,0.11776674766315809,0.104,0.094,1,Treg cell
KLHL36,0.1252404399410135,0.2104351802484481,0.21,0.216,1,Treg cell
MTMR8,0.125360763496237,0.3265659200129529,0.035,0.03,1,Treg cell
SYTL2,0.1253689019553821,1.6150592738472127,0.056,0.048,1,Treg cell
AGO3,0.12538570810775912,0.15082616368866342,0.112,0.103,1,Treg cell
ERI1,0.12563898083321143,0.17260402699927146,0.145,0.135,1,Treg cell
SHMT2,0.1256835951723881,0.3205395034450108,0.21,0.199,1,Treg cell
TMEM101,0.12582543050410944,0.14107513723056142,0.101,0.092,1,Treg cell
ANP32A,0.1259934143571366,0.10309915851233331,0.22,0.209,1,Treg cell
CASP7,0.12611861407083283,0.13992945551161684,0.087,0.078,1,Treg cell
PWWP2B,0.12612906646408065,-0.2846517710310428,0.018,0.019,1,Treg cell
REXO1,0.1261460915512641,0.17100967607760076,0.108,0.098,1,Treg cell
TSNAX,0.12617767724302406,0.6970068026926926,0.255,0.251,1,Treg cell
AEBP1,0.126418315693664,0.4457466687162941,0.026,0.023,1,Treg cell
MAP10,0.12644317727658042,-0.3511653915795332,0.024,0.025,1,Treg cell
TRPT1,0.12647818834365207,0.2644666980755721,0.091,0.081,1,Treg cell
FANCA,0.1265276079111758,0.10796599995259015,0.018,0.015,1,Treg cell
ENPP4,0.12667950213261178,0.17525880599768362,0.064,0.056,1,Treg cell
THAP8,0.1269184955589394,-0.43838404169000356,0.009,0.011,1,Treg cell
ARHGAP10,0.1269455731524274,-0.10191603797587012,0.079,0.076,1,Treg cell
PITPNB,0.12696100243517197,0.26894775850882735,0.194,0.184,1,Treg cell
PHKB,0.12711314400229656,0.5919650668663319,0.281,0.274,1,Treg cell
LCORL,0.12731381013384402,0.13062691674650595,0.127,0.116,1,Treg cell
IFITM1,0.1274578905456874,0.19871015857666618,0.062,0.054,1,Treg cell
CX3CR1,0.12759572637523553,10.816220499679378,0.011,0.013,1,Treg cell
STX3,0.127711737951734,-0.4964306290310585,0.015,0.018,1,Treg cell
HHAT,0.1278936554647616,0.25309617918842253,0.023,0.019,1,Treg cell
NAGLU,0.12799855754111597,0.1442970592432813,0.017,0.015,1,Treg cell
CLIC3,0.12803260146756776,0.4715329895442224,0.012,0.009,1,Treg cell
C1D,0.12803533349478707,0.16483946531933902,0.126,0.116,1,Treg cell
SAT1,0.1280704082674877,-6.543934734676596,0.337,0.325,1,Treg cell
ANAPC1,0.12814420138371885,-0.2307000575420144,0.018,0.019,1,Treg cell
AZI2,0.12825919229577187,0.18162268737533394,0.13,0.119,1,Treg cell
TLR2,0.12825962217876188,0.32753673463698263,0.017,0.013,1,Treg cell
ZNF799,0.12827232322285959,0.40423657914861355,0.018,0.015,1,Treg cell
ABR,0.12838548121791907,0.13719474043602697,0.126,0.118,1,Treg cell
ZNF473,0.12848985373190377,0.3133438107899478,0.012,0.011,1,Treg cell
CYB5R3,0.12867382599622149,0.22742170478725227,0.26,0.245,1,Treg cell
XRN1,0.12873526985226497,-0.13492017694706027,0.604,0.588,1,Treg cell
RNF103,0.12910791578216774,0.10369254718768252,0.256,0.25,1,Treg cell
TAF9,0.129817556703453,0.13092076574624745,0.157,0.147,1,Treg cell
ZNF280C,0.13007332635907834,0.11593887575270445,0.08,0.071,1,Treg cell
TMEM258,0.13024782385529002,0.17936888956069852,0.196,0.185,1,Treg cell
MYL5,0.1303488842215894,0.2598929214943908,0.02,0.016,1,Treg cell
STX5,0.1303507893635162,0.4497809193810036,0.216,0.207,1,Treg cell
HERC3,0.13036788013202225,0.16163034648658403,0.483,0.466,1,Treg cell
ZNF562,0.13041063880162937,0.2118944518338044,0.108,0.099,1,Treg cell
RNPC3,0.1305030615223265,0.17684688228896062,0.352,0.338,1,Treg cell
TBCK,0.13060030974338743,0.2789693919179703,0.204,0.193,1,Treg cell
SLC5A5,0.13073961045557508,0.42282941535567087,0.01,0.009,1,Treg cell
NRGN,0.13080873997528003,36.828912684615766,0.02,0.016,1,Treg cell
ZBED5,0.13086998651179982,0.18831208696132162,0.212,0.201,1,Treg cell
AVL9,0.13093507584123504,-0.27552857581247003,0.224,0.219,1,Treg cell
C2CD2,0.1309543541413283,0.3295353529342675,0.026,0.023,1,Treg cell
TYW3,0.1310098082587369,0.2607623774850849,0.128,0.121,1,Treg cell
ZNF384,0.131268686549324,0.10956973775003614,0.27,0.253,1,Treg cell
NDUFC1,0.13133550213840497,-1.0898774618812763,0.227,0.212,1,Treg cell
ADPRH,0.13148590515020367,0.3131071021597185,0.053,0.047,1,Treg cell
NCKAP1,0.13157409961032254,-0.25671126010543066,0.021,0.023,1,Treg cell
HOMEZ,0.13178794790199164,0.19514754303185144,0.04,0.039,1,Treg cell
TRAPPC12,0.13180018288910972,0.15329700456266315,0.243,0.228,1,Treg cell
SLC38A1,0.1318706735996274,-3.547703693800008,0.84,0.835,1,Treg cell
SEC22C,0.132023873273752,0.22608177954529207,0.141,0.137,1,Treg cell
RNF7,0.13208918029063904,1.1534971684704396,0.433,0.417,1,Treg cell
IGIP,0.1321047728266137,0.11957350606748474,0.117,0.112,1,Treg cell
RHOH,0.13219031658460753,-2.1747579655604556,0.502,0.494,1,Treg cell
DNAJC3,0.132352312544666,0.17688653750163752,0.152,0.143,1,Treg cell
TTC12,0.13264440436745728,-0.1042341073496098,0.124,0.133,1,Treg cell
PFKP,0.13282779152544552,-0.16404012995899891,0.21,0.202,1,Treg cell
PPP1R14B,0.13285793184491712,0.2705088509049993,0.028,0.025,1,Treg cell
DRAM2,0.132979992726464,0.32345092215611737,0.243,0.233,1,Treg cell
FAM234A,0.13299543258430013,0.16106708659694835,0.092,0.083,1,Treg cell
LSM7,0.1329971295244944,0.2640921221749845,0.231,0.224,1,Treg cell
GNS,0.13318126429157984,0.13634207005728405,0.19,0.177,1,Treg cell
TIAL1,0.13320201229054632,0.2536695758494272,0.538,0.525,1,Treg cell
PTMS,0.1332091555709486,-0.8546304632933732,0.021,0.018,1,Treg cell
SMARCB1,0.13323244772790926,-0.2721167507339472,0.189,0.176,1,Treg cell
PCBP1,0.13336096290828112,0.2086903658106215,0.336,0.323,1,Treg cell
SRSF4,0.13336409314102796,0.14976042978815218,0.391,0.374,1,Treg cell
ZNF644,0.13348263967022933,0.21883787101760666,0.498,0.483,1,Treg cell
PGS1,0.13361635629602028,0.10936072620997017,0.205,0.191,1,Treg cell
NEMP1,0.13371007113979919,0.18706901651703012,0.099,0.093,1,Treg cell
TMEM42,0.1339811808309,0.12654036251422784,0.072,0.07,1,Treg cell
CIDEB,0.13407431875290765,0.20251610599863312,0.071,0.064,1,Treg cell
ADTRP,0.13411917780435492,3.0144877382574276,0.099,0.093,1,Treg cell
TOP2A,0.1341815287476602,19.404515913896592,0.017,0.014,1,Treg cell
GPR89B,0.13418892895261417,0.18989790365910597,0.088,0.08,1,Treg cell
KBTBD4,0.13421807192022822,-0.1602779652611197,0.08,0.087,1,Treg cell
GALK2,0.1342590218171521,0.17420395683226586,0.199,0.186,1,Treg cell
DHFR2,0.13446252187561647,0.20863932091336057,0.051,0.047,1,Treg cell
KDM3B,0.1346203297250338,0.11280138885741442,0.286,0.271,1,Treg cell
C10orf143,0.13483582312058945,-0.3102370794507525,0.037,0.038,1,Treg cell
AAMP,0.13499281220385473,0.15942661237666303,0.271,0.255,1,Treg cell
FAM110C,0.1350295471394678,0.3048915410341877,0.023,0.022,1,Treg cell
NSD1,0.13519538097936395,0.33541064958289546,0.491,0.486,1,Treg cell
KIF1B,0.13526632313432949,0.3337470914807843,0.147,0.136,1,Treg cell
RFC3,0.1352726011147662,0.24783917788172127,0.048,0.046,1,Treg cell
P2RY8,0.13532554082377385,-0.22373246031726768,0.406,0.392,1,Treg cell
CLEC16A,0.13542361190230515,0.18018484091865916,0.189,0.182,1,Treg cell
PIGU,0.13549690648109639,0.2159285597682712,0.067,0.06,1,Treg cell
HSDL2,0.13554192278732952,-0.3488030420793714,0.139,0.129,1,Treg cell
AURKA,0.1356213406948733,1.6004227524868702,0.016,0.012,1,Treg cell
SLC35A5,0.1358069675637848,0.2284459103801617,0.104,0.096,1,Treg cell
TRIM37,0.13599941581596664,0.18995631997235018,0.118,0.109,1,Treg cell
ADAM8,0.13621396682459153,4.1218408150051,0.221,0.208,1,Treg cell
CPSF4,0.1362215452295061,0.18518785658622017,0.111,0.106,1,Treg cell
APEX1,0.136388461349322,0.20021137297635383,0.199,0.186,1,Treg cell
PXMP2,0.13646884507463813,0.11684524718770728,0.032,0.028,1,Treg cell
MACF1,0.13664361199187286,1.5130239889972863,0.508,0.494,1,Treg cell
APH1A,0.1367468665071637,0.2175561274449162,0.243,0.23,1,Treg cell
SF1,0.13676006713561034,0.14605164845939977,0.256,0.241,1,Treg cell
RCCD1,0.13688560231790228,-0.24252449746799476,0.037,0.039,1,Treg cell
LAYN,0.1369277771857462,0.8498685183432215,0.06,0.052,1,Treg cell
SARNP,0.13695988938876708,0.2177856240129239,0.117,0.111,1,Treg cell
SRSF1,0.1369894787843669,0.1340417121766686,0.231,0.217,1,Treg cell
DHX34,0.13699261964062404,0.17654067326201917,0.058,0.052,1,Treg cell
DMTN,0.13702512986587587,0.26123255514479204,0.047,0.041,1,Treg cell
DIS3,0.13705078223342057,0.15173185643412712,0.254,0.242,1,Treg cell
KRBOX5,0.13707794880970015,-0.3201099787375661,0.011,0.013,1,Treg cell
POFUT1,0.13711583395890756,0.2564915986147751,0.062,0.056,1,Treg cell
TRMT12,0.13721618206307892,0.23422474896219203,0.034,0.029,1,Treg cell
MBP,0.13726705744440007,0.21761124276472144,0.167,0.154,1,Treg cell
IL4R,0.1373112282665949,0.18962539410804702,0.03,0.026,1,Treg cell
SVIP,0.13737301760576803,-0.202458163388328,0.17,0.177,1,Treg cell
PTOV1,0.13748287924131106,0.17867871616893627,0.148,0.14,1,Treg cell
EPHA1,0.1377493182017878,-0.24805807022029747,0.054,0.053,1,Treg cell
DDX50,0.13777279935372105,0.1048575691148233,0.253,0.241,1,Treg cell
ABCB10,0.1377787691243713,0.792356754082199,0.166,0.157,1,Treg cell
FLT3LG,0.13813049291731605,-0.7581204166960633,0.421,0.408,1,Treg cell
AASDHPPT,0.13825356309354833,0.14217135096378286,0.212,0.198,1,Treg cell
HPF1,0.13837077073234627,0.15094054008160995,0.053,0.047,1,Treg cell
ATAD5,0.13839095467340967,0.19840951640749394,0.056,0.051,1,Treg cell
FAM83G,0.13842862980821868,-0.3811183314952915,0.01,0.012,1,Treg cell
JMY,0.13865571860991802,-0.13018698999452769,0.307,0.304,1,Treg cell
SLC9A1,0.13867330952764684,0.16432181491261644,0.119,0.108,1,Treg cell
ARFGAP1,0.1388145400242291,0.21969780380327864,0.098,0.089,1,Treg cell
AFAP1,0.13907018657012074,0.35231786926178765,0.032,0.03,1,Treg cell
CAMKK1,0.1390760998843731,0.33600666231471354,0.012,0.012,1,Treg cell
NIP7,0.13912214281269364,0.2923204859145785,0.107,0.097,1,Treg cell
WDR62,0.139392669667097,0.31660124443373405,0.01,0.007,1,Treg cell
PHC2,0.13945690871179553,0.12179910043416242,0.179,0.167,1,Treg cell
STXBP5,0.13946344231573993,0.5084921456932346,0.305,0.296,1,Treg cell
WDR7,0.13956324966840303,0.16840403661788894,0.069,0.06,1,Treg cell
COX11,0.13961965918685276,0.11685710549405659,0.097,0.088,1,Treg cell
DPP7,0.13969783300767857,0.21977594545573287,0.292,0.279,1,Treg cell
PURA,0.1400300700287256,0.1333311089191962,0.129,0.118,1,Treg cell
OASL,0.14011592418478108,11.258175223863628,0.041,0.038,1,Treg cell
ERH,0.14014668597141686,0.20765439121062523,0.137,0.127,1,Treg cell
TNFAIP3,0.14025145493768645,-10.461230106725218,0.455,0.437,1,Treg cell
TMEM8B,0.14031621202463077,0.24179121493250744,0.041,0.037,1,Treg cell
LAIR1,0.14033536665991347,-1.1575250493309337,0.134,0.127,1,Treg cell
SLC16A7,0.14035681678110504,0.19288868964811842,0.246,0.248,1,Treg cell
PLK4,0.14046963016599823,0.4790898838441189,0.017,0.015,1,Treg cell
NIPSNAP1,0.14049926712147798,0.1931272905470669,0.092,0.086,1,Treg cell
ZNF621,0.14088793826162918,0.16981321896730805,0.113,0.102,1,Treg cell
SEC61B,0.14094795337492866,0.827981055015193,0.188,0.176,1,Treg cell
SMC2,0.14108654324533124,0.12791705177842738,0.087,0.078,1,Treg cell
ARF3,0.14136951528185968,0.23610796918871424,0.045,0.038,1,Treg cell
ZNF793,0.14164697127703507,0.29728016486407327,0.034,0.029,1,Treg cell
THAP12,0.14167331327034363,0.22285547932288507,0.324,0.312,1,Treg cell
ALDH5A1,0.14167842126208272,-5.766117663690858,0.105,0.096,1,Treg cell
ACP5,0.142107347561796,0.17118476295571883,0.094,0.086,1,Treg cell
MYO9A,0.1421759649899448,0.13908468188343537,0.181,0.169,1,Treg cell
PHYKPL,0.14218814802412047,0.13365727455688747,0.232,0.221,1,Treg cell
IFIT3,0.14223649570019756,-4.688291449718024,0.034,0.03,1,Treg cell
CD40,0.14230087574837408,0.44151013829454566,0.02,0.016,1,Treg cell
UCHL5,0.14253051772831807,0.11585482373186773,0.146,0.135,1,Treg cell
LPAR5,0.14271795738882978,0.10536905639571215,0.066,0.059,1,Treg cell
EP400,0.14280669960434147,0.13971371005286404,0.06,0.053,1,Treg cell
GPS1,0.14291925910125677,0.1443920094700497,0.15,0.141,1,Treg cell
SYNCRIP,0.14297806846791652,-0.2933709405765961,0.04,0.044,1,Treg cell
LTBP4,0.1430227093684897,0.17577397961619345,0.124,0.113,1,Treg cell
AASS,0.1431565113881408,0.3396898058103517,0.042,0.036,1,Treg cell
MICB,0.14328927163892702,0.37338023283119703,0.02,0.016,1,Treg cell
ENDOG,0.14334681369879532,0.24648819377612474,0.044,0.038,1,Treg cell
MYADM,0.14356674269143674,0.1369257329521718,0.131,0.12,1,Treg cell
NMRK1,0.1435816579546201,0.5810059294712511,0.222,0.22,1,Treg cell
PRIM1,0.14359749037271477,0.14138249767377709,0.17,0.16,1,Treg cell
TSNARE1,0.14367458447048465,0.23704856729267565,0.075,0.069,1,Treg cell
IL21R,0.14372307805602094,0.15835394882812098,0.222,0.209,1,Treg cell
AKT3,0.14422531473488398,0.15544976562383214,0.227,0.219,1,Treg cell
ZNF347,0.1445306442440708,-0.24884658486439193,0.023,0.025,1,Treg cell
ZNF146,0.14464422502031385,0.15636718671659186,0.318,0.31,1,Treg cell
INPP4A,0.14478621395534064,0.3053382308515975,0.441,0.426,1,Treg cell
E2F6,0.1448451422892038,0.3553815181240445,0.057,0.051,1,Treg cell
RARG,0.1448789470931634,-0.23111512641608067,0.075,0.073,1,Treg cell
NOP56,0.14506353514248405,0.1732246530520199,0.235,0.221,1,Treg cell
ZDHHC7,0.1451684697132154,0.17096545056149814,0.078,0.07,1,Treg cell
DUSP7,0.14523271847192232,-0.1460365311834877,0.202,0.189,1,Treg cell
JRKL,0.14532100445377064,0.21656370627769328,0.098,0.089,1,Treg cell
RNPEP,0.14555230715487297,0.22007174272926422,0.133,0.122,1,Treg cell
MXRA7,0.14567861859482353,0.15760266812801627,0.042,0.042,1,Treg cell
TRIM65,0.14569676337634319,0.2712913845928173,0.052,0.045,1,Treg cell
RPA4,0.14588137363376205,0.3251584815684243,0.022,0.018,1,Treg cell
HTATSF1,0.14615772360497983,0.18777690741941244,0.161,0.15,1,Treg cell
USP24,0.14641490427850842,0.45682831490487164,0.369,0.352,1,Treg cell
ZNF404,0.14645769781774642,0.30849792864157166,0.02,0.017,1,Treg cell
LRRC8B,0.1465729929972784,0.1526264293486166,0.148,0.136,1,Treg cell
CNBP,0.14657491514421833,0.5829448542718612,0.644,0.629,1,Treg cell
CCNB2,0.14664583408056545,9.490414862626029,0.011,0.009,1,Treg cell
PLXNB2,0.14676150447649047,-0.8001662351791117,0.012,0.014,1,Treg cell
BHLHE40,0.1468629749412652,0.5806022675828086,0.036,0.036,1,Treg cell
OGFOD1,0.14689279219361243,0.10774308770109764,0.162,0.15,1,Treg cell
PIGK,0.14715189027630293,0.32322841969495686,0.249,0.236,1,Treg cell
MDN1,0.14715973539203456,0.1405001393415346,0.106,0.098,1,Treg cell
ZC3H12C,0.14716441432398603,0.3408495421512976,0.013,0.01,1,Treg cell
PIGG,0.14727625932126948,0.25190365153692307,0.157,0.148,1,Treg cell
KBTBD3,0.14740479984398963,0.2179319761183396,0.072,0.065,1,Treg cell
MT1X,0.14754805523700704,0.25485588974896123,0.106,0.096,1,Treg cell
IL7,0.14755831191768015,0.23324861204549885,0.054,0.047,1,Treg cell
SLC43A1,0.1476943378558865,0.1472180815212103,0.067,0.059,1,Treg cell
GLA,0.14772045196910366,0.13515501078124492,0.028,0.029,1,Treg cell
EIF2B3,0.14776908468240607,0.18007174045450558,0.094,0.089,1,Treg cell
DCTN4,0.14787687198156904,0.13137282689815089,0.15,0.139,1,Treg cell
PTPN7,0.1479016218483644,0.8555333514388022,0.201,0.189,1,Treg cell
KLHDC4,0.14793581340901946,0.2074845636284986,0.234,0.222,1,Treg cell
FUNDC1,0.14795489005618354,0.1966689319494317,0.079,0.072,1,Treg cell
IFNGR1,0.14811589117390273,0.12339490256884966,0.112,0.114,1,Treg cell
ARG1,0.14824426662737206,-1.1561867345481036,0.014,0.016,1,Treg cell
SNF8,0.14828642307219686,0.23800175549843616,0.103,0.093,1,Treg cell
CCDC85B,0.1482958485118033,0.22871285074097408,0.213,0.201,1,Treg cell
BAZ2B,0.14831015723212013,0.15683437102192177,0.181,0.172,1,Treg cell
TAF13,0.14837610851825062,0.3031181722706613,0.109,0.098,1,Treg cell
NOG,0.14845579128006364,0.21470400748162066,0.17,0.169,1,Treg cell
ANGEL1,0.14852824791609878,0.13173145683770615,0.117,0.107,1,Treg cell
THAP3,0.14882320324942822,0.19507793754361646,0.058,0.054,1,Treg cell
COA5,0.1489901141112872,0.20606621490612165,0.078,0.07,1,Treg cell
SH3BP2,0.14911684603985922,0.2097148544596492,0.136,0.125,1,Treg cell
AHR,0.1494275946590174,0.19317129140558764,0.306,0.301,1,Treg cell
FXR1,0.14945703933106683,0.12638603904201906,0.201,0.188,1,Treg cell
RNF113A,0.14955592215217767,0.15617942078379687,0.192,0.181,1,Treg cell
IFIH1,0.14958602327080414,0.21838792392082473,0.173,0.163,1,Treg cell
SMYD3,0.14974726365253047,-0.1363256393380201,0.07,0.073,1,Treg cell
SLC15A2,0.15003566579838848,-0.3215303731367216,0.012,0.015,1,Treg cell
ARHGEF18,0.15030130931637253,1.4032523658621874,0.613,0.601,1,Treg cell
TESC,0.15032222692185954,0.13836284697483014,0.029,0.024,1,Treg cell
UTP14A,0.15034532477011212,0.19145060304914807,0.041,0.036,1,Treg cell
ZNF589,0.15041959018254858,0.1752642002171263,0.153,0.146,1,Treg cell
SEC61A1,0.15045360405996144,0.12952217264114807,0.236,0.222,1,Treg cell
SSBP4,0.15048159472374695,0.24071734364463993,0.083,0.075,1,Treg cell
TPMT,0.1505759398305469,0.21066118237269027,0.093,0.092,1,Treg cell
DPH1,0.15073964669234424,0.24494938996444926,0.014,0.013,1,Treg cell
RAP2A,0.15087201059526142,0.4342355319090785,0.181,0.174,1,Treg cell
C16orf74,0.15087533628319952,0.21444988380169505,0.054,0.047,1,Treg cell
MCPH1,0.15096136993397838,0.15432257072784678,0.246,0.235,1,Treg cell
TLE2,0.15104836711928285,-0.30067924974514515,0.025,0.023,1,Treg cell
ATP6V0E2,0.1510836938640486,0.16287341526684918,0.059,0.063,1,Treg cell
SPTLC1,0.15109211113336699,0.16535386010312347,0.141,0.13,1,Treg cell
PPT2,0.15111781843783056,0.3058240725219994,0.015,0.014,1,Treg cell
SPAG16,0.15124601441462365,0.16980490840297646,0.13,0.121,1,Treg cell
PUS7L,0.15142200389371005,0.11964116656735224,0.144,0.133,1,Treg cell
TOX,0.15190028700421504,-0.8975263367895419,0.224,0.211,1,Treg cell
IFI27L2,0.15195839812498224,0.25699885604459016,0.071,0.063,1,Treg cell
CD38,0.1523230022328189,3.352371025589226,0.046,0.04,1,Treg cell
CLPX,0.15234547172173185,0.2029255970030639,0.196,0.185,1,Treg cell
WPRE,0.15238017947251498,0.3087543053345341,0.02,0.016,1,Treg cell
GOLGA7B,0.1527975891775005,0.20280862246276093,0.161,0.149,1,Treg cell
VANGL1,0.15287366038725958,0.4179355399756104,0.041,0.035,1,Treg cell
TTLL1,0.15299726228893223,0.18541279413426404,0.06,0.053,1,Treg cell
CNPY4,0.15302721103582465,0.29850585591744627,0.084,0.077,1,Treg cell
TMEM41B,0.1530273133852068,-0.13755704962838944,0.3,0.286,1,Treg cell
ADAMTS17,0.15304615172738897,-0.19931316999915794,0.016,0.02,1,Treg cell
ADARB1,0.15347537012221357,0.1662229549101215,0.098,0.092,1,Treg cell
MEGF8,0.15356820981100175,0.3274025213115337,0.017,0.015,1,Treg cell
CNTROB,0.15358308970443313,-0.1350072123798065,0.061,0.059,1,Treg cell
STX4,0.15358674189346427,0.19476640515024718,0.216,0.205,1,Treg cell
SLC39A3,0.15362903875138742,0.15323342723954703,0.087,0.079,1,Treg cell
IPP,0.15362987059909547,0.1858875797099513,0.088,0.08,1,Treg cell
SLC5A3,0.1536353278936362,0.1201263129736112,0.185,0.177,1,Treg cell
TWSG1,0.1536757141400281,0.2328904416272457,0.038,0.032,1,Treg cell
IFNAR1,0.15379740164101993,0.13561379964239606,0.385,0.376,1,Treg cell
SNX10,0.15388668790095864,0.3660607639746427,0.127,0.115,1,Treg cell
NOP2,0.15393385064650617,0.12596280063683873,0.144,0.138,1,Treg cell
CHST7,0.15405972076613722,0.16242392225070335,0.103,0.095,1,Treg cell
USF1,0.15413972770107326,0.14044403443808884,0.146,0.134,1,Treg cell
COX10,0.15417941812493996,0.2627934447867484,0.207,0.195,1,Treg cell
GABPB1,0.15418782574977016,0.2834987313778361,0.163,0.151,1,Treg cell
NFKB1,0.1544565350755382,0.10557522030093758,0.213,0.202,1,Treg cell
KRBA2,0.15449065716455213,-0.22910214686276031,0.061,0.063,1,Treg cell
LRRC39,0.15455233257766812,0.575572186255437,0.01,0.008,1,Treg cell
C14orf119,0.15455904058790496,0.253831875692331,0.218,0.204,1,Treg cell
SLC44A5,0.15480418758640002,-0.10215147347262832,0.013,0.011,1,Treg cell
GSK3B,0.15490506478068844,0.300918493121457,0.368,0.361,1,Treg cell
PCP2,0.15495805034095186,0.26492144031358666,0.013,0.012,1,Treg cell
TM2D2,0.15534234836002372,0.2687659806138756,0.062,0.058,1,Treg cell
ZHX2,0.1559367679894041,0.1573294320372045,0.219,0.206,1,Treg cell
JOSD1,0.15595380401043452,0.11011098647131051,0.213,0.205,1,Treg cell
ANKRD13C,0.15607724764106945,0.1436716162025744,0.167,0.155,1,Treg cell
PPDPF,0.15635080772059576,0.38142777487340584,0.595,0.59,1,Treg cell
PAQR8,0.15648851907710137,0.3354527691772544,0.12,0.113,1,Treg cell
POLDIP3,0.1565763295685261,0.16391038591131807,0.265,0.258,1,Treg cell
STIM2,0.15657930031611733,-0.10103528838369091,0.203,0.191,1,Treg cell
FTO,0.15662162116143236,0.14187111611350467,0.133,0.123,1,Treg cell
MNAT1,0.1566536464399601,0.16980279620059635,0.081,0.073,1,Treg cell
HSPBAP1,0.1567334945264687,0.1506501983789763,0.136,0.126,1,Treg cell
ATP13A3,0.15683120945082524,-5.28895901059353,0.255,0.243,1,Treg cell
UGGT1,0.15700306412655943,0.25821756521822437,0.244,0.231,1,Treg cell
TMED2,0.15701244941280967,0.1309160980526456,0.12,0.116,1,Treg cell
CEP85L,0.15729939181716193,-0.6019736306376955,0.43,0.414,1,Treg cell
ADAM20,0.1576623073178428,0.21248350275736527,0.016,0.013,1,Treg cell
WDR54,0.15771956628599326,-0.13955113314536405,0.067,0.063,1,Treg cell
DRICH1,0.15814688817566658,-0.2761562000022382,0.012,0.012,1,Treg cell
GCLM,0.15817773387998318,0.2053031496318276,0.074,0.067,1,Treg cell
PIM1,0.15825468408231053,0.20897456270856107,0.404,0.39,1,Treg cell
ALAS1,0.15835854610095831,0.18005645559520644,0.089,0.081,1,Treg cell
DDX49,0.1584693660510885,0.2647741977004494,0.107,0.1,1,Treg cell
MT1F,0.1586239582067572,0.36845376517406336,0.035,0.031,1,Treg cell
ZNF254,0.15872702476591533,0.2054359205638394,0.116,0.118,1,Treg cell
IGF1R,0.15874191709303945,0.24782126940252414,0.107,0.114,1,Treg cell
SLA2,0.15886779607494958,0.3101838619268183,0.193,0.181,1,Treg cell
PLEK,0.15908840724310525,0.8630292939007598,0.023,0.02,1,Treg cell
PPM1G,0.1592037173596674,-0.6742309422373651,0.288,0.273,1,Treg cell
NAXE,0.15946436751754878,0.10101010832154822,0.098,0.089,1,Treg cell
ABCD2,0.1595585496538404,0.2493231733442357,0.289,0.277,1,Treg cell
DHODH,0.15958930139695549,-0.2930928679370388,0.031,0.035,1,Treg cell
PORCN,0.1599318319733709,0.25550116076700347,0.065,0.058,1,Treg cell
SLC22A5,0.16001616665241047,0.43234020626801195,0.025,0.024,1,Treg cell
UCK1,0.16003059959373567,0.15104031009553265,0.114,0.105,1,Treg cell
MAP2K4,0.1603154740747203,0.2241075416770324,0.125,0.116,1,Treg cell
C3orf33,0.16032942374632908,-0.2047875115420008,0.027,0.026,1,Treg cell
TOGARAM1,0.16035009434001277,0.278163089483642,0.081,0.076,1,Treg cell
RNF175,0.16039547151334638,0.1029258852978594,0.056,0.06,1,Treg cell
SPATA33,0.16047555985768883,0.2734996837075854,0.043,0.037,1,Treg cell
TTPAL,0.1605916585919094,0.34958854414234986,0.088,0.083,1,Treg cell
SUPT20H,0.1606457121112635,0.16756379054337467,0.259,0.246,1,Treg cell
ATXN7,0.16066825083151876,0.7107408438780607,0.445,0.435,1,Treg cell
SCO1,0.16108575548208612,0.2625251248266971,0.04,0.036,1,Treg cell
AGPAT2,0.1611377147618232,0.3242776223001185,0.05,0.047,1,Treg cell
CDK2AP1,0.16114232848871657,0.28774214644612517,0.023,0.02,1,Treg cell
RNF141,0.16114290969856435,0.26985371405256275,0.106,0.096,1,Treg cell
ZDHHC16,0.1611815953761007,0.19432534092328968,0.114,0.106,1,Treg cell
FAAH2,0.16124492666968276,-0.15503683759350706,0.145,0.143,1,Treg cell
SCX,0.1612518082466372,-0.3532646358367302,0.013,0.016,1,Treg cell
ZNF787,0.16142876001947656,0.2677525648293333,0.026,0.021,1,Treg cell
POGK,0.16174458107437276,0.2934573405021432,0.191,0.181,1,Treg cell
SCAP,0.16181619301718134,0.17308716772456623,0.126,0.116,1,Treg cell
SLBP,0.16187259685817726,0.20065589512515403,0.253,0.241,1,Treg cell
SARDH,0.16187616843792982,0.7613836923132986,0.052,0.047,1,Treg cell
TRMT1L,0.16202398781246052,0.1816738894494846,0.196,0.188,1,Treg cell
MAN1A1,0.16207857536060602,4.540624341366678,0.109,0.098,1,Treg cell
OST4,0.1621575165619662,0.23140244483098726,0.453,0.436,1,Treg cell
GIT1,0.16234625727124824,0.18932107781284935,0.225,0.213,1,Treg cell
CRACR2A,0.1624276403927219,0.2078926084405906,0.217,0.206,1,Treg cell
HYKK,0.16265686997581688,-0.24035577742319347,0.031,0.032,1,Treg cell
EXPH5,0.16312527489422513,-0.46515266538847744,0.012,0.012,1,Treg cell
ALG1,0.16313008284133237,0.20928320509742981,0.072,0.065,1,Treg cell
SPNS1,0.16314144865236227,0.10994750470514303,0.154,0.144,1,Treg cell
HAUS1,0.16316897175449277,0.24710926123073884,0.094,0.089,1,Treg cell
LAPTM4B,0.16320852932927793,0.2784457747109488,0.055,0.05,1,Treg cell
EIF4E,0.16327393350104966,0.14047988926135813,0.211,0.201,1,Treg cell
TP53,0.1633216231108295,0.14341366568244102,0.277,0.264,1,Treg cell
ABI3,0.16338455022777276,0.21381389290966535,0.027,0.023,1,Treg cell
INF2,0.163428595939132,1.139861575528965,0.36,0.354,1,Treg cell
STK17A,0.1634820689676629,-3.5977875927200795,0.4,0.413,1,Treg cell
ATG101,0.1635213103039047,0.19260935154499625,0.088,0.079,1,Treg cell
RAB31,0.16359366109091464,0.49096980558555003,0.011,0.008,1,Treg cell
TRMT44,0.1637399253684851,0.16198448555896938,0.079,0.074,1,Treg cell
TNFRSF4,0.1638418057317077,0.9148511023093473,0.046,0.041,1,Treg cell
TBC1D22B,0.16387589710800773,0.13619962246809192,0.13,0.121,1,Treg cell
TMED8,0.164134728655448,0.16523227183571731,0.112,0.102,1,Treg cell
HSPA14,0.16414111418326321,0.1818896258797973,0.123,0.116,1,Treg cell
LYSMD3,0.1641641130870936,0.17922505209767636,0.152,0.142,1,Treg cell
BRAT1,0.16418178818590543,0.17165953425945024,0.114,0.107,1,Treg cell
GATAD1,0.1643091847953561,0.17243161082871095,0.132,0.126,1,Treg cell
TSEN2,0.16449124926035363,0.24956925511470862,0.037,0.032,1,Treg cell
GPR18,0.16449239994418893,0.25087467911318084,0.062,0.056,1,Treg cell
CFL2,0.16520577439182396,-0.10897790696888965,0.082,0.078,1,Treg cell
IPO8,0.16523272173089698,0.37230859257030746,0.217,0.206,1,Treg cell
LAMP1,0.16604519309585503,0.12387123787597004,0.363,0.352,1,Treg cell
CACNA2D4,0.16615979531608974,0.4686424740015642,0.03,0.026,1,Treg cell
GLO1,0.16634963136812278,0.19561962904746188,0.066,0.061,1,Treg cell
ADHFE1,0.1667065142741504,0.3279393994998454,0.089,0.083,1,Treg cell
EFCAB2,0.16703209179828077,0.3493924014329979,0.019,0.015,1,Treg cell
PPP6R3,0.16715233247713454,0.20336214370698008,0.324,0.309,1,Treg cell
HNRNPA0,0.16721636479266141,0.22046038845019833,0.557,0.542,1,Treg cell
TMEM164,0.1672889796091892,0.314987624328499,0.092,0.084,1,Treg cell
PELI2,0.1673450916296269,-0.26010779331169154,0.035,0.038,1,Treg cell
NTAQ1,0.16744031032588813,0.12606226927483233,0.08,0.072,1,Treg cell
SFXN1,0.16758365632236627,-0.2913930933462445,0.357,0.341,1,Treg cell
SDCCAG8,0.16793376143530234,-0.11048283308942786,0.143,0.14,1,Treg cell
TRIM16,0.1679511977898509,0.4807178330419988,0.054,0.047,1,Treg cell
HPCAL4,0.16830343796779557,0.2981336690683243,0.055,0.047,1,Treg cell
HSPH1,0.1683676299250568,0.11285539913447815,0.251,0.244,1,Treg cell
GNLY,0.16864940565566408,20.16654087904994,0.041,0.043,1,Treg cell
QSOX2,0.16878181720477647,0.19546195380607667,0.059,0.052,1,Treg cell
FAM168A,0.16905923754017477,0.361171574443664,0.16,0.151,1,Treg cell
ASXL2,0.1692988513149434,0.1777675192296269,0.341,0.327,1,Treg cell
AMPD2,0.16931053789121028,0.20620658714142248,0.135,0.124,1,Treg cell
ADM5,0.169520948943816,-0.3842200038894026,0.018,0.022,1,Treg cell
TCEAL3,0.16976120003271467,0.3052966476631518,0.028,0.024,1,Treg cell
TXNDC11,0.16998008702579478,-0.20670415049944157,0.423,0.406,1,Treg cell
CUL2,0.17015181698801013,0.12052296212809699,0.186,0.176,1,Treg cell
CYFIP1,0.17016234812062508,0.2874318544955008,0.019,0.015,1,Treg cell
FUT10,0.1701895265050338,0.2143730312859473,0.043,0.043,1,Treg cell
EFNB1,0.17042239585057065,0.4075671749848584,0.025,0.025,1,Treg cell
ELP4,0.17064636576896233,0.15875500658245967,0.121,0.113,1,Treg cell
NUP107,0.17077891253488633,0.13671233400471028,0.136,0.128,1,Treg cell
POC1B,0.1708696836029491,0.1169177806571211,0.13,0.121,1,Treg cell
RNF24,0.17101667453480343,0.1337846219011638,0.047,0.04,1,Treg cell
TLE3,0.1711875193641485,-0.16011713466719968,0.03,0.03,1,Treg cell
COASY,0.17123189806298927,0.2066457321669224,0.137,0.126,1,Treg cell
CNKSR2,0.17135453983885066,-0.20117619665679465,0.081,0.087,1,Treg cell
SART3,0.1714811271118526,0.2499084224718875,0.219,0.219,1,Treg cell
RNH1,0.1716262337797382,0.46189004676384265,0.296,0.282,1,Treg cell
ARMCX6,0.17165122455642673,0.13757578243513846,0.036,0.031,1,Treg cell
PIK3AP1,0.17165232907676564,0.3341161805537274,0.016,0.015,1,Treg cell
PXMP4,0.17192088208075992,-0.21888291092328194,0.034,0.037,1,Treg cell
ST8SIA6,0.17193504207222496,0.345462903271069,0.062,0.054,1,Treg cell
UBE4B,0.17257905352361932,0.16047246531613413,0.194,0.187,1,Treg cell
PPM1D,0.17305403592066715,0.12394494485126195,0.076,0.069,1,Treg cell
KIAA0513,0.1731312867004587,0.24349654121980002,0.045,0.042,1,Treg cell
UBB,0.17359504994758884,0.6368482969932179,0.358,0.346,1,Treg cell
RNF181,0.173749381788284,0.3183579969001653,0.034,0.029,1,Treg cell
HNRNPL,0.17393095167785194,2.7478986693349197,0.43,0.415,1,Treg cell
ATAD3B,0.17402635292728355,-0.13764965632455306,0.071,0.073,1,Treg cell
GON4L,0.174208326083479,0.11114742941887785,0.296,0.285,1,Treg cell
LCOR,0.17432434665388843,0.24122753495478239,0.281,0.267,1,Treg cell
ANKDD1A,0.17457284265075745,0.2583897759276299,0.033,0.031,1,Treg cell
MICALL1,0.1747033612440575,-0.19562294356990062,0.027,0.031,1,Treg cell
ZCCHC17,0.17481520517715182,0.12378229054149026,0.099,0.094,1,Treg cell
C15orf61,0.1748700640298241,0.268634042802947,0.121,0.118,1,Treg cell
CCDC51,0.17527140335525143,0.3725040305734062,0.018,0.016,1,Treg cell
PJVK,0.17552093422377749,-0.2206237327737428,0.013,0.013,1,Treg cell
CYB5A,0.1756897733523611,0.15064193401738368,0.062,0.055,1,Treg cell
NFKBIE,0.17569002207764503,0.24498998225789403,0.025,0.023,1,Treg cell
DAB1,0.17572503426630856,0.7553165260068067,0.011,0.008,1,Treg cell
AMT,0.17574276188399177,0.20546755118977167,0.09,0.082,1,Treg cell
TMEM119,0.1758751831005694,0.40145374094066355,0.01,0.009,1,Treg cell
COX17,0.17591482987552706,0.15430869328055907,0.141,0.13,1,Treg cell
RCC2,0.17639491824938358,0.2424875074716546,0.084,0.075,1,Treg cell
ZNF296,0.17644825967694247,0.32990703468708915,0.013,0.013,1,Treg cell
PATL1,0.17649860626926356,0.10498841378231694,0.186,0.174,1,Treg cell
MMACHC,0.17670010309294704,-0.5138034716210527,0.016,0.018,1,Treg cell
TCAIM,0.17671114629044157,0.2193763617138602,0.105,0.1,1,Treg cell
FBXO48,0.17679420068045906,0.1345645655257579,0.057,0.056,1,Treg cell
IMPA2,0.17700486155994355,0.2793577756096832,0.021,0.017,1,Treg cell
TNFRSF10D,0.17718562386970357,-0.3007088667498059,0.039,0.043,1,Treg cell
MAP3K7,0.17719654129651716,0.1321177525656355,0.249,0.236,1,Treg cell
BICRA,0.17727248884877095,0.1136478396157048,0.168,0.156,1,Treg cell
C12orf29,0.17733428805070156,0.14220805200207787,0.116,0.111,1,Treg cell
KIF5C,0.177362152026228,0.1706135259631103,0.042,0.039,1,Treg cell
TRADD,0.17736411252156328,0.20882974040248214,0.101,0.092,1,Treg cell
ZNF850,0.17751541604804927,0.20010562096921625,0.028,0.024,1,Treg cell
PLEKHM1,0.17754696317568658,0.30499226275547286,0.025,0.02,1,Treg cell
COQ7,0.17761949682197656,0.10892721403597161,0.055,0.049,1,Treg cell
SALL2,0.17765755214594667,-0.29987252182582314,0.016,0.018,1,Treg cell
PRELID1,0.17767628761567084,0.12993806201481695,0.149,0.138,1,Treg cell
GGA3,0.17790218695621915,0.1705025027491408,0.221,0.212,1,Treg cell
MAML1,0.17793154372638642,-0.1213862689014733,0.411,0.396,1,Treg cell
HELQ,0.17838043096632145,0.23680032678760446,0.253,0.242,1,Treg cell
CREG1,0.1785286169450245,0.10774156110340805,0.074,0.073,1,Treg cell
MGAT5,0.17858968347423665,2.4999382448142238,0.202,0.194,1,Treg cell
EMG1,0.17868091150670162,0.13178228189510777,0.228,0.221,1,Treg cell
GSTM3,0.1787527201208477,0.13191502300321156,0.038,0.033,1,Treg cell
CCDC47,0.1788898670460719,0.1864179398338891,0.193,0.18,1,Treg cell
PDE8A,0.17908529024241138,0.13431625280218462,0.118,0.116,1,Treg cell
DCAF6,0.17918861453292564,0.9713226885976747,0.129,0.121,1,Treg cell
PIP4P2,0.1792986050165198,0.26096424887516134,0.051,0.045,1,Treg cell
PUS3,0.17934765734783134,0.19695712831951484,0.064,0.058,1,Treg cell
TIFA,0.1793809244929361,0.15816633711625272,0.183,0.172,1,Treg cell
TIMM8B,0.17944544930844547,0.2547319785545967,0.135,0.125,1,Treg cell
PLEKHG4,0.17954116944545945,0.1947821898811446,0.052,0.046,1,Treg cell
LRRC57,0.17958874404690303,0.2408657530580609,0.147,0.143,1,Treg cell
BMP2K,0.1799798055548503,0.15432634038081572,0.039,0.033,1,Treg cell
EMSY,0.18013324643861583,0.11210090144533669,0.127,0.119,1,Treg cell
KLHL11,0.18041449586205013,-0.2355369382607293,0.026,0.029,1,Treg cell
BACH1,0.18043078055622028,0.2304924957847899,0.285,0.27,1,Treg cell
MAF1,0.18050642238029668,0.44002004983673104,0.421,0.41,1,Treg cell
YME1L1,0.1811195139665459,0.1938163910771481,0.324,0.311,1,Treg cell
RTKN2,0.18121575206194868,-1.6069911343360417,0.565,0.573,1,Treg cell
ZNF316,0.18131098232639337,0.17968009417554898,0.077,0.07,1,Treg cell
MED10,0.18133147453820284,0.14549651364557137,0.274,0.261,1,Treg cell
TNFRSF18,0.1814987425769588,0.35977776417186424,0.037,0.032,1,Treg cell
HDAC10,0.18168096255427307,0.16312354387677308,0.068,0.064,1,Treg cell
KCTD6,0.18173405049373684,0.18854382699859817,0.034,0.03,1,Treg cell
MKRN1,0.18188590330500873,0.15816424919279198,0.25,0.235,1,Treg cell
C1orf216,0.18215247083629052,0.23284117054001596,0.081,0.072,1,Treg cell
SARS2,0.18215748309463045,0.22224397273449537,0.027,0.023,1,Treg cell
GAS8,0.18251348410300988,0.4108776568332866,0.018,0.015,1,Treg cell
ZNF574,0.18264948221892394,0.12994484625267466,0.054,0.047,1,Treg cell
TMX2,0.1829685272357417,0.17685282803079466,0.263,0.252,1,Treg cell
IFT27,0.18315848026227818,0.2546712855287727,0.083,0.081,1,Treg cell
WIPF2,0.18335497945620272,0.1634294958069279,0.187,0.175,1,Treg cell
AAR2,0.18347892903070906,0.1997431205297313,0.094,0.086,1,Treg cell
ISCA2,0.1836366154094694,0.16384439199274325,0.073,0.067,1,Treg cell
MID1IP1,0.18366772316230862,0.1625662727680004,0.126,0.118,1,Treg cell
HAT1,0.18377619929375505,0.15336648382970663,0.223,0.212,1,Treg cell
CXXC5,0.18387375390018912,0.3924066399500603,0.018,0.016,1,Treg cell
OMA1,0.1841866303460862,0.174711275954745,0.222,0.216,1,Treg cell
RCBTB2,0.18429389736431642,0.16210154551175116,0.111,0.102,1,Treg cell
HIBCH,0.18439500761325225,0.24504584120852435,0.072,0.064,1,Treg cell
ZNF624,0.18447694758625555,0.24764704993290998,0.042,0.036,1,Treg cell
TUBB,0.18456821848854515,2.0113990328142863,0.144,0.133,1,Treg cell
ARIH1,0.18498189965160722,0.19481629800436628,0.264,0.252,1,Treg cell
RELL2,0.18506398733756815,-0.2184105426186802,0.042,0.047,1,Treg cell
QDPR,0.18514991940098238,0.1112604303028939,0.066,0.058,1,Treg cell
SPRYD4,0.18524405617410136,0.20109148988877834,0.083,0.076,1,Treg cell
RAB11FIP2,0.18572339455221043,0.13032698995212,0.221,0.221,1,Treg cell
PIK3R4,0.18587011309130141,0.12002471332140341,0.147,0.141,1,Treg cell
TRIM11,0.18608887115029246,0.18844164256256302,0.098,0.094,1,Treg cell
DUSP6,0.18612021725437436,1.002545107199662,0.03,0.026,1,Treg cell
ACSL1,0.18643780571551302,0.10377500885974111,0.06,0.054,1,Treg cell
PSMD2,0.18650149816979456,0.17543406616408896,0.132,0.122,1,Treg cell
TIMM17B,0.18655471976775248,-0.1259900487995642,0.046,0.047,1,Treg cell
LIG1,0.18656027710884668,-0.13043269778781452,0.152,0.159,1,Treg cell
SRD5A1,0.18687234723322266,0.17301418907308852,0.055,0.049,1,Treg cell
CLIC5,0.18700438156775523,0.3787465771724161,0.034,0.028,1,Treg cell
MITD1,0.18706481491586457,0.2590975046501827,0.215,0.203,1,Treg cell
TUBA1C,0.18707026937787036,9.472211088682315,0.098,0.089,1,Treg cell
SLC4A2,0.18722947910644405,0.2530115368864836,0.044,0.038,1,Treg cell
GM2A,0.18726385787640365,0.3504992415150965,0.038,0.034,1,Treg cell
TCEA2,0.18726870663699452,-0.17107082882619196,0.06,0.067,1,Treg cell
ICE2,0.187296763302053,0.12687234975437267,0.098,0.09,1,Treg cell
FAM133B,0.18750956049789852,0.11360002628411747,0.141,0.131,1,Treg cell
OSM,0.1875198256020427,0.22508137950594254,0.015,0.012,1,Treg cell
FBXW11,0.1875437411813103,0.12750277144620137,0.086,0.078,1,Treg cell
URM1,0.1879707056558649,0.11087077179115146,0.128,0.119,1,Treg cell
PLAA,0.1881144801540238,0.15259694933720314,0.173,0.162,1,Treg cell
PCBP2,0.1882720358080193,0.12522276847425617,0.084,0.076,1,Treg cell
SIRT6,0.18838030312276752,0.17884034702819074,0.066,0.059,1,Treg cell
DNAJA2,0.18869446231234424,0.31396739362866033,0.361,0.357,1,Treg cell
YWHAQ,0.18874293699955622,0.3897505752789517,0.186,0.177,1,Treg cell
RDH5,0.18877403131836068,-0.2552384794264766,0.013,0.014,1,Treg cell
USP7,0.18898724188964428,0.12079742770469015,0.226,0.212,1,Treg cell
NAA16,0.18911427436997225,0.20942286908787971,0.26,0.252,1,Treg cell
PRELID3B,0.1894744166230858,0.11462777758640308,0.141,0.132,1,Treg cell
NAPEPLD,0.18965674099432292,0.15082192567291353,0.079,0.073,1,Treg cell
ABCE1,0.19034154768458927,0.10931541967711167,0.193,0.183,1,Treg cell
KLHL18,0.19039405483633345,-0.14514733180623596,0.064,0.067,1,Treg cell
MGA,0.19065754290264147,0.10831705788351542,0.246,0.234,1,Treg cell
C2orf68,0.1907144727245902,0.2354022490475542,0.25,0.237,1,Treg cell
KLHL34,0.1908253510941387,0.30070147435626726,0.019,0.015,1,Treg cell
KCTD18,0.19083622964373745,-0.25325419211037126,0.05,0.051,1,Treg cell
LRFN4,0.19084684409061306,0.38966457621845496,0.024,0.02,1,Treg cell
TMEM192,0.1909663822055208,0.19643311021273568,0.056,0.05,1,Treg cell
THRA,0.19109111196630085,0.11931406119436949,0.173,0.164,1,Treg cell
ZZZ3,0.1912487581498383,0.1145572378851295,0.191,0.182,1,Treg cell
ZNF564,0.19185439969990795,0.24338551265834418,0.038,0.033,1,Treg cell
ZCWPW2,0.19192508284869209,0.558552945401269,0.011,0.009,1,Treg cell
SLC44A1,0.19213715031426942,-0.12927591235091862,0.061,0.06,1,Treg cell
FAHD1,0.1924171642746542,0.3623751899862926,0.026,0.022,1,Treg cell
UBXN1,0.19277599699220885,-0.522064569188958,0.357,0.343,1,Treg cell
FCHO1,0.19288345232901954,0.24614345523526338,0.209,0.206,1,Treg cell
ZNF670,0.19293351920356927,-0.18580389129646502,0.015,0.018,1,Treg cell
NEU1,0.19310597426448525,0.21027765969842394,0.049,0.043,1,Treg cell
CCDC43,0.19337123029546086,0.26255874882216457,0.081,0.073,1,Treg cell
GTDC1,0.19339089620984704,0.2049480884236372,0.071,0.063,1,Treg cell
COQ3,0.19344845619785947,0.28928045557223836,0.026,0.022,1,Treg cell
SELENOK,0.19350851617327428,0.21320221936218592,0.334,0.32,1,Treg cell
PIK3C2B,0.1938598277522305,0.2518834742392775,0.055,0.053,1,Treg cell
TSFM,0.19388731865432343,0.15013688813533843,0.122,0.113,1,Treg cell
SRRM1,0.19400379239614265,-0.10149615722847927,0.412,0.399,1,Treg cell
ITPA,0.1940051004475406,0.23421965724240623,0.121,0.114,1,Treg cell
ZBED4,0.1942108583929549,0.12307868460464033,0.141,0.131,1,Treg cell
CC2D1B,0.1943869565273025,0.1122591967002946,0.124,0.114,1,Treg cell
POLR2E,0.1945106034315585,0.18686583482571173,0.066,0.058,1,Treg cell
CHTF8,0.19475748166331613,-0.10169062634562298,0.024,0.023,1,Treg cell
PLXNA1,0.1950401211618435,0.15471413770613562,0.021,0.018,1,Treg cell
METTL23,0.19519665947564216,-0.3161067544894509,0.371,0.363,1,Treg cell
HIRA,0.19541162285498373,0.140383395214577,0.157,0.149,1,Treg cell
TTC5,0.19571148088952525,0.14304005004807818,0.112,0.106,1,Treg cell
ZBTB7A,0.19603113271559244,0.24862713896254074,0.402,0.389,1,Treg cell
KDM2B,0.19625911440873467,0.3506810708166747,0.292,0.279,1,Treg cell
WDPCP,0.19627255428094914,0.11055232564760864,0.043,0.037,1,Treg cell
MINDY3,0.19636061666158108,0.1380421931803617,0.173,0.163,1,Treg cell
ULK4,0.1965507657737711,0.1542369499582974,0.175,0.164,1,Treg cell
ABCA2,0.19677776117707488,0.21718409468339583,0.18,0.166,1,Treg cell
LAMTOR5,0.19716593539177285,0.19866413338879685,0.11,0.104,1,Treg cell
SSH3,0.1972231223805942,-0.11701962802803445,0.032,0.033,1,Treg cell
RDH14,0.19726824666375575,0.1874705667841725,0.142,0.139,1,Treg cell
SDAD1,0.19734566233653586,0.128875124213909,0.142,0.133,1,Treg cell
HYOU1,0.1973632796507627,0.3639723376787851,0.155,0.145,1,Treg cell
FAM120B,0.19811331684787684,-0.11804244516569118,0.162,0.168,1,Treg cell
PDE4B,0.198168526102962,-0.7659405905159999,0.352,0.343,1,Treg cell
ZNF530,0.19821560162402477,-0.23141196691015242,0.022,0.025,1,Treg cell
FIP1L1,0.19827207332963506,0.1308047076952224,0.302,0.289,1,Treg cell
SLC25A14,0.19834661861749844,-0.26119724482418416,0.021,0.024,1,Treg cell
POLR2F,0.19840499387423546,0.14323337610623987,0.056,0.049,1,Treg cell
EIF4G2,0.19842209908202785,0.1536258611620105,0.152,0.143,1,Treg cell
INO80E,0.19843561626030964,0.31886605714059957,0.346,0.336,1,Treg cell
PCK2,0.19849677039411284,0.2409789065447372,0.066,0.061,1,Treg cell
KIAA1671,0.19879787841667815,0.5094729788238208,0.01,0.007,1,Treg cell
MIS12,0.19883672741281433,0.17619556153933225,0.099,0.094,1,Treg cell
KRT10,0.19892381256036143,-0.11292744134007426,0.034,0.038,1,Treg cell
SEC23B,0.1991921574341273,0.1427631706810759,0.138,0.129,1,Treg cell
ASCC1,0.199208137086128,0.2474138573849407,0.113,0.107,1,Treg cell
POMT2,0.19927583927083467,0.4757148776869933,0.01,0.007,1,Treg cell
MTX3,0.19932293733595008,0.2050163814194207,0.176,0.166,1,Treg cell
RNF114,0.19932414717164487,0.1410900026208597,0.293,0.288,1,Treg cell
RNF212,0.19940279167404706,-0.3477173565565801,0.014,0.018,1,Treg cell
YTHDF3,0.1994995492307141,0.1406731559234482,0.269,0.257,1,Treg cell
RBM10,0.19987611096874808,0.24246735553173582,0.122,0.113,1,Treg cell
TNKS1BP1,0.20044585379103777,0.2613478560424216,0.035,0.03,1,Treg cell
RASGRF2,0.20057620463609635,0.29291043050969146,0.088,0.084,1,Treg cell
PRKAR1B,0.20061321278962393,0.3181844063757615,0.053,0.052,1,Treg cell
SPTY2D1,0.20062216861789073,0.6000414606805166,0.137,0.127,1,Treg cell
HCN2,0.2011981206222208,0.29004629184349806,0.027,0.022,1,Treg cell
PIDD1,0.20130190818706695,-0.18436712297344116,0.018,0.021,1,Treg cell
TFEB,0.20136764190387219,0.12811419635374177,0.059,0.053,1,Treg cell
PPFIBP1,0.2016103043092249,-0.5797345091440529,0.03,0.026,1,Treg cell
VPS35,0.20178366463440917,0.1280540801770098,0.162,0.153,1,Treg cell
ZBTB18,0.20198514222610378,-0.15115711786537844,0.155,0.154,1,Treg cell
GNPTAB,0.2021574700585073,0.2133388894672642,0.203,0.191,1,Treg cell
FOXRED2,0.20221129414010253,0.44759006917055455,0.016,0.013,1,Treg cell
ENSA,0.20226240018393382,0.3216709507854074,0.244,0.235,1,Treg cell
C3orf14,0.20250877596536923,0.5345576994065366,0.018,0.014,1,Treg cell
ARHGEF35,0.20257269760597965,0.13178481909325424,0.01,0.008,1,Treg cell
METRN,0.2026201539049933,-0.12879817252008063,0.015,0.018,1,Treg cell
ESD,0.20299065061034,0.6431542475354869,0.241,0.231,1,Treg cell
INPP4B,0.20375525736452896,-2.7739109893590355,0.026,0.03,1,Treg cell
MTERF3,0.20405463507810215,0.19516363827335992,0.08,0.073,1,Treg cell
ENOX2,0.20406580318972678,0.5065921645862297,0.075,0.072,1,Treg cell
DYNC1LI2,0.20407004926873232,-0.12303895357599337,0.213,0.2,1,Treg cell
FBXL8,0.204183204651987,0.3150655568407865,0.028,0.023,1,Treg cell
BLTP3A,0.20418624682404832,-0.1166630833892146,0.046,0.051,1,Treg cell
NACC2,0.2044097121554195,0.16268686617070705,0.04,0.04,1,Treg cell
MSMO1,0.20449098451444972,0.2939479354452246,0.075,0.069,1,Treg cell
TSHZ2,0.2045059687783891,-0.44565429137953905,0.127,0.117,1,Treg cell
FMR1,0.2046391900251362,0.24600083065736766,0.293,0.279,1,Treg cell
SASS6,0.20467730662996686,0.320363987241175,0.053,0.047,1,Treg cell
FAAP24,0.20472898931755926,0.3555013820105817,0.011,0.009,1,Treg cell
PPP2CB,0.2048540870543932,-0.20041190636430617,0.018,0.019,1,Treg cell
MLX,0.20528903293367007,-1.046801910551698,0.234,0.224,1,Treg cell
CANT1,0.20532256330736312,0.2683178743902741,0.132,0.123,1,Treg cell
RFX8,0.20542787208896324,0.37750210046548727,0.012,0.009,1,Treg cell
ATG9B,0.20554616481311355,-0.40376589003348595,0.008,0.01,1,Treg cell
NOD2,0.20554971237979594,0.22801182310760826,0.044,0.041,1,Treg cell
DYNLT1,0.20555374862109038,-0.18861084971497033,0.266,0.269,1,Treg cell
SMIM13,0.2056033482513128,0.1617979079258327,0.039,0.034,1,Treg cell
MS4A1,0.205772005180425,4.165088227356844,0.011,0.014,1,Treg cell
DUS2,0.20582917471843346,0.12862526111804318,0.036,0.032,1,Treg cell
PLEKHA3,0.2059837234548618,0.20009953303183292,0.207,0.207,1,Treg cell
DHX9,0.2059946409636166,0.37974743544113687,0.384,0.381,1,Treg cell
CCDC115,0.20602464855509264,-0.33947814841289126,0.188,0.178,1,Treg cell
CZIB,0.20621910945372024,0.28039077235646515,0.184,0.177,1,Treg cell
PCNT,0.20629219888696565,0.26644039206991543,0.189,0.178,1,Treg cell
ADCY7,0.20630373339106942,0.15374640510210025,0.086,0.078,1,Treg cell
DALRD3,0.20634128523187995,0.36365777059376914,0.1,0.092,1,Treg cell
ILK,0.20640429990125034,0.15330396998232154,0.114,0.105,1,Treg cell
MON1B,0.20643468628116426,0.11678093827954728,0.181,0.17,1,Treg cell
ANXA7,0.2065582841072205,0.1729724541285862,0.358,0.342,1,Treg cell
DCXR,0.2067991415922264,0.298765647221041,0.211,0.2,1,Treg cell
HSF5,0.20682128400846894,0.22004954639046703,0.049,0.048,1,Treg cell
RNF19A,0.20724447903596516,0.17383587541142936,0.293,0.279,1,Treg cell
FXYD1,0.207260092655639,0.12381241996145187,0.046,0.041,1,Treg cell
HAGH,0.20731746956318006,0.1301279201311435,0.201,0.191,1,Treg cell
KRT18,0.20752072642714467,0.2966746869315662,0.013,0.01,1,Treg cell
PTGER2,0.20780537035220883,-1.1246784734252486,0.257,0.259,1,Treg cell
ELAPOR1,0.20784321428037442,-0.23409238432735702,0.113,0.105,1,Treg cell
MARK4,0.20793981422458518,-0.18426770802546155,0.034,0.034,1,Treg cell
TBC1D20,0.2082486288998395,0.15655689259926853,0.201,0.189,1,Treg cell
RNFT2,0.20845533983691816,0.4100125462334421,0.025,0.022,1,Treg cell
C17orf75,0.20846159456821076,-0.16702194263764225,0.06,0.064,1,Treg cell
ZNF138,0.20849824282382973,0.11530089530038223,0.14,0.135,1,Treg cell
NPR2,0.20852405224581005,-0.35431645272324186,0.013,0.015,1,Treg cell
PAOX,0.20948593753325076,0.24787096424335164,0.04,0.036,1,Treg cell
DOCK9,0.20961639390026846,0.1016795311553309,0.295,0.282,1,Treg cell
KIFC2,0.20965582691556922,-0.2762310189631507,0.031,0.035,1,Treg cell
ZNF770,0.2098445009977424,0.13582906924479277,0.101,0.094,1,Treg cell
UAP1,0.2100291438003081,0.183414630588437,0.088,0.085,1,Treg cell
NOL9,0.21034872643251673,0.17479426050050728,0.175,0.163,1,Treg cell
MS4A7,0.21060914916292303,-0.44432694548827456,0.01,0.009,1,Treg cell
DNAL4,0.21083490504810765,-0.26077716302458587,0.042,0.044,1,Treg cell
ACSF2,0.2111042600283951,0.18848271184658927,0.036,0.031,1,Treg cell
UBE2V2,0.2112742374344538,0.16029022856190744,0.041,0.036,1,Treg cell
CDK5,0.2113723901088307,0.2727949857795853,0.026,0.022,1,Treg cell
TMCO3,0.21149134589996066,0.2819016213649279,0.074,0.067,1,Treg cell
SATB1,0.21158645798872425,2.830210697308491,0.408,0.414,1,Treg cell
AKT1,0.21199189465594176,0.14316542684441447,0.278,0.265,1,Treg cell
FRS3,0.21200779698387823,0.32123360565494563,0.037,0.033,1,Treg cell
C12orf42,0.21201942911072108,-0.20212066362206116,0.05,0.053,1,Treg cell
B3GALT2,0.21226569971048534,3.0464657513414863,0.011,0.014,1,Treg cell
TOR1AIP2,0.21235184379106684,-0.1791972977579217,0.128,0.129,1,Treg cell
RNASEL,0.21238301202938317,0.21201225214814823,0.086,0.079,1,Treg cell
NIPSNAP2,0.2124239462343156,0.22191929052064308,0.131,0.123,1,Treg cell
VPS29,0.21268410397475485,0.13437439285539776,0.032,0.031,1,Treg cell
RNF111,0.21268697190472238,0.3413476966876966,0.269,0.261,1,Treg cell
NUP214,0.21277903676101326,0.18655750183015396,0.118,0.11,1,Treg cell
GPN1,0.21293503975918865,0.21710614166201303,0.106,0.097,1,Treg cell
TMEM45B,0.2129510453343441,-0.11232693488345458,0.026,0.025,1,Treg cell
APIP,0.21307213298701388,0.22277951873364676,0.118,0.112,1,Treg cell
C5orf24,0.21310375620344513,0.1480180346647504,0.164,0.153,1,Treg cell
SEPTIN11,0.21314446825184385,1.3747186664868516,0.157,0.148,1,Treg cell
ZNF385A,0.2131974570651794,-0.2991157567184617,0.008,0.01,1,Treg cell
MED19,0.2132427650178661,0.26266469241001156,0.044,0.042,1,Treg cell
DHRS11,0.21327461347684282,0.22379413852197683,0.016,0.016,1,Treg cell
CDH24,0.21398178037004584,0.4983059008462334,0.01,0.008,1,Treg cell
SLC38A9,0.21400664277526937,0.12425053629398608,0.124,0.114,1,Treg cell
RSAD2,0.21401990755033645,2.705277731681469,0.01,0.011,1,Treg cell
KATNB1,0.21414780038121842,0.11886179248025286,0.056,0.05,1,Treg cell
PIGW,0.2142348399295239,-0.16376535250716984,0.036,0.036,1,Treg cell
SPIDR,0.21426672588548445,0.1004614730130704,0.103,0.094,1,Treg cell
ZNF362,0.21430623285160608,0.1757092868901411,0.134,0.124,1,Treg cell
STARD3NL,0.21447105736125807,0.17821687256532526,0.091,0.084,1,Treg cell
FUBP3,0.21463422643768884,0.12979670937693077,0.198,0.188,1,Treg cell
HMCN1,0.21488056749464673,0.1750872042922733,0.011,0.011,1,Treg cell
KCNJ14,0.2149721398892471,-0.2688588460100947,0.009,0.012,1,Treg cell
OPA1,0.21511268919537424,0.34359497325551375,0.246,0.236,1,Treg cell
AMD1,0.21511706123014215,-0.4763175532988133,0.255,0.248,1,Treg cell
WASL,0.21534143368755668,0.1514723867492025,0.099,0.093,1,Treg cell
ICA1L,0.21539419747430866,-0.16081607809606524,0.014,0.014,1,Treg cell
RNF135,0.21542796088137076,0.3460316683458995,0.011,0.008,1,Treg cell
IDH1,0.21572936433509693,0.2916555194988075,0.047,0.044,1,Treg cell
SRM,0.215921632315123,0.21553935046399775,0.17,0.163,1,Treg cell
GNB1,0.2161981340586082,-0.18521347198509985,0.349,0.339,1,Treg cell
OPN3,0.2163925968918056,0.28699679262780187,0.028,0.025,1,Treg cell
EXOG,0.2165615824724579,0.2840380033171508,0.013,0.012,1,Treg cell
CMIP,0.2166562465794071,0.495861327471546,0.246,0.232,1,Treg cell
MZT1,0.2169128319538166,0.275294221269194,0.15,0.143,1,Treg cell
MSL1,0.21695250100323793,0.1190657824892869,0.483,0.468,1,Treg cell
BLVRA,0.21703813491210827,0.25877929229302477,0.084,0.076,1,Treg cell
N4BP2,0.21704772898191085,-0.11047748734190985,0.232,0.22,1,Treg cell
NOLC1,0.2171744023810432,0.13513383349644092,0.106,0.099,1,Treg cell
SYTL3,0.2174922534175756,0.24961927266303574,0.084,0.077,1,Treg cell
RAE1,0.2176932588766343,0.1826360558255229,0.129,0.125,1,Treg cell
PLCL1,0.21797985272775883,0.6427367995672939,0.315,0.305,1,Treg cell
EFHC1,0.21814914186588116,-0.3443071939426914,0.022,0.021,1,Treg cell
ABHD16A,0.21817098744085875,0.17105577336894995,0.103,0.096,1,Treg cell
NOL12,0.21852585300268842,0.15711560231441757,0.183,0.172,1,Treg cell
DDX59,0.2188540412992094,0.15240166003400246,0.22,0.21,1,Treg cell
PPP2R5B,0.2188787507755329,0.17015480359109336,0.04,0.034,1,Treg cell
CDKN2C,0.21898477297372332,-0.2545144116958187,0.049,0.043,1,Treg cell
FOXRED1,0.21920211173267065,0.26006191937130074,0.055,0.053,1,Treg cell
H1-10,0.2192885483935911,5.903649571571229,0.622,0.609,1,Treg cell
CNOT3,0.21965156016187215,0.17735533918847501,0.054,0.049,1,Treg cell
LMTK3,0.21971026048207565,-0.14185930316727813,0.032,0.032,1,Treg cell
RAD23A,0.21971568290725985,0.1188970705162741,0.262,0.255,1,Treg cell
STX12,0.2197878147320791,0.15877287504795223,0.101,0.094,1,Treg cell
SNTA1,0.21979560793255673,0.2837743157459016,0.031,0.026,1,Treg cell
PYROXD2,0.2198364529608604,0.19163726714574336,0.041,0.041,1,Treg cell
FAM13B,0.21988923329775695,0.14192324480664642,0.28,0.271,1,Treg cell
TXK,0.21991076330448256,0.2184003873688225,0.263,0.255,1,Treg cell
SMARCD3,0.22002803629571327,0.3430300863043234,0.01,0.008,1,Treg cell
NDUFAF3,0.22029697885220292,0.18380738864777812,0.185,0.178,1,Treg cell
RFK,0.22042299632401155,-0.14733903537064474,0.064,0.07,1,Treg cell
LIN52,0.2205155438028872,-0.1810620628985955,0.035,0.035,1,Treg cell
UVRAG,0.22061568748430258,0.12373077368070873,0.126,0.116,1,Treg cell
RARS1,0.22061781979962616,0.13828918840518661,0.241,0.232,1,Treg cell
C3orf62,0.22065643382474495,0.19288283730205702,0.027,0.023,1,Treg cell
EXOC6B,0.22086572256174694,0.10229199384650833,0.159,0.147,1,Treg cell
ACAT2,0.22091913303240057,0.10854849907554032,0.089,0.083,1,Treg cell
TIMM17A,0.2210492527009257,0.11317210885378626,0.159,0.149,1,Treg cell
METTL13,0.22106959917810817,0.17619129564870795,0.135,0.127,1,Treg cell
PAIP2,0.22111212209930414,0.19607100213508843,0.173,0.162,1,Treg cell
ANKRD26,0.22126938757840375,0.10000319908674205,0.14,0.131,1,Treg cell
DHRS12,0.22131093220592318,0.1585863787325139,0.15,0.141,1,Treg cell
RAB28,0.2219381593624571,0.13892458341779257,0.081,0.074,1,Treg cell
DICER1,0.22195725402615935,-0.12377265285708872,0.311,0.299,1,Treg cell
CCNI2,0.22203688663093535,0.18773785214202343,0.032,0.028,1,Treg cell
IGKC,0.22208023766208548,77.77141897600347,0.065,0.065,1,Treg cell
ATXN2,0.22209521320554818,0.12982668797315636,0.26,0.252,1,Treg cell
PAFAH2,0.2221195481940644,0.12687612816221527,0.068,0.064,1,Treg cell
NUP54,0.22226082058847924,0.2228693509375228,0.209,0.198,1,Treg cell
BBS9,0.22252354268296776,0.47031953091518813,0.201,0.192,1,Treg cell
KIF21B,0.22285420282743948,0.1918347532732838,0.255,0.244,1,Treg cell
KANTR,0.2236396924385409,0.20696957700693286,0.024,0.02,1,Treg cell
STMN3,0.22382630338041168,0.16045152938619034,0.124,0.116,1,Treg cell
DDX54,0.22402640384455327,0.27573742769162074,0.226,0.214,1,Treg cell
RNF144B,0.22425832584920277,0.2936890852799259,0.013,0.011,1,Treg cell
CAAP1,0.22438638453734852,0.13016839192363205,0.098,0.091,1,Treg cell
PLXDC1,0.224525979559571,-0.3195251606909344,0.029,0.025,1,Treg cell
LRBA,0.2246877261430049,-0.21745926922376047,0.631,0.615,1,Treg cell
ZNF133,0.22490293371542397,0.22573634208045013,0.061,0.055,1,Treg cell
GPR137,0.22507021902808255,0.201849364726169,0.041,0.035,1,Treg cell
ATF1,0.22507577356535233,0.14586318471146287,0.164,0.156,1,Treg cell
LSM14B,0.22522619514851722,0.10444671536426442,0.196,0.19,1,Treg cell
SOCS3,0.22536793802451346,-0.8171123691774609,0.095,0.089,1,Treg cell
DNAJC1,0.22571456412705537,0.12366068429493127,0.099,0.091,1,Treg cell
KDELR2,0.2257171413816829,-0.12262685659914441,0.051,0.057,1,Treg cell
BRICD5,0.22577454785977807,-0.2891112347521867,0.014,0.016,1,Treg cell
PRMT1,0.2259732304182074,0.14548114957880287,0.086,0.079,1,Treg cell
KSR1,0.22622451815783368,0.2542344645258314,0.115,0.107,1,Treg cell
H2AZ1,0.22642933377411542,-9.662529782797774,0.176,0.166,1,Treg cell
DEF8,0.22661556865125082,0.2616991119939849,0.01,0.009,1,Treg cell
PSEN1,0.22692259982210516,0.3108712785426548,0.248,0.24,1,Treg cell
FMN1,0.22707255895139536,-1.9186736451983741,0.059,0.059,1,Treg cell
GGCT,0.22708385078328847,0.2087124451173934,0.076,0.069,1,Treg cell
ZNF584,0.22718091670304164,0.3482233863669686,0.012,0.009,1,Treg cell
C1orf43,0.22725469767772202,0.1466203913095787,0.176,0.165,1,Treg cell
HLF,0.22732438341453431,0.550033182060969,0.014,0.011,1,Treg cell
SDHAF3,0.2273995962022441,0.11932998551049878,0.111,0.103,1,Treg cell
DDRGK1,0.22740598270962534,0.17994055319554814,0.215,0.204,1,Treg cell
PPP2R2B,0.2276233203190137,0.2333979501138459,0.046,0.045,1,Treg cell
INPP1,0.22782720032711493,-4.039286282391086,0.054,0.056,1,Treg cell
TOR4A,0.22787178938377678,0.23258477142001777,0.037,0.032,1,Treg cell
SLC27A5,0.22787993008894672,0.3519643778882031,0.036,0.034,1,Treg cell
CHI3L2,0.22852599171762367,0.8660047502141297,0.027,0.024,1,Treg cell
TRPM7,0.22856845293680772,0.507982907950024,0.337,0.334,1,Treg cell
EXOSC1,0.22918910531198936,0.14496235970529803,0.155,0.144,1,Treg cell
DGKE,0.2292285787438653,0.13721443948888368,0.174,0.165,1,Treg cell
MED1,0.2293809782170271,0.1420753460871052,0.239,0.233,1,Treg cell
ARSK,0.2294782715765815,0.14841060428736963,0.017,0.014,1,Treg cell
SLC25A6,0.22983729106734072,0.19086022269418645,0.053,0.047,1,Treg cell
CDK16,0.23015148453461892,0.16770683437092426,0.13,0.126,1,Treg cell
APBA2,0.23019827245652022,0.24081156968303818,0.086,0.09,1,Treg cell
TCF3,0.23038359749671275,0.13888627159271327,0.14,0.139,1,Treg cell
WDR18,0.23048353539399463,0.18142845528659812,0.099,0.094,1,Treg cell
CHCHD4,0.23052494998903114,0.1900623820335885,0.04,0.035,1,Treg cell
SPTSSA,0.23081946366309594,0.10437653391652413,0.078,0.07,1,Treg cell
RASA2,0.2311491288596669,0.16900160424674793,0.545,0.535,1,Treg cell
BUB1,0.2312634552832946,8.72058154527398,0.025,0.022,1,Treg cell
NT5C3A,0.2316524814809405,0.2944635252273202,0.182,0.173,1,Treg cell
ATP6V1FNB,0.2317657394049472,-0.4741766636500069,0.011,0.013,1,Treg cell
C4orf46,0.23186991013383754,-0.10232994167878484,0.015,0.014,1,Treg cell
MTX2,0.2318996731376035,0.26951239162362284,0.113,0.106,1,Treg cell
IGSF8,0.23192356095973737,0.17002315995193418,0.184,0.173,1,Treg cell
HDAC11,0.23193474677517412,-0.2696514867958708,0.014,0.015,1,Treg cell
DOHH,0.23198324938761603,-0.2030867774759315,0.043,0.043,1,Treg cell
C15orf39,0.23198462721092747,0.1031774521579738,0.098,0.09,1,Treg cell
PLSCR1,0.2322219813206145,0.3529063575793452,0.051,0.057,1,Treg cell
DMAC2,0.23265471008752864,0.12240862051269907,0.084,0.076,1,Treg cell
ZNF324,0.23267832036339375,0.1620540395692256,0.062,0.056,1,Treg cell
PACRGL,0.23287248128562804,0.15232140244791958,0.063,0.057,1,Treg cell
DUSP11,0.23293477103817212,0.15254971929217587,0.405,0.392,1,Treg cell
FICD,0.23302207099756292,0.10700195452549988,0.016,0.014,1,Treg cell
HELZ2,0.23303781436955137,0.14731520422606792,0.146,0.14,1,Treg cell
GCH1,0.23331454358863107,0.1329097565482793,0.077,0.069,1,Treg cell
TMX3,0.23350474678751984,0.2330452628366455,0.152,0.148,1,Treg cell
TMEM205,0.23358477775466796,0.1456052546511546,0.087,0.08,1,Treg cell
SLC29A1,0.2336352194451366,-0.18098758543896754,0.011,0.011,1,Treg cell
ADAM17,0.23369048328562408,-0.11076904970875723,0.139,0.13,1,Treg cell
NCDN,0.23377552525011122,0.2720188275996218,0.074,0.069,1,Treg cell
CACNA1I,0.2339746489983168,-0.26160767296633614,0.072,0.066,1,Treg cell
NIF3L1,0.23422075606844275,0.22794124295885787,0.088,0.081,1,Treg cell
TMEM30B,0.23455957693874438,-0.30928555729371165,0.008,0.01,1,Treg cell
SSNA1,0.2349327333215084,0.10831852740548809,0.129,0.123,1,Treg cell
CDCA7L,0.23501833552171097,0.34650421005276066,0.066,0.072,1,Treg cell
PLEKHA2,0.23507754546602672,0.11967633966484292,0.207,0.195,1,Treg cell
RREB1,0.23508156759522889,0.1447324938168819,0.089,0.083,1,Treg cell
TMED5,0.2352491343950079,0.898746572017548,0.332,0.318,1,Treg cell
PCMTD1,0.23542975882422396,0.5460074162349349,0.726,0.715,1,Treg cell
IKZF4,0.23575037098426435,0.16022437814337254,0.08,0.074,1,Treg cell
PTTG1,0.23592045242313323,1.011376566170569,0.066,0.062,1,Treg cell
SNX21,0.23606712914004277,-0.25038987379525324,0.008,0.01,1,Treg cell
ABHD8,0.23611743992800047,-0.14509111824228382,0.028,0.032,1,Treg cell
HSPA1A,0.2367572421875622,0.14514624168063106,0.059,0.053,1,Treg cell
HIP1,0.23697049201993295,0.38546877697023163,0.016,0.014,1,Treg cell
ZDHHC4,0.23699283626369808,0.2171544465716324,0.083,0.077,1,Treg cell
NFXL1,0.2371993346471614,0.17094606679420732,0.116,0.107,1,Treg cell
CARS1,0.2372445203196143,0.30083256051915974,0.024,0.021,1,Treg cell
ALDH1B1,0.2377824202493055,0.41092819851306306,0.02,0.017,1,Treg cell
ANKRD40,0.2379231538382255,0.15059508879842132,0.139,0.132,1,Treg cell
IL6ST,0.2379596077899469,11.152878004006404,0.431,0.445,1,Treg cell
ZNF346,0.2380975532353019,0.1516564603277657,0.125,0.116,1,Treg cell
EEF1B2,0.2381037881786908,3.0778989350557397,0.742,0.731,1,Treg cell
MCM4,0.23829844554762675,0.36430105261664814,0.064,0.065,1,Treg cell
ATF6B,0.23841216376109578,0.23326387750480437,0.292,0.285,1,Treg cell
GTF2E1,0.23848743203202527,0.21741845023042394,0.082,0.076,1,Treg cell
CRYGS,0.23892072271949785,0.1361962937526111,0.038,0.036,1,Treg cell
SCART1,0.23911049321660682,3.204202349270706,0.028,0.025,1,Treg cell
MOSMO,0.23951572910932714,0.17229493613469393,0.105,0.097,1,Treg cell
YPEL5,0.23983578409015202,0.13055579700722575,0.476,0.458,1,Treg cell
INPP5F,0.23986331302207642,0.9042165015842238,0.236,0.23,1,Treg cell
LXN,0.24010719396597077,0.3541433163756289,0.084,0.08,1,Treg cell
C11orf68,0.24010744405775544,0.177877018967606,0.201,0.191,1,Treg cell
GANC,0.24028830267140158,0.12545552437316865,0.181,0.171,1,Treg cell
YTHDF2,0.24038085873786605,0.10654984164434814,0.333,0.326,1,Treg cell
USB1,0.24056679507097584,0.14129211041156675,0.114,0.107,1,Treg cell
CCDC134,0.24170146940686604,0.1418083164580255,0.113,0.106,1,Treg cell
XPOT,0.24176953362190245,0.15444889894093183,0.128,0.121,1,Treg cell
CWC27,0.24189411247572049,0.14525837452383228,0.214,0.204,1,Treg cell
DHX16,0.2419611896321132,0.12759223355036164,0.176,0.167,1,Treg cell
TRAPPC2L,0.2420604242492709,0.11468471955703419,0.156,0.148,1,Treg cell
TGOLN2,0.2422359569370536,-0.9796168057098491,0.705,0.694,1,Treg cell
DLG2,0.24227983578558326,0.3661592549823469,0.013,0.011,1,Treg cell
FOS,0.24229852985413808,-4.038096826779866,0.11,0.105,1,Treg cell
C5AR1,0.24278248633021243,0.11610011670602027,0.01,0.011,1,Treg cell
RDH13,0.2429702673496462,-0.21092962460804632,0.063,0.065,1,Treg cell
GEMIN6,0.24309127021353563,0.15919492321382167,0.059,0.057,1,Treg cell
SERPINB8,0.24314159422595125,0.17737974267257117,0.052,0.047,1,Treg cell
LRRC47,0.24331287064987808,0.11444721035656003,0.195,0.184,1,Treg cell
NOPCHAP1,0.24343413734156394,-0.14372904291690292,0.061,0.066,1,Treg cell
IPO13,0.24345606765442218,0.218071164256755,0.047,0.043,1,Treg cell
BIVM,0.24358577939886913,0.2858749138325547,0.065,0.058,1,Treg cell
TGS1,0.24378288829468617,0.16093827916622538,0.229,0.229,1,Treg cell
MT-ND4,0.24398417285483143,-21.46845595648373,0.794,0.802,1,Treg cell
FCGBP,0.24405977579426893,0.4149095416494113,0.036,0.039,1,Treg cell
STON1,0.24417877460846218,0.3211047759847654,0.013,0.011,1,Treg cell
PBLD,0.24418871223442157,0.36813433743892787,0.011,0.008,1,Treg cell
PCID2,0.24427245739873651,0.2465653822484596,0.255,0.245,1,Treg cell
RNF215,0.24427509488736895,0.24281056073642304,0.023,0.02,1,Treg cell
CKAP5,0.2444866837748078,0.1622959088950946,0.16,0.15,1,Treg cell
BRD3OS,0.24485609534424277,0.19654162565594469,0.074,0.069,1,Treg cell
FAM76A,0.24516073654856935,0.12519364318397486,0.088,0.082,1,Treg cell
MSRB2,0.24520561603055194,0.30232740331745456,0.036,0.033,1,Treg cell
NAB2,0.24549693267994574,0.3208830726581118,0.043,0.039,1,Treg cell
PFDN5,0.2455954902856659,-1.1152597012966408,0.539,0.526,1,Treg cell
ATPSCKMT,0.2459841865887894,0.14272156540582603,0.092,0.085,1,Treg cell
LAP3,0.2461208610239618,0.2114036284478733,0.114,0.105,1,Treg cell
ZFAND5,0.24628262617099025,0.20631466977771895,0.062,0.056,1,Treg cell
RMND5B,0.2464214817629635,0.20198510398239033,0.112,0.104,1,Treg cell
KIF2A,0.24666412867609763,1.966278280093172,0.41,0.395,1,Treg cell
DEPDC1B,0.24700228111914518,1.351380299760259,0.011,0.009,1,Treg cell
GPR171,0.24709816348145625,-0.8525660787322829,0.122,0.116,1,Treg cell
NBAS,0.24715567301086172,-0.12042351125190409,0.2,0.193,1,Treg cell
SRI,0.2471913459226432,0.7337604237621805,0.255,0.252,1,Treg cell
SLC16A13,0.24755221396876287,-0.35677401797330743,0.023,0.027,1,Treg cell
MED13L,0.24755549590076734,-0.21048169562078123,0.201,0.193,1,Treg cell
RIOX2,0.2477218022139627,0.12926115317316567,0.165,0.154,1,Treg cell
SIDT2,0.2477526219844545,0.17696648416225003,0.034,0.03,1,Treg cell
THAP9,0.24777688442863557,0.3645636606345617,0.011,0.009,1,Treg cell
DNAJC5,0.24789427215144139,0.13069450401974336,0.267,0.256,1,Treg cell
DHCR7,0.24804843347986555,-0.23857495959222375,0.027,0.029,1,Treg cell
TNPO1,0.24808587129854845,0.10622286897853428,0.091,0.083,1,Treg cell
PDXP,0.24839434054247675,0.32265775907242533,0.029,0.027,1,Treg cell
MYC,0.24849670287723682,-0.10405147042088791,0.251,0.244,1,Treg cell
SH3RF3,0.24872505094590772,0.3233432114677086,0.015,0.015,1,Treg cell
DLST,0.24897457278602747,0.1891371070406631,0.153,0.144,1,Treg cell
CDCA7,0.24908394721452126,0.23710675070004417,0.062,0.056,1,Treg cell
SENP1,0.24924501705977076,0.2090410678003134,0.157,0.151,1,Treg cell
ZFP62,0.24928685941004025,0.1559795187211972,0.161,0.155,1,Treg cell
CLK4,0.24929240738007316,0.11112788172541288,0.274,0.262,1,Treg cell
ACYP2,0.24938999110007914,0.18404221779698038,0.187,0.176,1,Treg cell
EDEM3,0.2495636162932238,0.11509826962701564,0.322,0.308,1,Treg cell
GCSAM,0.2496821631991575,0.17200656678832527,0.054,0.05,1,Treg cell
TPRG1,0.24968650592526662,0.20067050720676516,0.012,0.01,1,Treg cell
DNAJB11,0.2496994363295054,0.20631057457478263,0.141,0.134,1,Treg cell
SCLT1,0.2500621640074976,0.15188508176677396,0.179,0.168,1,Treg cell
COG8,0.2501126004344048,0.19945075989093963,0.129,0.122,1,Treg cell
SCD,0.25014800764464956,-0.42358875121271033,0.008,0.01,1,Treg cell
KLRG1,0.25034220364772397,-15.129050907005158,0.092,0.101,1,Treg cell
ARGLU1,0.2504105104071493,0.4330162465562952,0.608,0.599,1,Treg cell
RPGR,0.2504154230584678,-0.11823515167097165,0.084,0.09,1,Treg cell
RCN3,0.25045739578477855,-0.21648217363138933,0.012,0.014,1,Treg cell
SIGMAR1,0.2504956402768583,0.15270156330190932,0.12,0.112,1,Treg cell
KLRD1,0.2505632191752435,2.6600154892024266,0.015,0.013,1,Treg cell
ERLIN1,0.25070884172122754,-0.13071908723960357,0.045,0.046,1,Treg cell
CMTR2,0.2509967410406751,0.10623263884571599,0.139,0.13,1,Treg cell
ARAP1,0.2511874535203518,0.23014685937674628,0.373,0.36,1,Treg cell
ING3,0.2517528013278568,0.17789158890169166,0.127,0.119,1,Treg cell
CCT8,0.2519448899222997,0.7226875409890136,0.226,0.215,1,Treg cell
CASP9,0.25206096653338067,0.1602442923305989,0.061,0.055,1,Treg cell
WAPL,0.25218486611122903,0.23500175388811761,0.349,0.335,1,Treg cell
DHX35,0.2524172745320703,0.15394305449528245,0.055,0.049,1,Treg cell
ZNF300,0.25259076585285895,-0.25747459231333725,0.01,0.008,1,Treg cell
NUDT15,0.25269137067388925,-0.1756916245783251,0.04,0.039,1,Treg cell
ST6GALNAC3,0.2532739708228145,-0.2013401999396729,0.013,0.012,1,Treg cell
DSN1,0.25337114094560914,0.1769338898431636,0.059,0.054,1,Treg cell
UNC119B,0.25342100672949697,0.12328820685307296,0.115,0.107,1,Treg cell
NAGPA,0.2536639869125246,0.15780080648582961,0.088,0.085,1,Treg cell
B3GALT6,0.25378286541001,0.2014780936076681,0.02,0.018,1,Treg cell
TVP23C,0.25398425967020644,-0.2733340038513363,0.016,0.019,1,Treg cell
CCDC154,0.2543277251450721,-0.3106089540113057,0.009,0.011,1,Treg cell
ARSG,0.25446907896555254,0.10202609839584054,0.133,0.125,1,Treg cell
DLAT,0.2545512034626677,0.19492295942561055,0.107,0.101,1,Treg cell
XPA,0.25492063041803537,0.14301244854178177,0.265,0.261,1,Treg cell
CD55,0.25498708776883267,0.1329959101927234,0.321,0.316,1,Treg cell
RUSF1,0.2552696468244403,-0.510515325634201,0.23,0.219,1,Treg cell
ZNF713,0.25566839559649956,0.35406837768726884,0.012,0.01,1,Treg cell
PSME3IP1,0.25572803834517194,0.1497571191351026,0.126,0.12,1,Treg cell
MSTO1,0.2559146232619316,0.14199088383189862,0.151,0.142,1,Treg cell
FAM210A,0.2560214384624388,0.18152311301356905,0.073,0.069,1,Treg cell
KAT6A,0.25701208770343276,-1.25560164188829,0.663,0.65,1,Treg cell
TRIM62,0.2570763779549556,0.18002330230825692,0.041,0.039,1,Treg cell
COPS6,0.25708745440686265,0.11307136342982838,0.169,0.159,1,Treg cell
TVP23B,0.2571131926271649,0.22422362885105773,0.021,0.018,1,Treg cell
ZMYM2,0.2574095081042185,-2.3177353982321494,0.368,0.354,1,Treg cell
ZC4H2,0.2574187436908528,0.2278677398175759,0.025,0.023,1,Treg cell
GLRX5,0.2578791699004464,0.15194669245593007,0.096,0.09,1,Treg cell
L3HYPDH,0.25806328888570285,0.22033356918220237,0.086,0.076,1,Treg cell
RSPH3,0.2582230924367654,-0.11918976416221838,0.024,0.024,1,Treg cell
GINS2,0.2584437864757825,0.38406196032781637,0.012,0.009,1,Treg cell
TASP1,0.25903750790270147,0.11996843333609286,0.099,0.092,1,Treg cell
EIF4EBP3,0.25913857036883475,-0.1312032457616863,0.038,0.039,1,Treg cell
TIPRL,0.25932796651317036,0.31400055386306214,0.186,0.176,1,Treg cell
CDADC1,0.2596588093371863,0.19762861323336667,0.058,0.053,1,Treg cell
CCDC61,0.25991831936756143,0.23104743906978875,0.049,0.045,1,Treg cell
OGFOD3,0.26002385731114147,0.28145614492564563,0.078,0.074,1,Treg cell
SGSM2,0.2604336851680871,-0.11837563391304395,0.167,0.166,1,Treg cell
CTDNEP1,0.2604894854123895,0.11066935216111018,0.06,0.054,1,Treg cell
BBS10,0.26061805203080785,0.1460927202241078,0.082,0.077,1,Treg cell
NPDC1,0.2610716318876298,-0.20774928730016473,0.159,0.15,1,Treg cell
GPSM2,0.2610752200937893,2.2040441061412643,0.018,0.017,1,Treg cell
MX1,0.26128148082442193,9.696936684295794,0.188,0.178,1,Treg cell
NF1,0.2614904503233675,0.2180622999686328,0.11,0.101,1,Treg cell
PPIF,0.26177771172580866,0.22425886533869388,0.078,0.071,1,Treg cell
CD151,0.26197462592440796,0.23859855794370777,0.044,0.038,1,Treg cell
FPGT,0.2629437544936899,0.14524837713881356,0.081,0.074,1,Treg cell
RPRD1B,0.26301438911247643,0.11211150159940075,0.074,0.067,1,Treg cell
UCN,0.2631909405685802,-0.3509827174249196,0.008,0.01,1,Treg cell
MUC1,0.2632927517782382,0.3156384751427135,0.018,0.015,1,Treg cell
DZANK1,0.26332284898804165,0.5315409511423139,0.011,0.008,1,Treg cell
SLC35E3,0.26377024580036057,0.2324356767373006,0.116,0.108,1,Treg cell
TMEM186,0.26394872777331546,0.1228836762510892,0.06,0.055,1,Treg cell
UBE2D1,0.26395829236783236,0.2222399855487298,0.063,0.059,1,Treg cell
ZNF883,0.2641608403567941,0.43681534006735756,0.01,0.008,1,Treg cell
PLPP6,0.2642009364166156,0.2077811829937155,0.059,0.052,1,Treg cell
NTAN1,0.2643921171430609,0.21435279832494902,0.155,0.146,1,Treg cell
GSTCD,0.2645447028383376,0.1508106986251212,0.054,0.049,1,Treg cell
TTC17,0.265296945832258,-0.18536143191839155,0.308,0.295,1,Treg cell
RCAN1,0.2654512087064179,0.21375292544165658,0.042,0.038,1,Treg cell
MCUR1,0.26560069960935956,0.1777204332886848,0.079,0.072,1,Treg cell
EBNA1BP2,0.26561312584356067,0.11862382041304897,0.142,0.132,1,Treg cell
GSAP,0.2656411880091018,-0.27004741683715316,0.052,0.052,1,Treg cell
LETM1,0.26640994277079544,0.2249570670628338,0.04,0.035,1,Treg cell
MYB,0.26650726599155733,-3.4491282112414274,0.049,0.052,1,Treg cell
ELOC,0.2668837511029928,0.1434126212516449,0.138,0.13,1,Treg cell
SLC66A1,0.2669043061364399,0.31986542530716733,0.017,0.014,1,Treg cell
DYRK2,0.266923618846016,-0.7071325524682912,0.595,0.589,1,Treg cell
CD79A,0.2672989445245399,17.713877645770186,0.038,0.035,1,Treg cell
ZNF341,0.2673437726229631,0.11021337448888957,0.023,0.024,1,Treg cell
PLXND1,0.26748594372918766,2.930784320832048,0.02,0.017,1,Treg cell
PEX1,0.26749025559804884,0.15598013635874963,0.096,0.09,1,Treg cell
TFAP2E,0.26813864924231856,0.11718913907679784,0.018,0.015,1,Treg cell
CCIN,0.2681825732986666,0.4180578759824325,0.012,0.009,1,Treg cell
BTBD8,0.2681952102084094,-0.18949434993924097,0.045,0.047,1,Treg cell
FTL,0.2682743466837106,0.1641719396731487,0.752,0.748,1,Treg cell
AP4S1,0.2684617407056208,-0.21179637364657822,0.116,0.119,1,Treg cell
ZNF830,0.268860321124256,0.12811671364537291,0.206,0.198,1,Treg cell
PRAG1,0.26919479950527087,0.21068617587595373,0.061,0.061,1,Treg cell
CPNE3,0.26940817942515927,0.14021889288365055,0.256,0.246,1,Treg cell
ZNF610,0.2694893134779721,0.2855358376755932,0.012,0.01,1,Treg cell
YPEL1,0.26949363951397615,0.2419339709373185,0.037,0.034,1,Treg cell
EEF1E1,0.26971488376793473,0.17461489461744462,0.054,0.048,1,Treg cell
UBTD2,0.26986025825013965,0.14775692629608805,0.07,0.064,1,Treg cell
RTL10,0.27004480888137167,0.12549442031865565,0.115,0.108,1,Treg cell
CFAP44,0.2702424290561589,0.14694763370510966,0.063,0.067,1,Treg cell
CAMTA2,0.2703981381677101,0.10431859488448869,0.169,0.161,1,Treg cell
KCNIP2,0.27100470696080914,0.46255241638365785,0.014,0.011,1,Treg cell
TASL,0.27121867055937665,7.454800984190425,0.038,0.035,1,Treg cell
BAZ2A,0.27142537864915023,0.11240865998634797,0.366,0.352,1,Treg cell
SNAPC2,0.2716460226978804,0.22748281735896825,0.076,0.071,1,Treg cell
FBXO2,0.2716687706270045,-0.22405349425384546,0.016,0.019,1,Treg cell
GDAP1,0.27201122144712464,0.1354274953074026,0.063,0.058,1,Treg cell
TOP1,0.2722613396365927,0.14246097440125416,0.289,0.276,1,Treg cell
TSPAN33,0.2723459301530083,0.9123185153820961,0.013,0.013,1,Treg cell
USP6NL,0.2725559607815869,0.21593278419895512,0.023,0.021,1,Treg cell
PGRMC1,0.2729466997644981,0.16767448424696818,0.119,0.11,1,Treg cell
ADAM15,0.27318815363206533,0.12837938675111982,0.092,0.086,1,Treg cell
RFTN1,0.27321934022489924,-0.16433444299240843,0.273,0.261,1,Treg cell
SLC25A22,0.27334843733547887,0.20037664167738,0.048,0.043,1,Treg cell
B3GLCT,0.2734495359518928,0.19779695809829034,0.037,0.037,1,Treg cell
TAS2R4,0.2736426691988682,0.18533583386330088,0.059,0.056,1,Treg cell
ANKRD16,0.2737333571015334,0.10623859783803713,0.037,0.033,1,Treg cell
BRI3BP,0.2740836749613999,0.18521428388865457,0.06,0.054,1,Treg cell
GATAD2A,0.27415075667812455,0.9694101051832724,0.343,0.339,1,Treg cell
RERE,0.2741664595458923,0.5397940354331925,0.467,0.462,1,Treg cell
ZNF593,0.27425583930913566,0.199479344975793,0.064,0.06,1,Treg cell
SEMA4C,0.27427041156174936,0.21922750048440331,0.089,0.085,1,Treg cell
RCHY1,0.27430451077779466,0.18188770304948054,0.204,0.194,1,Treg cell
DMC1,0.2743801466368027,0.5328609710653502,0.013,0.01,1,Treg cell
OSBP2,0.27452380258054104,0.44067984338318933,0.013,0.012,1,Treg cell
TSPOAP1,0.2749166673538693,1.6762896647158432,0.087,0.079,1,Treg cell
ZNF292,0.2749256810298209,0.15947848392393216,0.416,0.409,1,Treg cell
TNF,0.2749667878730426,-0.2612946912828935,0.017,0.02,1,Treg cell
SPRED2,0.2750789808848374,0.1200756581067326,0.009,0.01,1,Treg cell
FADS2,0.27526336321596717,0.15987892151127658,0.039,0.042,1,Treg cell
AMIGO2,0.2753966022320679,-0.14541226090995174,0.08,0.077,1,Treg cell
SSRP1,0.27621347134693425,-1.0073550559630444,0.269,0.258,1,Treg cell
MT-ND4L,0.27622381403467056,-0.1684330743041187,0.13,0.137,1,Treg cell
TMEM71,0.27659029219884695,0.20126708559377393,0.106,0.11,1,Treg cell
ERCC1,0.27683697098018434,0.1437284865917139,0.121,0.112,1,Treg cell
TBC1D1,0.2768412650551324,0.6519826027170965,0.245,0.244,1,Treg cell
LRFN3,0.27715022323129923,0.16717236011460468,0.028,0.024,1,Treg cell
SEPTIN2,0.2775518358553698,0.14193167205374124,0.22,0.214,1,Treg cell
ZNF263,0.27755256662340233,0.237322323969416,0.158,0.152,1,Treg cell
JMJD1C,0.277769012331545,0.3391840777226014,0.395,0.391,1,Treg cell
TRMT6,0.2779083504831126,0.13738238310788864,0.091,0.084,1,Treg cell
JCHAIN,0.2779401602112141,-2.6062279461221425,0.012,0.011,1,Treg cell
UFC1,0.2781119352877676,-0.13819327616607247,0.355,0.345,1,Treg cell
RAPSN,0.27831017824962334,-0.30435804162051383,0.009,0.011,1,Treg cell
WDR83,0.2785288888010501,0.13295478175690167,0.042,0.037,1,Treg cell
TIPIN,0.2785519448736346,0.1710448781463736,0.035,0.031,1,Treg cell
RABGGTA,0.2785619714491845,0.15291362277659548,0.127,0.118,1,Treg cell
IRF8,0.27864414520971653,0.8442333346501272,0.019,0.017,1,Treg cell
IQCE,0.27873556627258544,0.21119918434618423,0.029,0.025,1,Treg cell
MORC3,0.27877662473581216,0.36198594683284746,0.535,0.53,1,Treg cell
G6PD,0.27961128430921195,0.25197772153354503,0.143,0.14,1,Treg cell
NR3C1,0.279895898588069,0.10790558363418404,0.316,0.304,1,Treg cell
MAP4K2,0.28006710147668046,0.13807287172137644,0.231,0.221,1,Treg cell
MANEAL,0.28012710893514936,0.247654391431138,0.012,0.009,1,Treg cell
MDH2,0.28019112597819007,0.20602329070644876,0.212,0.202,1,Treg cell
CCDC102A,0.2802829859441847,0.117900781365321,0.038,0.033,1,Treg cell
PGM1,0.2804854416063915,0.1634470046694092,0.106,0.097,1,Treg cell
MTMR10,0.2807225524574207,0.10056956925145177,0.181,0.173,1,Treg cell
HEBP1,0.28080126182872867,-0.13479463533852343,0.045,0.046,1,Treg cell
SLC39A6,0.2809145691776359,0.1828544695807175,0.13,0.122,1,Treg cell
BBS2,0.28104047960744555,0.16925914094623007,0.138,0.132,1,Treg cell
MTHFD2L,0.2813324098148744,0.10726261869353637,0.029,0.029,1,Treg cell
EIF4ENIF1,0.2814439560099027,0.19216882372882504,0.121,0.115,1,Treg cell
SLFN13,0.2814846541485345,0.24866271596438416,0.022,0.019,1,Treg cell
METRNL,0.2816277008733652,0.23310060949319844,0.025,0.021,1,Treg cell
ARHGAP27,0.28192844851264476,0.10538919133211777,0.217,0.207,1,Treg cell
ZFAND4,0.2822427122202989,-0.14550219639754136,0.07,0.071,1,Treg cell
CCDC126,0.2827950698494007,0.15737097283359924,0.055,0.05,1,Treg cell
ARCN1,0.2827979267253026,0.19102147260742153,0.475,0.464,1,Treg cell
CRLS1,0.2829950614350289,0.1507372538885463,0.183,0.175,1,Treg cell
ARID5B,0.28315919831879965,-0.46244304409173864,0.674,0.662,1,Treg cell
BCOR,0.28382572805519085,0.170752764256061,0.238,0.227,1,Treg cell
AHDC1,0.2840309986433867,0.10240932955528748,0.101,0.098,1,Treg cell
CCDC171,0.2841513511423194,0.4190822947759001,0.022,0.019,1,Treg cell
WDR20,0.2842564507797052,0.12989843130883222,0.314,0.307,1,Treg cell
RNFT1,0.2842748836285539,0.3017390858245843,0.133,0.125,1,Treg cell
SLC35B4,0.28434090734537765,0.14973228789334803,0.06,0.055,1,Treg cell
RECK,0.28488170961057,0.1313138926060229,0.044,0.04,1,Treg cell
MAGED2,0.28494325859688124,0.16642269066894905,0.283,0.269,1,Treg cell
C5orf22,0.2850299407224197,0.1520079352986874,0.113,0.106,1,Treg cell
HNRNPD,0.2852112043541436,0.3787014582292376,0.55,0.536,1,Treg cell
KLHDC7B,0.28537613579128784,0.1928129772646816,0.047,0.043,1,Treg cell
RNF168,0.28564849243395274,0.16293917326138918,0.202,0.194,1,Treg cell
TJP2,0.28586528992100013,0.16772220164769625,0.027,0.024,1,Treg cell
CAMK4,0.28594314887908234,-1.0313118908367898,0.541,0.528,1,Treg cell
C2orf76,0.2861436467082058,0.1893147414413816,0.041,0.036,1,Treg cell
PIGA,0.2862362880613312,0.31655413539693456,0.023,0.019,1,Treg cell
SETD9,0.2862657729443276,0.4192111913004819,0.01,0.009,1,Treg cell
MTPAP,0.2864503013662438,0.1318082583095681,0.147,0.141,1,Treg cell
MESD,0.28651639807490625,0.12113910592613286,0.17,0.166,1,Treg cell
ATP6V1H,0.2869550180388675,0.11122746709373466,0.191,0.182,1,Treg cell
PSMD14,0.28704874121833124,0.18204087932403423,0.069,0.067,1,Treg cell
INTS1,0.2872588941915682,0.1406876342075103,0.15,0.141,1,Treg cell
CHN1,0.2873898747178828,-0.814233691869779,0.054,0.05,1,Treg cell
MCRIP2,0.2875805951448798,-0.12989943978374274,0.011,0.01,1,Treg cell
PERP,0.28772900923168443,0.11325482503616646,0.043,0.038,1,Treg cell
CENPS,0.2880094504775746,0.14750645003000162,0.021,0.018,1,Treg cell
NDUFAF1,0.28808468440805574,0.19004603371741347,0.071,0.067,1,Treg cell
ZCCHC14,0.2885453886058032,0.10172943125397216,0.178,0.17,1,Treg cell
SPINDOC,0.28859264566370885,-0.23082153202335576,0.053,0.052,1,Treg cell
TLE4,0.2886299559639382,0.13972579692791376,0.173,0.165,1,Treg cell
EBPL,0.28878273510990893,0.16547017266095665,0.078,0.074,1,Treg cell
HM13,0.2890725399821888,0.21585601548132755,0.311,0.301,1,Treg cell
GFI1,0.289518795790837,0.15687529315497395,0.035,0.032,1,Treg cell
PSME3,0.28951889876803644,0.12237123372255798,0.071,0.066,1,Treg cell
CGAS,0.2895426652988391,0.35702943280931065,0.136,0.13,1,Treg cell
DDX6,0.2895551254958547,0.5113150651273735,0.749,0.742,1,Treg cell
CEP131,0.2896344820311376,0.21249680379892588,0.035,0.033,1,Treg cell
SLC15A4,0.2901511966927557,0.15497971972981484,0.076,0.069,1,Treg cell
RAP1GAP2,0.290372766905655,2.3782890503236214,0.189,0.185,1,Treg cell
IL11RA,0.2905139189073148,0.3240928736026586,0.337,0.329,1,Treg cell
NSMCE1,0.290614312814786,0.15749473721266508,0.262,0.255,1,Treg cell
AP1G2,0.29065670283381567,0.2419121179500996,0.386,0.378,1,Treg cell
PGBD1,0.2906857814895787,-0.27240642575599505,0.013,0.015,1,Treg cell
DCAF5,0.2908983538136083,0.14743875466109974,0.255,0.245,1,Treg cell
SPTLC2,0.2909062575992441,0.3509740870390523,0.115,0.107,1,Treg cell
ALG11,0.29124195283024573,0.11564496625392984,0.078,0.071,1,Treg cell
MINDY2,0.2913622350397735,0.15756253744058513,0.156,0.146,1,Treg cell
CCNB1IP1,0.29142476306637444,0.3137141511700432,0.129,0.121,1,Treg cell
MAGEF1,0.2915107867314752,0.11048881734640315,0.104,0.105,1,Treg cell
FANCE,0.2917059829332386,-0.15382368501872623,0.027,0.029,1,Treg cell
E2F4,0.2917563356935052,0.25430137240943057,0.218,0.211,1,Treg cell
TSN,0.2921860978730034,0.11030679535884291,0.244,0.232,1,Treg cell
FEM1A,0.2921979733928248,0.100656082520302,0.097,0.09,1,Treg cell
RAB8A,0.29233951413405335,0.26190503053911307,0.308,0.298,1,Treg cell
CDKAL1,0.2923578317067752,0.2211810724554203,0.424,0.414,1,Treg cell
GGPS1,0.29235857013794797,0.11422735442959087,0.167,0.157,1,Treg cell
ERO1B,0.292378117296235,-0.1601398193254424,0.094,0.095,1,Treg cell
RPF1,0.2924499054436631,0.18987279442618532,0.2,0.195,1,Treg cell
KRBA1,0.2926396437112646,0.3685546516831204,0.014,0.012,1,Treg cell
B4GALT7,0.29276574907502617,0.18306222395842386,0.097,0.091,1,Treg cell
CCDC194,0.29290600671784167,-0.2638772951443036,0.013,0.015,1,Treg cell
JADE2,0.2930160897283479,0.10643918367678196,0.236,0.229,1,Treg cell
MPZ,0.2931079480369451,0.14333977007330834,0.018,0.016,1,Treg cell
ARHGEF7,0.2931082423600416,0.21644285429674048,0.172,0.163,1,Treg cell
C7orf31,0.2935404755591312,0.20001689508662235,0.035,0.031,1,Treg cell
POMT1,0.29356118580931584,0.17814463572273276,0.058,0.052,1,Treg cell
TPP1,0.29369836237811753,0.18095749688622687,0.394,0.383,1,Treg cell
TIGD1,0.2937346248473426,-0.2660016208064402,0.011,0.013,1,Treg cell
MT-ND2,0.2939919302476149,-0.600217273307732,0.247,0.259,1,Treg cell
ZNF579,0.29416348689235294,0.26364644991633135,0.013,0.012,1,Treg cell
KLHDC1,0.2941980602816755,-0.15416804121078087,0.057,0.06,1,Treg cell
MCM2,0.2943068921581427,-0.339510128619092,0.046,0.042,1,Treg cell
ARF4,0.29477876463000635,0.11417031417952872,0.087,0.088,1,Treg cell
TMC8,0.2951274902582679,-2.676338224600417,0.735,0.727,1,Treg cell
CARMIL1,0.29555606166810067,0.15518720805697805,0.039,0.039,1,Treg cell
SUOX,0.2955792143523522,0.2711643198711444,0.02,0.018,1,Treg cell
CYBB,0.2956965503203377,-0.20995075196476565,0.034,0.037,1,Treg cell
SANBR,0.2959754833081531,0.12136501992865156,0.06,0.056,1,Treg cell
NUP62,0.29602013752323303,0.21994036922914417,0.199,0.197,1,Treg cell
TSHZ1,0.2960411894864919,0.2095417470550749,0.11,0.102,1,Treg cell
ULK3,0.2965694763352794,0.1255367655349402,0.077,0.076,1,Treg cell
ECHDC1,0.2966741114959589,0.13403834462078756,0.126,0.12,1,Treg cell
BRD3,0.29673259163411897,0.12104102796889848,0.116,0.109,1,Treg cell
FBXO31,0.29684807873393504,0.12658995748152657,0.082,0.076,1,Treg cell
SLC25A32,0.2968481939828746,0.15726163696389817,0.133,0.125,1,Treg cell
CUL7,0.29697304142256664,0.15692960258968824,0.025,0.022,1,Treg cell
SLC22A17,0.29698449087228507,0.4757994138396153,0.012,0.009,1,Treg cell
POP7,0.29708358622166553,0.10653179547744474,0.076,0.069,1,Treg cell
COX19,0.2971519679870015,-0.16087447717610348,0.099,0.105,1,Treg cell
PGBD2,0.29715690623717406,-0.21740989943501798,0.047,0.051,1,Treg cell
MED30,0.2971915224178952,0.19856999397729846,0.157,0.148,1,Treg cell
PRKAB1,0.2973122373221376,0.44360407843398664,0.153,0.144,1,Treg cell
LRRC59,0.2973175565202152,0.18158406905670588,0.167,0.157,1,Treg cell
QRSL1,0.2973635931670358,0.2001208766896676,0.068,0.062,1,Treg cell
GCDH,0.2974175435830259,0.15145745219522277,0.062,0.057,1,Treg cell
NAT14,0.29760193488588044,0.2960722238013087,0.018,0.016,1,Treg cell
ZNF696,0.2978116547024489,-0.20139302930398362,0.039,0.041,1,Treg cell
CDKL3,0.2978173772836035,0.37645186601261305,0.011,0.009,1,Treg cell
KLHL7,0.2978992653796307,0.11186402311824861,0.101,0.098,1,Treg cell
ARHGEF11,0.2979176268667082,0.19318882685159444,0.039,0.036,1,Treg cell
HMGCR,0.29793179650689144,0.24140586274287168,0.09,0.083,1,Treg cell
DPH5,0.2984940887035113,0.154846816370865,0.23,0.221,1,Treg cell
IREB2,0.2985834355755524,0.20067743688006023,0.19,0.181,1,Treg cell
YPEL3,0.2986123841473205,-1.2785958318432455,0.465,0.451,1,Treg cell
RPA2,0.29882021746954324,0.12313784209803824,0.161,0.154,1,Treg cell
RHBDD1,0.2988413631411396,0.199023100681871,0.108,0.102,1,Treg cell
DCUN1D1,0.29890202730376986,0.1644309492521408,0.21,0.21,1,Treg cell
ARMH2,0.2990330645312966,-0.10676574303810282,0.046,0.043,1,Treg cell
ZMAT3,0.29903966921495084,0.3323966284602686,0.162,0.153,1,Treg cell
LCP2,0.2990725956682103,-2.584962582801479,0.712,0.706,1,Treg cell
RNF214,0.299182306868436,0.17799657414475192,0.302,0.296,1,Treg cell
RALGAPA1,0.29923227322353835,0.15726000759633618,0.16,0.152,1,Treg cell
HEMK1,0.29926255329471846,0.1711457477568421,0.112,0.108,1,Treg cell
CARD16,0.2993890336145581,0.12087034050014633,0.126,0.117,1,Treg cell
SRR,0.2999015805702118,0.29837644511504813,0.02,0.017,1,Treg cell
GRK6,0.2999255193062585,0.45630977222142294,0.268,0.257,1,Treg cell
IFT122,0.3000134960524764,0.10397973807308247,0.031,0.027,1,Treg cell
TEX2,0.3000372433714152,0.18907240965127436,0.09,0.083,1,Treg cell
NARS2,0.30008861288819955,0.12399713458520178,0.075,0.069,1,Treg cell
KANSL3,0.30031738687738135,0.11999335422531143,0.18,0.172,1,Treg cell
ZNF557,0.3005361446026244,0.19539498366385422,0.095,0.089,1,Treg cell
RNF122,0.3009081711789065,0.1406811012471847,0.013,0.013,1,Treg cell
ORC3,0.30122491071491114,0.10930795410517935,0.153,0.154,1,Treg cell
TBC1D7,0.30129101300152145,0.24007717373635074,0.104,0.098,1,Treg cell
TNNT3,0.30144431247341213,0.19623657131030914,0.02,0.017,1,Treg cell
TAF9B,0.3016622643102775,0.1386140105886451,0.067,0.063,1,Treg cell
LZTS3,0.30191893830922245,-0.2952228709751852,0.016,0.018,1,Treg cell
DENND5A,0.30200370835990303,0.30874024601889927,0.04,0.035,1,Treg cell
AP4E1,0.302016151194913,0.1662454843966994,0.12,0.112,1,Treg cell
RIN3,0.3025844034818619,-0.8510247331229213,0.612,0.602,1,Treg cell
KRTCAP2,0.3028522782950799,0.139967398701637,0.123,0.116,1,Treg cell
USP47,0.30298071285734035,0.19726656797590214,0.197,0.189,1,Treg cell
PPCDC,0.30304684702553014,0.2430155786900463,0.074,0.068,1,Treg cell
SLC25A26,0.3032155353369754,0.11738440423978425,0.179,0.175,1,Treg cell
POLD1,0.303277797508305,0.13001835954443974,0.065,0.059,1,Treg cell
ENDOV,0.3034772254155298,0.20830134143476897,0.032,0.029,1,Treg cell
OSBPL9,0.30350179080749345,0.22146138638395124,0.221,0.217,1,Treg cell
NOL4L,0.30458269964044243,0.10366636100234594,0.231,0.22,1,Treg cell
PKP4,0.3046310407431214,0.17247218304004486,0.043,0.038,1,Treg cell
RHOBTB2,0.30464151415387714,0.26605246421168705,0.02,0.017,1,Treg cell
LARP1B,0.30526662595781284,-0.19414156599199517,0.041,0.044,1,Treg cell
BLCAP,0.30541818647758595,0.20807994057346418,0.254,0.244,1,Treg cell
ZNF613,0.3058164005719455,0.2598042335742776,0.034,0.03,1,Treg cell
CAPZA2,0.3058557290046452,0.14798529074742323,0.248,0.239,1,Treg cell
ABTB1,0.3063104192927793,0.28307591800819,0.25,0.245,1,Treg cell
SLC48A1,0.3064211739805661,0.17275447441609915,0.04,0.036,1,Treg cell
ST3GAL2,0.3069122337792312,0.15855518020075032,0.123,0.118,1,Treg cell
CEP83,0.30695524639225624,0.1337748369692815,0.118,0.11,1,Treg cell
SERPINI1,0.3072968303196267,0.20262364954804912,0.03,0.026,1,Treg cell
SLC12A9,0.30771722937600204,0.10972683432609509,0.145,0.136,1,Treg cell
MYEF2,0.30780870504687124,0.14943756699867095,0.072,0.067,1,Treg cell
ACP1,0.3084546187565874,0.25735202187449346,0.196,0.192,1,Treg cell
ATF7IP2,0.30849031410965033,0.14654240993531542,0.125,0.121,1,Treg cell
TMEM243,0.3089634689320631,0.12346107305572857,0.3,0.288,1,Treg cell
SMPD4,0.3090615233595643,-0.12531081209419082,0.116,0.122,1,Treg cell
C2CD3,0.3092228386491922,0.11230736959016996,0.164,0.16,1,Treg cell
DGKQ,0.3092560476084221,-0.15264010625296054,0.056,0.062,1,Treg cell
RGS1,0.30943808409105633,3.798422231514465,0.326,0.316,1,Treg cell
ZNF778,0.30953284210834486,0.20319434094841204,0.055,0.052,1,Treg cell
AGER,0.3097458260025664,-0.15496578702629238,0.114,0.11,1,Treg cell
AMMECR1,0.3099414799153849,0.15424906020403584,0.135,0.127,1,Treg cell
POLM,0.3108717911810408,0.18945616061517123,0.088,0.084,1,Treg cell
HS1BP3,0.3111492480754068,0.18801722475737748,0.022,0.02,1,Treg cell
PABIR3,0.3111754270767678,0.12840531557156298,0.09,0.086,1,Treg cell
RHOXF1,0.3116576280805039,-0.3081089061567672,0.009,0.01,1,Treg cell
ABCC2,0.3117290506348984,-0.26870578791659927,0.019,0.022,1,Treg cell
FLVCR2,0.31178126010035784,-0.37342921005589425,0.009,0.011,1,Treg cell
MAST3,0.3119054111768242,0.14560270681423265,0.313,0.299,1,Treg cell
SMC1A,0.31219812714331224,0.43512187683921877,0.377,0.366,1,Treg cell
REXO4,0.31236814533527857,0.14735053277576649,0.132,0.126,1,Treg cell
RIDA,0.3124457979408118,0.11512904552911918,0.045,0.041,1,Treg cell
AIMP1,0.3125749030242189,0.3256111154982827,0.382,0.379,1,Treg cell
MAL,0.3128551139793621,-8.68254792571905,0.58,0.566,1,Treg cell
MT-ND5,0.31326307909424883,-4.381730413777455,0.309,0.321,1,Treg cell
PCED1B,0.3136030373956426,2.283907948586471,0.441,0.453,1,Treg cell
WDR41,0.3140354079329553,0.25492706892442696,0.043,0.04,1,Treg cell
BCKDHB,0.31409558023940065,0.12296078156055623,0.117,0.11,1,Treg cell
UAP1L1,0.31463127862927454,0.13194552132422377,0.014,0.012,1,Treg cell
ZBTB1,0.31464041150511046,-0.1800396006371905,0.554,0.542,1,Treg cell
CARD6,0.31497814044357136,-0.12131143293637159,0.042,0.039,1,Treg cell
MAFK,0.3151322917678239,0.10963976006603393,0.128,0.122,1,Treg cell
TBC1D10B,0.315134150769803,0.2108561516986125,0.124,0.114,1,Treg cell
LZTFL1,0.3153972234817851,0.3107933665067695,0.063,0.06,1,Treg cell
ZNF92,0.315589368985397,-0.11902704951594313,0.222,0.211,1,Treg cell
TAX1BP3,0.31564251741428834,0.12554211247237346,0.095,0.089,1,Treg cell
ACTR8,0.3160323044735701,0.11507314145330438,0.157,0.151,1,Treg cell
ZXDB,0.3160841329648854,-0.19533976566547917,0.024,0.028,1,Treg cell
OBI1,0.3161060580773351,0.1310115484465273,0.084,0.08,1,Treg cell
SPTBN1,0.3161591346608819,0.5440946041592878,0.269,0.264,1,Treg cell
PA2G4,0.31646145563257577,0.1143899647581873,0.201,0.189,1,Treg cell
INPPL1,0.3165811051154373,0.12803134279700012,0.102,0.095,1,Treg cell
FECH,0.316867865822433,0.12720851966919833,0.069,0.064,1,Treg cell
SYNJ2,0.3172288838206059,0.1809905612358098,0.066,0.06,1,Treg cell
TERF1,0.31781071202077943,0.15404134464897745,0.137,0.13,1,Treg cell
SLC4A5,0.31784089807605836,-0.2693111016351448,0.018,0.019,1,Treg cell
NME4,0.31798342741996644,0.2796496631737533,0.038,0.036,1,Treg cell
HMGCS1,0.3187110510060276,0.15205602765940718,0.112,0.105,1,Treg cell
BRPF1,0.3189080833688496,0.24595043038629671,0.127,0.119,1,Treg cell
NDC80,0.3192641945855092,0.3772928439455463,0.081,0.081,1,Treg cell
RHEBL1,0.3193364562252441,0.24043197139015327,0.037,0.033,1,Treg cell
RAB39B,0.3194448987006971,0.2863014068389904,0.101,0.097,1,Treg cell
AKIP1,0.31945028865545133,0.25494906394062444,0.109,0.101,1,Treg cell
TM7SF3,0.3195788332006956,0.12308754731785398,0.184,0.175,1,Treg cell
GNMT,0.31964724396928973,0.12911089840507906,0.013,0.011,1,Treg cell
TANC2,0.31984567131772373,0.2060797062780324,0.041,0.038,1,Treg cell
R3HDM1,0.31987516879414424,0.20285806167256581,0.193,0.186,1,Treg cell
MCOLN1,0.31998792136176185,0.16428847409059122,0.03,0.026,1,Treg cell
MDP1,0.31998913514416427,0.19382773979113788,0.068,0.063,1,Treg cell
SLC33A1,0.3200170043977483,0.12087534380655907,0.156,0.15,1,Treg cell
RDH10,0.32004663404756895,0.2932002592473868,0.054,0.052,1,Treg cell
TTC32,0.3202113939788151,0.24962295285206748,0.134,0.127,1,Treg cell
WRAP73,0.3205622390911146,0.11122155592437855,0.091,0.083,1,Treg cell
HAUS2,0.3207326256275425,0.13897985683026337,0.147,0.14,1,Treg cell
MARS2,0.3207745613722342,0.18340097027556101,0.019,0.016,1,Treg cell
ZNF500,0.3209993825481646,0.15295969054124914,0.044,0.039,1,Treg cell
TGDS,0.3210601178392193,0.12247415872573897,0.108,0.102,1,Treg cell
TSHZ3,0.3211970539422788,0.24406446569007745,0.019,0.016,1,Treg cell
OAT,0.32153991197772686,-0.17342362054111904,0.033,0.038,1,Treg cell
NCKAP5L,0.3215610501237257,-0.20318227981884807,0.042,0.047,1,Treg cell
NADK2,0.32191110947772417,0.1831127473061671,0.039,0.035,1,Treg cell
FOCAD,0.32254386693621195,0.1666499958136427,0.071,0.066,1,Treg cell
NAMPT,0.32268799333066306,-0.24697482093702217,0.054,0.048,1,Treg cell
FMC1,0.32278779603529345,0.11543033522092339,0.13,0.123,1,Treg cell
RAB43,0.3233405097190753,0.30471572220056675,0.015,0.013,1,Treg cell
UBE2T,0.32342866306250195,0.10775661934586989,0.031,0.028,1,Treg cell
CAPN3,0.32345370883550517,0.13891420254488773,0.061,0.056,1,Treg cell
NUP37,0.3235276255081505,0.17862606571029338,0.112,0.105,1,Treg cell
HACE1,0.32367692173769136,0.10644737050602204,0.077,0.073,1,Treg cell
MTMR14,0.32374559370366285,0.8143483747188666,0.188,0.178,1,Treg cell
CAMK2G,0.32375501929668504,0.14567452230101186,0.157,0.15,1,Treg cell
TMPRSS3,0.32388889290727174,-0.23773793550247113,0.026,0.022,1,Treg cell
HIKESHI,0.32411745393429775,0.21050822339573694,0.045,0.04,1,Treg cell
CRIP2,0.3241801682239959,0.27649778583309415,0.064,0.056,1,Treg cell
HIC2,0.3243872471842813,0.18553372321512063,0.031,0.027,1,Treg cell
CCDC71L,0.32451406032614555,0.204984018671988,0.049,0.045,1,Treg cell
TCHP,0.32472542504353963,0.1290607097409613,0.159,0.15,1,Treg cell
CPNE8,0.3248331299935693,0.1539553832059135,0.029,0.025,1,Treg cell
TIPARP,0.3251489686236768,0.2957832954530626,0.15,0.152,1,Treg cell
BOLA1,0.32548459423340753,0.28252093164892145,0.024,0.023,1,Treg cell
BRD8,0.32551777101405865,0.23733226797309803,0.143,0.135,1,Treg cell
SLC14A1,0.3255510957826148,0.21045317999581992,0.157,0.151,1,Treg cell
CASTOR2,0.32572176341833364,-0.18028790885756063,0.024,0.025,1,Treg cell
ASF1B,0.3257218609025319,0.307234295724518,0.017,0.014,1,Treg cell
EMD,0.3258190225030366,0.2699898403689594,0.277,0.267,1,Treg cell
PGM2L1,0.3258990857870004,0.1846129783209296,0.117,0.112,1,Treg cell
MAP3K13,0.32591147865011694,0.25749049032297844,0.049,0.045,1,Treg cell
TM9SF4,0.3260201269816448,0.19919909758634002,0.119,0.113,1,Treg cell
COQ4,0.32604503255061545,0.1628530286818124,0.123,0.115,1,Treg cell
ZNF446,0.32606303003554715,-0.21524840577253723,0.022,0.023,1,Treg cell
ZNF776,0.3261819181707651,0.11844519606789738,0.077,0.072,1,Treg cell
ST20,0.326336961941312,-0.10986916765492882,0.023,0.024,1,Treg cell
ABCB6,0.32635307496247756,0.2836193092595094,0.023,0.02,1,Treg cell
FN3K,0.32644536430121546,0.16120202949141316,0.015,0.014,1,Treg cell
IBA57,0.32658010605967097,0.16722960442824197,0.046,0.042,1,Treg cell
NIPBL,0.3265959374881694,0.13630769039924728,0.433,0.42,1,Treg cell
RNF38,0.32684441676391124,0.15305027137558314,0.418,0.405,1,Treg cell
ZFP69B,0.3269121071938634,-0.13208423458882113,0.018,0.02,1,Treg cell
HSPBP1,0.3270863648353352,0.10295486820221234,0.067,0.061,1,Treg cell
ARMCX4,0.32747602345412685,0.3754064732165938,0.016,0.014,1,Treg cell
ATP13A1,0.3274815144777612,0.2582842597782985,0.229,0.229,1,Treg cell
IRAK1BP1,0.32762079443895215,0.22832308384533206,0.027,0.024,1,Treg cell
PARP11,0.32766229436811634,0.15879824072293736,0.108,0.106,1,Treg cell
ZNF213,0.32781556947411244,0.2266422514953641,0.034,0.031,1,Treg cell
HID1,0.3279846966438864,-0.30525407726343623,0.007,0.01,1,Treg cell
B9D2,0.3279871877350527,0.1085346509499896,0.064,0.058,1,Treg cell
C1QBP,0.3279976874617286,-0.28995894377867226,0.156,0.148,1,Treg cell
HVCN1,0.3280602906885543,0.11528409840113801,0.121,0.115,1,Treg cell
VASH1,0.3290256287268278,0.10058039576241962,0.035,0.031,1,Treg cell
FAM43A,0.32967786722224307,0.37152651985757146,0.035,0.031,1,Treg cell
ZNF48,0.3299310241397619,0.25697738034222084,0.027,0.023,1,Treg cell
ABLIM1,0.3303743055980444,0.3572950702441954,0.283,0.271,1,Treg cell
CHD7,0.3305071905700615,0.18608560177451205,0.125,0.127,1,Treg cell
QRICH2,0.3306518585696007,-0.2173281431424101,0.01,0.012,1,Treg cell
MGP,0.33100422407879215,0.19279827837830865,0.013,0.015,1,Treg cell
GCLC,0.33107137681430765,0.1263942500788855,0.097,0.09,1,Treg cell
CYCS,0.33131109911589035,-0.17346646069946003,0.159,0.156,1,Treg cell
CNEP1R1,0.33139070645172786,0.15958429173342126,0.182,0.173,1,Treg cell
ZNF408,0.3316726705929395,0.2230727145557685,0.028,0.026,1,Treg cell
PRR5L,0.33186762515572077,-0.6109360425907311,0.012,0.011,1,Treg cell
PFAS,0.33189437348686324,0.12884975240854946,0.044,0.044,1,Treg cell
SLC35E4,0.33197673292362917,0.3890230881293375,0.019,0.016,1,Treg cell
STARD3,0.3322584142252044,0.16283389880017463,0.197,0.191,1,Treg cell
RRM2B,0.3324176412276435,-0.23427401408307968,0.021,0.024,1,Treg cell
KIAA0408,0.33254392589334897,0.2485415951880512,0.04,0.038,1,Treg cell
FLAD1,0.33324564150230884,0.15728837269611562,0.118,0.111,1,Treg cell
KLC1,0.333326048068041,0.19457716167336936,0.254,0.244,1,Treg cell
DHX40,0.3337554689509222,0.13933742248076797,0.154,0.146,1,Treg cell
KHK,0.33405949470910035,-0.33777348976934185,0.014,0.017,1,Treg cell
RTL6,0.33407079323435557,0.14831925614052377,0.045,0.04,1,Treg cell
RPAIN,0.33419025186748114,0.6285909031989378,0.273,0.263,1,Treg cell
IFI30,0.33421678553536793,-0.18477284754672185,0.062,0.065,1,Treg cell
TRRAP,0.334358473590754,0.31123043958292906,0.42,0.429,1,Treg cell
PIP4K2B,0.3350290123737752,0.1242823674700394,0.259,0.249,1,Treg cell
TRPV1,0.335199849233145,0.1977147800647665,0.042,0.042,1,Treg cell
DGKD,0.33563507436909557,0.10500357222378831,0.219,0.213,1,Treg cell
CXCR4,0.33568528351581495,4.38579755507962,0.824,0.829,1,Treg cell
CDC40,0.335697573228522,0.12820745639177877,0.113,0.105,1,Treg cell
BCL2,0.335721044770069,0.5408496683802491,0.394,0.385,1,Treg cell
PPP1R13L,0.3359514714860421,0.11184924402037666,0.018,0.019,1,Treg cell
CLSTN3,0.3360245179479478,0.1357606721353365,0.146,0.137,1,Treg cell
PRICKLE3,0.3360480017891013,0.2113823943116775,0.034,0.031,1,Treg cell
WDR53,0.33608511664989005,-0.18012487002914268,0.11,0.106,1,Treg cell
COMMD7,0.33685229923182886,0.13202057218964106,0.262,0.249,1,Treg cell
ADAM22,0.33711427764398316,0.32557944899252567,0.026,0.023,1,Treg cell
EVI5L,0.33713365913160426,0.22651050186839283,0.049,0.043,1,Treg cell
FSD1L,0.33717255805642043,0.16442996539084342,0.03,0.027,1,Treg cell
SMARCAD1,0.3371834537369225,0.1019808248490427,0.19,0.183,1,Treg cell
ZDBF2,0.33725992087964046,0.18017686437997726,0.069,0.067,1,Treg cell
TRDC,0.3372665866751052,-11.566567900270023,0.022,0.022,1,Treg cell
BAG3,0.3373117671550859,0.12964736223786089,0.055,0.05,1,Treg cell
ZNF681,0.33814579955031177,0.12211806062515418,0.042,0.042,1,Treg cell
CSNK1G2,0.3381800715410628,0.11573782213388395,0.21,0.201,1,Treg cell
TRIAP1,0.33908641286279206,0.8182036116085467,0.08,0.079,1,Treg cell
KLHL25,0.3391654852208424,-0.1382157256382328,0.034,0.031,1,Treg cell
PLAG1,0.3392169589349991,-0.17166014795780882,0.022,0.02,1,Treg cell
MBLAC2,0.3392511215274855,0.20394857899165952,0.019,0.016,1,Treg cell
RAB3GAP2,0.339266357318898,0.17216386451987564,0.21,0.201,1,Treg cell
GDE1,0.3393553661781157,-0.35779223848694336,0.133,0.125,1,Treg cell
NUF2,0.33982666735106504,2.1381352209924103,0.017,0.014,1,Treg cell
SLC26A6,0.3399986294586914,0.18274641838286199,0.051,0.048,1,Treg cell
GPATCH3,0.3401086482220168,0.20086582672205555,0.069,0.063,1,Treg cell
GARRE1,0.3406026569174734,0.10997938394836304,0.181,0.172,1,Treg cell
SOX12,0.3409885451326276,-0.31491701448253995,0.011,0.013,1,Treg cell
STARD9,0.3412709746535252,0.2067351923071512,0.035,0.031,1,Treg cell
PATJ,0.341697319243131,0.4947349242298549,0.422,0.415,1,Treg cell
GTF3C4,0.34188814558030167,0.20212279994263715,0.043,0.04,1,Treg cell
CHML,0.34206681647647186,0.14046436401701223,0.063,0.058,1,Treg cell
XPO5,0.3423038193160101,0.24335110921060643,0.171,0.163,1,Treg cell
EXT1,0.34248679101576857,0.15285114009291445,0.131,0.128,1,Treg cell
TCEAL1,0.34281846723771814,0.22115032609899643,0.06,0.054,1,Treg cell
SMAD5,0.34305826273837475,-0.9641750583348796,0.049,0.048,1,Treg cell
ZBTB20,0.34368940787723185,0.21135284321944903,0.161,0.153,1,Treg cell
TEX30,0.34416702638935054,-0.21352209186375104,0.054,0.058,1,Treg cell
SESN1,0.34469777458749706,31.736197553263935,0.245,0.26,1,Treg cell
PSENEN,0.34506516323576875,0.11501680902539091,0.086,0.079,1,Treg cell
EVA1C,0.34553977177971135,0.11407610084501041,0.033,0.031,1,Treg cell
AGA,0.34558331075565846,0.13730846775560712,0.095,0.092,1,Treg cell
ILF2,0.3459231639288646,0.17613026016981892,0.179,0.171,1,Treg cell
SAFB,0.3462364500993627,0.16251782581601026,0.478,0.465,1,Treg cell
PREP,0.34648378325809287,0.13129918444539745,0.147,0.138,1,Treg cell
CEP43,0.3465967447961004,0.14123301621889217,0.132,0.127,1,Treg cell
CISH,0.3466364123861565,-2.706159289033658,0.219,0.213,1,Treg cell
GEMIN7,0.34708820403337975,-0.1342277222557926,0.082,0.082,1,Treg cell
LAT2,0.34709657871733557,0.28494193471770757,0.018,0.019,1,Treg cell
SAYSD1,0.3471281748629203,0.14393663746891328,0.073,0.068,1,Treg cell
LDAF1,0.3474543347637207,0.11115071914903263,0.069,0.063,1,Treg cell
ANKRD46,0.34768490409203195,-0.1643010467411652,0.067,0.071,1,Treg cell
RAPH1,0.3478106952609206,-0.2304037070944709,0.017,0.018,1,Treg cell
SQLE,0.3480213108699353,-0.24429677635269087,0.016,0.018,1,Treg cell
HINT2,0.348118516168395,0.16473275366449025,0.062,0.06,1,Treg cell
MTSS1,0.348602184593763,1.4770166835851413,0.067,0.067,1,Treg cell
TCTN3,0.3488961752156734,0.18217607009948988,0.048,0.045,1,Treg cell
GSKIP,0.34923236331393887,0.15074238606529833,0.099,0.091,1,Treg cell
PTPRA,0.3492885728833079,0.11378609338642609,0.133,0.125,1,Treg cell
NKRF,0.3493670473568823,0.1583982351462394,0.119,0.112,1,Treg cell
ZNF367,0.3494125550364996,0.2051974102652525,0.035,0.034,1,Treg cell
TXNL1,0.3495063461669792,0.31397533872760885,0.225,0.215,1,Treg cell
HK2,0.34955220537616255,0.13425772348609755,0.059,0.055,1,Treg cell
MTRFR,0.349847780674628,0.15005300392722898,0.154,0.146,1,Treg cell
ZNF664,0.35001719824319233,0.10022842313286517,0.182,0.172,1,Treg cell
ATG2A,0.35006074273963866,0.11951960429183361,0.115,0.112,1,Treg cell
SMIM3,0.35022787123925786,0.26411102346147164,0.014,0.011,1,Treg cell
LYAR,0.350428960579772,-0.10906192521348701,0.134,0.133,1,Treg cell
ACOT7,0.35048783374054515,0.12557062155163656,0.022,0.019,1,Treg cell
MTRR,0.3506800126072386,-0.11290773640844654,0.153,0.144,1,Treg cell
RALGPS2,0.3507370887161005,0.1885822652498783,0.018,0.018,1,Treg cell
PLD2,0.3510288482241606,0.20708531657812435,0.044,0.04,1,Treg cell
NCAPD3,0.3513990030357024,0.12850595960371103,0.181,0.173,1,Treg cell
SMARCE1,0.3516612994483767,0.19787763123374885,0.25,0.237,1,Treg cell
TICAM2,0.3520670735727902,-0.2074366384542623,0.011,0.012,1,Treg cell
CDKN3,0.3521067203722952,0.2292660526055057,0.01,0.009,1,Treg cell
SPACDR,0.35219687062530414,0.21613966022650466,0.022,0.022,1,Treg cell
FMO4,0.35226010447950806,0.21223439728026872,0.025,0.025,1,Treg cell
ARL16,0.3523090365775682,0.11637652760988804,0.135,0.127,1,Treg cell
NAA40,0.3523201813878468,0.1161059310658521,0.088,0.082,1,Treg cell
CEP55,0.3523590413247318,6.926956906666385,0.022,0.019,1,Treg cell
CLK1,0.3525597496383777,1.3092197120611102,0.643,0.638,1,Treg cell
GNG8,0.3527149028761012,-0.5566386118051057,0.017,0.018,1,Treg cell
VMAC,0.3530255022843106,0.11436014571726871,0.15,0.145,1,Treg cell
ARIH2OS,0.3532986908361248,0.17033991277252714,0.038,0.034,1,Treg cell
SARAF,0.35345653059243093,3.787520611225286,0.665,0.654,1,Treg cell
DONSON,0.35360292172041,-0.126669248841627,0.05,0.054,1,Treg cell
ATR,0.35376586160815915,0.15997570432314745,0.223,0.212,1,Treg cell
RAB11B,0.3540093567495558,0.1302990549910341,0.226,0.219,1,Treg cell
VNN2,0.35427838715860244,-0.14747508129540443,0.09,0.095,1,Treg cell
VPS16,0.3544151391983177,0.10870672058998654,0.031,0.03,1,Treg cell
TRIM3,0.35460448120351473,-0.153527788982053,0.041,0.04,1,Treg cell
ZNF543,0.3552788409324842,0.14694309717215326,0.058,0.056,1,Treg cell
HPS3,0.35547928599307804,0.2021286177928523,0.168,0.16,1,Treg cell
ZNF771,0.35567555092823144,0.3720517583328631,0.012,0.009,1,Treg cell
SDHC,0.35594480559139996,0.1667502767482021,0.049,0.044,1,Treg cell
SLC19A1,0.3561113988958866,0.24712999909986477,0.034,0.031,1,Treg cell
ZNF682,0.35615690416514306,0.2874932752933903,0.051,0.052,1,Treg cell
TPCN2,0.3562731480271002,0.28050065107650823,0.014,0.012,1,Treg cell
THOP1,0.35711464216555366,0.20946074721637853,0.057,0.052,1,Treg cell
TSPAN17,0.3572418752593302,0.22174526396300953,0.083,0.076,1,Treg cell
MAT2A,0.3573792643370731,0.9864043603592831,0.419,0.407,1,Treg cell
UPF2,0.35753390098661525,0.130885351003405,0.25,0.239,1,Treg cell
TCTN2,0.35753735777331985,0.2539272478515535,0.024,0.02,1,Treg cell
MAPK8IP3,0.35790273121107125,0.12724176812027577,0.229,0.221,1,Treg cell
BATF,0.35798636534055156,0.30624907301766136,0.159,0.15,1,Treg cell
KPNA2,0.3580889347457676,9.636224244226353,0.084,0.077,1,Treg cell
VPS26C,0.35814851846184276,0.12512377138403696,0.166,0.162,1,Treg cell
CDK11A,0.35817864128906324,-0.11503592920748096,0.047,0.051,1,Treg cell
NOTCH1,0.35819481182605906,0.30148459606470335,0.177,0.169,1,Treg cell
TMUB2,0.3582292170144652,0.16662707680674768,0.268,0.256,1,Treg cell
KCNAB3,0.35826724891712847,-0.25406047568618284,0.01,0.012,1,Treg cell
TRDMT1,0.3583759113531569,0.19629022027808496,0.143,0.143,1,Treg cell
ZNF699,0.35840929599713967,0.16284308542143133,0.03,0.029,1,Treg cell
WDR46,0.35860418390797405,0.10765195495230995,0.171,0.163,1,Treg cell
CLCN7,0.3586687059874985,-0.24248260301151525,0.193,0.194,1,Treg cell
ATAT1,0.3594610819192152,0.1763391137376451,0.03,0.026,1,Treg cell
NDUFV1,0.3595217322399499,0.4658728478464864,0.337,0.334,1,Treg cell
ARHGAP12,0.3596974641207198,0.10399349194176513,0.296,0.29,1,Treg cell
MSH5,0.3606926612727494,0.17260584820548575,0.037,0.034,1,Treg cell
RMI2,0.36120879544009094,0.1010901503393491,0.024,0.021,1,Treg cell
PSAT1,0.36147522469665305,0.17375513189493708,0.063,0.057,1,Treg cell
NTNG2,0.361711661723189,0.45578841191194597,0.056,0.05,1,Treg cell
RNF170,0.36245985942,0.1507508895181906,0.06,0.055,1,Treg cell
NKG7,0.3624628124992983,49.01195783011306,0.051,0.047,1,Treg cell
C1orf159,0.3628357868411553,-0.17897366032572393,0.013,0.014,1,Treg cell
WDR24,0.36289315635673414,0.2703537036404886,0.061,0.057,1,Treg cell
MARK2,0.3631971699178083,-0.19637839675473223,0.367,0.356,1,Treg cell
SNX29,0.3632622321737866,0.14957255642205225,0.107,0.103,1,Treg cell
UBE2W,0.36378646626233907,0.12204148320086827,0.119,0.112,1,Treg cell
ACO1,0.3642160268343544,0.18774132485398853,0.036,0.035,1,Treg cell
IER2,0.36447522220680495,-3.039738888342527,0.503,0.489,1,Treg cell
SLC19A2,0.36470960441449807,0.2747977756919502,0.016,0.013,1,Treg cell
MOCS3,0.3650634356213992,-0.14461524134157733,0.051,0.05,1,Treg cell
CENPX,0.36599509384677537,0.10584780343139011,0.068,0.063,1,Treg cell
PLEKHG3,0.3660189213369347,0.8537401656495953,0.046,0.044,1,Treg cell
ASB6,0.36757081182282386,0.10386434356412266,0.105,0.099,1,Treg cell
RPP30,0.3678325510757784,0.3385036453723913,0.175,0.172,1,Treg cell
PHOSPHO2,0.36793381848896123,0.19243741153501492,0.053,0.051,1,Treg cell
ATP6V0A2,0.36816949839917534,0.10276578948354785,0.249,0.24,1,Treg cell
TOR1B,0.3682682484211211,0.2896314282209733,0.103,0.1,1,Treg cell
SNTB2,0.3683648285221656,0.14980744424745795,0.119,0.113,1,Treg cell
LIMK1,0.36847055108163806,0.15480413165416484,0.069,0.065,1,Treg cell
CNOT7,0.3685059266906068,0.22192128718925908,0.013,0.011,1,Treg cell
MNDA,0.3687312898281811,0.1320171541926931,0.032,0.028,1,Treg cell
NIPA1,0.3693343127516702,0.12006388900000164,0.084,0.08,1,Treg cell
ABL2,0.36948129003575264,-0.15876746869032532,0.056,0.061,1,Treg cell
SLC35B3,0.36954867905269934,0.11702367786345347,0.052,0.05,1,Treg cell
PLA2G15,0.3695519579853471,-0.19584461354937854,0.02,0.022,1,Treg cell
SLC41A1,0.37000980519021126,0.1332500250089148,0.084,0.079,1,Treg cell
ATP5ME,0.3705575673302394,0.18764392456179624,0.279,0.268,1,Treg cell
ZNF544,0.3705861855396389,0.15857987416844233,0.12,0.114,1,Treg cell
ITM2A,0.3714127085214256,3.758874323623175,0.426,0.425,1,Treg cell
SCFD2,0.3719955487502811,0.1502531677948471,0.067,0.063,1,Treg cell
FAM241B,0.3720253354594601,0.24870088159185277,0.029,0.027,1,Treg cell
COX20,0.3720424220861166,0.10457621256389249,0.102,0.096,1,Treg cell
KBTBD7,0.3721112223468826,0.16041747315605326,0.043,0.04,1,Treg cell
PRSS53,0.37220028788696363,0.18214086862654444,0.022,0.022,1,Treg cell
NKAP,0.37236546713837926,0.11140504848247357,0.136,0.128,1,Treg cell
GSTZ1,0.37337229765929514,0.10751280134210539,0.022,0.019,1,Treg cell
CREBZF,0.3735307447705129,-1.0623754333245747,0.436,0.443,1,Treg cell
RABEP2,0.37358549154653714,0.15896046894901072,0.073,0.067,1,Treg cell
ARHGEF3,0.3743013707073653,1.567365192160029,0.45,0.439,1,Treg cell
EMC4,0.3744920675055763,0.2851049569983799,0.349,0.336,1,Treg cell
MFSD1,0.37463427984248665,0.8190650189536519,0.184,0.176,1,Treg cell
PGRMC2,0.3750510509003928,0.22762373430991623,0.3,0.289,1,Treg cell
STK25,0.3752452985305479,0.23792894227853162,0.258,0.252,1,Treg cell
MAP3K20,0.3753392982159603,0.523174347947502,0.01,0.008,1,Treg cell
MAPK6,0.37533975006450654,0.1949297492696384,0.206,0.197,1,Treg cell
CTBS,0.375478623972513,0.1433691333327265,0.161,0.151,1,Treg cell
SAP30L,0.37554045250178875,0.19222282281893233,0.253,0.246,1,Treg cell
GAB2,0.3756090540625222,-0.33764023434846635,0.014,0.015,1,Treg cell
SEPTIN8,0.37565171780030604,0.13937026474727787,0.032,0.029,1,Treg cell
EZH1,0.375823288097997,0.1676115972456663,0.324,0.312,1,Treg cell
CMC4,0.376294863162818,0.14098335334462675,0.128,0.119,1,Treg cell
DCTPP1,0.37639721930887127,0.17022536209093353,0.078,0.072,1,Treg cell
DBI,0.3767875251876909,0.16479099931481422,0.163,0.154,1,Treg cell
MTHFS,0.37689272409901975,0.12655393990454522,0.094,0.088,1,Treg cell
TAB2,0.37700574474111015,-0.9216342891724825,0.766,0.756,1,Treg cell
IL20RB,0.3771654567623668,-0.381623807770076,0.009,0.011,1,Treg cell
THOC6,0.3777379761656804,0.19655741796281756,0.053,0.048,1,Treg cell
TOGARAM2,0.37815798418884644,0.19602570050316448,0.015,0.012,1,Treg cell
ARPC5L,0.37824232324795326,0.27771931346117,0.3,0.289,1,Treg cell
RAC3,0.3783257627117456,0.4227263824004259,0.011,0.009,1,Treg cell
SCAF8,0.3783905800415188,0.10225203926493295,0.32,0.314,1,Treg cell
ZNF43,0.37855948172599124,0.17619195940139631,0.04,0.035,1,Treg cell
IDH3G,0.37877804308841106,0.11679522552468502,0.192,0.189,1,Treg cell
ZNF784,0.3790291657483469,0.31775535995888404,0.028,0.024,1,Treg cell
MCAT,0.37950259882432524,0.12396406260096349,0.019,0.019,1,Treg cell
NDUFB2,0.37950889376579666,0.22672521014649116,0.135,0.131,1,Treg cell
SKI,0.37970289960848225,0.1029586385640634,0.391,0.378,1,Treg cell
LRPAP1,0.3797353640513112,0.15057685481526548,0.284,0.283,1,Treg cell
BPGM,0.3798368558702749,0.19782668256803992,0.08,0.073,1,Treg cell
ZBTB43,0.37993009946478634,-0.1284830100260228,0.013,0.013,1,Treg cell
TENT5A,0.3801586395178549,-0.2683720228094417,0.022,0.025,1,Treg cell
TMEM263,0.3807328626173609,-0.20542901122280144,0.191,0.187,1,Treg cell
YIF1A,0.3809117662028873,0.1115314106783929,0.067,0.062,1,Treg cell
BCR,0.38122019089938813,-0.12075778547594074,0.221,0.209,1,Treg cell
CD99L2,0.3818316699516431,0.12822620591494172,0.076,0.07,1,Treg cell
PARP6,0.38204599341489426,0.1490708981176223,0.152,0.149,1,Treg cell
DNAJB9,0.3823323923917552,-0.16349252489429555,0.137,0.143,1,Treg cell
TCAF1,0.38287626027860117,0.1415443827232461,0.093,0.087,1,Treg cell
ZNF630,0.383060698062054,0.13018450093164047,0.045,0.04,1,Treg cell
DAZAP1,0.383415319906731,0.10930118543450251,0.178,0.17,1,Treg cell
ZNF136,0.3834225086712362,0.10701138327103665,0.092,0.087,1,Treg cell
TCF25,0.38349864508272913,0.5053452479964011,0.395,0.384,1,Treg cell
CCDC30,0.38416394981416974,-0.2395512440393519,0.024,0.027,1,Treg cell
RPUSD3,0.3842054026655529,0.16111088819211705,0.072,0.067,1,Treg cell
MT-CYB,0.38441545187345055,-24.560574545614955,0.826,0.832,1,Treg cell
MAPK7,0.3844981411275923,0.20557037968165837,0.076,0.07,1,Treg cell
TJAP1,0.384591124241701,-0.18882865435930096,0.028,0.028,1,Treg cell
BBIP1,0.3845972316455538,0.1380238365745372,0.098,0.093,1,Treg cell
HAX1,0.38471733861077484,0.1874556053790507,0.194,0.186,1,Treg cell
PGGHG,0.384719904860836,0.2266206501865612,0.173,0.177,1,Treg cell
SLC31A1,0.38483653705371956,0.2209030844697626,0.035,0.032,1,Treg cell
DENND6B,0.384905989511044,0.33682205034752233,0.014,0.012,1,Treg cell
SLC49A4,0.3850243978024585,0.9494335029841396,0.14,0.133,1,Treg cell
EPB41L2,0.38584139533587614,0.4276886706804781,0.038,0.036,1,Treg cell
INCENP,0.3859076761941382,0.1822408363621819,0.074,0.069,1,Treg cell
ZNF707,0.3859851441560912,0.1712371203194074,0.049,0.047,1,Treg cell
AKR1A1,0.38613706189301067,0.21803723465886304,0.149,0.142,1,Treg cell
ITPKB,0.3863448753394471,0.1094969648196602,0.604,0.602,1,Treg cell
PSPH,0.38636812290708095,0.13154077942620335,0.037,0.033,1,Treg cell
ASL,0.38647379760132217,0.1684769932331549,0.052,0.048,1,Treg cell
KLHL9,0.38698379137479316,-0.2955656690590107,0.019,0.02,1,Treg cell
MED9,0.38741393084316117,-0.12379986998615689,0.06,0.063,1,Treg cell
PPP1CC,0.387647752782034,0.16285668880946802,0.155,0.146,1,Treg cell
POLR2C,0.3887244428245294,0.11315876162408689,0.23,0.219,1,Treg cell
ZIK1,0.3889128481588369,0.21033138441161237,0.036,0.032,1,Treg cell
HIBADH,0.38896241019085465,0.12298617227635988,0.053,0.049,1,Treg cell
PEX19,0.3890865163975363,0.22916997030577718,0.221,0.214,1,Treg cell
BEX2,0.3895462250807888,-0.18835859858065573,0.049,0.053,1,Treg cell
PHIP,0.38963787921475657,-0.10384570753697364,0.347,0.349,1,Treg cell
IL15RA,0.3900014601444798,-0.14121855154156604,0.034,0.034,1,Treg cell
PCSK1N,0.3903326237324364,0.4563953726043808,0.011,0.009,1,Treg cell
PNPLA4,0.3904011519837358,0.16981090485172512,0.028,0.025,1,Treg cell
SBF2,0.3910029440317558,-0.2563441483794424,0.014,0.016,1,Treg cell
UBFD1,0.3911719799450003,-0.13754624623805345,0.019,0.021,1,Treg cell
ZSCAN22,0.3919008356633261,0.21967073630318268,0.021,0.019,1,Treg cell
REL,0.39214077226237426,0.18561546636820442,0.32,0.313,1,Treg cell
MS4A6A,0.39242909229393913,1.1599128214156869,0.037,0.032,1,Treg cell
SLC31A2,0.39259319622979405,0.10682762919943922,0.012,0.013,1,Treg cell
SLC37A4,0.392751405578075,-0.19774812422025434,0.071,0.066,1,Treg cell
IPO5,0.3928647368508796,0.1133870040825995,0.139,0.139,1,Treg cell
USP10,0.3929271296210162,0.1742906082391859,0.226,0.219,1,Treg cell
NELFB,0.3932600202726356,0.1449092876357847,0.143,0.137,1,Treg cell
ACSL3,0.39364411846669173,-0.15676215203759725,0.092,0.095,1,Treg cell
OARD1,0.39374775728591793,0.15354535991713925,0.257,0.251,1,Treg cell
TEC,0.3939718196945019,-0.23779455591174248,0.012,0.014,1,Treg cell
P2RY11,0.39436667459136904,-0.13987283732131672,0.086,0.091,1,Treg cell
NAT9,0.3944405137113518,-0.21454756011267673,0.056,0.055,1,Treg cell
PEX5,0.3947440111922321,-0.183726947676758,0.031,0.033,1,Treg cell
CLPB,0.3948523888214017,0.12162323054271429,0.078,0.074,1,Treg cell
ATP11B,0.3951043810026287,2.800237413512299,0.611,0.606,1,Treg cell
ARFIP2,0.3951534373787354,0.18571332298593513,0.137,0.132,1,Treg cell
HNRNPK,0.39528232404385705,0.4972980863286547,0.537,0.528,1,Treg cell
ZNF714,0.3955610248218186,0.20521264723316968,0.036,0.033,1,Treg cell
ZNF852,0.39592945016607217,0.33509462687862523,0.017,0.014,1,Treg cell
ASPRV1,0.39687678024479445,0.3288264968713017,0.022,0.019,1,Treg cell
TBC1D32,0.3970795763608937,0.19521381693286077,0.026,0.023,1,Treg cell
TRAF3,0.39738890914548525,0.2825257461229933,0.158,0.15,1,Treg cell
NEK3,0.3974354121313665,0.18748846520772933,0.038,0.034,1,Treg cell
SIK3,0.39755915529495545,0.11223735865200468,0.148,0.146,1,Treg cell
UTP4,0.3976379715102349,0.15348499311194708,0.053,0.048,1,Treg cell
GRWD1,0.3977976963360033,0.12028238397010171,0.113,0.106,1,Treg cell
BTG1,0.39782208768746247,12.851189762592892,0.899,0.893,1,Treg cell
NIPAL2,0.3985781512969957,0.17699574958010844,0.062,0.057,1,Treg cell
MPND,0.39890639013618795,0.2108933297868778,0.039,0.035,1,Treg cell
SCAPER,0.39897878422090743,0.1205480941708883,0.079,0.072,1,Treg cell
FUOM,0.3990604255598542,0.2177299244585802,0.041,0.038,1,Treg cell
AK6,0.39955003593704325,0.11442456959430602,0.101,0.095,1,Treg cell
POM121C,0.3996413509629652,-0.2526033774111207,0.01,0.012,1,Treg cell
CAMSAP2,0.4003260823515205,0.18051607190500008,0.045,0.041,1,Treg cell
CKAP4,0.40039339633788656,0.10339692528147948,0.032,0.033,1,Treg cell
GABARAPL1,0.4006131401781404,0.17849306666672238,0.045,0.042,1,Treg cell
FCHSD2,0.4008150017165429,-0.2132506795332223,0.176,0.172,1,Treg cell
CALR,0.40116665108993155,0.9416150343608533,0.22,0.215,1,Treg cell
HSPD1,0.4019160746585021,-0.33516453179903283,0.228,0.219,1,Treg cell
HRH2,0.40274941015997184,-0.10920398944391385,0.042,0.044,1,Treg cell
GPR25,0.40288894008481635,-1.7049698228431212,0.03,0.027,1,Treg cell
C1GALT1,0.4036122980589682,0.13701294421850396,0.102,0.103,1,Treg cell
C19orf47,0.40418201362174366,0.23076456715753402,0.078,0.073,1,Treg cell
ZNF23,0.4045906209375225,0.1036124493670103,0.081,0.075,1,Treg cell
PELO,0.40531424640655267,0.2239270452421307,0.046,0.042,1,Treg cell
SPATA2,0.4057980346929478,0.15199932592698584,0.02,0.019,1,Treg cell
AKR7A2,0.40590717468304927,0.13921773400215098,0.086,0.081,1,Treg cell
ITFG2,0.40598503188412566,0.11082187254295617,0.242,0.232,1,Treg cell
SOCS2,0.40689085479523024,5.477287076023132,0.089,0.087,1,Treg cell
B3GNT9,0.40744126305404826,0.23664475948970498,0.015,0.013,1,Treg cell
ADO,0.407780809948261,0.15752590132577815,0.03,0.026,1,Treg cell
CFAP418,0.4081201724388685,0.16528079666304674,0.015,0.015,1,Treg cell
AK9,0.40819501529185465,0.1228958167642098,0.091,0.086,1,Treg cell
SLC25A33,0.4085547079298852,0.2465768831595816,0.044,0.04,1,Treg cell
TTC31,0.4087546063030465,0.1105897197678738,0.083,0.08,1,Treg cell
SLC46A3,0.40876018442092965,0.11976223765213678,0.099,0.096,1,Treg cell
MECR,0.40890703966834285,0.2722838287228537,0.032,0.029,1,Treg cell
PLEKHA8,0.4095137929219934,0.15674555839192283,0.092,0.09,1,Treg cell
GRK4,0.409790347170125,-0.2885822117547443,0.012,0.014,1,Treg cell
VCP,0.40979567952066576,0.2224160960051751,0.14,0.138,1,Treg cell
GLTP,0.41026731063809047,0.11659623886551307,0.064,0.059,1,Treg cell
ST7L,0.4104530317292395,0.15793391394348744,0.049,0.048,1,Treg cell
WIZ,0.4105753200035446,0.12302782313933203,0.113,0.111,1,Treg cell
SELENOS,0.41081951078135426,0.20060231733086087,0.147,0.142,1,Treg cell
CDC42EP2,0.4115149658436521,-0.32113468502977494,0.011,0.013,1,Treg cell
GNPNAT1,0.41153975723809577,0.127063803601275,0.07,0.065,1,Treg cell
ST3GAL4,0.41159104551724573,0.33881449803627905,0.014,0.012,1,Treg cell
LRFN1,0.4116554543657702,0.16925341406809036,0.029,0.028,1,Treg cell
RNF144A,0.41169594442215945,-0.5502815097530528,0.118,0.116,1,Treg cell
VWDE,0.4117826888750983,0.25648410560857027,0.015,0.013,1,Treg cell
GPA33,0.4121722390118328,0.29997164117966957,0.105,0.101,1,Treg cell
C1orf54,0.4126204227446896,0.5513789907229425,0.016,0.013,1,Treg cell
TMEM236,0.41305452820168786,0.19398186716840105,0.015,0.013,1,Treg cell
TACC3,0.4134355593501901,0.5447381163805733,0.299,0.295,1,Treg cell
CD63,0.4150527460423116,0.4425293635803207,0.102,0.094,1,Treg cell
NISCH,0.41524400601559064,0.15844961362193377,0.262,0.256,1,Treg cell
CDC14B,0.41557028260842266,-0.1684967845747214,0.049,0.051,1,Treg cell
PMS1,0.41579702960543596,0.17194246526112855,0.172,0.167,1,Treg cell
DNAJC18,0.41615115142838477,-0.1693050367385478,0.035,0.039,1,Treg cell
RAC1,0.41618008168835424,0.13695934695624734,0.139,0.136,1,Treg cell
AGBL2,0.4164330842513195,0.2279659845373807,0.026,0.023,1,Treg cell
ABCB8,0.4165055310796666,0.10807145403424023,0.099,0.092,1,Treg cell
VAMP4,0.41732582432952653,0.1922322505724392,0.187,0.18,1,Treg cell
RAB3D,0.41789846738774866,0.1999893373382733,0.027,0.025,1,Treg cell
AK3,0.41815718674798324,0.14485868161932158,0.108,0.102,1,Treg cell
KATNAL1,0.4184973626596603,-0.15923161181354395,0.107,0.102,1,Treg cell
ZKSCAN3,0.41890017041816846,0.20617945451013453,0.038,0.035,1,Treg cell
GPC2,0.4190852383471913,0.37758586627497115,0.034,0.034,1,Treg cell
DUSP2,0.419122667621708,0.5463781854043921,0.042,0.04,1,Treg cell
VAMP3,0.41951238686739023,-0.11339959157837054,0.207,0.213,1,Treg cell
IMP4,0.4197957668582746,0.10655142664556028,0.161,0.156,1,Treg cell
CHRNB1,0.41988285299075245,0.1624952376934541,0.038,0.034,1,Treg cell
SPCS2,0.4201037879270833,0.13202233510472006,0.13,0.123,1,Treg cell
VGLL4,0.4204019350528469,0.25933162469120585,0.029,0.025,1,Treg cell
GRB2,0.4204622702402179,1.6316455058744739,0.495,0.485,1,Treg cell
ZNF892,0.42046342243427093,0.19500049232862438,0.03,0.027,1,Treg cell
ALPK1,0.42055976339371826,0.18581520840273047,0.01,0.01,1,Treg cell
SUMF1,0.421171123506385,-0.12219973436191456,0.06,0.062,1,Treg cell
FCSK,0.42117742690109883,0.10872283591654197,0.044,0.04,1,Treg cell
COPS2,0.42191887508586046,0.12093653120650083,0.348,0.338,1,Treg cell
ACADVL,0.422749254120823,-0.1431052792336086,0.236,0.234,1,Treg cell
MKKS,0.4229916413680828,0.15705315054683044,0.087,0.082,1,Treg cell
CUBN,0.42314427548956557,-0.1044712687998599,0.067,0.067,1,Treg cell
ZNF169,0.42320960922311696,0.1481443295024678,0.061,0.057,1,Treg cell
FYCO1,0.42357527275977297,0.17785296264292216,0.126,0.121,1,Treg cell
ACER1,0.4240535729349672,0.29628798614129614,0.012,0.01,1,Treg cell
SLMAP,0.4242562710632317,0.21171876289404112,0.259,0.25,1,Treg cell
EHMT1,0.42427009587994885,-0.26043977916467487,0.378,0.371,1,Treg cell
ANKRD33B,0.4244603199594522,0.19915590385729143,0.016,0.015,1,Treg cell
EEIG2,0.42479404966639156,-0.4346678557026791,0.067,0.064,1,Treg cell
GCN1,0.42555883193732885,0.18562807797006886,0.209,0.213,1,Treg cell
DOLK,0.42601048767786764,0.20696570696772199,0.033,0.031,1,Treg cell
ABCD1,0.42607951769497343,0.10967761619212268,0.038,0.035,1,Treg cell
XPR1,0.4262351486267803,0.14024711219652475,0.125,0.12,1,Treg cell
ARHGAP18,0.4264733928388167,0.21753102672176539,0.058,0.056,1,Treg cell
ATP13A4,0.426769998329524,0.49479210277222574,0.014,0.012,1,Treg cell
TMEM237,0.4272530558170022,0.19399668257074332,0.021,0.017,1,Treg cell
NMNAT1,0.42774124022738486,0.1684848052935104,0.051,0.047,1,Treg cell
MDK,0.4277690850149034,-0.1848509271248977,0.017,0.018,1,Treg cell
NRN1L,0.4278841475513869,0.10529795956276367,0.023,0.023,1,Treg cell
QTRT2,0.4280552446081493,0.12508196233109148,0.058,0.055,1,Treg cell
CRELD2,0.4281519058972207,0.1975481122935987,0.087,0.082,1,Treg cell
CCDC117,0.4284269707716195,0.17658458190096282,0.149,0.141,1,Treg cell
WDR1,0.42867045102586565,0.10688176982758657,0.092,0.085,1,Treg cell
SH3BGRL2,0.4286861311298176,-0.23695938796296812,0.011,0.011,1,Treg cell
CCDC127,0.4296042730115668,0.29650505973040353,0.061,0.057,1,Treg cell
NFATC1,0.42960839139260854,0.1493587700191459,0.252,0.255,1,Treg cell
NUP35,0.42972825876443527,-0.1051568515031307,0.066,0.067,1,Treg cell
TTLL5,0.42981705520961244,-0.4269097405515928,0.185,0.175,1,Treg cell
FBF1,0.43049389751004935,0.19727956893261211,0.103,0.096,1,Treg cell
CILK1,0.4306054094495458,0.1387002209457453,0.096,0.09,1,Treg cell
UBE3C,0.43079768848597,0.2188974532314607,0.433,0.427,1,Treg cell
EIF5B,0.43176937830773177,0.16039668921293487,0.283,0.274,1,Treg cell
TMA7,0.43186071162011264,0.35568026395234814,0.343,0.34,1,Treg cell
RBM14,0.43249998435670967,0.18273765399783648,0.409,0.405,1,Treg cell
PRRC1,0.43267063041488313,0.10235023931977638,0.154,0.147,1,Treg cell
ZNF605,0.4327743769049198,-0.14993066627028329,0.051,0.055,1,Treg cell
SNX11,0.43310661957353347,0.10768519283420375,0.035,0.031,1,Treg cell
GALNT1,0.4331899068936041,0.1300803799165389,0.211,0.202,1,Treg cell
MFSD9,0.43327626326631286,0.21554406323317687,0.044,0.04,1,Treg cell
DCUN1D2,0.43368820719517703,-0.2289219546435448,0.047,0.049,1,Treg cell
RAD18,0.4338665277586553,-0.1900685025950941,0.073,0.077,1,Treg cell
UBXN8,0.4353829754733693,0.2408206612540087,0.028,0.025,1,Treg cell
ANAPC2,0.43547599879808974,0.12865218579478377,0.192,0.185,1,Treg cell
DDX11,0.43579293603292646,-0.23563408511308825,0.009,0.011,1,Treg cell
RRBP1,0.4358980586823633,0.2195195811685795,0.039,0.035,1,Treg cell
POLR1E,0.4360186198473561,0.13035802367537896,0.145,0.142,1,Treg cell
TAF11,0.43641051978986467,-0.1460510562092947,0.229,0.227,1,Treg cell
CADM1,0.437253507732915,0.6236359902741284,0.024,0.021,1,Treg cell
WDR44,0.4373580786517867,0.10135086346291722,0.144,0.138,1,Treg cell
FBXW5,0.43745147295023,0.2751660762134863,0.248,0.239,1,Treg cell
DTWD2,0.4375834479193841,0.20735101898924135,0.026,0.023,1,Treg cell
AMH,0.43774867639720133,-0.10224162764297251,0.012,0.014,1,Treg cell
AAK1,0.4378290454512484,-1.597464901601537,0.654,0.644,1,Treg cell
TIMELESS,0.43799668471180836,0.12335881623206912,0.016,0.016,1,Treg cell
ATMIN,0.4380900476119058,0.15567294054022124,0.216,0.208,1,Treg cell
KPNB1,0.438456551152347,0.15478081368308855,0.274,0.266,1,Treg cell
LRIF1,0.4385223254738868,0.16378105771328966,0.114,0.108,1,Treg cell
ZNF239,0.43895563877298543,-0.14007264021814514,0.012,0.012,1,Treg cell
NDOR1,0.43912195610021537,0.1978559888927589,0.047,0.043,1,Treg cell
MED23,0.4391560451959702,0.10988634333293251,0.241,0.235,1,Treg cell
UPP1,0.4393778489434119,0.142198470373185,0.174,0.172,1,Treg cell
NUP42,0.4399793797926182,0.13357018833969225,0.162,0.155,1,Treg cell
TSPAN15,0.44006904955155,0.3009433250278404,0.012,0.01,1,Treg cell
TUBGCP4,0.4401819082202809,0.109930785162065,0.07,0.065,1,Treg cell
C4orf50,0.4402555710137845,0.3731675835274251,0.018,0.016,1,Treg cell
HIVEP3,0.4408293475227317,0.5444272526526617,0.062,0.056,1,Treg cell
CROCC,0.44095602792894006,-0.1011484914027756,0.068,0.072,1,Treg cell
TMEM225B,0.44129562137702544,0.3513495516603147,0.01,0.009,1,Treg cell
CLNK,0.44135800499952427,1.3943452094397084,0.055,0.051,1,Treg cell
MATK,0.4416495857964644,0.4025964956235928,0.013,0.012,1,Treg cell
PIGB,0.44195976190535197,0.142681431427365,0.069,0.065,1,Treg cell
OCRL,0.4419747243892491,-0.3153586168948914,0.013,0.014,1,Treg cell
NUFIP2,0.4425204329168565,0.46506365993101306,0.383,0.372,1,Treg cell
CEP95,0.4428677972467251,-0.10835392581298764,0.211,0.204,1,Treg cell
PPM1B,0.4433555646809861,0.11937121220650437,0.357,0.349,1,Treg cell
RLF,0.443396682891375,0.18813243115546152,0.154,0.148,1,Treg cell
RALB,0.44352908424125703,0.17378727136593763,0.055,0.05,1,Treg cell
KCNC4,0.4436441995726666,-0.14558825506656925,0.039,0.043,1,Treg cell
VPS8,0.44397678534573337,-0.1492433817792429,0.148,0.149,1,Treg cell
SEM1,0.4440680399768463,0.3723025908179693,0.216,0.21,1,Treg cell
PPAT,0.44421371113041114,0.3695076350541928,0.043,0.039,1,Treg cell
CCDC152,0.4448414395466618,0.10424765935628422,0.036,0.038,1,Treg cell
GK5,0.4448681047639481,0.17164869726071208,0.068,0.063,1,Treg cell
ZNF16,0.4452201543409019,0.18598186768021296,0.025,0.022,1,Treg cell
ANK3,0.4452491509231859,-1.304200835778032,0.028,0.03,1,Treg cell
PIGBOS1,0.44575279372757487,0.1534686663877518,0.041,0.037,1,Treg cell
TMEM242,0.4457761651383012,0.1548249884805586,0.13,0.128,1,Treg cell
TUBG1,0.44603107916881285,0.1712487444141484,0.024,0.021,1,Treg cell
AKR1C8,0.4464670272137958,-0.28649873987408636,0.013,0.016,1,Treg cell
ACSM3,0.4474745122755788,0.1870297496945179,0.02,0.018,1,Treg cell
LRRC61,0.44770879141651737,0.16884007048858996,0.035,0.036,1,Treg cell
MAP1LC3A,0.447859681270925,-0.45180043219554467,0.014,0.016,1,Treg cell
HENMT1,0.44794947172712274,0.11045768165214476,0.095,0.094,1,Treg cell
GGH,0.4485145005575511,0.5870936860090437,0.011,0.01,1,Treg cell
DDX17,0.44876221938126576,0.5440048457347473,0.714,0.707,1,Treg cell
SLC45A4,0.4487967590777432,-0.19742113852698218,0.018,0.02,1,Treg cell
ZSWIM8,0.44910964254781216,0.17965373035502763,0.123,0.117,1,Treg cell
GPI,0.44911629231055883,0.10910927997220443,0.125,0.117,1,Treg cell
DDX31,0.4491394137105257,0.1001914611944077,0.112,0.107,1,Treg cell
SPC24,0.4495350906826983,0.24793277501865862,0.01,0.009,1,Treg cell
IFT52,0.44966407293580485,0.14600214901115516,0.061,0.058,1,Treg cell
MPV17L2,0.4507973089339022,0.19783315671274604,0.017,0.014,1,Treg cell
ZNF575,0.4516970222770732,0.236908240264321,0.024,0.022,1,Treg cell
INTS2,0.45208891853342903,0.13111019477823582,0.085,0.08,1,Treg cell
ZNF335,0.45211750957648933,0.11804724435540992,0.135,0.128,1,Treg cell
RBKS,0.45211828235855744,0.24098869936077172,0.013,0.011,1,Treg cell
CEBPD,0.4521320099427079,0.36710617150969593,0.033,0.029,1,Treg cell
IER3,0.45244723887381555,-0.1605129098943534,0.011,0.013,1,Treg cell
SMIM14,0.452931896084821,-0.12522694134532175,0.054,0.051,1,Treg cell
MIER1,0.45394114107655453,1.1014039282002799,0.446,0.434,1,Treg cell
AOAH,0.45427704861581875,0.8260183906098857,0.026,0.023,1,Treg cell
ZNF606,0.4548422047953067,0.19848004605680236,0.08,0.074,1,Treg cell
LTA,0.4562071555549686,0.1307924462475083,0.026,0.025,1,Treg cell
PRPSAP1,0.45623736153684924,0.16549969396631448,0.143,0.135,1,Treg cell
PPM1F,0.4562704628702687,0.1435002554389182,0.102,0.097,1,Treg cell
HS6ST1,0.45631686943590777,-0.17590697781672304,0.024,0.026,1,Treg cell
CRTC2,0.4563302727809446,0.19813264456722035,0.315,0.306,1,Treg cell
NSD2,0.45645283667162123,-0.10605054804284841,0.132,0.128,1,Treg cell
UBA1,0.45646008699064045,-0.1528121024139273,0.314,0.304,1,Treg cell
LIN37,0.4566928798974797,0.14036925896576458,0.052,0.047,1,Treg cell
PLA2G12A,0.4571546803284512,0.13252898813293612,0.093,0.09,1,Treg cell
ANKHD1,0.4577838522168264,-0.2227955487243074,0.562,0.551,1,Treg cell
PLXNA3,0.4580130940195608,0.11003797694917394,0.121,0.122,1,Treg cell
DYM,0.458204944673591,-0.2310124082142797,0.428,0.426,1,Treg cell
NLK,0.4582136168224241,0.12950761495820495,0.173,0.163,1,Treg cell
MALT1,0.4588399465770135,0.4344604293537153,0.528,0.533,1,Treg cell
GHDC,0.45894159508078036,0.19315337308176295,0.038,0.035,1,Treg cell
P4HTM,0.45919544260013245,-0.14808542470478359,0.132,0.126,1,Treg cell
TTC21A,0.45946093143390193,-0.10367550242438028,0.01,0.008,1,Treg cell
ZNF706,0.4604256316402127,0.13781534797511324,0.264,0.256,1,Treg cell
RHOU,0.4608993035920166,0.12138698429960915,0.012,0.01,1,Treg cell
NAB1,0.46109637336807147,0.18170900077895613,0.145,0.139,1,Treg cell
MCOLN2,0.4611224850600224,0.23423254893805012,0.012,0.01,1,Treg cell
ZNF281,0.4614352067555056,-0.1202697124390163,0.182,0.185,1,Treg cell
ZNF449,0.4619615130707737,0.17273947240415488,0.048,0.045,1,Treg cell
SLC27A3,0.4620217615200086,-0.14671384160664847,0.023,0.023,1,Treg cell
IQCG,0.4622176386665965,0.19228791252358857,0.042,0.038,1,Treg cell
CALML4,0.4629761006915475,-0.1413723810369092,0.023,0.023,1,Treg cell
SUCLA2,0.46351696071740434,-0.10641817114448271,0.035,0.036,1,Treg cell
MICAL2,0.46367980458264585,0.41414899019078044,0.109,0.102,1,Treg cell
PCNA,0.4638338136935823,0.16337435902892627,0.041,0.038,1,Treg cell
RFX1,0.46392984443839724,0.10447221186655264,0.097,0.091,1,Treg cell
PELI1,0.46460842169414707,0.2026574432138566,0.255,0.251,1,Treg cell
CDK7,0.46558642485624147,0.13355037668199277,0.091,0.087,1,Treg cell
NT5C,0.46581347118506966,0.199140156321999,0.149,0.142,1,Treg cell
SETD7,0.46591662547587787,0.14990729523870594,0.127,0.119,1,Treg cell
GHITM,0.46595064197723973,-0.17514787343764415,0.303,0.292,1,Treg cell
ZNF382,0.46605777459749465,0.11666246043479855,0.038,0.035,1,Treg cell
KLF16,0.4665039658928892,0.26636219554995577,0.02,0.018,1,Treg cell
NRBP2,0.4665205257246789,0.14332276032877855,0.041,0.04,1,Treg cell
TECPR2,0.4667260789267399,0.14148266432502155,0.033,0.03,1,Treg cell
CDKL5,0.4667627439998319,0.1530070915389894,0.019,0.016,1,Treg cell
ZNF724,0.4670198562589741,0.17065787703858604,0.023,0.022,1,Treg cell
JHY,0.46730534211421193,0.23924579431399362,0.027,0.024,1,Treg cell
TFDP2,0.4679808031439535,0.17143825275282243,0.084,0.079,1,Treg cell
DENND6A,0.46814362070725163,0.10955078189017131,0.332,0.33,1,Treg cell
KDM8,0.4685882189665881,0.24339130246737017,0.012,0.012,1,Treg cell
TUBA1B,0.4688587091476235,15.801234113973877,0.28,0.271,1,Treg cell
GAB3,0.46897848671306314,0.35112204671307357,0.034,0.03,1,Treg cell
RBM34,0.4692016854281866,0.18599850728157286,0.026,0.024,1,Treg cell
AMN1,0.46955741206659196,0.25995017887242167,0.108,0.103,1,Treg cell
EIF4B,0.4696290733809308,-0.9073364587303239,0.561,0.55,1,Treg cell
PLEKHA5,0.4704532166527238,0.1166758503743619,0.03,0.027,1,Treg cell
PLCXD2,0.4706309140600319,-0.11617236917338047,0.044,0.042,1,Treg cell
IRF5,0.4708884678217847,0.19860434438319619,0.026,0.024,1,Treg cell
CPLANE2,0.47098739405995804,0.22688702841022756,0.011,0.01,1,Treg cell
IDI1,0.47141994923978514,0.11009413513854449,0.087,0.082,1,Treg cell
ZWILCH,0.47148933771245777,0.15812372680179365,0.051,0.051,1,Treg cell
DFFB,0.4718905810501859,0.2003690232646398,0.045,0.042,1,Treg cell
BOD1,0.4725464167582515,0.17000240835203506,0.084,0.08,1,Treg cell
TERF2,0.47284982163725076,0.11800566511129118,0.297,0.286,1,Treg cell
GALNT8,0.4730279306266276,0.25126140535381447,0.025,0.023,1,Treg cell
DUT,0.47313892105568806,0.2801534426645168,0.171,0.167,1,Treg cell
NEMF,0.4737609105436688,-0.14356492841914292,0.469,0.463,1,Treg cell
CAPRIN2,0.4738212254861532,0.17995321734077163,0.217,0.209,1,Treg cell
CTSF,0.4738937537120292,0.1359939372073753,0.052,0.048,1,Treg cell
NUCB2,0.4740395348781177,1.2183211200210344,0.161,0.167,1,Treg cell
FBXO44,0.4742883514568035,0.10098221719872225,0.096,0.09,1,Treg cell
TRIM41,0.47434609610666856,-0.11505960736274523,0.111,0.113,1,Treg cell
TNXB,0.47490397722968225,0.30662688640100555,0.011,0.01,1,Treg cell
TIMM9,0.4749713346763699,0.677133098273438,0.207,0.202,1,Treg cell
H1-1,0.4754103342419264,0.2093302571876423,0.02,0.019,1,Treg cell
H3C10,0.47577472900229817,0.16234396412851426,0.04,0.037,1,Treg cell
EGR1,0.47597003343412325,-9.429901824679606,0.026,0.024,1,Treg cell
RNF2,0.4760880007911617,0.1132682436941892,0.109,0.106,1,Treg cell
MMGT1,0.4769185195935279,0.2305832946742411,0.219,0.21,1,Treg cell
CCDC17,0.47704526376292566,-0.13199365293927867,0.031,0.034,1,Treg cell
STK36,0.4774509924973024,-0.27876374999398834,0.02,0.022,1,Treg cell
MAP4K4,0.477750893739103,2.08009551509825,0.419,0.408,1,Treg cell
SUPT4H1,0.4779001367830128,0.17790134410954273,0.167,0.159,1,Treg cell
ZNF674,0.4783651769134095,0.22779328836181634,0.026,0.024,1,Treg cell
NADK,0.4786139263409766,0.12536918659176743,0.091,0.084,1,Treg cell
MIGA1,0.4788976151154053,0.13316241591393507,0.187,0.181,1,Treg cell
SETDB2,0.47896630542392055,0.22604044542483223,0.256,0.247,1,Treg cell
MAGED1,0.47932574962972824,0.15592711337616283,0.143,0.138,1,Treg cell
FLOT1,0.4800393515629304,-0.14837802021276647,0.158,0.155,1,Treg cell
MELK,0.4801648423367469,0.21243687528462907,0.011,0.009,1,Treg cell
PRRC2C,0.48016522609763856,0.7194791937601003,0.409,0.405,1,Treg cell
PDPR,0.4802245799774514,-0.8069644039856357,0.233,0.235,1,Treg cell
TMEM94,0.48041804667288524,0.10215812969709503,0.127,0.119,1,Treg cell
LENG8,0.4807920356498878,-0.15045950341459058,0.834,0.838,1,Treg cell
GINS4,0.48082811823764204,0.2585948965774607,0.02,0.018,1,Treg cell
MFSD5,0.4809659009440591,0.1445885946220673,0.087,0.086,1,Treg cell
ABCC4,0.48096742566574713,0.1603689644256031,0.145,0.137,1,Treg cell
BACE1,0.4812254915816663,-0.23550620734487548,0.013,0.013,1,Treg cell
PRPF40B,0.48150944985692,-0.2715708995902233,0.014,0.016,1,Treg cell
ACSL6,0.48264565848939045,0.12677702286438386,0.03,0.031,1,Treg cell
UPK3B,0.4830662089694532,-0.22050404899864784,0.013,0.014,1,Treg cell
STK32C,0.48339790534041666,0.18037376967291152,0.034,0.031,1,Treg cell
FLNB,0.48346052378340704,0.3350494554858141,0.164,0.163,1,Treg cell
PIK3R3,0.48388721257828016,0.3805775581504074,0.023,0.019,1,Treg cell
ZNRF1,0.4842429425248332,0.2991077008143437,0.05,0.049,1,Treg cell
CHTOP,0.48426792854046424,0.8380791894015944,0.377,0.367,1,Treg cell
TIMM10B,0.484314304434599,0.10963205473838392,0.229,0.221,1,Treg cell
CSNK1A1,0.48432512250818344,0.1145809035062515,0.143,0.138,1,Treg cell
ARHGAP32,0.4849585097689684,-0.3556650710613658,0.017,0.019,1,Treg cell
PGM2,0.4849680341102255,0.11367755750161335,0.111,0.11,1,Treg cell
UTRN,0.4850214131961037,-3.9644371578511852,0.497,0.488,1,Treg cell
UTS2,0.4855687438285916,0.45093962367972507,0.128,0.117,1,Treg cell
FBXO3,0.4857209334064662,0.23715119448658906,0.303,0.293,1,Treg cell
S100Z,0.486144268452641,0.25436251184331393,0.014,0.012,1,Treg cell
LEPR,0.4862080454600836,0.2603451166554356,0.026,0.024,1,Treg cell
SIPA1L1,0.48653184417797274,0.1260653509401597,0.064,0.06,1,Treg cell
NDUFB6,0.486773167289686,0.1426144221582697,0.146,0.14,1,Treg cell
BMP1,0.48780379331511337,-0.15852760622854056,0.009,0.011,1,Treg cell
DPEP2,0.487830380211939,0.1397865201422137,0.201,0.194,1,Treg cell
ARID4A,0.4881433983021215,0.23579619532422164,0.284,0.281,1,Treg cell
ZNF684,0.48924153385342084,0.22418354323655443,0.019,0.017,1,Treg cell
EMC3,0.4896093706465479,0.395456568582074,0.201,0.197,1,Treg cell
TAF1B,0.48979009057977163,0.11479744662593871,0.104,0.098,1,Treg cell
CHPF2,0.49003804145081375,0.1808400514916304,0.096,0.094,1,Treg cell
KLHL17,0.4902513254391794,-0.2649945297538139,0.025,0.027,1,Treg cell
MAMSTR,0.49039178235898717,0.16794037004212026,0.014,0.013,1,Treg cell
PPP1R37,0.4905871018485583,0.16415768162361077,0.044,0.041,1,Treg cell
RAD1,0.4906168032714998,0.14500994955836521,0.08,0.076,1,Treg cell
C19orf44,0.49088840115275306,0.2600012040029762,0.016,0.015,1,Treg cell
ZNF329,0.49093807698291886,0.11668573248186132,0.073,0.068,1,Treg cell
ELK4,0.4910801977399212,-3.1194167988755837,0.617,0.609,1,Treg cell
GPSM1,0.49148949704771455,0.11055877718529938,0.012,0.01,1,Treg cell
MED25,0.49162516261420564,0.15812913225187822,0.233,0.225,1,Treg cell
THAP2,0.4918216506802742,0.20217766405435356,0.085,0.082,1,Treg cell
ACBD5,0.49213483081877984,0.11341688520485183,0.14,0.136,1,Treg cell
COX14,0.49235949383967276,0.13527480516695944,0.305,0.293,1,Treg cell
RAB4A,0.4927900518582268,0.4269679008517553,0.277,0.27,1,Treg cell
GPR15,0.49307968550925685,-11.029871985536543,0.09,0.099,1,Treg cell
HOOK3,0.49333593418323474,-0.13815768070269718,0.237,0.237,1,Treg cell
DUSP8,0.4933433597371716,0.19528382074341888,0.016,0.013,1,Treg cell
ERI2,0.493884142813227,-0.17184849041436046,0.015,0.015,1,Treg cell
ZNF546,0.4943316581312224,-0.1590300314074824,0.034,0.036,1,Treg cell
PPP1R15B,0.49441483648141815,-0.14278726287915944,0.365,0.37,1,Treg cell
KAT2A,0.4947580062992335,-0.17195806779909173,0.024,0.027,1,Treg cell
PHKG1,0.4948476334554876,0.23730046711144848,0.01,0.009,1,Treg cell
EFCAB7,0.49493300950367525,0.1847152636700522,0.036,0.032,1,Treg cell
CPM,0.49501295229758757,0.7010516794416812,0.023,0.019,1,Treg cell
STRADA,0.49516114668588995,0.11469089521898157,0.088,0.086,1,Treg cell
ZNF57,0.49535061963847365,-0.13781564969785354,0.012,0.012,1,Treg cell
C3orf18,0.49561249980451155,0.23802326360349024,0.012,0.01,1,Treg cell
C17orf80,0.49569298031340714,-0.11247676350637903,0.047,0.048,1,Treg cell
ZNF573,0.49581009722016445,-0.1366608717537019,0.124,0.124,1,Treg cell
KIAA0232,0.4960372032645047,0.16000418649960224,0.102,0.096,1,Treg cell
METTL14,0.49610318326172587,0.24716460230558068,0.147,0.142,1,Treg cell
MYO5A,0.49635529623963137,0.13494323404846909,0.152,0.146,1,Treg cell
ZNF484,0.49637476030719435,0.16124851367898185,0.122,0.116,1,Treg cell
SNX17,0.4966074510881626,0.12873765377972113,0.327,0.319,1,Treg cell
ZNF717,0.49714644336978697,0.12529592637071563,0.05,0.046,1,Treg cell
TFR2,0.49717707839399666,0.2975843727595926,0.011,0.009,1,Treg cell
ISOC2,0.4971869397605889,0.21702027334801555,0.056,0.053,1,Treg cell
PPP2R2D,0.49738240416397905,0.16996608052512302,0.246,0.242,1,Treg cell
H1-5,0.49771271692619506,8.450821597650553,0.156,0.149,1,Treg cell
MDGA1,0.4981943478284183,-0.11927879445032019,0.04,0.039,1,Treg cell
MARF1,0.498655339201222,0.1603850954713349,0.264,0.259,1,Treg cell
PNRC1,0.4986969243171726,-3.762110618901186,0.945,0.946,1,Treg cell
URGCP,0.4988270839401361,0.2058946674904838,0.092,0.091,1,Treg cell
KBTBD2,0.49891480535373,-0.25907735302361157,0.312,0.314,1,Treg cell
KLF6,0.4996919699453427,5.690985381131135,0.702,0.7,1,Treg cell
PARD6B,0.4998307817989709,-0.10394637497912784,0.048,0.051,1,Treg cell
RAB24,0.5000799395284172,0.11152833349377556,0.017,0.017,1,Treg cell
LYPLA2,0.5002269215999425,0.10372444821220483,0.057,0.053,1,Treg cell
LCAT,0.5004092302794462,-0.22455212887146825,0.018,0.019,1,Treg cell
SLC17A5,0.5005231074547157,0.17740245698433155,0.056,0.053,1,Treg cell
NCOA7,0.5018384401995093,0.5953853627094707,0.118,0.112,1,Treg cell
LYSMD4,0.50194844604791,0.10312408922589711,0.098,0.091,1,Treg cell
EIF3F,0.5022109393584799,0.12675178298874856,0.461,0.454,1,Treg cell
KIF13B,0.502513095883873,0.11862978508746935,0.11,0.105,1,Treg cell
PHF20L1,0.5025460704104904,0.1289152215848886,0.229,0.226,1,Treg cell
H2AC11,0.5028685005254585,0.2674843743932387,0.032,0.028,1,Treg cell
TSC22D1,0.5031858078922636,4.5419493676240705,0.053,0.051,1,Treg cell
MPZL3,0.5031966504265888,0.13448743789269058,0.079,0.075,1,Treg cell
PIWIL4,0.5033999027923834,0.2181732407614536,0.013,0.012,1,Treg cell
ZNF365,0.5036368279436786,0.5081776799553663,0.076,0.07,1,Treg cell
FKBP3,0.5037524498405727,0.10459727898083804,0.179,0.175,1,Treg cell
PTRH2,0.5038799067104752,0.10524771854000115,0.03,0.027,1,Treg cell
CEP68,0.50407700255194,0.3503265240102127,0.231,0.224,1,Treg cell
C2orf15,0.5047670993491353,0.4921720773373499,0.011,0.01,1,Treg cell
C8orf58,0.5050317289194792,0.2149843844070789,0.017,0.016,1,Treg cell
AIDA,0.5056599960601593,0.16732397919206543,0.209,0.209,1,Treg cell
PSMA7,0.5065700840286487,-3.1181211494925645,0.335,0.326,1,Treg cell
IQCN,0.5074659447821381,0.12682551461745817,0.051,0.053,1,Treg cell
MMD,0.5076329537423256,0.13657041851441099,0.057,0.053,1,Treg cell
USP35,0.5077420343757256,0.11929348694515829,0.039,0.036,1,Treg cell
MT-ND3,0.5082071780141684,-32.76468429682525,0.944,0.948,1,Treg cell
DHX32,0.5082243324315476,-0.24134960949809825,0.033,0.035,1,Treg cell
ARHGAP33,0.5083339929055236,-0.10236164915637858,0.017,0.018,1,Treg cell
FDXR,0.5087424236468067,2.237654250406429,0.036,0.033,1,Treg cell
MAPK1IP1L,0.509839497849029,0.15068496725654512,0.491,0.483,1,Treg cell
LZTR1,0.5103216098450458,0.1049222779566703,0.064,0.063,1,Treg cell
FOSB,0.5103943472709489,-1.403269073622092,0.027,0.028,1,Treg cell
B4GALT5,0.5104770375626977,0.6492606867338492,0.083,0.087,1,Treg cell
SQSTM1,0.5110166819273347,0.11577605924881196,0.537,0.525,1,Treg cell
ICA1,0.5113183254093587,-0.301090699985898,0.017,0.021,1,Treg cell
THEM6,0.5118087676830769,0.14654612895324037,0.031,0.028,1,Treg cell
ZNF282,0.5119263052792652,0.19058667687272246,0.084,0.08,1,Treg cell
DENND1A,0.5119670203226021,0.2248856929844283,0.112,0.106,1,Treg cell
AFG1L,0.5125347350075219,0.18437364870479023,0.018,0.016,1,Treg cell
MLLT6,0.513112633352217,-0.21204812199379042,0.731,0.726,1,Treg cell
FAM171A1,0.513483301406013,-0.10675929766636738,0.011,0.011,1,Treg cell
C6orf163,0.5140925519944848,0.14852346058424848,0.036,0.033,1,Treg cell
SUFU,0.514240099068874,0.1257649913424177,0.059,0.055,1,Treg cell
COQ10A,0.5142802522237362,0.1212778694138561,0.043,0.041,1,Treg cell
H2BK1,0.5143858820472217,-0.17947325517068968,0.015,0.017,1,Treg cell
ECT2,0.51536566177055,0.11119731823229362,0.016,0.014,1,Treg cell
NANP,0.5154389265927077,-0.15332299392710258,0.011,0.012,1,Treg cell
UBASH3A,0.5154406418967564,0.10866685666708109,0.205,0.2,1,Treg cell
VARS1,0.515597546535157,0.17667032718809073,0.132,0.126,1,Treg cell
LMAN1,0.5160238471393941,-0.13577232143900878,0.244,0.238,1,Treg cell
CD14,0.5164519325065164,-0.17920554112499243,0.021,0.023,1,Treg cell
CENPL,0.5167289288052646,0.11709574076130869,0.038,0.035,1,Treg cell
ZNF781,0.5171010049621926,-0.16630902742482423,0.023,0.025,1,Treg cell
DYNC2LI1,0.517161157480573,0.14504031606742718,0.022,0.022,1,Treg cell
ADPRM,0.517747044646345,0.15200566127851256,0.157,0.148,1,Treg cell
TAF1C,0.5181244610299346,0.13889468066045252,0.064,0.059,1,Treg cell
SLC9B2,0.5182577993577898,0.1450031429007539,0.059,0.055,1,Treg cell
KCTD2,0.5191866107131786,0.1172966519279286,0.104,0.098,1,Treg cell
MEA1,0.5192072690703349,0.14306861810122262,0.108,0.107,1,Treg cell
FAM210B,0.5193898179448655,0.18311516781242698,0.081,0.077,1,Treg cell
ZNF675,0.5195588273671633,0.11630734692375677,0.078,0.073,1,Treg cell
ARFGAP3,0.5195997783503589,0.10988676227591143,0.187,0.181,1,Treg cell
STK26,0.5199601581810088,0.1773138930030122,0.205,0.2,1,Treg cell
C1QTNF6,0.5199658903263644,-0.17773887170353886,0.072,0.076,1,Treg cell
FGR,0.5201820835479332,-0.19558315776160828,0.019,0.021,1,Treg cell
FUT4,0.5202936193680724,0.12342343019041335,0.031,0.027,1,Treg cell
SSBP2,0.5213214833127597,0.23883936879243417,0.098,0.093,1,Treg cell
ITSN2,0.521981491216656,0.11281444153512621,0.465,0.455,1,Treg cell
RBM23,0.5232663481875232,0.17513335558419207,0.188,0.183,1,Treg cell
KIAA0825,0.5232823560855702,0.1516615800357628,0.043,0.039,1,Treg cell
NHLRC4,0.5235396626467794,-0.2134177192006863,0.018,0.02,1,Treg cell
NFKB2,0.5238975115457242,-0.14649210065388285,0.119,0.125,1,Treg cell
ATXN1,0.524114623607835,0.19583320867435017,0.347,0.344,1,Treg cell
PTPDC1,0.5247750162508693,-0.22761269313238364,0.03,0.032,1,Treg cell
SELENOI,0.5251007406326568,0.15096525989586973,0.106,0.1,1,Treg cell
ZNF132,0.5252718210904278,0.1726246817422128,0.022,0.019,1,Treg cell
PFDN4,0.525694357684863,-0.11743182313061018,0.036,0.039,1,Treg cell
FAM24B,0.5257201524199937,-0.11962574355872801,0.046,0.048,1,Treg cell
FAM98B,0.5261255650780071,0.18287484604423215,0.219,0.212,1,Treg cell
ZKSCAN2,0.5270042690076209,0.24199419091015084,0.01,0.008,1,Treg cell
PLAGL1,0.5272237096833714,0.21180203768988015,0.026,0.024,1,Treg cell
TCF7,0.5278274513000079,20.904651303338746,0.679,0.683,1,Treg cell
MYO15B,0.5282973563284317,-0.16213106287979362,0.104,0.103,1,Treg cell
ACAP2,0.5283884513319371,-0.10492499020268559,0.317,0.309,1,Treg cell
CHM,0.5287255571781714,0.11426915369847879,0.111,0.106,1,Treg cell
MAPRE3,0.5290591393480093,0.21463525265267336,0.011,0.009,1,Treg cell
CRY1,0.5298528917844834,-0.8405934295023446,0.128,0.122,1,Treg cell
MTURN,0.5304402881214243,-0.13273682275422294,0.104,0.105,1,Treg cell
WDR25,0.5307022241347239,0.111209256088034,0.042,0.04,1,Treg cell
KMT2E,0.531154524761432,-0.1949455857115967,0.675,0.669,1,Treg cell
ACP2,0.5312369620577845,0.10714324060685332,0.099,0.094,1,Treg cell
ZNF77,0.5315640740194624,0.2738327845326278,0.014,0.013,1,Treg cell
FKBP14,0.5318435429247685,0.1783651573714442,0.029,0.027,1,Treg cell
GRINA,0.5319135343549499,0.23259850362599982,0.191,0.184,1,Treg cell
ACP6,0.5319802822255405,0.11840539573955677,0.061,0.058,1,Treg cell
RRAGD,0.5320500576460645,0.15330947756588476,0.01,0.008,1,Treg cell
ZKSCAN5,0.5327933051857665,0.13909473767269676,0.038,0.035,1,Treg cell
ATP5MGL,0.5333442061449898,-0.1180531307325321,0.012,0.013,1,Treg cell
ZNF552,0.534340180403695,0.11845234734378085,0.086,0.084,1,Treg cell
PGPEP1,0.5346056967098227,-0.32341787798339405,0.153,0.148,1,Treg cell
NCR3,0.5350722511189335,0.17916775867246448,0.054,0.054,1,Treg cell
IWS1,0.5350837081047453,0.1895542238120341,0.275,0.268,1,Treg cell
GABPB2,0.5353194970406574,-0.1449584746894701,0.216,0.209,1,Treg cell
SSBP1,0.5355216406661802,0.105373607033584,0.035,0.034,1,Treg cell
ADAM9,0.5357018740259659,0.14260393087464607,0.013,0.011,1,Treg cell
P2RY10,0.5362762038528491,-7.1048544907906965,0.477,0.469,1,Treg cell
MYBL1,0.5363804172756421,-0.6629343417193001,0.064,0.064,1,Treg cell
MIPEP,0.5364246271787517,-0.10807592476668582,0.041,0.04,1,Treg cell
FAM114A2,0.5364782236039265,0.10827910879184866,0.098,0.094,1,Treg cell
CCNYL1,0.536781228743113,0.12435828079314781,0.074,0.073,1,Treg cell
C2orf42,0.537212974919158,0.10722356151570223,0.071,0.069,1,Treg cell
ATP23,0.5373445115694322,0.19572383675847105,0.054,0.053,1,Treg cell
CENPU,0.5373860882142103,0.2585346236951187,0.019,0.018,1,Treg cell
C1orf162,0.5376267681611986,-0.7137300236360556,0.137,0.133,1,Treg cell
ANKRD49,0.5390925256323807,0.1639223999484638,0.236,0.227,1,Treg cell
KCNH2,0.539413784677059,-0.143855928579808,0.014,0.016,1,Treg cell
MRNIP,0.5397156205229467,-0.21208433580740937,0.196,0.189,1,Treg cell
TMEM107,0.5399016292488336,-0.11329403896239176,0.035,0.036,1,Treg cell
ZNF444,0.5400597986014669,0.14645974745659363,0.085,0.083,1,Treg cell
BCL2L13,0.5411472726753184,-0.2611360513924522,0.208,0.2,1,Treg cell
C1orf56,0.5414479106676321,-0.20835162390577722,0.021,0.022,1,Treg cell
PDCD1,0.5416109379928984,-0.1306521756271115,0.027,0.024,1,Treg cell
SPATA20,0.541947233971181,0.11736682877089644,0.069,0.066,1,Treg cell
RAB34,0.541970995269781,0.23741031372096977,0.016,0.015,1,Treg cell
TMEM120B,0.5420700915003288,0.15987840446683066,0.025,0.023,1,Treg cell
ZGRF1,0.5423173998333152,-0.3831050979582664,0.046,0.045,1,Treg cell
PPP1R12B,0.5438115257886402,-0.12356263320148675,0.182,0.174,1,Treg cell
METTL7A,0.5442339196273785,-4.344777674326577,0.159,0.156,1,Treg cell
F2RL1,0.5445597453813724,0.24459070229649615,0.011,0.01,1,Treg cell
L2HGDH,0.545115079198393,0.35843802248858436,0.033,0.032,1,Treg cell
GGCX,0.5456668145970807,0.14116561158819874,0.039,0.036,1,Treg cell
SLC37A1,0.5459200271946155,-0.12124465021466158,0.036,0.037,1,Treg cell
MYOM1,0.5465791185908964,-0.1563101925057797,0.015,0.017,1,Treg cell
SLC12A7,0.5467796792090566,0.2664281536336793,0.222,0.215,1,Treg cell
CHUK,0.5469523417813692,0.17079564803231118,0.131,0.127,1,Treg cell
EXOSC4,0.5472354877038467,0.10115880070636907,0.043,0.04,1,Treg cell
ACACA,0.5474649405347276,0.2819215793122347,0.113,0.113,1,Treg cell
ZNF470,0.5474969469781522,0.15760370585082484,0.03,0.027,1,Treg cell
PEX7,0.5475930433711892,0.12917481211019144,0.031,0.027,1,Treg cell
CCDC86,0.5480410081745332,0.21251018254386533,0.02,0.018,1,Treg cell
PFN2,0.5482081180558327,0.5100907739601213,0.021,0.02,1,Treg cell
DENND11,0.5485936408255631,-0.3006979644269878,0.366,0.372,1,Treg cell
MAFB,0.548723885067734,0.1476174412026916,0.01,0.009,1,Treg cell
GLMN,0.5487993989912533,0.11420939946378406,0.126,0.124,1,Treg cell
ZNF71,0.5488267492275758,0.20100871649652685,0.06,0.056,1,Treg cell
TIMD4,0.5493697699886426,0.18158237007135847,0.102,0.104,1,Treg cell
ACTL10,0.5493963947699693,0.27125217297744797,0.016,0.014,1,Treg cell
PPIG,0.5495019968010304,0.2787153528391695,0.322,0.32,1,Treg cell
DNM3,0.5495552989055242,0.142312824285038,0.022,0.02,1,Treg cell
ALKBH4,0.5501600711863048,0.15267946293998635,0.049,0.045,1,Treg cell
NUDT17,0.5505693178584536,-0.17723022433160995,0.014,0.016,1,Treg cell
EFCAB13,0.5508630647698123,-0.21869892711976346,0.064,0.065,1,Treg cell
IMP3,0.5511572284700289,0.15965936455247176,0.142,0.141,1,Treg cell
PNPLA8,0.5514486520346262,0.17295435950751115,0.095,0.089,1,Treg cell
LEAP2,0.552490491898043,0.2037960907377192,0.015,0.014,1,Treg cell
NXF1,0.5526300999460216,0.11496027443860102,0.202,0.195,1,Treg cell
ASIC3,0.554343626228206,0.12549584810847314,0.011,0.011,1,Treg cell
SUN1,0.5544358063071074,0.2563988335908731,0.28,0.275,1,Treg cell
GCNT4,0.5544501501116305,0.28485908691360295,0.354,0.361,1,Treg cell
TRAF6,0.5557627293380852,0.17474546676215907,0.114,0.11,1,Treg cell
TNK1,0.5560537542404419,-0.18942514165548907,0.028,0.031,1,Treg cell
ATP6V1G2,0.5564546969267539,-0.1233238432464967,0.017,0.016,1,Treg cell
FNTB,0.556729134124966,0.11871748658833514,0.043,0.04,1,Treg cell
TSGA10,0.5577665219996019,0.15325784265335773,0.028,0.027,1,Treg cell
EPHB4,0.5577769171034078,-0.31417158589310734,0.011,0.012,1,Treg cell
NUDT16,0.5578974877693196,0.16376899785083543,0.087,0.083,1,Treg cell
LTO1,0.5583769899006084,0.13243570105187574,0.061,0.059,1,Treg cell
CHAF1B,0.5583947347351231,-0.20130203435392868,0.017,0.018,1,Treg cell
STX1A,0.5585909366341051,0.16522835899152444,0.03,0.026,1,Treg cell
KLRB1,0.5586341661896821,-3.34030014194553,0.118,0.116,1,Treg cell
CXCR5,0.5587411852421252,-0.16730231621935765,0.052,0.057,1,Treg cell
AUTS2,0.5587858811889479,0.7130052702077907,0.02,0.018,1,Treg cell
AP4M1,0.5589508319755491,0.16937303971283502,0.018,0.016,1,Treg cell
CPT1B,0.5591610457120744,0.1621422207512273,0.028,0.025,1,Treg cell
UPF3B,0.5597741478681756,0.10971061445042407,0.079,0.076,1,Treg cell
C10orf88,0.5602466528102212,0.16788177910462432,0.096,0.092,1,Treg cell
ST8SIA1,0.5604251908189872,0.17460010174377927,0.137,0.141,1,Treg cell
ZNF764,0.5623036338320837,0.184539497161766,0.024,0.022,1,Treg cell
TXLNA,0.5623984215742527,0.24287899731731685,0.233,0.226,1,Treg cell
RBMS2,0.563892382885794,-0.37521030813408807,0.009,0.011,1,Treg cell
AHCY,0.5642701682001273,-0.13431860243405636,0.058,0.054,1,Treg cell
FAM161A,0.564569052287803,0.13332835774819962,0.016,0.015,1,Treg cell
ZNF580,0.5646868177878404,0.17162018291949482,0.208,0.203,1,Treg cell
MPP1,0.564810217975811,-0.18801618268444464,0.053,0.05,1,Treg cell
ZW10,0.5650007660363846,0.1576004295566904,0.093,0.088,1,Treg cell
MIER2,0.5652180157330021,0.11578262661512273,0.028,0.027,1,Treg cell
BDP1,0.5652295754444054,0.18594572034566892,0.348,0.338,1,Treg cell
PRG4,0.5658376467963032,-0.4382349496818829,0.01,0.009,1,Treg cell
KIF21A,0.5659214151757705,0.23092403330904832,0.037,0.035,1,Treg cell
EIF4EBP1,0.5664904324430506,0.1412019296917415,0.038,0.036,1,Treg cell
ROPN1L,0.5667160222642024,0.11858034110968863,0.027,0.025,1,Treg cell
PPFIBP2,0.5667416699568156,-0.2244903244083396,0.022,0.025,1,Treg cell
CCDC50,0.5668630123287763,0.5939417337574013,0.142,0.135,1,Treg cell
U2AF2,0.5672533713851645,0.12171394946853153,0.161,0.159,1,Treg cell
CEP295,0.5673393179772717,0.5131526600539873,0.065,0.061,1,Treg cell
TTC16,0.5675762718580387,-0.22820562755912288,0.009,0.011,1,Treg cell
LGALS3BP,0.5681333697238969,0.2114745914873506,0.055,0.055,1,Treg cell
VAV3,0.5685760224165095,0.14734508918825184,0.129,0.127,1,Treg cell
KNTC1,0.5687412658479365,-0.2004249818660635,0.106,0.11,1,Treg cell
RBBP6,0.5688290640755351,-0.37556531548811534,0.384,0.384,1,Treg cell
TEF,0.5689742882329313,-0.17742173377521553,0.039,0.04,1,Treg cell
EPPK1,0.5693876387103562,0.21147192990589936,0.062,0.059,1,Treg cell
FUCA2,0.5696241146611658,0.19650130297450596,0.063,0.061,1,Treg cell
TRIP4,0.5701464726835446,0.1048261529779746,0.154,0.146,1,Treg cell
MSRA,0.5701514999734809,0.15774114992347243,0.067,0.064,1,Treg cell
BABAM2,0.5705758416631833,-0.2070015057764878,0.139,0.137,1,Treg cell
UBE3A,0.5709237745907313,0.42176232263838176,0.466,0.463,1,Treg cell
ZNF420,0.5709536481577072,0.1406365207650624,0.055,0.052,1,Treg cell
PLP2,0.5713514874186952,-0.2218066752333876,0.176,0.169,1,Treg cell
CLIC1,0.5713782323856034,0.21780405779676104,0.126,0.12,1,Treg cell
CDK8,0.5716751965244216,-0.10569275342510265,0.091,0.093,1,Treg cell
CLTC,0.5717542244165351,0.13177489299663137,0.041,0.04,1,Treg cell
KCNK6,0.5721838689620469,0.2660244707418462,0.048,0.045,1,Treg cell
EVC,0.572263941743478,-0.1265043953234093,0.017,0.016,1,Treg cell
PPA2,0.572499814443887,-1.7479007714430126,0.156,0.15,1,Treg cell
S100A12,0.5737878251816149,0.5012282657985456,0.031,0.028,1,Treg cell
TSTD2,0.5739443038140233,0.15018971538620152,0.07,0.069,1,Treg cell
MAP7D3,0.5745249378878151,0.14452059765486647,0.055,0.051,1,Treg cell
AK4,0.5748568725753188,0.24669812920902645,0.052,0.05,1,Treg cell
RFNG,0.5751990439490617,0.10787739182798006,0.104,0.099,1,Treg cell
PDCD2,0.5758275298425073,0.21364302438787597,0.023,0.02,1,Treg cell
STK3,0.5766550580211746,-0.24518951222065422,0.012,0.013,1,Treg cell
ARRDC3,0.5773689304444894,-0.15065633688759483,0.676,0.672,1,Treg cell
ENSG00000188897,0.5775974287986579,-0.5237000622008221,0.01,0.01,1,Treg cell
ATRX,0.577642630183714,0.276157474993709,0.479,0.469,1,Treg cell
ANKRD18A,0.5779205231865971,0.19680541485952174,0.061,0.056,1,Treg cell
SNX9,0.5789945917584484,0.16079136036268538,0.149,0.146,1,Treg cell
FBXL18,0.5792972317265437,0.12358145140519738,0.058,0.058,1,Treg cell
CEACAM1,0.5794849492519569,0.15547664280971674,0.011,0.009,1,Treg cell
IGF2R,0.5804907760945399,0.1047860138533383,0.237,0.233,1,Treg cell
MYCBPAP,0.5805524548788592,0.1259081721448556,0.014,0.012,1,Treg cell
SNRPA,0.5823651635260576,0.8071544102125339,0.302,0.3,1,Treg cell
THAP1,0.5825144151535757,0.11982160693139376,0.118,0.113,1,Treg cell
PPP2R1B,0.5827669956713459,0.20052998643756714,0.276,0.268,1,Treg cell
FASTKD1,0.5828570749433384,0.11151530848864977,0.112,0.107,1,Treg cell
C9orf85,0.5833928703721012,0.10348933560120632,0.131,0.129,1,Treg cell
TSC22D2,0.5835214479404232,-0.21294603931540101,0.211,0.214,1,Treg cell
KIAA0586,0.5835620250408526,0.12765196312498028,0.177,0.173,1,Treg cell
ACVR2A,0.5836187919804157,-0.16258147748049545,0.051,0.05,1,Treg cell
PNISR,0.5836950801874213,-1.2711217447297214,0.774,0.769,1,Treg cell
SDF4,0.5838627331516515,0.34952788706979077,0.332,0.325,1,Treg cell
SNX3,0.5840364248644153,-0.22225377851052497,0.417,0.409,1,Treg cell
ACTMAP,0.5842792898633733,0.27597200957235835,0.019,0.018,1,Treg cell
NFU1,0.5844628276570728,-0.15569493037612714,0.155,0.161,1,Treg cell
ACAD10,0.5847842845729776,0.11767640278299929,0.056,0.055,1,Treg cell
PTPN12,0.5851079330884201,0.14776497789890497,0.085,0.08,1,Treg cell
MANF,0.5851220991371744,0.1254416112331307,0.164,0.159,1,Treg cell
RELL1,0.5851496753547445,0.12027660739975565,0.125,0.12,1,Treg cell
CLIP4,0.5851575974091281,-0.291626600363323,0.236,0.238,1,Treg cell
USP22,0.5864617753054935,0.10521932226883379,0.188,0.185,1,Treg cell
EIF2S2,0.5865554114609721,-0.19569260284996481,0.011,0.012,1,Treg cell
NCEH1,0.5866774127947484,-0.13516656185742537,0.01,0.012,1,Treg cell
MAFG,0.5867631247402347,-0.17205675735260506,0.021,0.022,1,Treg cell
DNAJC10,0.5867674833501577,0.17802830482844806,0.224,0.217,1,Treg cell
CDIN1,0.5872058354528361,0.15619252981781928,0.04,0.037,1,Treg cell
PSTPIP2,0.5874472638552691,0.17205893410469075,0.053,0.051,1,Treg cell
ITGAV,0.5883033916978655,0.203350544244155,0.054,0.05,1,Treg cell
MRS2,0.5891965145170605,0.10880505279661312,0.093,0.088,1,Treg cell
ZNHIT1,0.5892488971668548,0.12359502016738766,0.138,0.132,1,Treg cell
CDYL,0.5895508403959238,0.16437327553074255,0.095,0.093,1,Treg cell
ZNF772,0.5895572432614679,-0.18851019607234676,0.01,0.011,1,Treg cell
AHSA1,0.5896326902983546,-0.171094996804742,0.331,0.337,1,Treg cell
CAB39L,0.5897762371433168,0.22334858879115504,0.041,0.039,1,Treg cell
TIGD2,0.5900512974265185,-0.1678626937151093,0.044,0.044,1,Treg cell
HNRNPH3,0.5901921694732273,0.2977366664723915,0.534,0.53,1,Treg cell
FUNDC2,0.5906497118380183,0.135755710766567,0.029,0.027,1,Treg cell
ABHD6,0.5912365513719301,0.12752891015054857,0.021,0.018,1,Treg cell
HMOX1,0.5916208607433646,-0.5104873909356629,0.013,0.011,1,Treg cell
UBE2D4,0.5920494155265965,0.12912064784268873,0.032,0.029,1,Treg cell
IFIT2,0.5921573923937662,-0.11719853234781841,0.025,0.027,1,Treg cell
GIMAP1,0.5923497560635358,0.5598391951661135,0.343,0.34,1,Treg cell
ERAL1,0.592367800231999,0.1115071948478068,0.08,0.076,1,Treg cell
ATP5MC1,0.5929038557890552,0.10399809671645954,0.05,0.046,1,Treg cell
GAREM2,0.5932993960483193,0.18613664125436458,0.016,0.015,1,Treg cell
CCDC71,0.5935343653885037,0.11861030992147237,0.056,0.053,1,Treg cell
MAP3K1,0.5939508245737534,0.24152445356782337,0.719,0.712,1,Treg cell
SOD2,0.5950861336367088,0.28308517890123985,0.333,0.329,1,Treg cell
TMEM254,0.5953816161477196,0.10644925104368408,0.057,0.052,1,Treg cell
DTX3,0.5956577502475188,0.1512443078157153,0.088,0.082,1,Treg cell
VILL,0.5960021835380097,-0.13703918043630114,0.073,0.076,1,Treg cell
NHSL2,0.5960305847411776,0.24591041447481787,0.024,0.021,1,Treg cell
PYROXD1,0.5960663793544831,0.10515710771028042,0.176,0.172,1,Treg cell
POLR1C,0.5964012537654909,-0.1623438117546594,0.029,0.032,1,Treg cell
ANKRD17,0.5965980726648692,0.1458986109427971,0.373,0.369,1,Treg cell
FXYD2,0.5972832927725916,-1.806121688469444,0.063,0.065,1,Treg cell
SWT1,0.5978370756164542,0.1506889202402546,0.093,0.091,1,Treg cell
DDX28,0.5981898521566485,0.15550722301816133,0.115,0.111,1,Treg cell
ZC3H12D,0.5982970225136658,2.469541507791514,0.479,0.468,1,Treg cell
MAP9,0.598331381593446,0.21554225934941762,0.024,0.021,1,Treg cell
UST,0.5988206240186382,-0.6737789713968434,0.029,0.027,1,Treg cell
XRCC6,0.5992621246242155,0.24460117449434593,0.078,0.074,1,Treg cell
ISM1,0.5993291925081491,-0.35609816005517647,0.011,0.01,1,Treg cell
UBE2E2,0.599966845194605,0.11369210087063486,0.018,0.018,1,Treg cell
SFXN4,0.600215342670459,0.1298893309064808,0.052,0.05,1,Treg cell
OSGIN2,0.6004875565728286,0.13202868150127056,0.046,0.044,1,Treg cell
FAM221A,0.6005749337050322,0.14223198743287035,0.031,0.028,1,Treg cell
TBKBP1,0.6006567936060374,-0.1669672133916813,0.044,0.047,1,Treg cell
B4GAT1,0.6011397841468371,0.21354314060423718,0.025,0.022,1,Treg cell
SNED1,0.6012289053775256,-0.12677009710828546,0.038,0.036,1,Treg cell
ZDHHC21,0.601565931691136,0.1225359467000191,0.109,0.105,1,Treg cell
TIMP2,0.6017024386702159,0.2005003258385334,0.032,0.031,1,Treg cell
TK1,0.601719957489868,0.34498406389469816,0.013,0.012,1,Treg cell
CCDC32,0.603658872071315,-0.12110553822250947,0.163,0.161,1,Treg cell
PDLIM5,0.6038270819407875,0.15096421578991492,0.033,0.03,1,Treg cell
PLAAT3,0.6040745283151387,0.599377419885196,0.028,0.03,1,Treg cell
WTAP,0.6045152358328303,0.23430870373731794,0.204,0.198,1,Treg cell
NOXA1,0.6046028385728484,0.3638096102914483,0.01,0.009,1,Treg cell
CHPT1,0.6047405274947365,-0.10807952624592021,0.062,0.065,1,Treg cell
ERBIN,0.6049464116150064,3.1837274447519173,0.543,0.536,1,Treg cell
AMOT,0.6051795523387911,0.2587089919086818,0.017,0.016,1,Treg cell
IGHG1,0.6052082105708816,-0.1496064422522787,0.012,0.014,1,Treg cell
ID2,0.6059064850647827,-0.17126017529878118,0.057,0.054,1,Treg cell
FXYD7,0.605939237532584,0.23227342597749345,0.025,0.023,1,Treg cell
TRIM68,0.6060273417093178,0.19279931704447506,0.016,0.015,1,Treg cell
TTC38,0.6060297720861212,-0.19078421529310674,0.017,0.019,1,Treg cell
RLN2,0.6070801493031491,-0.20216454401066564,0.016,0.016,1,Treg cell
ING5,0.6072640714825466,0.14788587821990928,0.143,0.143,1,Treg cell
MCF2L2,0.6075777803584155,-0.28262686806820825,0.088,0.085,1,Treg cell
TCEANC,0.6085482543006994,0.11689236901351574,0.046,0.045,1,Treg cell
CHTF18,0.6086760243442465,-0.1254973217006281,0.02,0.022,1,Treg cell
TRIO,0.6093494032502099,0.7018726755992142,0.04,0.036,1,Treg cell
ZFYVE9,0.6096513848903631,-0.11719487278744767,0.035,0.034,1,Treg cell
RNF227,0.6107295808208983,-0.2011210708461415,0.026,0.027,1,Treg cell
PSMD5,0.6114964296453835,-0.13108460765124885,0.023,0.026,1,Treg cell
ZNF202,0.612082935740178,-0.1097166039614188,0.048,0.051,1,Treg cell
TAF4B,0.6125287454639609,0.11822334911030241,0.044,0.045,1,Treg cell
KIF16B,0.6146566139499021,-0.14475058374192784,0.094,0.092,1,Treg cell
LRRC20,0.6148940472379844,0.2754575980387033,0.01,0.008,1,Treg cell
PLAC8,0.6150700520178087,-12.932699834443703,0.204,0.212,1,Treg cell
C2orf49,0.6155393121179523,0.13231178369988394,0.191,0.184,1,Treg cell
MYPOP,0.6172728195393893,0.13706846407172968,0.026,0.024,1,Treg cell
TM2D3,0.6175818359059403,0.12334098789374809,0.225,0.219,1,Treg cell
KDM1B,0.6179131295937725,0.5094840172338782,0.089,0.085,1,Treg cell
TPH1,0.6186203794514108,0.1359991481537275,0.012,0.012,1,Treg cell
FURIN,0.6187363764624574,0.16644769426669392,0.09,0.085,1,Treg cell
CD320,0.6192191326678356,0.28610133033792207,0.127,0.122,1,Treg cell
UGCG,0.6193753824996515,-0.12417268373356347,0.279,0.273,1,Treg cell
ZRANB2,0.6194647871437275,-0.11088967438165542,0.532,0.529,1,Treg cell
TTC26,0.6199136519447352,-0.13077627681912052,0.01,0.01,1,Treg cell
WDR47,0.6201129395792008,0.10981829253277597,0.057,0.055,1,Treg cell
WDR91,0.6209273976560248,-0.1386207399373851,0.069,0.069,1,Treg cell
ITPRIP,0.6212454242284947,0.13831968857279975,0.057,0.053,1,Treg cell
XBP1,0.6212831595856765,3.251589584168797,0.19,0.194,1,Treg cell
MAPK11,0.6215540754973274,0.221492025524066,0.021,0.019,1,Treg cell
NEK8,0.6226042113622626,0.10683740206032333,0.021,0.022,1,Treg cell
EPM2A,0.6231779892382545,0.2394013825569954,0.038,0.037,1,Treg cell
SLC2A13,0.6248936588065928,0.1666693413496323,0.052,0.049,1,Treg cell
NETO2,0.6251458635433594,0.17113417458907954,0.043,0.039,1,Treg cell
TMEM150A,0.6256329403478567,-0.12580841962910316,0.016,0.018,1,Treg cell
CSNK2B,0.6256861054860066,0.13763203028821225,0.21,0.203,1,Treg cell
GARIN1A,0.6260709714522492,-0.12334423827630747,0.01,0.011,1,Treg cell
TRIM46,0.6264458128152465,0.10423271186749528,0.034,0.034,1,Treg cell
TAF6,0.6266761447176682,-0.23094827162764786,0.125,0.129,1,Treg cell
PITPNC1,0.626740349349199,0.17364315438694217,0.266,0.26,1,Treg cell
NFKBIL1,0.6281887562588895,0.1439129780093329,0.039,0.036,1,Treg cell
ORC6,0.6283787330507861,-0.2721275132131291,0.016,0.017,1,Treg cell
NR1H2,0.6283864249835335,0.12751032478125313,0.18,0.174,1,Treg cell
ZNF646,0.6287524382139088,0.17245636467491332,0.095,0.09,1,Treg cell
PRR3,0.6292488765865976,0.17885674489248782,0.026,0.024,1,Treg cell
TM9SF1,0.6295386019244238,0.11756992057218252,0.096,0.094,1,Treg cell
PMM2,0.6301770992690112,-0.20060137864846372,0.162,0.157,1,Treg cell
ESS2,0.6306744317028458,-0.20297277791903978,0.072,0.072,1,Treg cell
DTYMK,0.6306995051982618,0.1281490370085132,0.063,0.059,1,Treg cell
INAFM2,0.6312076033803883,-0.1750042875242741,0.014,0.016,1,Treg cell
NCOA3,0.6317770017076916,-0.8818550865042725,0.435,0.439,1,Treg cell
LARGE2,0.6322825403724596,-0.14441172195833296,0.009,0.01,1,Treg cell
RAD9A,0.6323241775891428,-0.11330295381491551,0.068,0.065,1,Treg cell
TMEM214,0.6328670569402719,0.11108177548070275,0.078,0.074,1,Treg cell
FAM131A,0.6339469249241523,0.1322028620608524,0.02,0.018,1,Treg cell
IRAG2,0.6342540263744564,0.14294725654289042,0.103,0.106,1,Treg cell
ZNF428,0.6349610584136645,0.14716952677050799,0.109,0.105,1,Treg cell
STRBP,0.6353555556803281,-0.11177663435167884,0.151,0.148,1,Treg cell
SLFN12,0.6358052300164215,0.16202404223372335,0.038,0.035,1,Treg cell
ITGB3BP,0.6364867387810813,0.3269995786272042,0.104,0.103,1,Treg cell
BCS1L,0.6367250829921903,0.11930429138749243,0.069,0.068,1,Treg cell
LMO7,0.6371386919909997,0.15997366163149795,0.047,0.045,1,Treg cell
CD226,0.6374125865943548,-0.5333795069684685,0.199,0.191,1,Treg cell
TTC9,0.6376080306211949,-0.19019345684160588,0.194,0.191,1,Treg cell
ASH2L,0.6376139185925491,0.18759823910276485,0.146,0.145,1,Treg cell
TRAPPC11,0.6377231527179549,0.13104419345651142,0.18,0.173,1,Treg cell
TRPS1,0.638166988706541,-0.29680228522051677,0.121,0.124,1,Treg cell
EXTL3,0.6389495124248715,0.16158432409882595,0.049,0.046,1,Treg cell
BRCA1,0.6391884800405465,-0.13173313888077054,0.01,0.009,1,Treg cell
RPP14,0.6392612675215217,0.12527635214314348,0.015,0.013,1,Treg cell
TTC22,0.6393397319301318,-0.22071577846716117,0.037,0.038,1,Treg cell
EEF2KMT,0.6394065654548491,0.14846394030536736,0.025,0.023,1,Treg cell
ASPM,0.6396330318305632,10.454087713284265,0.013,0.013,1,Treg cell
C12orf40,0.6397510787486389,0.1822355218723084,0.013,0.011,1,Treg cell
ATP1B1,0.6398927273797383,-2.068567965378688,0.033,0.032,1,Treg cell
AFF3,0.6404810812061509,0.20465168159841207,0.032,0.031,1,Treg cell
MTFMT,0.6405462361700435,0.1372556792649684,0.031,0.029,1,Treg cell
DYNLT2,0.6426149590776374,0.111423173926946,0.039,0.036,1,Treg cell
NMB,0.6434034855438894,0.11003770607051422,0.029,0.026,1,Treg cell
MIEF2,0.6436104660094478,-0.12276150160887411,0.017,0.018,1,Treg cell
HOMER3,0.6439390692676169,-0.35794678793145174,0.011,0.012,1,Treg cell
AFDN,0.6447620655504864,0.12503271283047734,0.059,0.056,1,Treg cell
GGA2,0.6449330981986154,0.18535594395958688,0.353,0.345,1,Treg cell
SYCP2,0.6449791933290256,-0.5240327764286539,0.035,0.037,1,Treg cell
CEACAM4,0.6457313838230658,-0.9479307384438016,0.099,0.104,1,Treg cell
POLR2H,0.6459169058737573,0.23952638947443877,0.224,0.219,1,Treg cell
CNKSR1,0.6468930428492883,-0.12874718978238064,0.018,0.02,1,Treg cell
MEF2B,0.6471659686827794,0.15075169503324748,0.051,0.049,1,Treg cell
NFYA,0.6471897113419668,0.10114869927050485,0.128,0.124,1,Treg cell
PDLIM7,0.6472416821389495,-0.1516636685367443,0.015,0.017,1,Treg cell
TAOK2,0.6485327983561204,0.1103613849047248,0.18,0.175,1,Treg cell
PARP10,0.6487136682470372,0.19924950143381448,0.108,0.11,1,Treg cell
PSMD12,0.6490940493375086,0.1170338969448752,0.167,0.16,1,Treg cell
ZBTB39,0.6494213611323033,-0.12692641881217037,0.057,0.058,1,Treg cell
MB21D2,0.6495640685916354,0.13267537228470339,0.035,0.033,1,Treg cell
SNW1,0.6496664247884593,0.10840451650057326,0.194,0.189,1,Treg cell
E2F5,0.6500396132110068,0.39354036062950826,0.017,0.015,1,Treg cell
GUCA1B,0.6502088971688701,0.16825045404610695,0.011,0.011,1,Treg cell
TNFSF13B,0.6502639195203408,0.12125833777760686,0.026,0.025,1,Treg cell
ID3,0.6506575777494286,-0.3027264588337262,0.172,0.17,1,Treg cell
AKAP7,0.6510806550626557,-2.290270631667373,0.125,0.131,1,Treg cell
CENPH,0.651324191959268,0.1984684614922001,0.057,0.057,1,Treg cell
PCIF1,0.6516747578183641,0.12244462814118973,0.181,0.178,1,Treg cell
B3GNTL1,0.6518747030777456,0.10935769088139136,0.032,0.031,1,Treg cell
TMEM182,0.65228971891321,0.1936948975217847,0.034,0.034,1,Treg cell
MBD6,0.6532970851417758,0.15472127417686976,0.171,0.168,1,Treg cell
BLK,0.6539294054507113,1.3052058996955136,0.018,0.017,1,Treg cell
MLYCD,0.654398168190621,0.11156253400604754,0.058,0.054,1,Treg cell
PPIP5K1,0.6546599347642792,0.1110956431508261,0.029,0.027,1,Treg cell
MAD2L1,0.654823488612525,0.48193918131172575,0.058,0.056,1,Treg cell
MRM1,0.6549690616422859,0.17882300060535927,0.043,0.04,1,Treg cell
SIAE,0.6552079853315953,0.16335188672865408,0.029,0.028,1,Treg cell
TMPO,0.6559882222500436,1.5065485793471591,0.366,0.358,1,Treg cell
KIF9,0.6561374643271843,0.15251627173570892,0.01,0.008,1,Treg cell
CD93,0.6577935151272571,-0.6060796151351417,0.02,0.021,1,Treg cell
KCTD17,0.6589108420427974,0.14368004040877302,0.098,0.095,1,Treg cell
CELF6,0.6589882576858183,0.16640268852857965,0.015,0.014,1,Treg cell
XYLT2,0.659397788867911,0.10065052708086908,0.1,0.097,1,Treg cell
ZNF502,0.6594868991452668,0.2674142000433557,0.016,0.014,1,Treg cell
UNC93B1,0.6596149765186421,-0.2643179866422254,0.06,0.062,1,Treg cell
BBS12,0.6605382177295132,0.29964191463828627,0.013,0.013,1,Treg cell
SIRPB1,0.6609270221598094,-0.1087815160442358,0.031,0.034,1,Treg cell
LAMP3,0.6611170081467341,3.1605065852795806,0.017,0.017,1,Treg cell
SRC,0.6611735484773761,0.24792659118242621,0.01,0.008,1,Treg cell
ZNF835,0.6616028722947508,-0.11274964049763536,0.011,0.013,1,Treg cell
PDE4A,0.6618329582503143,0.14101877291566467,0.033,0.031,1,Treg cell
COPB1,0.6620966072293248,0.625114865976312,0.27,0.263,1,Treg cell
DDOST,0.6623705604422044,0.3993391214336627,0.208,0.202,1,Treg cell
TYSND1,0.6627039084140718,0.12169631044264095,0.065,0.061,1,Treg cell
SIK2,0.6630560532570723,-0.19899825634255208,0.086,0.087,1,Treg cell
ZNF516,0.6630861455536046,0.2541006604713161,0.017,0.017,1,Treg cell
CCDC22,0.663646408674094,0.14902532792773204,0.052,0.049,1,Treg cell
JAM3,0.6643589330083329,0.21301588607801847,0.012,0.011,1,Treg cell
DDTL,0.6643645160521866,0.1946480288710899,0.036,0.034,1,Treg cell
C12orf57,0.664762402457713,1.6019117215857381,0.645,0.642,1,Treg cell
SIMC1,0.6659664088176516,0.22299460363170764,0.058,0.055,1,Treg cell
SSTR3,0.6659720161117408,0.1994722336757011,0.017,0.016,1,Treg cell
PLPP1,0.666874297227116,0.22429230156407032,0.043,0.042,1,Treg cell
RNF11,0.6672505046481072,1.7339135035760496,0.184,0.181,1,Treg cell
SDHA,0.6678063047451442,0.12778352783385705,0.1,0.094,1,Treg cell
CD70,0.6682573538047027,-2.995346859873035,0.041,0.038,1,Treg cell
FANCC,0.6686020365532528,0.27732756430907735,0.07,0.068,1,Treg cell
ZC3H14,0.6686910479225803,0.10251492259164863,0.105,0.101,1,Treg cell
SDR42E1,0.6687333896993235,0.16429833719765696,0.02,0.019,1,Treg cell
BRWD1,0.6687854633991136,0.23749081061788424,0.32,0.313,1,Treg cell
MFSD3,0.6688317802865494,0.15314319506151453,0.014,0.013,1,Treg cell
NASP,0.669196709109292,-0.17812449980142464,0.01,0.011,1,Treg cell
FTSJ1,0.669446174183374,0.12768855312828142,0.06,0.057,1,Treg cell
VDR,0.6698481975166116,0.24227843416097272,0.016,0.016,1,Treg cell
SLC9A9,0.6700527420054576,-0.10415623999706569,0.087,0.083,1,Treg cell
PHLDA1,0.6700771356406348,0.25268650739123055,0.047,0.046,1,Treg cell
FCRL3,0.6701741509902192,-0.7394209824089906,0.341,0.359,1,Treg cell
STT3A,0.6705021009161641,0.19853879064962252,0.239,0.232,1,Treg cell
TPP2,0.6706011176458356,0.518575005794343,0.434,0.425,1,Treg cell
CHD2,0.6710958189153583,-0.6195648438465886,0.773,0.777,1,Treg cell
WBP2NL,0.6714050716797724,0.3333314102904126,0.012,0.011,1,Treg cell
UQCRFS1,0.6715726678018012,0.19183349374192504,0.082,0.078,1,Treg cell
INTS6L,0.6721101780296297,0.10535514852177663,0.207,0.2,1,Treg cell
NCOR2,0.6721761275283071,0.5463066509800764,0.331,0.331,1,Treg cell
SRP68,0.6723692781187949,0.21473898038750727,0.232,0.227,1,Treg cell
PAWR,0.673064613850527,0.21018618432184955,0.013,0.013,1,Treg cell
RANGAP1,0.6732332405846798,0.15739661765280388,0.186,0.18,1,Treg cell
TLR5,0.6734327145728782,-1.2755882613889007,0.029,0.028,1,Treg cell
SLC25A42,0.6735765824771343,0.10240313302311144,0.129,0.124,1,Treg cell
ZYG11B,0.6746066179404,0.15577381601883278,0.22,0.214,1,Treg cell
NDUFA13,0.6751378086543047,0.11189317406308774,0.072,0.07,1,Treg cell
PCF11,0.67530634302072,0.171923808905323,0.409,0.41,1,Treg cell
RBM39,0.6758878819416366,0.1146949865727298,0.511,0.51,1,Treg cell
C6orf47,0.6768035986553127,0.12095319718547559,0.05,0.047,1,Treg cell
DIXDC1,0.6788697506770778,0.17973335682697122,0.013,0.012,1,Treg cell
TGFBI,0.6788781918157156,0.32369203260576107,0.02,0.017,1,Treg cell
FAM200A,0.6792256242192782,0.10770214104776032,0.031,0.029,1,Treg cell
COL18A1,0.6793992653851065,-0.21401019071562022,0.009,0.01,1,Treg cell
SNTB1,0.6794521273041646,-0.15560337579815497,0.04,0.042,1,Treg cell
DCP2,0.6798998942579719,0.9811901139088264,0.277,0.275,1,Treg cell
SEMA4A,0.6816816004544362,-0.14004467803021825,0.016,0.014,1,Treg cell
CC2D1A,0.6824635429839182,0.2158366407024137,0.078,0.074,1,Treg cell
CNPY3,0.6827179820850244,-1.8823353689700817,0.386,0.379,1,Treg cell
FAM174B,0.6827665491703258,-1.11591008859807,0.021,0.021,1,Treg cell
SAFB2,0.683022108389564,-0.3039732147477747,0.474,0.468,1,Treg cell
C18orf54,0.6833398620267845,0.11940835320330567,0.037,0.035,1,Treg cell
HEXA,0.6836618958269918,0.1630529225573204,0.323,0.315,1,Treg cell
SCCPDH,0.6843147921050714,0.24401589198437001,0.018,0.019,1,Treg cell
TGFB3,0.6847492632927229,0.13961609114690265,0.02,0.019,1,Treg cell
VRK1,0.6850528374969895,-0.15406403107433247,0.283,0.278,1,Treg cell
GABARAPL2,0.685122720618179,0.24465287180296036,0.242,0.236,1,Treg cell
HEATR6,0.6870445200396342,-0.1408117444833623,0.037,0.036,1,Treg cell
PARP9,0.6876041258050494,0.2839790385242732,0.197,0.195,1,Treg cell
EXOSC9,0.6876871803352509,-0.10984073266708057,0.27,0.266,1,Treg cell
HSPB1,0.6878318457397097,-1.6448502404872367,0.285,0.275,1,Treg cell
NBPF20,0.6878558023100347,-0.13092754601098333,0.036,0.038,1,Treg cell
DUSP28,0.6884066038759762,0.11793946670103583,0.04,0.037,1,Treg cell
GMPPA,0.688532344222948,-0.10840499116957814,0.058,0.061,1,Treg cell
PHF21A,0.6899031745534708,0.3888797515533634,0.267,0.26,1,Treg cell
FASTKD3,0.6899458162849258,-0.15549948245284417,0.033,0.032,1,Treg cell
UBXN7,0.6918439701819563,0.14823626201466422,0.24,0.234,1,Treg cell
PGAP3,0.69184397072734,-0.1642614903952555,0.119,0.116,1,Treg cell
TPRG1L,0.6933975209109943,0.126396806711647,0.139,0.134,1,Treg cell
SPAG5,0.6938255385750453,0.28609846016605767,0.026,0.024,1,Treg cell
B3GALT9,0.6946146219401825,0.18921823134236027,0.032,0.03,1,Treg cell
SPATS2,0.6947379986451551,0.10806194172064121,0.035,0.032,1,Treg cell
SPRY1,0.6947695458006009,-0.14062167533344727,0.009,0.01,1,Treg cell
CASS4,0.6950593155672898,-0.15550940534053392,0.02,0.02,1,Treg cell
FAAP100,0.6955230048256686,0.13753308862149494,0.047,0.045,1,Treg cell
SAP130,0.6960813040633802,0.12166116268094962,0.105,0.101,1,Treg cell
TMEM203,0.6966241559142888,0.10048706557926179,0.051,0.048,1,Treg cell
POPDC2,0.6972282643429836,-0.143184926720632,0.038,0.038,1,Treg cell
CGRRF1,0.6973270346170308,0.10318236053749708,0.128,0.124,1,Treg cell
LYG1,0.6974506025468115,-0.21012106646391615,0.021,0.022,1,Treg cell
CST3,0.6978236807547662,0.34614667094541396,0.043,0.042,1,Treg cell
RACK1,0.6981398405927839,0.10485740015982414,0.419,0.415,1,Treg cell
TOM1,0.6994855469543192,0.11359781340298092,0.189,0.184,1,Treg cell
ZNF79,0.70037273318736,0.17972400357447071,0.013,0.012,1,Treg cell
MLF2,0.7013149402102181,-0.1698374226509322,0.225,0.219,1,Treg cell
ARL3,0.7014060171500682,0.14061379113599237,0.029,0.027,1,Treg cell
SPINT2,0.7016636627406057,0.2974617629152516,0.112,0.107,1,Treg cell
SKIL,0.7021665682104766,-0.561672243243601,0.039,0.037,1,Treg cell
GPATCH1,0.7022293655165133,0.10950680348200281,0.039,0.036,1,Treg cell
FKBP4,0.7028340080682792,0.1205586188630785,0.049,0.046,1,Treg cell
ZNF672,0.7037536249364262,0.13009810803263422,0.067,0.064,1,Treg cell
EML5,0.7043271638694935,-0.11297991642959282,0.024,0.024,1,Treg cell
SPIN4,0.7047786737618951,-0.14549735377446016,0.028,0.03,1,Treg cell
MCM8,0.704961218923478,0.12566721475181408,0.073,0.071,1,Treg cell
HNRNPA3,0.7057582452103595,0.1887341521682958,0.412,0.408,1,Treg cell
MED27,0.706265001736288,0.26000555213375254,0.01,0.008,1,Treg cell
NAA10,0.7063126977095264,0.1394990793301123,0.148,0.144,1,Treg cell
FBXO6,0.7069185552059598,0.21393703319696833,0.025,0.024,1,Treg cell
PHPT1,0.7073159312237076,0.2809516726398411,0.13,0.127,1,Treg cell
UQCC3,0.7074280388286798,0.10083951679060599,0.068,0.067,1,Treg cell
ATP11A,0.7074701312266672,0.10873439547945474,0.171,0.167,1,Treg cell
NFKBIB,0.7077375484522518,-0.13398076525483082,0.039,0.04,1,Treg cell
AP2A2,0.7081167737089079,0.12067663950996266,0.244,0.239,1,Treg cell
ZCCHC24,0.7085217913481207,-0.16469154514456452,0.011,0.011,1,Treg cell
RAB3IP,0.709085393029665,-0.10976756035695892,0.207,0.206,1,Treg cell
FER,0.7098417814347343,0.14204144419297093,0.1,0.095,1,Treg cell
LY6G5C,0.7103735932606877,-0.13671802859154525,0.014,0.014,1,Treg cell
CDNF,0.7106831134971807,-0.28903067739042587,0.009,0.011,1,Treg cell
C14orf93,0.7107935874522981,0.1515233259205857,0.042,0.04,1,Treg cell
G0S2,0.7111442756274375,1.2746172666677316,0.012,0.013,1,Treg cell
TAFA1,0.7119836465289213,-0.26950739942640567,0.019,0.021,1,Treg cell
SIGIRR,0.7122420868481152,-1.2956544749554695,0.654,0.648,1,Treg cell
EIF4A2,0.7129383376599899,0.44424617461390303,0.608,0.602,1,Treg cell
BOLA3,0.7132059575152424,0.12651450750844706,0.036,0.033,1,Treg cell
PILRB,0.7139346907556164,0.40625937360745845,0.4,0.394,1,Treg cell
ECPAS,0.7159631506681009,0.1044595045357708,0.146,0.141,1,Treg cell
ZNF527,0.7164560049259057,-0.12891400752114857,0.042,0.044,1,Treg cell
TMEM241,0.718069964545761,0.1588470851254149,0.019,0.018,1,Treg cell
MBOAT7,0.7183298962603039,0.11744862251131205,0.115,0.11,1,Treg cell
NCAPH2,0.7183674270033643,0.10200999521380005,0.165,0.163,1,Treg cell
ASPHD2,0.719355725009054,0.15949103772323525,0.025,0.023,1,Treg cell
ANKRD6,0.7195211492442163,0.19634677363298358,0.01,0.009,1,Treg cell
ALKBH2,0.7202359021663223,-0.13152337898690458,0.021,0.022,1,Treg cell
C2CD2L,0.7210869487881324,0.1527016760131814,0.08,0.077,1,Treg cell
RNF216,0.7220024129704308,0.1261256913069917,0.125,0.122,1,Treg cell
C6orf120,0.7227388797671304,0.14089614339105472,0.179,0.174,1,Treg cell
FBXO42,0.7229663551596432,0.13179002306431242,0.182,0.174,1,Treg cell
ASS1,0.7229853879094423,-0.20796483995780246,0.03,0.032,1,Treg cell
CYSLTR2,0.723078443888853,0.10118567183636884,0.026,0.025,1,Treg cell
HOOK2,0.7233147913690428,-0.1828297271862782,0.014,0.016,1,Treg cell
CABP4,0.7240145542772117,-0.1665478236469191,0.023,0.025,1,Treg cell
TULP3,0.72413410546223,0.15156003588229838,0.029,0.027,1,Treg cell
ADRB2,0.7245535649564278,0.619011235985492,0.011,0.011,1,Treg cell
KPTN,0.7248001051003022,0.16083765316921017,0.016,0.015,1,Treg cell
FZD3,0.724892326754232,-0.14650673122321223,0.022,0.024,1,Treg cell
SFI1,0.7252675065276312,-0.3105610632318312,0.385,0.379,1,Treg cell
AK5,0.7253217572508032,-0.15887115719459466,0.039,0.041,1,Treg cell
TUSC3,0.7256275495559857,0.10035053677782102,0.013,0.012,1,Treg cell
MBD5,0.7268365120678767,-0.10273956988083488,0.097,0.099,1,Treg cell
CSTPP1,0.7291093778199569,0.12413812674222768,0.07,0.068,1,Treg cell
ITPKC,0.7293541773278049,0.15121057924375014,0.053,0.051,1,Treg cell
BASP1,0.7297751315531895,-0.14784214101943416,0.01,0.011,1,Treg cell
BAG5,0.7304644775726247,0.1080188919311566,0.257,0.255,1,Treg cell
SHF,0.7307403033012634,0.11257377131947433,0.01,0.009,1,Treg cell
MICU3,0.7309378165004923,-0.16161233979949507,0.042,0.045,1,Treg cell
DUS4L,0.7320541266369467,0.10356857864283109,0.045,0.043,1,Treg cell
FAM234B,0.7323588978589639,-0.26064613895476363,0.023,0.024,1,Treg cell
ZNF688,0.7325685418155079,0.11856778073724517,0.043,0.04,1,Treg cell
PLEKHA1,0.7326641290957686,0.10434552245894657,0.214,0.214,1,Treg cell
GPRASP2,0.7331419521588802,0.25029446830775726,0.012,0.01,1,Treg cell
ACTN1,0.7335243979841618,0.9274525183525384,0.242,0.243,1,Treg cell
TSPAN31,0.73376361260719,0.1091737895010314,0.067,0.064,1,Treg cell
ALKBH8,0.7338850602079602,0.14606410669594228,0.062,0.06,1,Treg cell
GMIP,0.7340261644369573,0.19569884927206527,0.262,0.262,1,Treg cell
NAV1,0.7350583350329026,0.10663354055607854,0.012,0.011,1,Treg cell
CDK6,0.7350841960627913,0.23922401044412256,0.051,0.053,1,Treg cell
STK11IP,0.7353120991649847,0.10035735938346413,0.076,0.072,1,Treg cell
KCTD21,0.7360033434221415,-0.12856323391118973,0.011,0.012,1,Treg cell
MEST,0.7367208381208821,-0.20412284109616952,0.01,0.011,1,Treg cell
ZNF222,0.737163062491849,-0.14594970747760794,0.014,0.015,1,Treg cell
IKZF2,0.7378051401646317,1.1845145290086787,0.551,0.549,1,Treg cell
PNPO,0.7395683360719305,0.11267030417440083,0.055,0.051,1,Treg cell
ARMCX2,0.740275319590586,0.37348297971455846,0.012,0.011,1,Treg cell
PIGO,0.7405204346719284,0.13927519118110077,0.059,0.056,1,Treg cell
NSG1,0.7411465952566858,-0.2945324948322652,0.018,0.017,1,Treg cell
RIC3,0.7412766765415675,0.15023467524692083,0.192,0.19,1,Treg cell
LRP8,0.7420817491317263,0.13613439993223997,0.094,0.09,1,Treg cell
LNX2,0.7423485611565243,0.10498214574828024,0.047,0.047,1,Treg cell
CDK1,0.7427619599505023,0.19911890206884664,0.016,0.016,1,Treg cell
AKR1E2,0.7428699958467452,-0.16578970087463585,0.009,0.01,1,Treg cell
IFI27L1,0.7430327848949112,0.18795218643521938,0.015,0.014,1,Treg cell
PCNX2,0.7433538694559063,0.1543542622259208,0.231,0.225,1,Treg cell
ZBTB4,0.743710855683717,0.16061960682838242,0.271,0.268,1,Treg cell
SRSF3,0.7441857919197934,0.528035374929861,0.496,0.49,1,Treg cell
AHCYL2,0.744428661184174,0.4995121902115478,0.109,0.107,1,Treg cell
NAALADL1,0.7453965330524708,0.32577053632959396,0.034,0.032,1,Treg cell
NR4A2,0.7454017266546876,0.17039691688941927,0.036,0.036,1,Treg cell
TARBP2,0.7461400524400986,0.11402793603019878,0.046,0.043,1,Treg cell
RBM48,0.7465277588165076,0.15544108745471608,0.018,0.016,1,Treg cell
GMEB2,0.7468303254749413,0.11614762079044905,0.139,0.136,1,Treg cell
ACADS,0.7474419757649226,0.12787750400124587,0.036,0.034,1,Treg cell
PPP2R1A,0.7480915460349289,0.1378466616248586,0.029,0.026,1,Treg cell
DGKZ,0.7486549099647721,0.10591291407227521,0.072,0.069,1,Treg cell
FAM124B,0.748788214343856,0.30862356909418676,0.012,0.012,1,Treg cell
ANKRD31,0.7491136904462599,0.14282429867688595,0.024,0.024,1,Treg cell
RBM27,0.749647671741191,0.11795605299124473,0.294,0.289,1,Treg cell
CEP70,0.7503557229485698,0.22943701976857245,0.074,0.071,1,Treg cell
MOB1A,0.7503621725114475,0.1343915302614681,0.214,0.206,1,Treg cell
SCNN1D,0.7504715319526518,-0.10108970640491322,0.009,0.01,1,Treg cell
IFIT1,0.75086963514997,-0.9068109869257059,0.031,0.03,1,Treg cell
CCDC9,0.7511805208481179,0.20818475643276557,0.187,0.188,1,Treg cell
ZNF501,0.7517353725587104,-0.14321796226433658,0.013,0.014,1,Treg cell
LYZ,0.7517795349624283,41.80339483413521,0.385,0.373,1,Treg cell
SPI1,0.7518064918454923,1.313264316162456,0.044,0.042,1,Treg cell
ZNF813,0.7522442132533605,0.12056620117663108,0.026,0.025,1,Treg cell
NUDT13,0.752349118042046,-0.12722544448877215,0.018,0.018,1,Treg cell
SETMAR,0.7527832920468276,0.1425273662900981,0.023,0.022,1,Treg cell
PLCG2,0.7532163653080963,0.4096979078512515,0.009,0.01,1,Treg cell
GRK3,0.75326273860743,0.2437687667169648,0.068,0.065,1,Treg cell
NPTXR,0.7537435925297428,0.17279856187398224,0.011,0.01,1,Treg cell
LRRC14,0.7543370926720412,-0.1658488649462615,0.111,0.114,1,Treg cell
RELB,0.754457334466798,-0.5022313738205413,0.066,0.069,1,Treg cell
STS,0.7546820615760237,0.13999345372865069,0.021,0.022,1,Treg cell
SMIM20,0.7548866023490641,0.20344512498835243,0.113,0.11,1,Treg cell
AKR1C3,0.7549022814811699,1.2151391417519246,0.022,0.022,1,Treg cell
ZNF80,0.7556709741611652,-0.5791532842231017,0.027,0.025,1,Treg cell
RNF43,0.7572946883586171,0.17178266138379428,0.014,0.012,1,Treg cell
NME1,0.7572988412247877,0.13264404216969083,0.078,0.075,1,Treg cell
ZFP1,0.7587814543264566,0.11934644119551052,0.055,0.054,1,Treg cell
SLF1,0.7593439369260104,0.13336513788023296,0.083,0.079,1,Treg cell
MCTP2,0.760052322044214,0.26306504072415393,0.043,0.041,1,Treg cell
STAP1,0.7602980377962061,-0.2699200717455703,0.013,0.014,1,Treg cell
UBE2L3,0.7606251404085829,0.1120753899213115,0.168,0.168,1,Treg cell
CEP250,0.7610147705243796,-0.14205413917179532,0.051,0.052,1,Treg cell
DNAJB1,0.7615948612438055,0.5534755333319434,0.429,0.42,1,Treg cell
PON2,0.7618565565293112,0.1580723722817554,0.018,0.017,1,Treg cell
BMPR2,0.7620945551570718,0.10409766600735604,0.135,0.13,1,Treg cell
PTGIR,0.762184745440565,-0.3167037003215283,0.029,0.033,1,Treg cell
C5,0.7625357106281831,0.16473098890273885,0.013,0.013,1,Treg cell
MED11,0.762780331679046,0.11616004516239764,0.094,0.091,1,Treg cell
OR56B1,0.7635998261543203,0.11583869039023487,0.014,0.013,1,Treg cell
ZHX3,0.7643996092621482,0.1227706364002299,0.038,0.036,1,Treg cell
HNRNPH2,0.7652668634793374,-0.1732551428594705,0.255,0.248,1,Treg cell
ITGA3,0.7653306719839216,-0.15405893096645862,0.027,0.027,1,Treg cell
LUZP1,0.765572975150156,0.10072574918733368,0.159,0.158,1,Treg cell
SRSF5,0.7659717095995031,0.1721353249326696,0.703,0.7,1,Treg cell
OR52N4,0.7674124370800052,-0.19888238782032897,0.02,0.022,1,Treg cell
SWAP70,0.767940535298135,0.3174332853393209,0.105,0.103,1,Treg cell
LGMN,0.7682840288237556,3.769106989731137,0.036,0.037,1,Treg cell
MRC1,0.768373892470916,0.43323030208395963,0.012,0.011,1,Treg cell
GGNBP2,0.7688755354141977,0.45381528135486726,0.418,0.417,1,Treg cell
SPRING1,0.7701632375817944,-0.12989918721321825,0.009,0.01,1,Treg cell
SGPP2,0.7707269127223854,0.13846059550549739,0.089,0.089,1,Treg cell
EVI5,0.7707855274225015,-0.19952129516817863,0.016,0.017,1,Treg cell
ZSWIM3,0.7718233758784188,0.10664391770489079,0.024,0.024,1,Treg cell
PAK4,0.7722330933189849,0.16627743217930835,0.015,0.014,1,Treg cell
TESK2,0.7726686176553736,0.1624914092863481,0.034,0.032,1,Treg cell
BMAL2,0.7739261187690892,0.1212497162296291,0.011,0.01,1,Treg cell
SPON2,0.7744710659897833,-0.23453253485834402,0.011,0.012,1,Treg cell
FKBP11,0.7751181056348262,-0.5431480201127626,0.193,0.19,1,Treg cell
XRCC2,0.7764015501256892,0.16786858384510062,0.011,0.01,1,Treg cell
ADAM12,0.7777490377046692,0.508176730094308,0.021,0.02,1,Treg cell
MFSD13A,0.7779607157090098,0.20113319092424398,0.024,0.022,1,Treg cell
OXNAD1,0.7796014975418614,0.7869580086748766,0.479,0.486,1,Treg cell
PTPN1,0.7798205801097582,0.28203303544108216,0.324,0.317,1,Treg cell
MEPCE,0.7803649840042353,-0.11995085902163777,0.229,0.225,1,Treg cell
P4HA1,0.7819155108763481,0.10013934818972015,0.121,0.118,1,Treg cell
GOLT1B,0.7830887185940427,0.1195819106849604,0.25,0.243,1,Treg cell
TIGD5,0.7839074882196642,0.11991548869486301,0.049,0.048,1,Treg cell
PKN3,0.7857364754225481,-0.1883590090786642,0.017,0.018,1,Treg cell
CLEC4A,0.7865634418930608,0.11626002310398054,0.028,0.026,1,Treg cell
TOP1MT,0.7875903639199285,-0.16506303772102981,0.072,0.071,1,Treg cell
SLC40A1,0.7889785373852465,-1.822685828358267,0.046,0.048,1,Treg cell
SLC9A7,0.7891418703935417,-0.38167324116673784,0.078,0.079,1,Treg cell
LIN7B,0.7904273259385067,-0.12362052397421319,0.025,0.027,1,Treg cell
AK1,0.7906541922701875,-0.22886904337571068,0.157,0.152,1,Treg cell
SHTN1,0.7917620714757212,0.21179628596132982,0.012,0.01,1,Treg cell
STARD4,0.792135863088186,-0.4150219384972269,0.059,0.058,1,Treg cell
GCC2,0.7925696554578228,-0.1948733509371955,0.357,0.35,1,Treg cell
TP53INP2,0.7937104817191301,0.207043364228082,0.013,0.012,1,Treg cell
RAD51,0.7939346999581731,-0.11519752054853694,0.012,0.012,1,Treg cell
OBSCN,0.7944145255077143,1.7432204169894763,0.325,0.329,1,Treg cell
WWC1,0.7949309234650797,0.1064423360790272,0.013,0.012,1,Treg cell
TNFRSF13C,0.7955987340040953,-0.13170497415746585,0.074,0.076,1,Treg cell
MEOX1,0.7961427386940999,0.14007281188734488,0.021,0.019,1,Treg cell
ATP10D,0.7962899311042007,0.10772911949543929,0.023,0.021,1,Treg cell
ZCWPW1,0.7967759519356473,0.25590033181726657,0.02,0.018,1,Treg cell
LY9,0.7968240148846251,-0.5300863199747106,0.489,0.483,1,Treg cell
TNRC6C,0.7969723770475735,0.1676148186722403,0.3,0.293,1,Treg cell
ASPH,0.7970848214446032,0.10418109631285155,0.08,0.082,1,Treg cell
PNPLA7,0.7976076172093733,-0.1073856905005357,0.043,0.045,1,Treg cell
TTLL11,0.7977420894391447,0.13751305973301253,0.029,0.027,1,Treg cell
DPP4,0.7981703266275725,-0.10737134256979863,0.09,0.092,1,Treg cell
CLEC2B,0.7990759669184467,1.4715834806991832,0.387,0.389,1,Treg cell
DCAF10,0.7991143099464819,0.1323425470687578,0.142,0.142,1,Treg cell
DNHD1,0.8014321021176415,-1.0215692487920525,0.125,0.128,1,Treg cell
USP11,0.8034408537505875,-0.10144970833532407,0.148,0.151,1,Treg cell
PARP2,0.8036188916790858,0.10096388093682673,0.022,0.02,1,Treg cell
ZNF680,0.8036974423018659,-0.13691882034147318,0.179,0.177,1,Treg cell
SDC4,0.8042370260683607,0.2815531831392102,0.022,0.021,1,Treg cell
SLCO3A1,0.804575565333673,0.18412481496806565,0.123,0.121,1,Treg cell
TSR1,0.8050595436636296,-0.1324308757518231,0.107,0.108,1,Treg cell
MLLT3,0.8057660300249734,-0.1090923127725466,0.278,0.274,1,Treg cell
RBM11,0.806394305128587,-0.19432136751999174,0.013,0.013,1,Treg cell
BZW2,0.8080639677964242,0.24503347046490742,0.17,0.169,1,Treg cell
USP21,0.8090178009406424,0.11126763658877392,0.099,0.097,1,Treg cell
BCL2L11,0.8094122160376604,-3.717345178609552,0.196,0.198,1,Treg cell
ANKRD13B,0.8094487615968663,0.1663959265639141,0.023,0.021,1,Treg cell
MTBP,0.8119368604509727,-0.10320120178398762,0.035,0.037,1,Treg cell
C16orf86,0.8120780499773994,0.11869389303399025,0.022,0.021,1,Treg cell
EEF1AKMT4,0.812216950523456,0.16267075074953485,0.02,0.019,1,Treg cell
ZNF638,0.8122532617068006,0.20275264407866822,0.445,0.44,1,Treg cell
ENO3,0.8124190228919586,0.20407090017762997,0.015,0.014,1,Treg cell
SRFBP1,0.8125966810292058,0.16710062561947214,0.167,0.165,1,Treg cell
HFE,0.8132679289429452,0.18441684918861156,0.01,0.01,1,Treg cell
RGS12,0.8133418998371261,0.14068406107886045,0.041,0.04,1,Treg cell
ZNF117,0.8142883996765167,-0.12613465044281513,0.045,0.046,1,Treg cell
NCOA5,0.8153891749361825,0.14973641034587382,0.136,0.133,1,Treg cell
PNPLA2,0.8155366128055781,-0.3449314492448834,0.538,0.533,1,Treg cell
C1R,0.8164486862555161,0.2081934945664239,0.016,0.017,1,Treg cell
KIF18A,0.8183357954022381,-0.12145692664334806,0.014,0.014,1,Treg cell
ETS2,0.8185842119377383,-0.10295579135925781,0.035,0.034,1,Treg cell
SNHG32,0.8186413689523357,-0.2834670634516142,0.387,0.384,1,Treg cell
NEK6,0.8187878185610251,-0.17292473122630048,0.071,0.071,1,Treg cell
ABCA1,0.8188627234659178,0.10653643467813678,0.02,0.019,1,Treg cell
PRDX6,0.8191505348496186,0.12582519038984807,0.238,0.237,1,Treg cell
CCNL1,0.8203024021228227,-0.8248471453719146,0.501,0.494,1,Treg cell
DNAAF2,0.8225086591786555,0.10882706025992217,0.044,0.042,1,Treg cell
PELI3,0.8226279883641905,-0.10590385899604549,0.029,0.03,1,Treg cell
FNBP1L,0.8229324542847657,0.2173869090894769,0.011,0.01,1,Treg cell
TRIM4,0.8234427887448231,0.15083073712412787,0.255,0.252,1,Treg cell
CTBP2,0.824264921853914,0.14158252262760573,0.011,0.01,1,Treg cell
GNPAT,0.8248611696753329,0.23416072528987608,0.172,0.172,1,Treg cell
METTL1,0.824903664977658,-0.15113912727327516,0.013,0.013,1,Treg cell
PCOLCE,0.8252841331700633,0.19470845197277864,0.01,0.009,1,Treg cell
TTC21B,0.8276102994277993,-0.12283754212293174,0.168,0.17,1,Treg cell
KANK1,0.8284865288203601,0.3204392144852717,0.075,0.073,1,Treg cell
CXCL8,0.8296844078218262,1.6157664875344162,0.013,0.012,1,Treg cell
WNT10A,0.8298835338874476,0.5774966338041934,0.064,0.065,1,Treg cell
CASP8AP2,0.830904251019719,0.12244491066584717,0.297,0.292,1,Treg cell
FIGNL1,0.8309203099296486,0.162142698292167,0.063,0.06,1,Treg cell
TRIP11,0.8313468547470044,0.1045883815670483,0.178,0.175,1,Treg cell
NEMP2,0.8316031624522906,0.11480270508113266,0.15,0.147,1,Treg cell
WDR5,0.831984895561225,0.19594388708727628,0.011,0.01,1,Treg cell
ZNF658,0.8322276526236252,0.11236830447175716,0.012,0.011,1,Treg cell
ZDHHC9,0.8338404917474636,0.16474077495196848,0.012,0.012,1,Treg cell
KIAA0930,0.8345462274822285,0.10458691487856253,0.056,0.053,1,Treg cell
MED20,0.8348259176239984,0.2862553210210552,0.041,0.039,1,Treg cell
STX16,0.8357785363402888,-0.1470067492134679,0.51,0.509,1,Treg cell
ZNF85,0.8359247369487591,-0.12191459573880037,0.041,0.043,1,Treg cell
KMT5C,0.8370175530786778,-0.1291014137311417,0.029,0.031,1,Treg cell
CLOCK,0.8376936884727925,-0.1083948913578694,0.128,0.13,1,Treg cell
SDE2,0.8385453582785759,-0.13114974944429947,0.133,0.133,1,Treg cell
EIF1AD,0.8399494088827072,0.10832987348893441,0.146,0.143,1,Treg cell
RPGRIP1L,0.8408679294430508,0.22191067162948164,0.031,0.029,1,Treg cell
CSKMT,0.841292121362477,0.12009657749310954,0.014,0.013,1,Treg cell
ZBTB44,0.8418632892796031,-0.7558008733497874,0.322,0.316,1,Treg cell
NAP1L2,0.8420563118594021,0.23216090818744295,0.063,0.062,1,Treg cell
HSP90AA1,0.8424925792852269,0.7621057942225817,0.45,0.444,1,Treg cell
ZNF671,0.8427990013289848,0.10547827054391257,0.094,0.091,1,Treg cell
ZNF628,0.8436398360262338,0.4860310463619193,0.024,0.023,1,Treg cell
FAM83D,0.8443077812932341,-0.4013522316103213,0.011,0.011,1,Treg cell
STOML1,0.8457765299404004,0.21492856200994837,0.01,0.009,1,Treg cell
ITGAM,0.8477430020261247,0.36508990033411726,0.027,0.026,1,Treg cell
SPRYD7,0.848066073759951,0.10951974752173177,0.042,0.04,1,Treg cell
YBX3,0.8490108331872132,0.1080767271482248,0.021,0.02,1,Treg cell
DTX1,0.8497742548676039,-0.10545948187055743,0.03,0.031,1,Treg cell
MAP3K4,0.8508616795640089,0.1547247346435356,0.259,0.257,1,Treg cell
TUBB4B,0.8521956609193541,0.5978167099748737,0.115,0.114,1,Treg cell
DENND4A,0.8533209075992506,0.17464439852150715,0.469,0.461,1,Treg cell
LOXL1,0.8533928596219744,-0.27851249285913715,0.029,0.028,1,Treg cell
CHKA,0.8547361746351112,0.16898730696657882,0.01,0.01,1,Treg cell
CENPQ,0.8551041127272361,0.1300575270800426,0.028,0.026,1,Treg cell
NENF,0.8551155194402272,0.10753698747428797,0.136,0.133,1,Treg cell
EMC10,0.8553548223871194,0.11946999495876853,0.411,0.407,1,Treg cell
HOXB4,0.8555753255647717,0.11660054976712875,0.059,0.057,1,Treg cell
LDOC1,0.8584977926864913,-0.113625104770954,0.029,0.029,1,Treg cell
PRKCA,0.8595780492069288,0.604604880180504,0.171,0.167,1,Treg cell
MLXIP,0.8597155971572458,0.12124553313779685,0.108,0.108,1,Treg cell
NEK1,0.8603505963703125,0.13920523306824073,0.078,0.075,1,Treg cell
NEK10,0.8611559809301149,0.4919070090051134,0.021,0.019,1,Treg cell
RGS18,0.8616689680460455,0.925178482981635,0.011,0.01,1,Treg cell
DCUN1D3,0.8620001707398162,-0.17028392510614943,0.028,0.029,1,Treg cell
YAF2,0.8629483372932868,0.10981312714190372,0.187,0.189,1,Treg cell
RAB33B,0.8632914868021583,-0.16638693261565385,0.166,0.166,1,Treg cell
SFXN3,0.863617172441002,0.19398050025125646,0.122,0.118,1,Treg cell
GPAM,0.8637740013604944,-0.10474051240723448,0.022,0.022,1,Treg cell
FBXO10,0.8651757299686389,0.1460597453837833,0.01,0.009,1,Treg cell
MMRN1,0.8663872779487017,0.3742024291775419,0.01,0.009,1,Treg cell
TCF19,0.8667200922554719,-0.10432634514105299,0.077,0.076,1,Treg cell
PTAR1,0.8674536832874099,0.1531590891708443,0.38,0.375,1,Treg cell
ALDH8A1,0.8681380252914178,0.1996438301005954,0.011,0.01,1,Treg cell
CEP290,0.8681792301559793,-0.3433612540814255,0.073,0.074,1,Treg cell
RILPL1,0.8695449074784413,0.11527438778240207,0.035,0.034,1,Treg cell
ZEB2,0.8703553052618371,-2.755620041646048,0.026,0.027,1,Treg cell
GMPR2,0.8708254454458838,-0.1007817436256071,0.181,0.178,1,Treg cell
NDUFV2,0.8708370780965456,0.46424146325666427,0.425,0.426,1,Treg cell
FCGRT,0.8712328569924971,-0.16059303311507112,0.122,0.124,1,Treg cell
EIF5,0.8746598644196985,0.1467354206310596,0.48,0.473,1,Treg cell
UBQLN4,0.8755982113020923,0.1017441826578227,0.071,0.068,1,Treg cell
PDE4D,0.8767495146169698,0.16965175187541948,0.082,0.08,1,Treg cell
CNOT10,0.877109023172013,0.10104218831193146,0.166,0.163,1,Treg cell
ZNF441,0.8774551764059406,-0.17637709001126955,0.064,0.065,1,Treg cell
EPHX2,0.8778598130183077,0.3422737968988375,0.14,0.138,1,Treg cell
ANAPC13,0.8783131051930814,-0.13127320417749877,0.164,0.165,1,Treg cell
ALOX5,0.8804045717903176,-0.20490650974363245,0.009,0.01,1,Treg cell
YEATS4,0.8810451258119074,0.2210453456659749,0.15,0.15,1,Treg cell
DDX39A,0.8811685771626324,0.49659967222372314,0.209,0.207,1,Treg cell
GZMK,0.8816017191811821,-4.336375765767963,0.038,0.036,1,Treg cell
STPG1,0.8823392435361674,0.11484868849126606,0.022,0.021,1,Treg cell
AP3M2,0.8835079334062309,-0.22408268267839426,0.155,0.155,1,Treg cell
USP46,0.8837814567440232,0.28200101644982967,0.023,0.022,1,Treg cell
SUSD4,0.8848930856510446,-0.46638199485176646,0.036,0.038,1,Treg cell
OTULINL,0.885366756685705,-0.10929792183496073,0.301,0.303,1,Treg cell
GEMIN8,0.8861361992393991,0.12667526487281844,0.06,0.058,1,Treg cell
PRKN,0.8865272729150115,0.11941237431561014,0.017,0.016,1,Treg cell
DRAM1,0.8890360082589565,0.104014592190528,0.015,0.014,1,Treg cell
IRS1,0.8897880758475633,0.3089454818973545,0.012,0.011,1,Treg cell
CCPG1,0.8924143252872748,-0.2754656304834875,0.188,0.188,1,Treg cell
CSF1R,0.8937784068238706,0.12128062421309949,0.012,0.011,1,Treg cell
CHPF,0.8944161780261669,-0.14230634793295582,0.02,0.021,1,Treg cell
GALNS,0.8952916268220154,0.10982128757577503,0.181,0.177,1,Treg cell
TSPYL1,0.8957144708343057,0.14729529859688695,0.319,0.312,1,Treg cell
CRIP3,0.8972119532298178,-0.15971496070981317,0.01,0.011,1,Treg cell
LRRCC1,0.8983884918472288,-0.14227722302995005,0.015,0.015,1,Treg cell
POU2AF1,0.8987841302630579,27.12926243219117,0.029,0.03,1,Treg cell
INSL3,0.9015441045074364,-0.13503739574981743,0.024,0.027,1,Treg cell
P4HB,0.9015669421716755,0.11508559964547871,0.021,0.02,1,Treg cell
EVC2,0.9025352927571629,-0.13510556756564984,0.022,0.023,1,Treg cell
NABP1,0.9028535065565797,-1.5182889619799682,0.455,0.451,1,Treg cell
CYTIP,0.9029658674932037,3.2838179562130403,0.866,0.865,1,Treg cell
CCDC85C,0.9039737279059239,0.10392788306492085,0.033,0.032,1,Treg cell
PEX11A,0.9051678842815988,0.12031163238098586,0.016,0.015,1,Treg cell
SLC8A1,0.9057152431020857,-0.9971448440288029,0.013,0.013,1,Treg cell
TBXAS1,0.9081642493966032,0.12507946874852927,0.032,0.031,1,Treg cell
JADE1,0.9084589877292165,0.11261635251610635,0.184,0.186,1,Treg cell
PHF19,0.9094220187095391,0.6354827992413312,0.303,0.301,1,Treg cell
MYO5C,0.913587845753393,0.21398783860489257,0.012,0.011,1,Treg cell
CAMK1D,0.916228726456007,0.1819823385473449,0.12,0.12,1,Treg cell
TOMM34,0.9165786677683329,0.14909529710995306,0.054,0.053,1,Treg cell
MT-CO2,0.9167093239965903,-5.806033983398066,0.914,0.912,1,Treg cell
SP2,0.9169552835058237,-0.13491995189241,0.264,0.266,1,Treg cell
CDK14,0.9170046398481131,-0.6839638294673949,0.035,0.036,1,Treg cell
CIT,0.9182218013522819,0.19991655894087046,0.019,0.019,1,Treg cell
SIRT4,0.9190591654613883,0.1191134665311111,0.01,0.01,1,Treg cell
ENKD1,0.9205259797081847,-0.10587041346772441,0.014,0.015,1,Treg cell
TNRC6A,0.9213155382061178,0.14693274059726225,0.171,0.171,1,Treg cell
STOM,0.9213552077582013,0.12488241297356506,0.05,0.049,1,Treg cell
BCL10,0.9223346752219965,0.12694004161002692,0.184,0.183,1,Treg cell
H1-3,0.9223795227392312,-1.4099599804949836,0.498,0.497,1,Treg cell
CCR9,0.925047114088047,-1.4039380350933826,0.02,0.02,1,Treg cell
CD96,0.9260772194929395,2.784468073738026,0.527,0.525,1,Treg cell
AGBL5,0.9277885267623938,0.1275557417455948,0.043,0.042,1,Treg cell
SPATA7,0.9304835116689875,0.15834388248330278,0.018,0.018,1,Treg cell
PMPCB,0.9305549222324658,0.46383492343859123,0.391,0.387,1,Treg cell
DEPDC1,0.9309096769118393,0.3328544588038591,0.01,0.009,1,Treg cell
BICDL1,0.9311195619607723,0.33388656330890865,0.317,0.318,1,Treg cell
KLF4,0.9323641610641505,0.14776577415484304,0.012,0.011,1,Treg cell
ADGRE1,0.9324032309353276,-0.19914074971648255,0.013,0.014,1,Treg cell
ADCY4,0.9344635775982909,-0.16010788901968187,0.012,0.013,1,Treg cell
CHEK1,0.9374682503985875,0.27273718283066906,0.027,0.026,1,Treg cell
RRAS2,0.9378767627504546,0.12136397505816987,0.039,0.04,1,Treg cell
ATP6V0A1,0.9387284660283295,0.16135457897439798,0.06,0.058,1,Treg cell
FAM13A,0.9397844750015174,0.376134102896426,0.074,0.075,1,Treg cell
MT-ATP6,0.9400453391674407,17.26789959758449,0.936,0.934,1,Treg cell
RAD54B,0.9417659961118471,-0.973472095746271,0.02,0.019,1,Treg cell
BIK,0.9420352170925903,0.1662743791869632,0.013,0.013,1,Treg cell
SKIC8,0.9431506318441172,0.1316887864265972,0.141,0.141,1,Treg cell
FGFR1,0.9435680888793717,-0.14296046547265062,0.064,0.063,1,Treg cell
FAM98A,0.9440633521540919,0.12504297934903397,0.07,0.069,1,Treg cell
IL1R1,0.9442305723883712,-1.322542602528514,0.027,0.027,1,Treg cell
CTPS1,0.9460496236650191,0.14317444028763138,0.089,0.088,1,Treg cell
STRIP2,0.9470801112474343,0.5006896583327141,0.012,0.012,1,Treg cell
TMEM140,0.9474400600207301,-0.27283133070489457,0.191,0.188,1,Treg cell
SETX,0.9475602821131768,0.1508016538221193,0.317,0.316,1,Treg cell
TPCN1,0.9498873040512629,-0.13309985970526927,0.072,0.074,1,Treg cell
SOX4,0.9499553114710602,1.1989151055419063,0.012,0.013,1,Treg cell
ZNF331,0.9504903170193428,0.10189169295875189,0.113,0.111,1,Treg cell
TNNC1,0.9508836239139509,0.39357145637430335,0.012,0.012,1,Treg cell
HDAC9,0.9514262658302132,-3.9524753653409883,0.052,0.051,1,Treg cell
NDEL1,0.9524443199838943,0.12671578226210223,0.354,0.352,1,Treg cell
GSN,0.955244346102882,0.12409296649923363,0.023,0.022,1,Treg cell
SNRNP25,0.959842242467082,-0.12872249510825284,0.058,0.058,1,Treg cell
CSTA,0.960012430426752,-0.40303679105446566,0.023,0.021,1,Treg cell
KRAS,0.9643773713991829,-0.5439047770182086,0.22,0.222,1,Treg cell
MX2,0.9669597330362142,1.3692409170335864,0.212,0.212,1,Treg cell
NELL2,0.9684419128151756,-0.6222728773792987,0.053,0.052,1,Treg cell
CCDC146,0.9690968886648366,0.1233915098438052,0.06,0.059,1,Treg cell
CD9,0.9692781131836463,0.20902083837551455,0.011,0.011,1,Treg cell
MTF1,0.9705912963407798,0.14584014585083604,0.085,0.084,1,Treg cell
EIF3E,0.971657264806972,0.10192718964210729,0.238,0.239,1,Treg cell
TOX2,0.9726928737302076,1.0329902446486687,0.027,0.028,1,Treg cell
COL6A2,0.975796158722613,0.14421345705600097,0.054,0.052,1,Treg cell
ZWINT,0.9768419544216553,0.25787170650789726,0.019,0.018,1,Treg cell
WHRN,0.9782894192745506,0.18816519846143942,0.068,0.067,1,Treg cell
CBFB,0.9783315937339581,-1.7831805697066139,0.371,0.37,1,Treg cell
LARP7,0.9792734150031887,0.11558309819884971,0.192,0.19,1,Treg cell
PLEKHF2,0.9793840656273696,0.20433996449501024,0.233,0.229,1,Treg cell
DENND3,0.982270298705849,-0.1375681782713798,0.035,0.035,1,Treg cell
CLCF1,0.9856028110364103,-0.3689171048425095,0.013,0.013,1,Treg cell
VBP1,0.986930986338777,0.10627577921004877,0.227,0.225,1,Treg cell
DYNC2I1,0.9893451899830707,-0.1236152389573899,0.091,0.091,1,Treg cell
TMOD2,0.9915946613412729,0.11238992659288449,0.053,0.052,1,Treg cell
CORO1B,0.9922640837294853,0.2576495963293288,0.012,0.012,1,Treg cell
CEP120,0.9949773890542555,0.26078838398139603,0.41,0.409,1,Treg cell
HNRNPM,0.9962406882962372,-1.411844189263503,0.393,0.392,1,Treg cell
WARS1,0.9978222277317486,8.066942518298807,0.08,0.079,1,Treg cell
MCC,0.9990175288048915,-0.1739708708035499,0.024,0.024,1,Treg cell
C5AR2,0.9996908056415633,0.3098133216058039,0.022,0.022,1,Treg cell
